edge_type,reason,source,source_type,target,target_type,warnings
fetched_as,document.source_id links to source,source:src_search_db2c83f622cd,source,document:doc_001,document,
fetched_as,document.source_id links to source,source:src_search_8d7dfb3aeace,source,document:doc_002,document,
fetched_as,document.source_id links to source,source:src_search_e6c676751454,source,document:doc_003,document,
fetched_as,document.source_id links to source,source:src_search_c8beec2f9d8e,source,document:doc_004,document,
fetched_as,document.source_id links to source,source:src_search_5b6be7bf0ee0,source,document:doc_005,document,
fetched_as,document.source_id links to source,source:src_search_b9228859aa70,source,document:doc_006,document,
fetched_as,document.source_id links to source,source:src_search_c8f6e152147e,source,document:doc_007,document,
fetched_as,document.source_id links to source,source:src_search_0e2fe8a988c2,source,document:doc_008,document,
fetched_as,document.source_id links to source,source:src_search_4b269588163c,source,document:doc_009,document,
fetched_as,document.source_id links to source,source:src_search_ef797e11ce78,source,document:doc_010,document,
fetched_as,document.source_id links to source,source:src_search_ec17d33f4f1d,source,document:doc_011,document,
fetched_as,document.source_id links to source,source:src_search_55c0da96c417,source,document:doc_012,document,
fetched_as,document.source_id links to source,source:src_search_b15c469d896c,source,document:doc_013,document,
fetched_as,document.source_id links to source,source:src_search_6be93b583ffe,source,document:doc_014,document,
fetched_as,document.source_id links to source,source:src_search_f0d04211eb5c,source,document:doc_015,document,
fetched_as,document.source_id links to source,source:src_search_a299322dc6e3,source,document:doc_016,document,
fetched_as,document.source_id links to source,source:src_search_2acdad71566e,source,document:doc_017,document,
fetched_as,document.source_id links to source,source:src_search_111e84f03641,source,document:doc_018,document,
fetched_as,document.source_id links to source,source:src_search_36288934cc79,source,document:doc_019,document,
fetched_as,document.source_id links to source,source:src_search_24eac4e3a15f,source,document:doc_020,document,
fetched_as,document.source_id links to source,source:src_search_fb7ff50094aa,source,document:doc_021,document,
fetched_as,document.source_id links to source,source:src_search_9007d7feb130,source,document:doc_022,document,
fetched_as,document.source_id links to source,source:src_search_c6fef11e96d5,source,document:doc_023,document,
fetched_as,document.source_id links to source,source:src_search_c26402b49d76,source,document:doc_024,document,
fetched_as,document.source_id links to source,source:src_search_d8b6d95ad369,source,document:doc_025,document,
fetched_as,document.source_id links to source,source:src_search_1c70f6d6649a,source,document:doc_026,document,
fetched_as,document.source_id links to source,source:src_search_c50a48405352,source,document:doc_027,document,
fetched_as,document.source_id links to source,source:src_search_24d95efdd1f8,source,document:doc_028,document,
fetched_as,document.source_id links to source,source:src_search_4674b69bd355,source,document:doc_029,document,
fetched_as,document.source_id links to source,source:src_search_1f728543018e,source,document:doc_030,document,
fetched_as,document.source_id links to source,source:src_search_8392b02e6a62,source,document:doc_031,document,
fetched_as,document.source_id links to source,source:src_search_aedb884f5617,source,document:doc_032,document,
fetched_as,document.source_id links to source,source:src_search_15ede2bf436b,source,document:doc_033,document,
fetched_as,document.source_id links to source,source:src_search_e700d6d1adfc,source,document:doc_034,document,
fetched_as,document.source_id links to source,source:src_search_1d3abbf4b356,source,document:doc_035,document,
fetched_as,document.source_id links to source,source:src_search_db6dbac06000,source,document:doc_036,document,
fetched_as,document.source_id links to source,source:src_search_a071e9cc22ac,source,document:doc_037,document,
fetched_as,document.source_id links to source,source:src_search_db2c83f622cd,source,document:doc_038,document,
fetched_as,document.source_id links to source,source:src_search_8d7dfb3aeace,source,document:doc_039,document,
fetched_as,document.source_id links to source,source:src_search_e6c676751454,source,document:doc_040,document,
fetched_as,document.source_id links to source,source:src_search_c8beec2f9d8e,source,document:doc_041,document,
fetched_as,document.source_id links to source,source:src_search_5b6be7bf0ee0,source,document:doc_042,document,
fetched_as,document.source_id links to source,source:src_search_b9228859aa70,source,document:doc_043,document,
fetched_as,document.source_id links to source,source:src_search_c8f6e152147e,source,document:doc_044,document,
fetched_as,document.source_id links to source,source:src_search_0e2fe8a988c2,source,document:doc_045,document,
fetched_as,document.source_id links to source,source:src_search_4b269588163c,source,document:doc_046,document,
fetched_as,document.source_id links to source,source:src_search_ef797e11ce78,source,document:doc_047,document,
fetched_as,document.source_id links to source,source:src_search_ec17d33f4f1d,source,document:doc_048,document,
fetched_as,document.source_id links to source,source:src_search_55c0da96c417,source,document:doc_049,document,
fetched_as,document.source_id links to source,source:src_search_b15c469d896c,source,document:doc_050,document,
fetched_as,document.source_id links to source,source:src_search_6be93b583ffe,source,document:doc_051,document,
fetched_as,document.source_id links to source,source:src_search_f0d04211eb5c,source,document:doc_052,document,
fetched_as,document.source_id links to source,source:src_search_a299322dc6e3,source,document:doc_053,document,
fetched_as,document.source_id links to source,source:src_search_2acdad71566e,source,document:doc_054,document,
fetched_as,document.source_id links to source,source:src_search_111e84f03641,source,document:doc_055,document,
fetched_as,document.source_id links to source,source:src_search_36288934cc79,source,document:doc_056,document,
fetched_as,document.source_id links to source,source:src_search_24eac4e3a15f,source,document:doc_057,document,
fetched_as,document.source_id links to source,source:src_search_fb7ff50094aa,source,document:doc_058,document,
fetched_as,document.source_id links to source,source:src_search_9007d7feb130,source,document:doc_059,document,
fetched_as,document.source_id links to source,source:src_search_c6fef11e96d5,source,document:doc_060,document,
fetched_as,document.source_id links to source,source:src_search_c26402b49d76,source,document:doc_061,document,
fetched_as,document.source_id links to source,source:src_search_d8b6d95ad369,source,document:doc_062,document,
fetched_as,document.source_id links to source,source:src_search_1c70f6d6649a,source,document:doc_063,document,
fetched_as,document.source_id links to source,source:src_search_c50a48405352,source,document:doc_064,document,
fetched_as,document.source_id links to source,source:src_search_24d95efdd1f8,source,document:doc_065,document,
fetched_as,document.source_id links to source,source:src_search_4674b69bd355,source,document:doc_066,document,
fetched_as,document.source_id links to source,source:src_search_1f728543018e,source,document:doc_067,document,
fetched_as,document.source_id links to source,source:src_search_8392b02e6a62,source,document:doc_068,document,
fetched_as,document.source_id links to source,source:src_search_aedb884f5617,source,document:doc_069,document,
fetched_as,document.source_id links to source,source:src_search_15ede2bf436b,source,document:doc_070,document,
fetched_as,document.source_id links to source,source:src_search_e700d6d1adfc,source,document:doc_071,document,
fetched_as,document.source_id links to source,source:src_search_1d3abbf4b356,source,document:doc_072,document,
fetched_as,document.source_id links to source,source:src_search_db6dbac06000,source,document:doc_073,document,
fetched_as,document.source_id links to source,source:src_search_a071e9cc22ac,source,document:doc_074,document,
fetched_as,document.source_id links to source,source:src_search_20774518b571,source,document:doc_075,document,
fetched_as,document.source_id links to source,source:src_search_e119c616592e,source,document:doc_076,document,
fetched_as,document.source_id links to source,source:src_search_3b4e2043d3a5,source,document:doc_077,document,
fetched_as,document.source_id links to source,source:src_search_926b43baa66c,source,document:doc_078,document,
fetched_as,document.source_id links to source,source:src_search_40830ab6aa00,source,document:doc_079,document,
fetched_as,document.source_id links to source,source:src_search_1508618df96d,source,document:doc_080,document,
extracted_into,record.supporting_chunk_id links to evidence chunk,evidence_chunk:chunk_src_search_b15c469d896c_005,evidence_chunk,raw_record:rec_src_search_b15c469d896c_001,raw_record,
extracted_into,record.supporting_chunk_id links to evidence chunk,evidence_chunk:chunk_src_search_8d7dfb3aeace_010,evidence_chunk,raw_record:rec_src_search_8d7dfb3aeace_001,raw_record,
extracted_into,record.supporting_chunk_id links to evidence chunk,evidence_chunk:chunk_src_search_8d7dfb3aeace_014,evidence_chunk,raw_record:rec_src_search_8d7dfb3aeace_002,raw_record,
extracted_into,record.supporting_chunk_id links to evidence chunk,evidence_chunk:chunk_src_search_e6c676751454_024,evidence_chunk,raw_record:rec_src_search_e6c676751454_001,raw_record,
extracted_into,record.supporting_chunk_id links to evidence chunk,evidence_chunk:chunk_src_search_e6c676751454_025,evidence_chunk,raw_record:rec_src_search_e6c676751454_002,raw_record,
extracted_into,record.supporting_chunk_id links to evidence chunk,evidence_chunk:chunk_src_search_e6c676751454_022,evidence_chunk,raw_record:rec_src_search_e6c676751454_003,raw_record,
extracted_into,record.supporting_chunk_id links to evidence chunk,evidence_chunk:chunk_src_search_c8f6e152147e_009,evidence_chunk,raw_record:rec_src_search_c8f6e152147e_001,raw_record,
extracted_into,record.supporting_chunk_id links to evidence chunk,evidence_chunk:chunk_src_search_c8f6e152147e_009,evidence_chunk,raw_record:rec_src_search_c8f6e152147e_002,raw_record,
extracted_into,record.supporting_chunk_id links to evidence chunk,evidence_chunk:chunk_src_search_f0d04211eb5c_133,evidence_chunk,raw_record:rec_src_search_f0d04211eb5c_001,raw_record,
extracted_into,record.supporting_chunk_id links to evidence chunk,evidence_chunk:chunk_src_search_2acdad71566e_009,evidence_chunk,raw_record:rec_src_search_2acdad71566e_001,raw_record,
extracted_into,record.supporting_chunk_id links to evidence chunk,evidence_chunk:chunk_src_search_2acdad71566e_009,evidence_chunk,raw_record:rec_src_search_2acdad71566e_002,raw_record,
extracted_into,record.supporting_chunk_id links to evidence chunk,evidence_chunk:chunk_src_search_2acdad71566e_010,evidence_chunk,raw_record:rec_src_search_2acdad71566e_003,raw_record,
extracted_into,record.supporting_chunk_id links to evidence chunk,evidence_chunk:chunk_src_search_2acdad71566e_012,evidence_chunk,raw_record:rec_src_search_2acdad71566e_004,raw_record,
extracted_into,record.supporting_chunk_id links to evidence chunk,evidence_chunk:chunk_src_search_fb7ff50094aa_021,evidence_chunk,raw_record:rec_src_search_fb7ff50094aa_001,raw_record,
extracted_into,record.supporting_chunk_id links to evidence chunk,evidence_chunk:chunk_src_search_fb7ff50094aa_021,evidence_chunk,raw_record:rec_src_search_fb7ff50094aa_002,raw_record,
extracted_into,record.supporting_chunk_id links to evidence chunk,evidence_chunk:chunk_src_search_fb7ff50094aa_021,evidence_chunk,raw_record:rec_src_search_fb7ff50094aa_003,raw_record,
extracted_into,record.supporting_chunk_id links to evidence chunk,evidence_chunk:chunk_src_search_9007d7feb130_008,evidence_chunk,raw_record:rec_src_search_9007d7feb130_001,raw_record,
extracted_into,record.supporting_chunk_id links to evidence chunk,evidence_chunk:chunk_src_search_b15c469d896c_005,evidence_chunk,validated_record:rec_src_search_b15c469d896c_001,validated_record,
extracted_into,record.supporting_chunk_id links to evidence chunk,evidence_chunk:chunk_src_search_8d7dfb3aeace_010,evidence_chunk,validated_record:rec_src_search_8d7dfb3aeace_001,validated_record,
extracted_into,record.supporting_chunk_id links to evidence chunk,evidence_chunk:chunk_src_search_8d7dfb3aeace_014,evidence_chunk,validated_record:rec_src_search_8d7dfb3aeace_002,validated_record,
extracted_into,record.supporting_chunk_id links to evidence chunk,evidence_chunk:chunk_src_search_e6c676751454_024,evidence_chunk,validated_record:rec_src_search_e6c676751454_001,validated_record,
extracted_into,record.supporting_chunk_id links to evidence chunk,evidence_chunk:chunk_src_search_e6c676751454_025,evidence_chunk,validated_record:rec_src_search_e6c676751454_002,validated_record,
extracted_into,record.supporting_chunk_id links to evidence chunk,evidence_chunk:chunk_src_search_e6c676751454_022,evidence_chunk,validated_record:rec_src_search_e6c676751454_003,validated_record,
extracted_into,record.supporting_chunk_id links to evidence chunk,evidence_chunk:chunk_src_search_c8f6e152147e_009,evidence_chunk,validated_record:rec_src_search_c8f6e152147e_001,validated_record,
extracted_into,record.supporting_chunk_id links to evidence chunk,evidence_chunk:chunk_src_search_c8f6e152147e_009,evidence_chunk,validated_record:rec_src_search_c8f6e152147e_002,validated_record,
extracted_into,record.supporting_chunk_id links to evidence chunk,evidence_chunk:chunk_src_search_f0d04211eb5c_133,evidence_chunk,validated_record:rec_src_search_f0d04211eb5c_001,validated_record,
extracted_into,record.supporting_chunk_id links to evidence chunk,evidence_chunk:chunk_src_search_2acdad71566e_009,evidence_chunk,validated_record:rec_src_search_2acdad71566e_001,validated_record,
extracted_into,record.supporting_chunk_id links to evidence chunk,evidence_chunk:chunk_src_search_2acdad71566e_009,evidence_chunk,validated_record:rec_src_search_2acdad71566e_002,validated_record,
extracted_into,record.supporting_chunk_id links to evidence chunk,evidence_chunk:chunk_src_search_2acdad71566e_010,evidence_chunk,validated_record:rec_src_search_2acdad71566e_003,validated_record,
extracted_into,record.supporting_chunk_id links to evidence chunk,evidence_chunk:chunk_src_search_2acdad71566e_012,evidence_chunk,validated_record:rec_src_search_2acdad71566e_004,validated_record,
extracted_into,record.supporting_chunk_id links to evidence chunk,evidence_chunk:chunk_src_search_fb7ff50094aa_021,evidence_chunk,validated_record:rec_src_search_fb7ff50094aa_001,validated_record,
extracted_into,record.supporting_chunk_id links to evidence chunk,evidence_chunk:chunk_src_search_fb7ff50094aa_021,evidence_chunk,validated_record:rec_src_search_fb7ff50094aa_002,validated_record,
extracted_into,record.supporting_chunk_id links to evidence chunk,evidence_chunk:chunk_src_search_fb7ff50094aa_021,evidence_chunk,validated_record:rec_src_search_fb7ff50094aa_003,validated_record,
extracted_into,record.supporting_chunk_id links to evidence chunk,evidence_chunk:chunk_src_search_9007d7feb130_008,evidence_chunk,validated_record:rec_src_search_9007d7feb130_001,validated_record,
extracted_into,record.supporting_chunk_id links to evidence chunk,evidence_chunk:chunk_src_search_b15c469d896c_005,evidence_chunk,normalized_record:rec_src_search_b15c469d896c_001,normalized_record,
extracted_into,record.supporting_chunk_id links to evidence chunk,evidence_chunk:chunk_src_search_8d7dfb3aeace_010,evidence_chunk,normalized_record:rec_src_search_8d7dfb3aeace_001,normalized_record,
extracted_into,record.supporting_chunk_id links to evidence chunk,evidence_chunk:chunk_src_search_8d7dfb3aeace_014,evidence_chunk,normalized_record:rec_src_search_8d7dfb3aeace_002,normalized_record,
extracted_into,record.supporting_chunk_id links to evidence chunk,evidence_chunk:chunk_src_search_e6c676751454_024,evidence_chunk,normalized_record:rec_src_search_e6c676751454_001,normalized_record,
extracted_into,record.supporting_chunk_id links to evidence chunk,evidence_chunk:chunk_src_search_e6c676751454_025,evidence_chunk,normalized_record:rec_src_search_e6c676751454_002,normalized_record,
extracted_into,record.supporting_chunk_id links to evidence chunk,evidence_chunk:chunk_src_search_e6c676751454_022,evidence_chunk,normalized_record:rec_src_search_e6c676751454_003,normalized_record,
extracted_into,record.supporting_chunk_id links to evidence chunk,evidence_chunk:chunk_src_search_c8f6e152147e_009,evidence_chunk,normalized_record:rec_src_search_c8f6e152147e_001,normalized_record,
extracted_into,record.supporting_chunk_id links to evidence chunk,evidence_chunk:chunk_src_search_c8f6e152147e_009,evidence_chunk,normalized_record:rec_src_search_c8f6e152147e_002,normalized_record,
extracted_into,record.supporting_chunk_id links to evidence chunk,evidence_chunk:chunk_src_search_f0d04211eb5c_133,evidence_chunk,normalized_record:rec_src_search_f0d04211eb5c_001,normalized_record,
extracted_into,record.supporting_chunk_id links to evidence chunk,evidence_chunk:chunk_src_search_2acdad71566e_009,evidence_chunk,normalized_record:rec_src_search_2acdad71566e_001,normalized_record,
extracted_into,record.supporting_chunk_id links to evidence chunk,evidence_chunk:chunk_src_search_2acdad71566e_009,evidence_chunk,normalized_record:rec_src_search_2acdad71566e_002,normalized_record,
extracted_into,record.supporting_chunk_id links to evidence chunk,evidence_chunk:chunk_src_search_2acdad71566e_010,evidence_chunk,normalized_record:rec_src_search_2acdad71566e_003,normalized_record,
extracted_into,record.supporting_chunk_id links to evidence chunk,evidence_chunk:chunk_src_search_2acdad71566e_012,evidence_chunk,normalized_record:rec_src_search_2acdad71566e_004,normalized_record,
extracted_into,record.supporting_chunk_id links to evidence chunk,evidence_chunk:chunk_src_search_fb7ff50094aa_021,evidence_chunk,normalized_record:rec_src_search_fb7ff50094aa_001,normalized_record,
extracted_into,record.supporting_chunk_id links to evidence chunk,evidence_chunk:chunk_src_search_fb7ff50094aa_021,evidence_chunk,normalized_record:rec_src_search_fb7ff50094aa_002,normalized_record,
extracted_into,record.supporting_chunk_id links to evidence chunk,evidence_chunk:chunk_src_search_fb7ff50094aa_021,evidence_chunk,normalized_record:rec_src_search_fb7ff50094aa_003,normalized_record,
extracted_into,record.supporting_chunk_id links to evidence chunk,evidence_chunk:chunk_src_search_9007d7feb130_008,evidence_chunk,normalized_record:rec_src_search_9007d7feb130_001,normalized_record,
validated_into,matched provenance identifier,raw_record:rec_src_search_fb7ff50094aa_002,raw_record,validated_record:rec_src_search_fb7ff50094aa_002,validated_record,
normalized_into,matched provenance identifier,validated_record:rec_src_search_fb7ff50094aa_002,validated_record,normalized_record:rec_src_search_fb7ff50094aa_002,normalized_record,
validated_into,matched provenance identifier,raw_record:rec_src_search_e6c676751454_001,raw_record,validated_record:rec_src_search_e6c676751454_001,validated_record,
normalized_into,matched provenance identifier,validated_record:rec_src_search_e6c676751454_001,validated_record,normalized_record:rec_src_search_e6c676751454_001,normalized_record,
validated_into,matched provenance identifier,raw_record:rec_src_search_c8f6e152147e_002,raw_record,validated_record:rec_src_search_c8f6e152147e_002,validated_record,
normalized_into,matched provenance identifier,validated_record:rec_src_search_c8f6e152147e_002,validated_record,normalized_record:rec_src_search_c8f6e152147e_002,normalized_record,
validated_into,matched provenance identifier,raw_record:rec_src_search_b15c469d896c_001,raw_record,validated_record:rec_src_search_b15c469d896c_001,validated_record,
normalized_into,matched provenance identifier,validated_record:rec_src_search_b15c469d896c_001,validated_record,normalized_record:rec_src_search_b15c469d896c_001,normalized_record,
validated_into,matched provenance identifier,raw_record:rec_src_search_f0d04211eb5c_001,raw_record,validated_record:rec_src_search_f0d04211eb5c_001,validated_record,
normalized_into,matched provenance identifier,validated_record:rec_src_search_f0d04211eb5c_001,validated_record,normalized_record:rec_src_search_f0d04211eb5c_001,normalized_record,
validated_into,matched provenance identifier,raw_record:rec_src_search_c8f6e152147e_001,raw_record,validated_record:rec_src_search_c8f6e152147e_001,validated_record,
normalized_into,matched provenance identifier,validated_record:rec_src_search_c8f6e152147e_001,validated_record,normalized_record:rec_src_search_c8f6e152147e_001,normalized_record,
validated_into,matched provenance identifier,raw_record:rec_src_search_2acdad71566e_002,raw_record,validated_record:rec_src_search_2acdad71566e_002,validated_record,
normalized_into,matched provenance identifier,validated_record:rec_src_search_2acdad71566e_002,validated_record,normalized_record:rec_src_search_2acdad71566e_002,normalized_record,
validated_into,matched provenance identifier,raw_record:rec_src_search_fb7ff50094aa_001,raw_record,validated_record:rec_src_search_fb7ff50094aa_001,validated_record,
normalized_into,matched provenance identifier,validated_record:rec_src_search_fb7ff50094aa_001,validated_record,normalized_record:rec_src_search_fb7ff50094aa_001,normalized_record,
validated_into,matched provenance identifier,raw_record:rec_src_search_fb7ff50094aa_003,raw_record,validated_record:rec_src_search_fb7ff50094aa_003,validated_record,
normalized_into,matched provenance identifier,validated_record:rec_src_search_fb7ff50094aa_003,validated_record,normalized_record:rec_src_search_fb7ff50094aa_003,normalized_record,
validated_into,matched provenance identifier,raw_record:rec_src_search_e6c676751454_002,raw_record,validated_record:rec_src_search_e6c676751454_002,validated_record,
normalized_into,matched provenance identifier,validated_record:rec_src_search_e6c676751454_002,validated_record,normalized_record:rec_src_search_e6c676751454_002,normalized_record,
validated_into,matched provenance identifier,raw_record:rec_src_search_2acdad71566e_004,raw_record,validated_record:rec_src_search_2acdad71566e_004,validated_record,
normalized_into,matched provenance identifier,validated_record:rec_src_search_2acdad71566e_004,validated_record,normalized_record:rec_src_search_2acdad71566e_004,normalized_record,
validated_into,matched provenance identifier,raw_record:rec_src_search_2acdad71566e_003,raw_record,validated_record:rec_src_search_2acdad71566e_003,validated_record,
normalized_into,matched provenance identifier,validated_record:rec_src_search_2acdad71566e_003,validated_record,normalized_record:rec_src_search_2acdad71566e_003,normalized_record,
validated_into,matched provenance identifier,raw_record:rec_src_search_8d7dfb3aeace_002,raw_record,validated_record:rec_src_search_8d7dfb3aeace_002,validated_record,
normalized_into,matched provenance identifier,validated_record:rec_src_search_8d7dfb3aeace_002,validated_record,normalized_record:rec_src_search_8d7dfb3aeace_002,normalized_record,
validated_into,matched provenance identifier,raw_record:rec_src_search_9007d7feb130_001,raw_record,validated_record:rec_src_search_9007d7feb130_001,validated_record,
normalized_into,matched provenance identifier,validated_record:rec_src_search_9007d7feb130_001,validated_record,normalized_record:rec_src_search_9007d7feb130_001,normalized_record,
validated_into,matched provenance identifier,raw_record:rec_src_search_e6c676751454_003,raw_record,validated_record:rec_src_search_e6c676751454_003,validated_record,
normalized_into,matched provenance identifier,validated_record:rec_src_search_e6c676751454_003,validated_record,normalized_record:rec_src_search_e6c676751454_003,normalized_record,
validated_into,matched provenance identifier,raw_record:rec_src_search_2acdad71566e_001,raw_record,validated_record:rec_src_search_2acdad71566e_001,validated_record,
normalized_into,matched provenance identifier,validated_record:rec_src_search_2acdad71566e_001,validated_record,normalized_record:rec_src_search_2acdad71566e_001,normalized_record,
validated_into,matched provenance identifier,raw_record:rec_src_search_8d7dfb3aeace_001,raw_record,validated_record:rec_src_search_8d7dfb3aeace_001,validated_record,
normalized_into,matched provenance identifier,validated_record:rec_src_search_8d7dfb3aeace_001,validated_record,normalized_record:rec_src_search_8d7dfb3aeace_001,normalized_record,
produced_claim,matched provenance identifier,normalized_record:rec_src_search_b15c469d896c_001,normalized_record,claim:claim_rec_src_search_b15c469d896c_001_observation,claim,
produced_claim,matched provenance identifier,normalized_record:rec_src_search_8d7dfb3aeace_001,normalized_record,claim:claim_rec_src_search_8d7dfb3aeace_001_observation,claim,
produced_claim,matched provenance identifier,normalized_record:rec_src_search_8d7dfb3aeace_002,normalized_record,claim:claim_rec_src_search_8d7dfb3aeace_002_observation,claim,
produced_claim,matched provenance identifier,normalized_record:rec_src_search_e6c676751454_001,normalized_record,claim:claim_rec_src_search_e6c676751454_001_observation,claim,
produced_claim,matched provenance identifier,normalized_record:rec_src_search_e6c676751454_002,normalized_record,claim:claim_rec_src_search_e6c676751454_002_observation,claim,
produced_claim,matched provenance identifier,normalized_record:rec_src_search_e6c676751454_003,normalized_record,claim:claim_rec_src_search_e6c676751454_003_observation,claim,
produced_claim,matched provenance identifier,normalized_record:rec_src_search_c8f6e152147e_001,normalized_record,claim:claim_rec_src_search_c8f6e152147e_001_cases_unspecified,claim,
produced_claim,matched provenance identifier,normalized_record:rec_src_search_c8f6e152147e_002,normalized_record,claim:claim_rec_src_search_c8f6e152147e_002_observation,claim,
produced_claim,matched provenance identifier,normalized_record:rec_src_search_f0d04211eb5c_001,normalized_record,claim:claim_rec_src_search_f0d04211eb5c_001_observation,claim,
produced_claim,matched provenance identifier,normalized_record:rec_src_search_2acdad71566e_001,normalized_record,claim:claim_rec_src_search_2acdad71566e_001_observation,claim,
produced_claim,matched provenance identifier,normalized_record:rec_src_search_2acdad71566e_002,normalized_record,claim:claim_rec_src_search_2acdad71566e_002_observation,claim,
produced_claim,matched provenance identifier,normalized_record:rec_src_search_2acdad71566e_003,normalized_record,claim:claim_rec_src_search_2acdad71566e_003_observation,claim,
produced_claim,matched provenance identifier,normalized_record:rec_src_search_2acdad71566e_004,normalized_record,claim:claim_rec_src_search_2acdad71566e_004_observation,claim,
produced_claim,matched provenance identifier,normalized_record:rec_src_search_fb7ff50094aa_001,normalized_record,claim:claim_rec_src_search_fb7ff50094aa_001_observation,claim,
produced_claim,matched provenance identifier,normalized_record:rec_src_search_fb7ff50094aa_002,normalized_record,claim:claim_rec_src_search_fb7ff50094aa_002_observation,claim,
produced_claim,matched provenance identifier,normalized_record:rec_src_search_fb7ff50094aa_003,normalized_record,claim:claim_rec_src_search_fb7ff50094aa_003_observation,claim,
produced_claim,matched provenance identifier,normalized_record:rec_src_search_9007d7feb130_001,normalized_record,claim:claim_rec_src_search_9007d7feb130_001_observation,claim,
compared_with,matched provenance identifier,claim:claim_rec_src_search_b15c469d896c_001_observation,claim,claim_comparison:claim_cmp_001,claim_comparison,
compared_with,matched provenance identifier,claim:claim_rec_src_search_8d7dfb3aeace_001_observation,claim,claim_comparison:claim_cmp_001,claim_comparison,
compared_with,matched provenance identifier,claim:claim_rec_src_search_b15c469d896c_001_observation,claim,claim_comparison:claim_cmp_002,claim_comparison,
compared_with,matched provenance identifier,claim:claim_rec_src_search_8d7dfb3aeace_002_observation,claim,claim_comparison:claim_cmp_002,claim_comparison,
compared_with,matched provenance identifier,claim:claim_rec_src_search_b15c469d896c_001_observation,claim,claim_comparison:claim_cmp_003,claim_comparison,
compared_with,matched provenance identifier,claim:claim_rec_src_search_e6c676751454_001_observation,claim,claim_comparison:claim_cmp_003,claim_comparison,
compared_with,matched provenance identifier,claim:claim_rec_src_search_b15c469d896c_001_observation,claim,claim_comparison:claim_cmp_004,claim_comparison,
compared_with,matched provenance identifier,claim:claim_rec_src_search_e6c676751454_002_observation,claim,claim_comparison:claim_cmp_004,claim_comparison,
compared_with,matched provenance identifier,claim:claim_rec_src_search_b15c469d896c_001_observation,claim,claim_comparison:claim_cmp_005,claim_comparison,
compared_with,matched provenance identifier,claim:claim_rec_src_search_e6c676751454_003_observation,claim,claim_comparison:claim_cmp_005,claim_comparison,
compared_with,matched provenance identifier,claim:claim_rec_src_search_b15c469d896c_001_observation,claim,claim_comparison:claim_cmp_006,claim_comparison,
compared_with,matched provenance identifier,claim:claim_rec_src_search_c8f6e152147e_001_cases_unspecified,claim,claim_comparison:claim_cmp_006,claim_comparison,
compared_with,matched provenance identifier,claim:claim_rec_src_search_b15c469d896c_001_observation,claim,claim_comparison:claim_cmp_007,claim_comparison,
compared_with,matched provenance identifier,claim:claim_rec_src_search_c8f6e152147e_002_observation,claim,claim_comparison:claim_cmp_007,claim_comparison,
compared_with,matched provenance identifier,claim:claim_rec_src_search_b15c469d896c_001_observation,claim,claim_comparison:claim_cmp_008,claim_comparison,
compared_with,matched provenance identifier,claim:claim_rec_src_search_f0d04211eb5c_001_observation,claim,claim_comparison:claim_cmp_008,claim_comparison,
compared_with,matched provenance identifier,claim:claim_rec_src_search_b15c469d896c_001_observation,claim,claim_comparison:claim_cmp_009,claim_comparison,
compared_with,matched provenance identifier,claim:claim_rec_src_search_2acdad71566e_001_observation,claim,claim_comparison:claim_cmp_009,claim_comparison,
compared_with,matched provenance identifier,claim:claim_rec_src_search_b15c469d896c_001_observation,claim,claim_comparison:claim_cmp_010,claim_comparison,
compared_with,matched provenance identifier,claim:claim_rec_src_search_2acdad71566e_002_observation,claim,claim_comparison:claim_cmp_010,claim_comparison,
compared_with,matched provenance identifier,claim:claim_rec_src_search_b15c469d896c_001_observation,claim,claim_comparison:claim_cmp_011,claim_comparison,
compared_with,matched provenance identifier,claim:claim_rec_src_search_2acdad71566e_003_observation,claim,claim_comparison:claim_cmp_011,claim_comparison,
compared_with,matched provenance identifier,claim:claim_rec_src_search_b15c469d896c_001_observation,claim,claim_comparison:claim_cmp_012,claim_comparison,
compared_with,matched provenance identifier,claim:claim_rec_src_search_2acdad71566e_004_observation,claim,claim_comparison:claim_cmp_012,claim_comparison,
compared_with,matched provenance identifier,claim:claim_rec_src_search_b15c469d896c_001_observation,claim,claim_comparison:claim_cmp_013,claim_comparison,
compared_with,matched provenance identifier,claim:claim_rec_src_search_fb7ff50094aa_001_observation,claim,claim_comparison:claim_cmp_013,claim_comparison,
compared_with,matched provenance identifier,claim:claim_rec_src_search_b15c469d896c_001_observation,claim,claim_comparison:claim_cmp_014,claim_comparison,
compared_with,matched provenance identifier,claim:claim_rec_src_search_fb7ff50094aa_002_observation,claim,claim_comparison:claim_cmp_014,claim_comparison,
compared_with,matched provenance identifier,claim:claim_rec_src_search_b15c469d896c_001_observation,claim,claim_comparison:claim_cmp_015,claim_comparison,
compared_with,matched provenance identifier,claim:claim_rec_src_search_fb7ff50094aa_003_observation,claim,claim_comparison:claim_cmp_015,claim_comparison,
compared_with,matched provenance identifier,claim:claim_rec_src_search_b15c469d896c_001_observation,claim,claim_comparison:claim_cmp_016,claim_comparison,
compared_with,matched provenance identifier,claim:claim_rec_src_search_9007d7feb130_001_observation,claim,claim_comparison:claim_cmp_016,claim_comparison,
compared_with,matched provenance identifier,claim:claim_rec_src_search_8d7dfb3aeace_001_observation,claim,claim_comparison:claim_cmp_017,claim_comparison,
compared_with,matched provenance identifier,claim:claim_rec_src_search_8d7dfb3aeace_002_observation,claim,claim_comparison:claim_cmp_017,claim_comparison,
compared_with,matched provenance identifier,claim:claim_rec_src_search_8d7dfb3aeace_001_observation,claim,claim_comparison:claim_cmp_018,claim_comparison,
compared_with,matched provenance identifier,claim:claim_rec_src_search_e6c676751454_001_observation,claim,claim_comparison:claim_cmp_018,claim_comparison,
compared_with,matched provenance identifier,claim:claim_rec_src_search_8d7dfb3aeace_001_observation,claim,claim_comparison:claim_cmp_019,claim_comparison,
compared_with,matched provenance identifier,claim:claim_rec_src_search_e6c676751454_002_observation,claim,claim_comparison:claim_cmp_019,claim_comparison,
compared_with,matched provenance identifier,claim:claim_rec_src_search_8d7dfb3aeace_001_observation,claim,claim_comparison:claim_cmp_020,claim_comparison,
compared_with,matched provenance identifier,claim:claim_rec_src_search_e6c676751454_003_observation,claim,claim_comparison:claim_cmp_020,claim_comparison,
compared_with,matched provenance identifier,claim:claim_rec_src_search_8d7dfb3aeace_001_observation,claim,claim_comparison:claim_cmp_021,claim_comparison,
compared_with,matched provenance identifier,claim:claim_rec_src_search_c8f6e152147e_001_cases_unspecified,claim,claim_comparison:claim_cmp_021,claim_comparison,
compared_with,matched provenance identifier,claim:claim_rec_src_search_8d7dfb3aeace_001_observation,claim,claim_comparison:claim_cmp_022,claim_comparison,
compared_with,matched provenance identifier,claim:claim_rec_src_search_c8f6e152147e_002_observation,claim,claim_comparison:claim_cmp_022,claim_comparison,
compared_with,matched provenance identifier,claim:claim_rec_src_search_8d7dfb3aeace_001_observation,claim,claim_comparison:claim_cmp_023,claim_comparison,
compared_with,matched provenance identifier,claim:claim_rec_src_search_f0d04211eb5c_001_observation,claim,claim_comparison:claim_cmp_023,claim_comparison,
compared_with,matched provenance identifier,claim:claim_rec_src_search_8d7dfb3aeace_001_observation,claim,claim_comparison:claim_cmp_024,claim_comparison,
compared_with,matched provenance identifier,claim:claim_rec_src_search_2acdad71566e_001_observation,claim,claim_comparison:claim_cmp_024,claim_comparison,
compared_with,matched provenance identifier,claim:claim_rec_src_search_8d7dfb3aeace_001_observation,claim,claim_comparison:claim_cmp_025,claim_comparison,
compared_with,matched provenance identifier,claim:claim_rec_src_search_2acdad71566e_002_observation,claim,claim_comparison:claim_cmp_025,claim_comparison,
compared_with,matched provenance identifier,claim:claim_rec_src_search_8d7dfb3aeace_001_observation,claim,claim_comparison:claim_cmp_026,claim_comparison,
compared_with,matched provenance identifier,claim:claim_rec_src_search_2acdad71566e_003_observation,claim,claim_comparison:claim_cmp_026,claim_comparison,
compared_with,matched provenance identifier,claim:claim_rec_src_search_8d7dfb3aeace_001_observation,claim,claim_comparison:claim_cmp_027,claim_comparison,
compared_with,matched provenance identifier,claim:claim_rec_src_search_2acdad71566e_004_observation,claim,claim_comparison:claim_cmp_027,claim_comparison,
compared_with,matched provenance identifier,claim:claim_rec_src_search_8d7dfb3aeace_001_observation,claim,claim_comparison:claim_cmp_028,claim_comparison,
compared_with,matched provenance identifier,claim:claim_rec_src_search_fb7ff50094aa_001_observation,claim,claim_comparison:claim_cmp_028,claim_comparison,
compared_with,matched provenance identifier,claim:claim_rec_src_search_8d7dfb3aeace_001_observation,claim,claim_comparison:claim_cmp_029,claim_comparison,
compared_with,matched provenance identifier,claim:claim_rec_src_search_fb7ff50094aa_002_observation,claim,claim_comparison:claim_cmp_029,claim_comparison,
compared_with,matched provenance identifier,claim:claim_rec_src_search_8d7dfb3aeace_001_observation,claim,claim_comparison:claim_cmp_030,claim_comparison,
compared_with,matched provenance identifier,claim:claim_rec_src_search_fb7ff50094aa_003_observation,claim,claim_comparison:claim_cmp_030,claim_comparison,
compared_with,matched provenance identifier,claim:claim_rec_src_search_8d7dfb3aeace_001_observation,claim,claim_comparison:claim_cmp_031,claim_comparison,
compared_with,matched provenance identifier,claim:claim_rec_src_search_9007d7feb130_001_observation,claim,claim_comparison:claim_cmp_031,claim_comparison,
compared_with,matched provenance identifier,claim:claim_rec_src_search_8d7dfb3aeace_002_observation,claim,claim_comparison:claim_cmp_032,claim_comparison,
compared_with,matched provenance identifier,claim:claim_rec_src_search_e6c676751454_001_observation,claim,claim_comparison:claim_cmp_032,claim_comparison,
compared_with,matched provenance identifier,claim:claim_rec_src_search_8d7dfb3aeace_002_observation,claim,claim_comparison:claim_cmp_033,claim_comparison,
compared_with,matched provenance identifier,claim:claim_rec_src_search_e6c676751454_002_observation,claim,claim_comparison:claim_cmp_033,claim_comparison,
compared_with,matched provenance identifier,claim:claim_rec_src_search_8d7dfb3aeace_002_observation,claim,claim_comparison:claim_cmp_034,claim_comparison,
compared_with,matched provenance identifier,claim:claim_rec_src_search_e6c676751454_003_observation,claim,claim_comparison:claim_cmp_034,claim_comparison,
compared_with,matched provenance identifier,claim:claim_rec_src_search_8d7dfb3aeace_002_observation,claim,claim_comparison:claim_cmp_035,claim_comparison,
compared_with,matched provenance identifier,claim:claim_rec_src_search_c8f6e152147e_001_cases_unspecified,claim,claim_comparison:claim_cmp_035,claim_comparison,
compared_with,matched provenance identifier,claim:claim_rec_src_search_8d7dfb3aeace_002_observation,claim,claim_comparison:claim_cmp_036,claim_comparison,
compared_with,matched provenance identifier,claim:claim_rec_src_search_c8f6e152147e_002_observation,claim,claim_comparison:claim_cmp_036,claim_comparison,
compared_with,matched provenance identifier,claim:claim_rec_src_search_8d7dfb3aeace_002_observation,claim,claim_comparison:claim_cmp_037,claim_comparison,
compared_with,matched provenance identifier,claim:claim_rec_src_search_f0d04211eb5c_001_observation,claim,claim_comparison:claim_cmp_037,claim_comparison,
compared_with,matched provenance identifier,claim:claim_rec_src_search_8d7dfb3aeace_002_observation,claim,claim_comparison:claim_cmp_038,claim_comparison,
compared_with,matched provenance identifier,claim:claim_rec_src_search_2acdad71566e_001_observation,claim,claim_comparison:claim_cmp_038,claim_comparison,
compared_with,matched provenance identifier,claim:claim_rec_src_search_8d7dfb3aeace_002_observation,claim,claim_comparison:claim_cmp_039,claim_comparison,
compared_with,matched provenance identifier,claim:claim_rec_src_search_2acdad71566e_002_observation,claim,claim_comparison:claim_cmp_039,claim_comparison,
compared_with,matched provenance identifier,claim:claim_rec_src_search_8d7dfb3aeace_002_observation,claim,claim_comparison:claim_cmp_040,claim_comparison,
compared_with,matched provenance identifier,claim:claim_rec_src_search_2acdad71566e_003_observation,claim,claim_comparison:claim_cmp_040,claim_comparison,
compared_with,matched provenance identifier,claim:claim_rec_src_search_8d7dfb3aeace_002_observation,claim,claim_comparison:claim_cmp_041,claim_comparison,
compared_with,matched provenance identifier,claim:claim_rec_src_search_2acdad71566e_004_observation,claim,claim_comparison:claim_cmp_041,claim_comparison,
compared_with,matched provenance identifier,claim:claim_rec_src_search_8d7dfb3aeace_002_observation,claim,claim_comparison:claim_cmp_042,claim_comparison,
compared_with,matched provenance identifier,claim:claim_rec_src_search_fb7ff50094aa_001_observation,claim,claim_comparison:claim_cmp_042,claim_comparison,
compared_with,matched provenance identifier,claim:claim_rec_src_search_8d7dfb3aeace_002_observation,claim,claim_comparison:claim_cmp_043,claim_comparison,
compared_with,matched provenance identifier,claim:claim_rec_src_search_fb7ff50094aa_002_observation,claim,claim_comparison:claim_cmp_043,claim_comparison,
compared_with,matched provenance identifier,claim:claim_rec_src_search_8d7dfb3aeace_002_observation,claim,claim_comparison:claim_cmp_044,claim_comparison,
compared_with,matched provenance identifier,claim:claim_rec_src_search_fb7ff50094aa_003_observation,claim,claim_comparison:claim_cmp_044,claim_comparison,
compared_with,matched provenance identifier,claim:claim_rec_src_search_8d7dfb3aeace_002_observation,claim,claim_comparison:claim_cmp_045,claim_comparison,
compared_with,matched provenance identifier,claim:claim_rec_src_search_9007d7feb130_001_observation,claim,claim_comparison:claim_cmp_045,claim_comparison,
compared_with,matched provenance identifier,claim:claim_rec_src_search_e6c676751454_001_observation,claim,claim_comparison:claim_cmp_046,claim_comparison,
compared_with,matched provenance identifier,claim:claim_rec_src_search_e6c676751454_002_observation,claim,claim_comparison:claim_cmp_046,claim_comparison,
compared_with,matched provenance identifier,claim:claim_rec_src_search_e6c676751454_001_observation,claim,claim_comparison:claim_cmp_047,claim_comparison,
compared_with,matched provenance identifier,claim:claim_rec_src_search_e6c676751454_003_observation,claim,claim_comparison:claim_cmp_047,claim_comparison,
compared_with,matched provenance identifier,claim:claim_rec_src_search_e6c676751454_001_observation,claim,claim_comparison:claim_cmp_048,claim_comparison,
compared_with,matched provenance identifier,claim:claim_rec_src_search_c8f6e152147e_001_cases_unspecified,claim,claim_comparison:claim_cmp_048,claim_comparison,
compared_with,matched provenance identifier,claim:claim_rec_src_search_e6c676751454_001_observation,claim,claim_comparison:claim_cmp_049,claim_comparison,
compared_with,matched provenance identifier,claim:claim_rec_src_search_c8f6e152147e_002_observation,claim,claim_comparison:claim_cmp_049,claim_comparison,
compared_with,matched provenance identifier,claim:claim_rec_src_search_e6c676751454_001_observation,claim,claim_comparison:claim_cmp_050,claim_comparison,
compared_with,matched provenance identifier,claim:claim_rec_src_search_f0d04211eb5c_001_observation,claim,claim_comparison:claim_cmp_050,claim_comparison,
compared_with,matched provenance identifier,claim:claim_rec_src_search_e6c676751454_001_observation,claim,claim_comparison:claim_cmp_051,claim_comparison,
compared_with,matched provenance identifier,claim:claim_rec_src_search_2acdad71566e_001_observation,claim,claim_comparison:claim_cmp_051,claim_comparison,
compared_with,matched provenance identifier,claim:claim_rec_src_search_e6c676751454_001_observation,claim,claim_comparison:claim_cmp_052,claim_comparison,
compared_with,matched provenance identifier,claim:claim_rec_src_search_2acdad71566e_002_observation,claim,claim_comparison:claim_cmp_052,claim_comparison,
compared_with,matched provenance identifier,claim:claim_rec_src_search_e6c676751454_001_observation,claim,claim_comparison:claim_cmp_053,claim_comparison,
compared_with,matched provenance identifier,claim:claim_rec_src_search_2acdad71566e_003_observation,claim,claim_comparison:claim_cmp_053,claim_comparison,
compared_with,matched provenance identifier,claim:claim_rec_src_search_e6c676751454_001_observation,claim,claim_comparison:claim_cmp_054,claim_comparison,
compared_with,matched provenance identifier,claim:claim_rec_src_search_2acdad71566e_004_observation,claim,claim_comparison:claim_cmp_054,claim_comparison,
compared_with,matched provenance identifier,claim:claim_rec_src_search_e6c676751454_001_observation,claim,claim_comparison:claim_cmp_055,claim_comparison,
compared_with,matched provenance identifier,claim:claim_rec_src_search_fb7ff50094aa_001_observation,claim,claim_comparison:claim_cmp_055,claim_comparison,
compared_with,matched provenance identifier,claim:claim_rec_src_search_e6c676751454_001_observation,claim,claim_comparison:claim_cmp_056,claim_comparison,
compared_with,matched provenance identifier,claim:claim_rec_src_search_fb7ff50094aa_002_observation,claim,claim_comparison:claim_cmp_056,claim_comparison,
compared_with,matched provenance identifier,claim:claim_rec_src_search_e6c676751454_001_observation,claim,claim_comparison:claim_cmp_057,claim_comparison,
compared_with,matched provenance identifier,claim:claim_rec_src_search_fb7ff50094aa_003_observation,claim,claim_comparison:claim_cmp_057,claim_comparison,
compared_with,matched provenance identifier,claim:claim_rec_src_search_e6c676751454_001_observation,claim,claim_comparison:claim_cmp_058,claim_comparison,
compared_with,matched provenance identifier,claim:claim_rec_src_search_9007d7feb130_001_observation,claim,claim_comparison:claim_cmp_058,claim_comparison,
compared_with,matched provenance identifier,claim:claim_rec_src_search_e6c676751454_002_observation,claim,claim_comparison:claim_cmp_059,claim_comparison,
compared_with,matched provenance identifier,claim:claim_rec_src_search_e6c676751454_003_observation,claim,claim_comparison:claim_cmp_059,claim_comparison,
compared_with,matched provenance identifier,claim:claim_rec_src_search_e6c676751454_002_observation,claim,claim_comparison:claim_cmp_060,claim_comparison,
compared_with,matched provenance identifier,claim:claim_rec_src_search_c8f6e152147e_001_cases_unspecified,claim,claim_comparison:claim_cmp_060,claim_comparison,
compared_with,matched provenance identifier,claim:claim_rec_src_search_e6c676751454_002_observation,claim,claim_comparison:claim_cmp_061,claim_comparison,
compared_with,matched provenance identifier,claim:claim_rec_src_search_c8f6e152147e_002_observation,claim,claim_comparison:claim_cmp_061,claim_comparison,
compared_with,matched provenance identifier,claim:claim_rec_src_search_e6c676751454_002_observation,claim,claim_comparison:claim_cmp_062,claim_comparison,
compared_with,matched provenance identifier,claim:claim_rec_src_search_f0d04211eb5c_001_observation,claim,claim_comparison:claim_cmp_062,claim_comparison,
compared_with,matched provenance identifier,claim:claim_rec_src_search_e6c676751454_002_observation,claim,claim_comparison:claim_cmp_063,claim_comparison,
compared_with,matched provenance identifier,claim:claim_rec_src_search_2acdad71566e_001_observation,claim,claim_comparison:claim_cmp_063,claim_comparison,
compared_with,matched provenance identifier,claim:claim_rec_src_search_e6c676751454_002_observation,claim,claim_comparison:claim_cmp_064,claim_comparison,
compared_with,matched provenance identifier,claim:claim_rec_src_search_2acdad71566e_002_observation,claim,claim_comparison:claim_cmp_064,claim_comparison,
compared_with,matched provenance identifier,claim:claim_rec_src_search_e6c676751454_002_observation,claim,claim_comparison:claim_cmp_065,claim_comparison,
compared_with,matched provenance identifier,claim:claim_rec_src_search_2acdad71566e_003_observation,claim,claim_comparison:claim_cmp_065,claim_comparison,
compared_with,matched provenance identifier,claim:claim_rec_src_search_e6c676751454_002_observation,claim,claim_comparison:claim_cmp_066,claim_comparison,
compared_with,matched provenance identifier,claim:claim_rec_src_search_2acdad71566e_004_observation,claim,claim_comparison:claim_cmp_066,claim_comparison,
compared_with,matched provenance identifier,claim:claim_rec_src_search_e6c676751454_002_observation,claim,claim_comparison:claim_cmp_067,claim_comparison,
compared_with,matched provenance identifier,claim:claim_rec_src_search_fb7ff50094aa_001_observation,claim,claim_comparison:claim_cmp_067,claim_comparison,
compared_with,matched provenance identifier,claim:claim_rec_src_search_e6c676751454_002_observation,claim,claim_comparison:claim_cmp_068,claim_comparison,
compared_with,matched provenance identifier,claim:claim_rec_src_search_fb7ff50094aa_002_observation,claim,claim_comparison:claim_cmp_068,claim_comparison,
compared_with,matched provenance identifier,claim:claim_rec_src_search_e6c676751454_002_observation,claim,claim_comparison:claim_cmp_069,claim_comparison,
compared_with,matched provenance identifier,claim:claim_rec_src_search_fb7ff50094aa_003_observation,claim,claim_comparison:claim_cmp_069,claim_comparison,
compared_with,matched provenance identifier,claim:claim_rec_src_search_e6c676751454_002_observation,claim,claim_comparison:claim_cmp_070,claim_comparison,
compared_with,matched provenance identifier,claim:claim_rec_src_search_9007d7feb130_001_observation,claim,claim_comparison:claim_cmp_070,claim_comparison,
compared_with,matched provenance identifier,claim:claim_rec_src_search_e6c676751454_003_observation,claim,claim_comparison:claim_cmp_071,claim_comparison,
compared_with,matched provenance identifier,claim:claim_rec_src_search_c8f6e152147e_001_cases_unspecified,claim,claim_comparison:claim_cmp_071,claim_comparison,
compared_with,matched provenance identifier,claim:claim_rec_src_search_e6c676751454_003_observation,claim,claim_comparison:claim_cmp_072,claim_comparison,
compared_with,matched provenance identifier,claim:claim_rec_src_search_c8f6e152147e_002_observation,claim,claim_comparison:claim_cmp_072,claim_comparison,
compared_with,matched provenance identifier,claim:claim_rec_src_search_e6c676751454_003_observation,claim,claim_comparison:claim_cmp_073,claim_comparison,
compared_with,matched provenance identifier,claim:claim_rec_src_search_f0d04211eb5c_001_observation,claim,claim_comparison:claim_cmp_073,claim_comparison,
compared_with,matched provenance identifier,claim:claim_rec_src_search_e6c676751454_003_observation,claim,claim_comparison:claim_cmp_074,claim_comparison,
compared_with,matched provenance identifier,claim:claim_rec_src_search_2acdad71566e_001_observation,claim,claim_comparison:claim_cmp_074,claim_comparison,
compared_with,matched provenance identifier,claim:claim_rec_src_search_e6c676751454_003_observation,claim,claim_comparison:claim_cmp_075,claim_comparison,
compared_with,matched provenance identifier,claim:claim_rec_src_search_2acdad71566e_002_observation,claim,claim_comparison:claim_cmp_075,claim_comparison,
compared_with,matched provenance identifier,claim:claim_rec_src_search_e6c676751454_003_observation,claim,claim_comparison:claim_cmp_076,claim_comparison,
compared_with,matched provenance identifier,claim:claim_rec_src_search_2acdad71566e_003_observation,claim,claim_comparison:claim_cmp_076,claim_comparison,
compared_with,matched provenance identifier,claim:claim_rec_src_search_e6c676751454_003_observation,claim,claim_comparison:claim_cmp_077,claim_comparison,
compared_with,matched provenance identifier,claim:claim_rec_src_search_2acdad71566e_004_observation,claim,claim_comparison:claim_cmp_077,claim_comparison,
compared_with,matched provenance identifier,claim:claim_rec_src_search_e6c676751454_003_observation,claim,claim_comparison:claim_cmp_078,claim_comparison,
compared_with,matched provenance identifier,claim:claim_rec_src_search_fb7ff50094aa_001_observation,claim,claim_comparison:claim_cmp_078,claim_comparison,
compared_with,matched provenance identifier,claim:claim_rec_src_search_e6c676751454_003_observation,claim,claim_comparison:claim_cmp_079,claim_comparison,
compared_with,matched provenance identifier,claim:claim_rec_src_search_fb7ff50094aa_002_observation,claim,claim_comparison:claim_cmp_079,claim_comparison,
compared_with,matched provenance identifier,claim:claim_rec_src_search_e6c676751454_003_observation,claim,claim_comparison:claim_cmp_080,claim_comparison,
compared_with,matched provenance identifier,claim:claim_rec_src_search_fb7ff50094aa_003_observation,claim,claim_comparison:claim_cmp_080,claim_comparison,
compared_with,matched provenance identifier,claim:claim_rec_src_search_e6c676751454_003_observation,claim,claim_comparison:claim_cmp_081,claim_comparison,
compared_with,matched provenance identifier,claim:claim_rec_src_search_9007d7feb130_001_observation,claim,claim_comparison:claim_cmp_081,claim_comparison,
compared_with,matched provenance identifier,claim:claim_rec_src_search_c8f6e152147e_001_cases_unspecified,claim,claim_comparison:claim_cmp_082,claim_comparison,
compared_with,matched provenance identifier,claim:claim_rec_src_search_c8f6e152147e_002_observation,claim,claim_comparison:claim_cmp_082,claim_comparison,
compared_with,matched provenance identifier,claim:claim_rec_src_search_c8f6e152147e_001_cases_unspecified,claim,claim_comparison:claim_cmp_083,claim_comparison,
compared_with,matched provenance identifier,claim:claim_rec_src_search_f0d04211eb5c_001_observation,claim,claim_comparison:claim_cmp_083,claim_comparison,
compared_with,matched provenance identifier,claim:claim_rec_src_search_c8f6e152147e_001_cases_unspecified,claim,claim_comparison:claim_cmp_084,claim_comparison,
compared_with,matched provenance identifier,claim:claim_rec_src_search_2acdad71566e_001_observation,claim,claim_comparison:claim_cmp_084,claim_comparison,
compared_with,matched provenance identifier,claim:claim_rec_src_search_c8f6e152147e_001_cases_unspecified,claim,claim_comparison:claim_cmp_085,claim_comparison,
compared_with,matched provenance identifier,claim:claim_rec_src_search_2acdad71566e_002_observation,claim,claim_comparison:claim_cmp_085,claim_comparison,
compared_with,matched provenance identifier,claim:claim_rec_src_search_c8f6e152147e_001_cases_unspecified,claim,claim_comparison:claim_cmp_086,claim_comparison,
compared_with,matched provenance identifier,claim:claim_rec_src_search_2acdad71566e_003_observation,claim,claim_comparison:claim_cmp_086,claim_comparison,
compared_with,matched provenance identifier,claim:claim_rec_src_search_c8f6e152147e_001_cases_unspecified,claim,claim_comparison:claim_cmp_087,claim_comparison,
compared_with,matched provenance identifier,claim:claim_rec_src_search_2acdad71566e_004_observation,claim,claim_comparison:claim_cmp_087,claim_comparison,
compared_with,matched provenance identifier,claim:claim_rec_src_search_c8f6e152147e_001_cases_unspecified,claim,claim_comparison:claim_cmp_088,claim_comparison,
compared_with,matched provenance identifier,claim:claim_rec_src_search_fb7ff50094aa_001_observation,claim,claim_comparison:claim_cmp_088,claim_comparison,
compared_with,matched provenance identifier,claim:claim_rec_src_search_c8f6e152147e_001_cases_unspecified,claim,claim_comparison:claim_cmp_089,claim_comparison,
compared_with,matched provenance identifier,claim:claim_rec_src_search_fb7ff50094aa_002_observation,claim,claim_comparison:claim_cmp_089,claim_comparison,
compared_with,matched provenance identifier,claim:claim_rec_src_search_c8f6e152147e_001_cases_unspecified,claim,claim_comparison:claim_cmp_090,claim_comparison,
compared_with,matched provenance identifier,claim:claim_rec_src_search_fb7ff50094aa_003_observation,claim,claim_comparison:claim_cmp_090,claim_comparison,
compared_with,matched provenance identifier,claim:claim_rec_src_search_c8f6e152147e_001_cases_unspecified,claim,claim_comparison:claim_cmp_091,claim_comparison,
compared_with,matched provenance identifier,claim:claim_rec_src_search_9007d7feb130_001_observation,claim,claim_comparison:claim_cmp_091,claim_comparison,
compared_with,matched provenance identifier,claim:claim_rec_src_search_c8f6e152147e_002_observation,claim,claim_comparison:claim_cmp_092,claim_comparison,
compared_with,matched provenance identifier,claim:claim_rec_src_search_f0d04211eb5c_001_observation,claim,claim_comparison:claim_cmp_092,claim_comparison,
compared_with,matched provenance identifier,claim:claim_rec_src_search_c8f6e152147e_002_observation,claim,claim_comparison:claim_cmp_093,claim_comparison,
compared_with,matched provenance identifier,claim:claim_rec_src_search_2acdad71566e_001_observation,claim,claim_comparison:claim_cmp_093,claim_comparison,
compared_with,matched provenance identifier,claim:claim_rec_src_search_c8f6e152147e_002_observation,claim,claim_comparison:claim_cmp_094,claim_comparison,
compared_with,matched provenance identifier,claim:claim_rec_src_search_2acdad71566e_002_observation,claim,claim_comparison:claim_cmp_094,claim_comparison,
compared_with,matched provenance identifier,claim:claim_rec_src_search_c8f6e152147e_002_observation,claim,claim_comparison:claim_cmp_095,claim_comparison,
compared_with,matched provenance identifier,claim:claim_rec_src_search_2acdad71566e_003_observation,claim,claim_comparison:claim_cmp_095,claim_comparison,
compared_with,matched provenance identifier,claim:claim_rec_src_search_c8f6e152147e_002_observation,claim,claim_comparison:claim_cmp_096,claim_comparison,
compared_with,matched provenance identifier,claim:claim_rec_src_search_2acdad71566e_004_observation,claim,claim_comparison:claim_cmp_096,claim_comparison,
compared_with,matched provenance identifier,claim:claim_rec_src_search_c8f6e152147e_002_observation,claim,claim_comparison:claim_cmp_097,claim_comparison,
compared_with,matched provenance identifier,claim:claim_rec_src_search_fb7ff50094aa_001_observation,claim,claim_comparison:claim_cmp_097,claim_comparison,
compared_with,matched provenance identifier,claim:claim_rec_src_search_c8f6e152147e_002_observation,claim,claim_comparison:claim_cmp_098,claim_comparison,
compared_with,matched provenance identifier,claim:claim_rec_src_search_fb7ff50094aa_002_observation,claim,claim_comparison:claim_cmp_098,claim_comparison,
compared_with,matched provenance identifier,claim:claim_rec_src_search_c8f6e152147e_002_observation,claim,claim_comparison:claim_cmp_099,claim_comparison,
compared_with,matched provenance identifier,claim:claim_rec_src_search_fb7ff50094aa_003_observation,claim,claim_comparison:claim_cmp_099,claim_comparison,
compared_with,matched provenance identifier,claim:claim_rec_src_search_c8f6e152147e_002_observation,claim,claim_comparison:claim_cmp_100,claim_comparison,
compared_with,matched provenance identifier,claim:claim_rec_src_search_9007d7feb130_001_observation,claim,claim_comparison:claim_cmp_100,claim_comparison,
compared_with,matched provenance identifier,claim:claim_rec_src_search_f0d04211eb5c_001_observation,claim,claim_comparison:claim_cmp_101,claim_comparison,
compared_with,matched provenance identifier,claim:claim_rec_src_search_2acdad71566e_001_observation,claim,claim_comparison:claim_cmp_101,claim_comparison,
compared_with,matched provenance identifier,claim:claim_rec_src_search_f0d04211eb5c_001_observation,claim,claim_comparison:claim_cmp_102,claim_comparison,
compared_with,matched provenance identifier,claim:claim_rec_src_search_2acdad71566e_002_observation,claim,claim_comparison:claim_cmp_102,claim_comparison,
compared_with,matched provenance identifier,claim:claim_rec_src_search_f0d04211eb5c_001_observation,claim,claim_comparison:claim_cmp_103,claim_comparison,
compared_with,matched provenance identifier,claim:claim_rec_src_search_2acdad71566e_003_observation,claim,claim_comparison:claim_cmp_103,claim_comparison,
compared_with,matched provenance identifier,claim:claim_rec_src_search_f0d04211eb5c_001_observation,claim,claim_comparison:claim_cmp_104,claim_comparison,
compared_with,matched provenance identifier,claim:claim_rec_src_search_2acdad71566e_004_observation,claim,claim_comparison:claim_cmp_104,claim_comparison,
compared_with,matched provenance identifier,claim:claim_rec_src_search_f0d04211eb5c_001_observation,claim,claim_comparison:claim_cmp_105,claim_comparison,
compared_with,matched provenance identifier,claim:claim_rec_src_search_fb7ff50094aa_001_observation,claim,claim_comparison:claim_cmp_105,claim_comparison,
compared_with,matched provenance identifier,claim:claim_rec_src_search_f0d04211eb5c_001_observation,claim,claim_comparison:claim_cmp_106,claim_comparison,
compared_with,matched provenance identifier,claim:claim_rec_src_search_fb7ff50094aa_002_observation,claim,claim_comparison:claim_cmp_106,claim_comparison,
compared_with,matched provenance identifier,claim:claim_rec_src_search_f0d04211eb5c_001_observation,claim,claim_comparison:claim_cmp_107,claim_comparison,
compared_with,matched provenance identifier,claim:claim_rec_src_search_fb7ff50094aa_003_observation,claim,claim_comparison:claim_cmp_107,claim_comparison,
compared_with,matched provenance identifier,claim:claim_rec_src_search_f0d04211eb5c_001_observation,claim,claim_comparison:claim_cmp_108,claim_comparison,
compared_with,matched provenance identifier,claim:claim_rec_src_search_9007d7feb130_001_observation,claim,claim_comparison:claim_cmp_108,claim_comparison,
compared_with,matched provenance identifier,claim:claim_rec_src_search_2acdad71566e_001_observation,claim,claim_comparison:claim_cmp_109,claim_comparison,
compared_with,matched provenance identifier,claim:claim_rec_src_search_2acdad71566e_002_observation,claim,claim_comparison:claim_cmp_109,claim_comparison,
compared_with,matched provenance identifier,claim:claim_rec_src_search_2acdad71566e_001_observation,claim,claim_comparison:claim_cmp_110,claim_comparison,
compared_with,matched provenance identifier,claim:claim_rec_src_search_2acdad71566e_003_observation,claim,claim_comparison:claim_cmp_110,claim_comparison,
compared_with,matched provenance identifier,claim:claim_rec_src_search_2acdad71566e_001_observation,claim,claim_comparison:claim_cmp_111,claim_comparison,
compared_with,matched provenance identifier,claim:claim_rec_src_search_2acdad71566e_004_observation,claim,claim_comparison:claim_cmp_111,claim_comparison,
compared_with,matched provenance identifier,claim:claim_rec_src_search_2acdad71566e_001_observation,claim,claim_comparison:claim_cmp_112,claim_comparison,
compared_with,matched provenance identifier,claim:claim_rec_src_search_fb7ff50094aa_001_observation,claim,claim_comparison:claim_cmp_112,claim_comparison,
compared_with,matched provenance identifier,claim:claim_rec_src_search_2acdad71566e_001_observation,claim,claim_comparison:claim_cmp_113,claim_comparison,
compared_with,matched provenance identifier,claim:claim_rec_src_search_fb7ff50094aa_002_observation,claim,claim_comparison:claim_cmp_113,claim_comparison,
compared_with,matched provenance identifier,claim:claim_rec_src_search_2acdad71566e_001_observation,claim,claim_comparison:claim_cmp_114,claim_comparison,
compared_with,matched provenance identifier,claim:claim_rec_src_search_fb7ff50094aa_003_observation,claim,claim_comparison:claim_cmp_114,claim_comparison,
compared_with,matched provenance identifier,claim:claim_rec_src_search_2acdad71566e_001_observation,claim,claim_comparison:claim_cmp_115,claim_comparison,
compared_with,matched provenance identifier,claim:claim_rec_src_search_9007d7feb130_001_observation,claim,claim_comparison:claim_cmp_115,claim_comparison,
compared_with,matched provenance identifier,claim:claim_rec_src_search_2acdad71566e_002_observation,claim,claim_comparison:claim_cmp_116,claim_comparison,
compared_with,matched provenance identifier,claim:claim_rec_src_search_2acdad71566e_003_observation,claim,claim_comparison:claim_cmp_116,claim_comparison,
compared_with,matched provenance identifier,claim:claim_rec_src_search_2acdad71566e_002_observation,claim,claim_comparison:claim_cmp_117,claim_comparison,
compared_with,matched provenance identifier,claim:claim_rec_src_search_2acdad71566e_004_observation,claim,claim_comparison:claim_cmp_117,claim_comparison,
compared_with,matched provenance identifier,claim:claim_rec_src_search_2acdad71566e_002_observation,claim,claim_comparison:claim_cmp_118,claim_comparison,
compared_with,matched provenance identifier,claim:claim_rec_src_search_fb7ff50094aa_001_observation,claim,claim_comparison:claim_cmp_118,claim_comparison,
compared_with,matched provenance identifier,claim:claim_rec_src_search_2acdad71566e_002_observation,claim,claim_comparison:claim_cmp_119,claim_comparison,
compared_with,matched provenance identifier,claim:claim_rec_src_search_fb7ff50094aa_002_observation,claim,claim_comparison:claim_cmp_119,claim_comparison,
compared_with,matched provenance identifier,claim:claim_rec_src_search_2acdad71566e_002_observation,claim,claim_comparison:claim_cmp_120,claim_comparison,
compared_with,matched provenance identifier,claim:claim_rec_src_search_fb7ff50094aa_003_observation,claim,claim_comparison:claim_cmp_120,claim_comparison,
compared_with,matched provenance identifier,claim:claim_rec_src_search_2acdad71566e_002_observation,claim,claim_comparison:claim_cmp_121,claim_comparison,
compared_with,matched provenance identifier,claim:claim_rec_src_search_9007d7feb130_001_observation,claim,claim_comparison:claim_cmp_121,claim_comparison,
compared_with,matched provenance identifier,claim:claim_rec_src_search_2acdad71566e_003_observation,claim,claim_comparison:claim_cmp_122,claim_comparison,
compared_with,matched provenance identifier,claim:claim_rec_src_search_2acdad71566e_004_observation,claim,claim_comparison:claim_cmp_122,claim_comparison,
compared_with,matched provenance identifier,claim:claim_rec_src_search_2acdad71566e_003_observation,claim,claim_comparison:claim_cmp_123,claim_comparison,
compared_with,matched provenance identifier,claim:claim_rec_src_search_fb7ff50094aa_001_observation,claim,claim_comparison:claim_cmp_123,claim_comparison,
compared_with,matched provenance identifier,claim:claim_rec_src_search_2acdad71566e_003_observation,claim,claim_comparison:claim_cmp_124,claim_comparison,
compared_with,matched provenance identifier,claim:claim_rec_src_search_fb7ff50094aa_002_observation,claim,claim_comparison:claim_cmp_124,claim_comparison,
compared_with,matched provenance identifier,claim:claim_rec_src_search_2acdad71566e_003_observation,claim,claim_comparison:claim_cmp_125,claim_comparison,
compared_with,matched provenance identifier,claim:claim_rec_src_search_fb7ff50094aa_003_observation,claim,claim_comparison:claim_cmp_125,claim_comparison,
compared_with,matched provenance identifier,claim:claim_rec_src_search_2acdad71566e_003_observation,claim,claim_comparison:claim_cmp_126,claim_comparison,
compared_with,matched provenance identifier,claim:claim_rec_src_search_9007d7feb130_001_observation,claim,claim_comparison:claim_cmp_126,claim_comparison,
compared_with,matched provenance identifier,claim:claim_rec_src_search_2acdad71566e_004_observation,claim,claim_comparison:claim_cmp_127,claim_comparison,
compared_with,matched provenance identifier,claim:claim_rec_src_search_fb7ff50094aa_001_observation,claim,claim_comparison:claim_cmp_127,claim_comparison,
compared_with,matched provenance identifier,claim:claim_rec_src_search_2acdad71566e_004_observation,claim,claim_comparison:claim_cmp_128,claim_comparison,
compared_with,matched provenance identifier,claim:claim_rec_src_search_fb7ff50094aa_002_observation,claim,claim_comparison:claim_cmp_128,claim_comparison,
compared_with,matched provenance identifier,claim:claim_rec_src_search_2acdad71566e_004_observation,claim,claim_comparison:claim_cmp_129,claim_comparison,
compared_with,matched provenance identifier,claim:claim_rec_src_search_fb7ff50094aa_003_observation,claim,claim_comparison:claim_cmp_129,claim_comparison,
compared_with,matched provenance identifier,claim:claim_rec_src_search_2acdad71566e_004_observation,claim,claim_comparison:claim_cmp_130,claim_comparison,
compared_with,matched provenance identifier,claim:claim_rec_src_search_9007d7feb130_001_observation,claim,claim_comparison:claim_cmp_130,claim_comparison,
compared_with,matched provenance identifier,claim:claim_rec_src_search_fb7ff50094aa_001_observation,claim,claim_comparison:claim_cmp_131,claim_comparison,
compared_with,matched provenance identifier,claim:claim_rec_src_search_fb7ff50094aa_002_observation,claim,claim_comparison:claim_cmp_131,claim_comparison,
compared_with,matched provenance identifier,claim:claim_rec_src_search_fb7ff50094aa_001_observation,claim,claim_comparison:claim_cmp_132,claim_comparison,
compared_with,matched provenance identifier,claim:claim_rec_src_search_fb7ff50094aa_003_observation,claim,claim_comparison:claim_cmp_132,claim_comparison,
compared_with,matched provenance identifier,claim:claim_rec_src_search_fb7ff50094aa_001_observation,claim,claim_comparison:claim_cmp_133,claim_comparison,
compared_with,matched provenance identifier,claim:claim_rec_src_search_9007d7feb130_001_observation,claim,claim_comparison:claim_cmp_133,claim_comparison,
compared_with,matched provenance identifier,claim:claim_rec_src_search_fb7ff50094aa_002_observation,claim,claim_comparison:claim_cmp_134,claim_comparison,
compared_with,matched provenance identifier,claim:claim_rec_src_search_fb7ff50094aa_003_observation,claim,claim_comparison:claim_cmp_134,claim_comparison,
compared_with,matched provenance identifier,claim:claim_rec_src_search_fb7ff50094aa_002_observation,claim,claim_comparison:claim_cmp_135,claim_comparison,
compared_with,matched provenance identifier,claim:claim_rec_src_search_9007d7feb130_001_observation,claim,claim_comparison:claim_cmp_135,claim_comparison,
compared_with,matched provenance identifier,claim:claim_rec_src_search_fb7ff50094aa_003_observation,claim,claim_comparison:claim_cmp_136,claim_comparison,
compared_with,matched provenance identifier,claim:claim_rec_src_search_9007d7feb130_001_observation,claim,claim_comparison:claim_cmp_136,claim_comparison,
grouped_into_event,matched provenance identifier,claim:claim_rec_src_search_b15c469d896c_001_observation,claim,corroborated_event:event_001,corroborated_event,
grouped_into_event,matched provenance identifier,claim:claim_rec_src_search_8d7dfb3aeace_001_observation,claim,corroborated_event:event_002,corroborated_event,
grouped_into_event,matched provenance identifier,claim:claim_rec_src_search_8d7dfb3aeace_002_observation,claim,corroborated_event:event_003,corroborated_event,
grouped_into_event,matched provenance identifier,claim:claim_rec_src_search_e6c676751454_002_observation,claim,corroborated_event:event_004,corroborated_event,
grouped_into_event,matched provenance identifier,claim:claim_rec_src_search_e6c676751454_001_observation,claim,corroborated_event:event_004,corroborated_event,
grouped_into_event,matched provenance identifier,claim:claim_rec_src_search_e6c676751454_003_observation,claim,corroborated_event:event_004,corroborated_event,
grouped_into_event,matched provenance identifier,claim:claim_rec_src_search_c8f6e152147e_002_observation,claim,corroborated_event:event_005,corroborated_event,
grouped_into_event,matched provenance identifier,claim:claim_rec_src_search_c8f6e152147e_001_cases_unspecified,claim,corroborated_event:event_005,corroborated_event,
grouped_into_event,matched provenance identifier,claim:claim_rec_src_search_f0d04211eb5c_001_observation,claim,corroborated_event:event_006,corroborated_event,
grouped_into_event,matched provenance identifier,claim:claim_rec_src_search_2acdad71566e_003_observation,claim,corroborated_event:event_007,corroborated_event,
grouped_into_event,matched provenance identifier,claim:claim_rec_src_search_2acdad71566e_001_observation,claim,corroborated_event:event_007,corroborated_event,
grouped_into_event,matched provenance identifier,claim:claim_rec_src_search_2acdad71566e_002_observation,claim,corroborated_event:event_007,corroborated_event,
grouped_into_event,matched provenance identifier,claim:claim_rec_src_search_2acdad71566e_004_observation,claim,corroborated_event:event_007,corroborated_event,
grouped_into_event,matched provenance identifier,claim:claim_rec_src_search_fb7ff50094aa_003_observation,claim,corroborated_event:event_008,corroborated_event,
grouped_into_event,matched provenance identifier,claim:claim_rec_src_search_fb7ff50094aa_002_observation,claim,corroborated_event:event_008,corroborated_event,
grouped_into_event,matched provenance identifier,claim:claim_rec_src_search_fb7ff50094aa_001_observation,claim,corroborated_event:event_008,corroborated_event,
grouped_into_event,matched provenance identifier,claim:claim_rec_src_search_9007d7feb130_001_observation,claim,corroborated_event:event_009,corroborated_event,
included_in_dataset_view,record appears in final_dataset,normalized_record:rec_src_search_b15c469d896c_001,normalized_record,dataset_view:final_dataset,dataset_view,
included_in_dataset_view,record appears in final_dataset_pre_quality_gate,normalized_record:rec_src_search_b15c469d896c_001,normalized_record,dataset_view:final_dataset_pre_quality_gate,dataset_view,
included_in_dataset_view,record appears in final_dataset_pre_quality_gate,normalized_record:rec_src_search_8d7dfb3aeace_001,normalized_record,dataset_view:final_dataset_pre_quality_gate,dataset_view,
included_in_dataset_view,record appears in final_dataset_pre_quality_gate,normalized_record:rec_src_search_8d7dfb3aeace_002,normalized_record,dataset_view:final_dataset_pre_quality_gate,dataset_view,
included_in_dataset_view,record appears in final_dataset_pre_quality_gate,normalized_record:rec_src_search_e6c676751454_001,normalized_record,dataset_view:final_dataset_pre_quality_gate,dataset_view,
included_in_dataset_view,record appears in final_dataset_pre_quality_gate,normalized_record:rec_src_search_e6c676751454_002,normalized_record,dataset_view:final_dataset_pre_quality_gate,dataset_view,
included_in_dataset_view,record appears in final_dataset_pre_quality_gate,normalized_record:rec_src_search_e6c676751454_003,normalized_record,dataset_view:final_dataset_pre_quality_gate,dataset_view,
included_in_dataset_view,record appears in final_dataset_pre_quality_gate,normalized_record:rec_src_search_c8f6e152147e_001,normalized_record,dataset_view:final_dataset_pre_quality_gate,dataset_view,
included_in_dataset_view,record appears in final_dataset_pre_quality_gate,normalized_record:rec_src_search_c8f6e152147e_002,normalized_record,dataset_view:final_dataset_pre_quality_gate,dataset_view,
included_in_dataset_view,record appears in final_dataset_pre_quality_gate,normalized_record:rec_src_search_f0d04211eb5c_001,normalized_record,dataset_view:final_dataset_pre_quality_gate,dataset_view,
included_in_dataset_view,record appears in final_dataset_pre_quality_gate,normalized_record:rec_src_search_2acdad71566e_001,normalized_record,dataset_view:final_dataset_pre_quality_gate,dataset_view,
included_in_dataset_view,record appears in final_dataset_pre_quality_gate,normalized_record:rec_src_search_2acdad71566e_002,normalized_record,dataset_view:final_dataset_pre_quality_gate,dataset_view,
included_in_dataset_view,record appears in final_dataset_pre_quality_gate,normalized_record:rec_src_search_2acdad71566e_003,normalized_record,dataset_view:final_dataset_pre_quality_gate,dataset_view,
included_in_dataset_view,record appears in final_dataset_pre_quality_gate,normalized_record:rec_src_search_2acdad71566e_004,normalized_record,dataset_view:final_dataset_pre_quality_gate,dataset_view,
included_in_dataset_view,record appears in final_dataset_pre_quality_gate,normalized_record:rec_src_search_fb7ff50094aa_001,normalized_record,dataset_view:final_dataset_pre_quality_gate,dataset_view,
included_in_dataset_view,record appears in final_dataset_pre_quality_gate,normalized_record:rec_src_search_fb7ff50094aa_002,normalized_record,dataset_view:final_dataset_pre_quality_gate,dataset_view,
included_in_dataset_view,record appears in final_dataset_pre_quality_gate,normalized_record:rec_src_search_fb7ff50094aa_003,normalized_record,dataset_view:final_dataset_pre_quality_gate,dataset_view,
included_in_dataset_view,record appears in final_dataset_pre_quality_gate,normalized_record:rec_src_search_9007d7feb130_001,normalized_record,dataset_view:final_dataset_pre_quality_gate,dataset_view,
included_in_dataset_view,record appears in final_dataset_post_review,normalized_record:rec_src_search_b15c469d896c_001,normalized_record,dataset_view:final_dataset_post_review,dataset_view,
included_in_dataset_view,record appears in exposure_monitoring_records,normalized_record:rec_src_search_c8f6e152147e_001,normalized_record,dataset_view:exposure_monitoring_records,dataset_view,
included_in_dataset_view,record appears in exposure_monitoring_records,normalized_record:rec_src_search_c8f6e152147e_002,normalized_record,dataset_view:exposure_monitoring_records,dataset_view,
included_in_dataset_view,record appears in surveillance_summary_records,normalized_record:rec_src_search_2acdad71566e_001,normalized_record,dataset_view:surveillance_summary_records,dataset_view,
included_in_dataset_view,record appears in surveillance_summary_records,normalized_record:rec_src_search_2acdad71566e_002,normalized_record,dataset_view:surveillance_summary_records,dataset_view,
included_in_dataset_view,record appears in surveillance_summary_records,normalized_record:rec_src_search_2acdad71566e_003,normalized_record,dataset_view:surveillance_summary_records,dataset_view,
included_in_dataset_view,record appears in surveillance_summary_records,normalized_record:rec_src_search_2acdad71566e_004,normalized_record,dataset_view:surveillance_summary_records,dataset_view,
included_in_dataset_view,record appears in surveillance_summary_records,normalized_record:rec_src_search_8d7dfb3aeace_001,normalized_record,dataset_view:surveillance_summary_records,dataset_view,
included_in_dataset_view,record appears in surveillance_summary_records,normalized_record:rec_src_search_8d7dfb3aeace_002,normalized_record,dataset_view:surveillance_summary_records,dataset_view,
included_in_dataset_view,record appears in surveillance_summary_records,normalized_record:rec_src_search_9007d7feb130_001,normalized_record,dataset_view:surveillance_summary_records,dataset_view,
included_in_dataset_view,record appears in surveillance_summary_records,normalized_record:rec_src_search_b15c469d896c_001,normalized_record,dataset_view:surveillance_summary_records,dataset_view,
included_in_dataset_view,record appears in surveillance_summary_records,normalized_record:rec_src_search_c8f6e152147e_001,normalized_record,dataset_view:surveillance_summary_records,dataset_view,
included_in_dataset_view,record appears in surveillance_summary_records,normalized_record:rec_src_search_c8f6e152147e_002,normalized_record,dataset_view:surveillance_summary_records,dataset_view,
included_in_dataset_view,record appears in surveillance_summary_records,normalized_record:rec_src_search_e6c676751454_001,normalized_record,dataset_view:surveillance_summary_records,dataset_view,
included_in_dataset_view,record appears in surveillance_summary_records,normalized_record:rec_src_search_f0d04211eb5c_001,normalized_record,dataset_view:surveillance_summary_records,dataset_view,
included_in_dataset_view,record appears in outbreak_summary_records,normalized_record:rec_src_search_9007d7feb130_001,normalized_record,dataset_view:outbreak_summary_records,dataset_view,
included_in_dataset_view,record appears in unclassified_observation_records,normalized_record:rec_src_search_2acdad71566e_001,normalized_record,dataset_view:unclassified_observation_records,dataset_view,
included_in_dataset_view,record appears in unclassified_observation_records,normalized_record:rec_src_search_2acdad71566e_002,normalized_record,dataset_view:unclassified_observation_records,dataset_view,
included_in_dataset_view,record appears in unclassified_observation_records,normalized_record:rec_src_search_2acdad71566e_003,normalized_record,dataset_view:unclassified_observation_records,dataset_view,
included_in_dataset_view,record appears in unclassified_observation_records,normalized_record:rec_src_search_2acdad71566e_004,normalized_record,dataset_view:unclassified_observation_records,dataset_view,
included_in_dataset_view,record appears in unclassified_observation_records,normalized_record:rec_src_search_8d7dfb3aeace_001,normalized_record,dataset_view:unclassified_observation_records,dataset_view,
included_in_dataset_view,record appears in unclassified_observation_records,normalized_record:rec_src_search_8d7dfb3aeace_002,normalized_record,dataset_view:unclassified_observation_records,dataset_view,
included_in_dataset_view,record appears in unclassified_observation_records,normalized_record:rec_src_search_b15c469d896c_001,normalized_record,dataset_view:unclassified_observation_records,dataset_view,
included_in_dataset_view,record appears in unclassified_observation_records,normalized_record:rec_src_search_c8f6e152147e_002,normalized_record,dataset_view:unclassified_observation_records,dataset_view,
included_in_dataset_view,record appears in unclassified_observation_records,normalized_record:rec_src_search_e6c676751454_001,normalized_record,dataset_view:unclassified_observation_records,dataset_view,
included_in_dataset_view,record appears in unclassified_observation_records,normalized_record:rec_src_search_e6c676751454_002,normalized_record,dataset_view:unclassified_observation_records,dataset_view,
included_in_dataset_view,record appears in unclassified_observation_records,normalized_record:rec_src_search_e6c676751454_003,normalized_record,dataset_view:unclassified_observation_records,dataset_view,
included_in_dataset_view,record appears in unclassified_observation_records,normalized_record:rec_src_search_f0d04211eb5c_001,normalized_record,dataset_view:unclassified_observation_records,dataset_view,
included_in_dataset_view,record appears in unclassified_observation_records,normalized_record:rec_src_search_fb7ff50094aa_001,normalized_record,dataset_view:unclassified_observation_records,dataset_view,
included_in_dataset_view,record appears in unclassified_observation_records,normalized_record:rec_src_search_fb7ff50094aa_002,normalized_record,dataset_view:unclassified_observation_records,dataset_view,
included_in_dataset_view,record appears in unclassified_observation_records,normalized_record:rec_src_search_fb7ff50094aa_003,normalized_record,dataset_view:unclassified_observation_records,dataset_view,
included_in_dataset_view,record appears in non_primary_observations,normalized_record:rec_src_search_8d7dfb3aeace_001,normalized_record,dataset_view:non_primary_observations,dataset_view,
included_in_dataset_view,record appears in non_primary_observations,normalized_record:rec_src_search_8d7dfb3aeace_002,normalized_record,dataset_view:non_primary_observations,dataset_view,
included_in_dataset_view,record appears in non_primary_observations,normalized_record:rec_src_search_e6c676751454_001,normalized_record,dataset_view:non_primary_observations,dataset_view,
included_in_dataset_view,record appears in non_primary_observations,normalized_record:rec_src_search_e6c676751454_002,normalized_record,dataset_view:non_primary_observations,dataset_view,
included_in_dataset_view,record appears in non_primary_observations,normalized_record:rec_src_search_e6c676751454_003,normalized_record,dataset_view:non_primary_observations,dataset_view,
included_in_dataset_view,record appears in non_primary_observations,normalized_record:rec_src_search_c8f6e152147e_001,normalized_record,dataset_view:non_primary_observations,dataset_view,
included_in_dataset_view,record appears in non_primary_observations,normalized_record:rec_src_search_c8f6e152147e_002,normalized_record,dataset_view:non_primary_observations,dataset_view,
included_in_dataset_view,record appears in non_primary_observations,normalized_record:rec_src_search_f0d04211eb5c_001,normalized_record,dataset_view:non_primary_observations,dataset_view,
included_in_dataset_view,record appears in non_primary_observations,normalized_record:rec_src_search_2acdad71566e_001,normalized_record,dataset_view:non_primary_observations,dataset_view,
included_in_dataset_view,record appears in non_primary_observations,normalized_record:rec_src_search_2acdad71566e_002,normalized_record,dataset_view:non_primary_observations,dataset_view,
included_in_dataset_view,record appears in non_primary_observations,normalized_record:rec_src_search_2acdad71566e_003,normalized_record,dataset_view:non_primary_observations,dataset_view,
included_in_dataset_view,record appears in non_primary_observations,normalized_record:rec_src_search_2acdad71566e_004,normalized_record,dataset_view:non_primary_observations,dataset_view,
included_in_dataset_view,record appears in non_primary_observations,normalized_record:rec_src_search_fb7ff50094aa_001,normalized_record,dataset_view:non_primary_observations,dataset_view,
included_in_dataset_view,record appears in non_primary_observations,normalized_record:rec_src_search_fb7ff50094aa_002,normalized_record,dataset_view:non_primary_observations,dataset_view,
included_in_dataset_view,record appears in non_primary_observations,normalized_record:rec_src_search_fb7ff50094aa_003,normalized_record,dataset_view:non_primary_observations,dataset_view,
included_in_dataset_view,record appears in non_primary_observations,normalized_record:rec_src_search_9007d7feb130_001,normalized_record,dataset_view:non_primary_observations,dataset_view,
quarantined_as,record appears in quarantined_records,normalized_record:rec_src_search_e6c676751454_002,normalized_record,dataset_view:quarantined_records,dataset_view,
quarantined_as,record appears in quarantined_records,normalized_record:rec_src_search_e6c676751454_003,normalized_record,dataset_view:quarantined_records,dataset_view,
quarantined_as,record appears in quarantined_records,normalized_record:rec_src_search_f0d04211eb5c_001,normalized_record,dataset_view:quarantined_records,dataset_view,
quarantined_as,record appears in quarantined_records,normalized_record:rec_src_search_2acdad71566e_001,normalized_record,dataset_view:quarantined_records,dataset_view,
pending_review_as,record appears in pending_review_records,normalized_record:rec_src_search_8d7dfb3aeace_001,normalized_record,dataset_view:pending_review_records,dataset_view,
pending_review_as,record appears in pending_review_records,normalized_record:rec_src_search_8d7dfb3aeace_002,normalized_record,dataset_view:pending_review_records,dataset_view,
pending_review_as,record appears in pending_review_records,normalized_record:rec_src_search_e6c676751454_001,normalized_record,dataset_view:pending_review_records,dataset_view,
pending_review_as,record appears in pending_review_records,normalized_record:rec_src_search_c8f6e152147e_001,normalized_record,dataset_view:pending_review_records,dataset_view,
pending_review_as,record appears in pending_review_records,normalized_record:rec_src_search_c8f6e152147e_002,normalized_record,dataset_view:pending_review_records,dataset_view,
pending_review_as,record appears in pending_review_records,normalized_record:rec_src_search_2acdad71566e_002,normalized_record,dataset_view:pending_review_records,dataset_view,
pending_review_as,record appears in pending_review_records,normalized_record:rec_src_search_2acdad71566e_003,normalized_record,dataset_view:pending_review_records,dataset_view,
pending_review_as,record appears in pending_review_records,normalized_record:rec_src_search_2acdad71566e_004,normalized_record,dataset_view:pending_review_records,dataset_view,
pending_review_as,record appears in pending_review_records,normalized_record:rec_src_search_fb7ff50094aa_001,normalized_record,dataset_view:pending_review_records,dataset_view,
pending_review_as,record appears in pending_review_records,normalized_record:rec_src_search_fb7ff50094aa_002,normalized_record,dataset_view:pending_review_records,dataset_view,
pending_review_as,record appears in pending_review_records,normalized_record:rec_src_search_fb7ff50094aa_003,normalized_record,dataset_view:pending_review_records,dataset_view,
pending_review_as,record appears in pending_review_records,normalized_record:rec_src_search_9007d7feb130_001,normalized_record,dataset_view:pending_review_records,dataset_view,
requires_review,matched provenance identifier,claim:claim_rec_src_search_c8f6e152147e_002_observation,claim,human_review_item:review_claim_corroboration_review_corr_event_005,human_review_item,
requires_review,matched provenance identifier,source:src_search_c8f6e152147e,source,human_review_item:review_claim_corroboration_review_corr_event_005,human_review_item,
requires_review,matched provenance identifier,claim:claim_rec_src_search_c8f6e152147e_001_cases_unspecified,claim,human_review_item:review_claim_corroboration_review_corr_event_005,human_review_item,
requires_review,matched provenance identifier,source:src_search_3b4e2043d3a5,source,human_review_item:review_source_credibility_src_search_3b4e2043d3a5,human_review_item,
requires_review,matched provenance identifier,source:src_search_926b43baa66c,source,human_review_item:review_source_credibility_src_search_926b43baa66c,human_review_item,
requires_review,matched provenance identifier,source:src_search_e119c616592e,source,human_review_item:review_source_credibility_src_search_e119c616592e,human_review_item,
requires_review,matched provenance identifier,corroborated_event:event_001,corroborated_event,human_review_item:review_duplicate_event_001,human_review_item,
requires_review,matched provenance identifier,normalized_record:rec_src_search_8d7dfb3aeace_002,normalized_record,human_review_item:review_duplicate_event_001,human_review_item,
requires_review,matched provenance identifier,normalized_record:rec_src_search_fb7ff50094aa_002,normalized_record,human_review_item:review_duplicate_event_004,human_review_item,
requires_review,matched provenance identifier,normalized_record:rec_src_search_fb7ff50094aa_001,normalized_record,human_review_item:review_duplicate_event_004,human_review_item,
requires_review,matched provenance identifier,corroborated_event:event_004,corroborated_event,human_review_item:review_duplicate_event_004,human_review_item,
requires_review,matched provenance identifier,corroborated_event:event_005,corroborated_event,human_review_item:review_duplicate_event_005,human_review_item,
requires_review,matched provenance identifier,normalized_record:rec_src_search_c8f6e152147e_001,normalized_record,human_review_item:review_duplicate_event_005,human_review_item,
requires_review,matched provenance identifier,normalized_record:rec_src_search_2acdad71566e_004,normalized_record,human_review_item:review_duplicate_event_007,human_review_item,
requires_review,matched provenance identifier,corroborated_event:event_007,corroborated_event,human_review_item:review_duplicate_event_007,human_review_item,
requires_review,matched provenance identifier,normalized_record:rec_src_search_2acdad71566e_003,normalized_record,human_review_item:review_duplicate_event_008,human_review_item,
requires_review,matched provenance identifier,corroborated_event:event_008,corroborated_event,human_review_item:review_duplicate_event_008,human_review_item,
requires_review,matched provenance identifier,corroborated_event:event_009,corroborated_event,human_review_item:review_duplicate_event_009,human_review_item,
requires_review,matched provenance identifier,normalized_record:rec_src_search_b15c469d896c_001,normalized_record,human_review_item:review_duplicate_event_009,human_review_item,
requires_review,matched provenance identifier,normalized_record:rec_src_search_e6c676751454_001,normalized_record,human_review_item:review_duplicate_event_010,human_review_item,
requires_review,matched provenance identifier,normalized_record:rec_src_search_fb7ff50094aa_003,normalized_record,human_review_item:review_duplicate_event_011,human_review_item,
requires_review,matched provenance identifier,normalized_record:rec_src_search_e6c676751454_002,normalized_record,human_review_item:review_duplicate_event_012,human_review_item,
requires_review,matched provenance identifier,normalized_record:rec_src_search_9007d7feb130_001,normalized_record,human_review_item:review_duplicate_event_013,human_review_item,
requires_review,matched provenance identifier,normalized_record:rec_src_search_f0d04211eb5c_001,normalized_record,human_review_item:review_duplicate_event_014,human_review_item,
requires_review,matched provenance identifier,normalized_record:rec_src_search_e6c676751454_003,normalized_record,human_review_item:review_duplicate_event_015,human_review_item,
requires_review,matched provenance identifier,source:src_search_0e2fe8a988c2,source,human_review_item:review_source_credibility_src_search_0e2fe8a988c2,human_review_item,
requires_review,matched provenance identifier,source:src_search_111e84f03641,source,human_review_item:review_source_credibility_src_search_111e84f03641,human_review_item,
requires_review,matched provenance identifier,source:src_search_15ede2bf436b,source,human_review_item:review_source_credibility_src_search_15ede2bf436b,human_review_item,
requires_review,matched provenance identifier,source:src_search_1c70f6d6649a,source,human_review_item:review_source_credibility_src_search_1c70f6d6649a,human_review_item,
requires_review,matched provenance identifier,source:src_search_1f728543018e,source,human_review_item:review_source_credibility_src_search_1f728543018e,human_review_item,
requires_review,matched provenance identifier,source:src_search_24eac4e3a15f,source,human_review_item:review_source_credibility_src_search_24eac4e3a15f,human_review_item,
requires_review,matched provenance identifier,source:src_search_2acdad71566e,source,human_review_item:review_source_credibility_src_search_2acdad71566e,human_review_item,
requires_review,matched provenance identifier,source:src_search_36288934cc79,source,human_review_item:review_source_credibility_src_search_36288934cc79,human_review_item,
requires_review,matched provenance identifier,source:src_search_40830ab6aa00,source,human_review_item:review_source_credibility_src_search_40830ab6aa00,human_review_item,
requires_review,matched provenance identifier,source:src_search_5b6be7bf0ee0,source,human_review_item:review_source_credibility_src_search_5b6be7bf0ee0,human_review_item,
requires_review,matched provenance identifier,source:src_search_6be93b583ffe,source,human_review_item:review_source_credibility_src_search_6be93b583ffe,human_review_item,
requires_review,matched provenance identifier,source:src_search_8392b02e6a62,source,human_review_item:review_source_credibility_src_search_8392b02e6a62,human_review_item,
requires_review,matched provenance identifier,source:src_search_8d7dfb3aeace,source,human_review_item:review_source_credibility_src_search_8d7dfb3aeace,human_review_item,
requires_review,matched provenance identifier,source:src_search_a299322dc6e3,source,human_review_item:review_source_credibility_src_search_a299322dc6e3,human_review_item,
requires_review,matched provenance identifier,source:src_search_aedb884f5617,source,human_review_item:review_source_credibility_src_search_aedb884f5617,human_review_item,
requires_review,matched provenance identifier,source:src_search_c26402b49d76,source,human_review_item:review_source_credibility_src_search_c26402b49d76,human_review_item,
requires_review,matched provenance identifier,source:src_search_c50a48405352,source,human_review_item:review_source_credibility_src_search_c50a48405352,human_review_item,
requires_review,matched provenance identifier,source:src_search_d8b6d95ad369,source,human_review_item:review_source_credibility_src_search_d8b6d95ad369,human_review_item,
requires_review,matched provenance identifier,source:src_search_e6c676751454,source,human_review_item:review_source_credibility_src_search_e6c676751454,human_review_item,
requires_review,matched provenance identifier,source:src_search_f0d04211eb5c,source,human_review_item:review_source_credibility_src_search_f0d04211eb5c,human_review_item,
requires_review,matched provenance identifier,source:src_search_fb7ff50094aa,source,human_review_item:review_source_credibility_src_search_fb7ff50094aa,human_review_item,
requires_review,matched provenance identifier,source:src_search_f0d04211eb5c,source,human_review_item:review_anomaly_anom_001,human_review_item,
requires_review,matched provenance identifier,normalized_record:rec_src_search_f0d04211eb5c_001,normalized_record,human_review_item:review_anomaly_anom_001,human_review_item,
requires_review,matched provenance identifier,source:src_search_111e84f03641,source,human_review_item:review_core_metric_gap_src_search_111e84f03641,human_review_item,
requires_review,matched provenance identifier,source:src_search_1c70f6d6649a,source,human_review_item:review_core_metric_gap_src_search_1c70f6d6649a,human_review_item,
requires_review,matched provenance identifier,source:src_search_24eac4e3a15f,source,human_review_item:review_core_metric_gap_src_search_24eac4e3a15f,human_review_item,
requires_review,matched provenance identifier,source:src_search_36288934cc79,source,human_review_item:review_core_metric_gap_src_search_36288934cc79,human_review_item,
requires_review,matched provenance identifier,source:src_search_55c0da96c417,source,human_review_item:review_core_metric_gap_src_search_55c0da96c417,human_review_item,
requires_review,matched provenance identifier,source:src_search_5b6be7bf0ee0,source,human_review_item:review_core_metric_gap_src_search_5b6be7bf0ee0,human_review_item,
requires_review,matched provenance identifier,source:src_search_b9228859aa70,source,human_review_item:review_core_metric_gap_src_search_b9228859aa70,human_review_item,
requires_review,matched provenance identifier,source:src_search_c26402b49d76,source,human_review_item:review_core_metric_gap_src_search_c26402b49d76,human_review_item,
requires_review,matched provenance identifier,source:src_search_c6fef11e96d5,source,human_review_item:review_core_metric_gap_src_search_c6fef11e96d5,human_review_item,
requires_review,matched provenance identifier,source:src_search_c8beec2f9d8e,source,human_review_item:review_core_metric_gap_src_search_c8beec2f9d8e,human_review_item,
requires_review,matched provenance identifier,source:src_search_d8b6d95ad369,source,human_review_item:review_core_metric_gap_src_search_d8b6d95ad369,human_review_item,
requires_review,matched provenance identifier,source:src_search_ec17d33f4f1d,source,human_review_item:review_core_metric_gap_src_search_ec17d33f4f1d,human_review_item,
requires_review,matched provenance identifier,source:src_search_0e2fe8a988c2,source,human_review_item:review_source_src_search_0e2fe8a988c2,human_review_item,
requires_review,matched provenance identifier,source:src_search_111e84f03641,source,human_review_item:review_source_src_search_111e84f03641,human_review_item,
requires_review,matched provenance identifier,source:src_search_1508618df96d,source,human_review_item:review_source_src_search_1508618df96d,human_review_item,
requires_review,matched provenance identifier,source:src_search_15ede2bf436b,source,human_review_item:review_source_src_search_15ede2bf436b,human_review_item,
requires_review,matched provenance identifier,source:src_search_1c70f6d6649a,source,human_review_item:review_source_src_search_1c70f6d6649a,human_review_item,
requires_review,matched provenance identifier,source:src_search_1d3abbf4b356,source,human_review_item:review_source_src_search_1d3abbf4b356,human_review_item,
requires_review,matched provenance identifier,source:src_search_1f728543018e,source,human_review_item:review_source_src_search_1f728543018e,human_review_item,
requires_review,matched provenance identifier,source:src_search_20774518b571,source,human_review_item:review_source_src_search_20774518b571,human_review_item,
requires_review,matched provenance identifier,source:src_search_24eac4e3a15f,source,human_review_item:review_source_src_search_24eac4e3a15f,human_review_item,
requires_review,matched provenance identifier,source:src_search_2acdad71566e,source,human_review_item:review_source_src_search_2acdad71566e,human_review_item,
requires_review,matched provenance identifier,source:src_search_36288934cc79,source,human_review_item:review_source_src_search_36288934cc79,human_review_item,
requires_review,matched provenance identifier,source:src_search_3b4e2043d3a5,source,human_review_item:review_source_src_search_3b4e2043d3a5,human_review_item,
requires_review,matched provenance identifier,source:src_search_40830ab6aa00,source,human_review_item:review_source_src_search_40830ab6aa00,human_review_item,
requires_review,matched provenance identifier,source:src_search_4674b69bd355,source,human_review_item:review_source_src_search_4674b69bd355,human_review_item,
requires_review,matched provenance identifier,source:src_search_4b269588163c,source,human_review_item:review_source_src_search_4b269588163c,human_review_item,
requires_review,matched provenance identifier,source:src_search_5b6be7bf0ee0,source,human_review_item:review_source_src_search_5b6be7bf0ee0,human_review_item,
requires_review,matched provenance identifier,source:src_search_6be93b583ffe,source,human_review_item:review_source_src_search_6be93b583ffe,human_review_item,
requires_review,matched provenance identifier,source:src_search_8392b02e6a62,source,human_review_item:review_source_src_search_8392b02e6a62,human_review_item,
requires_review,matched provenance identifier,source:src_search_8d7dfb3aeace,source,human_review_item:review_source_src_search_8d7dfb3aeace,human_review_item,
requires_review,matched provenance identifier,source:src_search_926b43baa66c,source,human_review_item:review_source_src_search_926b43baa66c,human_review_item,
requires_review,matched provenance identifier,source:src_search_a299322dc6e3,source,human_review_item:review_source_src_search_a299322dc6e3,human_review_item,
requires_review,matched provenance identifier,source:src_search_aedb884f5617,source,human_review_item:review_source_src_search_aedb884f5617,human_review_item,
requires_review,matched provenance identifier,source:src_search_c26402b49d76,source,human_review_item:review_source_src_search_c26402b49d76,human_review_item,
requires_review,matched provenance identifier,source:src_search_c50a48405352,source,human_review_item:review_source_src_search_c50a48405352,human_review_item,
requires_review,matched provenance identifier,source:src_search_d8b6d95ad369,source,human_review_item:review_source_src_search_d8b6d95ad369,human_review_item,
requires_review,matched provenance identifier,source:src_search_db6dbac06000,source,human_review_item:review_source_src_search_db6dbac06000,human_review_item,
requires_review,matched provenance identifier,source:src_search_e119c616592e,source,human_review_item:review_source_src_search_e119c616592e,human_review_item,
requires_review,matched provenance identifier,source:src_search_e6c676751454,source,human_review_item:review_source_src_search_e6c676751454,human_review_item,
requires_review,matched provenance identifier,source:src_search_ef797e11ce78,source,human_review_item:review_source_src_search_ef797e11ce78,human_review_item,
requires_review,matched provenance identifier,source:src_search_f0d04211eb5c,source,human_review_item:review_source_src_search_f0d04211eb5c,human_review_item,
requires_review,matched provenance identifier,source:src_search_fb7ff50094aa,source,human_review_item:review_source_src_search_fb7ff50094aa,human_review_item,
