actual_publisher,allowed_decision_types,date_or_period,disease,evidence_quote,issue_category,issue_type,location,priority_level,priority_rank,recommended_artifacts_to_open,short_title,source_title,source_url,suggested_action,suggested_reviewer_question,target_ids,target_type,why_it_matters
,accept_as_is; correct_fields; reject_record; mark_requires_review; mark_review_resolved; mark_non_countable; mark_countable; mark_duplicate; mark_not_duplicate; needs_more_evidence; defer_decision,2025-03-31,Measles,Total Cases**: 378,primary_case_dataset_blocker,record_linking,United States,P0_critical,1,human_review_items; record_inclusion_decisions; quarantined_records; context_records; final_case_dataset; claims; claim_comparisons; corroborated_events,primary case dataset blocker - review_linking_event_006 - Measles Cases Surge in 2025: Key Facts and Prevention Tips - PHM,Measles Cases Surge in 2025: Key Facts and Prevention Tips - PHM,https://privatehealth.com/measles-cases-surge-in-2025-key-facts-and-prevention-tips,"Inspect the record, evidence quote, source identity, and quality-gate reasons before editing a decision file.",Does this evidence support a task-compatible primary case record?,rec_src_search_b285c8bbed4b_001,record,This item can change whether a record is eligible for the primary case dataset.
,accept_as_is; correct_fields; reject_record; mark_requires_review; mark_review_resolved; mark_non_countable; mark_countable; mark_duplicate; mark_not_duplicate; needs_more_evidence; defer_decision,2025-03-31,Measles,Total Cases**: 378,primary_case_dataset_blocker,record_normalization,United States,P0_critical,2,human_review_items; record_inclusion_decisions; quarantined_records; context_records; final_case_dataset; claims; claim_comparisons; corroborated_events,primary case dataset blocker - review_normalization_rec_src_search_b285c8bbed4b_001 - Measles Cases Surge in 2025: Key Facts and Preventi...,Measles Cases Surge in 2025: Key Facts and Prevention Tips - PHM,https://privatehealth.com/measles-cases-surge-in-2025-key-facts-and-prevention-tips,"Inspect the record, evidence quote, source identity, and quality-gate reasons before editing a decision file.",Does this evidence support a task-compatible primary case record?,rec_src_search_b285c8bbed4b_001,record,This item can change whether a record is eligible for the primary case dataset.
,needs_more_evidence; defer_decision,2025-01-01-2025-03-31,Measles,Comparable public-health claims conflict and require review.,conflicting_claims_review,claim_corroboration_conflict,United States,P0_critical,3,human_review_items; record_inclusion_decisions; claims; claim_comparisons; corroborated_events,conflicting claims review - review_claim_corroboration_conflict_corr_event_002 - Over 2K measles cases reported in US in 2025 as ongoing...,Over 2K measles cases reported in US in 2025 as ongoing ... - ABC7,https://abc7.com/post/2k-measles-cases-reported-us-2025-ongoing-outbreaks-threaten-elimination-status/18339323,review_claim_corroboration,Which claim should be treated as comparable evidence after review?,claim_rec_src_search_5155d9022c8b_001_cases_unspecified; claim_rec_src_search_b285c8bbed4b_001_cases_unspecified; claim_rec_src_search_cd5fb2750261_001_cases_confirmed; claim_rec_src_search_cd5fb2750261_002_cases_confirmed; claim_rec_src_search_3109afb35d90_001_cases_confirmed; claim_rec_src_search_3109afb35d90_002_cases_unspecified; claim_rec_src_search_3109afb35d90_003_cases_unspecified; claim_rec_src_search_3109afb35d90_004_cases_unspecified; claim_rec_src_search_831265159816_045_cases_unspecified; src_search_5155d9022c8b; src_search_b285c8bbed4b; src_search_cd5fb2750261; src_search_3109afb35d90; src_search_831265159816; corr_event_002,claim,"Comparable claims conflict and may affect cases, date, location, or count semantics."
Pan American Health Organization,accept_as_is; correct_fields; reject_record; mark_requires_review; mark_review_resolved; mark_non_countable; mark_countable; mark_duplicate; mark_not_duplicate; needs_more_evidence; defer_decision,2025-03-31,Measles,"| [Download](/sites/default/files/2026/05/measles-outbreak-situation-report-7may-2026.pdf ""Situation Report #2: Measles in the Americas Region"") | Between epidemiological weeks (EW) 1 and EW 16 of 2026, countries in the Region of the Americas reported 18,352 confirmed measles cases including 15 deaths. In 2025, 14,503 measles cases were reported, including 32 deaths. This follows a marked rise in cases during 2025, with continued acceleration observed in early 2026. Since the publication of Situation Report No. 1 (EW 12, 2026), an additional 3,887 confirmed cases including six deaths have been reported, reflecting continued expansion of outbreaks in Mexico and Guatemala, sustained transmission in Canada, and newly reported cases in Peru. The highest number of confirmed cases in 2026 hav...",possible_primary_case_evidence,duplicate_event_clustering,United States,P0_critical,4,human_review_items; record_inclusion_decisions; quarantined_records; context_records; final_case_dataset; claims; claim_comparisons; corroborated_events,possible primary case evidence - review_duplicate_event_001 - Situation Report #2: Measles in the Americas Region - PAHO/WHO | Pan Americ...,Situation Report #2: Measles in the Americas Region - PAHO/WHO | Pan American Health Organization,https://www.paho.org/en/documents/situation-report-2-measles-americas-region,Inspect corroboration and source identity before deciding whether a structured human decision is warranted.,Is this a task-compatible primary case observation or only context/secondary evidence?,rec_src_search_8242cbb785a1_001; rec_src_search_8242cbb785a1_002; event_001,record,"No accepted primary case dataset records exist, and this item may contain possible primary case evidence."
,accept_as_is; correct_fields; reject_record; mark_requires_review; mark_review_resolved; mark_non_countable; mark_countable; mark_duplicate; mark_not_duplicate; needs_more_evidence; defer_decision,2025-03-31,Measles,"CHICAGO -- The United States reported more than 2,000 measles cases in 2025, federal data shows, a higher annual total than the country has seen in decades.",possible_primary_case_evidence,duplicate_event_clustering,United States,P0_critical,5,human_review_items; record_inclusion_decisions; quarantined_records; context_records; final_case_dataset; claims; claim_comparisons; corroborated_events,possible primary case evidence - review_duplicate_event_002 - Over 2K measles cases reported in US in 2025 as ongoing ... - ABC7,Over 2K measles cases reported in US in 2025 as ongoing ... - ABC7,https://abc7.com/post/2k-measles-cases-reported-us-2025-ongoing-outbreaks-threaten-elimination-status/18339323,Inspect corroboration and source identity before deciding whether a structured human decision is warranted.,Is this a task-compatible primary case observation or only context/secondary evidence?,rec_src_search_5155d9022c8b_001; event_002,record,"No accepted primary case dataset records exist, and this item may contain possible primary case evidence."
Centers for Disease Control and Prevention,accept_as_is; correct_fields; reject_record; mark_requires_review; mark_review_resolved; mark_non_countable; mark_countable; mark_duplicate; mark_not_duplicate; needs_more_evidence; defer_decision,2025-03-31,Measles,"##### [Return to your place in the text](#F1_up)**FIGURE 1**. **Reported number of confirmed\* measles cases, by state (N = 800) — United States, January 1–April 17, 2025**",possible_primary_case_evidence,duplicate_event_clustering,United States,P0_critical,6,human_review_items; record_inclusion_decisions; quarantined_records; context_records; final_case_dataset; claims; claim_comparisons; corroborated_events,"possible primary case evidence - review_duplicate_event_003 - Measles Update — United States, January 1–April 17, 2025 | MMWR","Measles Update — United States, January 1–April 17, 2025 | MMWR",https://www.cdc.gov/mmwr/volumes/74/wr/mm7414a1.htm,Inspect corroboration and source identity before deciding whether a structured human decision is warranted.,Is this a task-compatible primary case observation or only context/secondary evidence?,rec_src_search_3109afb35d90_001; event_003,record,"No accepted primary case dataset records exist, and this item may contain possible primary case evidence."
Centers for Disease Control and Prevention,accept_as_is; correct_fields; reject_record; mark_requires_review; mark_review_resolved; mark_non_countable; mark_countable; mark_duplicate; mark_not_duplicate; needs_more_evidence; defer_decision,2025-03-31,Measles,"The CDC confirmed 588 cases in the U.S. as of Jan. 29, meaning there are nearly 26% of last year's total cases (2,255) after just one month in 2026.",possible_primary_case_evidence,duplicate_event_clustering,United States,P0_critical,7,human_review_items; record_inclusion_decisions; quarantined_records; context_records; final_case_dataset; claims; claim_comparisons; corroborated_events,possible primary case evidence - review_duplicate_event_004 - CDC Records Two New Measles Outbreaks — As 2026 Already Outpaces 2025,CDC Records Two New Measles Outbreaks — As 2026 Already Outpaces 2025,https://www.forbes.com/sites/antoniopequenoiv/2026/01/30/measles-cases-this-year-are-outpacing-2025---the-worst-recent-year-on-record,Inspect corroboration and source identity before deciding whether a structured human decision is warranted.,Is this a task-compatible primary case observation or only context/secondary evidence?,rec_src_search_cd5fb2750261_001; event_004,record,"No accepted primary case dataset records exist, and this item may contain possible primary case evidence."
,accept_as_is; correct_fields; reject_record; mark_requires_review; mark_review_resolved; mark_non_countable; mark_countable; mark_duplicate; mark_not_duplicate; needs_more_evidence; defer_decision,2025-03-31,Measles,"As of March 14, 2025, CNN data estimates 320 cases in 2025, and “experts say this is probably a severe undercount.”",possible_primary_case_evidence,duplicate_event_clustering,United States,P0_critical,8,human_review_items; record_inclusion_decisions; quarantined_records; context_records; final_case_dataset; claims; claim_comparisons; corroborated_events,"possible primary case evidence - review_duplicate_event_005 - Texas Declares Measles Outbreak 'Over' After 762 Cases, Two Child ...","Texas Declares Measles Outbreak 'Over' After 762 Cases, Two Child ...",https://respiratory-therapy.com/disorders-diseases/infectious-diseases/other-infections/texas-measles-outbreak-2025,Inspect corroboration and source identity before deciding whether a structured human decision is warranted.,Is this a task-compatible primary case observation or only context/secondary evidence?,rec_src_search_831265159816_045; event_005,record,"No accepted primary case dataset records exist, and this item may contain possible primary case evidence."
,accept_as_is; correct_fields; reject_record; mark_requires_review; mark_review_resolved; mark_non_countable; mark_countable; mark_duplicate; mark_not_duplicate; needs_more_evidence; defer_decision,2025-03-31,Measles,Total Cases**: 378,possible_primary_case_evidence,duplicate_event_clustering,United States,P0_critical,9,human_review_items; record_inclusion_decisions; quarantined_records; context_records; final_case_dataset; claims; claim_comparisons; corroborated_events,possible primary case evidence - review_duplicate_event_006 - Measles Cases Surge in 2025: Key Facts and Prevention Tips - PHM,Measles Cases Surge in 2025: Key Facts and Prevention Tips - PHM,https://privatehealth.com/measles-cases-surge-in-2025-key-facts-and-prevention-tips,Inspect corroboration and source identity before deciding whether a structured human decision is warranted.,Is this a task-compatible primary case observation or only context/secondary evidence?,rec_src_search_b285c8bbed4b_001; event_006,record,"No accepted primary case dataset records exist, and this item may contain possible primary case evidence."
Centers for Disease Control and Prevention,accept_as_is; correct_fields; reject_record; mark_requires_review; mark_review_resolved; mark_non_countable; mark_countable; mark_duplicate; mark_not_duplicate; needs_more_evidence; defer_decision,2025-03-31,Measles,| ****Total measles cases**** | ****800 (100)**** | ****48 (6)**** | ****752 (94)**** |,possible_primary_case_evidence,duplicate_event_clustering,United States,P0_critical,10,human_review_items; record_inclusion_decisions; quarantined_records; context_records; final_case_dataset; claims; claim_comparisons; corroborated_events,"possible primary case evidence - review_duplicate_event_007 - Measles Update — United States, January 1–April 17, 2025 | MMWR","Measles Update — United States, January 1–April 17, 2025 | MMWR",https://www.cdc.gov/mmwr/volumes/74/wr/mm7414a1.htm,Inspect corroboration and source identity before deciding whether a structured human decision is warranted.,Is this a task-compatible primary case observation or only context/secondary evidence?,rec_src_search_3109afb35d90_002; rec_src_search_3109afb35d90_003; rec_src_search_3109afb35d90_004; event_007,record,"No accepted primary case dataset records exist, and this item may contain possible primary case evidence."
Centers for Disease Control and Prevention,accept_as_is; correct_fields; reject_record; mark_requires_review; mark_review_resolved; mark_non_countable; mark_countable; mark_duplicate; mark_not_duplicate; needs_more_evidence; defer_decision,2025-03-31,Measles,"Cases reached as high as 254 during the week of Jan. 11, according to the CDC, a stark difference between the highest number of cases recorded in a single week last year, when 115 cases were confirmed the week of March 30.",possible_primary_case_evidence,duplicate_event_clustering,United States,P0_critical,11,human_review_items; record_inclusion_decisions; quarantined_records; context_records; final_case_dataset; claims; claim_comparisons; corroborated_events,possible primary case evidence - review_duplicate_event_008 - CDC Records Two New Measles Outbreaks — As 2026 Already Outpaces 2025,CDC Records Two New Measles Outbreaks — As 2026 Already Outpaces 2025,https://www.forbes.com/sites/antoniopequenoiv/2026/01/30/measles-cases-this-year-are-outpacing-2025---the-worst-recent-year-on-record,Inspect corroboration and source identity before deciding whether a structured human decision is warranted.,Is this a task-compatible primary case observation or only context/secondary evidence?,rec_src_search_cd5fb2750261_002; event_008,record,"No accepted primary case dataset records exist, and this item may contain possible primary case evidence."
,accept_as_is; correct_fields; reject_record; mark_requires_review; mark_review_resolved; mark_non_countable; mark_countable; mark_duplicate; mark_not_duplicate; needs_more_evidence; defer_decision,2025-03-07,Measles,## Texas Measles Outbreak Reaches 198 Cases,possible_primary_case_evidence,duplicate_event_clustering,Texas,P0_critical,12,human_review_items; record_inclusion_decisions; quarantined_records; context_records; final_case_dataset; claims; claim_comparisons; corroborated_events,"possible primary case evidence - review_duplicate_event_018 - Texas Declares Measles Outbreak 'Over' After 762 Cases, Two Child ...","Texas Declares Measles Outbreak 'Over' After 762 Cases, Two Child ...",https://respiratory-therapy.com/disorders-diseases/infectious-diseases/other-infections/texas-measles-outbreak-2025,Inspect corroboration and source identity before deciding whether a structured human decision is warranted.,Is this a task-compatible primary case observation or only context/secondary evidence?,rec_src_search_831265159816_046; rec_src_search_831265159816_047; event_018,record,"No accepted primary case dataset records exist, and this item may contain possible primary case evidence."
,accept_as_is; correct_fields; reject_record; mark_requires_review; mark_review_resolved; mark_non_countable; mark_countable; mark_duplicate; mark_not_duplicate; needs_more_evidence; defer_decision,2025-03-07,Measles,"According to the state’s data, 153 of the cases have occurred in children under the age of 18. Eighty of the 85 confirmed cases with a known vaccination status have occurred in unvaccinated persons, or 94%.",possible_primary_case_evidence,duplicate_event_clustering,Texas,P0_critical,13,human_review_items; record_inclusion_decisions; quarantined_records; context_records; final_case_dataset; claims; claim_comparisons; corroborated_events,"possible primary case evidence - review_duplicate_event_019 - Texas Declares Measles Outbreak 'Over' After 762 Cases, Two Child ...","Texas Declares Measles Outbreak 'Over' After 762 Cases, Two Child ...",https://respiratory-therapy.com/disorders-diseases/infectious-diseases/other-infections/texas-measles-outbreak-2025,Inspect corroboration and source identity before deciding whether a structured human decision is warranted.,Is this a task-compatible primary case observation or only context/secondary evidence?,rec_src_search_831265159816_048; rec_src_search_831265159816_049; event_019,record,"No accepted primary case dataset records exist, and this item may contain possible primary case evidence."
,accept_as_is; correct_fields; reject_record; mark_requires_review; mark_review_resolved; mark_non_countable; mark_countable; mark_duplicate; mark_not_duplicate; needs_more_evidence; defer_decision,2025-03-20,Measles,"Per a March 18 update from the [Texas Department of State Health Services](https://www.dshs.texas.gov/news-alerts/measles-outbreak-2025), the total number of confirmed measles cases in the state is now 279, an increase of 20 cases since Friday’s update.",possible_primary_case_evidence,duplicate_event_clustering,Texas,P0_critical,14,human_review_items; record_inclusion_decisions; quarantined_records; context_records; final_case_dataset; claims; claim_comparisons; corroborated_events,"possible primary case evidence - review_duplicate_event_020 - Texas Declares Measles Outbreak 'Over' After 762 Cases, Two Child ...","Texas Declares Measles Outbreak 'Over' After 762 Cases, Two Child ...",https://respiratory-therapy.com/disorders-diseases/infectious-diseases/other-infections/texas-measles-outbreak-2025,Inspect corroboration and source identity before deciding whether a structured human decision is warranted.,Is this a task-compatible primary case observation or only context/secondary evidence?,rec_src_search_831265159816_026; rec_src_search_831265159816_027; rec_src_search_831265159816_028; event_020,record,"No accepted primary case dataset records exist, and this item may contain possible primary case evidence."
,accept_as_is; correct_fields; reject_record; mark_requires_review; mark_review_resolved; mark_non_countable; mark_countable; mark_duplicate; mark_not_duplicate; needs_more_evidence; defer_decision,2025-03-31,Measles,"# Texas Declares Measles Outbreak ‘Over’ After 762 Cases, Two Child Deaths",possible_primary_case_evidence,duplicate_event_clustering,Texas,P0_critical,15,human_review_items; record_inclusion_decisions; quarantined_records; context_records; final_case_dataset; claims; claim_comparisons; corroborated_events,"possible primary case evidence - review_duplicate_event_024 - Texas Declares Measles Outbreak 'Over' After 762 Cases, Two Child ...","Texas Declares Measles Outbreak 'Over' After 762 Cases, Two Child ...",https://respiratory-therapy.com/disorders-diseases/infectious-diseases/other-infections/texas-measles-outbreak-2025,Inspect corroboration and source identity before deciding whether a structured human decision is warranted.,Is this a task-compatible primary case observation or only context/secondary evidence?,rec_src_search_831265159816_001; event_024,record,"No accepted primary case dataset records exist, and this item may contain possible primary case evidence."
,accept_as_is; correct_fields; reject_record; mark_requires_review; mark_review_resolved; mark_non_countable; mark_countable; mark_duplicate; mark_not_duplicate; needs_more_evidence; defer_decision,2025-03-31,Measles,## Texas Measles Outbreak: 738 Cases,possible_primary_case_evidence,duplicate_event_clustering,Texas,P0_critical,16,human_review_items; record_inclusion_decisions; quarantined_records; context_records; final_case_dataset; claims; claim_comparisons; corroborated_events,"possible primary case evidence - review_duplicate_event_025 - Texas Declares Measles Outbreak 'Over' After 762 Cases, Two Child ...","Texas Declares Measles Outbreak 'Over' After 762 Cases, Two Child ...",https://respiratory-therapy.com/disorders-diseases/infectious-diseases/other-infections/texas-measles-outbreak-2025,Inspect corroboration and source identity before deciding whether a structured human decision is warranted.,Is this a task-compatible primary case observation or only context/secondary evidence?,rec_src_search_831265159816_002; event_025,record,"No accepted primary case dataset records exist, and this item may contain possible primary case evidence."
,accept_as_is; correct_fields; reject_record; mark_requires_review; mark_review_resolved; mark_non_countable; mark_countable; mark_duplicate; mark_not_duplicate; needs_more_evidence; defer_decision,2025-03-31,Measles,"According to the department’s data, 40 patients have been hospitalized, and no additional deaths have been reported.",possible_primary_case_evidence,duplicate_event_clustering,Texas,P0_critical,17,human_review_items; record_inclusion_decisions; quarantined_records; context_records; final_case_dataset; claims; claim_comparisons; corroborated_events,"possible primary case evidence - review_duplicate_event_026 - Texas Declares Measles Outbreak 'Over' After 762 Cases, Two Child ...","Texas Declares Measles Outbreak 'Over' After 762 Cases, Two Child ...",https://respiratory-therapy.com/disorders-diseases/infectious-diseases/other-infections/texas-measles-outbreak-2025,Inspect corroboration and source identity before deciding whether a structured human decision is warranted.,Is this a task-compatible primary case observation or only context/secondary evidence?,rec_src_search_831265159816_029; event_026,record,"No accepted primary case dataset records exist, and this item may contain possible primary case evidence."
,accept_as_is; correct_fields; reject_record; mark_requires_review; mark_review_resolved; mark_non_countable; mark_countable; mark_duplicate; mark_not_duplicate; needs_more_evidence; defer_decision,2025-03-31,Measles,"The current Texas outbreak of measles has surpassed the 200 mark and now sits at 223 confirmed cases, according to March 11 data released by The [Texas Department of State Health Services](https://www.dshs.texas.gov/news-alerts/measles-outbreak-feb-28-2025).",possible_primary_case_evidence,duplicate_event_clustering,Texas,P0_critical,18,human_review_items; record_inclusion_decisions; quarantined_records; context_records; final_case_dataset; claims; claim_comparisons; corroborated_events,"possible primary case evidence - review_duplicate_event_027 - Texas Declares Measles Outbreak 'Over' After 762 Cases, Two Child ...","Texas Declares Measles Outbreak 'Over' After 762 Cases, Two Child ...",https://respiratory-therapy.com/disorders-diseases/infectious-diseases/other-infections/texas-measles-outbreak-2025,Inspect corroboration and source identity before deciding whether a structured human decision is warranted.,Is this a task-compatible primary case observation or only context/secondary evidence?,rec_src_search_831265159816_039; event_027,record,"No accepted primary case dataset records exist, and this item may contain possible primary case evidence."
,accept_as_is; correct_fields; reject_record; mark_requires_review; mark_review_resolved; mark_non_countable; mark_countable; mark_duplicate; mark_not_duplicate; needs_more_evidence; defer_decision,2025-03-31,Measles,"Per an April 18 update from the [Texas Department of State Health Services](https://www.dshs.texas.gov/news-alerts/measles-outbreak-2025), the total number of confirmed measles cases in the state is now 597, an increase of 56 cases in the last week (+10%).",possible_primary_case_evidence,duplicate_event_clustering,Texas,P0_critical,19,human_review_items; record_inclusion_decisions; quarantined_records; context_records; final_case_dataset; claims; claim_comparisons; corroborated_events,"possible primary case evidence - review_duplicate_event_028 - Texas Declares Measles Outbreak 'Over' After 762 Cases, Two Child ...","Texas Declares Measles Outbreak 'Over' After 762 Cases, Two Child ...",https://respiratory-therapy.com/disorders-diseases/infectious-diseases/other-infections/texas-measles-outbreak-2025,Inspect corroboration and source identity before deciding whether a structured human decision is warranted.,Is this a task-compatible primary case observation or only context/secondary evidence?,rec_src_search_831265159816_013; event_028,record,"No accepted primary case dataset records exist, and this item may contain possible primary case evidence."
,accept_as_is; correct_fields; reject_record; mark_requires_review; mark_review_resolved; mark_non_countable; mark_countable; mark_duplicate; mark_not_duplicate; needs_more_evidence; defer_decision,2025-03-31,Measles,## Confirmed Measles Cases Reach 646 in Texas,possible_primary_case_evidence,duplicate_event_clustering,Texas,P0_critical,20,human_review_items; record_inclusion_decisions; quarantined_records; context_records; final_case_dataset; claims; claim_comparisons; corroborated_events,"possible primary case evidence - review_duplicate_event_029 - Texas Declares Measles Outbreak 'Over' After 762 Cases, Two Child ...","Texas Declares Measles Outbreak 'Over' After 762 Cases, Two Child ...",https://respiratory-therapy.com/disorders-diseases/infectious-diseases/other-infections/texas-measles-outbreak-2025,Inspect corroboration and source identity before deciding whether a structured human decision is warranted.,Is this a task-compatible primary case observation or only context/secondary evidence?,rec_src_search_831265159816_008; event_029,record,"No accepted primary case dataset records exist, and this item may contain possible primary case evidence."
,accept_as_is; correct_fields; reject_record; mark_requires_review; mark_review_resolved; mark_non_countable; mark_countable; mark_duplicate; mark_not_duplicate; needs_more_evidence; defer_decision,2025-03-31,Measles,No additional deaths have been reported since a [second Texas child died](https://respiratory-therapy.com/disorders-diseases/infectious-diseases/other-infections/second-child-dies-of-measles-in-texas/) of “measles pulmonary failure” on April 6.,possible_primary_case_evidence,duplicate_event_clustering,Texas,P0_critical,21,human_review_items; record_inclusion_decisions; quarantined_records; context_records; final_case_dataset; claims; claim_comparisons; corroborated_events,"possible primary case evidence - review_duplicate_event_030 - Texas Declares Measles Outbreak 'Over' After 762 Cases, Two Child ...","Texas Declares Measles Outbreak 'Over' After 762 Cases, Two Child ...",https://respiratory-therapy.com/disorders-diseases/infectious-diseases/other-infections/texas-measles-outbreak-2025,Inspect corroboration and source identity before deciding whether a structured human decision is warranted.,Is this a task-compatible primary case observation or only context/secondary evidence?,rec_src_search_831265159816_011; event_030,record,"No accepted primary case dataset records exist, and this item may contain possible primary case evidence."
,accept_as_is; correct_fields; reject_record; mark_requires_review; mark_review_resolved; mark_non_countable; mark_countable; mark_duplicate; mark_not_duplicate; needs_more_evidence; defer_decision,2025-03-31,Measles,"According to the department’s data, a total of 64 hospitalizations have occurred since the start of the outbreak.",possible_primary_case_evidence,duplicate_event_clustering,Texas,P0_critical,22,human_review_items; record_inclusion_decisions; quarantined_records; context_records; final_case_dataset; claims; claim_comparisons; corroborated_events,"possible primary case evidence - review_duplicate_event_031 - Texas Declares Measles Outbreak 'Over' After 762 Cases, Two Child ...","Texas Declares Measles Outbreak 'Over' After 762 Cases, Two Child ...",https://respiratory-therapy.com/disorders-diseases/infectious-diseases/other-infections/texas-measles-outbreak-2025,Inspect corroboration and source identity before deciding whether a structured human decision is warranted.,Is this a task-compatible primary case observation or only context/secondary evidence?,rec_src_search_831265159816_010; event_031,record,"No accepted primary case dataset records exist, and this item may contain possible primary case evidence."
,accept_as_is; correct_fields; reject_record; mark_requires_review; mark_review_resolved; mark_non_countable; mark_countable; mark_duplicate; mark_not_duplicate; needs_more_evidence; defer_decision,2025-03-31,Measles,"According to the department’s data, 56 patients have been hospitalized.",possible_primary_case_evidence,duplicate_event_clustering,Texas,P0_critical,23,human_review_items; record_inclusion_decisions; quarantined_records; context_records; final_case_dataset; claims; claim_comparisons; corroborated_events,"possible primary case evidence - review_duplicate_event_032 - Texas Declares Measles Outbreak 'Over' After 762 Cases, Two Child ...","Texas Declares Measles Outbreak 'Over' After 762 Cases, Two Child ...",https://respiratory-therapy.com/disorders-diseases/infectious-diseases/other-infections/texas-measles-outbreak-2025,Inspect corroboration and source identity before deciding whether a structured human decision is warranted.,Is this a task-compatible primary case observation or only context/secondary evidence?,rec_src_search_831265159816_017; event_032,record,"No accepted primary case dataset records exist, and this item may contain possible primary case evidence."
,accept_as_is; correct_fields; reject_record; mark_requires_review; mark_review_resolved; mark_non_countable; mark_countable; mark_duplicate; mark_not_duplicate; needs_more_evidence; defer_decision,2025-03-31,Measles,"According to the department’s data, 56 patients have been hospitalized.",possible_primary_case_evidence,duplicate_event_clustering,Texas,P0_critical,24,human_review_items; record_inclusion_decisions; quarantined_records; context_records; final_case_dataset; claims; claim_comparisons; corroborated_events,"possible primary case evidence - review_duplicate_event_033 - Texas Declares Measles Outbreak 'Over' After 762 Cases, Two Child ...","Texas Declares Measles Outbreak 'Over' After 762 Cases, Two Child ...",https://respiratory-therapy.com/disorders-diseases/infectious-diseases/other-infections/texas-measles-outbreak-2025,Inspect corroboration and source identity before deciding whether a structured human decision is warranted.,Is this a task-compatible primary case observation or only context/secondary evidence?,rec_src_search_831265159816_014; event_033,record,"No accepted primary case dataset records exist, and this item may contain possible primary case evidence."
,accept_as_is; correct_fields; reject_record; mark_requires_review; mark_review_resolved; mark_non_countable; mark_countable; mark_duplicate; mark_not_duplicate; needs_more_evidence; defer_decision,2025-03-31,Measles,"According to the department’s data, a total of 64 hospitalizations have occurred since the start of the outbreak.",possible_primary_case_evidence,duplicate_event_clustering,Texas,P0_critical,25,human_review_items; record_inclusion_decisions; quarantined_records; context_records; final_case_dataset; claims; claim_comparisons; corroborated_events,"possible primary case evidence - review_duplicate_event_034 - Texas Declares Measles Outbreak 'Over' After 762 Cases, Two Child ...","Texas Declares Measles Outbreak 'Over' After 762 Cases, Two Child ...",https://respiratory-therapy.com/disorders-diseases/infectious-diseases/other-infections/texas-measles-outbreak-2025,Inspect corroboration and source identity before deciding whether a structured human decision is warranted.,Is this a task-compatible primary case observation or only context/secondary evidence?,rec_src_search_831265159816_009; event_034,record,"No accepted primary case dataset records exist, and this item may contain possible primary case evidence."
,accept_as_is; correct_fields; reject_record; mark_requires_review; mark_review_resolved; mark_non_countable; mark_countable; mark_duplicate; mark_not_duplicate; needs_more_evidence; defer_decision,2025-03-31,Measles,"The number of measles cases in the current Texas outbreak has hit 259, according to March 14 data released by The [Texas Department of State Health Services](https://www.dshs.texas.gov/news-alerts/measles-outbreak-feb-28-2025).",possible_primary_case_evidence,duplicate_event_clustering,Texas,P0_critical,26,human_review_items; record_inclusion_decisions; quarantined_records; context_records; final_case_dataset; claims; claim_comparisons; corroborated_events,"possible primary case evidence - review_duplicate_event_035 - Texas Declares Measles Outbreak 'Over' After 762 Cases, Two Child ...","Texas Declares Measles Outbreak 'Over' After 762 Cases, Two Child ...",https://respiratory-therapy.com/disorders-diseases/infectious-diseases/other-infections/texas-measles-outbreak-2025,Inspect corroboration and source identity before deciding whether a structured human decision is warranted.,Is this a task-compatible primary case observation or only context/secondary evidence?,rec_src_search_831265159816_035; rec_src_search_831265159816_036; event_035,record,"No accepted primary case dataset records exist, and this item may contain possible primary case evidence."
,accept_as_is; correct_fields; reject_record; mark_requires_review; mark_review_resolved; mark_non_countable; mark_countable; mark_duplicate; mark_not_duplicate; needs_more_evidence; defer_decision,2025-03-31,Measles,"Of the 573 infections with age data available, 401 have occurred in children under age 18 (70%).",possible_primary_case_evidence,duplicate_event_clustering,Texas,P0_critical,27,human_review_items; record_inclusion_decisions; quarantined_records; context_records; final_case_dataset; claims; claim_comparisons; corroborated_events,"possible primary case evidence - review_duplicate_event_038 - Texas Declares Measles Outbreak 'Over' After 762 Cases, Two Child ...","Texas Declares Measles Outbreak 'Over' After 762 Cases, Two Child ...",https://respiratory-therapy.com/disorders-diseases/infectious-diseases/other-infections/texas-measles-outbreak-2025,Inspect corroboration and source identity before deciding whether a structured human decision is warranted.,Is this a task-compatible primary case observation or only context/secondary evidence?,rec_src_search_831265159816_015; rec_src_search_831265159816_016; event_038,record,"No accepted primary case dataset records exist, and this item may contain possible primary case evidence."
,accept_as_is; correct_fields; reject_record; mark_requires_review; mark_review_resolved; mark_non_countable; mark_countable; mark_duplicate; mark_not_duplicate; needs_more_evidence; defer_decision,2025-03-31,Measles,"One hundred seventy-four of the cases have been confirmed in children under age 18, and 80 of the cases in unvaccinated individuals compared to five in those vaccinated with one dose of the MMR vaccine.",possible_primary_case_evidence,duplicate_event_clustering,Texas,P0_critical,28,human_review_items; record_inclusion_decisions; quarantined_records; context_records; final_case_dataset; claims; claim_comparisons; corroborated_events,"possible primary case evidence - review_duplicate_event_039 - Texas Declares Measles Outbreak 'Over' After 762 Cases, Two Child ...","Texas Declares Measles Outbreak 'Over' After 762 Cases, Two Child ...",https://respiratory-therapy.com/disorders-diseases/infectious-diseases/other-infections/texas-measles-outbreak-2025,Inspect corroboration and source identity before deciding whether a structured human decision is warranted.,Is this a task-compatible primary case observation or only context/secondary evidence?,rec_src_search_831265159816_040; event_039,record,"No accepted primary case dataset records exist, and this item may contain possible primary case evidence."
,accept_as_is; correct_fields; reject_record; mark_requires_review; mark_review_resolved; mark_non_countable; mark_countable; mark_duplicate; mark_not_duplicate; needs_more_evidence; defer_decision,2025-03-31,Measles,The department reports only two cases (out of 259) have occurred in vaccinated persons (zero in patients with one-dose and two in patients with 2+ doses).,possible_primary_case_evidence,duplicate_event_clustering,Texas,P0_critical,29,human_review_items; record_inclusion_decisions; quarantined_records; context_records; final_case_dataset; claims; claim_comparisons; corroborated_events,"possible primary case evidence - review_duplicate_event_040 - Texas Declares Measles Outbreak 'Over' After 762 Cases, Two Child ...","Texas Declares Measles Outbreak 'Over' After 762 Cases, Two Child ...",https://respiratory-therapy.com/disorders-diseases/infectious-diseases/other-infections/texas-measles-outbreak-2025,Inspect corroboration and source identity before deciding whether a structured human decision is warranted.,Is this a task-compatible primary case observation or only context/secondary evidence?,rec_src_search_831265159816_037; rec_src_search_831265159816_038; event_040,record,"No accepted primary case dataset records exist, and this item may contain possible primary case evidence."
,accept_as_is; correct_fields; reject_record; mark_requires_review; mark_review_resolved; mark_non_countable; mark_countable; mark_duplicate; mark_not_duplicate; needs_more_evidence; defer_decision,2025-05-09,Measles,"Gaines County continues to be the epicenter of the outbreak, with 403 cases (56.8%) out of 646 occurring in the county.",possible_primary_case_evidence,duplicate_event_clustering,Texas,P0_critical,30,human_review_items; record_inclusion_decisions; quarantined_records; context_records; final_case_dataset; claims; claim_comparisons; corroborated_events,"possible primary case evidence - review_duplicate_event_042 - Texas Declares Measles Outbreak 'Over' After 762 Cases, Two Child ...","Texas Declares Measles Outbreak 'Over' After 762 Cases, Two Child ...",https://respiratory-therapy.com/disorders-diseases/infectious-diseases/other-infections/texas-measles-outbreak-2025,Inspect corroboration and source identity before deciding whether a structured human decision is warranted.,Is this a task-compatible primary case observation or only context/secondary evidence?,rec_src_search_831265159816_007; event_042,record,"No accepted primary case dataset records exist, and this item may contain possible primary case evidence."
,accept_as_is; correct_fields; reject_record; mark_requires_review; mark_review_resolved; mark_non_countable; mark_countable; mark_duplicate; mark_not_duplicate; needs_more_evidence; defer_decision,2025-05-09,Measles,"Per a May 9 update from the [Texas Department of State Health Services](https://www.dshs.texas.gov/news-alerts/measles-outbreak-2025), the total number of confirmed measles cases in the state is now 709.",possible_primary_case_evidence,duplicate_event_clustering,Texas,P0_critical,31,human_review_items; record_inclusion_decisions; quarantined_records; context_records; final_case_dataset; claims; claim_comparisons; corroborated_events,"possible primary case evidence - review_duplicate_event_043 - Texas Declares Measles Outbreak 'Over' After 762 Cases, Two Child ...","Texas Declares Measles Outbreak 'Over' After 762 Cases, Two Child ...",https://respiratory-therapy.com/disorders-diseases/infectious-diseases/other-infections/texas-measles-outbreak-2025,Inspect corroboration and source identity before deciding whether a structured human decision is warranted.,Is this a task-compatible primary case observation or only context/secondary evidence?,rec_src_search_831265159816_004; rec_src_search_831265159816_005; event_043,record,"No accepted primary case dataset records exist, and this item may contain possible primary case evidence."
,accept_as_is; correct_fields; reject_record; mark_requires_review; mark_review_resolved; mark_non_countable; mark_countable; mark_duplicate; mark_not_duplicate; needs_more_evidence; defer_decision,2025-05-09,Measles,"Of the 690 infections with age data available, 467 have occurred in children under age 18 (67.7%).",possible_primary_case_evidence,duplicate_event_clustering,Texas,P0_critical,32,human_review_items; record_inclusion_decisions; quarantined_records; context_records; final_case_dataset; claims; claim_comparisons; corroborated_events,"possible primary case evidence - review_duplicate_event_044 - Texas Declares Measles Outbreak 'Over' After 762 Cases, Two Child ...","Texas Declares Measles Outbreak 'Over' After 762 Cases, Two Child ...",https://respiratory-therapy.com/disorders-diseases/infectious-diseases/other-infections/texas-measles-outbreak-2025,Inspect corroboration and source identity before deciding whether a structured human decision is warranted.,Is this a task-compatible primary case observation or only context/secondary evidence?,rec_src_search_831265159816_006; event_044,record,"No accepted primary case dataset records exist, and this item may contain possible primary case evidence."
Centers for Disease Control and Prevention,accept_as_is; correct_fields; reject_record; mark_requires_review; mark_review_resolved; mark_non_countable; mark_countable; mark_duplicate; mark_not_duplicate; needs_more_evidence; defer_decision,2025-03-31,Measles,| Intensive care unit admission | 4 (7.4) |,possible_primary_case_evidence,duplicate_event_clustering,West Texas,P0_critical,33,human_review_items; record_inclusion_decisions; quarantined_records; context_records; final_case_dataset; claims; claim_comparisons; corroborated_events,possible primary case evidence - review_duplicate_event_046 - Characteristics of Patients Hospitalized with Measles During an Outbreak —...,"Characteristics of Patients Hospitalized with Measles During an Outbreak — West Texas, January–March 2025  | MMWR",https://www.cdc.gov/mmwr/volumes/75/wr/mm7520a1.htm,Inspect corroboration and source identity before deciding whether a structured human decision is warranted.,Is this a task-compatible primary case observation or only context/secondary evidence?,rec_src_search_4e73f2d0f38f_002; rec_src_search_4e73f2d0f38f_003; rec_src_search_4e73f2d0f38f_004; rec_src_search_4e73f2d0f38f_005; event_046,record,"No accepted primary case dataset records exist, and this item may contain possible primary case evidence."
Pan American Health Organization,accept_as_is; correct_fields; reject_record; mark_requires_review; mark_review_resolved; mark_non_countable; mark_countable; mark_duplicate; mark_not_duplicate; needs_more_evidence; defer_decision,2025-03-31,Measles,"| [Download](/sites/default/files/2026/04/pahomeaslessitrep1engupdated_0.pdf ""Situation Report #1: Measles in the Americas Region"") | Between epidemiological weeks (EW) 1 and EW 12 of 2026, countries in the Region of the Americas reported 14,465 confirmed measles cases. In 2025, 14,503 measles cases were reported, including 32 deaths. This follows a marked rise in cases during 2025, with continued acceleration observed in early 2026. Genotyping information indicate that the D8 lineage has been identified across multiple countries and is associated with outbreaks in at least ten countries, suggesting widespread circulation of this strain in the Region. The highest number of cases in 2026 have been reported in Mexico (n= 8,315), Guatemala (n= 3,687), the United States of America (n= 1,664...",possible_primary_case_evidence,duplicate_event_clustering,United States,P0_critical,34,human_review_items; record_inclusion_decisions; quarantined_records; context_records; final_case_dataset; claims; claim_comparisons; corroborated_events,possible primary case evidence - review_duplicate_event_048 - Situation Report #1: Measles in the Americas Region - PAHO/WHO | Pan Americ...,Situation Report #1: Measles in the Americas Region - PAHO/WHO | Pan American Health Organization,https://www.paho.org/en/documents/situation-report-1-measles-americas-region,Inspect corroboration and source identity before deciding whether a structured human decision is warranted.,Is this a task-compatible primary case observation or only context/secondary evidence?,rec_src_search_6e578fc529e9_001; event_048,record,"No accepted primary case dataset records exist, and this item may contain possible primary case evidence."
Pan American Health Organization,accept_as_is; correct_fields; reject_record; mark_requires_review; mark_review_resolved; mark_non_countable; mark_countable; mark_duplicate; mark_not_duplicate; needs_more_evidence; defer_decision,2025-03-31,Measles,"| [Download](/sites/default/files/2026/04/pahomeaslessitrep1engupdated_0.pdf ""Situation Report #1: Measles in the Americas Region"") | Between epidemiological weeks (EW) 1 and EW 12 of 2026, countries in the Region of the Americas reported 14,465 confirmed measles cases. In 2025, 14,503 measles cases were reported, including 32 deaths. This follows a marked rise in cases during 2025, with continued acceleration observed in early 2026. Genotyping information indicate that the D8 lineage has been identified across multiple countries and is associated with outbreaks in at least ten countries, suggesting widespread circulation of this strain in the Region. The highest number of cases in 2026 have been reported in Mexico (n= 8,315), Guatemala (n= 3,687), the United States of America (n= 1,664...",possible_primary_case_evidence,duplicate_event_clustering,United States,P0_critical,35,human_review_items; record_inclusion_decisions; quarantined_records; context_records; final_case_dataset; claims; claim_comparisons; corroborated_events,possible primary case evidence - review_duplicate_event_049 - Situation Report #1: Measles in the Americas Region - PAHO/WHO | Pan Americ...,Situation Report #1: Measles in the Americas Region - PAHO/WHO | Pan American Health Organization,https://www.paho.org/en/documents/situation-report-1-measles-americas-region,Inspect corroboration and source identity before deciding whether a structured human decision is warranted.,Is this a task-compatible primary case observation or only context/secondary evidence?,rec_src_search_6e578fc529e9_002; event_049,record,"No accepted primary case dataset records exist, and this item may contain possible primary case evidence."
Pan American Health Organization,accept_as_is; correct_fields; reject_record; mark_requires_review; mark_review_resolved; mark_non_countable; mark_countable; mark_duplicate; mark_not_duplicate; needs_more_evidence; defer_decision,2025-03-31,Measles,"| [Download](/sites/default/files/2026/04/pahomeaslessitrep1engupdated_0.pdf ""Situation Report #1: Measles in the Americas Region"") | Between epidemiological weeks (EW) 1 and EW 12 of 2026, countries in the Region of the Americas reported 14,465 confirmed measles cases. In 2025, 14,503 measles cases were reported, including 32 deaths. This follows a marked rise in cases during 2025, with continued acceleration observed in early 2026. Genotyping information indicate that the D8 lineage has been identified across multiple countries and is associated with outbreaks in at least ten countries, suggesting widespread circulation of this strain in the Region. The highest number of cases in 2026 have been reported in Mexico (n= 8,315), Guatemala (n= 3,687), the United States of America (n= 1,664...",possible_primary_case_evidence,duplicate_event_clustering,United States,P0_critical,36,human_review_items; record_inclusion_decisions; quarantined_records; context_records; final_case_dataset; claims; claim_comparisons; corroborated_events,possible primary case evidence - review_duplicate_event_050 - Situation Report #1: Measles in the Americas Region - PAHO/WHO | Pan Americ...,Situation Report #1: Measles in the Americas Region - PAHO/WHO | Pan American Health Organization,https://www.paho.org/en/documents/situation-report-1-measles-americas-region,Inspect corroboration and source identity before deciding whether a structured human decision is warranted.,Is this a task-compatible primary case observation or only context/secondary evidence?,rec_src_search_6e578fc529e9_003; event_050,record,"No accepted primary case dataset records exist, and this item may contain possible primary case evidence."
,accept_as_is; correct_fields; reject_record; mark_requires_review; mark_review_resolved; mark_non_countable; mark_countable; mark_duplicate; mark_not_duplicate; needs_more_evidence; defer_decision,2025-03-31,Measles,No additional deaths have been reported since a [second Texas child died](https://respiratory-therapy.com/disorders-diseases/infectious-diseases/other-infections/second-child-dies-of-measles-in-texas/) of “measles pulmonary failure” on April 6.,possible_primary_case_evidence,duplicate_event_clustering,Texas,P0_critical,37,human_review_items; record_inclusion_decisions; quarantined_records; context_records; final_case_dataset; claims; claim_comparisons; corroborated_events,"possible primary case evidence - review_duplicate_event_052 - Texas Declares Measles Outbreak 'Over' After 762 Cases, Two Child ...","Texas Declares Measles Outbreak 'Over' After 762 Cases, Two Child ...",https://respiratory-therapy.com/disorders-diseases/infectious-diseases/other-infections/texas-measles-outbreak-2025,Inspect corroboration and source identity before deciding whether a structured human decision is warranted.,Is this a task-compatible primary case observation or only context/secondary evidence?,rec_src_search_831265159816_018; rec_src_search_831265159816_019; rec_src_search_831265159816_021; event_052,record,"No accepted primary case dataset records exist, and this item may contain possible primary case evidence."
Centers for Disease Control and Prevention,accept_anomaly; dismiss_anomaly; confirm_anomaly; mark_anomaly_resolved; mark_anomaly_needs_more_evidence,2025-01-01-2025-03-31,Measles,| ****Total measles cases**** | ****800 (100)**** | ****48 (6)**** | ****752 (94)**** |,validation_conflict_review,anomaly,United States,P0_critical,38,human_review_items; record_inclusion_decisions; validation_results; validation_source_compatibility_summary; anomaly_results,"validation conflict review - review_anomaly_anom_008 - Measles Update — United States, January 1–April 17, 2025 | MMWR","Measles Update — United States, January 1–April 17, 2025 | MMWR",https://www.cdc.gov/mmwr/volumes/74/wr/mm7414a1.htm,resolve_validation_conflict,"What decision, if any, should a human reviewer record?",src_search_3109afb35d90; event_007; anom_008; val_result_079,anomaly,This review item requires human inspection before it should affect downstream interpretation.
,accept_anomaly; dismiss_anomaly; confirm_anomaly; mark_anomaly_resolved; mark_anomaly_needs_more_evidence,2025-01-01-2025-03-31,Measles,"According to the state’s data, 153 of the cases have occurred in children under the age of 18. Eighty of the 85 confirmed cases with a known vaccination status have occurred in unvaccinated persons, or 94%.",validation_conflict_review,anomaly,United States,P0_critical,39,human_review_items; record_inclusion_decisions; validation_results; validation_source_compatibility_summary; anomaly_results,"validation conflict review - review_anomaly_anom_009 - Texas Declares Measles Outbreak 'Over' After 762 Cases, Two Child ...","Texas Declares Measles Outbreak 'Over' After 762 Cases, Two Child ...",https://respiratory-therapy.com/disorders-diseases/infectious-diseases/other-infections/texas-measles-outbreak-2025,resolve_validation_conflict,"What decision, if any, should a human reviewer record?",src_search_831265159816; event_019; anom_009; val_result_092,anomaly,This review item requires human inspection before it should affect downstream interpretation.
Centers for Disease Control and Prevention,accept_as_is; correct_fields; reject_record; mark_requires_review; mark_review_resolved; mark_non_countable; mark_countable; mark_duplicate; mark_not_duplicate; needs_more_evidence; defer_decision,2025-03-31,Measles,| ****Total measles cases**** | ****800 (100)**** | ****48 (6)**** | ****752 (94)**** |,validation_conflict_review,cross_source_conflict,United States,P0_critical,40,human_review_items; record_inclusion_decisions; quarantined_records; context_records; final_case_dataset; validation_results; validation_source_compatibility_summary,"validation conflict review - review_conflict_conf_001 - Measles Update — United States, January 1–April 17, 2025 | MMWR","Measles Update — United States, January 1–April 17, 2025 | MMWR",https://www.cdc.gov/mmwr/volumes/74/wr/mm7414a1.htm,Inspect the linked artifacts and only then edit a decision file if needed.,"What decision, if any, should a human reviewer record?",rec_src_search_3109afb35d90_002; rec_src_search_3109afb35d90_003; rec_src_search_3109afb35d90_004; conf_001,record,This review item requires human inspection before it should affect downstream interpretation.
,accept_as_is; correct_fields; reject_record; mark_requires_review; mark_review_resolved; mark_non_countable; mark_countable; mark_duplicate; mark_not_duplicate; needs_more_evidence; defer_decision,2025-03-28,Measles,"The number of measles cases in the current Texas outbreak has reached 400, according to March 28 data released by The [Texas Department of State Health Services](https://www.dshs.texas.gov/news-alerts/measles-outbreak-feb-28-2025).",validation_conflict_review,duplicate_event_clustering,Texas,P0_critical,41,human_review_items; record_inclusion_decisions; quarantined_records; context_records; final_case_dataset; validation_results; validation_source_compatibility_summary,"validation conflict review - review_duplicate_event_023 - Texas Declares Measles Outbreak 'Over' After 762 Cases, Two Child ...","Texas Declares Measles Outbreak 'Over' After 762 Cases, Two Child ...",https://respiratory-therapy.com/disorders-diseases/infectious-diseases/other-infections/texas-measles-outbreak-2025,Inspect the linked artifacts and only then edit a decision file if needed.,"What decision, if any, should a human reviewer record?",rec_src_search_831265159816_023; rec_src_search_831265159816_024; event_023,record,This review item requires human inspection before it should affect downstream interpretation.
Centers for Disease Control and Prevention,accept_validation_result; mark_validation_result_not_applicable; confirm_conflict; resolve_conflict_as_left; resolve_conflict_as_right; mark_needs_more_evidence; override_validation_status,2025-03-31,Measles,| ****Total measles cases**** | ****800 (100)**** | ****48 (6)**** | ****752 (94)**** |,validation_conflict_review,validation_conflict,United States,P0_critical,42,human_review_items; record_inclusion_decisions; validation_results; validation_source_compatibility_summary,"validation conflict review - review_validation_val_result_079 - Measles Update — United States, January 1–April 17, 2025 | MMWR","Measles Update — United States, January 1–April 17, 2025 | MMWR",https://www.cdc.gov/mmwr/volumes/74/wr/mm7414a1.htm,Inspect the linked artifacts and only then edit a decision file if needed.,"What decision, if any, should a human reviewer record?",rec_src_search_3109afb35d90_002; rec_src_search_3109afb35d90_003; rec_src_search_3109afb35d90_004; val_result_079,validation_result,This review item requires human inspection before it should affect downstream interpretation.
Pan American Health Organization,accept_anomaly; dismiss_anomaly; confirm_anomaly; mark_anomaly_resolved; mark_anomaly_needs_more_evidence,2025-01-01-2025-03-31,Measles,"| [Download](/sites/default/files/2026/04/pahomeaslessitrep1engupdated_0.pdf ""Situation Report #1: Measles in the Americas Region"") | Between epidemiological weeks (EW) 1 and EW 12 of 2026, countries in the Region of the Americas reported 14,465 confirmed measles cases. In 2025, 14,503 measles cases were reported, including 32 deaths. This follows a marked rise in cases during 2025, with continued acceleration observed in early 2026. Genotyping information indicate that the D8 lineage has been identified across multiple countries and is associated with outbreaks in at least ten countries, suggesting widespread circulation of this strain in the Region. The highest number of cases in 2026 have been reported in Mexico (n= 8,315), Guatemala (n= 3,687), the United States of America (n= 1,664...",claim_corroboration_review,anomaly,United States,P0_critical,43,human_review_items; record_inclusion_decisions; claims; claim_comparisons; corroborated_events; anomaly_results,claim corroboration review - review_anomaly_anom_006 - Situation Report #1: Measles in the Americas Region - PAHO/WHO | Pan American Heal...,Situation Report #1: Measles in the Americas Region - PAHO/WHO | Pan American Health Organization,https://www.paho.org/en/documents/situation-report-1-measles-americas-region,confirm_scope_or_reject_record,"Is the claim independently corroborated, conflicting, or only single-source evidence?",src_search_6e578fc529e9; event_049; anom_006; val_result_010,anomaly,Claim-level support is unresolved or depends on a single source.
Pan American Health Organization,accept_anomaly; dismiss_anomaly; confirm_anomaly; mark_anomaly_resolved; mark_anomaly_needs_more_evidence,2025-01-01-2025-03-31,Measles,"| [Download](/sites/default/files/2026/04/pahomeaslessitrep1engupdated_0.pdf ""Situation Report #1: Measles in the Americas Region"") | Between epidemiological weeks (EW) 1 and EW 12 of 2026, countries in the Region of the Americas reported 14,465 confirmed measles cases. In 2025, 14,503 measles cases were reported, including 32 deaths. This follows a marked rise in cases during 2025, with continued acceleration observed in early 2026. Genotyping information indicate that the D8 lineage has been identified across multiple countries and is associated with outbreaks in at least ten countries, suggesting widespread circulation of this strain in the Region. The highest number of cases in 2026 have been reported in Mexico (n= 8,315), Guatemala (n= 3,687), the United States of America (n= 1,664...",claim_corroboration_review,anomaly,United States,P0_critical,44,human_review_items; record_inclusion_decisions; claims; claim_comparisons; corroborated_events; anomaly_results,claim corroboration review - review_anomaly_anom_007 - Situation Report #1: Measles in the Americas Region - PAHO/WHO | Pan American Heal...,Situation Report #1: Measles in the Americas Region - PAHO/WHO | Pan American Health Organization,https://www.paho.org/en/documents/situation-report-1-measles-americas-region,confirm_scope_or_reject_record,"Is the claim independently corroborated, conflicting, or only single-source evidence?",src_search_6e578fc529e9; event_050; anom_007; val_result_011,anomaly,Claim-level support is unresolved or depends on a single source.
,needs_more_evidence; defer_decision,2025-01-01-2025-03-31,Measles,Primary case claim has no independent corroborating source.,claim_corroboration_review,claim_corroboration_review,United States,P1_high,45,human_review_items; record_inclusion_decisions; claims; claim_comparisons; corroborated_events,"claim corroboration review - review_claim_corroboration_review_corr_event_001 - Measles Outbreak – August 12, 2025 | Texas DSHS","Measles Outbreak – August 12, 2025 | Texas DSHS",https://www.dshs.texas.gov/news-alerts/measles-outbreak-2025,review_claim_corroboration,"Is the claim independently corroborated, conflicting, or only single-source evidence?",claim_rec_src_search_3e232b5b243d_001_cases_confirmed; src_search_3e232b5b243d; corr_event_001,claim,Claim-level support is unresolved or depends on a single source.
,needs_more_evidence; defer_decision,2025-01-01-2025-03-31,Measles,Primary case claim has no independent corroborating source.,claim_corroboration_review,claim_corroboration_review,United States,P1_high,46,human_review_items; record_inclusion_decisions; claims; claim_comparisons; corroborated_events,claim corroboration review - review_claim_corroboration_review_corr_event_003 - Over 2K measles cases reported in US in 2025 as ongoing ....,Over 2K measles cases reported in US in 2025 as ongoing ... - ABC7,https://abc7.com/post/2k-measles-cases-reported-us-2025-ongoing-outbreaks-threaten-elimination-status/18339323,review_claim_corroboration,"Is the claim independently corroborated, conflicting, or only single-source evidence?",claim_rec_src_search_5155d9022c8b_002_cases_unspecified; src_search_5155d9022c8b; corr_event_003,claim,Claim-level support is unresolved or depends on a single source.
Pan American Health Organization,needs_more_evidence; defer_decision,2025-01-01-2025-03-31,Measles,Primary case claim has no independent corroborating source.,claim_corroboration_review,claim_corroboration_review,United States,P1_high,47,human_review_items; record_inclusion_decisions; claims; claim_comparisons; corroborated_events,claim corroboration review - review_claim_corroboration_review_corr_event_004 - Situation Report #2: Measles in the Americas Region - PAH...,Situation Report #2: Measles in the Americas Region - PAHO/WHO | Pan American Health Organization,https://www.paho.org/en/documents/situation-report-2-measles-americas-region,review_claim_corroboration,"Is the claim independently corroborated, conflicting, or only single-source evidence?",claim_rec_src_search_8242cbb785a1_001_cases_confirmed; claim_rec_src_search_8242cbb785a1_001_deaths; claim_rec_src_search_8242cbb785a1_002_deaths; src_search_8242cbb785a1; corr_event_004,claim,Claim-level support is unresolved or depends on a single source.
Pan American Health Organization,needs_more_evidence; defer_decision,2025-01-01-2025-03-31,Measles,Primary case claim has no independent corroborating source.,claim_corroboration_review,claim_corroboration_review,United States,P1_high,48,human_review_items; record_inclusion_decisions; claims; claim_comparisons; corroborated_events,claim corroboration review - review_claim_corroboration_review_corr_event_005 - Situation Report #1: Measles in the Americas Region - PAH...,Situation Report #1: Measles in the Americas Region - PAHO/WHO | Pan American Health Organization,https://www.paho.org/en/documents/situation-report-1-measles-americas-region,review_claim_corroboration,"Is the claim independently corroborated, conflicting, or only single-source evidence?",claim_rec_src_search_6e578fc529e9_001_cases_unspecified; claim_rec_src_search_6e578fc529e9_001_deaths; claim_rec_src_search_6e578fc529e9_002_cases_confirmed; src_search_6e578fc529e9; corr_event_005,claim,Claim-level support is unresolved or depends on a single source.
Pan American Health Organization,needs_more_evidence; defer_decision,2025-01-01-2025-03-31,Measles,Primary case claim has no independent corroborating source.,claim_corroboration_review,claim_corroboration_review,United States,P1_high,49,human_review_items; record_inclusion_decisions; claims; claim_comparisons; corroborated_events,claim corroboration review - review_claim_corroboration_review_corr_event_006 - Situation Report #1: Measles in the Americas Region - PAH...,Situation Report #1: Measles in the Americas Region - PAHO/WHO | Pan American Health Organization,https://www.paho.org/en/documents/situation-report-1-measles-americas-region,review_claim_corroboration,"Is the claim independently corroborated, conflicting, or only single-source evidence?",claim_rec_src_search_6e578fc529e9_003_cases_unspecified; src_search_6e578fc529e9; corr_event_006,claim,Claim-level support is unresolved or depends on a single source.
Centers for Disease Control and Prevention,needs_more_evidence; defer_decision,2025-01-01-2025-03-31,Measles,Primary case claim has no independent corroborating source.,claim_corroboration_review,claim_corroboration_review,United States,P1_high,50,human_review_items; record_inclusion_decisions; claims; claim_comparisons; corroborated_events,claim corroboration review - review_claim_corroboration_review_corr_event_007 - Characteristics of Patients Hospitalized with Measles Dur...,"Characteristics of Patients Hospitalized with Measles During an Outbreak — West Texas, January–March 2025  | MMWR",https://www.cdc.gov/mmwr/volumes/75/wr/mm7520a1.htm,review_claim_corroboration,"Is the claim independently corroborated, conflicting, or only single-source evidence?",claim_rec_src_search_4e73f2d0f38f_001_observation; claim_rec_src_search_4e73f2d0f38f_002_observation; claim_rec_src_search_4e73f2d0f38f_003_deaths; claim_rec_src_search_4e73f2d0f38f_004_observation; claim_rec_src_search_4e73f2d0f38f_005_observation; claim_rec_src_search_4e73f2d0f38f_006_observation; src_search_4e73f2d0f38f; corr_event_007,claim,Claim-level support is unresolved or depends on a single source.
,needs_more_evidence; defer_decision,2025-01-01-2025-03-31,Measles,Primary case claim has no independent corroborating source.,claim_corroboration_review,claim_corroboration_review,United States,P1_high,51,human_review_items; record_inclusion_decisions; claims; claim_comparisons; corroborated_events,"claim corroboration review - review_claim_corroboration_review_corr_event_009 - Texas Declares Measles Outbreak 'Over' After 762 Cases, T...","Texas Declares Measles Outbreak 'Over' After 762 Cases, Two Child ...",https://respiratory-therapy.com/disorders-diseases/infectious-diseases/other-infections/texas-measles-outbreak-2025,review_claim_corroboration,"Is the claim independently corroborated, conflicting, or only single-source evidence?",claim_rec_src_search_831265159816_001_cases_unspecified; claim_rec_src_search_831265159816_001_deaths; claim_rec_src_search_831265159816_001_hospitalizations; claim_rec_src_search_831265159816_002_cases_unspecified; claim_rec_src_search_831265159816_002_hospitalizations; claim_rec_src_search_831265159816_003_observation; claim_rec_src_search_831265159816_004_cases_confirmed; claim_rec_src_search_831265159816_005_hospitalizations; claim_rec_src_search_831265159816_006_cases_confirmed; claim_rec_src_search_831265159816_007_cases_confirmed; claim_rec_src_search_831265159816_008_cases_confirmed; claim_rec_src_search_831265159816_009_hospitalizations; claim_rec_src_search_831265159816_010_hospitalizations; claim_rec_src_search_831265159816_011_deaths; claim_rec_src_search_831265159816_013_cases_confirmed; claim_rec_src_search_831265159816_013_hospitalizations; claim_rec_src_search_831265159816_014_hospitalizations; claim_rec_src_search_831265159816_015_cases_unspecified; claim_rec_src_search_831265159816_016_observation; claim_rec_src_search_831265159816_017_hospitalizations; claim_rec_src_search_831265159816_018_deaths; claim_rec_src_search_831265159816_019_hospitalizations; claim_rec_src_search_831265159816_021_cases_unspecified; claim_rec_src_search_831265159816_022_observation; claim_rec_src_search_831265159816_023_cases_unspecified; claim_rec_src_search_831265159816_023_hospitalizations; claim_rec_src_search_831265159816_024_hospitalizations; claim_rec_src_search_831265159816_025_cases_unspecified; claim_rec_src_search_831265159816_026_cases_confirmed; claim_rec_src_search_831265159816_027_hospitalizations; claim_rec_src_search_831265159816_028_deaths; claim_rec_src_search_831265159816_029_hospitalizations; claim_rec_src_search_831265159816_030_observation; claim_rec_src_search_831265159816_031_observation; claim_rec_src_search_831265159816_032_observation; claim_rec_src_search_831265159816_035_cases_unspecified; claim_rec_src_search_831265159816_035_deaths; claim_rec_src_search_831265159816_035_hospitalizations; claim_rec_src_search_831265159816_036_hospitalizations; claim_rec_src_search_831265159816_037_cases_unspecified; claim_rec_src_search_831265159816_038_observation; claim_rec_src_search_831265159816_039_cases_confirmed; claim_rec_src_search_831265159816_040_cases_unspecified; claim_rec_src_search_831265159816_046_cases_unspecified; claim_rec_src_search_831265159816_046_hospitalizations; claim_rec_src_search_831265159816_047_hospitalizations; claim_rec_src_search_831265159816_048_cases_unspecified; claim_rec_src_search_831265159816_049_cases_confirmed; src_search_831265159816; corr_event_009,claim,Claim-level support is unresolved or depends on a single source.
,needs_more_evidence; defer_decision,2025-01-01-2025-03-31,Measles,Primary case claim has no independent corroborating source.,claim_corroboration_review,claim_corroboration_review,United States,P1_high,52,human_review_items; record_inclusion_decisions; claims; claim_comparisons; corroborated_events,"claim corroboration review - review_claim_corroboration_review_corr_event_010 - Texas Declares Measles Outbreak 'Over' After 762 Cases, T...","Texas Declares Measles Outbreak 'Over' After 762 Cases, Two Child ...",https://respiratory-therapy.com/disorders-diseases/infectious-diseases/other-infections/texas-measles-outbreak-2025,review_claim_corroboration,"Is the claim independently corroborated, conflicting, or only single-source evidence?",claim_rec_src_search_831265159816_012_cases_confirmed; src_search_831265159816; corr_event_010,claim,Claim-level support is unresolved or depends on a single source.
,needs_more_evidence; defer_decision,2025-01-01-2025-03-31,Measles,Primary case claim has no independent corroborating source.,claim_corroboration_review,claim_corroboration_review,United States,P1_high,53,human_review_items; record_inclusion_decisions; claims; claim_comparisons; corroborated_events,"claim corroboration review - review_claim_corroboration_review_corr_event_011 - Texas Declares Measles Outbreak 'Over' After 762 Cases, T...","Texas Declares Measles Outbreak 'Over' After 762 Cases, Two Child ...",https://respiratory-therapy.com/disorders-diseases/infectious-diseases/other-infections/texas-measles-outbreak-2025,review_claim_corroboration,"Is the claim independently corroborated, conflicting, or only single-source evidence?",claim_rec_src_search_831265159816_020_cases_unspecified; src_search_831265159816; corr_event_011,claim,Claim-level support is unresolved or depends on a single source.
,needs_more_evidence; defer_decision,2025-01-01-2025-03-31,Measles,Primary case claim has no independent corroborating source.,claim_corroboration_review,claim_corroboration_review,United States,P1_high,54,human_review_items; record_inclusion_decisions; claims; claim_comparisons; corroborated_events,"claim corroboration review - review_claim_corroboration_review_corr_event_012 - Texas Declares Measles Outbreak 'Over' After 762 Cases, T...","Texas Declares Measles Outbreak 'Over' After 762 Cases, Two Child ...",https://respiratory-therapy.com/disorders-diseases/infectious-diseases/other-infections/texas-measles-outbreak-2025,review_claim_corroboration,"Is the claim independently corroborated, conflicting, or only single-source evidence?",claim_rec_src_search_831265159816_033_cases_unspecified; claim_rec_src_search_831265159816_042_cases_unspecified; src_search_831265159816; corr_event_012,claim,Claim-level support is unresolved or depends on a single source.
,needs_more_evidence; defer_decision,2025-01-01-2025-03-31,Measles,Primary case claim has no independent corroborating source.,claim_corroboration_review,claim_corroboration_review,United States,P1_high,55,human_review_items; record_inclusion_decisions; claims; claim_comparisons; corroborated_events,"claim corroboration review - review_claim_corroboration_review_corr_event_013 - Texas Declares Measles Outbreak 'Over' After 762 Cases, T...","Texas Declares Measles Outbreak 'Over' After 762 Cases, Two Child ...",https://respiratory-therapy.com/disorders-diseases/infectious-diseases/other-infections/texas-measles-outbreak-2025,review_claim_corroboration,"Is the claim independently corroborated, conflicting, or only single-source evidence?",claim_rec_src_search_831265159816_034_cases_unspecified; claim_rec_src_search_831265159816_043_cases_unspecified; claim_rec_src_search_831265159816_050_cases_unspecified; src_search_831265159816; corr_event_013,claim,Claim-level support is unresolved or depends on a single source.
,needs_more_evidence; defer_decision,2025-01-01-2025-03-31,Measles,Primary case claim has no independent corroborating source.,claim_corroboration_review,claim_corroboration_review,United States,P1_high,56,human_review_items; record_inclusion_decisions; claims; claim_comparisons; corroborated_events,"claim corroboration review - review_claim_corroboration_review_corr_event_014 - Texas Declares Measles Outbreak 'Over' After 762 Cases, T...","Texas Declares Measles Outbreak 'Over' After 762 Cases, Two Child ...",https://respiratory-therapy.com/disorders-diseases/infectious-diseases/other-infections/texas-measles-outbreak-2025,review_claim_corroboration,"Is the claim independently corroborated, conflicting, or only single-source evidence?",claim_rec_src_search_831265159816_041_cases_unspecified; src_search_831265159816; corr_event_014,claim,Claim-level support is unresolved or depends on a single source.
,needs_more_evidence; defer_decision,2025-01-01-2025-03-31,Measles,Primary case claim has no independent corroborating source.,claim_corroboration_review,claim_corroboration_review,United States,P1_high,57,human_review_items; record_inclusion_decisions; claims; claim_comparisons; corroborated_events,"claim corroboration review - review_claim_corroboration_review_corr_event_015 - Texas Declares Measles Outbreak 'Over' After 762 Cases, T...","Texas Declares Measles Outbreak 'Over' After 762 Cases, Two Child ...",https://respiratory-therapy.com/disorders-diseases/infectious-diseases/other-infections/texas-measles-outbreak-2025,review_claim_corroboration,"Is the claim independently corroborated, conflicting, or only single-source evidence?",claim_rec_src_search_831265159816_044_cases_unspecified; src_search_831265159816; corr_event_015,claim,Claim-level support is unresolved or depends on a single source.
,approve_source_role; override_source_role; exclude_source; mark_source_needs_review,2025-01-01-2025-03-31,Measles,,source_identity_review,source_credibility,United States,P1_high,58,human_review_items; record_inclusion_decisions; source_registry; source_identity_assessments,source identity review - review_source_credibility_src_search_1639787c4334 - Communicating About the Ongoing Measles Outbreak - Public He...,Communicating About the Ongoing Measles Outbreak - Public Health Communications Collaborative,https://publichealthcollaborative.org/communication-tools/communicating-about-the-2025-measles-outbreak,Open source identity assessments and source registry metadata.,"Who is the actual publisher, and is it independent of other evidence?",src_search_1639787c4334,source,Publisher or source identity uncertainty can affect source independence and credibility.
,approve_source_role; override_source_role; exclude_source; mark_source_needs_review,2025-01-01-2025-03-31,Measles,,source_identity_review,source_credibility,United States,P1_high,59,human_review_items; record_inclusion_decisions; source_registry; source_identity_assessments,source identity review - review_source_credibility_src_search_296bf3da1bef - 2025 measles cases highest since 1991 - AAP Publications,2025 measles cases highest since 1991 - AAP Publications,https://publications.aap.org/aapnews/news/34124/2025-measles-cases-highest-since-1991,Open source identity assessments and source registry metadata.,"Who is the actual publisher, and is it independent of other evidence?",src_search_296bf3da1bef,source,Publisher or source identity uncertainty can affect source independence and credibility.
National Center for Biotechnology Information,approve_source_role; override_source_role; exclude_source; mark_source_needs_review,2025-01-01-2025-03-31,Measles,,source_identity_review,source_credibility,United States,P1_high,60,human_review_items; record_inclusion_decisions; source_registry; source_identity_assessments,source identity review - review_source_credibility_src_search_eec8c3f3b772 - Measles resurgence in the United States: epidemiological and...,Measles resurgence in the United States: epidemiological and ...,https://pmc.ncbi.nlm.nih.gov/articles/PMC12825560,Open source identity assessments and source registry metadata.,"Who is the actual publisher, and is it independent of other evidence?",src_search_eec8c3f3b772,source,Publisher or source identity uncertainty can affect source independence and credibility.
,accept_anomaly; dismiss_anomaly; confirm_anomaly; mark_anomaly_resolved; mark_anomaly_needs_more_evidence,2025-01-01-2025-03-31,Measles,,claim_corroboration_review,anomaly,United States,P1_high,61,human_review_items; record_inclusion_decisions; claims; claim_comparisons; corroborated_events; anomaly_results,claim corroboration review - review_anomaly_anom_010 - event_001,,,review_cluster_canonical_count,"Is the claim independently corroborated, conflicting, or only single-source evidence?",event_001; anom_010,anomaly,Claim-level support is unresolved or depends on a single source.
,accept_anomaly; dismiss_anomaly; confirm_anomaly; mark_anomaly_resolved; mark_anomaly_needs_more_evidence,2025-01-01-2025-03-31,Measles,,claim_corroboration_review,anomaly,United States,P1_high,62,human_review_items; record_inclusion_decisions; claims; claim_comparisons; corroborated_events; anomaly_results,claim corroboration review - review_anomaly_anom_011 - event_007,,,review_cluster_canonical_count,"Is the claim independently corroborated, conflicting, or only single-source evidence?",event_007; anom_011,anomaly,Claim-level support is unresolved or depends on a single source.
,accept_anomaly; dismiss_anomaly; confirm_anomaly; mark_anomaly_resolved; mark_anomaly_needs_more_evidence,2025-01-01-2025-03-31,Measles,,claim_corroboration_review,anomaly,United States,P1_high,63,human_review_items; record_inclusion_decisions; claims; claim_comparisons; corroborated_events; anomaly_results,claim corroboration review - review_anomaly_anom_012 - event_018,,,review_cluster_canonical_count,"Is the claim independently corroborated, conflicting, or only single-source evidence?",event_018; anom_012,anomaly,Claim-level support is unresolved or depends on a single source.
,accept_anomaly; dismiss_anomaly; confirm_anomaly; mark_anomaly_resolved; mark_anomaly_needs_more_evidence,2025-01-01-2025-03-31,Measles,,claim_corroboration_review,anomaly,United States,P1_high,64,human_review_items; record_inclusion_decisions; claims; claim_comparisons; corroborated_events; anomaly_results,claim corroboration review - review_anomaly_anom_013 - event_023,,,review_cluster_canonical_count,"Is the claim independently corroborated, conflicting, or only single-source evidence?",event_023; anom_013,anomaly,Claim-level support is unresolved or depends on a single source.
,accept_anomaly; dismiss_anomaly; confirm_anomaly; mark_anomaly_resolved; mark_anomaly_needs_more_evidence,2025-01-01-2025-03-31,Measles,,claim_corroboration_review,anomaly,United States,P1_high,65,human_review_items; record_inclusion_decisions; claims; claim_comparisons; corroborated_events; anomaly_results,claim corroboration review - review_anomaly_anom_014 - event_035,,,review_cluster_canonical_count,"Is the claim independently corroborated, conflicting, or only single-source evidence?",event_035; anom_014,anomaly,Claim-level support is unresolved or depends on a single source.
,accept_as_is; correct_fields; reject_record; mark_requires_review; mark_review_resolved; mark_non_countable; mark_countable; mark_duplicate; mark_not_duplicate; needs_more_evidence; defer_decision,2025-03-20,Measles,"According to the department’s data, 36 patients have been hospitalized, and no additional deaths have been reported. Of the 260 cases with age data available, 208 have occurred in children under age 18 (80%).",claim_corroboration_review,duplicate_event_clustering,Texas,P1_high,66,human_review_items; record_inclusion_decisions; quarantined_records; context_records; final_case_dataset; claims; claim_comparisons; corroborated_events,"claim corroboration review - review_duplicate_event_021 - Texas Declares Measles Outbreak 'Over' After 762 Cases, Two Child ...","Texas Declares Measles Outbreak 'Over' After 762 Cases, Two Child ...",https://respiratory-therapy.com/disorders-diseases/infectious-diseases/other-infections/texas-measles-outbreak-2025,"Open claims, claim comparisons, and corroborated events.","Is the claim independently corroborated, conflicting, or only single-source evidence?",rec_src_search_831265159816_032; event_021,record,Claim-level support is unresolved or depends on a single source.
,accept_as_is; correct_fields; reject_record; mark_requires_review; mark_review_resolved; mark_non_countable; mark_countable; mark_duplicate; mark_not_duplicate; needs_more_evidence; defer_decision,2025-03-31,Measles,Only 5.0% of confirmed measles cases have occurred in vaccinated individuals.,claim_corroboration_review,duplicate_event_clustering,Texas,P1_high,67,human_review_items; record_inclusion_decisions; quarantined_records; context_records; final_case_dataset; claims; claim_comparisons; corroborated_events,"claim corroboration review - review_duplicate_event_036 - Texas Declares Measles Outbreak 'Over' After 762 Cases, Two Child ...","Texas Declares Measles Outbreak 'Over' After 762 Cases, Two Child ...",https://respiratory-therapy.com/disorders-diseases/infectious-diseases/other-infections/texas-measles-outbreak-2025,"Open claims, claim comparisons, and corroborated events.","Is the claim independently corroborated, conflicting, or only single-source evidence?",rec_src_search_831265159816_003; event_036,record,Claim-level support is unresolved or depends on a single source.
,accept_as_is; correct_fields; reject_record; mark_requires_review; mark_review_resolved; mark_non_countable; mark_countable; mark_duplicate; mark_not_duplicate; needs_more_evidence; defer_decision,2025-03-31,Measles,"Of the 260 cases with age data available, 232 have occurred in children under age 18 (80%).",claim_corroboration_review,duplicate_event_clustering,Texas,P1_high,68,human_review_items; record_inclusion_decisions; quarantined_records; context_records; final_case_dataset; claims; claim_comparisons; corroborated_events,"claim corroboration review - review_duplicate_event_037 - Texas Declares Measles Outbreak 'Over' After 762 Cases, Two Child ...","Texas Declares Measles Outbreak 'Over' After 762 Cases, Two Child ...",https://respiratory-therapy.com/disorders-diseases/infectious-diseases/other-infections/texas-measles-outbreak-2025,"Open claims, claim comparisons, and corroborated events.","Is the claim independently corroborated, conflicting, or only single-source evidence?",rec_src_search_831265159816_030; rec_src_search_831265159816_031; event_037,record,Claim-level support is unresolved or depends on a single source.
Centers for Disease Control and Prevention,accept_as_is; correct_fields; reject_record; mark_requires_review; mark_review_resolved; mark_non_countable; mark_countable; mark_duplicate; mark_not_duplicate; needs_more_evidence; defer_decision,2025-03-31,Measles,"| ****Days from rash onset to hospital admission, median (range)¶ (51)**** | 2 (−2 to 10) |",claim_corroboration_review,duplicate_event_clustering,West Texas,P1_high,69,human_review_items; record_inclusion_decisions; quarantined_records; context_records; final_case_dataset; claims; claim_comparisons; corroborated_events,claim corroboration review - review_duplicate_event_047 - Characteristics of Patients Hospitalized with Measles During an Outbreak — West...,"Characteristics of Patients Hospitalized with Measles During an Outbreak — West Texas, January–March 2025  | MMWR",https://www.cdc.gov/mmwr/volumes/75/wr/mm7520a1.htm,"Open claims, claim comparisons, and corroborated events.","Is the claim independently corroborated, conflicting, or only single-source evidence?",rec_src_search_4e73f2d0f38f_006; event_047,record,Claim-level support is unresolved or depends on a single source.
Pan American Health Organization,accept_validation_result; mark_validation_result_not_applicable; confirm_conflict; resolve_conflict_as_left; resolve_conflict_as_right; mark_needs_more_evidence; override_validation_status,2025-03-31,Measles,"| [Download](/sites/default/files/2026/04/pahomeaslessitrep1engupdated_0.pdf ""Situation Report #1: Measles in the Americas Region"") | Between epidemiological weeks (EW) 1 and EW 12 of 2026, countries in the Region of the Americas reported 14,465 confirmed measles cases. In 2025, 14,503 measles cases were reported, including 32 deaths. This follows a marked rise in cases during 2025, with continued acceleration observed in early 2026. Genotyping information indicate that the D8 lineage has been identified across multiple countries and is associated with outbreaks in at least ten countries, suggesting widespread circulation of this strain in the Region. The highest number of cases in 2026 have been reported in Mexico (n= 8,315), Guatemala (n= 3,687), the United States of America (n= 1,664...",outside_scope_review,validation_scope_issue,United States,P1_high,70,human_review_items; record_inclusion_decisions; validation_results; validation_source_compatibility_summary,outside scope review - review_validation_val_result_010 - Situation Report #1: Measles in the Americas Region - PAHO/WHO | Pan American H...,Situation Report #1: Measles in the Americas Region - PAHO/WHO | Pan American Health Organization,https://www.paho.org/en/documents/situation-report-1-measles-americas-region,Inspect the evidence quote and record inclusion decision.,Does the evidence actually match the requested scope?,rec_src_search_6e578fc529e9_002; val_result_010,validation_result,"The item may be outside the requested disease, location, or time window."
Pan American Health Organization,accept_validation_result; mark_validation_result_not_applicable; confirm_conflict; resolve_conflict_as_left; resolve_conflict_as_right; mark_needs_more_evidence; override_validation_status,2025-03-31,Measles,"| [Download](/sites/default/files/2026/04/pahomeaslessitrep1engupdated_0.pdf ""Situation Report #1: Measles in the Americas Region"") | Between epidemiological weeks (EW) 1 and EW 12 of 2026, countries in the Region of the Americas reported 14,465 confirmed measles cases. In 2025, 14,503 measles cases were reported, including 32 deaths. This follows a marked rise in cases during 2025, with continued acceleration observed in early 2026. Genotyping information indicate that the D8 lineage has been identified across multiple countries and is associated with outbreaks in at least ten countries, suggesting widespread circulation of this strain in the Region. The highest number of cases in 2026 have been reported in Mexico (n= 8,315), Guatemala (n= 3,687), the United States of America (n= 1,664...",outside_scope_review,validation_scope_issue,United States,P1_high,71,human_review_items; record_inclusion_decisions; validation_results; validation_source_compatibility_summary,outside scope review - review_validation_val_result_011 - Situation Report #1: Measles in the Americas Region - PAHO/WHO | Pan American H...,Situation Report #1: Measles in the Americas Region - PAHO/WHO | Pan American Health Organization,https://www.paho.org/en/documents/situation-report-1-measles-americas-region,Inspect the evidence quote and record inclusion decision.,Does the evidence actually match the requested scope?,rec_src_search_6e578fc529e9_003; val_result_011,validation_result,"The item may be outside the requested disease, location, or time window."
,accept_validation_result; mark_validation_result_not_applicable; confirm_conflict; resolve_conflict_as_left; resolve_conflict_as_right; mark_needs_more_evidence; override_validation_status,2025-03-31,Measles,## Confirmed Measles Cases Reach 646 in Texas,outside_scope_review,validation_scope_issue,Texas,P1_high,72,human_review_items; record_inclusion_decisions; validation_results; validation_source_compatibility_summary,"outside scope review - review_validation_val_result_030 - Texas Declares Measles Outbreak 'Over' After 762 Cases, Two Child ...","Texas Declares Measles Outbreak 'Over' After 762 Cases, Two Child ...",https://respiratory-therapy.com/disorders-diseases/infectious-diseases/other-infections/texas-measles-outbreak-2025,Inspect the evidence quote and record inclusion decision.,Does the evidence actually match the requested scope?,rec_src_search_831265159816_008; val_result_030,validation_result,"The item may be outside the requested disease, location, or time window."
,accept_validation_result; mark_validation_result_not_applicable; confirm_conflict; resolve_conflict_as_left; resolve_conflict_as_right; mark_needs_more_evidence; override_validation_status,2025-03-31,Measles,"According to the department’s data, a total of 64 hospitalizations have occurred since the start of the outbreak.",outside_scope_review,validation_scope_issue,Texas,P1_high,73,human_review_items; record_inclusion_decisions; validation_results; validation_source_compatibility_summary,"outside scope review - review_validation_val_result_031 - Texas Declares Measles Outbreak 'Over' After 762 Cases, Two Child ...","Texas Declares Measles Outbreak 'Over' After 762 Cases, Two Child ...",https://respiratory-therapy.com/disorders-diseases/infectious-diseases/other-infections/texas-measles-outbreak-2025,Inspect the evidence quote and record inclusion decision.,Does the evidence actually match the requested scope?,rec_src_search_831265159816_009; val_result_031,validation_result,"The item may be outside the requested disease, location, or time window."
,accept_validation_result; mark_validation_result_not_applicable; confirm_conflict; resolve_conflict_as_left; resolve_conflict_as_right; mark_needs_more_evidence; override_validation_status,2025-03-31,Measles,"According to the department’s data, a total of 64 hospitalizations have occurred since the start of the outbreak.",outside_scope_review,validation_scope_issue,Texas,P1_high,74,human_review_items; record_inclusion_decisions; validation_results; validation_source_compatibility_summary,"outside scope review - review_validation_val_result_032 - Texas Declares Measles Outbreak 'Over' After 762 Cases, Two Child ...","Texas Declares Measles Outbreak 'Over' After 762 Cases, Two Child ...",https://respiratory-therapy.com/disorders-diseases/infectious-diseases/other-infections/texas-measles-outbreak-2025,Inspect the evidence quote and record inclusion decision.,Does the evidence actually match the requested scope?,rec_src_search_831265159816_010; val_result_032,validation_result,"The item may be outside the requested disease, location, or time window."
,accept_validation_result; mark_validation_result_not_applicable; confirm_conflict; resolve_conflict_as_left; resolve_conflict_as_right; mark_needs_more_evidence; override_validation_status,2025-03-31,Measles,No additional deaths have been reported since a [second Texas child died](https://respiratory-therapy.com/disorders-diseases/infectious-diseases/other-infections/second-child-dies-of-measles-in-texas/) of “measles pulmonary failure” on April 6.,outside_scope_review,validation_scope_issue,Texas,P1_high,75,human_review_items; record_inclusion_decisions; validation_results; validation_source_compatibility_summary,"outside scope review - review_validation_val_result_033 - Texas Declares Measles Outbreak 'Over' After 762 Cases, Two Child ...","Texas Declares Measles Outbreak 'Over' After 762 Cases, Two Child ...",https://respiratory-therapy.com/disorders-diseases/infectious-diseases/other-infections/texas-measles-outbreak-2025,Inspect the evidence quote and record inclusion decision.,Does the evidence actually match the requested scope?,rec_src_search_831265159816_011; val_result_033,validation_result,"The item may be outside the requested disease, location, or time window."
,accept_validation_result; mark_validation_result_not_applicable; confirm_conflict; resolve_conflict_as_left; resolve_conflict_as_right; mark_needs_more_evidence; override_validation_status,2025-03-31,Measles,"Gaines County continues to be the epicenter of the outbreak, with 393 cases (60.8%) out of 646 occurring in the county.",outside_scope_review,validation_scope_issue,Texas — Gaines County,P1_high,76,human_review_items; record_inclusion_decisions; validation_results; validation_source_compatibility_summary,"outside scope review - review_validation_val_result_034 - Texas Declares Measles Outbreak 'Over' After 762 Cases, Two Child ...","Texas Declares Measles Outbreak 'Over' After 762 Cases, Two Child ...",https://respiratory-therapy.com/disorders-diseases/infectious-diseases/other-infections/texas-measles-outbreak-2025,Inspect the evidence quote and record inclusion decision.,Does the evidence actually match the requested scope?,rec_src_search_831265159816_012; val_result_034,validation_result,"The item may be outside the requested disease, location, or time window."
,approve_source_role; override_source_role; exclude_source; mark_source_needs_review,2025-01-01-2025-03-31,Measles,,source_identity_review,source_credibility,United States,P1_high,77,human_review_items; record_inclusion_decisions; source_registry; source_identity_assessments,source identity review - review_source_credibility_src_search_14e93bfe3eec - 2025 Southwest United States measles outbreak - Wikipedia,2025 Southwest United States measles outbreak - Wikipedia,https://en.wikipedia.org/wiki/2025_Southwest_United_States_measles_outbreak,Open source identity assessments and source registry metadata.,"Who is the actual publisher, and is it independent of other evidence?",src_search_14e93bfe3eec,source,Publisher or source identity uncertainty can affect source independence and credibility.
,approve_source_role; override_source_role; exclude_source; mark_source_needs_review,2025-01-01-2025-03-31,Measles,,source_identity_review,source_credibility,United States,P1_high,78,human_review_items; record_inclusion_decisions; source_registry; source_identity_assessments,source identity review - review_source_credibility_src_search_2e1655bc0f11 - New Mexico (USA) measles outbreak case counts as of 22 Apr 2025,New Mexico (USA) measles outbreak case counts as of 22 Apr 2025,https://beaconbio.org/en/report?reportid=2c69ff77-2647-42ab-8382-79d902918551&eventid=2f15d768-f7ee-48ec-b675-02ad2862880f,Open source identity assessments and source registry metadata.,"Who is the actual publisher, and is it independent of other evidence?",src_search_2e1655bc0f11,source,Publisher or source identity uncertainty can affect source independence and credibility.
,approve_source_role; override_source_role; exclude_source; mark_source_needs_review,2025-01-01-2025-03-31,Measles,,source_identity_review,source_credibility,United States,P1_high,79,human_review_items; record_inclusion_decisions; source_registry; source_identity_assessments,source identity review - review_source_credibility_src_search_3b88e198ee65 - Measles death of unvaccinated child in Texas outbreak is 1st...,Measles death of unvaccinated child in Texas outbreak is 1st fatality in US in a decade - ABC7 New York,https://abc7ny.com/post/first-measles-death-is-reported-west-texas-outbreak-infected-more-120-people/15956727,Open source identity assessments and source registry metadata.,"Who is the actual publisher, and is it independent of other evidence?",src_search_3b88e198ee65,source,Publisher or source identity uncertainty can affect source independence and credibility.
,approve_source_role; override_source_role; exclude_source; mark_source_needs_review,2025-01-01-2025-03-31,Measles,,source_identity_review,source_credibility,United States,P1_high,80,human_review_items; record_inclusion_decisions; source_registry; source_identity_assessments,"source identity review - review_source_credibility_src_search_3e232b5b243d - Measles Outbreak – August 12, 2025 | Texas DSHS","Measles Outbreak – August 12, 2025 | Texas DSHS",https://www.dshs.texas.gov/news-alerts/measles-outbreak-2025,Open source identity assessments and source registry metadata.,"Who is the actual publisher, and is it independent of other evidence?",src_search_3e232b5b243d,source,Publisher or source identity uncertainty can affect source independence and credibility.
,approve_source_role; override_source_role; exclude_source; mark_source_needs_review,2025-01-01-2025-03-31,Measles,,source_identity_review,source_credibility,United States,P1_high,81,human_review_items; record_inclusion_decisions; source_registry; source_identity_assessments,"source identity review - review_source_credibility_src_search_50fedea73302 - 2nd child with measles dies in Texas, according to state hea...","2nd child with measles dies in Texas, according to state health officials - ABC News",https://abcnews.com/Health/child-measles-dies-texas-hospital-officials/story?id=120539137,Open source identity assessments and source registry metadata.,"Who is the actual publisher, and is it independent of other evidence?",src_search_50fedea73302,source,Publisher or source identity uncertainty can affect source independence and credibility.
,approve_source_role; override_source_role; exclude_source; mark_source_needs_review,2025-01-01-2025-03-31,Measles,,source_identity_review,source_credibility,United States,P1_high,82,human_review_items; record_inclusion_decisions; source_registry; source_identity_assessments,"source identity review - review_source_credibility_src_search_62409e4d2cf9 - US Measles Cases Near 2,000 in 2025 as Multi-State Outbreaks...","US Measles Cases Near 2,000 in 2025 as Multi-State Outbreaks ...",https://www.contagionlive.com/view/us-measles-cases-near-2-000-in-2025-as-multi-state-outbreaks-expand,Open source identity assessments and source registry metadata.,"Who is the actual publisher, and is it independent of other evidence?",src_search_62409e4d2cf9,source,Publisher or source identity uncertainty can affect source independence and credibility.
Centers for Disease Control and Prevention,approve_source_role; override_source_role; exclude_source; mark_source_needs_review,2025-01-01-2025-03-31,Measles,,source_identity_review,source_credibility,United States,P1_high,83,human_review_items; record_inclusion_decisions; source_registry; source_identity_assessments,source identity review - review_source_credibility_src_search_69d20bdba5cb - Tracking Measles in the U.S.: Latest Maps and Cases - The Ne...,Tracking Measles in the U.S.: Latest Maps and Cases - The New York Times,https://www.nytimes.com/interactive/2025/health/measles-outbreak-map.html,Open source identity assessments and source registry metadata.,"Who is the actual publisher, and is it independent of other evidence?",src_search_69d20bdba5cb,source,Publisher or source identity uncertainty can affect source independence and credibility.
,approve_source_role; override_source_role; exclude_source; mark_source_needs_review,2025-01-01-2025-03-31,Measles,,source_identity_review,source_credibility,United States,P1_high,84,human_review_items; record_inclusion_decisions; source_registry; source_identity_assessments,source identity review - review_source_credibility_src_search_74152a4ae4ab - U.S. Measles Outbreak 2025 - Public Health - MSK Library Gui...,U.S. Measles Outbreak 2025 - Public Health - MSK Library Guides at Memorial Sloan Kettering Cancer Center,https://libguides.mskcc.org/publichealth/measles2025,Open source identity assessments and source registry metadata.,"Who is the actual publisher, and is it independent of other evidence?",src_search_74152a4ae4ab,source,Publisher or source identity uncertainty can affect source independence and credibility.
,approve_source_role; override_source_role; exclude_source; mark_source_needs_review,2025-01-01-2025-03-31,Measles,,source_identity_review,source_credibility,United States,P1_high,85,human_review_items; record_inclusion_decisions; source_registry; source_identity_assessments,source identity review - review_source_credibility_src_search_7af26f33a470 - Measles 2025 | New England Journal of Medicine,Measles 2025 | New England Journal of Medicine,https://www.nejm.org/doi/full/10.1056/NEJMra2504516,Open source identity assessments and source registry metadata.,"Who is the actual publisher, and is it independent of other evidence?",src_search_7af26f33a470,source,Publisher or source identity uncertainty can affect source independence and credibility.
,approve_source_role; override_source_role; exclude_source; mark_source_needs_review,2025-01-01-2025-03-31,Measles,,source_identity_review,source_credibility,United States,P1_high,86,human_review_items; record_inclusion_decisions; source_registry; source_identity_assessments,source identity review - review_source_credibility_src_search_7cb311dd75e6 - U.S. Measles Tracker | International Vaccine Access Center,U.S. Measles Tracker | International Vaccine Access Center,https://publichealth.jhu.edu/ivac/resources/us-measles-tracker,Open source identity assessments and source registry metadata.,"Who is the actual publisher, and is it independent of other evidence?",src_search_7cb311dd75e6,source,Publisher or source identity uncertainty can affect source independence and credibility.
,approve_source_role; override_source_role; exclude_source; mark_source_needs_review,2025-01-01-2025-03-31,Measles,,source_identity_review,source_credibility,United States,P1_high,87,human_review_items; record_inclusion_decisions; source_registry; source_identity_assessments,"source identity review - review_source_credibility_src_search_831265159816 - Texas Declares Measles Outbreak 'Over' After 762 Cases, Two...","Texas Declares Measles Outbreak 'Over' After 762 Cases, Two Child ...",https://respiratory-therapy.com/disorders-diseases/infectious-diseases/other-infections/texas-measles-outbreak-2025,Open source identity assessments and source registry metadata.,"Who is the actual publisher, and is it independent of other evidence?",src_search_831265159816,source,Publisher or source identity uncertainty can affect source independence and credibility.
,approve_source_role; override_source_role; exclude_source; mark_source_needs_review,2025-01-01-2025-03-31,Measles,,source_identity_review,source_credibility,United States,P1_high,88,human_review_items; record_inclusion_decisions; source_registry; source_identity_assessments,source identity review - review_source_credibility_src_search_9570e9e8018b - 2025 Measles Outbreak | South Carolina Department of Public...,2025 Measles Outbreak | South Carolina Department of Public Health,https://dph.sc.gov/diseases-conditions/infectious-diseases/measles-rubeola/2025-measles-outbreak,Open source identity assessments and source registry metadata.,"Who is the actual publisher, and is it independent of other evidence?",src_search_9570e9e8018b,source,Publisher or source identity uncertainty can affect source independence and credibility.
,approve_source_role; override_source_role; exclude_source; mark_source_needs_review,2025-01-01-2025-03-31,Measles,,source_identity_review,source_credibility,United States,P1_high,89,human_review_items; record_inclusion_decisions; source_registry; source_identity_assessments,source identity review - review_source_credibility_src_search_97d0b1208f3d - U.S. Measles Cases Hit Highest Level Since Declared Eliminat...,U.S. Measles Cases Hit Highest Level Since Declared Eliminated in ...,https://publichealth.jhu.edu/ivac/2025/us-measles-cases-hit-highest-level-since-declared-eliminated-in-2000,Open source identity assessments and source registry metadata.,"Who is the actual publisher, and is it independent of other evidence?",src_search_97d0b1208f3d,source,Publisher or source identity uncertainty can affect source independence and credibility.
Centers for Disease Control and Prevention,approve_source_role; override_source_role; exclude_source; mark_source_needs_review,2025-01-01-2025-03-31,Measles,,source_identity_review,source_credibility,United States,P1_high,90,human_review_items; record_inclusion_decisions; source_registry; source_identity_assessments,source identity review - review_source_credibility_src_search_cd5fb2750261 - CDC Records Two New Measles Outbreaks — As 2026 Already Outp...,CDC Records Two New Measles Outbreaks — As 2026 Already Outpaces 2025,https://www.forbes.com/sites/antoniopequenoiv/2026/01/30/measles-cases-this-year-are-outpacing-2025---the-worst-recent-year-on-record,Open source identity assessments and source registry metadata.,"Who is the actual publisher, and is it independent of other evidence?",src_search_cd5fb2750261,source,Publisher or source identity uncertainty can affect source independence and credibility.
New Mexico Department of Health,approve_source_role; override_source_role; exclude_source; mark_source_needs_review,2025-01-01-2025-03-31,Measles,,source_credibility_review,source_credibility,United States,P2_medium,91,human_review_items; record_inclusion_decisions; source_registry; source_identity_assessments,source credibility review - review_source_credibility_src_search_cf354551481b - 2025 Measles Outbreak - New Mexico Department of Health,2025 Measles Outbreak - New Mexico Department of Health,https://www.nmhealth.org/about/erd/ideb/mog/mogo,Review source registry and source credibility/source critic outputs.,"Should this source be collection, support, context, or excluded?",src_search_cf354551481b,source,Source credibility affects whether evidence should support collection or only context.
New Mexico Department of Health,approve_source_role; override_source_role; exclude_source; mark_source_needs_review,2025-01-01-2025-03-31,Measles,,source_credibility_review,source_credibility,United States,P2_medium,92,human_review_items; record_inclusion_decisions; source_registry; source_identity_assessments,source credibility review - review_source_credibility_src_search_ef917f9b28c7 - Measles - New Mexico Department of Health,Measles - New Mexico Department of Health,https://www.nmhealth.org/about/erd/ideb/mog,Review source registry and source credibility/source critic outputs.,"Should this source be collection, support, context, or excluded?",src_search_ef917f9b28c7,source,Source credibility affects whether evidence should support collection or only context.
,approve_source_role; override_source_role; exclude_source; mark_source_needs_review,2025-01-01-2025-03-31,Measles,"Task-relevant source text appeared to contain core epidemiology metric signals, but extraction produced no structured records.",general_review,core_metric_extraction_gap,United States,P3_low,93,human_review_items; record_inclusion_decisions; source_registry; source_identity_assessments,general review - review_core_metric_gap_src_search_1bd67ca5631e - PAHO calls for regional action as the Americas lose measles elimination...,PAHO calls for regional action as the Americas lose measles elimination status - World | ReliefWeb,https://reliefweb.int/report/world/paho-calls-regional-action-americas-lose-measles-elimination-status,review_source_for_core_metric_extraction,"What decision, if any, should a human reviewer record?",src_search_1bd67ca5631e,source,This review item requires human inspection before it should affect downstream interpretation.
,approve_source_role; override_source_role; exclude_source; mark_source_needs_review,2025-01-01-2025-03-31,Measles,"Task-relevant source text appeared to contain core epidemiology metric signals, but extraction produced no structured records.",general_review,core_metric_extraction_gap,United States,P3_low,94,human_review_items; record_inclusion_decisions; source_registry; source_identity_assessments,general review - review_core_metric_gap_src_search_2e1655bc0f11 - New Mexico (USA) measles outbreak case counts as of 22 Apr 2025,New Mexico (USA) measles outbreak case counts as of 22 Apr 2025,https://beaconbio.org/en/report?reportid=2c69ff77-2647-42ab-8382-79d902918551&eventid=2f15d768-f7ee-48ec-b675-02ad2862880f,review_source_for_core_metric_extraction,"What decision, if any, should a human reviewer record?",src_search_2e1655bc0f11,source,This review item requires human inspection before it should affect downstream interpretation.
Centers for Disease Control and Prevention,approve_source_role; override_source_role; exclude_source; mark_source_needs_review,2025-01-01-2025-03-31,Measles,"Task-relevant source text appeared to contain core epidemiology metric signals, but extraction produced no structured records.",general_review,core_metric_extraction_gap,United States,P3_low,95,human_review_items; record_inclusion_decisions; source_registry; source_identity_assessments,general review - review_core_metric_gap_src_search_4b282ae73985 - CDC social media silence during 2025 measles outbreak left void filled...,"CDC social media silence during 2025 measles outbreak left void filled by news media, study suggests | CIDRAP",https://www.cidrap.umn.edu/measles/cdc-social-media-silence-during-2025-measles-outbreak-left-void-filled-news-media-study,review_source_for_core_metric_extraction,"What decision, if any, should a human reviewer record?",src_search_4b282ae73985,source,This review item requires human inspection before it should affect downstream interpretation.
Pan American Health Organization,approve_source_role; override_source_role; exclude_source; mark_source_needs_review,2025-01-01-2025-03-31,Measles,"Task-relevant source text appeared to contain core epidemiology metric signals, but extraction produced no structured records.",general_review,core_metric_extraction_gap,United States,P3_low,96,human_review_items; record_inclusion_decisions; source_registry; source_identity_assessments,general review - review_core_metric_gap_src_search_fdf4513eb148 - Epidemiological Alert Measles in the Americas Region - 3 February 2026...,Epidemiological Alert Measles in the Americas Region - 3 February 2026 - PAHO/WHO | Pan American Health Organization,https://www.paho.org/en/documents/epidemiological-alert-measles-americas-region-3-february-2026,review_source_for_core_metric_extraction,"What decision, if any, should a human reviewer record?",src_search_fdf4513eb148,source,This review item requires human inspection before it should affect downstream interpretation.
,approve_source_role; override_source_role; exclude_source; mark_source_needs_review,2025-01-01-2025-03-31,Measles,,general_review,source_screening,United States,P3_low,97,human_review_items; record_inclusion_decisions; source_registry; source_identity_assessments,general review - review_source_src_search_14e93bfe3eec - 2025 Southwest United States measles outbreak - Wikipedia,2025 Southwest United States measles outbreak - Wikipedia,https://en.wikipedia.org/wiki/2025_Southwest_United_States_measles_outbreak,Inspect the linked artifacts and only then edit a decision file if needed.,"What decision, if any, should a human reviewer record?",src_search_14e93bfe3eec,source,This review item requires human inspection before it should affect downstream interpretation.
,approve_source_role; override_source_role; exclude_source; mark_source_needs_review,2025-01-01-2025-03-31,Measles,,general_review,source_screening,United States,P3_low,98,human_review_items; record_inclusion_decisions; source_registry; source_identity_assessments,general review - review_source_src_search_1639787c4334 - Communicating About the Ongoing Measles Outbreak - Public Health Communications...,Communicating About the Ongoing Measles Outbreak - Public Health Communications Collaborative,https://publichealthcollaborative.org/communication-tools/communicating-about-the-2025-measles-outbreak,Inspect the linked artifacts and only then edit a decision file if needed.,"What decision, if any, should a human reviewer record?",src_search_1639787c4334,source,This review item requires human inspection before it should affect downstream interpretation.
,approve_source_role; override_source_role; exclude_source; mark_source_needs_review,2025-01-01-2025-03-31,Measles,,general_review,source_screening,United States,P3_low,99,human_review_items; record_inclusion_decisions; source_registry; source_identity_assessments,general review - review_source_src_search_270d5e6d3895 - The New Mexico Department of Health announced a Lea County ...,The New Mexico Department of Health announced a Lea County ...,https://www.facebook.com/story.php?story_fbid=1219647886827107&id=100063457215196,Inspect the linked artifacts and only then edit a decision file if needed.,"What decision, if any, should a human reviewer record?",src_search_270d5e6d3895,source,This review item requires human inspection before it should affect downstream interpretation.
,approve_source_role; override_source_role; exclude_source; mark_source_needs_review,2025-01-01-2025-03-31,Measles,,general_review,source_screening,United States,P3_low,100,human_review_items; record_inclusion_decisions; source_registry; source_identity_assessments,general review - review_source_src_search_296bf3da1bef - 2025 measles cases highest since 1991 - AAP Publications,2025 measles cases highest since 1991 - AAP Publications,https://publications.aap.org/aapnews/news/34124/2025-measles-cases-highest-since-1991,Inspect the linked artifacts and only then edit a decision file if needed.,"What decision, if any, should a human reviewer record?",src_search_296bf3da1bef,source,This review item requires human inspection before it should affect downstream interpretation.
,approve_source_role; override_source_role; exclude_source; mark_source_needs_review,2025-01-01-2025-03-31,Measles,,general_review,source_screening,United States,P3_low,101,human_review_items; record_inclusion_decisions; source_registry; source_identity_assessments,general review - review_source_src_search_2e1655bc0f11 - New Mexico (USA) measles outbreak case counts as of 22 Apr 2025,New Mexico (USA) measles outbreak case counts as of 22 Apr 2025,https://beaconbio.org/en/report?reportid=2c69ff77-2647-42ab-8382-79d902918551&eventid=2f15d768-f7ee-48ec-b675-02ad2862880f,Inspect the linked artifacts and only then edit a decision file if needed.,"What decision, if any, should a human reviewer record?",src_search_2e1655bc0f11,source,This review item requires human inspection before it should affect downstream interpretation.
,approve_source_role; override_source_role; exclude_source; mark_source_needs_review,2025-01-01-2025-03-31,Measles,,general_review,source_screening,United States,P3_low,102,human_review_items; record_inclusion_decisions; source_registry; source_identity_assessments,general review - review_source_src_search_2eb069f08192 - Clinician Update on Measles Cases and Outbreaks in the ... - YouTube,Clinician Update on Measles Cases and Outbreaks in the ... - YouTube,https://www.youtube.com/watch?v=oW__IShdZws,Inspect the linked artifacts and only then edit a decision file if needed.,"What decision, if any, should a human reviewer record?",src_search_2eb069f08192,source,This review item requires human inspection before it should affect downstream interpretation.
,approve_source_role; override_source_role; exclude_source; mark_source_needs_review,2025-01-01-2025-03-31,Measles,,general_review,source_screening,United States,P3_low,103,human_review_items; record_inclusion_decisions; source_registry; source_identity_assessments,general review - review_source_src_search_3b88e198ee65 - Measles death of unvaccinated child in Texas outbreak is 1st fatality in US in a...,Measles death of unvaccinated child in Texas outbreak is 1st fatality in US in a decade - ABC7 New York,https://abc7ny.com/post/first-measles-death-is-reported-west-texas-outbreak-infected-more-120-people/15956727,Inspect the linked artifacts and only then edit a decision file if needed.,"What decision, if any, should a human reviewer record?",src_search_3b88e198ee65,source,This review item requires human inspection before it should affect downstream interpretation.
,approve_source_role; override_source_role; exclude_source; mark_source_needs_review,2025-01-01-2025-03-31,Measles,,general_review,source_screening,United States,P3_low,104,human_review_items; record_inclusion_decisions; source_registry; source_identity_assessments,"general review - review_source_src_search_3e232b5b243d - Measles Outbreak – August 12, 2025 | Texas DSHS","Measles Outbreak – August 12, 2025 | Texas DSHS",https://www.dshs.texas.gov/news-alerts/measles-outbreak-2025,Inspect the linked artifacts and only then edit a decision file if needed.,"What decision, if any, should a human reviewer record?",src_search_3e232b5b243d,source,This review item requires human inspection before it should affect downstream interpretation.
,approve_source_role; override_source_role; exclude_source; mark_source_needs_review,2025-01-01-2025-03-31,Measles,,general_review,source_screening,United States,P3_low,105,human_review_items; record_inclusion_decisions; source_registry; source_identity_assessments,"general review - review_source_src_search_497d92fe2060 - Texas Measles Status 3/14/2025 (261 total cases, +36 since last ...","Texas Measles Status 3/14/2025 (261 total cases, +36 since last ...",https://www.reddit.com/r/medicine/comments/1jb7a2n/texas_measles_status_3142025_261_total_cases_36,Inspect the linked artifacts and only then edit a decision file if needed.,"What decision, if any, should a human reviewer record?",src_search_497d92fe2060,source,This review item requires human inspection before it should affect downstream interpretation.
,approve_source_role; override_source_role; exclude_source; mark_source_needs_review,2025-01-01-2025-03-31,Measles,,general_review,source_screening,United States,P3_low,106,human_review_items; record_inclusion_decisions; source_registry; source_identity_assessments,"general review - review_source_src_search_50fedea73302 - 2nd child with measles dies in Texas, according to state health officials - ABC...","2nd child with measles dies in Texas, according to state health officials - ABC News",https://abcnews.com/Health/child-measles-dies-texas-hospital-officials/story?id=120539137,Inspect the linked artifacts and only then edit a decision file if needed.,"What decision, if any, should a human reviewer record?",src_search_50fedea73302,source,This review item requires human inspection before it should affect downstream interpretation.
,approve_source_role; override_source_role; exclude_source; mark_source_needs_review,2025-01-01-2025-03-31,Measles,,general_review,source_screening,United States,P3_low,107,human_review_items; record_inclusion_decisions; source_registry; source_identity_assessments,"general review - review_source_src_search_62409e4d2cf9 - US Measles Cases Near 2,000 in 2025 as Multi-State Outbreaks ...","US Measles Cases Near 2,000 in 2025 as Multi-State Outbreaks ...",https://www.contagionlive.com/view/us-measles-cases-near-2-000-in-2025-as-multi-state-outbreaks-expand,Inspect the linked artifacts and only then edit a decision file if needed.,"What decision, if any, should a human reviewer record?",src_search_62409e4d2cf9,source,This review item requires human inspection before it should affect downstream interpretation.
Centers for Disease Control and Prevention,approve_source_role; override_source_role; exclude_source; mark_source_needs_review,2025-01-01-2025-03-31,Measles,,general_review,source_screening,United States,P3_low,108,human_review_items; record_inclusion_decisions; source_registry; source_identity_assessments,general review - review_source_src_search_69d20bdba5cb - Tracking Measles in the U.S.: Latest Maps and Cases - The New York Times,Tracking Measles in the U.S.: Latest Maps and Cases - The New York Times,https://www.nytimes.com/interactive/2025/health/measles-outbreak-map.html,Inspect the linked artifacts and only then edit a decision file if needed.,"What decision, if any, should a human reviewer record?",src_search_69d20bdba5cb,source,This review item requires human inspection before it should affect downstream interpretation.
,approve_source_role; override_source_role; exclude_source; mark_source_needs_review,2025-01-01-2025-03-31,Measles,,general_review,source_screening,United States,P3_low,109,human_review_items; record_inclusion_decisions; source_registry; source_identity_assessments,general review - review_source_src_search_74152a4ae4ab - U.S. Measles Outbreak 2025 - Public Health - MSK Library Guides at Memorial Sloa...,U.S. Measles Outbreak 2025 - Public Health - MSK Library Guides at Memorial Sloan Kettering Cancer Center,https://libguides.mskcc.org/publichealth/measles2025,Inspect the linked artifacts and only then edit a decision file if needed.,"What decision, if any, should a human reviewer record?",src_search_74152a4ae4ab,source,This review item requires human inspection before it should affect downstream interpretation.
,approve_source_role; override_source_role; exclude_source; mark_source_needs_review,2025-01-01-2025-03-31,Measles,,general_review,source_screening,United States,P3_low,110,human_review_items; record_inclusion_decisions; source_registry; source_identity_assessments,general review - review_source_src_search_7af26f33a470 - Measles 2025 | New England Journal of Medicine,Measles 2025 | New England Journal of Medicine,https://www.nejm.org/doi/full/10.1056/NEJMra2504516,Inspect the linked artifacts and only then edit a decision file if needed.,"What decision, if any, should a human reviewer record?",src_search_7af26f33a470,source,This review item requires human inspection before it should affect downstream interpretation.
,approve_source_role; override_source_role; exclude_source; mark_source_needs_review,2025-01-01-2025-03-31,Measles,,general_review,source_screening,United States,P3_low,111,human_review_items; record_inclusion_decisions; source_registry; source_identity_assessments,general review - review_source_src_search_7cb311dd75e6 - U.S. Measles Tracker | International Vaccine Access Center,U.S. Measles Tracker | International Vaccine Access Center,https://publichealth.jhu.edu/ivac/resources/us-measles-tracker,Inspect the linked artifacts and only then edit a decision file if needed.,"What decision, if any, should a human reviewer record?",src_search_7cb311dd75e6,source,This review item requires human inspection before it should affect downstream interpretation.
,approve_source_role; override_source_role; exclude_source; mark_source_needs_review,2025-01-01-2025-03-31,Measles,,general_review,source_screening,United States,P3_low,112,human_review_items; record_inclusion_decisions; source_registry; source_identity_assessments,"general review - review_source_src_search_831265159816 - Texas Declares Measles Outbreak 'Over' After 762 Cases, Two Child ...","Texas Declares Measles Outbreak 'Over' After 762 Cases, Two Child ...",https://respiratory-therapy.com/disorders-diseases/infectious-diseases/other-infections/texas-measles-outbreak-2025,Inspect the linked artifacts and only then edit a decision file if needed.,"What decision, if any, should a human reviewer record?",src_search_831265159816,source,This review item requires human inspection before it should affect downstream interpretation.
,approve_source_role; override_source_role; exclude_source; mark_source_needs_review,2025-01-01-2025-03-31,Measles,,general_review,source_screening,United States,P3_low,113,human_review_items; record_inclusion_decisions; source_registry; source_identity_assessments,general review - review_source_src_search_9570e9e8018b - 2025 Measles Outbreak | South Carolina Department of Public Health,2025 Measles Outbreak | South Carolina Department of Public Health,https://dph.sc.gov/diseases-conditions/infectious-diseases/measles-rubeola/2025-measles-outbreak,Inspect the linked artifacts and only then edit a decision file if needed.,"What decision, if any, should a human reviewer record?",src_search_9570e9e8018b,source,This review item requires human inspection before it should affect downstream interpretation.
Centers for Disease Control and Prevention,approve_source_role; override_source_role; exclude_source; mark_source_needs_review,2025-01-01-2025-03-31,Measles,,general_review,source_screening,United States,P3_low,114,human_review_items; record_inclusion_decisions; source_registry; source_identity_assessments,"general review - review_source_src_search_95e36ab59cc7 - US exceeds 1,900 measles cases as outbreaks expand | CIDRAP","US exceeds 1,900 measles cases as outbreaks expand | CIDRAP",https://www.cidrap.umn.edu/measles/us-exceeds-1900-measles-cases-outbreaks-expand,Inspect the linked artifacts and only then edit a decision file if needed.,"What decision, if any, should a human reviewer record?",src_search_95e36ab59cc7,source,This review item requires human inspection before it should affect downstream interpretation.
,approve_source_role; override_source_role; exclude_source; mark_source_needs_review,2025-01-01-2025-03-31,Measles,,general_review,source_screening,United States,P3_low,115,human_review_items; record_inclusion_decisions; source_registry; source_identity_assessments,general review - review_source_src_search_97d0b1208f3d - U.S. Measles Cases Hit Highest Level Since Declared Eliminated in ...,U.S. Measles Cases Hit Highest Level Since Declared Eliminated in ...,https://publichealth.jhu.edu/ivac/2025/us-measles-cases-hit-highest-level-since-declared-eliminated-in-2000,Inspect the linked artifacts and only then edit a decision file if needed.,"What decision, if any, should a human reviewer record?",src_search_97d0b1208f3d,source,This review item requires human inspection before it should affect downstream interpretation.
Centers for Disease Control and Prevention,approve_source_role; override_source_role; exclude_source; mark_source_needs_review,2025-01-01-2025-03-31,Measles,,general_review,source_screening,United States,P3_low,116,human_review_items; record_inclusion_decisions; source_registry; source_identity_assessments,general review - review_source_src_search_cd5fb2750261 - CDC Records Two New Measles Outbreaks — As 2026 Already Outpaces 2025,CDC Records Two New Measles Outbreaks — As 2026 Already Outpaces 2025,https://www.forbes.com/sites/antoniopequenoiv/2026/01/30/measles-cases-this-year-are-outpacing-2025---the-worst-recent-year-on-record,Inspect the linked artifacts and only then edit a decision file if needed.,"What decision, if any, should a human reviewer record?",src_search_cd5fb2750261,source,This review item requires human inspection before it should affect downstream interpretation.
New Mexico Department of Health,approve_source_role; override_source_role; exclude_source; mark_source_needs_review,2025-01-01-2025-03-31,Measles,,general_review,source_screening,United States,P3_low,117,human_review_items; record_inclusion_decisions; source_registry; source_identity_assessments,general review - review_source_src_search_cf354551481b - 2025 Measles Outbreak - New Mexico Department of Health,2025 Measles Outbreak - New Mexico Department of Health,https://www.nmhealth.org/about/erd/ideb/mog/mogo,Inspect the linked artifacts and only then edit a decision file if needed.,"What decision, if any, should a human reviewer record?",src_search_cf354551481b,source,This review item requires human inspection before it should affect downstream interpretation.
National Center for Biotechnology Information,approve_source_role; override_source_role; exclude_source; mark_source_needs_review,2025-01-01-2025-03-31,Measles,,general_review,source_screening,United States,P3_low,118,human_review_items; record_inclusion_decisions; source_registry; source_identity_assessments,general review - review_source_src_search_eec8c3f3b772 - Measles resurgence in the United States: epidemiological and ...,Measles resurgence in the United States: epidemiological and ...,https://pmc.ncbi.nlm.nih.gov/articles/PMC12825560,Inspect the linked artifacts and only then edit a decision file if needed.,"What decision, if any, should a human reviewer record?",src_search_eec8c3f3b772,source,This review item requires human inspection before it should affect downstream interpretation.
New Mexico Department of Health,approve_source_role; override_source_role; exclude_source; mark_source_needs_review,2025-01-01-2025-03-31,Measles,,general_review,source_screening,United States,P3_low,119,human_review_items; record_inclusion_decisions; source_registry; source_identity_assessments,general review - review_source_src_search_ef917f9b28c7 - Measles - New Mexico Department of Health,Measles - New Mexico Department of Health,https://www.nmhealth.org/about/erd/ideb/mog,Inspect the linked artifacts and only then edit a decision file if needed.,"What decision, if any, should a human reviewer record?",src_search_ef917f9b28c7,source,This review item requires human inspection before it should affect downstream interpretation.
