edge_type,reason,source,source_type,target,target_type,warnings
fetched_as,document.source_id links to source,source:src_search_a5bc6c5400a7,source,document:doc_001,document,
fetched_as,document.source_id links to source,source:src_search_e0c58bcf769a,source,document:doc_002,document,
fetched_as,document.source_id links to source,source:src_search_b85f60e7676f,source,document:doc_003,document,
fetched_as,document.source_id links to source,source:src_search_33733b13ba13,source,document:doc_004,document,
fetched_as,document.source_id links to source,source:src_search_85d5f7f41e48,source,document:doc_005,document,
fetched_as,document.source_id links to source,source:src_search_057e55c5d693,source,document:doc_006,document,
fetched_as,document.source_id links to source,source:src_search_341f243cf7df,source,document:doc_007,document,
fetched_as,document.source_id links to source,source:src_search_af2190be6282,source,document:doc_008,document,
fetched_as,document.source_id links to source,source:src_search_6ec6e3fd8adc,source,document:doc_009,document,
fetched_as,document.source_id links to source,source:src_search_48540a4df4f2,source,document:doc_010,document,
fetched_as,document.source_id links to source,source:src_search_95a418d2f831,source,document:doc_011,document,
fetched_as,document.source_id links to source,source:src_search_b51a5ab7bcd8,source,document:doc_012,document,
fetched_as,document.source_id links to source,source:src_search_8207a084046e,source,document:doc_013,document,
fetched_as,document.source_id links to source,source:src_search_712e948506d7,source,document:doc_014,document,
fetched_as,document.source_id links to source,source:src_search_bbfd11297ad8,source,document:doc_015,document,
fetched_as,document.source_id links to source,source:src_search_8fb76173fa13,source,document:doc_016,document,
fetched_as,document.source_id links to source,source:src_search_843a36718811,source,document:doc_017,document,
fetched_as,document.source_id links to source,source:src_search_fe091021a27e,source,document:doc_018,document,
fetched_as,document.source_id links to source,source:src_search_793a8dd9911b,source,document:doc_019,document,
fetched_as,document.source_id links to source,source:src_search_f06158a1a260,source,document:doc_020,document,
fetched_as,document.source_id links to source,source:src_search_3c32f8c03a31,source,document:doc_021,document,
fetched_as,document.source_id links to source,source:src_search_1f2ad0f9f937,source,document:doc_022,document,
fetched_as,document.source_id links to source,source:src_search_a37f3105d277,source,document:doc_023,document,
fetched_as,document.source_id links to source,source:src_search_139b1ba6fd05,source,document:doc_024,document,
fetched_as,document.source_id links to source,source:src_search_d75a6eda1263,source,document:doc_025,document,
fetched_as,document.source_id links to source,source:src_search_34a66c01ab1b,source,document:doc_026,document,
fetched_as,document.source_id links to source,source:src_search_1a43f41dad6f,source,document:doc_027,document,
fetched_as,document.source_id links to source,source:src_search_58cd0c44b219,source,document:doc_028,document,
fetched_as,document.source_id links to source,source:src_search_69331015856f,source,document:doc_029,document,
fetched_as,document.source_id links to source,source:src_search_f3dfdc0c6d99,source,document:doc_030,document,
fetched_as,document.source_id links to source,source:src_search_25738f18fb27,source,document:doc_031,document,
fetched_as,document.source_id links to source,source:src_search_8d0aef1a7c3b,source,document:doc_032,document,
fetched_as,document.source_id links to source,source:src_search_d95e02cc3006,source,document:doc_033,document,
fetched_as,document.source_id links to source,source:src_search_bebdb72f384b,source,document:doc_034,document,
fetched_as,document.source_id links to source,source:src_search_814630932f43,source,document:doc_035,document,
fetched_as,document.source_id links to source,source:src_search_b1fd759a3dac,source,document:doc_036,document,
fetched_as,document.source_id links to source,source:src_search_00ed2e227127,source,document:doc_037,document,
fetched_as,document.source_id links to source,source:src_search_1aa919b25056,source,document:doc_038,document,
fetched_as,document.source_id links to source,source:src_search_fe233d5728e3,source,document:doc_039,document,
fetched_as,document.source_id links to source,source:src_search_efda92ce4d43,source,document:doc_040,document,
fetched_as,document.source_id links to source,source:src_search_4526a2ab0e84,source,document:doc_041,document,
fetched_as,document.source_id links to source,source:src_search_c6847df134ad,source,document:doc_042,document,
fetched_as,document.source_id links to source,source:src_search_e7a1cca073de,source,document:doc_043,document,
fetched_as,document.source_id links to source,source:src_search_b3970fa613bc,source,document:doc_044,document,
fetched_as,document.source_id links to source,source:src_search_01e4ab75e33f,source,document:doc_045,document,
fetched_as,document.source_id links to source,source:src_search_a5bc6c5400a7,source,document:doc_046,document,
fetched_as,document.source_id links to source,source:src_search_e0c58bcf769a,source,document:doc_047,document,
fetched_as,document.source_id links to source,source:src_search_b85f60e7676f,source,document:doc_048,document,
fetched_as,document.source_id links to source,source:src_search_33733b13ba13,source,document:doc_049,document,
fetched_as,document.source_id links to source,source:src_search_85d5f7f41e48,source,document:doc_050,document,
fetched_as,document.source_id links to source,source:src_search_057e55c5d693,source,document:doc_051,document,
fetched_as,document.source_id links to source,source:src_search_341f243cf7df,source,document:doc_052,document,
fetched_as,document.source_id links to source,source:src_search_af2190be6282,source,document:doc_053,document,
fetched_as,document.source_id links to source,source:src_search_6ec6e3fd8adc,source,document:doc_054,document,
fetched_as,document.source_id links to source,source:src_search_48540a4df4f2,source,document:doc_055,document,
fetched_as,document.source_id links to source,source:src_search_95a418d2f831,source,document:doc_056,document,
fetched_as,document.source_id links to source,source:src_search_b51a5ab7bcd8,source,document:doc_057,document,
fetched_as,document.source_id links to source,source:src_search_8207a084046e,source,document:doc_058,document,
fetched_as,document.source_id links to source,source:src_search_712e948506d7,source,document:doc_059,document,
fetched_as,document.source_id links to source,source:src_search_bbfd11297ad8,source,document:doc_060,document,
fetched_as,document.source_id links to source,source:src_search_8fb76173fa13,source,document:doc_061,document,
fetched_as,document.source_id links to source,source:src_search_843a36718811,source,document:doc_062,document,
fetched_as,document.source_id links to source,source:src_search_fe091021a27e,source,document:doc_063,document,
fetched_as,document.source_id links to source,source:src_search_793a8dd9911b,source,document:doc_064,document,
fetched_as,document.source_id links to source,source:src_search_f06158a1a260,source,document:doc_065,document,
fetched_as,document.source_id links to source,source:src_search_3c32f8c03a31,source,document:doc_066,document,
fetched_as,document.source_id links to source,source:src_search_1f2ad0f9f937,source,document:doc_067,document,
fetched_as,document.source_id links to source,source:src_search_a37f3105d277,source,document:doc_068,document,
fetched_as,document.source_id links to source,source:src_search_139b1ba6fd05,source,document:doc_069,document,
fetched_as,document.source_id links to source,source:src_search_d75a6eda1263,source,document:doc_070,document,
fetched_as,document.source_id links to source,source:src_search_34a66c01ab1b,source,document:doc_071,document,
fetched_as,document.source_id links to source,source:src_search_1a43f41dad6f,source,document:doc_072,document,
fetched_as,document.source_id links to source,source:src_search_58cd0c44b219,source,document:doc_073,document,
fetched_as,document.source_id links to source,source:src_search_69331015856f,source,document:doc_074,document,
fetched_as,document.source_id links to source,source:src_search_f3dfdc0c6d99,source,document:doc_075,document,
fetched_as,document.source_id links to source,source:src_search_25738f18fb27,source,document:doc_076,document,
fetched_as,document.source_id links to source,source:src_search_8d0aef1a7c3b,source,document:doc_077,document,
fetched_as,document.source_id links to source,source:src_search_d95e02cc3006,source,document:doc_078,document,
fetched_as,document.source_id links to source,source:src_search_bebdb72f384b,source,document:doc_079,document,
fetched_as,document.source_id links to source,source:src_search_814630932f43,source,document:doc_080,document,
fetched_as,document.source_id links to source,source:src_search_b1fd759a3dac,source,document:doc_081,document,
fetched_as,document.source_id links to source,source:src_search_00ed2e227127,source,document:doc_082,document,
fetched_as,document.source_id links to source,source:src_search_1aa919b25056,source,document:doc_083,document,
fetched_as,document.source_id links to source,source:src_search_fe233d5728e3,source,document:doc_084,document,
fetched_as,document.source_id links to source,source:src_search_efda92ce4d43,source,document:doc_085,document,
fetched_as,document.source_id links to source,source:src_search_4526a2ab0e84,source,document:doc_086,document,
fetched_as,document.source_id links to source,source:src_search_c6847df134ad,source,document:doc_087,document,
fetched_as,document.source_id links to source,source:src_search_e7a1cca073de,source,document:doc_088,document,
fetched_as,document.source_id links to source,source:src_search_b3970fa613bc,source,document:doc_089,document,
fetched_as,document.source_id links to source,source:src_search_01e4ab75e33f,source,document:doc_090,document,
fetched_as,document.source_id links to source,source:src_search_db7489def0f9,source,document:doc_091,document,
fetched_as,document.source_id links to source,source:src_search_397f647da895,source,document:doc_092,document,
fetched_as,document.source_id links to source,source:src_search_15fc5f8d47e2,source,document:doc_093,document,
fetched_as,document.source_id links to source,source:src_search_e48f82c4451a,source,document:doc_094,document,
fetched_as,document.source_id links to source,source:src_search_76394e8294e0,source,document:doc_095,document,
extracted_into,record.supporting_chunk_id links to evidence chunk,evidence_chunk:chunk_src_search_6ec6e3fd8adc_003,evidence_chunk,raw_record:rec_src_search_6ec6e3fd8adc_001,raw_record,
extracted_into,record.supporting_chunk_id links to evidence chunk,evidence_chunk:chunk_src_search_fe091021a27e_005,evidence_chunk,raw_record:rec_src_search_fe091021a27e_001,raw_record,
extracted_into,record.supporting_chunk_id links to evidence chunk,evidence_chunk:chunk_src_search_fe091021a27e_007,evidence_chunk,raw_record:rec_src_search_fe091021a27e_002,raw_record,
extracted_into,record.supporting_chunk_id links to evidence chunk,evidence_chunk:chunk_src_search_33733b13ba13_013,evidence_chunk,raw_record:rec_src_search_33733b13ba13_001,raw_record,
extracted_into,record.supporting_chunk_id links to evidence chunk,evidence_chunk:chunk_src_search_33733b13ba13_014,evidence_chunk,raw_record:rec_src_search_33733b13ba13_002,raw_record,
extracted_into,record.supporting_chunk_id links to evidence chunk,evidence_chunk:chunk_src_search_33733b13ba13_015,evidence_chunk,raw_record:rec_src_search_33733b13ba13_003,raw_record,
extracted_into,record.supporting_chunk_id links to evidence chunk,evidence_chunk:chunk_src_search_95a418d2f831_012,evidence_chunk,raw_record:rec_src_search_95a418d2f831_001,raw_record,
extracted_into,record.supporting_chunk_id links to evidence chunk,evidence_chunk:chunk_src_search_8207a084046e_022,evidence_chunk,raw_record:rec_src_search_8207a084046e_001,raw_record,
extracted_into,record.supporting_chunk_id links to evidence chunk,evidence_chunk:chunk_src_search_8fb76173fa13_014,evidence_chunk,raw_record:rec_src_search_8fb76173fa13_001,raw_record,
extracted_into,record.supporting_chunk_id links to evidence chunk,evidence_chunk:chunk_src_search_8fb76173fa13_015,evidence_chunk,raw_record:rec_src_search_8fb76173fa13_002,raw_record,
extracted_into,record.supporting_chunk_id links to evidence chunk,evidence_chunk:chunk_src_search_8fb76173fa13_015,evidence_chunk,raw_record:rec_src_search_8fb76173fa13_003,raw_record,
extracted_into,record.supporting_chunk_id links to evidence chunk,evidence_chunk:chunk_src_search_8fb76173fa13_015,evidence_chunk,raw_record:rec_src_search_8fb76173fa13_004,raw_record,
extracted_into,record.supporting_chunk_id links to evidence chunk,evidence_chunk:chunk_src_search_8fb76173fa13_015,evidence_chunk,raw_record:rec_src_search_8fb76173fa13_005,raw_record,
extracted_into,record.supporting_chunk_id links to evidence chunk,evidence_chunk:chunk_src_search_8fb76173fa13_015,evidence_chunk,raw_record:rec_src_search_8fb76173fa13_006,raw_record,
extracted_into,record.supporting_chunk_id links to evidence chunk,evidence_chunk:chunk_src_search_793a8dd9911b_023,evidence_chunk,raw_record:rec_src_search_793a8dd9911b_001,raw_record,
extracted_into,record.supporting_chunk_id links to evidence chunk,evidence_chunk:chunk_src_search_793a8dd9911b_024,evidence_chunk,raw_record:rec_src_search_793a8dd9911b_002,raw_record,
extracted_into,record.supporting_chunk_id links to evidence chunk,evidence_chunk:chunk_src_search_793a8dd9911b_025,evidence_chunk,raw_record:rec_src_search_793a8dd9911b_003,raw_record,
extracted_into,record.supporting_chunk_id links to evidence chunk,evidence_chunk:chunk_src_search_f06158a1a260_008,evidence_chunk,raw_record:rec_src_search_f06158a1a260_001,raw_record,
extracted_into,record.supporting_chunk_id links to evidence chunk,evidence_chunk:chunk_src_search_f06158a1a260_011,evidence_chunk,raw_record:rec_src_search_f06158a1a260_002,raw_record,
extracted_into,record.supporting_chunk_id links to evidence chunk,evidence_chunk:chunk_src_search_6ec6e3fd8adc_003,evidence_chunk,validated_record:rec_src_search_6ec6e3fd8adc_001,validated_record,
extracted_into,record.supporting_chunk_id links to evidence chunk,evidence_chunk:chunk_src_search_fe091021a27e_005,evidence_chunk,validated_record:rec_src_search_fe091021a27e_001,validated_record,
extracted_into,record.supporting_chunk_id links to evidence chunk,evidence_chunk:chunk_src_search_fe091021a27e_007,evidence_chunk,validated_record:rec_src_search_fe091021a27e_002,validated_record,
extracted_into,record.supporting_chunk_id links to evidence chunk,evidence_chunk:chunk_src_search_33733b13ba13_013,evidence_chunk,validated_record:rec_src_search_33733b13ba13_001,validated_record,
extracted_into,record.supporting_chunk_id links to evidence chunk,evidence_chunk:chunk_src_search_33733b13ba13_014,evidence_chunk,validated_record:rec_src_search_33733b13ba13_002,validated_record,
extracted_into,record.supporting_chunk_id links to evidence chunk,evidence_chunk:chunk_src_search_33733b13ba13_015,evidence_chunk,validated_record:rec_src_search_33733b13ba13_003,validated_record,
extracted_into,record.supporting_chunk_id links to evidence chunk,evidence_chunk:chunk_src_search_95a418d2f831_012,evidence_chunk,validated_record:rec_src_search_95a418d2f831_001,validated_record,
extracted_into,record.supporting_chunk_id links to evidence chunk,evidence_chunk:chunk_src_search_8207a084046e_022,evidence_chunk,validated_record:rec_src_search_8207a084046e_001,validated_record,
extracted_into,record.supporting_chunk_id links to evidence chunk,evidence_chunk:chunk_src_search_8fb76173fa13_014,evidence_chunk,validated_record:rec_src_search_8fb76173fa13_001,validated_record,
extracted_into,record.supporting_chunk_id links to evidence chunk,evidence_chunk:chunk_src_search_8fb76173fa13_015,evidence_chunk,validated_record:rec_src_search_8fb76173fa13_002,validated_record,
extracted_into,record.supporting_chunk_id links to evidence chunk,evidence_chunk:chunk_src_search_8fb76173fa13_015,evidence_chunk,validated_record:rec_src_search_8fb76173fa13_003,validated_record,
extracted_into,record.supporting_chunk_id links to evidence chunk,evidence_chunk:chunk_src_search_8fb76173fa13_015,evidence_chunk,validated_record:rec_src_search_8fb76173fa13_004,validated_record,
extracted_into,record.supporting_chunk_id links to evidence chunk,evidence_chunk:chunk_src_search_8fb76173fa13_015,evidence_chunk,validated_record:rec_src_search_8fb76173fa13_005,validated_record,
extracted_into,record.supporting_chunk_id links to evidence chunk,evidence_chunk:chunk_src_search_8fb76173fa13_015,evidence_chunk,validated_record:rec_src_search_8fb76173fa13_006,validated_record,
extracted_into,record.supporting_chunk_id links to evidence chunk,evidence_chunk:chunk_src_search_793a8dd9911b_023,evidence_chunk,validated_record:rec_src_search_793a8dd9911b_001,validated_record,
extracted_into,record.supporting_chunk_id links to evidence chunk,evidence_chunk:chunk_src_search_793a8dd9911b_024,evidence_chunk,validated_record:rec_src_search_793a8dd9911b_002,validated_record,
extracted_into,record.supporting_chunk_id links to evidence chunk,evidence_chunk:chunk_src_search_793a8dd9911b_025,evidence_chunk,validated_record:rec_src_search_793a8dd9911b_003,validated_record,
extracted_into,record.supporting_chunk_id links to evidence chunk,evidence_chunk:chunk_src_search_f06158a1a260_008,evidence_chunk,validated_record:rec_src_search_f06158a1a260_001,validated_record,
extracted_into,record.supporting_chunk_id links to evidence chunk,evidence_chunk:chunk_src_search_f06158a1a260_011,evidence_chunk,validated_record:rec_src_search_f06158a1a260_002,validated_record,
extracted_into,record.supporting_chunk_id links to evidence chunk,evidence_chunk:chunk_src_search_6ec6e3fd8adc_003,evidence_chunk,normalized_record:rec_src_search_6ec6e3fd8adc_001,normalized_record,
extracted_into,record.supporting_chunk_id links to evidence chunk,evidence_chunk:chunk_src_search_fe091021a27e_005,evidence_chunk,normalized_record:rec_src_search_fe091021a27e_001,normalized_record,
extracted_into,record.supporting_chunk_id links to evidence chunk,evidence_chunk:chunk_src_search_fe091021a27e_007,evidence_chunk,normalized_record:rec_src_search_fe091021a27e_002,normalized_record,
extracted_into,record.supporting_chunk_id links to evidence chunk,evidence_chunk:chunk_src_search_33733b13ba13_013,evidence_chunk,normalized_record:rec_src_search_33733b13ba13_001,normalized_record,
extracted_into,record.supporting_chunk_id links to evidence chunk,evidence_chunk:chunk_src_search_33733b13ba13_014,evidence_chunk,normalized_record:rec_src_search_33733b13ba13_002,normalized_record,
extracted_into,record.supporting_chunk_id links to evidence chunk,evidence_chunk:chunk_src_search_33733b13ba13_015,evidence_chunk,normalized_record:rec_src_search_33733b13ba13_003,normalized_record,
extracted_into,record.supporting_chunk_id links to evidence chunk,evidence_chunk:chunk_src_search_95a418d2f831_012,evidence_chunk,normalized_record:rec_src_search_95a418d2f831_001,normalized_record,
extracted_into,record.supporting_chunk_id links to evidence chunk,evidence_chunk:chunk_src_search_8207a084046e_022,evidence_chunk,normalized_record:rec_src_search_8207a084046e_001,normalized_record,
extracted_into,record.supporting_chunk_id links to evidence chunk,evidence_chunk:chunk_src_search_8fb76173fa13_014,evidence_chunk,normalized_record:rec_src_search_8fb76173fa13_001,normalized_record,
extracted_into,record.supporting_chunk_id links to evidence chunk,evidence_chunk:chunk_src_search_8fb76173fa13_015,evidence_chunk,normalized_record:rec_src_search_8fb76173fa13_002,normalized_record,
extracted_into,record.supporting_chunk_id links to evidence chunk,evidence_chunk:chunk_src_search_8fb76173fa13_015,evidence_chunk,normalized_record:rec_src_search_8fb76173fa13_003,normalized_record,
extracted_into,record.supporting_chunk_id links to evidence chunk,evidence_chunk:chunk_src_search_8fb76173fa13_015,evidence_chunk,normalized_record:rec_src_search_8fb76173fa13_004,normalized_record,
extracted_into,record.supporting_chunk_id links to evidence chunk,evidence_chunk:chunk_src_search_8fb76173fa13_015,evidence_chunk,normalized_record:rec_src_search_8fb76173fa13_005,normalized_record,
extracted_into,record.supporting_chunk_id links to evidence chunk,evidence_chunk:chunk_src_search_8fb76173fa13_015,evidence_chunk,normalized_record:rec_src_search_8fb76173fa13_006,normalized_record,
extracted_into,record.supporting_chunk_id links to evidence chunk,evidence_chunk:chunk_src_search_793a8dd9911b_023,evidence_chunk,normalized_record:rec_src_search_793a8dd9911b_001,normalized_record,
extracted_into,record.supporting_chunk_id links to evidence chunk,evidence_chunk:chunk_src_search_793a8dd9911b_024,evidence_chunk,normalized_record:rec_src_search_793a8dd9911b_002,normalized_record,
extracted_into,record.supporting_chunk_id links to evidence chunk,evidence_chunk:chunk_src_search_793a8dd9911b_025,evidence_chunk,normalized_record:rec_src_search_793a8dd9911b_003,normalized_record,
extracted_into,record.supporting_chunk_id links to evidence chunk,evidence_chunk:chunk_src_search_f06158a1a260_008,evidence_chunk,normalized_record:rec_src_search_f06158a1a260_001,normalized_record,
extracted_into,record.supporting_chunk_id links to evidence chunk,evidence_chunk:chunk_src_search_f06158a1a260_011,evidence_chunk,normalized_record:rec_src_search_f06158a1a260_002,normalized_record,
validated_into,matched provenance identifier,raw_record:rec_src_search_8fb76173fa13_003,raw_record,validated_record:rec_src_search_8fb76173fa13_003,validated_record,
normalized_into,matched provenance identifier,validated_record:rec_src_search_8fb76173fa13_003,validated_record,normalized_record:rec_src_search_8fb76173fa13_003,normalized_record,
validated_into,matched provenance identifier,raw_record:rec_src_search_8fb76173fa13_002,raw_record,validated_record:rec_src_search_8fb76173fa13_002,validated_record,
normalized_into,matched provenance identifier,validated_record:rec_src_search_8fb76173fa13_002,validated_record,normalized_record:rec_src_search_8fb76173fa13_002,normalized_record,
validated_into,matched provenance identifier,raw_record:rec_src_search_fe091021a27e_002,raw_record,validated_record:rec_src_search_fe091021a27e_002,validated_record,
normalized_into,matched provenance identifier,validated_record:rec_src_search_fe091021a27e_002,validated_record,normalized_record:rec_src_search_fe091021a27e_002,normalized_record,
validated_into,matched provenance identifier,raw_record:rec_src_search_95a418d2f831_001,raw_record,validated_record:rec_src_search_95a418d2f831_001,validated_record,
normalized_into,matched provenance identifier,validated_record:rec_src_search_95a418d2f831_001,validated_record,normalized_record:rec_src_search_95a418d2f831_001,normalized_record,
validated_into,matched provenance identifier,raw_record:rec_src_search_8fb76173fa13_005,raw_record,validated_record:rec_src_search_8fb76173fa13_005,validated_record,
normalized_into,matched provenance identifier,validated_record:rec_src_search_8fb76173fa13_005,validated_record,normalized_record:rec_src_search_8fb76173fa13_005,normalized_record,
validated_into,matched provenance identifier,raw_record:rec_src_search_f06158a1a260_002,raw_record,validated_record:rec_src_search_f06158a1a260_002,validated_record,
normalized_into,matched provenance identifier,validated_record:rec_src_search_f06158a1a260_002,validated_record,normalized_record:rec_src_search_f06158a1a260_002,normalized_record,
validated_into,matched provenance identifier,raw_record:rec_src_search_6ec6e3fd8adc_001,raw_record,validated_record:rec_src_search_6ec6e3fd8adc_001,validated_record,
normalized_into,matched provenance identifier,validated_record:rec_src_search_6ec6e3fd8adc_001,validated_record,normalized_record:rec_src_search_6ec6e3fd8adc_001,normalized_record,
validated_into,matched provenance identifier,raw_record:rec_src_search_793a8dd9911b_002,raw_record,validated_record:rec_src_search_793a8dd9911b_002,validated_record,
normalized_into,matched provenance identifier,validated_record:rec_src_search_793a8dd9911b_002,validated_record,normalized_record:rec_src_search_793a8dd9911b_002,normalized_record,
validated_into,matched provenance identifier,raw_record:rec_src_search_793a8dd9911b_001,raw_record,validated_record:rec_src_search_793a8dd9911b_001,validated_record,
normalized_into,matched provenance identifier,validated_record:rec_src_search_793a8dd9911b_001,validated_record,normalized_record:rec_src_search_793a8dd9911b_001,normalized_record,
validated_into,matched provenance identifier,raw_record:rec_src_search_f06158a1a260_001,raw_record,validated_record:rec_src_search_f06158a1a260_001,validated_record,
normalized_into,matched provenance identifier,validated_record:rec_src_search_f06158a1a260_001,validated_record,normalized_record:rec_src_search_f06158a1a260_001,normalized_record,
validated_into,matched provenance identifier,raw_record:rec_src_search_8fb76173fa13_004,raw_record,validated_record:rec_src_search_8fb76173fa13_004,validated_record,
normalized_into,matched provenance identifier,validated_record:rec_src_search_8fb76173fa13_004,validated_record,normalized_record:rec_src_search_8fb76173fa13_004,normalized_record,
validated_into,matched provenance identifier,raw_record:rec_src_search_33733b13ba13_002,raw_record,validated_record:rec_src_search_33733b13ba13_002,validated_record,
normalized_into,matched provenance identifier,validated_record:rec_src_search_33733b13ba13_002,validated_record,normalized_record:rec_src_search_33733b13ba13_002,normalized_record,
validated_into,matched provenance identifier,raw_record:rec_src_search_8fb76173fa13_001,raw_record,validated_record:rec_src_search_8fb76173fa13_001,validated_record,
normalized_into,matched provenance identifier,validated_record:rec_src_search_8fb76173fa13_001,validated_record,normalized_record:rec_src_search_8fb76173fa13_001,normalized_record,
validated_into,matched provenance identifier,raw_record:rec_src_search_33733b13ba13_003,raw_record,validated_record:rec_src_search_33733b13ba13_003,validated_record,
normalized_into,matched provenance identifier,validated_record:rec_src_search_33733b13ba13_003,validated_record,normalized_record:rec_src_search_33733b13ba13_003,normalized_record,
validated_into,matched provenance identifier,raw_record:rec_src_search_8fb76173fa13_006,raw_record,validated_record:rec_src_search_8fb76173fa13_006,validated_record,
normalized_into,matched provenance identifier,validated_record:rec_src_search_8fb76173fa13_006,validated_record,normalized_record:rec_src_search_8fb76173fa13_006,normalized_record,
validated_into,matched provenance identifier,raw_record:rec_src_search_793a8dd9911b_003,raw_record,validated_record:rec_src_search_793a8dd9911b_003,validated_record,
normalized_into,matched provenance identifier,validated_record:rec_src_search_793a8dd9911b_003,validated_record,normalized_record:rec_src_search_793a8dd9911b_003,normalized_record,
validated_into,matched provenance identifier,raw_record:rec_src_search_33733b13ba13_001,raw_record,validated_record:rec_src_search_33733b13ba13_001,validated_record,
normalized_into,matched provenance identifier,validated_record:rec_src_search_33733b13ba13_001,validated_record,normalized_record:rec_src_search_33733b13ba13_001,normalized_record,
validated_into,matched provenance identifier,raw_record:rec_src_search_8207a084046e_001,raw_record,validated_record:rec_src_search_8207a084046e_001,validated_record,
normalized_into,matched provenance identifier,validated_record:rec_src_search_8207a084046e_001,validated_record,normalized_record:rec_src_search_8207a084046e_001,normalized_record,
validated_into,matched provenance identifier,raw_record:rec_src_search_fe091021a27e_001,raw_record,validated_record:rec_src_search_fe091021a27e_001,validated_record,
normalized_into,matched provenance identifier,validated_record:rec_src_search_fe091021a27e_001,validated_record,normalized_record:rec_src_search_fe091021a27e_001,normalized_record,
produced_claim,matched provenance identifier,normalized_record:rec_src_search_6ec6e3fd8adc_001,normalized_record,claim:claim_rec_src_search_6ec6e3fd8adc_001_cases_unspecified,claim,
produced_claim,matched provenance identifier,normalized_record:rec_src_search_fe091021a27e_001,normalized_record,claim:claim_rec_src_search_fe091021a27e_001_cases_unspecified,claim,
produced_claim,matched provenance identifier,normalized_record:rec_src_search_fe091021a27e_002,normalized_record,claim:claim_rec_src_search_fe091021a27e_002_cases_unspecified,claim,
produced_claim,matched provenance identifier,normalized_record:rec_src_search_fe091021a27e_002,normalized_record,claim:claim_rec_src_search_fe091021a27e_002_deaths,claim,
produced_claim,matched provenance identifier,normalized_record:rec_src_search_fe091021a27e_002,normalized_record,claim:claim_rec_src_search_fe091021a27e_002_hospitalizations,claim,
produced_claim,matched provenance identifier,normalized_record:rec_src_search_33733b13ba13_001,normalized_record,claim:claim_rec_src_search_33733b13ba13_001_cases_unspecified,claim,
produced_claim,matched provenance identifier,normalized_record:rec_src_search_33733b13ba13_001,normalized_record,claim:claim_rec_src_search_33733b13ba13_001_deaths,claim,
produced_claim,matched provenance identifier,normalized_record:rec_src_search_33733b13ba13_001,normalized_record,claim:claim_rec_src_search_33733b13ba13_001_hospitalizations,claim,
produced_claim,matched provenance identifier,normalized_record:rec_src_search_33733b13ba13_002,normalized_record,claim:claim_rec_src_search_33733b13ba13_002_hospitalizations,claim,
produced_claim,matched provenance identifier,normalized_record:rec_src_search_33733b13ba13_003,normalized_record,claim:claim_rec_src_search_33733b13ba13_003_deaths,claim,
produced_claim,matched provenance identifier,normalized_record:rec_src_search_95a418d2f831_001,normalized_record,claim:claim_rec_src_search_95a418d2f831_001_cases_unspecified,claim,
produced_claim,matched provenance identifier,normalized_record:rec_src_search_95a418d2f831_001,normalized_record,claim:claim_rec_src_search_95a418d2f831_001_deaths,claim,
produced_claim,matched provenance identifier,normalized_record:rec_src_search_8207a084046e_001,normalized_record,claim:claim_rec_src_search_8207a084046e_001_hospitalizations,claim,
produced_claim,matched provenance identifier,normalized_record:rec_src_search_8fb76173fa13_001,normalized_record,claim:claim_rec_src_search_8fb76173fa13_001_cases_confirmed,claim,
produced_claim,matched provenance identifier,normalized_record:rec_src_search_8fb76173fa13_002,normalized_record,claim:claim_rec_src_search_8fb76173fa13_002_cases_confirmed,claim,
produced_claim,matched provenance identifier,normalized_record:rec_src_search_8fb76173fa13_003,normalized_record,claim:claim_rec_src_search_8fb76173fa13_003_cases_confirmed,claim,
produced_claim,matched provenance identifier,normalized_record:rec_src_search_8fb76173fa13_004,normalized_record,claim:claim_rec_src_search_8fb76173fa13_004_cases_confirmed,claim,
produced_claim,matched provenance identifier,normalized_record:rec_src_search_8fb76173fa13_005,normalized_record,claim:claim_rec_src_search_8fb76173fa13_005_cases_confirmed,claim,
produced_claim,matched provenance identifier,normalized_record:rec_src_search_8fb76173fa13_006,normalized_record,claim:claim_rec_src_search_8fb76173fa13_006_cases_confirmed,claim,
produced_claim,matched provenance identifier,normalized_record:rec_src_search_793a8dd9911b_001,normalized_record,claim:claim_rec_src_search_793a8dd9911b_001_cases_unspecified,claim,
produced_claim,matched provenance identifier,normalized_record:rec_src_search_793a8dd9911b_002,normalized_record,claim:claim_rec_src_search_793a8dd9911b_002_hospitalizations,claim,
produced_claim,matched provenance identifier,normalized_record:rec_src_search_793a8dd9911b_003,normalized_record,claim:claim_rec_src_search_793a8dd9911b_003_deaths,claim,
produced_claim,matched provenance identifier,normalized_record:rec_src_search_f06158a1a260_001,normalized_record,claim:claim_rec_src_search_f06158a1a260_001_cases_unspecified,claim,
produced_claim,matched provenance identifier,normalized_record:rec_src_search_f06158a1a260_001,normalized_record,claim:claim_rec_src_search_f06158a1a260_001_hospitalizations,claim,
produced_claim,matched provenance identifier,normalized_record:rec_src_search_f06158a1a260_002,normalized_record,claim:claim_rec_src_search_f06158a1a260_002_hospitalizations,claim,
compared_with,matched provenance identifier,claim:claim_rec_src_search_6ec6e3fd8adc_001_cases_unspecified,claim,claim_comparison:claim_cmp_001,claim_comparison,
compared_with,matched provenance identifier,claim:claim_rec_src_search_fe091021a27e_001_cases_unspecified,claim,claim_comparison:claim_cmp_001,claim_comparison,
compared_with,matched provenance identifier,claim:claim_rec_src_search_6ec6e3fd8adc_001_cases_unspecified,claim,claim_comparison:claim_cmp_002,claim_comparison,
compared_with,matched provenance identifier,claim:claim_rec_src_search_fe091021a27e_002_cases_unspecified,claim,claim_comparison:claim_cmp_002,claim_comparison,
compared_with,matched provenance identifier,claim:claim_rec_src_search_6ec6e3fd8adc_001_cases_unspecified,claim,claim_comparison:claim_cmp_003,claim_comparison,
compared_with,matched provenance identifier,claim:claim_rec_src_search_fe091021a27e_002_deaths,claim,claim_comparison:claim_cmp_003,claim_comparison,
compared_with,matched provenance identifier,claim:claim_rec_src_search_6ec6e3fd8adc_001_cases_unspecified,claim,claim_comparison:claim_cmp_004,claim_comparison,
compared_with,matched provenance identifier,claim:claim_rec_src_search_fe091021a27e_002_hospitalizations,claim,claim_comparison:claim_cmp_004,claim_comparison,
compared_with,matched provenance identifier,claim:claim_rec_src_search_6ec6e3fd8adc_001_cases_unspecified,claim,claim_comparison:claim_cmp_005,claim_comparison,
compared_with,matched provenance identifier,claim:claim_rec_src_search_33733b13ba13_001_cases_unspecified,claim,claim_comparison:claim_cmp_005,claim_comparison,
compared_with,matched provenance identifier,claim:claim_rec_src_search_6ec6e3fd8adc_001_cases_unspecified,claim,claim_comparison:claim_cmp_006,claim_comparison,
compared_with,matched provenance identifier,claim:claim_rec_src_search_33733b13ba13_001_deaths,claim,claim_comparison:claim_cmp_006,claim_comparison,
compared_with,matched provenance identifier,claim:claim_rec_src_search_6ec6e3fd8adc_001_cases_unspecified,claim,claim_comparison:claim_cmp_007,claim_comparison,
compared_with,matched provenance identifier,claim:claim_rec_src_search_33733b13ba13_001_hospitalizations,claim,claim_comparison:claim_cmp_007,claim_comparison,
compared_with,matched provenance identifier,claim:claim_rec_src_search_6ec6e3fd8adc_001_cases_unspecified,claim,claim_comparison:claim_cmp_008,claim_comparison,
compared_with,matched provenance identifier,claim:claim_rec_src_search_33733b13ba13_002_hospitalizations,claim,claim_comparison:claim_cmp_008,claim_comparison,
compared_with,matched provenance identifier,claim:claim_rec_src_search_6ec6e3fd8adc_001_cases_unspecified,claim,claim_comparison:claim_cmp_009,claim_comparison,
compared_with,matched provenance identifier,claim:claim_rec_src_search_33733b13ba13_003_deaths,claim,claim_comparison:claim_cmp_009,claim_comparison,
compared_with,matched provenance identifier,claim:claim_rec_src_search_6ec6e3fd8adc_001_cases_unspecified,claim,claim_comparison:claim_cmp_010,claim_comparison,
compared_with,matched provenance identifier,claim:claim_rec_src_search_95a418d2f831_001_cases_unspecified,claim,claim_comparison:claim_cmp_010,claim_comparison,
compared_with,matched provenance identifier,claim:claim_rec_src_search_6ec6e3fd8adc_001_cases_unspecified,claim,claim_comparison:claim_cmp_011,claim_comparison,
compared_with,matched provenance identifier,claim:claim_rec_src_search_95a418d2f831_001_deaths,claim,claim_comparison:claim_cmp_011,claim_comparison,
compared_with,matched provenance identifier,claim:claim_rec_src_search_6ec6e3fd8adc_001_cases_unspecified,claim,claim_comparison:claim_cmp_012,claim_comparison,
compared_with,matched provenance identifier,claim:claim_rec_src_search_8207a084046e_001_hospitalizations,claim,claim_comparison:claim_cmp_012,claim_comparison,
compared_with,matched provenance identifier,claim:claim_rec_src_search_6ec6e3fd8adc_001_cases_unspecified,claim,claim_comparison:claim_cmp_013,claim_comparison,
compared_with,matched provenance identifier,claim:claim_rec_src_search_8fb76173fa13_001_cases_confirmed,claim,claim_comparison:claim_cmp_013,claim_comparison,
compared_with,matched provenance identifier,claim:claim_rec_src_search_6ec6e3fd8adc_001_cases_unspecified,claim,claim_comparison:claim_cmp_014,claim_comparison,
compared_with,matched provenance identifier,claim:claim_rec_src_search_8fb76173fa13_002_cases_confirmed,claim,claim_comparison:claim_cmp_014,claim_comparison,
compared_with,matched provenance identifier,claim:claim_rec_src_search_6ec6e3fd8adc_001_cases_unspecified,claim,claim_comparison:claim_cmp_015,claim_comparison,
compared_with,matched provenance identifier,claim:claim_rec_src_search_8fb76173fa13_003_cases_confirmed,claim,claim_comparison:claim_cmp_015,claim_comparison,
compared_with,matched provenance identifier,claim:claim_rec_src_search_6ec6e3fd8adc_001_cases_unspecified,claim,claim_comparison:claim_cmp_016,claim_comparison,
compared_with,matched provenance identifier,claim:claim_rec_src_search_8fb76173fa13_004_cases_confirmed,claim,claim_comparison:claim_cmp_016,claim_comparison,
compared_with,matched provenance identifier,claim:claim_rec_src_search_6ec6e3fd8adc_001_cases_unspecified,claim,claim_comparison:claim_cmp_017,claim_comparison,
compared_with,matched provenance identifier,claim:claim_rec_src_search_8fb76173fa13_005_cases_confirmed,claim,claim_comparison:claim_cmp_017,claim_comparison,
compared_with,matched provenance identifier,claim:claim_rec_src_search_6ec6e3fd8adc_001_cases_unspecified,claim,claim_comparison:claim_cmp_018,claim_comparison,
compared_with,matched provenance identifier,claim:claim_rec_src_search_8fb76173fa13_006_cases_confirmed,claim,claim_comparison:claim_cmp_018,claim_comparison,
compared_with,matched provenance identifier,claim:claim_rec_src_search_6ec6e3fd8adc_001_cases_unspecified,claim,claim_comparison:claim_cmp_019,claim_comparison,
compared_with,matched provenance identifier,claim:claim_rec_src_search_793a8dd9911b_001_cases_unspecified,claim,claim_comparison:claim_cmp_019,claim_comparison,
compared_with,matched provenance identifier,claim:claim_rec_src_search_6ec6e3fd8adc_001_cases_unspecified,claim,claim_comparison:claim_cmp_020,claim_comparison,
compared_with,matched provenance identifier,claim:claim_rec_src_search_793a8dd9911b_002_hospitalizations,claim,claim_comparison:claim_cmp_020,claim_comparison,
compared_with,matched provenance identifier,claim:claim_rec_src_search_6ec6e3fd8adc_001_cases_unspecified,claim,claim_comparison:claim_cmp_021,claim_comparison,
compared_with,matched provenance identifier,claim:claim_rec_src_search_793a8dd9911b_003_deaths,claim,claim_comparison:claim_cmp_021,claim_comparison,
compared_with,matched provenance identifier,claim:claim_rec_src_search_6ec6e3fd8adc_001_cases_unspecified,claim,claim_comparison:claim_cmp_022,claim_comparison,
compared_with,matched provenance identifier,claim:claim_rec_src_search_f06158a1a260_001_cases_unspecified,claim,claim_comparison:claim_cmp_022,claim_comparison,
compared_with,matched provenance identifier,claim:claim_rec_src_search_6ec6e3fd8adc_001_cases_unspecified,claim,claim_comparison:claim_cmp_023,claim_comparison,
compared_with,matched provenance identifier,claim:claim_rec_src_search_f06158a1a260_001_hospitalizations,claim,claim_comparison:claim_cmp_023,claim_comparison,
compared_with,matched provenance identifier,claim:claim_rec_src_search_6ec6e3fd8adc_001_cases_unspecified,claim,claim_comparison:claim_cmp_024,claim_comparison,
compared_with,matched provenance identifier,claim:claim_rec_src_search_f06158a1a260_002_hospitalizations,claim,claim_comparison:claim_cmp_024,claim_comparison,
compared_with,matched provenance identifier,claim:claim_rec_src_search_fe091021a27e_001_cases_unspecified,claim,claim_comparison:claim_cmp_025,claim_comparison,
compared_with,matched provenance identifier,claim:claim_rec_src_search_fe091021a27e_002_cases_unspecified,claim,claim_comparison:claim_cmp_025,claim_comparison,
compared_with,matched provenance identifier,claim:claim_rec_src_search_fe091021a27e_001_cases_unspecified,claim,claim_comparison:claim_cmp_026,claim_comparison,
compared_with,matched provenance identifier,claim:claim_rec_src_search_fe091021a27e_002_deaths,claim,claim_comparison:claim_cmp_026,claim_comparison,
compared_with,matched provenance identifier,claim:claim_rec_src_search_fe091021a27e_001_cases_unspecified,claim,claim_comparison:claim_cmp_027,claim_comparison,
compared_with,matched provenance identifier,claim:claim_rec_src_search_fe091021a27e_002_hospitalizations,claim,claim_comparison:claim_cmp_027,claim_comparison,
compared_with,matched provenance identifier,claim:claim_rec_src_search_fe091021a27e_001_cases_unspecified,claim,claim_comparison:claim_cmp_028,claim_comparison,
compared_with,matched provenance identifier,claim:claim_rec_src_search_33733b13ba13_001_cases_unspecified,claim,claim_comparison:claim_cmp_028,claim_comparison,
compared_with,matched provenance identifier,claim:claim_rec_src_search_fe091021a27e_001_cases_unspecified,claim,claim_comparison:claim_cmp_029,claim_comparison,
compared_with,matched provenance identifier,claim:claim_rec_src_search_33733b13ba13_001_deaths,claim,claim_comparison:claim_cmp_029,claim_comparison,
compared_with,matched provenance identifier,claim:claim_rec_src_search_fe091021a27e_001_cases_unspecified,claim,claim_comparison:claim_cmp_030,claim_comparison,
compared_with,matched provenance identifier,claim:claim_rec_src_search_33733b13ba13_001_hospitalizations,claim,claim_comparison:claim_cmp_030,claim_comparison,
compared_with,matched provenance identifier,claim:claim_rec_src_search_fe091021a27e_001_cases_unspecified,claim,claim_comparison:claim_cmp_031,claim_comparison,
compared_with,matched provenance identifier,claim:claim_rec_src_search_33733b13ba13_002_hospitalizations,claim,claim_comparison:claim_cmp_031,claim_comparison,
compared_with,matched provenance identifier,claim:claim_rec_src_search_fe091021a27e_001_cases_unspecified,claim,claim_comparison:claim_cmp_032,claim_comparison,
compared_with,matched provenance identifier,claim:claim_rec_src_search_33733b13ba13_003_deaths,claim,claim_comparison:claim_cmp_032,claim_comparison,
compared_with,matched provenance identifier,claim:claim_rec_src_search_fe091021a27e_001_cases_unspecified,claim,claim_comparison:claim_cmp_033,claim_comparison,
compared_with,matched provenance identifier,claim:claim_rec_src_search_95a418d2f831_001_cases_unspecified,claim,claim_comparison:claim_cmp_033,claim_comparison,
compared_with,matched provenance identifier,claim:claim_rec_src_search_fe091021a27e_001_cases_unspecified,claim,claim_comparison:claim_cmp_034,claim_comparison,
compared_with,matched provenance identifier,claim:claim_rec_src_search_95a418d2f831_001_deaths,claim,claim_comparison:claim_cmp_034,claim_comparison,
compared_with,matched provenance identifier,claim:claim_rec_src_search_fe091021a27e_001_cases_unspecified,claim,claim_comparison:claim_cmp_035,claim_comparison,
compared_with,matched provenance identifier,claim:claim_rec_src_search_8207a084046e_001_hospitalizations,claim,claim_comparison:claim_cmp_035,claim_comparison,
compared_with,matched provenance identifier,claim:claim_rec_src_search_fe091021a27e_001_cases_unspecified,claim,claim_comparison:claim_cmp_036,claim_comparison,
compared_with,matched provenance identifier,claim:claim_rec_src_search_8fb76173fa13_001_cases_confirmed,claim,claim_comparison:claim_cmp_036,claim_comparison,
compared_with,matched provenance identifier,claim:claim_rec_src_search_fe091021a27e_001_cases_unspecified,claim,claim_comparison:claim_cmp_037,claim_comparison,
compared_with,matched provenance identifier,claim:claim_rec_src_search_8fb76173fa13_002_cases_confirmed,claim,claim_comparison:claim_cmp_037,claim_comparison,
compared_with,matched provenance identifier,claim:claim_rec_src_search_fe091021a27e_001_cases_unspecified,claim,claim_comparison:claim_cmp_038,claim_comparison,
compared_with,matched provenance identifier,claim:claim_rec_src_search_8fb76173fa13_003_cases_confirmed,claim,claim_comparison:claim_cmp_038,claim_comparison,
compared_with,matched provenance identifier,claim:claim_rec_src_search_fe091021a27e_001_cases_unspecified,claim,claim_comparison:claim_cmp_039,claim_comparison,
compared_with,matched provenance identifier,claim:claim_rec_src_search_8fb76173fa13_004_cases_confirmed,claim,claim_comparison:claim_cmp_039,claim_comparison,
compared_with,matched provenance identifier,claim:claim_rec_src_search_fe091021a27e_001_cases_unspecified,claim,claim_comparison:claim_cmp_040,claim_comparison,
compared_with,matched provenance identifier,claim:claim_rec_src_search_8fb76173fa13_005_cases_confirmed,claim,claim_comparison:claim_cmp_040,claim_comparison,
compared_with,matched provenance identifier,claim:claim_rec_src_search_fe091021a27e_001_cases_unspecified,claim,claim_comparison:claim_cmp_041,claim_comparison,
compared_with,matched provenance identifier,claim:claim_rec_src_search_8fb76173fa13_006_cases_confirmed,claim,claim_comparison:claim_cmp_041,claim_comparison,
compared_with,matched provenance identifier,claim:claim_rec_src_search_fe091021a27e_001_cases_unspecified,claim,claim_comparison:claim_cmp_042,claim_comparison,
compared_with,matched provenance identifier,claim:claim_rec_src_search_793a8dd9911b_001_cases_unspecified,claim,claim_comparison:claim_cmp_042,claim_comparison,
compared_with,matched provenance identifier,claim:claim_rec_src_search_fe091021a27e_001_cases_unspecified,claim,claim_comparison:claim_cmp_043,claim_comparison,
compared_with,matched provenance identifier,claim:claim_rec_src_search_793a8dd9911b_002_hospitalizations,claim,claim_comparison:claim_cmp_043,claim_comparison,
compared_with,matched provenance identifier,claim:claim_rec_src_search_fe091021a27e_001_cases_unspecified,claim,claim_comparison:claim_cmp_044,claim_comparison,
compared_with,matched provenance identifier,claim:claim_rec_src_search_793a8dd9911b_003_deaths,claim,claim_comparison:claim_cmp_044,claim_comparison,
compared_with,matched provenance identifier,claim:claim_rec_src_search_fe091021a27e_001_cases_unspecified,claim,claim_comparison:claim_cmp_045,claim_comparison,
compared_with,matched provenance identifier,claim:claim_rec_src_search_f06158a1a260_001_cases_unspecified,claim,claim_comparison:claim_cmp_045,claim_comparison,
compared_with,matched provenance identifier,claim:claim_rec_src_search_fe091021a27e_001_cases_unspecified,claim,claim_comparison:claim_cmp_046,claim_comparison,
compared_with,matched provenance identifier,claim:claim_rec_src_search_f06158a1a260_001_hospitalizations,claim,claim_comparison:claim_cmp_046,claim_comparison,
compared_with,matched provenance identifier,claim:claim_rec_src_search_fe091021a27e_001_cases_unspecified,claim,claim_comparison:claim_cmp_047,claim_comparison,
compared_with,matched provenance identifier,claim:claim_rec_src_search_f06158a1a260_002_hospitalizations,claim,claim_comparison:claim_cmp_047,claim_comparison,
compared_with,matched provenance identifier,claim:claim_rec_src_search_fe091021a27e_002_cases_unspecified,claim,claim_comparison:claim_cmp_048,claim_comparison,
compared_with,matched provenance identifier,claim:claim_rec_src_search_fe091021a27e_002_deaths,claim,claim_comparison:claim_cmp_048,claim_comparison,
compared_with,matched provenance identifier,claim:claim_rec_src_search_fe091021a27e_002_cases_unspecified,claim,claim_comparison:claim_cmp_049,claim_comparison,
compared_with,matched provenance identifier,claim:claim_rec_src_search_fe091021a27e_002_hospitalizations,claim,claim_comparison:claim_cmp_049,claim_comparison,
compared_with,matched provenance identifier,claim:claim_rec_src_search_fe091021a27e_002_cases_unspecified,claim,claim_comparison:claim_cmp_050,claim_comparison,
compared_with,matched provenance identifier,claim:claim_rec_src_search_33733b13ba13_001_cases_unspecified,claim,claim_comparison:claim_cmp_050,claim_comparison,
compared_with,matched provenance identifier,claim:claim_rec_src_search_fe091021a27e_002_cases_unspecified,claim,claim_comparison:claim_cmp_051,claim_comparison,
compared_with,matched provenance identifier,claim:claim_rec_src_search_33733b13ba13_001_deaths,claim,claim_comparison:claim_cmp_051,claim_comparison,
compared_with,matched provenance identifier,claim:claim_rec_src_search_fe091021a27e_002_cases_unspecified,claim,claim_comparison:claim_cmp_052,claim_comparison,
compared_with,matched provenance identifier,claim:claim_rec_src_search_33733b13ba13_001_hospitalizations,claim,claim_comparison:claim_cmp_052,claim_comparison,
compared_with,matched provenance identifier,claim:claim_rec_src_search_fe091021a27e_002_cases_unspecified,claim,claim_comparison:claim_cmp_053,claim_comparison,
compared_with,matched provenance identifier,claim:claim_rec_src_search_33733b13ba13_002_hospitalizations,claim,claim_comparison:claim_cmp_053,claim_comparison,
compared_with,matched provenance identifier,claim:claim_rec_src_search_fe091021a27e_002_cases_unspecified,claim,claim_comparison:claim_cmp_054,claim_comparison,
compared_with,matched provenance identifier,claim:claim_rec_src_search_33733b13ba13_003_deaths,claim,claim_comparison:claim_cmp_054,claim_comparison,
compared_with,matched provenance identifier,claim:claim_rec_src_search_fe091021a27e_002_cases_unspecified,claim,claim_comparison:claim_cmp_055,claim_comparison,
compared_with,matched provenance identifier,claim:claim_rec_src_search_95a418d2f831_001_cases_unspecified,claim,claim_comparison:claim_cmp_055,claim_comparison,
compared_with,matched provenance identifier,claim:claim_rec_src_search_fe091021a27e_002_cases_unspecified,claim,claim_comparison:claim_cmp_056,claim_comparison,
compared_with,matched provenance identifier,claim:claim_rec_src_search_95a418d2f831_001_deaths,claim,claim_comparison:claim_cmp_056,claim_comparison,
compared_with,matched provenance identifier,claim:claim_rec_src_search_fe091021a27e_002_cases_unspecified,claim,claim_comparison:claim_cmp_057,claim_comparison,
compared_with,matched provenance identifier,claim:claim_rec_src_search_8207a084046e_001_hospitalizations,claim,claim_comparison:claim_cmp_057,claim_comparison,
compared_with,matched provenance identifier,claim:claim_rec_src_search_fe091021a27e_002_cases_unspecified,claim,claim_comparison:claim_cmp_058,claim_comparison,
compared_with,matched provenance identifier,claim:claim_rec_src_search_8fb76173fa13_001_cases_confirmed,claim,claim_comparison:claim_cmp_058,claim_comparison,
compared_with,matched provenance identifier,claim:claim_rec_src_search_fe091021a27e_002_cases_unspecified,claim,claim_comparison:claim_cmp_059,claim_comparison,
compared_with,matched provenance identifier,claim:claim_rec_src_search_8fb76173fa13_002_cases_confirmed,claim,claim_comparison:claim_cmp_059,claim_comparison,
compared_with,matched provenance identifier,claim:claim_rec_src_search_fe091021a27e_002_cases_unspecified,claim,claim_comparison:claim_cmp_060,claim_comparison,
compared_with,matched provenance identifier,claim:claim_rec_src_search_8fb76173fa13_003_cases_confirmed,claim,claim_comparison:claim_cmp_060,claim_comparison,
compared_with,matched provenance identifier,claim:claim_rec_src_search_fe091021a27e_002_cases_unspecified,claim,claim_comparison:claim_cmp_061,claim_comparison,
compared_with,matched provenance identifier,claim:claim_rec_src_search_8fb76173fa13_004_cases_confirmed,claim,claim_comparison:claim_cmp_061,claim_comparison,
compared_with,matched provenance identifier,claim:claim_rec_src_search_fe091021a27e_002_cases_unspecified,claim,claim_comparison:claim_cmp_062,claim_comparison,
compared_with,matched provenance identifier,claim:claim_rec_src_search_8fb76173fa13_005_cases_confirmed,claim,claim_comparison:claim_cmp_062,claim_comparison,
compared_with,matched provenance identifier,claim:claim_rec_src_search_fe091021a27e_002_cases_unspecified,claim,claim_comparison:claim_cmp_063,claim_comparison,
compared_with,matched provenance identifier,claim:claim_rec_src_search_8fb76173fa13_006_cases_confirmed,claim,claim_comparison:claim_cmp_063,claim_comparison,
compared_with,matched provenance identifier,claim:claim_rec_src_search_fe091021a27e_002_cases_unspecified,claim,claim_comparison:claim_cmp_064,claim_comparison,
compared_with,matched provenance identifier,claim:claim_rec_src_search_793a8dd9911b_001_cases_unspecified,claim,claim_comparison:claim_cmp_064,claim_comparison,
compared_with,matched provenance identifier,claim:claim_rec_src_search_fe091021a27e_002_cases_unspecified,claim,claim_comparison:claim_cmp_065,claim_comparison,
compared_with,matched provenance identifier,claim:claim_rec_src_search_793a8dd9911b_002_hospitalizations,claim,claim_comparison:claim_cmp_065,claim_comparison,
compared_with,matched provenance identifier,claim:claim_rec_src_search_fe091021a27e_002_cases_unspecified,claim,claim_comparison:claim_cmp_066,claim_comparison,
compared_with,matched provenance identifier,claim:claim_rec_src_search_793a8dd9911b_003_deaths,claim,claim_comparison:claim_cmp_066,claim_comparison,
compared_with,matched provenance identifier,claim:claim_rec_src_search_fe091021a27e_002_cases_unspecified,claim,claim_comparison:claim_cmp_067,claim_comparison,
compared_with,matched provenance identifier,claim:claim_rec_src_search_f06158a1a260_001_cases_unspecified,claim,claim_comparison:claim_cmp_067,claim_comparison,
compared_with,matched provenance identifier,claim:claim_rec_src_search_fe091021a27e_002_cases_unspecified,claim,claim_comparison:claim_cmp_068,claim_comparison,
compared_with,matched provenance identifier,claim:claim_rec_src_search_f06158a1a260_001_hospitalizations,claim,claim_comparison:claim_cmp_068,claim_comparison,
compared_with,matched provenance identifier,claim:claim_rec_src_search_fe091021a27e_002_cases_unspecified,claim,claim_comparison:claim_cmp_069,claim_comparison,
compared_with,matched provenance identifier,claim:claim_rec_src_search_f06158a1a260_002_hospitalizations,claim,claim_comparison:claim_cmp_069,claim_comparison,
compared_with,matched provenance identifier,claim:claim_rec_src_search_fe091021a27e_002_deaths,claim,claim_comparison:claim_cmp_070,claim_comparison,
compared_with,matched provenance identifier,claim:claim_rec_src_search_fe091021a27e_002_hospitalizations,claim,claim_comparison:claim_cmp_070,claim_comparison,
compared_with,matched provenance identifier,claim:claim_rec_src_search_fe091021a27e_002_deaths,claim,claim_comparison:claim_cmp_071,claim_comparison,
compared_with,matched provenance identifier,claim:claim_rec_src_search_33733b13ba13_001_cases_unspecified,claim,claim_comparison:claim_cmp_071,claim_comparison,
compared_with,matched provenance identifier,claim:claim_rec_src_search_fe091021a27e_002_deaths,claim,claim_comparison:claim_cmp_072,claim_comparison,
compared_with,matched provenance identifier,claim:claim_rec_src_search_33733b13ba13_001_deaths,claim,claim_comparison:claim_cmp_072,claim_comparison,
compared_with,matched provenance identifier,claim:claim_rec_src_search_fe091021a27e_002_deaths,claim,claim_comparison:claim_cmp_073,claim_comparison,
compared_with,matched provenance identifier,claim:claim_rec_src_search_33733b13ba13_001_hospitalizations,claim,claim_comparison:claim_cmp_073,claim_comparison,
compared_with,matched provenance identifier,claim:claim_rec_src_search_fe091021a27e_002_deaths,claim,claim_comparison:claim_cmp_074,claim_comparison,
compared_with,matched provenance identifier,claim:claim_rec_src_search_33733b13ba13_002_hospitalizations,claim,claim_comparison:claim_cmp_074,claim_comparison,
compared_with,matched provenance identifier,claim:claim_rec_src_search_fe091021a27e_002_deaths,claim,claim_comparison:claim_cmp_075,claim_comparison,
compared_with,matched provenance identifier,claim:claim_rec_src_search_33733b13ba13_003_deaths,claim,claim_comparison:claim_cmp_075,claim_comparison,
compared_with,matched provenance identifier,claim:claim_rec_src_search_fe091021a27e_002_deaths,claim,claim_comparison:claim_cmp_076,claim_comparison,
compared_with,matched provenance identifier,claim:claim_rec_src_search_95a418d2f831_001_cases_unspecified,claim,claim_comparison:claim_cmp_076,claim_comparison,
compared_with,matched provenance identifier,claim:claim_rec_src_search_fe091021a27e_002_deaths,claim,claim_comparison:claim_cmp_077,claim_comparison,
compared_with,matched provenance identifier,claim:claim_rec_src_search_95a418d2f831_001_deaths,claim,claim_comparison:claim_cmp_077,claim_comparison,
compared_with,matched provenance identifier,claim:claim_rec_src_search_fe091021a27e_002_deaths,claim,claim_comparison:claim_cmp_078,claim_comparison,
compared_with,matched provenance identifier,claim:claim_rec_src_search_8207a084046e_001_hospitalizations,claim,claim_comparison:claim_cmp_078,claim_comparison,
compared_with,matched provenance identifier,claim:claim_rec_src_search_fe091021a27e_002_deaths,claim,claim_comparison:claim_cmp_079,claim_comparison,
compared_with,matched provenance identifier,claim:claim_rec_src_search_8fb76173fa13_001_cases_confirmed,claim,claim_comparison:claim_cmp_079,claim_comparison,
compared_with,matched provenance identifier,claim:claim_rec_src_search_fe091021a27e_002_deaths,claim,claim_comparison:claim_cmp_080,claim_comparison,
compared_with,matched provenance identifier,claim:claim_rec_src_search_8fb76173fa13_002_cases_confirmed,claim,claim_comparison:claim_cmp_080,claim_comparison,
compared_with,matched provenance identifier,claim:claim_rec_src_search_fe091021a27e_002_deaths,claim,claim_comparison:claim_cmp_081,claim_comparison,
compared_with,matched provenance identifier,claim:claim_rec_src_search_8fb76173fa13_003_cases_confirmed,claim,claim_comparison:claim_cmp_081,claim_comparison,
compared_with,matched provenance identifier,claim:claim_rec_src_search_fe091021a27e_002_deaths,claim,claim_comparison:claim_cmp_082,claim_comparison,
compared_with,matched provenance identifier,claim:claim_rec_src_search_8fb76173fa13_004_cases_confirmed,claim,claim_comparison:claim_cmp_082,claim_comparison,
compared_with,matched provenance identifier,claim:claim_rec_src_search_fe091021a27e_002_deaths,claim,claim_comparison:claim_cmp_083,claim_comparison,
compared_with,matched provenance identifier,claim:claim_rec_src_search_8fb76173fa13_005_cases_confirmed,claim,claim_comparison:claim_cmp_083,claim_comparison,
compared_with,matched provenance identifier,claim:claim_rec_src_search_fe091021a27e_002_deaths,claim,claim_comparison:claim_cmp_084,claim_comparison,
compared_with,matched provenance identifier,claim:claim_rec_src_search_8fb76173fa13_006_cases_confirmed,claim,claim_comparison:claim_cmp_084,claim_comparison,
compared_with,matched provenance identifier,claim:claim_rec_src_search_fe091021a27e_002_deaths,claim,claim_comparison:claim_cmp_085,claim_comparison,
compared_with,matched provenance identifier,claim:claim_rec_src_search_793a8dd9911b_001_cases_unspecified,claim,claim_comparison:claim_cmp_085,claim_comparison,
compared_with,matched provenance identifier,claim:claim_rec_src_search_fe091021a27e_002_deaths,claim,claim_comparison:claim_cmp_086,claim_comparison,
compared_with,matched provenance identifier,claim:claim_rec_src_search_793a8dd9911b_002_hospitalizations,claim,claim_comparison:claim_cmp_086,claim_comparison,
compared_with,matched provenance identifier,claim:claim_rec_src_search_fe091021a27e_002_deaths,claim,claim_comparison:claim_cmp_087,claim_comparison,
compared_with,matched provenance identifier,claim:claim_rec_src_search_793a8dd9911b_003_deaths,claim,claim_comparison:claim_cmp_087,claim_comparison,
compared_with,matched provenance identifier,claim:claim_rec_src_search_fe091021a27e_002_deaths,claim,claim_comparison:claim_cmp_088,claim_comparison,
compared_with,matched provenance identifier,claim:claim_rec_src_search_f06158a1a260_001_cases_unspecified,claim,claim_comparison:claim_cmp_088,claim_comparison,
compared_with,matched provenance identifier,claim:claim_rec_src_search_fe091021a27e_002_deaths,claim,claim_comparison:claim_cmp_089,claim_comparison,
compared_with,matched provenance identifier,claim:claim_rec_src_search_f06158a1a260_001_hospitalizations,claim,claim_comparison:claim_cmp_089,claim_comparison,
compared_with,matched provenance identifier,claim:claim_rec_src_search_fe091021a27e_002_deaths,claim,claim_comparison:claim_cmp_090,claim_comparison,
compared_with,matched provenance identifier,claim:claim_rec_src_search_f06158a1a260_002_hospitalizations,claim,claim_comparison:claim_cmp_090,claim_comparison,
compared_with,matched provenance identifier,claim:claim_rec_src_search_fe091021a27e_002_hospitalizations,claim,claim_comparison:claim_cmp_091,claim_comparison,
compared_with,matched provenance identifier,claim:claim_rec_src_search_33733b13ba13_001_cases_unspecified,claim,claim_comparison:claim_cmp_091,claim_comparison,
compared_with,matched provenance identifier,claim:claim_rec_src_search_fe091021a27e_002_hospitalizations,claim,claim_comparison:claim_cmp_092,claim_comparison,
compared_with,matched provenance identifier,claim:claim_rec_src_search_33733b13ba13_001_deaths,claim,claim_comparison:claim_cmp_092,claim_comparison,
compared_with,matched provenance identifier,claim:claim_rec_src_search_fe091021a27e_002_hospitalizations,claim,claim_comparison:claim_cmp_093,claim_comparison,
compared_with,matched provenance identifier,claim:claim_rec_src_search_33733b13ba13_001_hospitalizations,claim,claim_comparison:claim_cmp_093,claim_comparison,
compared_with,matched provenance identifier,claim:claim_rec_src_search_fe091021a27e_002_hospitalizations,claim,claim_comparison:claim_cmp_094,claim_comparison,
compared_with,matched provenance identifier,claim:claim_rec_src_search_33733b13ba13_002_hospitalizations,claim,claim_comparison:claim_cmp_094,claim_comparison,
compared_with,matched provenance identifier,claim:claim_rec_src_search_fe091021a27e_002_hospitalizations,claim,claim_comparison:claim_cmp_095,claim_comparison,
compared_with,matched provenance identifier,claim:claim_rec_src_search_33733b13ba13_003_deaths,claim,claim_comparison:claim_cmp_095,claim_comparison,
compared_with,matched provenance identifier,claim:claim_rec_src_search_fe091021a27e_002_hospitalizations,claim,claim_comparison:claim_cmp_096,claim_comparison,
compared_with,matched provenance identifier,claim:claim_rec_src_search_95a418d2f831_001_cases_unspecified,claim,claim_comparison:claim_cmp_096,claim_comparison,
compared_with,matched provenance identifier,claim:claim_rec_src_search_fe091021a27e_002_hospitalizations,claim,claim_comparison:claim_cmp_097,claim_comparison,
compared_with,matched provenance identifier,claim:claim_rec_src_search_95a418d2f831_001_deaths,claim,claim_comparison:claim_cmp_097,claim_comparison,
compared_with,matched provenance identifier,claim:claim_rec_src_search_fe091021a27e_002_hospitalizations,claim,claim_comparison:claim_cmp_098,claim_comparison,
compared_with,matched provenance identifier,claim:claim_rec_src_search_8207a084046e_001_hospitalizations,claim,claim_comparison:claim_cmp_098,claim_comparison,
compared_with,matched provenance identifier,claim:claim_rec_src_search_fe091021a27e_002_hospitalizations,claim,claim_comparison:claim_cmp_099,claim_comparison,
compared_with,matched provenance identifier,claim:claim_rec_src_search_8fb76173fa13_001_cases_confirmed,claim,claim_comparison:claim_cmp_099,claim_comparison,
compared_with,matched provenance identifier,claim:claim_rec_src_search_fe091021a27e_002_hospitalizations,claim,claim_comparison:claim_cmp_100,claim_comparison,
compared_with,matched provenance identifier,claim:claim_rec_src_search_8fb76173fa13_002_cases_confirmed,claim,claim_comparison:claim_cmp_100,claim_comparison,
compared_with,matched provenance identifier,claim:claim_rec_src_search_fe091021a27e_002_hospitalizations,claim,claim_comparison:claim_cmp_101,claim_comparison,
compared_with,matched provenance identifier,claim:claim_rec_src_search_8fb76173fa13_003_cases_confirmed,claim,claim_comparison:claim_cmp_101,claim_comparison,
compared_with,matched provenance identifier,claim:claim_rec_src_search_fe091021a27e_002_hospitalizations,claim,claim_comparison:claim_cmp_102,claim_comparison,
compared_with,matched provenance identifier,claim:claim_rec_src_search_8fb76173fa13_004_cases_confirmed,claim,claim_comparison:claim_cmp_102,claim_comparison,
compared_with,matched provenance identifier,claim:claim_rec_src_search_fe091021a27e_002_hospitalizations,claim,claim_comparison:claim_cmp_103,claim_comparison,
compared_with,matched provenance identifier,claim:claim_rec_src_search_8fb76173fa13_005_cases_confirmed,claim,claim_comparison:claim_cmp_103,claim_comparison,
compared_with,matched provenance identifier,claim:claim_rec_src_search_fe091021a27e_002_hospitalizations,claim,claim_comparison:claim_cmp_104,claim_comparison,
compared_with,matched provenance identifier,claim:claim_rec_src_search_8fb76173fa13_006_cases_confirmed,claim,claim_comparison:claim_cmp_104,claim_comparison,
compared_with,matched provenance identifier,claim:claim_rec_src_search_fe091021a27e_002_hospitalizations,claim,claim_comparison:claim_cmp_105,claim_comparison,
compared_with,matched provenance identifier,claim:claim_rec_src_search_793a8dd9911b_001_cases_unspecified,claim,claim_comparison:claim_cmp_105,claim_comparison,
compared_with,matched provenance identifier,claim:claim_rec_src_search_fe091021a27e_002_hospitalizations,claim,claim_comparison:claim_cmp_106,claim_comparison,
compared_with,matched provenance identifier,claim:claim_rec_src_search_793a8dd9911b_002_hospitalizations,claim,claim_comparison:claim_cmp_106,claim_comparison,
compared_with,matched provenance identifier,claim:claim_rec_src_search_fe091021a27e_002_hospitalizations,claim,claim_comparison:claim_cmp_107,claim_comparison,
compared_with,matched provenance identifier,claim:claim_rec_src_search_793a8dd9911b_003_deaths,claim,claim_comparison:claim_cmp_107,claim_comparison,
compared_with,matched provenance identifier,claim:claim_rec_src_search_fe091021a27e_002_hospitalizations,claim,claim_comparison:claim_cmp_108,claim_comparison,
compared_with,matched provenance identifier,claim:claim_rec_src_search_f06158a1a260_001_cases_unspecified,claim,claim_comparison:claim_cmp_108,claim_comparison,
compared_with,matched provenance identifier,claim:claim_rec_src_search_fe091021a27e_002_hospitalizations,claim,claim_comparison:claim_cmp_109,claim_comparison,
compared_with,matched provenance identifier,claim:claim_rec_src_search_f06158a1a260_001_hospitalizations,claim,claim_comparison:claim_cmp_109,claim_comparison,
compared_with,matched provenance identifier,claim:claim_rec_src_search_fe091021a27e_002_hospitalizations,claim,claim_comparison:claim_cmp_110,claim_comparison,
compared_with,matched provenance identifier,claim:claim_rec_src_search_f06158a1a260_002_hospitalizations,claim,claim_comparison:claim_cmp_110,claim_comparison,
compared_with,matched provenance identifier,claim:claim_rec_src_search_33733b13ba13_001_cases_unspecified,claim,claim_comparison:claim_cmp_111,claim_comparison,
compared_with,matched provenance identifier,claim:claim_rec_src_search_33733b13ba13_001_deaths,claim,claim_comparison:claim_cmp_111,claim_comparison,
compared_with,matched provenance identifier,claim:claim_rec_src_search_33733b13ba13_001_cases_unspecified,claim,claim_comparison:claim_cmp_112,claim_comparison,
compared_with,matched provenance identifier,claim:claim_rec_src_search_33733b13ba13_001_hospitalizations,claim,claim_comparison:claim_cmp_112,claim_comparison,
compared_with,matched provenance identifier,claim:claim_rec_src_search_33733b13ba13_001_cases_unspecified,claim,claim_comparison:claim_cmp_113,claim_comparison,
compared_with,matched provenance identifier,claim:claim_rec_src_search_33733b13ba13_002_hospitalizations,claim,claim_comparison:claim_cmp_113,claim_comparison,
compared_with,matched provenance identifier,claim:claim_rec_src_search_33733b13ba13_001_cases_unspecified,claim,claim_comparison:claim_cmp_114,claim_comparison,
compared_with,matched provenance identifier,claim:claim_rec_src_search_33733b13ba13_003_deaths,claim,claim_comparison:claim_cmp_114,claim_comparison,
compared_with,matched provenance identifier,claim:claim_rec_src_search_33733b13ba13_001_cases_unspecified,claim,claim_comparison:claim_cmp_115,claim_comparison,
compared_with,matched provenance identifier,claim:claim_rec_src_search_95a418d2f831_001_cases_unspecified,claim,claim_comparison:claim_cmp_115,claim_comparison,
compared_with,matched provenance identifier,claim:claim_rec_src_search_33733b13ba13_001_cases_unspecified,claim,claim_comparison:claim_cmp_116,claim_comparison,
compared_with,matched provenance identifier,claim:claim_rec_src_search_95a418d2f831_001_deaths,claim,claim_comparison:claim_cmp_116,claim_comparison,
compared_with,matched provenance identifier,claim:claim_rec_src_search_33733b13ba13_001_cases_unspecified,claim,claim_comparison:claim_cmp_117,claim_comparison,
compared_with,matched provenance identifier,claim:claim_rec_src_search_8207a084046e_001_hospitalizations,claim,claim_comparison:claim_cmp_117,claim_comparison,
compared_with,matched provenance identifier,claim:claim_rec_src_search_33733b13ba13_001_cases_unspecified,claim,claim_comparison:claim_cmp_118,claim_comparison,
compared_with,matched provenance identifier,claim:claim_rec_src_search_8fb76173fa13_001_cases_confirmed,claim,claim_comparison:claim_cmp_118,claim_comparison,
compared_with,matched provenance identifier,claim:claim_rec_src_search_33733b13ba13_001_cases_unspecified,claim,claim_comparison:claim_cmp_119,claim_comparison,
compared_with,matched provenance identifier,claim:claim_rec_src_search_8fb76173fa13_002_cases_confirmed,claim,claim_comparison:claim_cmp_119,claim_comparison,
compared_with,matched provenance identifier,claim:claim_rec_src_search_33733b13ba13_001_cases_unspecified,claim,claim_comparison:claim_cmp_120,claim_comparison,
compared_with,matched provenance identifier,claim:claim_rec_src_search_8fb76173fa13_003_cases_confirmed,claim,claim_comparison:claim_cmp_120,claim_comparison,
compared_with,matched provenance identifier,claim:claim_rec_src_search_33733b13ba13_001_cases_unspecified,claim,claim_comparison:claim_cmp_121,claim_comparison,
compared_with,matched provenance identifier,claim:claim_rec_src_search_8fb76173fa13_004_cases_confirmed,claim,claim_comparison:claim_cmp_121,claim_comparison,
compared_with,matched provenance identifier,claim:claim_rec_src_search_33733b13ba13_001_cases_unspecified,claim,claim_comparison:claim_cmp_122,claim_comparison,
compared_with,matched provenance identifier,claim:claim_rec_src_search_8fb76173fa13_005_cases_confirmed,claim,claim_comparison:claim_cmp_122,claim_comparison,
compared_with,matched provenance identifier,claim:claim_rec_src_search_33733b13ba13_001_cases_unspecified,claim,claim_comparison:claim_cmp_123,claim_comparison,
compared_with,matched provenance identifier,claim:claim_rec_src_search_8fb76173fa13_006_cases_confirmed,claim,claim_comparison:claim_cmp_123,claim_comparison,
compared_with,matched provenance identifier,claim:claim_rec_src_search_33733b13ba13_001_cases_unspecified,claim,claim_comparison:claim_cmp_124,claim_comparison,
compared_with,matched provenance identifier,claim:claim_rec_src_search_793a8dd9911b_001_cases_unspecified,claim,claim_comparison:claim_cmp_124,claim_comparison,
compared_with,matched provenance identifier,claim:claim_rec_src_search_33733b13ba13_001_cases_unspecified,claim,claim_comparison:claim_cmp_125,claim_comparison,
compared_with,matched provenance identifier,claim:claim_rec_src_search_793a8dd9911b_002_hospitalizations,claim,claim_comparison:claim_cmp_125,claim_comparison,
compared_with,matched provenance identifier,claim:claim_rec_src_search_33733b13ba13_001_cases_unspecified,claim,claim_comparison:claim_cmp_126,claim_comparison,
compared_with,matched provenance identifier,claim:claim_rec_src_search_793a8dd9911b_003_deaths,claim,claim_comparison:claim_cmp_126,claim_comparison,
compared_with,matched provenance identifier,claim:claim_rec_src_search_33733b13ba13_001_cases_unspecified,claim,claim_comparison:claim_cmp_127,claim_comparison,
compared_with,matched provenance identifier,claim:claim_rec_src_search_f06158a1a260_001_cases_unspecified,claim,claim_comparison:claim_cmp_127,claim_comparison,
compared_with,matched provenance identifier,claim:claim_rec_src_search_33733b13ba13_001_cases_unspecified,claim,claim_comparison:claim_cmp_128,claim_comparison,
compared_with,matched provenance identifier,claim:claim_rec_src_search_f06158a1a260_001_hospitalizations,claim,claim_comparison:claim_cmp_128,claim_comparison,
compared_with,matched provenance identifier,claim:claim_rec_src_search_33733b13ba13_001_cases_unspecified,claim,claim_comparison:claim_cmp_129,claim_comparison,
compared_with,matched provenance identifier,claim:claim_rec_src_search_f06158a1a260_002_hospitalizations,claim,claim_comparison:claim_cmp_129,claim_comparison,
compared_with,matched provenance identifier,claim:claim_rec_src_search_33733b13ba13_001_deaths,claim,claim_comparison:claim_cmp_130,claim_comparison,
compared_with,matched provenance identifier,claim:claim_rec_src_search_33733b13ba13_001_hospitalizations,claim,claim_comparison:claim_cmp_130,claim_comparison,
compared_with,matched provenance identifier,claim:claim_rec_src_search_33733b13ba13_001_deaths,claim,claim_comparison:claim_cmp_131,claim_comparison,
compared_with,matched provenance identifier,claim:claim_rec_src_search_33733b13ba13_002_hospitalizations,claim,claim_comparison:claim_cmp_131,claim_comparison,
compared_with,matched provenance identifier,claim:claim_rec_src_search_33733b13ba13_001_deaths,claim,claim_comparison:claim_cmp_132,claim_comparison,
compared_with,matched provenance identifier,claim:claim_rec_src_search_33733b13ba13_003_deaths,claim,claim_comparison:claim_cmp_132,claim_comparison,
compared_with,matched provenance identifier,claim:claim_rec_src_search_33733b13ba13_001_deaths,claim,claim_comparison:claim_cmp_133,claim_comparison,
compared_with,matched provenance identifier,claim:claim_rec_src_search_95a418d2f831_001_cases_unspecified,claim,claim_comparison:claim_cmp_133,claim_comparison,
compared_with,matched provenance identifier,claim:claim_rec_src_search_33733b13ba13_001_deaths,claim,claim_comparison:claim_cmp_134,claim_comparison,
compared_with,matched provenance identifier,claim:claim_rec_src_search_95a418d2f831_001_deaths,claim,claim_comparison:claim_cmp_134,claim_comparison,
compared_with,matched provenance identifier,claim:claim_rec_src_search_33733b13ba13_001_deaths,claim,claim_comparison:claim_cmp_135,claim_comparison,
compared_with,matched provenance identifier,claim:claim_rec_src_search_8207a084046e_001_hospitalizations,claim,claim_comparison:claim_cmp_135,claim_comparison,
compared_with,matched provenance identifier,claim:claim_rec_src_search_33733b13ba13_001_deaths,claim,claim_comparison:claim_cmp_136,claim_comparison,
compared_with,matched provenance identifier,claim:claim_rec_src_search_8fb76173fa13_001_cases_confirmed,claim,claim_comparison:claim_cmp_136,claim_comparison,
compared_with,matched provenance identifier,claim:claim_rec_src_search_33733b13ba13_001_deaths,claim,claim_comparison:claim_cmp_137,claim_comparison,
compared_with,matched provenance identifier,claim:claim_rec_src_search_8fb76173fa13_002_cases_confirmed,claim,claim_comparison:claim_cmp_137,claim_comparison,
compared_with,matched provenance identifier,claim:claim_rec_src_search_33733b13ba13_001_deaths,claim,claim_comparison:claim_cmp_138,claim_comparison,
compared_with,matched provenance identifier,claim:claim_rec_src_search_8fb76173fa13_003_cases_confirmed,claim,claim_comparison:claim_cmp_138,claim_comparison,
compared_with,matched provenance identifier,claim:claim_rec_src_search_33733b13ba13_001_deaths,claim,claim_comparison:claim_cmp_139,claim_comparison,
compared_with,matched provenance identifier,claim:claim_rec_src_search_8fb76173fa13_004_cases_confirmed,claim,claim_comparison:claim_cmp_139,claim_comparison,
compared_with,matched provenance identifier,claim:claim_rec_src_search_33733b13ba13_001_deaths,claim,claim_comparison:claim_cmp_140,claim_comparison,
compared_with,matched provenance identifier,claim:claim_rec_src_search_8fb76173fa13_005_cases_confirmed,claim,claim_comparison:claim_cmp_140,claim_comparison,
compared_with,matched provenance identifier,claim:claim_rec_src_search_33733b13ba13_001_deaths,claim,claim_comparison:claim_cmp_141,claim_comparison,
compared_with,matched provenance identifier,claim:claim_rec_src_search_8fb76173fa13_006_cases_confirmed,claim,claim_comparison:claim_cmp_141,claim_comparison,
compared_with,matched provenance identifier,claim:claim_rec_src_search_33733b13ba13_001_deaths,claim,claim_comparison:claim_cmp_142,claim_comparison,
compared_with,matched provenance identifier,claim:claim_rec_src_search_793a8dd9911b_001_cases_unspecified,claim,claim_comparison:claim_cmp_142,claim_comparison,
compared_with,matched provenance identifier,claim:claim_rec_src_search_33733b13ba13_001_deaths,claim,claim_comparison:claim_cmp_143,claim_comparison,
compared_with,matched provenance identifier,claim:claim_rec_src_search_793a8dd9911b_002_hospitalizations,claim,claim_comparison:claim_cmp_143,claim_comparison,
compared_with,matched provenance identifier,claim:claim_rec_src_search_33733b13ba13_001_deaths,claim,claim_comparison:claim_cmp_144,claim_comparison,
compared_with,matched provenance identifier,claim:claim_rec_src_search_793a8dd9911b_003_deaths,claim,claim_comparison:claim_cmp_144,claim_comparison,
compared_with,matched provenance identifier,claim:claim_rec_src_search_33733b13ba13_001_deaths,claim,claim_comparison:claim_cmp_145,claim_comparison,
compared_with,matched provenance identifier,claim:claim_rec_src_search_f06158a1a260_001_cases_unspecified,claim,claim_comparison:claim_cmp_145,claim_comparison,
compared_with,matched provenance identifier,claim:claim_rec_src_search_33733b13ba13_001_deaths,claim,claim_comparison:claim_cmp_146,claim_comparison,
compared_with,matched provenance identifier,claim:claim_rec_src_search_f06158a1a260_001_hospitalizations,claim,claim_comparison:claim_cmp_146,claim_comparison,
compared_with,matched provenance identifier,claim:claim_rec_src_search_33733b13ba13_001_deaths,claim,claim_comparison:claim_cmp_147,claim_comparison,
compared_with,matched provenance identifier,claim:claim_rec_src_search_f06158a1a260_002_hospitalizations,claim,claim_comparison:claim_cmp_147,claim_comparison,
compared_with,matched provenance identifier,claim:claim_rec_src_search_33733b13ba13_001_hospitalizations,claim,claim_comparison:claim_cmp_148,claim_comparison,
compared_with,matched provenance identifier,claim:claim_rec_src_search_33733b13ba13_002_hospitalizations,claim,claim_comparison:claim_cmp_148,claim_comparison,
compared_with,matched provenance identifier,claim:claim_rec_src_search_33733b13ba13_001_hospitalizations,claim,claim_comparison:claim_cmp_149,claim_comparison,
compared_with,matched provenance identifier,claim:claim_rec_src_search_33733b13ba13_003_deaths,claim,claim_comparison:claim_cmp_149,claim_comparison,
compared_with,matched provenance identifier,claim:claim_rec_src_search_33733b13ba13_001_hospitalizations,claim,claim_comparison:claim_cmp_150,claim_comparison,
compared_with,matched provenance identifier,claim:claim_rec_src_search_95a418d2f831_001_cases_unspecified,claim,claim_comparison:claim_cmp_150,claim_comparison,
compared_with,matched provenance identifier,claim:claim_rec_src_search_33733b13ba13_001_hospitalizations,claim,claim_comparison:claim_cmp_151,claim_comparison,
compared_with,matched provenance identifier,claim:claim_rec_src_search_95a418d2f831_001_deaths,claim,claim_comparison:claim_cmp_151,claim_comparison,
compared_with,matched provenance identifier,claim:claim_rec_src_search_33733b13ba13_001_hospitalizations,claim,claim_comparison:claim_cmp_152,claim_comparison,
compared_with,matched provenance identifier,claim:claim_rec_src_search_8207a084046e_001_hospitalizations,claim,claim_comparison:claim_cmp_152,claim_comparison,
compared_with,matched provenance identifier,claim:claim_rec_src_search_33733b13ba13_001_hospitalizations,claim,claim_comparison:claim_cmp_153,claim_comparison,
compared_with,matched provenance identifier,claim:claim_rec_src_search_8fb76173fa13_001_cases_confirmed,claim,claim_comparison:claim_cmp_153,claim_comparison,
compared_with,matched provenance identifier,claim:claim_rec_src_search_33733b13ba13_001_hospitalizations,claim,claim_comparison:claim_cmp_154,claim_comparison,
compared_with,matched provenance identifier,claim:claim_rec_src_search_8fb76173fa13_002_cases_confirmed,claim,claim_comparison:claim_cmp_154,claim_comparison,
compared_with,matched provenance identifier,claim:claim_rec_src_search_33733b13ba13_001_hospitalizations,claim,claim_comparison:claim_cmp_155,claim_comparison,
compared_with,matched provenance identifier,claim:claim_rec_src_search_8fb76173fa13_003_cases_confirmed,claim,claim_comparison:claim_cmp_155,claim_comparison,
compared_with,matched provenance identifier,claim:claim_rec_src_search_33733b13ba13_001_hospitalizations,claim,claim_comparison:claim_cmp_156,claim_comparison,
compared_with,matched provenance identifier,claim:claim_rec_src_search_8fb76173fa13_004_cases_confirmed,claim,claim_comparison:claim_cmp_156,claim_comparison,
compared_with,matched provenance identifier,claim:claim_rec_src_search_33733b13ba13_001_hospitalizations,claim,claim_comparison:claim_cmp_157,claim_comparison,
compared_with,matched provenance identifier,claim:claim_rec_src_search_8fb76173fa13_005_cases_confirmed,claim,claim_comparison:claim_cmp_157,claim_comparison,
compared_with,matched provenance identifier,claim:claim_rec_src_search_33733b13ba13_001_hospitalizations,claim,claim_comparison:claim_cmp_158,claim_comparison,
compared_with,matched provenance identifier,claim:claim_rec_src_search_8fb76173fa13_006_cases_confirmed,claim,claim_comparison:claim_cmp_158,claim_comparison,
compared_with,matched provenance identifier,claim:claim_rec_src_search_33733b13ba13_001_hospitalizations,claim,claim_comparison:claim_cmp_159,claim_comparison,
compared_with,matched provenance identifier,claim:claim_rec_src_search_793a8dd9911b_001_cases_unspecified,claim,claim_comparison:claim_cmp_159,claim_comparison,
compared_with,matched provenance identifier,claim:claim_rec_src_search_33733b13ba13_001_hospitalizations,claim,claim_comparison:claim_cmp_160,claim_comparison,
compared_with,matched provenance identifier,claim:claim_rec_src_search_793a8dd9911b_002_hospitalizations,claim,claim_comparison:claim_cmp_160,claim_comparison,
compared_with,matched provenance identifier,claim:claim_rec_src_search_33733b13ba13_001_hospitalizations,claim,claim_comparison:claim_cmp_161,claim_comparison,
compared_with,matched provenance identifier,claim:claim_rec_src_search_793a8dd9911b_003_deaths,claim,claim_comparison:claim_cmp_161,claim_comparison,
compared_with,matched provenance identifier,claim:claim_rec_src_search_33733b13ba13_001_hospitalizations,claim,claim_comparison:claim_cmp_162,claim_comparison,
compared_with,matched provenance identifier,claim:claim_rec_src_search_f06158a1a260_001_cases_unspecified,claim,claim_comparison:claim_cmp_162,claim_comparison,
compared_with,matched provenance identifier,claim:claim_rec_src_search_33733b13ba13_001_hospitalizations,claim,claim_comparison:claim_cmp_163,claim_comparison,
compared_with,matched provenance identifier,claim:claim_rec_src_search_f06158a1a260_001_hospitalizations,claim,claim_comparison:claim_cmp_163,claim_comparison,
compared_with,matched provenance identifier,claim:claim_rec_src_search_33733b13ba13_001_hospitalizations,claim,claim_comparison:claim_cmp_164,claim_comparison,
compared_with,matched provenance identifier,claim:claim_rec_src_search_f06158a1a260_002_hospitalizations,claim,claim_comparison:claim_cmp_164,claim_comparison,
compared_with,matched provenance identifier,claim:claim_rec_src_search_33733b13ba13_002_hospitalizations,claim,claim_comparison:claim_cmp_165,claim_comparison,
compared_with,matched provenance identifier,claim:claim_rec_src_search_33733b13ba13_003_deaths,claim,claim_comparison:claim_cmp_165,claim_comparison,
compared_with,matched provenance identifier,claim:claim_rec_src_search_33733b13ba13_002_hospitalizations,claim,claim_comparison:claim_cmp_166,claim_comparison,
compared_with,matched provenance identifier,claim:claim_rec_src_search_95a418d2f831_001_cases_unspecified,claim,claim_comparison:claim_cmp_166,claim_comparison,
compared_with,matched provenance identifier,claim:claim_rec_src_search_33733b13ba13_002_hospitalizations,claim,claim_comparison:claim_cmp_167,claim_comparison,
compared_with,matched provenance identifier,claim:claim_rec_src_search_95a418d2f831_001_deaths,claim,claim_comparison:claim_cmp_167,claim_comparison,
compared_with,matched provenance identifier,claim:claim_rec_src_search_33733b13ba13_002_hospitalizations,claim,claim_comparison:claim_cmp_168,claim_comparison,
compared_with,matched provenance identifier,claim:claim_rec_src_search_8207a084046e_001_hospitalizations,claim,claim_comparison:claim_cmp_168,claim_comparison,
compared_with,matched provenance identifier,claim:claim_rec_src_search_33733b13ba13_002_hospitalizations,claim,claim_comparison:claim_cmp_169,claim_comparison,
compared_with,matched provenance identifier,claim:claim_rec_src_search_8fb76173fa13_001_cases_confirmed,claim,claim_comparison:claim_cmp_169,claim_comparison,
compared_with,matched provenance identifier,claim:claim_rec_src_search_33733b13ba13_002_hospitalizations,claim,claim_comparison:claim_cmp_170,claim_comparison,
compared_with,matched provenance identifier,claim:claim_rec_src_search_8fb76173fa13_002_cases_confirmed,claim,claim_comparison:claim_cmp_170,claim_comparison,
compared_with,matched provenance identifier,claim:claim_rec_src_search_33733b13ba13_002_hospitalizations,claim,claim_comparison:claim_cmp_171,claim_comparison,
compared_with,matched provenance identifier,claim:claim_rec_src_search_8fb76173fa13_003_cases_confirmed,claim,claim_comparison:claim_cmp_171,claim_comparison,
compared_with,matched provenance identifier,claim:claim_rec_src_search_33733b13ba13_002_hospitalizations,claim,claim_comparison:claim_cmp_172,claim_comparison,
compared_with,matched provenance identifier,claim:claim_rec_src_search_8fb76173fa13_004_cases_confirmed,claim,claim_comparison:claim_cmp_172,claim_comparison,
compared_with,matched provenance identifier,claim:claim_rec_src_search_33733b13ba13_002_hospitalizations,claim,claim_comparison:claim_cmp_173,claim_comparison,
compared_with,matched provenance identifier,claim:claim_rec_src_search_8fb76173fa13_005_cases_confirmed,claim,claim_comparison:claim_cmp_173,claim_comparison,
compared_with,matched provenance identifier,claim:claim_rec_src_search_33733b13ba13_002_hospitalizations,claim,claim_comparison:claim_cmp_174,claim_comparison,
compared_with,matched provenance identifier,claim:claim_rec_src_search_8fb76173fa13_006_cases_confirmed,claim,claim_comparison:claim_cmp_174,claim_comparison,
compared_with,matched provenance identifier,claim:claim_rec_src_search_33733b13ba13_002_hospitalizations,claim,claim_comparison:claim_cmp_175,claim_comparison,
compared_with,matched provenance identifier,claim:claim_rec_src_search_793a8dd9911b_001_cases_unspecified,claim,claim_comparison:claim_cmp_175,claim_comparison,
compared_with,matched provenance identifier,claim:claim_rec_src_search_33733b13ba13_002_hospitalizations,claim,claim_comparison:claim_cmp_176,claim_comparison,
compared_with,matched provenance identifier,claim:claim_rec_src_search_793a8dd9911b_002_hospitalizations,claim,claim_comparison:claim_cmp_176,claim_comparison,
compared_with,matched provenance identifier,claim:claim_rec_src_search_33733b13ba13_002_hospitalizations,claim,claim_comparison:claim_cmp_177,claim_comparison,
compared_with,matched provenance identifier,claim:claim_rec_src_search_793a8dd9911b_003_deaths,claim,claim_comparison:claim_cmp_177,claim_comparison,
compared_with,matched provenance identifier,claim:claim_rec_src_search_33733b13ba13_002_hospitalizations,claim,claim_comparison:claim_cmp_178,claim_comparison,
compared_with,matched provenance identifier,claim:claim_rec_src_search_f06158a1a260_001_cases_unspecified,claim,claim_comparison:claim_cmp_178,claim_comparison,
compared_with,matched provenance identifier,claim:claim_rec_src_search_33733b13ba13_002_hospitalizations,claim,claim_comparison:claim_cmp_179,claim_comparison,
compared_with,matched provenance identifier,claim:claim_rec_src_search_f06158a1a260_001_hospitalizations,claim,claim_comparison:claim_cmp_179,claim_comparison,
compared_with,matched provenance identifier,claim:claim_rec_src_search_33733b13ba13_002_hospitalizations,claim,claim_comparison:claim_cmp_180,claim_comparison,
compared_with,matched provenance identifier,claim:claim_rec_src_search_f06158a1a260_002_hospitalizations,claim,claim_comparison:claim_cmp_180,claim_comparison,
compared_with,matched provenance identifier,claim:claim_rec_src_search_33733b13ba13_003_deaths,claim,claim_comparison:claim_cmp_181,claim_comparison,
compared_with,matched provenance identifier,claim:claim_rec_src_search_95a418d2f831_001_cases_unspecified,claim,claim_comparison:claim_cmp_181,claim_comparison,
compared_with,matched provenance identifier,claim:claim_rec_src_search_33733b13ba13_003_deaths,claim,claim_comparison:claim_cmp_182,claim_comparison,
compared_with,matched provenance identifier,claim:claim_rec_src_search_95a418d2f831_001_deaths,claim,claim_comparison:claim_cmp_182,claim_comparison,
compared_with,matched provenance identifier,claim:claim_rec_src_search_33733b13ba13_003_deaths,claim,claim_comparison:claim_cmp_183,claim_comparison,
compared_with,matched provenance identifier,claim:claim_rec_src_search_8207a084046e_001_hospitalizations,claim,claim_comparison:claim_cmp_183,claim_comparison,
compared_with,matched provenance identifier,claim:claim_rec_src_search_33733b13ba13_003_deaths,claim,claim_comparison:claim_cmp_184,claim_comparison,
compared_with,matched provenance identifier,claim:claim_rec_src_search_8fb76173fa13_001_cases_confirmed,claim,claim_comparison:claim_cmp_184,claim_comparison,
compared_with,matched provenance identifier,claim:claim_rec_src_search_33733b13ba13_003_deaths,claim,claim_comparison:claim_cmp_185,claim_comparison,
compared_with,matched provenance identifier,claim:claim_rec_src_search_8fb76173fa13_002_cases_confirmed,claim,claim_comparison:claim_cmp_185,claim_comparison,
compared_with,matched provenance identifier,claim:claim_rec_src_search_33733b13ba13_003_deaths,claim,claim_comparison:claim_cmp_186,claim_comparison,
compared_with,matched provenance identifier,claim:claim_rec_src_search_8fb76173fa13_003_cases_confirmed,claim,claim_comparison:claim_cmp_186,claim_comparison,
compared_with,matched provenance identifier,claim:claim_rec_src_search_33733b13ba13_003_deaths,claim,claim_comparison:claim_cmp_187,claim_comparison,
compared_with,matched provenance identifier,claim:claim_rec_src_search_8fb76173fa13_004_cases_confirmed,claim,claim_comparison:claim_cmp_187,claim_comparison,
compared_with,matched provenance identifier,claim:claim_rec_src_search_33733b13ba13_003_deaths,claim,claim_comparison:claim_cmp_188,claim_comparison,
compared_with,matched provenance identifier,claim:claim_rec_src_search_8fb76173fa13_005_cases_confirmed,claim,claim_comparison:claim_cmp_188,claim_comparison,
compared_with,matched provenance identifier,claim:claim_rec_src_search_33733b13ba13_003_deaths,claim,claim_comparison:claim_cmp_189,claim_comparison,
compared_with,matched provenance identifier,claim:claim_rec_src_search_8fb76173fa13_006_cases_confirmed,claim,claim_comparison:claim_cmp_189,claim_comparison,
compared_with,matched provenance identifier,claim:claim_rec_src_search_33733b13ba13_003_deaths,claim,claim_comparison:claim_cmp_190,claim_comparison,
compared_with,matched provenance identifier,claim:claim_rec_src_search_793a8dd9911b_001_cases_unspecified,claim,claim_comparison:claim_cmp_190,claim_comparison,
compared_with,matched provenance identifier,claim:claim_rec_src_search_33733b13ba13_003_deaths,claim,claim_comparison:claim_cmp_191,claim_comparison,
compared_with,matched provenance identifier,claim:claim_rec_src_search_793a8dd9911b_002_hospitalizations,claim,claim_comparison:claim_cmp_191,claim_comparison,
compared_with,matched provenance identifier,claim:claim_rec_src_search_33733b13ba13_003_deaths,claim,claim_comparison:claim_cmp_192,claim_comparison,
compared_with,matched provenance identifier,claim:claim_rec_src_search_793a8dd9911b_003_deaths,claim,claim_comparison:claim_cmp_192,claim_comparison,
compared_with,matched provenance identifier,claim:claim_rec_src_search_33733b13ba13_003_deaths,claim,claim_comparison:claim_cmp_193,claim_comparison,
compared_with,matched provenance identifier,claim:claim_rec_src_search_f06158a1a260_001_cases_unspecified,claim,claim_comparison:claim_cmp_193,claim_comparison,
compared_with,matched provenance identifier,claim:claim_rec_src_search_33733b13ba13_003_deaths,claim,claim_comparison:claim_cmp_194,claim_comparison,
compared_with,matched provenance identifier,claim:claim_rec_src_search_f06158a1a260_001_hospitalizations,claim,claim_comparison:claim_cmp_194,claim_comparison,
compared_with,matched provenance identifier,claim:claim_rec_src_search_33733b13ba13_003_deaths,claim,claim_comparison:claim_cmp_195,claim_comparison,
compared_with,matched provenance identifier,claim:claim_rec_src_search_f06158a1a260_002_hospitalizations,claim,claim_comparison:claim_cmp_195,claim_comparison,
compared_with,matched provenance identifier,claim:claim_rec_src_search_95a418d2f831_001_cases_unspecified,claim,claim_comparison:claim_cmp_196,claim_comparison,
compared_with,matched provenance identifier,claim:claim_rec_src_search_95a418d2f831_001_deaths,claim,claim_comparison:claim_cmp_196,claim_comparison,
compared_with,matched provenance identifier,claim:claim_rec_src_search_95a418d2f831_001_cases_unspecified,claim,claim_comparison:claim_cmp_197,claim_comparison,
compared_with,matched provenance identifier,claim:claim_rec_src_search_8207a084046e_001_hospitalizations,claim,claim_comparison:claim_cmp_197,claim_comparison,
compared_with,matched provenance identifier,claim:claim_rec_src_search_95a418d2f831_001_cases_unspecified,claim,claim_comparison:claim_cmp_198,claim_comparison,
compared_with,matched provenance identifier,claim:claim_rec_src_search_8fb76173fa13_001_cases_confirmed,claim,claim_comparison:claim_cmp_198,claim_comparison,
compared_with,matched provenance identifier,claim:claim_rec_src_search_95a418d2f831_001_cases_unspecified,claim,claim_comparison:claim_cmp_199,claim_comparison,
compared_with,matched provenance identifier,claim:claim_rec_src_search_8fb76173fa13_002_cases_confirmed,claim,claim_comparison:claim_cmp_199,claim_comparison,
compared_with,matched provenance identifier,claim:claim_rec_src_search_95a418d2f831_001_cases_unspecified,claim,claim_comparison:claim_cmp_200,claim_comparison,
compared_with,matched provenance identifier,claim:claim_rec_src_search_8fb76173fa13_003_cases_confirmed,claim,claim_comparison:claim_cmp_200,claim_comparison,
compared_with,matched provenance identifier,claim:claim_rec_src_search_95a418d2f831_001_cases_unspecified,claim,claim_comparison:claim_cmp_201,claim_comparison,
compared_with,matched provenance identifier,claim:claim_rec_src_search_8fb76173fa13_004_cases_confirmed,claim,claim_comparison:claim_cmp_201,claim_comparison,
compared_with,matched provenance identifier,claim:claim_rec_src_search_95a418d2f831_001_cases_unspecified,claim,claim_comparison:claim_cmp_202,claim_comparison,
compared_with,matched provenance identifier,claim:claim_rec_src_search_8fb76173fa13_005_cases_confirmed,claim,claim_comparison:claim_cmp_202,claim_comparison,
compared_with,matched provenance identifier,claim:claim_rec_src_search_95a418d2f831_001_cases_unspecified,claim,claim_comparison:claim_cmp_203,claim_comparison,
compared_with,matched provenance identifier,claim:claim_rec_src_search_8fb76173fa13_006_cases_confirmed,claim,claim_comparison:claim_cmp_203,claim_comparison,
compared_with,matched provenance identifier,claim:claim_rec_src_search_95a418d2f831_001_cases_unspecified,claim,claim_comparison:claim_cmp_204,claim_comparison,
compared_with,matched provenance identifier,claim:claim_rec_src_search_793a8dd9911b_001_cases_unspecified,claim,claim_comparison:claim_cmp_204,claim_comparison,
compared_with,matched provenance identifier,claim:claim_rec_src_search_95a418d2f831_001_cases_unspecified,claim,claim_comparison:claim_cmp_205,claim_comparison,
compared_with,matched provenance identifier,claim:claim_rec_src_search_793a8dd9911b_002_hospitalizations,claim,claim_comparison:claim_cmp_205,claim_comparison,
compared_with,matched provenance identifier,claim:claim_rec_src_search_95a418d2f831_001_cases_unspecified,claim,claim_comparison:claim_cmp_206,claim_comparison,
compared_with,matched provenance identifier,claim:claim_rec_src_search_793a8dd9911b_003_deaths,claim,claim_comparison:claim_cmp_206,claim_comparison,
compared_with,matched provenance identifier,claim:claim_rec_src_search_95a418d2f831_001_cases_unspecified,claim,claim_comparison:claim_cmp_207,claim_comparison,
compared_with,matched provenance identifier,claim:claim_rec_src_search_f06158a1a260_001_cases_unspecified,claim,claim_comparison:claim_cmp_207,claim_comparison,
compared_with,matched provenance identifier,claim:claim_rec_src_search_95a418d2f831_001_cases_unspecified,claim,claim_comparison:claim_cmp_208,claim_comparison,
compared_with,matched provenance identifier,claim:claim_rec_src_search_f06158a1a260_001_hospitalizations,claim,claim_comparison:claim_cmp_208,claim_comparison,
compared_with,matched provenance identifier,claim:claim_rec_src_search_95a418d2f831_001_cases_unspecified,claim,claim_comparison:claim_cmp_209,claim_comparison,
compared_with,matched provenance identifier,claim:claim_rec_src_search_f06158a1a260_002_hospitalizations,claim,claim_comparison:claim_cmp_209,claim_comparison,
compared_with,matched provenance identifier,claim:claim_rec_src_search_95a418d2f831_001_deaths,claim,claim_comparison:claim_cmp_210,claim_comparison,
compared_with,matched provenance identifier,claim:claim_rec_src_search_8207a084046e_001_hospitalizations,claim,claim_comparison:claim_cmp_210,claim_comparison,
compared_with,matched provenance identifier,claim:claim_rec_src_search_95a418d2f831_001_deaths,claim,claim_comparison:claim_cmp_211,claim_comparison,
compared_with,matched provenance identifier,claim:claim_rec_src_search_8fb76173fa13_001_cases_confirmed,claim,claim_comparison:claim_cmp_211,claim_comparison,
compared_with,matched provenance identifier,claim:claim_rec_src_search_95a418d2f831_001_deaths,claim,claim_comparison:claim_cmp_212,claim_comparison,
compared_with,matched provenance identifier,claim:claim_rec_src_search_8fb76173fa13_002_cases_confirmed,claim,claim_comparison:claim_cmp_212,claim_comparison,
compared_with,matched provenance identifier,claim:claim_rec_src_search_95a418d2f831_001_deaths,claim,claim_comparison:claim_cmp_213,claim_comparison,
compared_with,matched provenance identifier,claim:claim_rec_src_search_8fb76173fa13_003_cases_confirmed,claim,claim_comparison:claim_cmp_213,claim_comparison,
compared_with,matched provenance identifier,claim:claim_rec_src_search_95a418d2f831_001_deaths,claim,claim_comparison:claim_cmp_214,claim_comparison,
compared_with,matched provenance identifier,claim:claim_rec_src_search_8fb76173fa13_004_cases_confirmed,claim,claim_comparison:claim_cmp_214,claim_comparison,
compared_with,matched provenance identifier,claim:claim_rec_src_search_95a418d2f831_001_deaths,claim,claim_comparison:claim_cmp_215,claim_comparison,
compared_with,matched provenance identifier,claim:claim_rec_src_search_8fb76173fa13_005_cases_confirmed,claim,claim_comparison:claim_cmp_215,claim_comparison,
compared_with,matched provenance identifier,claim:claim_rec_src_search_95a418d2f831_001_deaths,claim,claim_comparison:claim_cmp_216,claim_comparison,
compared_with,matched provenance identifier,claim:claim_rec_src_search_8fb76173fa13_006_cases_confirmed,claim,claim_comparison:claim_cmp_216,claim_comparison,
compared_with,matched provenance identifier,claim:claim_rec_src_search_95a418d2f831_001_deaths,claim,claim_comparison:claim_cmp_217,claim_comparison,
compared_with,matched provenance identifier,claim:claim_rec_src_search_793a8dd9911b_001_cases_unspecified,claim,claim_comparison:claim_cmp_217,claim_comparison,
compared_with,matched provenance identifier,claim:claim_rec_src_search_95a418d2f831_001_deaths,claim,claim_comparison:claim_cmp_218,claim_comparison,
compared_with,matched provenance identifier,claim:claim_rec_src_search_793a8dd9911b_002_hospitalizations,claim,claim_comparison:claim_cmp_218,claim_comparison,
compared_with,matched provenance identifier,claim:claim_rec_src_search_95a418d2f831_001_deaths,claim,claim_comparison:claim_cmp_219,claim_comparison,
compared_with,matched provenance identifier,claim:claim_rec_src_search_793a8dd9911b_003_deaths,claim,claim_comparison:claim_cmp_219,claim_comparison,
compared_with,matched provenance identifier,claim:claim_rec_src_search_95a418d2f831_001_deaths,claim,claim_comparison:claim_cmp_220,claim_comparison,
compared_with,matched provenance identifier,claim:claim_rec_src_search_f06158a1a260_001_cases_unspecified,claim,claim_comparison:claim_cmp_220,claim_comparison,
compared_with,matched provenance identifier,claim:claim_rec_src_search_95a418d2f831_001_deaths,claim,claim_comparison:claim_cmp_221,claim_comparison,
compared_with,matched provenance identifier,claim:claim_rec_src_search_f06158a1a260_001_hospitalizations,claim,claim_comparison:claim_cmp_221,claim_comparison,
compared_with,matched provenance identifier,claim:claim_rec_src_search_95a418d2f831_001_deaths,claim,claim_comparison:claim_cmp_222,claim_comparison,
compared_with,matched provenance identifier,claim:claim_rec_src_search_f06158a1a260_002_hospitalizations,claim,claim_comparison:claim_cmp_222,claim_comparison,
compared_with,matched provenance identifier,claim:claim_rec_src_search_8207a084046e_001_hospitalizations,claim,claim_comparison:claim_cmp_223,claim_comparison,
compared_with,matched provenance identifier,claim:claim_rec_src_search_8fb76173fa13_001_cases_confirmed,claim,claim_comparison:claim_cmp_223,claim_comparison,
compared_with,matched provenance identifier,claim:claim_rec_src_search_8207a084046e_001_hospitalizations,claim,claim_comparison:claim_cmp_224,claim_comparison,
compared_with,matched provenance identifier,claim:claim_rec_src_search_8fb76173fa13_002_cases_confirmed,claim,claim_comparison:claim_cmp_224,claim_comparison,
compared_with,matched provenance identifier,claim:claim_rec_src_search_8207a084046e_001_hospitalizations,claim,claim_comparison:claim_cmp_225,claim_comparison,
compared_with,matched provenance identifier,claim:claim_rec_src_search_8fb76173fa13_003_cases_confirmed,claim,claim_comparison:claim_cmp_225,claim_comparison,
compared_with,matched provenance identifier,claim:claim_rec_src_search_8207a084046e_001_hospitalizations,claim,claim_comparison:claim_cmp_226,claim_comparison,
compared_with,matched provenance identifier,claim:claim_rec_src_search_8fb76173fa13_004_cases_confirmed,claim,claim_comparison:claim_cmp_226,claim_comparison,
compared_with,matched provenance identifier,claim:claim_rec_src_search_8207a084046e_001_hospitalizations,claim,claim_comparison:claim_cmp_227,claim_comparison,
compared_with,matched provenance identifier,claim:claim_rec_src_search_8fb76173fa13_005_cases_confirmed,claim,claim_comparison:claim_cmp_227,claim_comparison,
compared_with,matched provenance identifier,claim:claim_rec_src_search_8207a084046e_001_hospitalizations,claim,claim_comparison:claim_cmp_228,claim_comparison,
compared_with,matched provenance identifier,claim:claim_rec_src_search_8fb76173fa13_006_cases_confirmed,claim,claim_comparison:claim_cmp_228,claim_comparison,
compared_with,matched provenance identifier,claim:claim_rec_src_search_8207a084046e_001_hospitalizations,claim,claim_comparison:claim_cmp_229,claim_comparison,
compared_with,matched provenance identifier,claim:claim_rec_src_search_793a8dd9911b_001_cases_unspecified,claim,claim_comparison:claim_cmp_229,claim_comparison,
compared_with,matched provenance identifier,claim:claim_rec_src_search_8207a084046e_001_hospitalizations,claim,claim_comparison:claim_cmp_230,claim_comparison,
compared_with,matched provenance identifier,claim:claim_rec_src_search_793a8dd9911b_002_hospitalizations,claim,claim_comparison:claim_cmp_230,claim_comparison,
compared_with,matched provenance identifier,claim:claim_rec_src_search_8207a084046e_001_hospitalizations,claim,claim_comparison:claim_cmp_231,claim_comparison,
compared_with,matched provenance identifier,claim:claim_rec_src_search_793a8dd9911b_003_deaths,claim,claim_comparison:claim_cmp_231,claim_comparison,
compared_with,matched provenance identifier,claim:claim_rec_src_search_8207a084046e_001_hospitalizations,claim,claim_comparison:claim_cmp_232,claim_comparison,
compared_with,matched provenance identifier,claim:claim_rec_src_search_f06158a1a260_001_cases_unspecified,claim,claim_comparison:claim_cmp_232,claim_comparison,
compared_with,matched provenance identifier,claim:claim_rec_src_search_8207a084046e_001_hospitalizations,claim,claim_comparison:claim_cmp_233,claim_comparison,
compared_with,matched provenance identifier,claim:claim_rec_src_search_f06158a1a260_001_hospitalizations,claim,claim_comparison:claim_cmp_233,claim_comparison,
compared_with,matched provenance identifier,claim:claim_rec_src_search_8207a084046e_001_hospitalizations,claim,claim_comparison:claim_cmp_234,claim_comparison,
compared_with,matched provenance identifier,claim:claim_rec_src_search_f06158a1a260_002_hospitalizations,claim,claim_comparison:claim_cmp_234,claim_comparison,
compared_with,matched provenance identifier,claim:claim_rec_src_search_8fb76173fa13_001_cases_confirmed,claim,claim_comparison:claim_cmp_235,claim_comparison,
compared_with,matched provenance identifier,claim:claim_rec_src_search_8fb76173fa13_002_cases_confirmed,claim,claim_comparison:claim_cmp_235,claim_comparison,
compared_with,matched provenance identifier,claim:claim_rec_src_search_8fb76173fa13_001_cases_confirmed,claim,claim_comparison:claim_cmp_236,claim_comparison,
compared_with,matched provenance identifier,claim:claim_rec_src_search_8fb76173fa13_003_cases_confirmed,claim,claim_comparison:claim_cmp_236,claim_comparison,
compared_with,matched provenance identifier,claim:claim_rec_src_search_8fb76173fa13_001_cases_confirmed,claim,claim_comparison:claim_cmp_237,claim_comparison,
compared_with,matched provenance identifier,claim:claim_rec_src_search_8fb76173fa13_004_cases_confirmed,claim,claim_comparison:claim_cmp_237,claim_comparison,
compared_with,matched provenance identifier,claim:claim_rec_src_search_8fb76173fa13_001_cases_confirmed,claim,claim_comparison:claim_cmp_238,claim_comparison,
compared_with,matched provenance identifier,claim:claim_rec_src_search_8fb76173fa13_005_cases_confirmed,claim,claim_comparison:claim_cmp_238,claim_comparison,
compared_with,matched provenance identifier,claim:claim_rec_src_search_8fb76173fa13_001_cases_confirmed,claim,claim_comparison:claim_cmp_239,claim_comparison,
compared_with,matched provenance identifier,claim:claim_rec_src_search_8fb76173fa13_006_cases_confirmed,claim,claim_comparison:claim_cmp_239,claim_comparison,
compared_with,matched provenance identifier,claim:claim_rec_src_search_8fb76173fa13_001_cases_confirmed,claim,claim_comparison:claim_cmp_240,claim_comparison,
compared_with,matched provenance identifier,claim:claim_rec_src_search_793a8dd9911b_001_cases_unspecified,claim,claim_comparison:claim_cmp_240,claim_comparison,
compared_with,matched provenance identifier,claim:claim_rec_src_search_8fb76173fa13_001_cases_confirmed,claim,claim_comparison:claim_cmp_241,claim_comparison,
compared_with,matched provenance identifier,claim:claim_rec_src_search_793a8dd9911b_002_hospitalizations,claim,claim_comparison:claim_cmp_241,claim_comparison,
compared_with,matched provenance identifier,claim:claim_rec_src_search_8fb76173fa13_001_cases_confirmed,claim,claim_comparison:claim_cmp_242,claim_comparison,
compared_with,matched provenance identifier,claim:claim_rec_src_search_793a8dd9911b_003_deaths,claim,claim_comparison:claim_cmp_242,claim_comparison,
compared_with,matched provenance identifier,claim:claim_rec_src_search_8fb76173fa13_001_cases_confirmed,claim,claim_comparison:claim_cmp_243,claim_comparison,
compared_with,matched provenance identifier,claim:claim_rec_src_search_f06158a1a260_001_cases_unspecified,claim,claim_comparison:claim_cmp_243,claim_comparison,
compared_with,matched provenance identifier,claim:claim_rec_src_search_8fb76173fa13_001_cases_confirmed,claim,claim_comparison:claim_cmp_244,claim_comparison,
compared_with,matched provenance identifier,claim:claim_rec_src_search_f06158a1a260_001_hospitalizations,claim,claim_comparison:claim_cmp_244,claim_comparison,
compared_with,matched provenance identifier,claim:claim_rec_src_search_8fb76173fa13_001_cases_confirmed,claim,claim_comparison:claim_cmp_245,claim_comparison,
compared_with,matched provenance identifier,claim:claim_rec_src_search_f06158a1a260_002_hospitalizations,claim,claim_comparison:claim_cmp_245,claim_comparison,
compared_with,matched provenance identifier,claim:claim_rec_src_search_8fb76173fa13_002_cases_confirmed,claim,claim_comparison:claim_cmp_246,claim_comparison,
compared_with,matched provenance identifier,claim:claim_rec_src_search_8fb76173fa13_003_cases_confirmed,claim,claim_comparison:claim_cmp_246,claim_comparison,
compared_with,matched provenance identifier,claim:claim_rec_src_search_8fb76173fa13_002_cases_confirmed,claim,claim_comparison:claim_cmp_247,claim_comparison,
compared_with,matched provenance identifier,claim:claim_rec_src_search_8fb76173fa13_004_cases_confirmed,claim,claim_comparison:claim_cmp_247,claim_comparison,
compared_with,matched provenance identifier,claim:claim_rec_src_search_8fb76173fa13_002_cases_confirmed,claim,claim_comparison:claim_cmp_248,claim_comparison,
compared_with,matched provenance identifier,claim:claim_rec_src_search_8fb76173fa13_005_cases_confirmed,claim,claim_comparison:claim_cmp_248,claim_comparison,
compared_with,matched provenance identifier,claim:claim_rec_src_search_8fb76173fa13_002_cases_confirmed,claim,claim_comparison:claim_cmp_249,claim_comparison,
compared_with,matched provenance identifier,claim:claim_rec_src_search_8fb76173fa13_006_cases_confirmed,claim,claim_comparison:claim_cmp_249,claim_comparison,
compared_with,matched provenance identifier,claim:claim_rec_src_search_8fb76173fa13_002_cases_confirmed,claim,claim_comparison:claim_cmp_250,claim_comparison,
compared_with,matched provenance identifier,claim:claim_rec_src_search_793a8dd9911b_001_cases_unspecified,claim,claim_comparison:claim_cmp_250,claim_comparison,
compared_with,matched provenance identifier,claim:claim_rec_src_search_8fb76173fa13_002_cases_confirmed,claim,claim_comparison:claim_cmp_251,claim_comparison,
compared_with,matched provenance identifier,claim:claim_rec_src_search_793a8dd9911b_002_hospitalizations,claim,claim_comparison:claim_cmp_251,claim_comparison,
compared_with,matched provenance identifier,claim:claim_rec_src_search_8fb76173fa13_002_cases_confirmed,claim,claim_comparison:claim_cmp_252,claim_comparison,
compared_with,matched provenance identifier,claim:claim_rec_src_search_793a8dd9911b_003_deaths,claim,claim_comparison:claim_cmp_252,claim_comparison,
compared_with,matched provenance identifier,claim:claim_rec_src_search_8fb76173fa13_002_cases_confirmed,claim,claim_comparison:claim_cmp_253,claim_comparison,
compared_with,matched provenance identifier,claim:claim_rec_src_search_f06158a1a260_001_cases_unspecified,claim,claim_comparison:claim_cmp_253,claim_comparison,
compared_with,matched provenance identifier,claim:claim_rec_src_search_8fb76173fa13_002_cases_confirmed,claim,claim_comparison:claim_cmp_254,claim_comparison,
compared_with,matched provenance identifier,claim:claim_rec_src_search_f06158a1a260_001_hospitalizations,claim,claim_comparison:claim_cmp_254,claim_comparison,
compared_with,matched provenance identifier,claim:claim_rec_src_search_8fb76173fa13_002_cases_confirmed,claim,claim_comparison:claim_cmp_255,claim_comparison,
compared_with,matched provenance identifier,claim:claim_rec_src_search_f06158a1a260_002_hospitalizations,claim,claim_comparison:claim_cmp_255,claim_comparison,
compared_with,matched provenance identifier,claim:claim_rec_src_search_8fb76173fa13_003_cases_confirmed,claim,claim_comparison:claim_cmp_256,claim_comparison,
compared_with,matched provenance identifier,claim:claim_rec_src_search_8fb76173fa13_004_cases_confirmed,claim,claim_comparison:claim_cmp_256,claim_comparison,
compared_with,matched provenance identifier,claim:claim_rec_src_search_8fb76173fa13_003_cases_confirmed,claim,claim_comparison:claim_cmp_257,claim_comparison,
compared_with,matched provenance identifier,claim:claim_rec_src_search_8fb76173fa13_005_cases_confirmed,claim,claim_comparison:claim_cmp_257,claim_comparison,
compared_with,matched provenance identifier,claim:claim_rec_src_search_8fb76173fa13_003_cases_confirmed,claim,claim_comparison:claim_cmp_258,claim_comparison,
compared_with,matched provenance identifier,claim:claim_rec_src_search_8fb76173fa13_006_cases_confirmed,claim,claim_comparison:claim_cmp_258,claim_comparison,
compared_with,matched provenance identifier,claim:claim_rec_src_search_8fb76173fa13_003_cases_confirmed,claim,claim_comparison:claim_cmp_259,claim_comparison,
compared_with,matched provenance identifier,claim:claim_rec_src_search_793a8dd9911b_001_cases_unspecified,claim,claim_comparison:claim_cmp_259,claim_comparison,
compared_with,matched provenance identifier,claim:claim_rec_src_search_8fb76173fa13_003_cases_confirmed,claim,claim_comparison:claim_cmp_260,claim_comparison,
compared_with,matched provenance identifier,claim:claim_rec_src_search_793a8dd9911b_002_hospitalizations,claim,claim_comparison:claim_cmp_260,claim_comparison,
compared_with,matched provenance identifier,claim:claim_rec_src_search_8fb76173fa13_003_cases_confirmed,claim,claim_comparison:claim_cmp_261,claim_comparison,
compared_with,matched provenance identifier,claim:claim_rec_src_search_793a8dd9911b_003_deaths,claim,claim_comparison:claim_cmp_261,claim_comparison,
compared_with,matched provenance identifier,claim:claim_rec_src_search_8fb76173fa13_003_cases_confirmed,claim,claim_comparison:claim_cmp_262,claim_comparison,
compared_with,matched provenance identifier,claim:claim_rec_src_search_f06158a1a260_001_cases_unspecified,claim,claim_comparison:claim_cmp_262,claim_comparison,
compared_with,matched provenance identifier,claim:claim_rec_src_search_8fb76173fa13_003_cases_confirmed,claim,claim_comparison:claim_cmp_263,claim_comparison,
compared_with,matched provenance identifier,claim:claim_rec_src_search_f06158a1a260_001_hospitalizations,claim,claim_comparison:claim_cmp_263,claim_comparison,
compared_with,matched provenance identifier,claim:claim_rec_src_search_8fb76173fa13_003_cases_confirmed,claim,claim_comparison:claim_cmp_264,claim_comparison,
compared_with,matched provenance identifier,claim:claim_rec_src_search_f06158a1a260_002_hospitalizations,claim,claim_comparison:claim_cmp_264,claim_comparison,
compared_with,matched provenance identifier,claim:claim_rec_src_search_8fb76173fa13_004_cases_confirmed,claim,claim_comparison:claim_cmp_265,claim_comparison,
compared_with,matched provenance identifier,claim:claim_rec_src_search_8fb76173fa13_005_cases_confirmed,claim,claim_comparison:claim_cmp_265,claim_comparison,
compared_with,matched provenance identifier,claim:claim_rec_src_search_8fb76173fa13_004_cases_confirmed,claim,claim_comparison:claim_cmp_266,claim_comparison,
compared_with,matched provenance identifier,claim:claim_rec_src_search_8fb76173fa13_006_cases_confirmed,claim,claim_comparison:claim_cmp_266,claim_comparison,
compared_with,matched provenance identifier,claim:claim_rec_src_search_8fb76173fa13_004_cases_confirmed,claim,claim_comparison:claim_cmp_267,claim_comparison,
compared_with,matched provenance identifier,claim:claim_rec_src_search_793a8dd9911b_001_cases_unspecified,claim,claim_comparison:claim_cmp_267,claim_comparison,
compared_with,matched provenance identifier,claim:claim_rec_src_search_8fb76173fa13_004_cases_confirmed,claim,claim_comparison:claim_cmp_268,claim_comparison,
compared_with,matched provenance identifier,claim:claim_rec_src_search_793a8dd9911b_002_hospitalizations,claim,claim_comparison:claim_cmp_268,claim_comparison,
compared_with,matched provenance identifier,claim:claim_rec_src_search_8fb76173fa13_004_cases_confirmed,claim,claim_comparison:claim_cmp_269,claim_comparison,
compared_with,matched provenance identifier,claim:claim_rec_src_search_793a8dd9911b_003_deaths,claim,claim_comparison:claim_cmp_269,claim_comparison,
compared_with,matched provenance identifier,claim:claim_rec_src_search_8fb76173fa13_004_cases_confirmed,claim,claim_comparison:claim_cmp_270,claim_comparison,
compared_with,matched provenance identifier,claim:claim_rec_src_search_f06158a1a260_001_cases_unspecified,claim,claim_comparison:claim_cmp_270,claim_comparison,
compared_with,matched provenance identifier,claim:claim_rec_src_search_8fb76173fa13_004_cases_confirmed,claim,claim_comparison:claim_cmp_271,claim_comparison,
compared_with,matched provenance identifier,claim:claim_rec_src_search_f06158a1a260_001_hospitalizations,claim,claim_comparison:claim_cmp_271,claim_comparison,
compared_with,matched provenance identifier,claim:claim_rec_src_search_8fb76173fa13_004_cases_confirmed,claim,claim_comparison:claim_cmp_272,claim_comparison,
compared_with,matched provenance identifier,claim:claim_rec_src_search_f06158a1a260_002_hospitalizations,claim,claim_comparison:claim_cmp_272,claim_comparison,
compared_with,matched provenance identifier,claim:claim_rec_src_search_8fb76173fa13_005_cases_confirmed,claim,claim_comparison:claim_cmp_273,claim_comparison,
compared_with,matched provenance identifier,claim:claim_rec_src_search_8fb76173fa13_006_cases_confirmed,claim,claim_comparison:claim_cmp_273,claim_comparison,
compared_with,matched provenance identifier,claim:claim_rec_src_search_8fb76173fa13_005_cases_confirmed,claim,claim_comparison:claim_cmp_274,claim_comparison,
compared_with,matched provenance identifier,claim:claim_rec_src_search_793a8dd9911b_001_cases_unspecified,claim,claim_comparison:claim_cmp_274,claim_comparison,
compared_with,matched provenance identifier,claim:claim_rec_src_search_8fb76173fa13_005_cases_confirmed,claim,claim_comparison:claim_cmp_275,claim_comparison,
compared_with,matched provenance identifier,claim:claim_rec_src_search_793a8dd9911b_002_hospitalizations,claim,claim_comparison:claim_cmp_275,claim_comparison,
compared_with,matched provenance identifier,claim:claim_rec_src_search_8fb76173fa13_005_cases_confirmed,claim,claim_comparison:claim_cmp_276,claim_comparison,
compared_with,matched provenance identifier,claim:claim_rec_src_search_793a8dd9911b_003_deaths,claim,claim_comparison:claim_cmp_276,claim_comparison,
compared_with,matched provenance identifier,claim:claim_rec_src_search_8fb76173fa13_005_cases_confirmed,claim,claim_comparison:claim_cmp_277,claim_comparison,
compared_with,matched provenance identifier,claim:claim_rec_src_search_f06158a1a260_001_cases_unspecified,claim,claim_comparison:claim_cmp_277,claim_comparison,
compared_with,matched provenance identifier,claim:claim_rec_src_search_8fb76173fa13_005_cases_confirmed,claim,claim_comparison:claim_cmp_278,claim_comparison,
compared_with,matched provenance identifier,claim:claim_rec_src_search_f06158a1a260_001_hospitalizations,claim,claim_comparison:claim_cmp_278,claim_comparison,
compared_with,matched provenance identifier,claim:claim_rec_src_search_8fb76173fa13_005_cases_confirmed,claim,claim_comparison:claim_cmp_279,claim_comparison,
compared_with,matched provenance identifier,claim:claim_rec_src_search_f06158a1a260_002_hospitalizations,claim,claim_comparison:claim_cmp_279,claim_comparison,
compared_with,matched provenance identifier,claim:claim_rec_src_search_8fb76173fa13_006_cases_confirmed,claim,claim_comparison:claim_cmp_280,claim_comparison,
compared_with,matched provenance identifier,claim:claim_rec_src_search_793a8dd9911b_001_cases_unspecified,claim,claim_comparison:claim_cmp_280,claim_comparison,
compared_with,matched provenance identifier,claim:claim_rec_src_search_8fb76173fa13_006_cases_confirmed,claim,claim_comparison:claim_cmp_281,claim_comparison,
compared_with,matched provenance identifier,claim:claim_rec_src_search_793a8dd9911b_002_hospitalizations,claim,claim_comparison:claim_cmp_281,claim_comparison,
compared_with,matched provenance identifier,claim:claim_rec_src_search_8fb76173fa13_006_cases_confirmed,claim,claim_comparison:claim_cmp_282,claim_comparison,
compared_with,matched provenance identifier,claim:claim_rec_src_search_793a8dd9911b_003_deaths,claim,claim_comparison:claim_cmp_282,claim_comparison,
compared_with,matched provenance identifier,claim:claim_rec_src_search_8fb76173fa13_006_cases_confirmed,claim,claim_comparison:claim_cmp_283,claim_comparison,
compared_with,matched provenance identifier,claim:claim_rec_src_search_f06158a1a260_001_cases_unspecified,claim,claim_comparison:claim_cmp_283,claim_comparison,
compared_with,matched provenance identifier,claim:claim_rec_src_search_8fb76173fa13_006_cases_confirmed,claim,claim_comparison:claim_cmp_284,claim_comparison,
compared_with,matched provenance identifier,claim:claim_rec_src_search_f06158a1a260_001_hospitalizations,claim,claim_comparison:claim_cmp_284,claim_comparison,
compared_with,matched provenance identifier,claim:claim_rec_src_search_8fb76173fa13_006_cases_confirmed,claim,claim_comparison:claim_cmp_285,claim_comparison,
compared_with,matched provenance identifier,claim:claim_rec_src_search_f06158a1a260_002_hospitalizations,claim,claim_comparison:claim_cmp_285,claim_comparison,
compared_with,matched provenance identifier,claim:claim_rec_src_search_793a8dd9911b_001_cases_unspecified,claim,claim_comparison:claim_cmp_286,claim_comparison,
compared_with,matched provenance identifier,claim:claim_rec_src_search_793a8dd9911b_002_hospitalizations,claim,claim_comparison:claim_cmp_286,claim_comparison,
compared_with,matched provenance identifier,claim:claim_rec_src_search_793a8dd9911b_001_cases_unspecified,claim,claim_comparison:claim_cmp_287,claim_comparison,
compared_with,matched provenance identifier,claim:claim_rec_src_search_793a8dd9911b_003_deaths,claim,claim_comparison:claim_cmp_287,claim_comparison,
compared_with,matched provenance identifier,claim:claim_rec_src_search_793a8dd9911b_001_cases_unspecified,claim,claim_comparison:claim_cmp_288,claim_comparison,
compared_with,matched provenance identifier,claim:claim_rec_src_search_f06158a1a260_001_cases_unspecified,claim,claim_comparison:claim_cmp_288,claim_comparison,
compared_with,matched provenance identifier,claim:claim_rec_src_search_793a8dd9911b_001_cases_unspecified,claim,claim_comparison:claim_cmp_289,claim_comparison,
compared_with,matched provenance identifier,claim:claim_rec_src_search_f06158a1a260_001_hospitalizations,claim,claim_comparison:claim_cmp_289,claim_comparison,
compared_with,matched provenance identifier,claim:claim_rec_src_search_793a8dd9911b_001_cases_unspecified,claim,claim_comparison:claim_cmp_290,claim_comparison,
compared_with,matched provenance identifier,claim:claim_rec_src_search_f06158a1a260_002_hospitalizations,claim,claim_comparison:claim_cmp_290,claim_comparison,
compared_with,matched provenance identifier,claim:claim_rec_src_search_793a8dd9911b_002_hospitalizations,claim,claim_comparison:claim_cmp_291,claim_comparison,
compared_with,matched provenance identifier,claim:claim_rec_src_search_793a8dd9911b_003_deaths,claim,claim_comparison:claim_cmp_291,claim_comparison,
compared_with,matched provenance identifier,claim:claim_rec_src_search_793a8dd9911b_002_hospitalizations,claim,claim_comparison:claim_cmp_292,claim_comparison,
compared_with,matched provenance identifier,claim:claim_rec_src_search_f06158a1a260_001_cases_unspecified,claim,claim_comparison:claim_cmp_292,claim_comparison,
compared_with,matched provenance identifier,claim:claim_rec_src_search_793a8dd9911b_002_hospitalizations,claim,claim_comparison:claim_cmp_293,claim_comparison,
compared_with,matched provenance identifier,claim:claim_rec_src_search_f06158a1a260_001_hospitalizations,claim,claim_comparison:claim_cmp_293,claim_comparison,
compared_with,matched provenance identifier,claim:claim_rec_src_search_793a8dd9911b_002_hospitalizations,claim,claim_comparison:claim_cmp_294,claim_comparison,
compared_with,matched provenance identifier,claim:claim_rec_src_search_f06158a1a260_002_hospitalizations,claim,claim_comparison:claim_cmp_294,claim_comparison,
compared_with,matched provenance identifier,claim:claim_rec_src_search_793a8dd9911b_003_deaths,claim,claim_comparison:claim_cmp_295,claim_comparison,
compared_with,matched provenance identifier,claim:claim_rec_src_search_f06158a1a260_001_cases_unspecified,claim,claim_comparison:claim_cmp_295,claim_comparison,
compared_with,matched provenance identifier,claim:claim_rec_src_search_793a8dd9911b_003_deaths,claim,claim_comparison:claim_cmp_296,claim_comparison,
compared_with,matched provenance identifier,claim:claim_rec_src_search_f06158a1a260_001_hospitalizations,claim,claim_comparison:claim_cmp_296,claim_comparison,
compared_with,matched provenance identifier,claim:claim_rec_src_search_793a8dd9911b_003_deaths,claim,claim_comparison:claim_cmp_297,claim_comparison,
compared_with,matched provenance identifier,claim:claim_rec_src_search_f06158a1a260_002_hospitalizations,claim,claim_comparison:claim_cmp_297,claim_comparison,
compared_with,matched provenance identifier,claim:claim_rec_src_search_f06158a1a260_001_cases_unspecified,claim,claim_comparison:claim_cmp_298,claim_comparison,
compared_with,matched provenance identifier,claim:claim_rec_src_search_f06158a1a260_001_hospitalizations,claim,claim_comparison:claim_cmp_298,claim_comparison,
compared_with,matched provenance identifier,claim:claim_rec_src_search_f06158a1a260_001_cases_unspecified,claim,claim_comparison:claim_cmp_299,claim_comparison,
compared_with,matched provenance identifier,claim:claim_rec_src_search_f06158a1a260_002_hospitalizations,claim,claim_comparison:claim_cmp_299,claim_comparison,
compared_with,matched provenance identifier,claim:claim_rec_src_search_f06158a1a260_001_hospitalizations,claim,claim_comparison:claim_cmp_300,claim_comparison,
compared_with,matched provenance identifier,claim:claim_rec_src_search_f06158a1a260_002_hospitalizations,claim,claim_comparison:claim_cmp_300,claim_comparison,
grouped_into_event,matched provenance identifier,claim:claim_rec_src_search_793a8dd9911b_003_deaths,claim,corroborated_event:event_001,corroborated_event,
grouped_into_event,matched provenance identifier,claim:claim_rec_src_search_95a418d2f831_001_cases_unspecified,claim,corroborated_event:event_001,corroborated_event,
grouped_into_event,matched provenance identifier,claim:claim_rec_src_search_95a418d2f831_001_deaths,claim,corroborated_event:event_001,corroborated_event,
grouped_into_event,matched provenance identifier,claim:claim_rec_src_search_33733b13ba13_002_hospitalizations,claim,corroborated_event:event_001,corroborated_event,
grouped_into_event,matched provenance identifier,claim:claim_rec_src_search_793a8dd9911b_002_hospitalizations,claim,corroborated_event:event_001,corroborated_event,
grouped_into_event,matched provenance identifier,claim:claim_rec_src_search_33733b13ba13_001_hospitalizations,claim,corroborated_event:event_001,corroborated_event,
grouped_into_event,matched provenance identifier,claim:claim_rec_src_search_793a8dd9911b_001_cases_unspecified,claim,corroborated_event:event_001,corroborated_event,
grouped_into_event,matched provenance identifier,claim:claim_rec_src_search_8fb76173fa13_001_cases_confirmed,claim,corroborated_event:event_001,corroborated_event,
grouped_into_event,matched provenance identifier,claim:claim_rec_src_search_33733b13ba13_001_cases_unspecified,claim,corroborated_event:event_001,corroborated_event,
grouped_into_event,matched provenance identifier,claim:claim_rec_src_search_33733b13ba13_003_deaths,claim,corroborated_event:event_001,corroborated_event,
grouped_into_event,matched provenance identifier,claim:claim_rec_src_search_8207a084046e_001_hospitalizations,claim,corroborated_event:event_001,corroborated_event,
grouped_into_event,matched provenance identifier,claim:claim_rec_src_search_33733b13ba13_001_deaths,claim,corroborated_event:event_001,corroborated_event,
grouped_into_event,matched provenance identifier,claim:claim_rec_src_search_6ec6e3fd8adc_001_cases_unspecified,claim,corroborated_event:event_001,corroborated_event,
grouped_into_event,matched provenance identifier,claim:claim_rec_src_search_fe091021a27e_001_cases_unspecified,claim,corroborated_event:event_002,corroborated_event,
grouped_into_event,matched provenance identifier,claim:claim_rec_src_search_fe091021a27e_002_cases_unspecified,claim,corroborated_event:event_002,corroborated_event,
grouped_into_event,matched provenance identifier,claim:claim_rec_src_search_fe091021a27e_002_deaths,claim,corroborated_event:event_002,corroborated_event,
grouped_into_event,matched provenance identifier,claim:claim_rec_src_search_fe091021a27e_002_hospitalizations,claim,corroborated_event:event_002,corroborated_event,
grouped_into_event,matched provenance identifier,claim:claim_rec_src_search_8fb76173fa13_002_cases_confirmed,claim,corroborated_event:event_003,corroborated_event,
grouped_into_event,matched provenance identifier,claim:claim_rec_src_search_8fb76173fa13_003_cases_confirmed,claim,corroborated_event:event_004,corroborated_event,
grouped_into_event,matched provenance identifier,claim:claim_rec_src_search_8fb76173fa13_004_cases_confirmed,claim,corroborated_event:event_005,corroborated_event,
grouped_into_event,matched provenance identifier,claim:claim_rec_src_search_8fb76173fa13_005_cases_confirmed,claim,corroborated_event:event_006,corroborated_event,
grouped_into_event,matched provenance identifier,claim:claim_rec_src_search_8fb76173fa13_006_cases_confirmed,claim,corroborated_event:event_007,corroborated_event,
grouped_into_event,matched provenance identifier,claim:claim_rec_src_search_f06158a1a260_001_hospitalizations,claim,corroborated_event:event_008,corroborated_event,
grouped_into_event,matched provenance identifier,claim:claim_rec_src_search_f06158a1a260_002_hospitalizations,claim,corroborated_event:event_008,corroborated_event,
grouped_into_event,matched provenance identifier,claim:claim_rec_src_search_f06158a1a260_001_cases_unspecified,claim,corroborated_event:event_008,corroborated_event,
included_in_dataset_view,record appears in final_case_dataset,normalized_record:rec_src_search_33733b13ba13_001,normalized_record,dataset_view:final_case_dataset,dataset_view,
included_in_dataset_view,record appears in final_case_dataset,normalized_record:rec_src_search_33733b13ba13_002,normalized_record,dataset_view:final_case_dataset,dataset_view,
included_in_dataset_view,record appears in final_case_dataset,normalized_record:rec_src_search_6ec6e3fd8adc_001,normalized_record,dataset_view:final_case_dataset,dataset_view,
included_in_dataset_view,record appears in final_dataset,normalized_record:rec_src_search_6ec6e3fd8adc_001,normalized_record,dataset_view:final_dataset,dataset_view,
included_in_dataset_view,record appears in final_dataset,normalized_record:rec_src_search_33733b13ba13_001,normalized_record,dataset_view:final_dataset,dataset_view,
included_in_dataset_view,record appears in final_dataset,normalized_record:rec_src_search_33733b13ba13_002,normalized_record,dataset_view:final_dataset,dataset_view,
included_in_dataset_view,record appears in final_dataset,normalized_record:rec_src_search_33733b13ba13_003,normalized_record,dataset_view:final_dataset,dataset_view,
included_in_dataset_view,record appears in final_dataset,normalized_record:rec_src_search_793a8dd9911b_003,normalized_record,dataset_view:final_dataset,dataset_view,
included_in_dataset_view,record appears in final_dataset_pre_quality_gate,normalized_record:rec_src_search_6ec6e3fd8adc_001,normalized_record,dataset_view:final_dataset_pre_quality_gate,dataset_view,
included_in_dataset_view,record appears in final_dataset_pre_quality_gate,normalized_record:rec_src_search_fe091021a27e_001,normalized_record,dataset_view:final_dataset_pre_quality_gate,dataset_view,
included_in_dataset_view,record appears in final_dataset_pre_quality_gate,normalized_record:rec_src_search_fe091021a27e_002,normalized_record,dataset_view:final_dataset_pre_quality_gate,dataset_view,
included_in_dataset_view,record appears in final_dataset_pre_quality_gate,normalized_record:rec_src_search_33733b13ba13_001,normalized_record,dataset_view:final_dataset_pre_quality_gate,dataset_view,
included_in_dataset_view,record appears in final_dataset_pre_quality_gate,normalized_record:rec_src_search_33733b13ba13_002,normalized_record,dataset_view:final_dataset_pre_quality_gate,dataset_view,
included_in_dataset_view,record appears in final_dataset_pre_quality_gate,normalized_record:rec_src_search_33733b13ba13_003,normalized_record,dataset_view:final_dataset_pre_quality_gate,dataset_view,
included_in_dataset_view,record appears in final_dataset_pre_quality_gate,normalized_record:rec_src_search_95a418d2f831_001,normalized_record,dataset_view:final_dataset_pre_quality_gate,dataset_view,
included_in_dataset_view,record appears in final_dataset_pre_quality_gate,normalized_record:rec_src_search_8207a084046e_001,normalized_record,dataset_view:final_dataset_pre_quality_gate,dataset_view,
included_in_dataset_view,record appears in final_dataset_pre_quality_gate,normalized_record:rec_src_search_8fb76173fa13_001,normalized_record,dataset_view:final_dataset_pre_quality_gate,dataset_view,
included_in_dataset_view,record appears in final_dataset_pre_quality_gate,normalized_record:rec_src_search_8fb76173fa13_002,normalized_record,dataset_view:final_dataset_pre_quality_gate,dataset_view,
included_in_dataset_view,record appears in final_dataset_pre_quality_gate,normalized_record:rec_src_search_8fb76173fa13_003,normalized_record,dataset_view:final_dataset_pre_quality_gate,dataset_view,
included_in_dataset_view,record appears in final_dataset_pre_quality_gate,normalized_record:rec_src_search_8fb76173fa13_004,normalized_record,dataset_view:final_dataset_pre_quality_gate,dataset_view,
included_in_dataset_view,record appears in final_dataset_pre_quality_gate,normalized_record:rec_src_search_8fb76173fa13_005,normalized_record,dataset_view:final_dataset_pre_quality_gate,dataset_view,
included_in_dataset_view,record appears in final_dataset_pre_quality_gate,normalized_record:rec_src_search_8fb76173fa13_006,normalized_record,dataset_view:final_dataset_pre_quality_gate,dataset_view,
included_in_dataset_view,record appears in final_dataset_pre_quality_gate,normalized_record:rec_src_search_793a8dd9911b_001,normalized_record,dataset_view:final_dataset_pre_quality_gate,dataset_view,
included_in_dataset_view,record appears in final_dataset_pre_quality_gate,normalized_record:rec_src_search_793a8dd9911b_002,normalized_record,dataset_view:final_dataset_pre_quality_gate,dataset_view,
included_in_dataset_view,record appears in final_dataset_pre_quality_gate,normalized_record:rec_src_search_793a8dd9911b_003,normalized_record,dataset_view:final_dataset_pre_quality_gate,dataset_view,
included_in_dataset_view,record appears in final_dataset_pre_quality_gate,normalized_record:rec_src_search_f06158a1a260_001,normalized_record,dataset_view:final_dataset_pre_quality_gate,dataset_view,
included_in_dataset_view,record appears in final_dataset_pre_quality_gate,normalized_record:rec_src_search_f06158a1a260_002,normalized_record,dataset_view:final_dataset_pre_quality_gate,dataset_view,
included_in_dataset_view,record appears in final_dataset_post_review,normalized_record:rec_src_search_6ec6e3fd8adc_001,normalized_record,dataset_view:final_dataset_post_review,dataset_view,
included_in_dataset_view,record appears in final_dataset_post_review,normalized_record:rec_src_search_33733b13ba13_001,normalized_record,dataset_view:final_dataset_post_review,dataset_view,
included_in_dataset_view,record appears in final_dataset_post_review,normalized_record:rec_src_search_33733b13ba13_002,normalized_record,dataset_view:final_dataset_post_review,dataset_view,
included_in_dataset_view,record appears in final_dataset_post_review,normalized_record:rec_src_search_33733b13ba13_003,normalized_record,dataset_view:final_dataset_post_review,dataset_view,
included_in_dataset_view,record appears in final_dataset_post_review,normalized_record:rec_src_search_793a8dd9911b_003,normalized_record,dataset_view:final_dataset_post_review,dataset_view,
context_for,record appears in context_records,normalized_record:rec_src_search_f06158a1a260_002,normalized_record,dataset_view:context_records,dataset_view,
quarantined_as,record appears in quarantined_records,normalized_record:rec_src_search_fe091021a27e_001,normalized_record,dataset_view:quarantined_records,dataset_view,
quarantined_as,record appears in quarantined_records,normalized_record:rec_src_search_fe091021a27e_002,normalized_record,dataset_view:quarantined_records,dataset_view,
quarantined_as,record appears in quarantined_records,normalized_record:rec_src_search_793a8dd9911b_001,normalized_record,dataset_view:quarantined_records,dataset_view,
quarantined_as,record appears in quarantined_records,normalized_record:rec_src_search_793a8dd9911b_002,normalized_record,dataset_view:quarantined_records,dataset_view,
pending_review_as,record appears in pending_review_records,normalized_record:rec_src_search_95a418d2f831_001,normalized_record,dataset_view:pending_review_records,dataset_view,
pending_review_as,record appears in pending_review_records,normalized_record:rec_src_search_8207a084046e_001,normalized_record,dataset_view:pending_review_records,dataset_view,
pending_review_as,record appears in pending_review_records,normalized_record:rec_src_search_8fb76173fa13_001,normalized_record,dataset_view:pending_review_records,dataset_view,
pending_review_as,record appears in pending_review_records,normalized_record:rec_src_search_8fb76173fa13_002,normalized_record,dataset_view:pending_review_records,dataset_view,
pending_review_as,record appears in pending_review_records,normalized_record:rec_src_search_8fb76173fa13_003,normalized_record,dataset_view:pending_review_records,dataset_view,
pending_review_as,record appears in pending_review_records,normalized_record:rec_src_search_8fb76173fa13_004,normalized_record,dataset_view:pending_review_records,dataset_view,
pending_review_as,record appears in pending_review_records,normalized_record:rec_src_search_8fb76173fa13_005,normalized_record,dataset_view:pending_review_records,dataset_view,
pending_review_as,record appears in pending_review_records,normalized_record:rec_src_search_8fb76173fa13_006,normalized_record,dataset_view:pending_review_records,dataset_view,
pending_review_as,record appears in pending_review_records,normalized_record:rec_src_search_f06158a1a260_001,normalized_record,dataset_view:pending_review_records,dataset_view,
pending_review_as,record appears in pending_review_records,normalized_record:rec_src_search_f06158a1a260_002,normalized_record,dataset_view:pending_review_records,dataset_view,
requires_review,matched provenance identifier,claim:claim_rec_src_search_95a418d2f831_001_deaths,claim,human_review_item:review_claim_corroboration_conflict_corr_event_001,human_review_item,
requires_review,matched provenance identifier,claim:claim_rec_src_search_33733b13ba13_002_hospitalizations,claim,human_review_item:review_claim_corroboration_conflict_corr_event_001,human_review_item,
requires_review,matched provenance identifier,source:src_search_33733b13ba13,source,human_review_item:review_claim_corroboration_conflict_corr_event_001,human_review_item,
requires_review,matched provenance identifier,claim:claim_rec_src_search_793a8dd9911b_003_deaths,claim,human_review_item:review_claim_corroboration_conflict_corr_event_001,human_review_item,
requires_review,matched provenance identifier,claim:claim_rec_src_search_793a8dd9911b_001_cases_unspecified,claim,human_review_item:review_claim_corroboration_conflict_corr_event_001,human_review_item,
requires_review,matched provenance identifier,claim:claim_rec_src_search_8207a084046e_001_hospitalizations,claim,human_review_item:review_claim_corroboration_conflict_corr_event_001,human_review_item,
requires_review,matched provenance identifier,source:src_search_95a418d2f831,source,human_review_item:review_claim_corroboration_conflict_corr_event_001,human_review_item,
requires_review,matched provenance identifier,claim:claim_rec_src_search_95a418d2f831_001_cases_unspecified,claim,human_review_item:review_claim_corroboration_conflict_corr_event_001,human_review_item,
requires_review,matched provenance identifier,claim:claim_rec_src_search_793a8dd9911b_002_hospitalizations,claim,human_review_item:review_claim_corroboration_conflict_corr_event_001,human_review_item,
requires_review,matched provenance identifier,source:src_search_8207a084046e,source,human_review_item:review_claim_corroboration_conflict_corr_event_001,human_review_item,
requires_review,matched provenance identifier,claim:claim_rec_src_search_33733b13ba13_001_hospitalizations,claim,human_review_item:review_claim_corroboration_conflict_corr_event_001,human_review_item,
requires_review,matched provenance identifier,claim:claim_rec_src_search_33733b13ba13_001_cases_unspecified,claim,human_review_item:review_claim_corroboration_conflict_corr_event_001,human_review_item,
requires_review,matched provenance identifier,claim:claim_rec_src_search_33733b13ba13_001_deaths,claim,human_review_item:review_claim_corroboration_conflict_corr_event_001,human_review_item,
requires_review,matched provenance identifier,claim:claim_rec_src_search_6ec6e3fd8adc_001_cases_unspecified,claim,human_review_item:review_claim_corroboration_conflict_corr_event_001,human_review_item,
requires_review,matched provenance identifier,source:src_search_793a8dd9911b,source,human_review_item:review_claim_corroboration_conflict_corr_event_001,human_review_item,
requires_review,matched provenance identifier,source:src_search_8fb76173fa13,source,human_review_item:review_claim_corroboration_conflict_corr_event_001,human_review_item,
requires_review,matched provenance identifier,source:src_search_6ec6e3fd8adc,source,human_review_item:review_claim_corroboration_conflict_corr_event_001,human_review_item,
requires_review,matched provenance identifier,claim:claim_rec_src_search_8fb76173fa13_001_cases_confirmed,claim,human_review_item:review_claim_corroboration_conflict_corr_event_001,human_review_item,
requires_review,matched provenance identifier,claim:claim_rec_src_search_33733b13ba13_003_deaths,claim,human_review_item:review_claim_corroboration_conflict_corr_event_001,human_review_item,
requires_review,matched provenance identifier,source:src_search_793a8dd9911b,source,human_review_item:review_anomaly_anom_005,human_review_item,
requires_review,matched provenance identifier,corroborated_event:event_004,corroborated_event,human_review_item:review_anomaly_anom_005,human_review_item,
requires_review,matched provenance identifier,source:src_search_793a8dd9911b,source,human_review_item:review_anomaly_anom_003,human_review_item,
requires_review,matched provenance identifier,corroborated_event:event_004,corroborated_event,human_review_item:review_anomaly_anom_003,human_review_item,
requires_review,matched provenance identifier,source:src_search_793a8dd9911b,source,human_review_item:review_anomaly_anom_004,human_review_item,
requires_review,matched provenance identifier,corroborated_event:event_004,corroborated_event,human_review_item:review_anomaly_anom_004,human_review_item,
requires_review,matched provenance identifier,normalized_record:rec_src_search_f06158a1a260_001,normalized_record,human_review_item:review_duplicate_event_001,human_review_item,
requires_review,matched provenance identifier,normalized_record:rec_src_search_f06158a1a260_002,normalized_record,human_review_item:review_duplicate_event_001,human_review_item,
requires_review,matched provenance identifier,corroborated_event:event_001,corroborated_event,human_review_item:review_duplicate_event_001,human_review_item,
requires_review,matched provenance identifier,claim:claim_rec_src_search_fe091021a27e_002_hospitalizations,claim,human_review_item:review_claim_corroboration_review_corr_event_002,human_review_item,
requires_review,matched provenance identifier,claim:claim_rec_src_search_fe091021a27e_002_deaths,claim,human_review_item:review_claim_corroboration_review_corr_event_002,human_review_item,
requires_review,matched provenance identifier,claim:claim_rec_src_search_fe091021a27e_002_cases_unspecified,claim,human_review_item:review_claim_corroboration_review_corr_event_002,human_review_item,
requires_review,matched provenance identifier,claim:claim_rec_src_search_fe091021a27e_001_cases_unspecified,claim,human_review_item:review_claim_corroboration_review_corr_event_002,human_review_item,
requires_review,matched provenance identifier,source:src_search_fe091021a27e,source,human_review_item:review_claim_corroboration_review_corr_event_002,human_review_item,
requires_review,matched provenance identifier,claim:claim_rec_src_search_8fb76173fa13_002_cases_confirmed,claim,human_review_item:review_claim_corroboration_review_corr_event_003,human_review_item,
requires_review,matched provenance identifier,source:src_search_8fb76173fa13,source,human_review_item:review_claim_corroboration_review_corr_event_003,human_review_item,
requires_review,matched provenance identifier,source:src_search_8fb76173fa13,source,human_review_item:review_claim_corroboration_review_corr_event_004,human_review_item,
requires_review,matched provenance identifier,claim:claim_rec_src_search_8fb76173fa13_003_cases_confirmed,claim,human_review_item:review_claim_corroboration_review_corr_event_004,human_review_item,
requires_review,matched provenance identifier,claim:claim_rec_src_search_8fb76173fa13_004_cases_confirmed,claim,human_review_item:review_claim_corroboration_review_corr_event_005,human_review_item,
requires_review,matched provenance identifier,source:src_search_8fb76173fa13,source,human_review_item:review_claim_corroboration_review_corr_event_005,human_review_item,
requires_review,matched provenance identifier,source:src_search_8fb76173fa13,source,human_review_item:review_claim_corroboration_review_corr_event_006,human_review_item,
requires_review,matched provenance identifier,claim:claim_rec_src_search_8fb76173fa13_005_cases_confirmed,claim,human_review_item:review_claim_corroboration_review_corr_event_006,human_review_item,
requires_review,matched provenance identifier,claim:claim_rec_src_search_8fb76173fa13_006_cases_confirmed,claim,human_review_item:review_claim_corroboration_review_corr_event_007,human_review_item,
requires_review,matched provenance identifier,source:src_search_8fb76173fa13,source,human_review_item:review_claim_corroboration_review_corr_event_007,human_review_item,
requires_review,matched provenance identifier,source:src_search_f06158a1a260,source,human_review_item:review_claim_corroboration_review_corr_event_008,human_review_item,
requires_review,matched provenance identifier,claim:claim_rec_src_search_f06158a1a260_001_hospitalizations,claim,human_review_item:review_claim_corroboration_review_corr_event_008,human_review_item,
requires_review,matched provenance identifier,claim:claim_rec_src_search_f06158a1a260_002_hospitalizations,claim,human_review_item:review_claim_corroboration_review_corr_event_008,human_review_item,
requires_review,matched provenance identifier,claim:claim_rec_src_search_f06158a1a260_001_cases_unspecified,claim,human_review_item:review_claim_corroboration_review_corr_event_008,human_review_item,
requires_review,matched provenance identifier,source:src_search_15fc5f8d47e2,source,human_review_item:review_source_credibility_src_search_15fc5f8d47e2,human_review_item,
requires_review,matched provenance identifier,source:src_search_397f647da895,source,human_review_item:review_source_credibility_src_search_397f647da895,human_review_item,
requires_review,matched provenance identifier,corroborated_event:event_001,corroborated_event,human_review_item:review_anomaly_anom_006,human_review_item,
requires_review,matched provenance identifier,corroborated_event:event_005,corroborated_event,human_review_item:review_anomaly_anom_007,human_review_item,
requires_review,matched provenance identifier,corroborated_event:event_002,corroborated_event,human_review_item:review_duplicate_event_002,human_review_item,
requires_review,matched provenance identifier,normalized_record:rec_src_search_8207a084046e_001,normalized_record,human_review_item:review_duplicate_event_002,human_review_item,
requires_review,matched provenance identifier,normalized_record:rec_src_search_95a418d2f831_001,normalized_record,human_review_item:review_duplicate_event_003,human_review_item,
requires_review,matched provenance identifier,corroborated_event:event_003,corroborated_event,human_review_item:review_duplicate_event_003,human_review_item,
requires_review,matched provenance identifier,normalized_record:rec_src_search_793a8dd9911b_001,normalized_record,human_review_item:review_duplicate_event_004,human_review_item,
requires_review,matched provenance identifier,corroborated_event:event_004,corroborated_event,human_review_item:review_duplicate_event_004,human_review_item,
requires_review,matched provenance identifier,normalized_record:rec_src_search_793a8dd9911b_002,normalized_record,human_review_item:review_duplicate_event_004,human_review_item,
requires_review,matched provenance identifier,normalized_record:rec_src_search_33733b13ba13_003,normalized_record,human_review_item:review_duplicate_event_005,human_review_item,
requires_review,matched provenance identifier,normalized_record:rec_src_search_33733b13ba13_002,normalized_record,human_review_item:review_duplicate_event_005,human_review_item,
requires_review,matched provenance identifier,corroborated_event:event_005,corroborated_event,human_review_item:review_duplicate_event_005,human_review_item,
requires_review,matched provenance identifier,normalized_record:rec_src_search_33733b13ba13_001,normalized_record,human_review_item:review_duplicate_event_005,human_review_item,
requires_review,matched provenance identifier,normalized_record:rec_src_search_6ec6e3fd8adc_001,normalized_record,human_review_item:review_duplicate_event_006,human_review_item,
requires_review,matched provenance identifier,corroborated_event:event_006,corroborated_event,human_review_item:review_duplicate_event_006,human_review_item,
requires_review,matched provenance identifier,normalized_record:rec_src_search_8fb76173fa13_001,normalized_record,human_review_item:review_duplicate_event_010,human_review_item,
requires_review,matched provenance identifier,source:src_search_01e4ab75e33f,source,human_review_item:review_source_credibility_src_search_01e4ab75e33f,human_review_item,
requires_review,matched provenance identifier,source:src_search_25738f18fb27,source,human_review_item:review_source_credibility_src_search_25738f18fb27,human_review_item,
requires_review,matched provenance identifier,source:src_search_33733b13ba13,source,human_review_item:review_source_credibility_src_search_33733b13ba13,human_review_item,
requires_review,matched provenance identifier,source:src_search_3c32f8c03a31,source,human_review_item:review_source_credibility_src_search_3c32f8c03a31,human_review_item,
requires_review,matched provenance identifier,source:src_search_48540a4df4f2,source,human_review_item:review_source_credibility_src_search_48540a4df4f2,human_review_item,
requires_review,matched provenance identifier,source:src_search_793a8dd9911b,source,human_review_item:review_source_credibility_src_search_793a8dd9911b,human_review_item,
requires_review,matched provenance identifier,source:src_search_814630932f43,source,human_review_item:review_source_credibility_src_search_814630932f43,human_review_item,
requires_review,matched provenance identifier,source:src_search_843a36718811,source,human_review_item:review_source_credibility_src_search_843a36718811,human_review_item,
requires_review,matched provenance identifier,source:src_search_8d0aef1a7c3b,source,human_review_item:review_source_credibility_src_search_8d0aef1a7c3b,human_review_item,
requires_review,matched provenance identifier,source:src_search_b3970fa613bc,source,human_review_item:review_source_credibility_src_search_b3970fa613bc,human_review_item,
requires_review,matched provenance identifier,source:src_search_c6847df134ad,source,human_review_item:review_source_credibility_src_search_c6847df134ad,human_review_item,
requires_review,matched provenance identifier,source:src_search_d95e02cc3006,source,human_review_item:review_source_credibility_src_search_d95e02cc3006,human_review_item,
requires_review,matched provenance identifier,source:src_search_e7a1cca073de,source,human_review_item:review_source_credibility_src_search_e7a1cca073de,human_review_item,
requires_review,matched provenance identifier,source:src_search_f06158a1a260,source,human_review_item:review_source_credibility_src_search_f06158a1a260,human_review_item,
requires_review,matched provenance identifier,source:src_search_76394e8294e0,source,human_review_item:review_source_credibility_src_search_76394e8294e0,human_review_item,
requires_review,matched provenance identifier,source:src_search_db7489def0f9,source,human_review_item:review_source_credibility_src_search_db7489def0f9,human_review_item,
requires_review,matched provenance identifier,normalized_record:rec_src_search_793a8dd9911b_001,normalized_record,human_review_item:review_validation_val_result_015,human_review_item,
requires_review,matched provenance identifier,normalized_record:rec_src_search_793a8dd9911b_002,normalized_record,human_review_item:review_validation_val_result_016,human_review_item,
requires_review,matched provenance identifier,source:src_search_057e55c5d693,source,human_review_item:review_core_metric_gap_src_search_057e55c5d693,human_review_item,
requires_review,matched provenance identifier,source:src_search_1f2ad0f9f937,source,human_review_item:review_core_metric_gap_src_search_1f2ad0f9f937,human_review_item,
requires_review,matched provenance identifier,source:src_search_341f243cf7df,source,human_review_item:review_core_metric_gap_src_search_341f243cf7df,human_review_item,
requires_review,matched provenance identifier,source:src_search_3c32f8c03a31,source,human_review_item:review_core_metric_gap_src_search_3c32f8c03a31,human_review_item,
requires_review,matched provenance identifier,source:src_search_69331015856f,source,human_review_item:review_core_metric_gap_src_search_69331015856f,human_review_item,
requires_review,matched provenance identifier,source:src_search_814630932f43,source,human_review_item:review_core_metric_gap_src_search_814630932f43,human_review_item,
requires_review,matched provenance identifier,source:src_search_8d0aef1a7c3b,source,human_review_item:review_core_metric_gap_src_search_8d0aef1a7c3b,human_review_item,
requires_review,matched provenance identifier,source:src_search_a5bc6c5400a7,source,human_review_item:review_core_metric_gap_src_search_a5bc6c5400a7,human_review_item,
requires_review,matched provenance identifier,source:src_search_b85f60e7676f,source,human_review_item:review_core_metric_gap_src_search_b85f60e7676f,human_review_item,
requires_review,matched provenance identifier,source:src_search_bbfd11297ad8,source,human_review_item:review_core_metric_gap_src_search_bbfd11297ad8,human_review_item,
requires_review,matched provenance identifier,source:src_search_bebdb72f384b,source,human_review_item:review_core_metric_gap_src_search_bebdb72f384b,human_review_item,
requires_review,matched provenance identifier,source:src_search_c6847df134ad,source,human_review_item:review_core_metric_gap_src_search_c6847df134ad,human_review_item,
requires_review,matched provenance identifier,source:src_search_d95e02cc3006,source,human_review_item:review_core_metric_gap_src_search_d95e02cc3006,human_review_item,
requires_review,matched provenance identifier,source:src_search_e0c58bcf769a,source,human_review_item:review_core_metric_gap_src_search_e0c58bcf769a,human_review_item,
requires_review,matched provenance identifier,source:src_search_01e4ab75e33f,source,human_review_item:review_source_src_search_01e4ab75e33f,human_review_item,
requires_review,matched provenance identifier,source:src_search_15fc5f8d47e2,source,human_review_item:review_source_src_search_15fc5f8d47e2,human_review_item,
requires_review,matched provenance identifier,source:src_search_1aa919b25056,source,human_review_item:review_source_src_search_1aa919b25056,human_review_item,
requires_review,matched provenance identifier,source:src_search_25738f18fb27,source,human_review_item:review_source_src_search_25738f18fb27,human_review_item,
requires_review,matched provenance identifier,source:src_search_33733b13ba13,source,human_review_item:review_source_src_search_33733b13ba13,human_review_item,
requires_review,matched provenance identifier,source:src_search_34a66c01ab1b,source,human_review_item:review_source_src_search_34a66c01ab1b,human_review_item,
requires_review,matched provenance identifier,source:src_search_397f647da895,source,human_review_item:review_source_src_search_397f647da895,human_review_item,
requires_review,matched provenance identifier,source:src_search_3c32f8c03a31,source,human_review_item:review_source_src_search_3c32f8c03a31,human_review_item,
requires_review,matched provenance identifier,source:src_search_48540a4df4f2,source,human_review_item:review_source_src_search_48540a4df4f2,human_review_item,
requires_review,matched provenance identifier,source:src_search_712e948506d7,source,human_review_item:review_source_src_search_712e948506d7,human_review_item,
requires_review,matched provenance identifier,source:src_search_76394e8294e0,source,human_review_item:review_source_src_search_76394e8294e0,human_review_item,
requires_review,matched provenance identifier,source:src_search_793a8dd9911b,source,human_review_item:review_source_src_search_793a8dd9911b,human_review_item,
requires_review,matched provenance identifier,source:src_search_814630932f43,source,human_review_item:review_source_src_search_814630932f43,human_review_item,
requires_review,matched provenance identifier,source:src_search_843a36718811,source,human_review_item:review_source_src_search_843a36718811,human_review_item,
requires_review,matched provenance identifier,source:src_search_8d0aef1a7c3b,source,human_review_item:review_source_src_search_8d0aef1a7c3b,human_review_item,
requires_review,matched provenance identifier,source:src_search_b1fd759a3dac,source,human_review_item:review_source_src_search_b1fd759a3dac,human_review_item,
requires_review,matched provenance identifier,source:src_search_b3970fa613bc,source,human_review_item:review_source_src_search_b3970fa613bc,human_review_item,
requires_review,matched provenance identifier,source:src_search_b51a5ab7bcd8,source,human_review_item:review_source_src_search_b51a5ab7bcd8,human_review_item,
requires_review,matched provenance identifier,source:src_search_c6847df134ad,source,human_review_item:review_source_src_search_c6847df134ad,human_review_item,
requires_review,matched provenance identifier,source:src_search_d75a6eda1263,source,human_review_item:review_source_src_search_d75a6eda1263,human_review_item,
requires_review,matched provenance identifier,source:src_search_d95e02cc3006,source,human_review_item:review_source_src_search_d95e02cc3006,human_review_item,
requires_review,matched provenance identifier,source:src_search_db7489def0f9,source,human_review_item:review_source_src_search_db7489def0f9,human_review_item,
requires_review,matched provenance identifier,source:src_search_e48f82c4451a,source,human_review_item:review_source_src_search_e48f82c4451a,human_review_item,
requires_review,matched provenance identifier,source:src_search_e7a1cca073de,source,human_review_item:review_source_src_search_e7a1cca073de,human_review_item,
requires_review,matched provenance identifier,source:src_search_efda92ce4d43,source,human_review_item:review_source_src_search_efda92ce4d43,human_review_item,
requires_review,matched provenance identifier,source:src_search_f06158a1a260,source,human_review_item:review_source_src_search_f06158a1a260,human_review_item,
requires_review,matched provenance identifier,source:src_search_fe233d5728e3,source,human_review_item:review_source_src_search_fe233d5728e3,human_review_item,
