actual_publisher,allowed_decision_types,date_or_period,disease,evidence_quote,issue_category,issue_type,location,priority_level,priority_rank,recommended_artifacts_to_open,short_title,source_title,source_url,suggested_action,suggested_reviewer_question,target_ids,target_type,why_it_matters
Centers for Disease Control and Prevention,accept_as_is; correct_fields; reject_record; mark_requires_review; mark_review_resolved; mark_non_countable; mark_countable; mark_duplicate; mark_not_duplicate; needs_more_evidence; defer_decision,2024-08-31,West Nile Virus Disease,California (123),primary_case_dataset_blocker,record_linking,California,P0_critical,1,human_review_items; record_inclusion_decisions; quarantined_records; context_records; final_case_dataset; claims; claim_comparisons; corroborated_events,primary case dataset blocker - review_linking_event_008 - 2024 Mosquito-Borne Disease Year In Review,2024 Mosquito-Borne Disease Year In Review,https://www.vdci.net/blog/2024-mosquito-borne-disease-year-in-review,"Inspect the record, evidence quote, source identity, and quality-gate reasons before editing a decision file.",Does this evidence support a task-compatible primary case record?,rec_src_search_99932da268a1_001,record,This item can change whether a record is eligible for the primary case dataset.
,accept_as_is; correct_fields; reject_record; mark_requires_review; mark_review_resolved; mark_non_countable; mark_countable; mark_duplicate; mark_not_duplicate; needs_more_evidence; defer_decision,2024-08-31,West Nile Virus Disease,"| **Human cases (fatal)** | 3 (0) | 791 (32) | 880 (21) | 278 (9) | 382 (22) | 446 (15) | 112 (5) | 112 (6) | 159 (9) | 480 (23) | 387 (19) | 842 (34) | 800 (55) | 461 (21) | 556 (44) | 217 (11) | 225 (6) | 214 (15) | 129 (12) | 209 (15) | 433 (20) | 132 (12) | 116 (11) | 0 (0) | 8,364 (417) |",primary_case_dataset_blocker,record_linking,California,P0_critical,2,human_review_items; record_inclusion_decisions; quarantined_records; context_records; final_case_dataset; claims; claim_comparisons; corroborated_events,primary case dataset blocker - review_linking_event_014 - Westnile.ca.gov | California West Nile Virus Website,Westnile.ca.gov | California West Nile Virus Website,https://westnile.ca.gov,"Inspect the record, evidence quote, source identity, and quality-gate reasons before editing a decision file.",Does this evidence support a task-compatible primary case record?,rec_src_search_fc3322f3069f_001,record,This item can change whether a record is eligible for the primary case dataset.
,accept_as_is; correct_fields; reject_record; mark_requires_review; mark_review_resolved; mark_non_countable; mark_countable; mark_duplicate; mark_not_duplicate; needs_more_evidence; defer_decision,2024-08-31,West Nile Virus Disease,##### Human Cases **Year-to-date:** 5 **Counties:** 3,primary_case_dataset_blocker,record_linking,California,P0_critical,3,human_review_items; record_inclusion_decisions; quarantined_records; context_records; final_case_dataset; claims; claim_comparisons; corroborated_events,primary case dataset blocker - review_linking_event_016 - Westnile.ca.gov | California West Nile Virus Website,Westnile.ca.gov | California West Nile Virus Website,https://westnile.ca.gov/resources.php,"Inspect the record, evidence quote, source identity, and quality-gate reasons before editing a decision file.",Does this evidence support a task-compatible primary case record?,rec_src_search_14d0fc5d0793_001; rec_src_search_14d0fc5d0793_002; rec_src_search_ccc444806280_002,record,This item can change whether a record is eligible for the primary case dataset.
,accept_as_is; correct_fields; reject_record; mark_requires_review; mark_review_resolved; mark_non_countable; mark_countable; mark_duplicate; mark_not_duplicate; needs_more_evidence; defer_decision,2024-08-31,West Nile Virus Disease,Human Cases Week 9 0 0,primary_case_dataset_blocker,record_linking,California,P0_critical,4,human_review_items; record_inclusion_decisions; quarantined_records; context_records; final_case_dataset; claims; claim_comparisons; corroborated_events,primary case dataset blocker - review_linking_event_019 - WEEKLY UPDATE - California West Nile Virus,WEEKLY UPDATE - California West Nile Virus,https://westnile.ca.gov/download?download_id=5061,"Inspect the record, evidence quote, source identity, and quality-gate reasons before editing a decision file.",Does this evidence support a task-compatible primary case record?,rec_src_search_a39e4fa28013_011; rec_src_search_b9348b953aaa_010,record,This item can change whether a record is eligible for the primary case dataset.
,accept_as_is; correct_fields; reject_record; mark_requires_review; mark_review_resolved; mark_non_countable; mark_countable; mark_duplicate; mark_not_duplicate; needs_more_evidence; defer_decision,2024-08-31,West Nile Virus Disease,"| **Human cases (fatal)** | 3 (0) | 791 (32) | 880 (21) | 278 (9) | 382 (22) | 446 (15) | 112 (5) | 112 (6) | 159 (9) | 480 (23) | 387 (19) | 842 (34) | 800 (55) | 461 (21) | 556 (44) | 217 (11) | 225 (6) | 214 (15) | 129 (12) | 209 (15) | 433 (20) | 132 (12) | 116 (11) | 0 (0) | 8,364 (417) |",primary_case_dataset_blocker,record_linking,California,P0_critical,5,human_review_items; record_inclusion_decisions; quarantined_records; context_records; final_case_dataset; claims; claim_comparisons; corroborated_events,primary case dataset blocker - review_linking_event_023 - Westnile.ca.gov | California West Nile Virus Website,Westnile.ca.gov | California West Nile Virus Website,https://westnile.ca.gov,"Inspect the record, evidence quote, source identity, and quality-gate reasons before editing a decision file.",Does this evidence support a task-compatible primary case record?,rec_src_search_fc3322f3069f_002,record,This item can change whether a record is eligible for the primary case dataset.
,accept_as_is; correct_fields; reject_record; mark_requires_review; mark_review_resolved; mark_non_countable; mark_countable; mark_duplicate; mark_not_duplicate; needs_more_evidence; defer_decision,2024-08-31,West Nile Virus Disease,The Fresno County Department of Public Health reported Monday the county’s first West Nile virus [human death](https://westnile.ca.gov/resources_reports?report_category_id=1) of 2025.,primary_case_dataset_blocker,record_linking,"Fresno County, California",P0_critical,6,human_review_items; record_inclusion_decisions; quarantined_records; context_records; final_case_dataset; claims; claim_comparisons; corroborated_events,"primary case dataset blocker - review_linking_event_024 - West Nile virus death confirmed in Fresno County, California","West Nile virus death confirmed in Fresno County, California",https://www.fresnobee.com/news/local/article312243829.html,"Inspect the record, evidence quote, source identity, and quality-gate reasons before editing a decision file.",Does this evidence support a task-compatible primary case record?,rec_src_search_d52309fadb48_001,record,This item can change whether a record is eligible for the primary case dataset.
,accept_as_is; correct_fields; reject_record; mark_requires_review; mark_review_resolved; mark_non_countable; mark_countable; mark_duplicate; mark_not_duplicate; needs_more_evidence; defer_decision,2024-08-31,West Nile Virus Disease,Kern County has reported 11 human cases while Tulare County has reported 13.,primary_case_dataset_blocker,record_linking,"Kern County, California",P0_critical,7,human_review_items; record_inclusion_decisions; quarantined_records; context_records; final_case_dataset; claims; claim_comparisons; corroborated_events,"primary case dataset blocker - review_linking_event_027 - West Nile virus death confirmed in Fresno County, California","West Nile virus death confirmed in Fresno County, California",https://www.fresnobee.com/news/local/article312243829.html,"Inspect the record, evidence quote, source identity, and quality-gate reasons before editing a decision file.",Does this evidence support a task-compatible primary case record?,rec_src_search_d52309fadb48_003,record,This item can change whether a record is eligible for the primary case dataset.
,accept_as_is; correct_fields; reject_record; mark_requires_review; mark_review_resolved; mark_non_countable; mark_countable; mark_duplicate; mark_not_duplicate; needs_more_evidence; defer_decision,2024-08-31,West Nile Virus Disease,Kern County has reported 11 human cases while Tulare County has reported 13.,primary_case_dataset_blocker,record_linking,"Tulare County, California",P0_critical,8,human_review_items; record_inclusion_decisions; quarantined_records; context_records; final_case_dataset; claims; claim_comparisons; corroborated_events,"primary case dataset blocker - review_linking_event_033 - West Nile virus death confirmed in Fresno County, California","West Nile virus death confirmed in Fresno County, California",https://www.fresnobee.com/news/local/article312243829.html,"Inspect the record, evidence quote, source identity, and quality-gate reasons before editing a decision file.",Does this evidence support a task-compatible primary case record?,rec_src_search_d52309fadb48_004,record,This item can change whether a record is eligible for the primary case dataset.
,accept_as_is; correct_fields; reject_record; mark_requires_review; mark_review_resolved; mark_non_countable; mark_countable; mark_duplicate; mark_not_duplicate; needs_more_evidence; defer_decision,2024-08-31,West Nile Virus Disease,"Tulare County: At least 13 human cases, including one death.",primary_case_dataset_blocker,record_linking,"Tulare County, California",P0_critical,9,human_review_items; record_inclusion_decisions; quarantined_records; context_records; final_case_dataset; claims; claim_comparisons; corroborated_events,"primary case dataset blocker - review_linking_event_036 - West Nile virus, spread by mosquitoes, claims a third life in the San ...","West Nile virus, spread by mosquitoes, claims a third life in the San ...",https://theintersectionreports.org/west-nile-virus-spread-by-mosquitoes-claims-a-third-life-in-the-san-joaquin-valley,"Inspect the record, evidence quote, source identity, and quality-gate reasons before editing a decision file.",Does this evidence support a task-compatible primary case record?,rec_src_search_c0d70a141aca_002,record,This item can change whether a record is eligible for the primary case dataset.
,accept_as_is; correct_fields; reject_record; mark_requires_review; mark_review_resolved; mark_non_countable; mark_countable; mark_duplicate; mark_not_duplicate; needs_more_evidence; defer_decision,2024-08-31,West Nile Virus Disease,##### Human Cases **Year-to-date:** 5 **Counties:** 3,primary_case_dataset_blocker,record_normalization,California,P0_critical,10,human_review_items; record_inclusion_decisions; quarantined_records; context_records; final_case_dataset; claims; claim_comparisons; corroborated_events,primary case dataset blocker - review_normalization_rec_src_search_14d0fc5d0793_001 - Westnile.ca.gov | California West Nile Virus Website,Westnile.ca.gov | California West Nile Virus Website,https://westnile.ca.gov/resources.php,"Inspect the record, evidence quote, source identity, and quality-gate reasons before editing a decision file.",Does this evidence support a task-compatible primary case record?,rec_src_search_14d0fc5d0793_001,record,This item can change whether a record is eligible for the primary case dataset.
Centers for Disease Control and Prevention,accept_as_is; correct_fields; reject_record; mark_requires_review; mark_review_resolved; mark_non_countable; mark_countable; mark_duplicate; mark_not_duplicate; needs_more_evidence; defer_decision,2024-08-31,West Nile Virus Disease,California (123),primary_case_dataset_blocker,record_normalization,California,P0_critical,11,human_review_items; record_inclusion_decisions; quarantined_records; context_records; final_case_dataset; claims; claim_comparisons; corroborated_events,primary case dataset blocker - review_normalization_rec_src_search_99932da268a1_001 - 2024 Mosquito-Borne Disease Year In Review,2024 Mosquito-Borne Disease Year In Review,https://www.vdci.net/blog/2024-mosquito-borne-disease-year-in-review,"Inspect the record, evidence quote, source identity, and quality-gate reasons before editing a decision file.",Does this evidence support a task-compatible primary case record?,rec_src_search_99932da268a1_001,record,This item can change whether a record is eligible for the primary case dataset.
,accept_as_is; correct_fields; reject_record; mark_requires_review; mark_review_resolved; mark_non_countable; mark_countable; mark_duplicate; mark_not_duplicate; needs_more_evidence; defer_decision,2024-08-31,West Nile Virus Disease,Human Cases Week 9 0 0,primary_case_dataset_blocker,record_normalization,California,P0_critical,12,human_review_items; record_inclusion_decisions; quarantined_records; context_records; final_case_dataset; claims; claim_comparisons; corroborated_events,primary case dataset blocker - review_normalization_rec_src_search_a39e4fa28013_011 - WEEKLY UPDATE - California West Nile Virus,WEEKLY UPDATE - California West Nile Virus,https://westnile.ca.gov/download?download_id=5061,"Inspect the record, evidence quote, source identity, and quality-gate reasons before editing a decision file.",Does this evidence support a task-compatible primary case record?,rec_src_search_a39e4fa28013_011,record,This item can change whether a record is eligible for the primary case dataset.
,accept_as_is; correct_fields; reject_record; mark_requires_review; mark_review_resolved; mark_non_countable; mark_countable; mark_duplicate; mark_not_duplicate; needs_more_evidence; defer_decision,2024-08-31,West Nile Virus Disease,"Tulare County: At least 13 human cases, including one death.",primary_case_dataset_blocker,record_normalization,"Tulare County, California",P0_critical,13,human_review_items; record_inclusion_decisions; quarantined_records; context_records; final_case_dataset; claims; claim_comparisons; corroborated_events,"primary case dataset blocker - review_normalization_rec_src_search_c0d70a141aca_002 - West Nile virus, spread by mosquitoes, claims a thi...","West Nile virus, spread by mosquitoes, claims a third life in the San ...",https://theintersectionreports.org/west-nile-virus-spread-by-mosquitoes-claims-a-third-life-in-the-san-joaquin-valley,"Inspect the record, evidence quote, source identity, and quality-gate reasons before editing a decision file.",Does this evidence support a task-compatible primary case record?,rec_src_search_c0d70a141aca_002,record,This item can change whether a record is eligible for the primary case dataset.
,accept_as_is; correct_fields; reject_record; mark_requires_review; mark_review_resolved; mark_non_countable; mark_countable; mark_duplicate; mark_not_duplicate; needs_more_evidence; defer_decision,2024-08-31,West Nile Virus Disease,The Fresno County Department of Public Health reported Monday the county’s first West Nile virus [human death](https://westnile.ca.gov/resources_reports?report_category_id=1) of 2025.,primary_case_dataset_blocker,record_normalization,"Fresno County, California",P0_critical,14,human_review_items; record_inclusion_decisions; quarantined_records; context_records; final_case_dataset; claims; claim_comparisons; corroborated_events,"primary case dataset blocker - review_normalization_rec_src_search_d52309fadb48_001 - West Nile virus death confirmed in Fresno County, C...","West Nile virus death confirmed in Fresno County, California",https://www.fresnobee.com/news/local/article312243829.html,"Inspect the record, evidence quote, source identity, and quality-gate reasons before editing a decision file.",Does this evidence support a task-compatible primary case record?,rec_src_search_d52309fadb48_001,record,This item can change whether a record is eligible for the primary case dataset.
,accept_as_is; correct_fields; reject_record; mark_requires_review; mark_review_resolved; mark_non_countable; mark_countable; mark_duplicate; mark_not_duplicate; needs_more_evidence; defer_decision,2024-08-31,West Nile Virus Disease,Kern County has reported 11 human cases while Tulare County has reported 13.,primary_case_dataset_blocker,record_normalization,"Kern County, California",P0_critical,15,human_review_items; record_inclusion_decisions; quarantined_records; context_records; final_case_dataset; claims; claim_comparisons; corroborated_events,"primary case dataset blocker - review_normalization_rec_src_search_d52309fadb48_003 - West Nile virus death confirmed in Fresno County, C...","West Nile virus death confirmed in Fresno County, California",https://www.fresnobee.com/news/local/article312243829.html,"Inspect the record, evidence quote, source identity, and quality-gate reasons before editing a decision file.",Does this evidence support a task-compatible primary case record?,rec_src_search_d52309fadb48_003,record,This item can change whether a record is eligible for the primary case dataset.
,accept_as_is; correct_fields; reject_record; mark_requires_review; mark_review_resolved; mark_non_countable; mark_countable; mark_duplicate; mark_not_duplicate; needs_more_evidence; defer_decision,2024-08-31,West Nile Virus Disease,Kern County has reported 11 human cases while Tulare County has reported 13.,primary_case_dataset_blocker,record_normalization,"Tulare County, California",P0_critical,16,human_review_items; record_inclusion_decisions; quarantined_records; context_records; final_case_dataset; claims; claim_comparisons; corroborated_events,"primary case dataset blocker - review_normalization_rec_src_search_d52309fadb48_004 - West Nile virus death confirmed in Fresno County, C...","West Nile virus death confirmed in Fresno County, California",https://www.fresnobee.com/news/local/article312243829.html,"Inspect the record, evidence quote, source identity, and quality-gate reasons before editing a decision file.",Does this evidence support a task-compatible primary case record?,rec_src_search_d52309fadb48_004,record,This item can change whether a record is eligible for the primary case dataset.
,accept_as_is; correct_fields; reject_record; mark_requires_review; mark_review_resolved; mark_non_countable; mark_countable; mark_duplicate; mark_not_duplicate; needs_more_evidence; defer_decision,2024-08-31,West Nile Virus Disease,"| **Human cases (fatal)** | 3 (0) | 791 (32) | 880 (21) | 278 (9) | 382 (22) | 446 (15) | 112 (5) | 112 (6) | 159 (9) | 480 (23) | 387 (19) | 842 (34) | 800 (55) | 461 (21) | 556 (44) | 217 (11) | 225 (6) | 214 (15) | 129 (12) | 209 (15) | 433 (20) | 132 (12) | 116 (11) | 0 (0) | 8,364 (417) |",primary_case_dataset_blocker,record_normalization,California,P0_critical,17,human_review_items; record_inclusion_decisions; quarantined_records; context_records; final_case_dataset; claims; claim_comparisons; corroborated_events,primary case dataset blocker - review_normalization_rec_src_search_fc3322f3069f_001 - Westnile.ca.gov | California West Nile Virus Website,Westnile.ca.gov | California West Nile Virus Website,https://westnile.ca.gov,"Inspect the record, evidence quote, source identity, and quality-gate reasons before editing a decision file.",Does this evidence support a task-compatible primary case record?,rec_src_search_fc3322f3069f_001,record,This item can change whether a record is eligible for the primary case dataset.
,accept_as_is; correct_fields; reject_record; mark_requires_review; mark_review_resolved; mark_non_countable; mark_countable; mark_duplicate; mark_not_duplicate; needs_more_evidence; defer_decision,2024-08-31,West Nile Virus Disease,"| **Human cases (fatal)** | 3 (0) | 791 (32) | 880 (21) | 278 (9) | 382 (22) | 446 (15) | 112 (5) | 112 (6) | 159 (9) | 480 (23) | 387 (19) | 842 (34) | 800 (55) | 461 (21) | 556 (44) | 217 (11) | 225 (6) | 214 (15) | 129 (12) | 209 (15) | 433 (20) | 132 (12) | 116 (11) | 0 (0) | 8,364 (417) |",primary_case_dataset_blocker,record_normalization,California,P0_critical,18,human_review_items; record_inclusion_decisions; quarantined_records; context_records; final_case_dataset; claims; claim_comparisons; corroborated_events,primary case dataset blocker - review_normalization_rec_src_search_fc3322f3069f_002 - Westnile.ca.gov | California West Nile Virus Website,Westnile.ca.gov | California West Nile Virus Website,https://westnile.ca.gov,"Inspect the record, evidence quote, source identity, and quality-gate reasons before editing a decision file.",Does this evidence support a task-compatible primary case record?,rec_src_search_fc3322f3069f_002,record,This item can change whether a record is eligible for the primary case dataset.
,needs_more_evidence; defer_decision,2024-08-01-2024-08-31,West Nile virus,Comparable public-health claims conflict and require review.,conflicting_claims_review,claim_corroboration_conflict,California,P0_critical,19,human_review_items; record_inclusion_decisions; claims; claim_comparisons; corroborated_events,conflicting claims review - review_claim_corroboration_conflict_corr_event_001 - [PDF] First Human Death Caused by West Nile Virus in Fre...,[PDF] First Human Death Caused by West Nile Virus in Fresno County,https://www.fresnocountyca.gov/files/sharedassets/county/v/1/public-health/dph-news-releases/2024/09-13-2024-news-release-first-human-death-caused-by-west-nile-virus-in-fresno-county.pdf,review_claim_corroboration,Which claim should be treated as comparable evidence after review?,claim_rec_src_search_b9348b953aaa_011_observation; claim_rec_src_search_b9348b953aaa_012_observation; claim_rec_src_search_7ae413ceb126_001_cases_unspecified; claim_rec_src_search_7ae413ceb126_002_deaths; claim_rec_src_search_7ae413ceb126_003_cases_unspecified; claim_rec_src_search_7ae413ceb126_004_deaths; claim_rec_src_search_ccc444806280_001_cases_unspecified; claim_rec_src_search_ccc444806280_002_cases_unspecified; claim_rec_src_search_b9348b953aaa_001_cases_unspecified; claim_rec_src_search_b9348b953aaa_004_cases_unspecified; claim_rec_src_search_b9348b953aaa_005_cases_unspecified; claim_rec_src_search_b9348b953aaa_006_deaths; claim_rec_src_search_b9348b953aaa_007_cases_unspecified; claim_rec_src_search_b9348b953aaa_008_cases_unspecified; claim_rec_src_search_b9348b953aaa_009_cases_unspecified; claim_rec_src_search_b9348b953aaa_010_cases_unspecified; claim_rec_src_search_d52309fadb48_002_cases_unspecified; claim_rec_src_search_d52309fadb48_002_deaths; claim_rec_src_search_d52309fadb48_005_cases_unspecified; claim_rec_src_search_d52309fadb48_005_deaths; claim_rec_src_search_87c273c59b72_002_cases_unspecified; claim_rec_src_search_87c273c59b72_002_deaths; claim_rec_src_search_87c273c59b72_003_cases_unspecified; claim_rec_src_search_87c273c59b72_003_deaths; claim_rec_src_search_a39e4fa28013_001_cases_unspecified; claim_rec_src_search_a39e4fa28013_006_cases_unspecified; claim_rec_src_search_a39e4fa28013_007_cases_unspecified; claim_rec_src_search_a39e4fa28013_009_cases_unspecified; claim_rec_src_search_a39e4fa28013_010_cases_unspecified; claim_rec_src_search_a39e4fa28013_011_cases_unspecified; claim_rec_src_search_14d0fc5d0793_001_cases_unspecified; claim_rec_src_search_14d0fc5d0793_004_cases_unspecified; claim_rec_src_search_14d0fc5d0793_005_cases_unspecified; claim_rec_src_search_fc3322f3069f_001_cases_unspecified; claim_rec_src_search_fc3322f3069f_002_cases_unspecified; claim_rec_src_search_99932da268a1_001_cases_unspecified; claim_rec_src_search_a39e4fa28013_008_deaths; claim_rec_src_search_14d0fc5d0793_002_deaths; claim_rec_src_search_14d0fc5d0793_004_deaths; claim_rec_src_search_fc3322f3069f_001_deaths; claim_rec_src_search_fc3322f3069f_002_deaths; src_search_7ae413ceb126; src_search_ccc444806280; src_search_b9348b953aaa; src_search_d52309fadb48; src_search_87c273c59b72; src_search_a39e4fa28013; src_search_14d0fc5d0793; src_search_fc3322f3069f; src_search_99932da268a1; corr_event_001,claim,"Comparable claims conflict and may affect cases, date, location, or count semantics."
,needs_more_evidence; defer_decision,2024-08-01-2024-08-31,West Nile virus,Comparable public-health claims conflict and require review.,conflicting_claims_review,claim_corroboration_conflict,California,P0_critical,20,human_review_items; record_inclusion_decisions; claims; claim_comparisons; corroborated_events,"conflicting claims review - review_claim_corroboration_conflict_corr_event_005 - West Nile virus death confirmed in Fresno County, Califo...","West Nile virus death confirmed in Fresno County, California",https://www.fresnobee.com/news/local/article312243829.html,review_claim_corroboration,Which claim should be treated as comparable evidence after review?,claim_rec_src_search_c0d70a141aca_001_deaths; claim_rec_src_search_d52309fadb48_003_cases_unspecified; claim_rec_src_search_c0d70a141aca_001_cases_unspecified; claim_rec_src_search_a39e4fa28013_002_cases_unspecified; src_search_d52309fadb48; src_search_c0d70a141aca; src_search_a39e4fa28013; corr_event_005,claim,"Comparable claims conflict and may affect cases, date, location, or count semantics."
,needs_more_evidence; defer_decision,2024-08-01-2024-08-31,West Nile virus,Comparable public-health claims conflict and require review.,conflicting_claims_review,claim_corroboration_conflict,California,P0_critical,21,human_review_items; record_inclusion_decisions; claims; claim_comparisons; corroborated_events,"conflicting claims review - review_claim_corroboration_conflict_corr_event_006 - West Nile virus death confirmed in Fresno County, Califo...","West Nile virus death confirmed in Fresno County, California",https://www.fresnobee.com/news/local/article312243829.html,review_claim_corroboration,Which claim should be treated as comparable evidence after review?,claim_rec_src_search_d52309fadb48_004_deaths; claim_rec_src_search_c0d70a141aca_002_deaths; claim_rec_src_search_14d0fc5d0793_003_deaths; claim_rec_src_search_d52309fadb48_004_cases_unspecified; claim_rec_src_search_c0d70a141aca_002_cases_unspecified; claim_rec_src_search_a39e4fa28013_005_cases_unspecified; src_search_d52309fadb48; src_search_c0d70a141aca; src_search_a39e4fa28013; src_search_14d0fc5d0793; corr_event_006,claim,"Comparable claims conflict and may affect cases, date, location, or count semantics."
,accept_as_is; correct_fields; reject_record; mark_requires_review; mark_review_resolved; mark_non_countable; mark_countable; mark_duplicate; mark_not_duplicate; needs_more_evidence; defer_decision,2024-08-31,West Nile Virus Disease,"counties. Of the 98 cases, 75 (77%) had neuroinvasive disease and 11 (11 %) were fatal. The median age",possible_primary_case_evidence,duplicate_event_clustering,California,P0_critical,22,human_review_items; record_inclusion_decisions; quarantined_records; context_records; final_case_dataset; claims; claim_comparisons; corroborated_events,possible primary case evidence - review_duplicate_event_001 - WEEKLY UPDATE - California West Nile Virus,WEEKLY UPDATE - California West Nile Virus,https://westnile.ca.gov/download?download_id=5061,Inspect corroboration and source identity before deciding whether a structured human decision is warranted.,Is this a task-compatible primary case observation or only context/secondary evidence?,rec_src_search_a39e4fa28013_007; event_001,record,"No accepted primary case dataset records exist, and this item may contain possible primary case evidence."
,accept_as_is; correct_fields; reject_record; mark_requires_review; mark_review_resolved; mark_non_countable; mark_countable; mark_duplicate; mark_not_duplicate; needs_more_evidence; defer_decision,2024-08-31,West Nile Virus Disease,"Of the 112 cases, 86 (77%) had neuroinvasive disease and 11 (10%) were fatal. The median age of the",possible_primary_case_evidence,duplicate_event_clustering,California,P0_critical,23,human_review_items; record_inclusion_decisions; quarantined_records; context_records; final_case_dataset; claims; claim_comparisons; corroborated_events,possible primary case evidence - review_duplicate_event_002 - WEEKLY UPDATE - California West Nile Virus,WEEKLY UPDATE - California West Nile Virus,https://westnile.ca.gov/download?download_id=5072,Inspect corroboration and source identity before deciding whether a structured human decision is warranted.,Is this a task-compatible primary case observation or only context/secondary evidence?,rec_src_search_b9348b953aaa_005; event_002,record,"No accepted primary case dataset records exist, and this item may contain possible primary case evidence."
,accept_as_is; correct_fields; reject_record; mark_requires_review; mark_review_resolved; mark_non_countable; mark_countable; mark_duplicate; mark_not_duplicate; needs_more_evidence; defer_decision,2024-08-31,West Nile Virus Disease,"As of 2024, the California Department of Public Health (CDPH) has repo rted 38 human cases of WNV in",possible_primary_case_evidence,duplicate_event_clustering,California,P0_critical,24,human_review_items; record_inclusion_decisions; quarantined_records; context_records; final_case_dataset; claims; claim_comparisons; corroborated_events,possible primary case evidence - review_duplicate_event_004 - [PDF] First Human Death Caused by West Nile Virus in Fresno County,[PDF] First Human Death Caused by West Nile Virus in Fresno County,https://www.fresnocountyca.gov/files/sharedassets/county/v/1/public-health/dph-news-releases/2024/09-13-2024-news-release-first-human-death-caused-by-west-nile-virus-in-fresno-county.pdf,Inspect corroboration and source identity before deciding whether a structured human decision is warranted.,Is this a task-compatible primary case observation or only context/secondary evidence?,rec_src_search_7ae413ceb126_001; rec_src_search_7ae413ceb126_002; event_004,record,"No accepted primary case dataset records exist, and this item may contain possible primary case evidence."
,accept_as_is; correct_fields; reject_record; mark_requires_review; mark_review_resolved; mark_non_countable; mark_countable; mark_duplicate; mark_not_duplicate; needs_more_evidence; defer_decision,2024-08-31,West Nile Virus Disease,"Virus (WNV) human death of 2024. With mosquito season still ongoing, the FCDPH urges residents to focus",possible_primary_case_evidence,duplicate_event_clustering,"Fresno County, California",P0_critical,25,human_review_items; record_inclusion_decisions; quarantined_records; context_records; final_case_dataset; claims; claim_comparisons; corroborated_events,possible primary case evidence - review_duplicate_event_005 - [PDF] First Human Death Caused by West Nile Virus in Fresno County,[PDF] First Human Death Caused by West Nile Virus in Fresno County,https://www.fresnocountyca.gov/files/sharedassets/county/v/1/public-health/dph-news-releases/2024/09-13-2024-news-release-first-human-death-caused-by-west-nile-virus-in-fresno-county.pdf,Inspect corroboration and source identity before deciding whether a structured human decision is warranted.,Is this a task-compatible primary case observation or only context/secondary evidence?,rec_src_search_7ae413ceb126_005; event_005,record,"No accepted primary case dataset records exist, and this item may contain possible primary case evidence."
Centers for Disease Control and Prevention,accept_as_is; correct_fields; reject_record; mark_requires_review; mark_review_resolved; mark_non_countable; mark_countable; mark_duplicate; mark_not_duplicate; needs_more_evidence; defer_decision,2024-08-31,West Nile Virus Disease,California (123),possible_primary_case_evidence,duplicate_event_clustering,California,P0_critical,26,human_review_items; record_inclusion_decisions; quarantined_records; context_records; final_case_dataset; claims; claim_comparisons; corroborated_events,possible primary case evidence - review_duplicate_event_008 - 2024 Mosquito-Borne Disease Year In Review,2024 Mosquito-Borne Disease Year In Review,https://www.vdci.net/blog/2024-mosquito-borne-disease-year-in-review,Inspect corroboration and source identity before deciding whether a structured human decision is warranted.,Is this a task-compatible primary case observation or only context/secondary evidence?,rec_src_search_99932da268a1_001; event_008,record,"No accepted primary case dataset records exist, and this item may contain possible primary case evidence."
,accept_as_is; correct_fields; reject_record; mark_requires_review; mark_review_resolved; mark_non_countable; mark_countable; mark_duplicate; mark_not_duplicate; needs_more_evidence; defer_decision,2024-08-31,West Nile Virus Disease,113** human cases from **23** counties have tested positive for WNV in 2023.,possible_primary_case_evidence,duplicate_event_clustering,California,P0_critical,27,human_review_items; record_inclusion_decisions; quarantined_records; context_records; final_case_dataset; claims; claim_comparisons; corroborated_events,possible primary case evidence - review_duplicate_event_009 - Westnile.ca.gov | California West Nile Virus Website,Westnile.ca.gov | California West Nile Virus Website,https://westnile.ca.gov/resources.php,Inspect corroboration and source identity before deciding whether a structured human decision is warranted.,Is this a task-compatible primary case observation or only context/secondary evidence?,rec_src_search_14d0fc5d0793_005; event_009,record,"No accepted primary case dataset records exist, and this item may contain possible primary case evidence."
,accept_as_is; correct_fields; reject_record; mark_requires_review; mark_review_resolved; mark_non_countable; mark_countable; mark_duplicate; mark_not_duplicate; needs_more_evidence; defer_decision,2024-08-31,West Nile Virus Disease,"counties. Of the 98 cases, 75 (77%) had neuroinvasive disease and 11 (11 %) were fatal. The median age",possible_primary_case_evidence,duplicate_event_clustering,California,P0_critical,28,human_review_items; record_inclusion_decisions; quarantined_records; context_records; final_case_dataset; claims; claim_comparisons; corroborated_events,possible primary case evidence - review_duplicate_event_010 - WEEKLY UPDATE - California West Nile Virus,WEEKLY UPDATE - California West Nile Virus,https://westnile.ca.gov/download?download_id=5061,Inspect corroboration and source identity before deciding whether a structured human decision is warranted.,Is this a task-compatible primary case observation or only context/secondary evidence?,rec_src_search_a39e4fa28013_008; event_010,record,"No accepted primary case dataset records exist, and this item may contain possible primary case evidence."
,accept_as_is; correct_fields; reject_record; mark_requires_review; mark_review_resolved; mark_non_countable; mark_countable; mark_duplicate; mark_not_duplicate; needs_more_evidence; defer_decision,2024-08-31,West Nile Virus Disease,"from Tulare County this year. In 2024, 98 human cases of WNV disease were reported from 23",possible_primary_case_evidence,duplicate_event_clustering,California,P0_critical,29,human_review_items; record_inclusion_decisions; quarantined_records; context_records; final_case_dataset; claims; claim_comparisons; corroborated_events,possible primary case evidence - review_duplicate_event_011 - WEEKLY UPDATE - California West Nile Virus,WEEKLY UPDATE - California West Nile Virus,https://westnile.ca.gov/download?download_id=5061,Inspect corroboration and source identity before deciding whether a structured human decision is warranted.,Is this a task-compatible primary case observation or only context/secondary evidence?,rec_src_search_a39e4fa28013_006; event_011,record,"No accepted primary case dataset records exist, and this item may contain possible primary case evidence."
,accept_as_is; correct_fields; reject_record; mark_requires_review; mark_review_resolved; mark_non_countable; mark_countable; mark_duplicate; mark_not_duplicate; needs_more_evidence; defer_decision,2024-08-31,West Nile Virus Disease,"According to the California Department of Public Health (CDPH) in 2024 so far, there have been 38 reported human West Nile cases in California, including four deaths.",possible_primary_case_evidence,duplicate_event_clustering,California,P0_critical,30,human_review_items; record_inclusion_decisions; quarantined_records; context_records; final_case_dataset; claims; claim_comparisons; corroborated_events,possible primary case evidence - review_duplicate_event_012 - First human death caused by West Nile Virus in Fresno County - KBAK,First human death caused by West Nile Virus in Fresno County - KBAK,https://bakersfieldnow.com/news/local/first-human-death-caused-by-west-nile-virus-in-fresno-county,Inspect corroboration and source identity before deciding whether a structured human decision is warranted.,Is this a task-compatible primary case observation or only context/secondary evidence?,rec_src_search_87c273c59b72_002; event_012,record,"No accepted primary case dataset records exist, and this item may contain possible primary case evidence."
,accept_as_is; correct_fields; reject_record; mark_requires_review; mark_review_resolved; mark_non_countable; mark_countable; mark_duplicate; mark_not_duplicate; needs_more_evidence; defer_decision,2024-08-31,West Nile Virus Disease,No. Human Cases 324 112,possible_primary_case_evidence,duplicate_event_clustering,California,P0_critical,31,human_review_items; record_inclusion_decisions; quarantined_records; context_records; final_case_dataset; claims; claim_comparisons; corroborated_events,possible primary case evidence - review_duplicate_event_013 - WEEKLY UPDATE - California West Nile Virus,WEEKLY UPDATE - California West Nile Virus,https://westnile.ca.gov/download?download_id=5072,Inspect corroboration and source identity before deciding whether a structured human decision is warranted.,Is this a task-compatible primary case observation or only context/secondary evidence?,rec_src_search_b9348b953aaa_008; rec_src_search_b9348b953aaa_009; rec_src_search_b9348b953aaa_011; rec_src_search_b9348b953aaa_012; event_013,record,"No accepted primary case dataset records exist, and this item may contain possible primary case evidence."
,accept_as_is; correct_fields; reject_record; mark_requires_review; mark_review_resolved; mark_non_countable; mark_countable; mark_duplicate; mark_not_duplicate; needs_more_evidence; defer_decision,2024-08-31,West Nile Virus Disease,"| **Human cases (fatal)** | 3 (0) | 791 (32) | 880 (21) | 278 (9) | 382 (22) | 446 (15) | 112 (5) | 112 (6) | 159 (9) | 480 (23) | 387 (19) | 842 (34) | 800 (55) | 461 (21) | 556 (44) | 217 (11) | 225 (6) | 214 (15) | 129 (12) | 209 (15) | 433 (20) | 132 (12) | 116 (11) | 0 (0) | 8,364 (417) |",possible_primary_case_evidence,duplicate_event_clustering,California,P0_critical,32,human_review_items; record_inclusion_decisions; quarantined_records; context_records; final_case_dataset; claims; claim_comparisons; corroborated_events,possible primary case evidence - review_duplicate_event_014 - Westnile.ca.gov | California West Nile Virus Website,Westnile.ca.gov | California West Nile Virus Website,https://westnile.ca.gov,Inspect corroboration and source identity before deciding whether a structured human decision is warranted.,Is this a task-compatible primary case observation or only context/secondary evidence?,rec_src_search_fc3322f3069f_001; event_014,record,"No accepted primary case dataset records exist, and this item may contain possible primary case evidence."
,accept_as_is; correct_fields; reject_record; mark_requires_review; mark_review_resolved; mark_non_countable; mark_countable; mark_duplicate; mark_not_duplicate; needs_more_evidence; defer_decision,2024-08-31,West Nile Virus Disease,"There have been 48 reported human [West Nile virus cases](https://westnile.ca.gov/) in California this year, including two other deaths — one in Butte County and one in Tulare County, according to the California Department of Public Health.",possible_primary_case_evidence,duplicate_event_clustering,California,P0_critical,33,human_review_items; record_inclusion_decisions; quarantined_records; context_records; final_case_dataset; claims; claim_comparisons; corroborated_events,"possible primary case evidence - review_duplicate_event_015 - West Nile virus death confirmed in Fresno County, California","West Nile virus death confirmed in Fresno County, California",https://www.fresnobee.com/news/local/article312243829.html,Inspect corroboration and source identity before deciding whether a structured human decision is warranted.,Is this a task-compatible primary case observation or only context/secondary evidence?,rec_src_search_d52309fadb48_002; event_015,record,"No accepted primary case dataset records exist, and this item may contain possible primary case evidence."
,accept_as_is; correct_fields; reject_record; mark_requires_review; mark_review_resolved; mark_non_countable; mark_countable; mark_duplicate; mark_not_duplicate; needs_more_evidence; defer_decision,2024-08-31,West Nile Virus Disease,##### Human Cases **Year-to-date:** 5 **Counties:** 3,possible_primary_case_evidence,duplicate_event_clustering,California,P0_critical,34,human_review_items; record_inclusion_decisions; quarantined_records; context_records; final_case_dataset; claims; claim_comparisons; corroborated_events,possible primary case evidence - review_duplicate_event_016 - Westnile.ca.gov | California West Nile Virus Website,Westnile.ca.gov | California West Nile Virus Website,https://westnile.ca.gov/resources.php,Inspect corroboration and source identity before deciding whether a structured human decision is warranted.,Is this a task-compatible primary case observation or only context/secondary evidence?,rec_src_search_14d0fc5d0793_001; rec_src_search_14d0fc5d0793_002; rec_src_search_ccc444806280_002; event_016,record,"No accepted primary case dataset records exist, and this item may contain possible primary case evidence."
,accept_as_is; correct_fields; reject_record; mark_requires_review; mark_review_resolved; mark_non_countable; mark_countable; mark_duplicate; mark_not_duplicate; needs_more_evidence; defer_decision,2024-08-31,West Nile Virus Disease,"West Nile virus was first identified in California in 2003. There have been more than 8,000 human West Niles cases and more than 400 related deaths across the state since then.",possible_primary_case_evidence,duplicate_event_clustering,California,P0_critical,35,human_review_items; record_inclusion_decisions; quarantined_records; context_records; final_case_dataset; claims; claim_comparisons; corroborated_events,"possible primary case evidence - review_duplicate_event_017 - West Nile virus death confirmed in Fresno County, California","West Nile virus death confirmed in Fresno County, California",https://www.fresnobee.com/news/local/article312243829.html,Inspect corroboration and source identity before deciding whether a structured human decision is warranted.,Is this a task-compatible primary case observation or only context/secondary evidence?,rec_src_search_d52309fadb48_005; event_017,record,"No accepted primary case dataset records exist, and this item may contain possible primary case evidence."
,accept_as_is; correct_fields; reject_record; mark_requires_review; mark_review_resolved; mark_non_countable; mark_countable; mark_duplicate; mark_not_duplicate; needs_more_evidence; defer_decision,2024-08-31,West Nile Virus Disease,"West Nile virus is the most common and serious vector-borne disease in California. There have been more than 7,500 human cases and over 300 deaths reported in California since 2003. The mosquitoes that spread WNV are found throughout the state.",possible_primary_case_evidence,duplicate_event_clustering,California,P0_critical,36,human_review_items; record_inclusion_decisions; quarantined_records; context_records; final_case_dataset; claims; claim_comparisons; corroborated_events,possible primary case evidence - review_duplicate_event_018 - Westnile.ca.gov | California West Nile Virus Website,Westnile.ca.gov | California West Nile Virus Website,https://westnile.ca.gov/resources.php,Inspect corroboration and source identity before deciding whether a structured human decision is warranted.,Is this a task-compatible primary case observation or only context/secondary evidence?,rec_src_search_14d0fc5d0793_004; event_018,record,"No accepted primary case dataset records exist, and this item may contain possible primary case evidence."
,accept_as_is; correct_fields; reject_record; mark_requires_review; mark_review_resolved; mark_non_countable; mark_countable; mark_duplicate; mark_not_duplicate; needs_more_evidence; defer_decision,2024-08-31,West Nile Virus Disease,Human Cases Week 9 0 0,possible_primary_case_evidence,duplicate_event_clustering,California,P0_critical,37,human_review_items; record_inclusion_decisions; quarantined_records; context_records; final_case_dataset; claims; claim_comparisons; corroborated_events,possible primary case evidence - review_duplicate_event_019 - WEEKLY UPDATE - California West Nile Virus,WEEKLY UPDATE - California West Nile Virus,https://westnile.ca.gov/download?download_id=5061,Inspect corroboration and source identity before deciding whether a structured human decision is warranted.,Is this a task-compatible primary case observation or only context/secondary evidence?,rec_src_search_a39e4fa28013_011; rec_src_search_b9348b953aaa_010; event_019,record,"No accepted primary case dataset records exist, and this item may contain possible primary case evidence."
,accept_as_is; correct_fields; reject_record; mark_requires_review; mark_review_resolved; mark_non_countable; mark_countable; mark_duplicate; mark_not_duplicate; needs_more_evidence; defer_decision,2024-08-31,West Nile Virus Disease,A total of 9 new human cases of West Nile virus (WNV) disease were reported this week from 4 counties:,possible_primary_case_evidence,duplicate_event_clustering,California,P0_critical,38,human_review_items; record_inclusion_decisions; quarantined_records; context_records; final_case_dataset; claims; claim_comparisons; corroborated_events,possible primary case evidence - review_duplicate_event_020 - WEEKLY UPDATE - California West Nile Virus,WEEKLY UPDATE - California West Nile Virus,https://westnile.ca.gov/download?download_id=5061,Inspect corroboration and source identity before deciding whether a structured human decision is warranted.,Is this a task-compatible primary case observation or only context/secondary evidence?,rec_src_search_a39e4fa28013_001; rec_src_search_b9348b953aaa_001; event_020,record,"No accepted primary case dataset records exist, and this item may contain possible primary case evidence."
,accept_as_is; correct_fields; reject_record; mark_requires_review; mark_review_resolved; mark_non_countable; mark_countable; mark_duplicate; mark_not_duplicate; needs_more_evidence; defer_decision,2024-08-31,West Nile Virus Disease,"Of the 112 cases, 86 (77%) had neuroinvasive disease and 11 (10%) were fatal. The median age of the",possible_primary_case_evidence,duplicate_event_clustering,California,P0_critical,39,human_review_items; record_inclusion_decisions; quarantined_records; context_records; final_case_dataset; claims; claim_comparisons; corroborated_events,possible primary case evidence - review_duplicate_event_022 - WEEKLY UPDATE - California West Nile Virus,WEEKLY UPDATE - California West Nile Virus,https://westnile.ca.gov/download?download_id=5072,Inspect corroboration and source identity before deciding whether a structured human decision is warranted.,Is this a task-compatible primary case observation or only context/secondary evidence?,rec_src_search_b9348b953aaa_006; rec_src_search_b9348b953aaa_007; event_022,record,"No accepted primary case dataset records exist, and this item may contain possible primary case evidence."
,accept_as_is; correct_fields; reject_record; mark_requires_review; mark_review_resolved; mark_non_countable; mark_countable; mark_duplicate; mark_not_duplicate; needs_more_evidence; defer_decision,2024-08-31,West Nile Virus Disease,"| **Human cases (fatal)** | 3 (0) | 791 (32) | 880 (21) | 278 (9) | 382 (22) | 446 (15) | 112 (5) | 112 (6) | 159 (9) | 480 (23) | 387 (19) | 842 (34) | 800 (55) | 461 (21) | 556 (44) | 217 (11) | 225 (6) | 214 (15) | 129 (12) | 209 (15) | 433 (20) | 132 (12) | 116 (11) | 0 (0) | 8,364 (417) |",possible_primary_case_evidence,duplicate_event_clustering,California,P0_critical,40,human_review_items; record_inclusion_decisions; quarantined_records; context_records; final_case_dataset; claims; claim_comparisons; corroborated_events,possible primary case evidence - review_duplicate_event_023 - Westnile.ca.gov | California West Nile Virus Website,Westnile.ca.gov | California West Nile Virus Website,https://westnile.ca.gov,Inspect corroboration and source identity before deciding whether a structured human decision is warranted.,Is this a task-compatible primary case observation or only context/secondary evidence?,rec_src_search_fc3322f3069f_002; event_023,record,"No accepted primary case dataset records exist, and this item may contain possible primary case evidence."
,accept_as_is; correct_fields; reject_record; mark_requires_review; mark_review_resolved; mark_non_countable; mark_countable; mark_duplicate; mark_not_duplicate; needs_more_evidence; defer_decision,2024-08-31,West Nile Virus Disease,The Fresno County Department of Public Health reported Monday the county’s first West Nile virus [human death](https://westnile.ca.gov/resources_reports?report_category_id=1) of 2025.,possible_primary_case_evidence,duplicate_event_clustering,"Fresno County, California",P0_critical,41,human_review_items; record_inclusion_decisions; quarantined_records; context_records; final_case_dataset; claims; claim_comparisons; corroborated_events,"possible primary case evidence - review_duplicate_event_024 - West Nile virus death confirmed in Fresno County, California","West Nile virus death confirmed in Fresno County, California",https://www.fresnobee.com/news/local/article312243829.html,Inspect corroboration and source identity before deciding whether a structured human decision is warranted.,Is this a task-compatible primary case observation or only context/secondary evidence?,rec_src_search_d52309fadb48_001; event_024,record,"No accepted primary case dataset records exist, and this item may contain possible primary case evidence."
,accept_as_is; correct_fields; reject_record; mark_requires_review; mark_review_resolved; mark_non_countable; mark_countable; mark_duplicate; mark_not_duplicate; needs_more_evidence; defer_decision,2024-08-31,West Nile Virus Disease,"BAKERSFIELD, Calif. (KBAK/KBFX) — The Fresno County Department of Public Health (FCDPH) has confirmed the first case in Fresno County in 2024 where West Nile Virus (WNV) contributed to a human death.",possible_primary_case_evidence,duplicate_event_clustering,"Fresno County, California",P0_critical,42,human_review_items; record_inclusion_decisions; quarantined_records; context_records; final_case_dataset; claims; claim_comparisons; corroborated_events,possible primary case evidence - review_duplicate_event_025 - First human death caused by West Nile Virus in Fresno County - KBAK,First human death caused by West Nile Virus in Fresno County - KBAK,https://bakersfieldnow.com/news/local/first-human-death-caused-by-west-nile-virus-in-fresno-county,Inspect corroboration and source identity before deciding whether a structured human decision is warranted.,Is this a task-compatible primary case observation or only context/secondary evidence?,rec_src_search_87c273c59b72_001; event_025,record,"No accepted primary case dataset records exist, and this item may contain possible primary case evidence."
,accept_as_is; correct_fields; reject_record; mark_requires_review; mark_review_resolved; mark_non_countable; mark_countable; mark_duplicate; mark_not_duplicate; needs_more_evidence; defer_decision,2024-08-31,West Nile Virus Disease,Kern County has reported 11 human cases while Tulare County has reported 13.,possible_primary_case_evidence,duplicate_event_clustering,"Kern County, California",P0_critical,43,human_review_items; record_inclusion_decisions; quarantined_records; context_records; final_case_dataset; claims; claim_comparisons; corroborated_events,"possible primary case evidence - review_duplicate_event_027 - West Nile virus death confirmed in Fresno County, California","West Nile virus death confirmed in Fresno County, California",https://www.fresnobee.com/news/local/article312243829.html,Inspect corroboration and source identity before deciding whether a structured human decision is warranted.,Is this a task-compatible primary case observation or only context/secondary evidence?,rec_src_search_d52309fadb48_003; event_027,record,"No accepted primary case dataset records exist, and this item may contain possible primary case evidence."
,accept_as_is; correct_fields; reject_record; mark_requires_review; mark_review_resolved; mark_non_countable; mark_countable; mark_duplicate; mark_not_duplicate; needs_more_evidence; defer_decision,2024-08-31,West Nile Virus Disease,"Kern (4), Los Angeles (2), Sacramento (2), and Tulare (1). This is the first WNV positive human case",possible_primary_case_evidence,duplicate_event_clustering,"Kern County, California",P0_critical,44,human_review_items; record_inclusion_decisions; quarantined_records; context_records; final_case_dataset; claims; claim_comparisons; corroborated_events,possible primary case evidence - review_duplicate_event_028 - WEEKLY UPDATE - California West Nile Virus,WEEKLY UPDATE - California West Nile Virus,https://westnile.ca.gov/download?download_id=5061,Inspect corroboration and source identity before deciding whether a structured human decision is warranted.,Is this a task-compatible primary case observation or only context/secondary evidence?,rec_src_search_a39e4fa28013_002; event_028,record,"No accepted primary case dataset records exist, and this item may contain possible primary case evidence."
,accept_as_is; correct_fields; reject_record; mark_requires_review; mark_review_resolved; mark_non_countable; mark_countable; mark_duplicate; mark_not_duplicate; needs_more_evidence; defer_decision,2024-08-31,West Nile Virus Disease,"Kern County: At least 13 human cases, no deaths.",possible_primary_case_evidence,duplicate_event_clustering,"Kern County, California",P0_critical,45,human_review_items; record_inclusion_decisions; quarantined_records; context_records; final_case_dataset; claims; claim_comparisons; corroborated_events,"possible primary case evidence - review_duplicate_event_029 - West Nile virus, spread by mosquitoes, claims a third life in the San ...","West Nile virus, spread by mosquitoes, claims a third life in the San ...",https://theintersectionreports.org/west-nile-virus-spread-by-mosquitoes-claims-a-third-life-in-the-san-joaquin-valley,Inspect corroboration and source identity before deciding whether a structured human decision is warranted.,Is this a task-compatible primary case observation or only context/secondary evidence?,rec_src_search_c0d70a141aca_001; event_029,record,"No accepted primary case dataset records exist, and this item may contain possible primary case evidence."
,accept_as_is; correct_fields; reject_record; mark_requires_review; mark_review_resolved; mark_non_countable; mark_countable; mark_duplicate; mark_not_duplicate; needs_more_evidence; defer_decision,2024-08-31,West Nile Virus Disease,Kern County has reported 11 human cases while Tulare County has reported 13.,possible_primary_case_evidence,duplicate_event_clustering,"Tulare County, California",P0_critical,46,human_review_items; record_inclusion_decisions; quarantined_records; context_records; final_case_dataset; claims; claim_comparisons; corroborated_events,"possible primary case evidence - review_duplicate_event_033 - West Nile virus death confirmed in Fresno County, California","West Nile virus death confirmed in Fresno County, California",https://www.fresnobee.com/news/local/article312243829.html,Inspect corroboration and source identity before deciding whether a structured human decision is warranted.,Is this a task-compatible primary case observation or only context/secondary evidence?,rec_src_search_d52309fadb48_004; event_033,record,"No accepted primary case dataset records exist, and this item may contain possible primary case evidence."
,accept_as_is; correct_fields; reject_record; mark_requires_review; mark_review_resolved; mark_non_countable; mark_countable; mark_duplicate; mark_not_duplicate; needs_more_evidence; defer_decision,2024-08-31,West Nile Virus Disease,1** WNV-related fatalities have been reported to CDPH this year from 1 jurisdictions: Tulare (1),possible_primary_case_evidence,duplicate_event_clustering,"Tulare County, California",P0_critical,47,human_review_items; record_inclusion_decisions; quarantined_records; context_records; final_case_dataset; claims; claim_comparisons; corroborated_events,possible primary case evidence - review_duplicate_event_034 - Westnile.ca.gov | California West Nile Virus Website,Westnile.ca.gov | California West Nile Virus Website,https://westnile.ca.gov/resources.php,Inspect corroboration and source identity before deciding whether a structured human decision is warranted.,Is this a task-compatible primary case observation or only context/secondary evidence?,rec_src_search_14d0fc5d0793_003; event_034,record,"No accepted primary case dataset records exist, and this item may contain possible primary case evidence."
,accept_as_is; correct_fields; reject_record; mark_requires_review; mark_review_resolved; mark_non_countable; mark_countable; mark_duplicate; mark_not_duplicate; needs_more_evidence; defer_decision,2024-08-31,West Nile Virus Disease,"Kern (4), Los Angeles (2), Sacramento (2), and Tulare (1). This is the first WNV positive human case",possible_primary_case_evidence,duplicate_event_clustering,"Tulare County, California",P0_critical,48,human_review_items; record_inclusion_decisions; quarantined_records; context_records; final_case_dataset; claims; claim_comparisons; corroborated_events,possible primary case evidence - review_duplicate_event_035 - WEEKLY UPDATE - California West Nile Virus,WEEKLY UPDATE - California West Nile Virus,https://westnile.ca.gov/download?download_id=5061,Inspect corroboration and source identity before deciding whether a structured human decision is warranted.,Is this a task-compatible primary case observation or only context/secondary evidence?,rec_src_search_a39e4fa28013_005; event_035,record,"No accepted primary case dataset records exist, and this item may contain possible primary case evidence."
,accept_as_is; correct_fields; reject_record; mark_requires_review; mark_review_resolved; mark_non_countable; mark_countable; mark_duplicate; mark_not_duplicate; needs_more_evidence; defer_decision,2024-08-31,West Nile Virus Disease,"Tulare County: At least 13 human cases, including one death.",possible_primary_case_evidence,duplicate_event_clustering,"Tulare County, California",P0_critical,49,human_review_items; record_inclusion_decisions; quarantined_records; context_records; final_case_dataset; claims; claim_comparisons; corroborated_events,"possible primary case evidence - review_duplicate_event_036 - West Nile virus, spread by mosquitoes, claims a third life in the San ...","West Nile virus, spread by mosquitoes, claims a third life in the San ...",https://theintersectionreports.org/west-nile-virus-spread-by-mosquitoes-claims-a-third-life-in-the-san-joaquin-valley,Inspect corroboration and source identity before deciding whether a structured human decision is warranted.,Is this a task-compatible primary case observation or only context/secondary evidence?,rec_src_search_c0d70a141aca_002; event_036,record,"No accepted primary case dataset records exist, and this item may contain possible primary case evidence."
,accept_as_is; correct_fields; reject_record; mark_requires_review; mark_review_resolved; mark_non_countable; mark_countable; mark_duplicate; mark_not_duplicate; needs_more_evidence; defer_decision,2024-08-31,West Nile Virus Disease,No. Human Cases 286 98,possible_primary_case_evidence,duplicate_event_clustering,California,P0_critical,50,human_review_items; record_inclusion_decisions; quarantined_records; context_records; final_case_dataset; claims; claim_comparisons; corroborated_events,possible primary case evidence - review_duplicate_event_038 - WEEKLY UPDATE - California West Nile Virus,WEEKLY UPDATE - California West Nile Virus,https://westnile.ca.gov/download?download_id=5061,Inspect corroboration and source identity before deciding whether a structured human decision is warranted.,Is this a task-compatible primary case observation or only context/secondary evidence?,rec_src_search_a39e4fa28013_010; event_038,record,"No accepted primary case dataset records exist, and this item may contain possible primary case evidence."
,accept_as_is; correct_fields; reject_record; mark_requires_review; mark_review_resolved; mark_non_countable; mark_countable; mark_duplicate; mark_not_duplicate; needs_more_evidence; defer_decision,2024-08-31,West Nile Virus Disease,No. Human Cases 286 98,possible_primary_case_evidence,duplicate_event_clustering,California,P0_critical,51,human_review_items; record_inclusion_decisions; quarantined_records; context_records; final_case_dataset; claims; claim_comparisons; corroborated_events,possible primary case evidence - review_duplicate_event_039 - WEEKLY UPDATE - California West Nile Virus,WEEKLY UPDATE - California West Nile Virus,https://westnile.ca.gov/download?download_id=5061,Inspect corroboration and source identity before deciding whether a structured human decision is warranted.,Is this a task-compatible primary case observation or only context/secondary evidence?,rec_src_search_a39e4fa28013_009; event_039,record,"No accepted primary case dataset records exist, and this item may contain possible primary case evidence."
,accept_anomaly; dismiss_anomaly; confirm_anomaly; mark_anomaly_resolved; mark_anomaly_needs_more_evidence,2024-08-01-2024-08-31,West Nile virus,No. Human Cases 324 112,validation_conflict_review,anomaly,California,P0_critical,52,human_review_items; record_inclusion_decisions; validation_results; validation_source_compatibility_summary; anomaly_results,validation conflict review - review_anomaly_anom_022 - WEEKLY UPDATE - California West Nile Virus,WEEKLY UPDATE - California West Nile Virus,https://westnile.ca.gov/download?download_id=5072,resolve_validation_conflict,"What decision, if any, should a human reviewer record?",src_search_b9348b953aaa; event_013; anom_022; val_result_062,anomaly,This review item requires human inspection before it should affect downstream interpretation.
,accept_anomaly; dismiss_anomaly; confirm_anomaly; mark_anomaly_resolved; mark_anomaly_needs_more_evidence,2024-08-01-2024-08-31,West Nile virus,##### Human Cases **Year-to-date:** 5 **Counties:** 3,validation_conflict_review,anomaly,California,P0_critical,53,human_review_items; record_inclusion_decisions; validation_results; validation_source_compatibility_summary; anomaly_results,validation conflict review - review_anomaly_anom_023 - Westnile.ca.gov | California West Nile Virus Website,Westnile.ca.gov | California West Nile Virus Website,https://westnile.ca.gov/resources.php,resolve_validation_conflict,"What decision, if any, should a human reviewer record?",src_search_14d0fc5d0793; src_search_ccc444806280; event_016; anom_023; val_result_066,anomaly,This review item requires human inspection before it should affect downstream interpretation.
,accept_anomaly; dismiss_anomaly; confirm_anomaly; mark_anomaly_resolved; mark_anomaly_needs_more_evidence,2024-08-01-2024-08-31,West Nile virus,Human Cases Week 9 0 0,validation_conflict_review,anomaly,California,P0_critical,54,human_review_items; record_inclusion_decisions; validation_results; validation_source_compatibility_summary; anomaly_results,validation conflict review - review_anomaly_anom_024 - WEEKLY UPDATE - California West Nile Virus,WEEKLY UPDATE - California West Nile Virus,https://westnile.ca.gov/download?download_id=5061,resolve_validation_conflict,"What decision, if any, should a human reviewer record?",src_search_a39e4fa28013; src_search_b9348b953aaa; event_019; anom_024; val_result_070,anomaly,This review item requires human inspection before it should affect downstream interpretation.
,accept_anomaly; dismiss_anomaly; confirm_anomaly; mark_anomaly_resolved; mark_anomaly_needs_more_evidence,2024-08-01-2024-08-31,West Nile virus,A total of 9 new human cases of West Nile virus (WNV) disease were reported this week from 4 counties:,validation_conflict_review,anomaly,California,P0_critical,55,human_review_items; record_inclusion_decisions; validation_results; validation_source_compatibility_summary; anomaly_results,validation conflict review - review_anomaly_anom_025 - WEEKLY UPDATE - California West Nile Virus,WEEKLY UPDATE - California West Nile Virus,https://westnile.ca.gov/download?download_id=5061,resolve_validation_conflict,"What decision, if any, should a human reviewer record?",src_search_a39e4fa28013; src_search_b9348b953aaa; event_020; anom_025; val_result_072,anomaly,This review item requires human inspection before it should affect downstream interpretation.
,accept_as_is; correct_fields; reject_record; mark_requires_review; mark_review_resolved; mark_non_countable; mark_countable; mark_duplicate; mark_not_duplicate; needs_more_evidence; defer_decision,2024-08-31,West Nile Virus Disease,No. Human Cases 324 112,validation_conflict_review,cross_source_conflict,California,P0_critical,56,human_review_items; record_inclusion_decisions; quarantined_records; context_records; final_case_dataset; validation_results; validation_source_compatibility_summary,validation conflict review - review_conflict_conf_001 - WEEKLY UPDATE - California West Nile Virus,WEEKLY UPDATE - California West Nile Virus,https://westnile.ca.gov/download?download_id=5072,Inspect the linked artifacts and only then edit a decision file if needed.,"What decision, if any, should a human reviewer record?",rec_src_search_b9348b953aaa_008; rec_src_search_b9348b953aaa_009; conf_001,record,This review item requires human inspection before it should affect downstream interpretation.
,accept_as_is; correct_fields; reject_record; mark_requires_review; mark_review_resolved; mark_non_countable; mark_countable; mark_duplicate; mark_not_duplicate; needs_more_evidence; defer_decision,2024-08-31,West Nile Virus Disease,##### Human Cases **Year-to-date:** 5 **Counties:** 3,validation_conflict_review,cross_source_conflict,California,P0_critical,57,human_review_items; record_inclusion_decisions; quarantined_records; context_records; final_case_dataset; validation_results; validation_source_compatibility_summary,validation conflict review - review_conflict_conf_002 - Westnile.ca.gov | California West Nile Virus Website,Westnile.ca.gov | California West Nile Virus Website,https://westnile.ca.gov/resources.php,Inspect the linked artifacts and only then edit a decision file if needed.,"What decision, if any, should a human reviewer record?",rec_src_search_14d0fc5d0793_001; rec_src_search_ccc444806280_002; conf_002,record,This review item requires human inspection before it should affect downstream interpretation.
,accept_as_is; correct_fields; reject_record; mark_requires_review; mark_review_resolved; mark_non_countable; mark_countable; mark_duplicate; mark_not_duplicate; needs_more_evidence; defer_decision,2024-08-31,West Nile Virus Disease,Human Cases Week 9 0 0,validation_conflict_review,cross_source_conflict,California,P0_critical,58,human_review_items; record_inclusion_decisions; quarantined_records; context_records; final_case_dataset; validation_results; validation_source_compatibility_summary,validation conflict review - review_conflict_conf_003 - WEEKLY UPDATE - California West Nile Virus,WEEKLY UPDATE - California West Nile Virus,https://westnile.ca.gov/download?download_id=5061,Inspect the linked artifacts and only then edit a decision file if needed.,"What decision, if any, should a human reviewer record?",rec_src_search_a39e4fa28013_011; rec_src_search_b9348b953aaa_010; conf_003,record,This review item requires human inspection before it should affect downstream interpretation.
,accept_as_is; correct_fields; reject_record; mark_requires_review; mark_review_resolved; mark_non_countable; mark_countable; mark_duplicate; mark_not_duplicate; needs_more_evidence; defer_decision,2024-08-31,West Nile Virus Disease,A total of 9 new human cases of West Nile virus (WNV) disease were reported this week from 4 counties:,validation_conflict_review,cross_source_conflict,California,P0_critical,59,human_review_items; record_inclusion_decisions; quarantined_records; context_records; final_case_dataset; validation_results; validation_source_compatibility_summary,validation conflict review - review_conflict_conf_004 - WEEKLY UPDATE - California West Nile Virus,WEEKLY UPDATE - California West Nile Virus,https://westnile.ca.gov/download?download_id=5061,Inspect the linked artifacts and only then edit a decision file if needed.,"What decision, if any, should a human reviewer record?",rec_src_search_a39e4fa28013_001; rec_src_search_b9348b953aaa_001; conf_004,record,This review item requires human inspection before it should affect downstream interpretation.
,accept_as_is; correct_fields; reject_record; mark_requires_review; mark_review_resolved; mark_non_countable; mark_countable; mark_duplicate; mark_not_duplicate; needs_more_evidence; defer_decision,2024-08-31,West Nile Virus Disease,"California, including 4 deaths. Since WNV was first introduced into California in 2003, there have been more",validation_conflict_review,duplicate_event_clustering,California,P0_critical,60,human_review_items; record_inclusion_decisions; quarantined_records; context_records; final_case_dataset; validation_results; validation_source_compatibility_summary,validation conflict review - review_duplicate_event_003 - [PDF] First Human Death Caused by West Nile Virus in Fresno County,[PDF] First Human Death Caused by West Nile Virus in Fresno County,https://www.fresnocountyca.gov/files/sharedassets/county/v/1/public-health/dph-news-releases/2024/09-13-2024-news-release-first-human-death-caused-by-west-nile-virus-in-fresno-county.pdf,Inspect the linked artifacts and only then edit a decision file if needed.,"What decision, if any, should a human reviewer record?",rec_src_search_7ae413ceb126_003; rec_src_search_7ae413ceb126_004; event_003,record,This review item requires human inspection before it should affect downstream interpretation.
,accept_validation_result; mark_validation_result_not_applicable; confirm_conflict; resolve_conflict_as_left; resolve_conflict_as_right; mark_needs_more_evidence; override_validation_status,2024-08-31,West Nile Virus Disease,No. Human Cases 324 112,validation_conflict_review,validation_conflict,California,P0_critical,61,human_review_items; record_inclusion_decisions; validation_results; validation_source_compatibility_summary,validation conflict review - review_validation_val_result_062 - WEEKLY UPDATE - California West Nile Virus,WEEKLY UPDATE - California West Nile Virus,https://westnile.ca.gov/download?download_id=5072,Inspect the linked artifacts and only then edit a decision file if needed.,"What decision, if any, should a human reviewer record?",rec_src_search_b9348b953aaa_008; rec_src_search_b9348b953aaa_009; rec_src_search_b9348b953aaa_011; rec_src_search_b9348b953aaa_012; val_result_062,validation_result,This review item requires human inspection before it should affect downstream interpretation.
,accept_validation_result; mark_validation_result_not_applicable; confirm_conflict; resolve_conflict_as_left; resolve_conflict_as_right; mark_needs_more_evidence; override_validation_status,2024-08-31,West Nile Virus Disease,##### Human Cases **Year-to-date:** 5 **Counties:** 3,validation_conflict_review,validation_conflict,California,P0_critical,62,human_review_items; record_inclusion_decisions; validation_results; validation_source_compatibility_summary,validation conflict review - review_validation_val_result_066 - Westnile.ca.gov | California West Nile Virus Website,Westnile.ca.gov | California West Nile Virus Website,https://westnile.ca.gov/resources.php,Inspect the linked artifacts and only then edit a decision file if needed.,"What decision, if any, should a human reviewer record?",rec_src_search_14d0fc5d0793_001; rec_src_search_14d0fc5d0793_002; rec_src_search_ccc444806280_002; val_result_066,validation_result,This review item requires human inspection before it should affect downstream interpretation.
,accept_validation_result; mark_validation_result_not_applicable; confirm_conflict; resolve_conflict_as_left; resolve_conflict_as_right; mark_needs_more_evidence; override_validation_status,2024-08-31,West Nile Virus Disease,Human Cases Week 9 0 0,validation_conflict_review,validation_conflict,California,P0_critical,63,human_review_items; record_inclusion_decisions; validation_results; validation_source_compatibility_summary,validation conflict review - review_validation_val_result_070 - WEEKLY UPDATE - California West Nile Virus,WEEKLY UPDATE - California West Nile Virus,https://westnile.ca.gov/download?download_id=5061,Inspect the linked artifacts and only then edit a decision file if needed.,"What decision, if any, should a human reviewer record?",rec_src_search_a39e4fa28013_011; rec_src_search_b9348b953aaa_010; val_result_070,validation_result,This review item requires human inspection before it should affect downstream interpretation.
,accept_validation_result; mark_validation_result_not_applicable; confirm_conflict; resolve_conflict_as_left; resolve_conflict_as_right; mark_needs_more_evidence; override_validation_status,2024-08-31,West Nile Virus Disease,A total of 9 new human cases of West Nile virus (WNV) disease were reported this week from 4 counties:,validation_conflict_review,validation_conflict,California,P0_critical,64,human_review_items; record_inclusion_decisions; validation_results; validation_source_compatibility_summary,validation conflict review - review_validation_val_result_072 - WEEKLY UPDATE - California West Nile Virus,WEEKLY UPDATE - California West Nile Virus,https://westnile.ca.gov/download?download_id=5061,Inspect the linked artifacts and only then edit a decision file if needed.,"What decision, if any, should a human reviewer record?",rec_src_search_a39e4fa28013_001; rec_src_search_b9348b953aaa_001; val_result_072,validation_result,This review item requires human inspection before it should affect downstream interpretation.
,accept_anomaly; dismiss_anomaly; confirm_anomaly; mark_anomaly_resolved; mark_anomaly_needs_more_evidence,2024-08-01-2024-08-31,West Nile virus,"California, including 4 deaths. Since WNV was first introduced into California in 2003, there have been more",claim_corroboration_review,anomaly,California,P0_critical,65,human_review_items; record_inclusion_decisions; claims; claim_comparisons; corroborated_events; anomaly_results,claim corroboration review - review_anomaly_anom_010 - [PDF] First Human Death Caused by West Nile Virus in Fresno County,[PDF] First Human Death Caused by West Nile Virus in Fresno County,https://www.fresnocountyca.gov/files/sharedassets/county/v/1/public-health/dph-news-releases/2024/09-13-2024-news-release-first-human-death-caused-by-west-nile-virus-in-fresno-county.pdf,confirm_scope_or_reject_record,"Is the claim independently corroborated, conflicting, or only single-source evidence?",src_search_7ae413ceb126; event_003; anom_010; val_result_003,anomaly,Claim-level support is unresolved or depends on a single source.
,accept_anomaly; dismiss_anomaly; confirm_anomaly; mark_anomaly_resolved; mark_anomaly_needs_more_evidence,2024-08-01-2024-08-31,West Nile virus,"than 8,900 human WNV cases and more than 3 90 WNV -related deaths across the state.",claim_corroboration_review,anomaly,California,P0_critical,66,human_review_items; record_inclusion_decisions; claims; claim_comparisons; corroborated_events; anomaly_results,claim corroboration review - review_anomaly_anom_011 - [PDF] First Human Death Caused by West Nile Virus in Fresno County,[PDF] First Human Death Caused by West Nile Virus in Fresno County,https://www.fresnocountyca.gov/files/sharedassets/county/v/1/public-health/dph-news-releases/2024/09-13-2024-news-release-first-human-death-caused-by-west-nile-virus-in-fresno-county.pdf,confirm_scope_or_reject_record,"Is the claim independently corroborated, conflicting, or only single-source evidence?",src_search_7ae413ceb126; event_003; anom_011; val_result_004,anomaly,Claim-level support is unresolved or depends on a single source.
,accept_anomaly; dismiss_anomaly; confirm_anomaly; mark_anomaly_resolved; mark_anomaly_needs_more_evidence,2024-08-01-2024-08-31,West Nile virus,The Fresno County Department of Public Health reported Monday the county’s first West Nile virus [human death](https://westnile.ca.gov/resources_reports?report_category_id=1) of 2025.,claim_corroboration_review,anomaly,California,P0_critical,67,human_review_items; record_inclusion_decisions; claims; claim_comparisons; corroborated_events; anomaly_results,"claim corroboration review - review_anomaly_anom_012 - West Nile virus death confirmed in Fresno County, California","West Nile virus death confirmed in Fresno County, California",https://www.fresnobee.com/news/local/article312243829.html,confirm_scope_or_reject_record,"Is the claim independently corroborated, conflicting, or only single-source evidence?",src_search_d52309fadb48; event_024; anom_012; val_result_020,anomaly,Claim-level support is unresolved or depends on a single source.
,accept_anomaly; dismiss_anomaly; confirm_anomaly; mark_anomaly_resolved; mark_anomaly_needs_more_evidence,2024-08-01-2024-08-31,West Nile virus,"There have been 48 reported human [West Nile virus cases](https://westnile.ca.gov/) in California this year, including two other deaths — one in Butte County and one in Tulare County, according to the California Department of Public Health.",claim_corroboration_review,anomaly,California,P0_critical,68,human_review_items; record_inclusion_decisions; claims; claim_comparisons; corroborated_events; anomaly_results,"claim corroboration review - review_anomaly_anom_013 - West Nile virus death confirmed in Fresno County, California","West Nile virus death confirmed in Fresno County, California",https://www.fresnobee.com/news/local/article312243829.html,confirm_scope_or_reject_record,"Is the claim independently corroborated, conflicting, or only single-source evidence?",src_search_d52309fadb48; event_015; anom_013; val_result_021,anomaly,Claim-level support is unresolved or depends on a single source.
,accept_anomaly; dismiss_anomaly; confirm_anomaly; mark_anomaly_resolved; mark_anomaly_needs_more_evidence,2024-08-01-2024-08-31,West Nile virus,Kern County has reported 11 human cases while Tulare County has reported 13.,claim_corroboration_review,anomaly,California,P0_critical,69,human_review_items; record_inclusion_decisions; claims; claim_comparisons; corroborated_events; anomaly_results,"claim corroboration review - review_anomaly_anom_014 - West Nile virus death confirmed in Fresno County, California","West Nile virus death confirmed in Fresno County, California",https://www.fresnobee.com/news/local/article312243829.html,confirm_scope_or_reject_record,"Is the claim independently corroborated, conflicting, or only single-source evidence?",src_search_d52309fadb48; event_027; anom_014; val_result_022,anomaly,Claim-level support is unresolved or depends on a single source.
,accept_anomaly; dismiss_anomaly; confirm_anomaly; mark_anomaly_resolved; mark_anomaly_needs_more_evidence,2024-08-01-2024-08-31,West Nile virus,Kern County has reported 11 human cases while Tulare County has reported 13.,claim_corroboration_review,anomaly,California,P0_critical,70,human_review_items; record_inclusion_decisions; claims; claim_comparisons; corroborated_events; anomaly_results,"claim corroboration review - review_anomaly_anom_015 - West Nile virus death confirmed in Fresno County, California","West Nile virus death confirmed in Fresno County, California",https://www.fresnobee.com/news/local/article312243829.html,confirm_scope_or_reject_record,"Is the claim independently corroborated, conflicting, or only single-source evidence?",src_search_d52309fadb48; event_033; anom_015; val_result_023,anomaly,Claim-level support is unresolved or depends on a single source.
,accept_anomaly; dismiss_anomaly; confirm_anomaly; mark_anomaly_resolved; mark_anomaly_needs_more_evidence,2024-08-01-2024-08-31,West Nile virus,"West Nile virus was first identified in California in 2003. There have been more than 8,000 human West Niles cases and more than 400 related deaths across the state since then.",claim_corroboration_review,anomaly,California,P0_critical,71,human_review_items; record_inclusion_decisions; claims; claim_comparisons; corroborated_events; anomaly_results,"claim corroboration review - review_anomaly_anom_016 - West Nile virus death confirmed in Fresno County, California","West Nile virus death confirmed in Fresno County, California",https://www.fresnobee.com/news/local/article312243829.html,confirm_scope_or_reject_record,"Is the claim independently corroborated, conflicting, or only single-source evidence?",src_search_d52309fadb48; event_017; anom_016; val_result_024,anomaly,Claim-level support is unresolved or depends on a single source.
,accept_anomaly; dismiss_anomaly; confirm_anomaly; mark_anomaly_resolved; mark_anomaly_needs_more_evidence,2024-08-01-2024-08-31,West Nile virus,"Since West Nile was first introduced into California in 2003, there have been more than 8,900 human West Nile cases and more than 390 West Nile-related deaths across the state.",claim_corroboration_review,anomaly,California,P0_critical,72,human_review_items; record_inclusion_decisions; claims; claim_comparisons; corroborated_events; anomaly_results,claim corroboration review - review_anomaly_anom_017 - First human death caused by West Nile Virus in Fresno County - KBAK,First human death caused by West Nile Virus in Fresno County - KBAK,https://bakersfieldnow.com/news/local/first-human-death-caused-by-west-nile-virus-in-fresno-county,confirm_scope_or_reject_record,"Is the claim independently corroborated, conflicting, or only single-source evidence?",src_search_87c273c59b72; event_006; anom_017; val_result_027,anomaly,Claim-level support is unresolved or depends on a single source.
,accept_anomaly; dismiss_anomaly; confirm_anomaly; mark_anomaly_resolved; mark_anomaly_needs_more_evidence,2024-08-01-2024-08-31,West Nile virus,No. Human Cases 286 98,claim_corroboration_review,anomaly,California,P0_critical,73,human_review_items; record_inclusion_decisions; claims; claim_comparisons; corroborated_events; anomaly_results,claim corroboration review - review_anomaly_anom_018 - WEEKLY UPDATE - California West Nile Virus,WEEKLY UPDATE - California West Nile Virus,https://westnile.ca.gov/download?download_id=5061,confirm_scope_or_reject_record,"Is the claim independently corroborated, conflicting, or only single-source evidence?",src_search_a39e4fa28013; event_038; anom_018; val_result_040,anomaly,Claim-level support is unresolved or depends on a single source.
,accept_anomaly; dismiss_anomaly; confirm_anomaly; mark_anomaly_resolved; mark_anomaly_needs_more_evidence,2024-08-01-2024-08-31,West Nile virus,"West Nile virus is the most common and serious vector-borne disease in California. There have been more than 7,500 human cases and over 300 deaths reported in California since 2003. The mosquitoes that spread WNV are found throughout the state.",claim_corroboration_review,anomaly,California,P0_critical,74,human_review_items; record_inclusion_decisions; claims; claim_comparisons; corroborated_events; anomaly_results,claim corroboration review - review_anomaly_anom_019 - Westnile.ca.gov | California West Nile Virus Website,Westnile.ca.gov | California West Nile Virus Website,https://westnile.ca.gov/resources.php,confirm_scope_or_reject_record,"Is the claim independently corroborated, conflicting, or only single-source evidence?",src_search_14d0fc5d0793; event_018; anom_019; val_result_045,anomaly,Claim-level support is unresolved or depends on a single source.
,accept_anomaly; dismiss_anomaly; confirm_anomaly; mark_anomaly_resolved; mark_anomaly_needs_more_evidence,2024-08-01-2024-08-31,West Nile virus,113** human cases from **23** counties have tested positive for WNV in 2023.,claim_corroboration_review,anomaly,California,P0_critical,75,human_review_items; record_inclusion_decisions; claims; claim_comparisons; corroborated_events; anomaly_results,claim corroboration review - review_anomaly_anom_020 - Westnile.ca.gov | California West Nile Virus Website,Westnile.ca.gov | California West Nile Virus Website,https://westnile.ca.gov/resources.php,confirm_scope_or_reject_record,"Is the claim independently corroborated, conflicting, or only single-source evidence?",src_search_14d0fc5d0793; event_009; anom_020; val_result_046,anomaly,Claim-level support is unresolved or depends on a single source.
Centers for Disease Control and Prevention,accept_anomaly; dismiss_anomaly; confirm_anomaly; mark_anomaly_resolved; mark_anomaly_needs_more_evidence,2024-08-01-2024-08-31,West Nile virus,California (123),claim_corroboration_review,anomaly,California,P0_critical,76,human_review_items; record_inclusion_decisions; claims; claim_comparisons; corroborated_events; anomaly_results,claim corroboration review - review_anomaly_anom_021 - 2024 Mosquito-Borne Disease Year In Review,2024 Mosquito-Borne Disease Year In Review,https://www.vdci.net/blog/2024-mosquito-borne-disease-year-in-review,confirm_scope_or_reject_record,"Is the claim independently corroborated, conflicting, or only single-source evidence?",src_search_99932da268a1; event_008; anom_021; val_result_049,anomaly,Claim-level support is unresolved or depends on a single source.
,needs_more_evidence; defer_decision,2024-08-01-2024-08-31,West Nile virus,Primary case claim has no independent corroborating source.,claim_corroboration_review,claim_corroboration_review,California,P1_high,77,human_review_items; record_inclusion_decisions; claims; claim_comparisons; corroborated_events,claim corroboration review - review_claim_corroboration_review_corr_event_003 - WEEKLY UPDATE - California West Nile Virus,WEEKLY UPDATE - California West Nile Virus,https://westnile.ca.gov/download?download_id=5072,review_claim_corroboration,"Is the claim independently corroborated, conflicting, or only single-source evidence?",claim_rec_src_search_b9348b953aaa_002_cases_unspecified; src_search_b9348b953aaa; corr_event_003,claim,Claim-level support is unresolved or depends on a single source.
,needs_more_evidence; defer_decision,2024-08-01-2024-08-31,West Nile virus,Primary case claim has no independent corroborating source.,claim_corroboration_review,claim_corroboration_review,California,P1_high,78,human_review_items; record_inclusion_decisions; claims; claim_comparisons; corroborated_events,claim corroboration review - review_claim_corroboration_review_corr_event_004 - WEEKLY UPDATE - California West Nile Virus,WEEKLY UPDATE - California West Nile Virus,https://westnile.ca.gov/download?download_id=5072,review_claim_corroboration,"Is the claim independently corroborated, conflicting, or only single-source evidence?",claim_rec_src_search_b9348b953aaa_003_cases_unspecified; src_search_b9348b953aaa; corr_event_004,claim,Claim-level support is unresolved or depends on a single source.
,needs_more_evidence; defer_decision,2024-08-01-2024-08-31,West Nile virus,Primary case claim has no independent corroborating source.,claim_corroboration_review,claim_corroboration_review,California,P1_high,79,human_review_items; record_inclusion_decisions; claims; claim_comparisons; corroborated_events,"claim corroboration review - review_claim_corroboration_review_corr_event_007 - West Nile virus, spread by mosquitoes, claims a third lif...","West Nile virus, spread by mosquitoes, claims a third life in the San ...",https://theintersectionreports.org/west-nile-virus-spread-by-mosquitoes-claims-a-third-life-in-the-san-joaquin-valley,review_claim_corroboration,"Is the claim independently corroborated, conflicting, or only single-source evidence?",claim_rec_src_search_c0d70a141aca_003_cases_unspecified; claim_rec_src_search_c0d70a141aca_003_deaths; src_search_c0d70a141aca; corr_event_007,claim,Claim-level support is unresolved or depends on a single source.
,needs_more_evidence; defer_decision,2024-08-01-2024-08-31,West Nile virus,Primary case claim has no independent corroborating source.,claim_corroboration_review,claim_corroboration_review,California,P1_high,80,human_review_items; record_inclusion_decisions; claims; claim_comparisons; corroborated_events,claim corroboration review - review_claim_corroboration_review_corr_event_008 - WEEKLY UPDATE - California West Nile Virus,WEEKLY UPDATE - California West Nile Virus,https://westnile.ca.gov/download?download_id=5061,review_claim_corroboration,"Is the claim independently corroborated, conflicting, or only single-source evidence?",claim_rec_src_search_a39e4fa28013_003_cases_unspecified; src_search_a39e4fa28013; corr_event_008,claim,Claim-level support is unresolved or depends on a single source.
,needs_more_evidence; defer_decision,2024-08-01-2024-08-31,West Nile virus,Primary case claim has no independent corroborating source.,claim_corroboration_review,claim_corroboration_review,California,P1_high,81,human_review_items; record_inclusion_decisions; claims; claim_comparisons; corroborated_events,claim corroboration review - review_claim_corroboration_review_corr_event_009 - WEEKLY UPDATE - California West Nile Virus,WEEKLY UPDATE - California West Nile Virus,https://westnile.ca.gov/download?download_id=5061,review_claim_corroboration,"Is the claim independently corroborated, conflicting, or only single-source evidence?",claim_rec_src_search_a39e4fa28013_004_cases_unspecified; src_search_a39e4fa28013; corr_event_009,claim,Claim-level support is unresolved or depends on a single source.
,approve_source_role; override_source_role; exclude_source; mark_source_needs_review,2024-08-01-2024-08-31,West Nile virus,,source_identity_review,source_credibility,California,P1_high,82,human_review_items; record_inclusion_decisions; source_registry; source_identity_assessments,"source identity review - review_source_credibility_src_search_03944a8a91ef - According to the Center for Disease Control, West Nile cases...","According to the Center for Disease Control, West Nile cases have ...",https://www.facebook.com/WTKR3/posts/according-to-the-center-for-disease-control-west-nile-cases-have-been-reported-i/627854868940886,Open source identity assessments and source registry metadata.,"Who is the actual publisher, and is it independent of other evidence?",src_search_03944a8a91ef,source,Publisher or source identity uncertainty can affect source independence and credibility.
,approve_source_role; override_source_role; exclude_source; mark_source_needs_review,2024-08-01-2024-08-31,West Nile virus,,source_identity_review,source_credibility,California,P1_high,83,human_review_items; record_inclusion_decisions; source_registry; source_identity_assessments,source identity review - review_source_credibility_src_search_0d4e7ec87258 - Health officials report 3 West Nile virus deaths; warn of mo...,Health officials report 3 West Nile virus deaths; warn of mosquito ...,https://abcnews.com/US/health-officials-report-3-west-nile-virus-deaths/story?id=113256243,Open source identity assessments and source registry metadata.,"Who is the actual publisher, and is it independent of other evidence?",src_search_0d4e7ec87258,source,Publisher or source identity uncertainty can affect source independence and credibility.
,approve_source_role; override_source_role; exclude_source; mark_source_needs_review,2024-08-01-2024-08-31,West Nile virus,,source_identity_review,source_credibility,California,P1_high,84,human_review_items; record_inclusion_decisions; source_registry; source_identity_assessments,source identity review - review_source_credibility_src_search_5d796f40b9b1 - West Nile Virus Activity 2024,West Nile Virus Activity 2024,https://www.glamosquito.org/west-nile-virus-activity-2024,Open source identity assessments and source registry metadata.,"Who is the actual publisher, and is it independent of other evidence?",src_search_5d796f40b9b1,source,Publisher or source identity uncertainty can affect source independence and credibility.
,accept_anomaly; dismiss_anomaly; confirm_anomaly; mark_anomaly_resolved; mark_anomaly_needs_more_evidence,2024-08-01-2024-08-31,West Nile virus,,claim_corroboration_review,anomaly,California,P1_high,85,human_review_items; record_inclusion_decisions; claims; claim_comparisons; corroborated_events; anomaly_results,claim corroboration review - review_anomaly_anom_026 - event_013,,,review_cluster_canonical_count,"Is the claim independently corroborated, conflicting, or only single-source evidence?",event_013; anom_026,anomaly,Claim-level support is unresolved or depends on a single source.
,accept_anomaly; dismiss_anomaly; confirm_anomaly; mark_anomaly_resolved; mark_anomaly_needs_more_evidence,2024-08-01-2024-08-31,West Nile virus,,claim_corroboration_review,anomaly,California,P1_high,86,human_review_items; record_inclusion_decisions; claims; claim_comparisons; corroborated_events; anomaly_results,claim corroboration review - review_anomaly_anom_027 - event_019,,,review_cluster_canonical_count,"Is the claim independently corroborated, conflicting, or only single-source evidence?",event_019; anom_027,anomaly,Claim-level support is unresolved or depends on a single source.
,accept_anomaly; dismiss_anomaly; confirm_anomaly; mark_anomaly_resolved; mark_anomaly_needs_more_evidence,2024-08-01-2024-08-31,West Nile virus,,claim_corroboration_review,anomaly,California,P1_high,87,human_review_items; record_inclusion_decisions; claims; claim_comparisons; corroborated_events; anomaly_results,claim corroboration review - review_anomaly_anom_028 - event_020,,,review_cluster_canonical_count,"Is the claim independently corroborated, conflicting, or only single-source evidence?",event_020; anom_028,anomaly,Claim-level support is unresolved or depends on a single source.
,accept_as_is; correct_fields; reject_record; mark_requires_review; mark_review_resolved; mark_non_countable; mark_countable; mark_duplicate; mark_not_duplicate; needs_more_evidence; defer_decision,2024-08-31,West Nile Virus Disease,Week 0 0 0,claim_corroboration_review,duplicate_event_clustering,California,P1_high,88,human_review_items; record_inclusion_decisions; quarantined_records; context_records; final_case_dataset; claims; claim_comparisons; corroborated_events,claim corroboration review - review_duplicate_event_021 - WEEKLY UPDATE - California West Nile Virus,WEEKLY UPDATE - California West Nile Virus,https://westnile.ca.gov/download?download_id=4980,"Open claims, claim comparisons, and corroborated events.","Is the claim independently corroborated, conflicting, or only single-source evidence?",rec_src_search_ccc444806280_001; event_021,record,Claim-level support is unresolved or depends on a single source.
,accept_validation_result; mark_validation_result_not_applicable; confirm_conflict; resolve_conflict_as_left; resolve_conflict_as_right; mark_needs_more_evidence; override_validation_status,2024-08-31,West Nile Virus Disease,"California, including 4 deaths. Since WNV was first introduced into California in 2003, there have been more",outside_scope_review,validation_scope_issue,California,P1_high,89,human_review_items; record_inclusion_decisions; validation_results; validation_source_compatibility_summary,outside scope review - review_validation_val_result_003 - [PDF] First Human Death Caused by West Nile Virus in Fresno County,[PDF] First Human Death Caused by West Nile Virus in Fresno County,https://www.fresnocountyca.gov/files/sharedassets/county/v/1/public-health/dph-news-releases/2024/09-13-2024-news-release-first-human-death-caused-by-west-nile-virus-in-fresno-county.pdf,Inspect the evidence quote and record inclusion decision.,Does the evidence actually match the requested scope?,rec_src_search_7ae413ceb126_003; val_result_003,validation_result,"The item may be outside the requested disease, location, or time window."
,accept_validation_result; mark_validation_result_not_applicable; confirm_conflict; resolve_conflict_as_left; resolve_conflict_as_right; mark_needs_more_evidence; override_validation_status,2024-08-31,West Nile Virus Disease,"than 8,900 human WNV cases and more than 3 90 WNV -related deaths across the state.",outside_scope_review,validation_scope_issue,California,P1_high,90,human_review_items; record_inclusion_decisions; validation_results; validation_source_compatibility_summary,outside scope review - review_validation_val_result_004 - [PDF] First Human Death Caused by West Nile Virus in Fresno County,[PDF] First Human Death Caused by West Nile Virus in Fresno County,https://www.fresnocountyca.gov/files/sharedassets/county/v/1/public-health/dph-news-releases/2024/09-13-2024-news-release-first-human-death-caused-by-west-nile-virus-in-fresno-county.pdf,Inspect the evidence quote and record inclusion decision.,Does the evidence actually match the requested scope?,rec_src_search_7ae413ceb126_004; val_result_004,validation_result,"The item may be outside the requested disease, location, or time window."
,accept_validation_result; mark_validation_result_not_applicable; confirm_conflict; resolve_conflict_as_left; resolve_conflict_as_right; mark_needs_more_evidence; override_validation_status,2024-08-31,West Nile Virus Disease,A total of 2 new human cases of West Nile virus (WNV) disease were reported this week from 2 counties:,outside_scope_review,validation_scope_issue,California,P1_high,91,human_review_items; record_inclusion_decisions; validation_results; validation_source_compatibility_summary,outside scope review - review_validation_val_result_008 - WEEKLY UPDATE - California West Nile Virus,WEEKLY UPDATE - California West Nile Virus,https://westnile.ca.gov/download?download_id=5072,Inspect the evidence quote and record inclusion decision.,Does the evidence actually match the requested scope?,rec_src_search_b9348b953aaa_001; val_result_008,validation_result,"The item may be outside the requested disease, location, or time window."
,accept_validation_result; mark_validation_result_not_applicable; confirm_conflict; resolve_conflict_as_left; resolve_conflict_as_right; mark_needs_more_evidence; override_validation_status,2024-08-31,West Nile Virus Disease,"Fresno (1) and Yolo (1 ). In 2024, 11 2 human cases of WNV disease were reported from 23 counties.",outside_scope_review,validation_scope_issue,"Fresno, California",P1_high,92,human_review_items; record_inclusion_decisions; validation_results; validation_source_compatibility_summary,outside scope review - review_validation_val_result_009 - WEEKLY UPDATE - California West Nile Virus,WEEKLY UPDATE - California West Nile Virus,https://westnile.ca.gov/download?download_id=5072,Inspect the evidence quote and record inclusion decision.,Does the evidence actually match the requested scope?,rec_src_search_b9348b953aaa_002; val_result_009,validation_result,"The item may be outside the requested disease, location, or time window."
,accept_validation_result; mark_validation_result_not_applicable; confirm_conflict; resolve_conflict_as_left; resolve_conflict_as_right; mark_needs_more_evidence; override_validation_status,2024-08-31,West Nile Virus Disease,"Fresno (1) and Yolo (1 ). In 2024, 11 2 human cases of WNV disease were reported from 23 counties.",outside_scope_review,validation_scope_issue,"Yolo, California",P1_high,93,human_review_items; record_inclusion_decisions; validation_results; validation_source_compatibility_summary,outside scope review - review_validation_val_result_010 - WEEKLY UPDATE - California West Nile Virus,WEEKLY UPDATE - California West Nile Virus,https://westnile.ca.gov/download?download_id=5072,Inspect the evidence quote and record inclusion decision.,Does the evidence actually match the requested scope?,rec_src_search_b9348b953aaa_003; val_result_010,validation_result,"The item may be outside the requested disease, location, or time window."
,accept_validation_result; mark_validation_result_not_applicable; confirm_conflict; resolve_conflict_as_left; resolve_conflict_as_right; mark_needs_more_evidence; override_validation_status,2024-08-31,West Nile Virus Disease,The Fresno County Department of Public Health reported Monday the county’s first West Nile virus [human death](https://westnile.ca.gov/resources_reports?report_category_id=1) of 2025.,outside_scope_review,validation_scope_issue,"Fresno County, California",P1_high,94,human_review_items; record_inclusion_decisions; validation_results; validation_source_compatibility_summary,"outside scope review - review_validation_val_result_020 - West Nile virus death confirmed in Fresno County, California","West Nile virus death confirmed in Fresno County, California",https://www.fresnobee.com/news/local/article312243829.html,Inspect the evidence quote and record inclusion decision.,Does the evidence actually match the requested scope?,rec_src_search_d52309fadb48_001; val_result_020,validation_result,"The item may be outside the requested disease, location, or time window."
,accept_validation_result; mark_validation_result_not_applicable; confirm_conflict; resolve_conflict_as_left; resolve_conflict_as_right; mark_needs_more_evidence; override_validation_status,2024-08-31,West Nile Virus Disease,"There have been 48 reported human [West Nile virus cases](https://westnile.ca.gov/) in California this year, including two other deaths — one in Butte County and one in Tulare County, according to the California Department of Public Health.",outside_scope_review,validation_scope_issue,California,P1_high,95,human_review_items; record_inclusion_decisions; validation_results; validation_source_compatibility_summary,"outside scope review - review_validation_val_result_021 - West Nile virus death confirmed in Fresno County, California","West Nile virus death confirmed in Fresno County, California",https://www.fresnobee.com/news/local/article312243829.html,Inspect the evidence quote and record inclusion decision.,Does the evidence actually match the requested scope?,rec_src_search_d52309fadb48_002; val_result_021,validation_result,"The item may be outside the requested disease, location, or time window."
,accept_validation_result; mark_validation_result_not_applicable; confirm_conflict; resolve_conflict_as_left; resolve_conflict_as_right; mark_needs_more_evidence; override_validation_status,2024-08-31,West Nile Virus Disease,Kern County has reported 11 human cases while Tulare County has reported 13.,outside_scope_review,validation_scope_issue,"Kern County, California",P1_high,96,human_review_items; record_inclusion_decisions; validation_results; validation_source_compatibility_summary,"outside scope review - review_validation_val_result_022 - West Nile virus death confirmed in Fresno County, California","West Nile virus death confirmed in Fresno County, California",https://www.fresnobee.com/news/local/article312243829.html,Inspect the evidence quote and record inclusion decision.,Does the evidence actually match the requested scope?,rec_src_search_d52309fadb48_003; val_result_022,validation_result,"The item may be outside the requested disease, location, or time window."
,accept_validation_result; mark_validation_result_not_applicable; confirm_conflict; resolve_conflict_as_left; resolve_conflict_as_right; mark_needs_more_evidence; override_validation_status,2024-08-31,West Nile Virus Disease,Kern County has reported 11 human cases while Tulare County has reported 13.,outside_scope_review,validation_scope_issue,"Tulare County, California",P1_high,97,human_review_items; record_inclusion_decisions; validation_results; validation_source_compatibility_summary,"outside scope review - review_validation_val_result_023 - West Nile virus death confirmed in Fresno County, California","West Nile virus death confirmed in Fresno County, California",https://www.fresnobee.com/news/local/article312243829.html,Inspect the evidence quote and record inclusion decision.,Does the evidence actually match the requested scope?,rec_src_search_d52309fadb48_004; val_result_023,validation_result,"The item may be outside the requested disease, location, or time window."
,accept_validation_result; mark_validation_result_not_applicable; confirm_conflict; resolve_conflict_as_left; resolve_conflict_as_right; mark_needs_more_evidence; override_validation_status,2024-08-31,West Nile Virus Disease,"West Nile virus was first identified in California in 2003. There have been more than 8,000 human West Niles cases and more than 400 related deaths across the state since then.",outside_scope_review,validation_scope_issue,California,P1_high,98,human_review_items; record_inclusion_decisions; validation_results; validation_source_compatibility_summary,"outside scope review - review_validation_val_result_024 - West Nile virus death confirmed in Fresno County, California","West Nile virus death confirmed in Fresno County, California",https://www.fresnobee.com/news/local/article312243829.html,Inspect the evidence quote and record inclusion decision.,Does the evidence actually match the requested scope?,rec_src_search_d52309fadb48_005; val_result_024,validation_result,"The item may be outside the requested disease, location, or time window."
,accept_validation_result; mark_validation_result_not_applicable; confirm_conflict; resolve_conflict_as_left; resolve_conflict_as_right; mark_needs_more_evidence; override_validation_status,2024-08-31,West Nile Virus Disease,"Since West Nile was first introduced into California in 2003, there have been more than 8,900 human West Nile cases and more than 390 West Nile-related deaths across the state.",outside_scope_review,validation_scope_issue,California,P1_high,99,human_review_items; record_inclusion_decisions; validation_results; validation_source_compatibility_summary,outside scope review - review_validation_val_result_027 - First human death caused by West Nile Virus in Fresno County - KBAK,First human death caused by West Nile Virus in Fresno County - KBAK,https://bakersfieldnow.com/news/local/first-human-death-caused-by-west-nile-virus-in-fresno-county,Inspect the evidence quote and record inclusion decision.,Does the evidence actually match the requested scope?,rec_src_search_87c273c59b72_003; val_result_027,validation_result,"The item may be outside the requested disease, location, or time window."
,accept_validation_result; mark_validation_result_not_applicable; confirm_conflict; resolve_conflict_as_left; resolve_conflict_as_right; mark_needs_more_evidence; override_validation_status,2024-08-31,West Nile Virus Disease,A total of 9 new human cases of West Nile virus (WNV) disease were reported this week from 4 counties:,outside_scope_review,validation_scope_issue,California,P1_high,100,human_review_items; record_inclusion_decisions; validation_results; validation_source_compatibility_summary,outside scope review - review_validation_val_result_031 - WEEKLY UPDATE - California West Nile Virus,WEEKLY UPDATE - California West Nile Virus,https://westnile.ca.gov/download?download_id=5061,Inspect the evidence quote and record inclusion decision.,Does the evidence actually match the requested scope?,rec_src_search_a39e4fa28013_001; val_result_031,validation_result,"The item may be outside the requested disease, location, or time window."
,accept_validation_result; mark_validation_result_not_applicable; confirm_conflict; resolve_conflict_as_left; resolve_conflict_as_right; mark_needs_more_evidence; override_validation_status,2024-08-31,West Nile Virus Disease,"Kern (4), Los Angeles (2), Sacramento (2), and Tulare (1). This is the first WNV positive human case",outside_scope_review,validation_scope_issue,"Kern County, California",P1_high,101,human_review_items; record_inclusion_decisions; validation_results; validation_source_compatibility_summary,outside scope review - review_validation_val_result_032 - WEEKLY UPDATE - California West Nile Virus,WEEKLY UPDATE - California West Nile Virus,https://westnile.ca.gov/download?download_id=5061,Inspect the evidence quote and record inclusion decision.,Does the evidence actually match the requested scope?,rec_src_search_a39e4fa28013_002; val_result_032,validation_result,"The item may be outside the requested disease, location, or time window."
,accept_validation_result; mark_validation_result_not_applicable; confirm_conflict; resolve_conflict_as_left; resolve_conflict_as_right; mark_needs_more_evidence; override_validation_status,2024-08-31,West Nile Virus Disease,"Kern (4), Los Angeles (2), Sacramento (2), and Tulare (1). This is the first WNV positive human case",outside_scope_review,validation_scope_issue,"Los Angeles County, California",P1_high,102,human_review_items; record_inclusion_decisions; validation_results; validation_source_compatibility_summary,outside scope review - review_validation_val_result_033 - WEEKLY UPDATE - California West Nile Virus,WEEKLY UPDATE - California West Nile Virus,https://westnile.ca.gov/download?download_id=5061,Inspect the evidence quote and record inclusion decision.,Does the evidence actually match the requested scope?,rec_src_search_a39e4fa28013_003; val_result_033,validation_result,"The item may be outside the requested disease, location, or time window."
,accept_validation_result; mark_validation_result_not_applicable; confirm_conflict; resolve_conflict_as_left; resolve_conflict_as_right; mark_needs_more_evidence; override_validation_status,2024-08-31,West Nile Virus Disease,"Kern (4), Los Angeles (2), Sacramento (2), and Tulare (1). This is the first WNV positive human case",outside_scope_review,validation_scope_issue,"Sacramento County, California",P1_high,103,human_review_items; record_inclusion_decisions; validation_results; validation_source_compatibility_summary,outside scope review - review_validation_val_result_034 - WEEKLY UPDATE - California West Nile Virus,WEEKLY UPDATE - California West Nile Virus,https://westnile.ca.gov/download?download_id=5061,Inspect the evidence quote and record inclusion decision.,Does the evidence actually match the requested scope?,rec_src_search_a39e4fa28013_004; val_result_034,validation_result,"The item may be outside the requested disease, location, or time window."
,accept_validation_result; mark_validation_result_not_applicable; confirm_conflict; resolve_conflict_as_left; resolve_conflict_as_right; mark_needs_more_evidence; override_validation_status,2024-08-31,West Nile Virus Disease,"Kern (4), Los Angeles (2), Sacramento (2), and Tulare (1). This is the first WNV positive human case",outside_scope_review,validation_scope_issue,"Tulare County, California",P1_high,104,human_review_items; record_inclusion_decisions; validation_results; validation_source_compatibility_summary,outside scope review - review_validation_val_result_035 - WEEKLY UPDATE - California West Nile Virus,WEEKLY UPDATE - California West Nile Virus,https://westnile.ca.gov/download?download_id=5061,Inspect the evidence quote and record inclusion decision.,Does the evidence actually match the requested scope?,rec_src_search_a39e4fa28013_005; val_result_035,validation_result,"The item may be outside the requested disease, location, or time window."
,accept_validation_result; mark_validation_result_not_applicable; confirm_conflict; resolve_conflict_as_left; resolve_conflict_as_right; mark_needs_more_evidence; override_validation_status,2024-08-31,West Nile Virus Disease,No. Human Cases 286 98,outside_scope_review,validation_scope_issue,California,P1_high,105,human_review_items; record_inclusion_decisions; validation_results; validation_source_compatibility_summary,outside scope review - review_validation_val_result_040 - WEEKLY UPDATE - California West Nile Virus,WEEKLY UPDATE - California West Nile Virus,https://westnile.ca.gov/download?download_id=5061,Inspect the evidence quote and record inclusion decision.,Does the evidence actually match the requested scope?,rec_src_search_a39e4fa28013_010; val_result_040,validation_result,"The item may be outside the requested disease, location, or time window."
,accept_validation_result; mark_validation_result_not_applicable; confirm_conflict; resolve_conflict_as_left; resolve_conflict_as_right; mark_needs_more_evidence; override_validation_status,2024-08-31,West Nile Virus Disease,##### Human Cases **Year-to-date:** 5 **Counties:** 3,outside_scope_review,validation_scope_issue,California,P1_high,106,human_review_items; record_inclusion_decisions; validation_results; validation_source_compatibility_summary,outside scope review - review_validation_val_result_042 - Westnile.ca.gov | California West Nile Virus Website,Westnile.ca.gov | California West Nile Virus Website,https://westnile.ca.gov/resources.php,Inspect the evidence quote and record inclusion decision.,Does the evidence actually match the requested scope?,rec_src_search_14d0fc5d0793_001; val_result_042,validation_result,"The item may be outside the requested disease, location, or time window."
,accept_validation_result; mark_validation_result_not_applicable; confirm_conflict; resolve_conflict_as_left; resolve_conflict_as_right; mark_needs_more_evidence; override_validation_status,2024-08-31,West Nile Virus Disease,1** WNV-related fatalities have been reported to CDPH this year from 1 jurisdictions: Tulare (1),outside_scope_review,validation_scope_issue,California,P1_high,107,human_review_items; record_inclusion_decisions; validation_results; validation_source_compatibility_summary,outside scope review - review_validation_val_result_043 - Westnile.ca.gov | California West Nile Virus Website,Westnile.ca.gov | California West Nile Virus Website,https://westnile.ca.gov/resources.php,Inspect the evidence quote and record inclusion decision.,Does the evidence actually match the requested scope?,rec_src_search_14d0fc5d0793_002; val_result_043,validation_result,"The item may be outside the requested disease, location, or time window."
,accept_validation_result; mark_validation_result_not_applicable; confirm_conflict; resolve_conflict_as_left; resolve_conflict_as_right; mark_needs_more_evidence; override_validation_status,2024-08-31,West Nile Virus Disease,1** WNV-related fatalities have been reported to CDPH this year from 1 jurisdictions: Tulare (1),outside_scope_review,validation_scope_issue,"Tulare County, California",P1_high,108,human_review_items; record_inclusion_decisions; validation_results; validation_source_compatibility_summary,outside scope review - review_validation_val_result_044 - Westnile.ca.gov | California West Nile Virus Website,Westnile.ca.gov | California West Nile Virus Website,https://westnile.ca.gov/resources.php,Inspect the evidence quote and record inclusion decision.,Does the evidence actually match the requested scope?,rec_src_search_14d0fc5d0793_003; val_result_044,validation_result,"The item may be outside the requested disease, location, or time window."
,accept_validation_result; mark_validation_result_not_applicable; confirm_conflict; resolve_conflict_as_left; resolve_conflict_as_right; mark_needs_more_evidence; override_validation_status,2024-08-31,West Nile Virus Disease,"West Nile virus is the most common and serious vector-borne disease in California. There have been more than 7,500 human cases and over 300 deaths reported in California since 2003. The mosquitoes that spread WNV are found throughout the state.",outside_scope_review,validation_scope_issue,California,P1_high,109,human_review_items; record_inclusion_decisions; validation_results; validation_source_compatibility_summary,outside scope review - review_validation_val_result_045 - Westnile.ca.gov | California West Nile Virus Website,Westnile.ca.gov | California West Nile Virus Website,https://westnile.ca.gov/resources.php,Inspect the evidence quote and record inclusion decision.,Does the evidence actually match the requested scope?,rec_src_search_14d0fc5d0793_004; val_result_045,validation_result,"The item may be outside the requested disease, location, or time window."
,accept_validation_result; mark_validation_result_not_applicable; confirm_conflict; resolve_conflict_as_left; resolve_conflict_as_right; mark_needs_more_evidence; override_validation_status,2024-08-31,West Nile Virus Disease,113** human cases from **23** counties have tested positive for WNV in 2023.,outside_scope_review,validation_scope_issue,California,P1_high,110,human_review_items; record_inclusion_decisions; validation_results; validation_source_compatibility_summary,outside scope review - review_validation_val_result_046 - Westnile.ca.gov | California West Nile Virus Website,Westnile.ca.gov | California West Nile Virus Website,https://westnile.ca.gov/resources.php,Inspect the evidence quote and record inclusion decision.,Does the evidence actually match the requested scope?,rec_src_search_14d0fc5d0793_005; val_result_046,validation_result,"The item may be outside the requested disease, location, or time window."
Centers for Disease Control and Prevention,accept_validation_result; mark_validation_result_not_applicable; confirm_conflict; resolve_conflict_as_left; resolve_conflict_as_right; mark_needs_more_evidence; override_validation_status,2024-08-31,West Nile Virus Disease,California (123),outside_scope_review,validation_scope_issue,California,P1_high,111,human_review_items; record_inclusion_decisions; validation_results; validation_source_compatibility_summary,outside scope review - review_validation_val_result_049 - 2024 Mosquito-Borne Disease Year In Review,2024 Mosquito-Borne Disease Year In Review,https://www.vdci.net/blog/2024-mosquito-borne-disease-year-in-review,Inspect the evidence quote and record inclusion decision.,Does the evidence actually match the requested scope?,rec_src_search_99932da268a1_001; val_result_049,validation_result,"The item may be outside the requested disease, location, or time window."
,accept_anomaly; dismiss_anomaly; confirm_anomaly; mark_anomaly_resolved; mark_anomaly_needs_more_evidence,2024-08-31,West Nile Virus Disease,"California, including 4 deaths. Since WNV was first introduced into California in 2003, there have been more",anomaly_review,anomaly,California,P1_high,112,human_review_items; record_inclusion_decisions; anomaly_results,anomaly review - review_anomaly_anom_002 - [PDF] First Human Death Caused by West Nile Virus in Fresno County,[PDF] First Human Death Caused by West Nile Virus in Fresno County,https://www.fresnocountyca.gov/files/sharedassets/county/v/1/public-health/dph-news-releases/2024/09-13-2024-news-release-first-human-death-caused-by-west-nile-virus-in-fresno-county.pdf,review_possible_spike_or_count_semantics,Is this a real public-health signal or an extraction/count-semantics problem?,rec_src_search_7ae413ceb126_003; src_search_7ae413ceb126; anom_002,anomaly,An anomaly rule flagged the item for expert inspection.
,approve_source_role; override_source_role; exclude_source; mark_source_needs_review,2024-08-01-2024-08-31,West Nile virus,,source_identity_review,source_credibility,California,P1_high,113,human_review_items; record_inclusion_decisions; source_registry; source_identity_assessments,"source identity review - review_source_credibility_src_search_20cc0cc9d540 - 2025 declared West Nile virus (WNV) ""outbreak year""","2025 declared West Nile virus (WNV) ""outbreak year""",https://beaconbio.org/en/report?reportid=9e6a7973-dc07-49f2-bfb1-53a2a13e20c6&eventid=06189783-12d9-4850-a702-3ccc4b256e5f,Open source identity assessments and source registry metadata.,"Who is the actual publisher, and is it independent of other evidence?",src_search_20cc0cc9d540,source,Publisher or source identity uncertainty can affect source independence and credibility.
,approve_source_role; override_source_role; exclude_source; mark_source_needs_review,2024-08-01-2024-08-31,West Nile virus,,source_identity_review,source_credibility,California,P1_high,114,human_review_items; record_inclusion_decisions; source_registry; source_identity_assessments,source identity review - review_source_credibility_src_search_425783e5bf74 - Sacramento Co. senior citizen is first West Nile death this...,Sacramento Co. senior citizen is first West Nile death this year,https://www.abc10.com/article/news/health/sacramento-co-senior-citizen-is-first-west-nile-death-this-year/103-288358015,Open source identity assessments and source registry metadata.,"Who is the actual publisher, and is it independent of other evidence?",src_search_425783e5bf74,source,Publisher or source identity uncertainty can affect source independence and credibility.
,approve_source_role; override_source_role; exclude_source; mark_source_needs_review,2024-08-01-2024-08-31,West Nile virus,,source_identity_review,source_credibility,California,P1_high,115,human_review_items; record_inclusion_decisions; source_registry; source_identity_assessments,source identity review - review_source_credibility_src_search_7ae413ceb126 - [PDF] First Human Death Caused by West Nile Virus in Fresno...,[PDF] First Human Death Caused by West Nile Virus in Fresno County,https://www.fresnocountyca.gov/files/sharedassets/county/v/1/public-health/dph-news-releases/2024/09-13-2024-news-release-first-human-death-caused-by-west-nile-virus-in-fresno-county.pdf,Open source identity assessments and source registry metadata.,"Who is the actual publisher, and is it independent of other evidence?",src_search_7ae413ceb126,source,Publisher or source identity uncertainty can affect source independence and credibility.
,approve_source_role; override_source_role; exclude_source; mark_source_needs_review,2024-08-01-2024-08-31,West Nile virus,,source_identity_review,source_credibility,California,P1_high,116,human_review_items; record_inclusion_decisions; source_registry; source_identity_assessments,source identity review - review_source_credibility_src_search_87c273c59b72 - First human death caused by West Nile Virus in Fresno County...,First human death caused by West Nile Virus in Fresno County - KBAK,https://bakersfieldnow.com/news/local/first-human-death-caused-by-west-nile-virus-in-fresno-county,Open source identity assessments and source registry metadata.,"Who is the actual publisher, and is it independent of other evidence?",src_search_87c273c59b72,source,Publisher or source identity uncertainty can affect source independence and credibility.
,approve_source_role; override_source_role; exclude_source; mark_source_needs_review,2024-08-01-2024-08-31,West Nile virus,,source_identity_review,source_credibility,California,P1_high,117,human_review_items; record_inclusion_decisions; source_registry; source_identity_assessments,"source identity review - review_source_credibility_src_search_d52309fadb48 - West Nile virus death confirmed in Fresno County, California","West Nile virus death confirmed in Fresno County, California",https://www.fresnobee.com/news/local/article312243829.html,Open source identity assessments and source registry metadata.,"Who is the actual publisher, and is it independent of other evidence?",src_search_d52309fadb48,source,Publisher or source identity uncertainty can affect source independence and credibility.
,approve_source_role; override_source_role; exclude_source; mark_source_needs_review,2024-08-01-2024-08-31,West Nile virus,,source_identity_review,source_credibility,California,P1_high,118,human_review_items; record_inclusion_decisions; source_registry; source_identity_assessments,source identity review - review_source_credibility_src_search_e8849371789f - [PDF] County of Fresno - Consolidated Mosquito Abatement Dis...,[PDF] County of Fresno - Consolidated Mosquito Abatement District,https://www.consolidatedmadca.gov/files/863bfb982/Joint+News+Release-+Positive+West+Nile+Virus+Human+Infections+Confirmed+in+Fresno+County+7.10.24.pdf,Open source identity assessments and source registry metadata.,"Who is the actual publisher, and is it independent of other evidence?",src_search_e8849371789f,source,Publisher or source identity uncertainty can affect source independence and credibility.
,accept_validation_result; mark_validation_result_not_applicable; confirm_conflict; resolve_conflict_as_left; resolve_conflict_as_right; mark_needs_more_evidence; override_validation_status,2024-08-31,West Nile Virus Disease,Week 0 0 0,outside_scope_review,validation_scope_issue,California,P1_high,119,human_review_items; record_inclusion_decisions; validation_results; validation_source_compatibility_summary,outside scope review - review_validation_val_result_006 - WEEKLY UPDATE - California West Nile Virus,WEEKLY UPDATE - California West Nile Virus,https://westnile.ca.gov/download?download_id=4980,Inspect the evidence quote and record inclusion decision.,Does the evidence actually match the requested scope?,rec_src_search_ccc444806280_001; val_result_006,validation_result,"The item may be outside the requested disease, location, or time window."
,accept_validation_result; mark_validation_result_not_applicable; confirm_conflict; resolve_conflict_as_left; resolve_conflict_as_right; mark_needs_more_evidence; override_validation_status,2024-08-31,West Nile Virus Disease,YTD 0 0 0,outside_scope_review,validation_scope_issue,California,P1_high,120,human_review_items; record_inclusion_decisions; validation_results; validation_source_compatibility_summary,outside scope review - review_validation_val_result_007 - WEEKLY UPDATE - California West Nile Virus,WEEKLY UPDATE - California West Nile Virus,https://westnile.ca.gov/download?download_id=4980,Inspect the evidence quote and record inclusion decision.,Does the evidence actually match the requested scope?,rec_src_search_ccc444806280_002; val_result_007,validation_result,"The item may be outside the requested disease, location, or time window."
,accept_validation_result; mark_validation_result_not_applicable; confirm_conflict; resolve_conflict_as_left; resolve_conflict_as_right; mark_needs_more_evidence; override_validation_status,2024-08-31,West Nile Virus Disease,##### Human Cases **Year-to-date:** 5 **Counties:** 3,provenance_review,record_schema_validation,California,P2_medium,121,human_review_items; record_inclusion_decisions; validation_results; validation_source_compatibility_summary,provenance review - review_record_rec_src_search_14d0fc5d0793_001 - Westnile.ca.gov | California West Nile Virus Website,Westnile.ca.gov | California West Nile Virus Website,https://westnile.ca.gov/resources.php,Inspect the linked artifacts and only then edit a decision file if needed.,"What decision, if any, should a human reviewer record?",rec_src_search_14d0fc5d0793_001,validation_result,This review item requires human inspection before it should affect downstream interpretation.
Centers for Disease Control and Prevention,accept_validation_result; mark_validation_result_not_applicable; confirm_conflict; resolve_conflict_as_left; resolve_conflict_as_right; mark_needs_more_evidence; override_validation_status,2024-08-31,West Nile Virus Disease,California (123),provenance_review,record_schema_validation,California,P2_medium,122,human_review_items; record_inclusion_decisions; validation_results; validation_source_compatibility_summary,provenance review - review_record_rec_src_search_99932da268a1_001 - 2024 Mosquito-Borne Disease Year In Review,2024 Mosquito-Borne Disease Year In Review,https://www.vdci.net/blog/2024-mosquito-borne-disease-year-in-review,Inspect the linked artifacts and only then edit a decision file if needed.,"What decision, if any, should a human reviewer record?",rec_src_search_99932da268a1_001,validation_result,This review item requires human inspection before it should affect downstream interpretation.
,accept_validation_result; mark_validation_result_not_applicable; confirm_conflict; resolve_conflict_as_left; resolve_conflict_as_right; mark_needs_more_evidence; override_validation_status,2024-08-31,West Nile Virus Disease,Human Cases Week 9 0 0,provenance_review,record_schema_validation,California,P2_medium,123,human_review_items; record_inclusion_decisions; validation_results; validation_source_compatibility_summary,provenance review - review_record_rec_src_search_a39e4fa28013_011 - WEEKLY UPDATE - California West Nile Virus,WEEKLY UPDATE - California West Nile Virus,https://westnile.ca.gov/download?download_id=5061,Inspect the linked artifacts and only then edit a decision file if needed.,"What decision, if any, should a human reviewer record?",rec_src_search_a39e4fa28013_011,validation_result,This review item requires human inspection before it should affect downstream interpretation.
,accept_validation_result; mark_validation_result_not_applicable; confirm_conflict; resolve_conflict_as_left; resolve_conflict_as_right; mark_needs_more_evidence; override_validation_status,2024-08-31,West Nile Virus Disease,"Tulare County: At least 13 human cases, including one death.",provenance_review,record_schema_validation,"Tulare County, California",P2_medium,124,human_review_items; record_inclusion_decisions; validation_results; validation_source_compatibility_summary,"provenance review - review_record_rec_src_search_c0d70a141aca_002 - West Nile virus, spread by mosquitoes, claims a third life in the San...","West Nile virus, spread by mosquitoes, claims a third life in the San ...",https://theintersectionreports.org/west-nile-virus-spread-by-mosquitoes-claims-a-third-life-in-the-san-joaquin-valley,Inspect the linked artifacts and only then edit a decision file if needed.,"What decision, if any, should a human reviewer record?",rec_src_search_c0d70a141aca_002,validation_result,This review item requires human inspection before it should affect downstream interpretation.
,accept_validation_result; mark_validation_result_not_applicable; confirm_conflict; resolve_conflict_as_left; resolve_conflict_as_right; mark_needs_more_evidence; override_validation_status,2024-08-31,West Nile Virus Disease,The Fresno County Department of Public Health reported Monday the county’s first West Nile virus [human death](https://westnile.ca.gov/resources_reports?report_category_id=1) of 2025.,provenance_review,record_schema_validation,"Fresno County, California",P2_medium,125,human_review_items; record_inclusion_decisions; validation_results; validation_source_compatibility_summary,"provenance review - review_record_rec_src_search_d52309fadb48_001 - West Nile virus death confirmed in Fresno County, California","West Nile virus death confirmed in Fresno County, California",https://www.fresnobee.com/news/local/article312243829.html,Inspect the linked artifacts and only then edit a decision file if needed.,"What decision, if any, should a human reviewer record?",rec_src_search_d52309fadb48_001,validation_result,This review item requires human inspection before it should affect downstream interpretation.
,accept_validation_result; mark_validation_result_not_applicable; confirm_conflict; resolve_conflict_as_left; resolve_conflict_as_right; mark_needs_more_evidence; override_validation_status,2024-08-31,West Nile Virus Disease,Kern County has reported 11 human cases while Tulare County has reported 13.,provenance_review,record_schema_validation,"Kern County, California",P2_medium,126,human_review_items; record_inclusion_decisions; validation_results; validation_source_compatibility_summary,"provenance review - review_record_rec_src_search_d52309fadb48_003 - West Nile virus death confirmed in Fresno County, California","West Nile virus death confirmed in Fresno County, California",https://www.fresnobee.com/news/local/article312243829.html,Inspect the linked artifacts and only then edit a decision file if needed.,"What decision, if any, should a human reviewer record?",rec_src_search_d52309fadb48_003,validation_result,This review item requires human inspection before it should affect downstream interpretation.
,accept_validation_result; mark_validation_result_not_applicable; confirm_conflict; resolve_conflict_as_left; resolve_conflict_as_right; mark_needs_more_evidence; override_validation_status,2024-08-31,West Nile Virus Disease,Kern County has reported 11 human cases while Tulare County has reported 13.,provenance_review,record_schema_validation,"Tulare County, California",P2_medium,127,human_review_items; record_inclusion_decisions; validation_results; validation_source_compatibility_summary,"provenance review - review_record_rec_src_search_d52309fadb48_004 - West Nile virus death confirmed in Fresno County, California","West Nile virus death confirmed in Fresno County, California",https://www.fresnobee.com/news/local/article312243829.html,Inspect the linked artifacts and only then edit a decision file if needed.,"What decision, if any, should a human reviewer record?",rec_src_search_d52309fadb48_004,validation_result,This review item requires human inspection before it should affect downstream interpretation.
,accept_validation_result; mark_validation_result_not_applicable; confirm_conflict; resolve_conflict_as_left; resolve_conflict_as_right; mark_needs_more_evidence; override_validation_status,2024-08-31,West Nile Virus Disease,"| **Human cases (fatal)** | 3 (0) | 791 (32) | 880 (21) | 278 (9) | 382 (22) | 446 (15) | 112 (5) | 112 (6) | 159 (9) | 480 (23) | 387 (19) | 842 (34) | 800 (55) | 461 (21) | 556 (44) | 217 (11) | 225 (6) | 214 (15) | 129 (12) | 209 (15) | 433 (20) | 132 (12) | 116 (11) | 0 (0) | 8,364 (417) |",provenance_review,record_schema_validation,California,P2_medium,128,human_review_items; record_inclusion_decisions; validation_results; validation_source_compatibility_summary,provenance review - review_record_rec_src_search_fc3322f3069f_001 - Westnile.ca.gov | California West Nile Virus Website,Westnile.ca.gov | California West Nile Virus Website,https://westnile.ca.gov,Inspect the linked artifacts and only then edit a decision file if needed.,"What decision, if any, should a human reviewer record?",rec_src_search_fc3322f3069f_001,validation_result,This review item requires human inspection before it should affect downstream interpretation.
,accept_validation_result; mark_validation_result_not_applicable; confirm_conflict; resolve_conflict_as_left; resolve_conflict_as_right; mark_needs_more_evidence; override_validation_status,2024-08-31,West Nile Virus Disease,"| **Human cases (fatal)** | 3 (0) | 791 (32) | 880 (21) | 278 (9) | 382 (22) | 446 (15) | 112 (5) | 112 (6) | 159 (9) | 480 (23) | 387 (19) | 842 (34) | 800 (55) | 461 (21) | 556 (44) | 217 (11) | 225 (6) | 214 (15) | 129 (12) | 209 (15) | 433 (20) | 132 (12) | 116 (11) | 0 (0) | 8,364 (417) |",provenance_review,record_schema_validation,California,P2_medium,129,human_review_items; record_inclusion_decisions; validation_results; validation_source_compatibility_summary,provenance review - review_record_rec_src_search_fc3322f3069f_002 - Westnile.ca.gov | California West Nile Virus Website,Westnile.ca.gov | California West Nile Virus Website,https://westnile.ca.gov,Inspect the linked artifacts and only then edit a decision file if needed.,"What decision, if any, should a human reviewer record?",rec_src_search_fc3322f3069f_002,validation_result,This review item requires human inspection before it should affect downstream interpretation.
,accept_validation_result; mark_validation_result_not_applicable; confirm_conflict; resolve_conflict_as_left; resolve_conflict_as_right; mark_needs_more_evidence; override_validation_status,2024-08-31,West Nile Virus Disease,Week 0 0 0,provenance_review,record_schema_validation,California,P3_low,130,human_review_items; record_inclusion_decisions; validation_results; validation_source_compatibility_summary,provenance review - review_record_rec_src_search_ccc444806280_001 - WEEKLY UPDATE - California West Nile Virus,WEEKLY UPDATE - California West Nile Virus,https://westnile.ca.gov/download?download_id=4980,Inspect the linked artifacts and only then edit a decision file if needed.,"What decision, if any, should a human reviewer record?",rec_src_search_ccc444806280_001,validation_result,This review item requires human inspection before it should affect downstream interpretation.
,accept_validation_result; mark_validation_result_not_applicable; confirm_conflict; resolve_conflict_as_left; resolve_conflict_as_right; mark_needs_more_evidence; override_validation_status,2024-08-31,West Nile Virus Disease,YTD 0 0 0,provenance_review,record_schema_validation,California,P3_low,131,human_review_items; record_inclusion_decisions; validation_results; validation_source_compatibility_summary,provenance review - review_record_rec_src_search_ccc444806280_002 - WEEKLY UPDATE - California West Nile Virus,WEEKLY UPDATE - California West Nile Virus,https://westnile.ca.gov/download?download_id=4980,Inspect the linked artifacts and only then edit a decision file if needed.,"What decision, if any, should a human reviewer record?",rec_src_search_ccc444806280_002,validation_result,This review item requires human inspection before it should affect downstream interpretation.
National Center for Biotechnology Information,approve_source_role; override_source_role; exclude_source; mark_source_needs_review,2024-08-01-2024-08-31,West Nile virus,"Task-relevant source text appeared to contain core epidemiology metric signals, but extraction produced no structured records.",general_review,core_metric_extraction_gap,California,P3_low,132,human_review_items; record_inclusion_decisions; source_registry; source_identity_assessments,general review - review_core_metric_gap_src_search_1ae425b278e3 - Risk Factors for West Nile Neuroinvasive Disease and Mortality in ...,Risk Factors for West Nile Neuroinvasive Disease and Mortality in ...,https://pmc.ncbi.nlm.nih.gov/articles/PMC12696598,review_source_for_core_metric_extraction,"What decision, if any, should a human reviewer record?",src_search_1ae425b278e3,source,This review item requires human inspection before it should affect downstream interpretation.
,approve_source_role; override_source_role; exclude_source; mark_source_needs_review,2024-08-01-2024-08-31,West Nile virus,"Task-relevant source text appeared to contain core epidemiology metric signals, but extraction produced no structured records.",general_review,core_metric_extraction_gap,California,P3_low,133,human_review_items; record_inclusion_decisions; source_registry; source_identity_assessments,general review - review_core_metric_gap_src_search_3c1199ba7402 - West Nile Virus - LA West Vector,West Nile Virus - LA West Vector,https://www.lawestvector.org/mosquitoes/west-nile-virus,review_source_for_core_metric_extraction,"What decision, if any, should a human reviewer record?",src_search_3c1199ba7402,source,This review item requires human inspection before it should affect downstream interpretation.
,approve_source_role; override_source_role; exclude_source; mark_source_needs_review,2024-08-01-2024-08-31,West Nile virus,"Task-relevant source text appeared to contain core epidemiology metric signals, but extraction produced no structured records.",general_review,core_metric_extraction_gap,California,P3_low,134,human_review_items; record_inclusion_decisions; source_registry; source_identity_assessments,general review - review_core_metric_gap_src_search_e84ec9daa553 - West Nile virus deaths up by 32% in 2025 | American Medical Association,West Nile virus deaths up by 32% in 2025 | American Medical Association,https://www.ama-assn.org/public-health/infectious-diseases/west-nile-virus-deaths-32-2025,review_source_for_core_metric_extraction,"What decision, if any, should a human reviewer record?",src_search_e84ec9daa553,source,This review item requires human inspection before it should affect downstream interpretation.
,accept_as_is; correct_fields; reject_record; mark_requires_review; mark_review_resolved; mark_non_countable; mark_countable; mark_duplicate; mark_not_duplicate; needs_more_evidence; defer_decision,2024-08-31,West Nile Virus Disease,Week 0 0 0,general_review,record_linking,California,P3_low,135,human_review_items; record_inclusion_decisions; quarantined_records; context_records; final_case_dataset,general review - review_linking_event_021 - WEEKLY UPDATE - California West Nile Virus,WEEKLY UPDATE - California West Nile Virus,https://westnile.ca.gov/download?download_id=4980,Inspect the linked artifacts and only then edit a decision file if needed.,"What decision, if any, should a human reviewer record?",rec_src_search_ccc444806280_001,record,This review item requires human inspection before it should affect downstream interpretation.
,accept_as_is; correct_fields; reject_record; mark_requires_review; mark_review_resolved; mark_non_countable; mark_countable; mark_duplicate; mark_not_duplicate; needs_more_evidence; defer_decision,2024-08-31,West Nile Virus Disease,Week 0 0 0,general_review,record_normalization,California,P3_low,136,human_review_items; record_inclusion_decisions; quarantined_records; context_records; final_case_dataset,general review - review_normalization_rec_src_search_ccc444806280_001 - WEEKLY UPDATE - California West Nile Virus,WEEKLY UPDATE - California West Nile Virus,https://westnile.ca.gov/download?download_id=4980,Inspect the linked artifacts and only then edit a decision file if needed.,"What decision, if any, should a human reviewer record?",rec_src_search_ccc444806280_001,record,This review item requires human inspection before it should affect downstream interpretation.
,accept_as_is; correct_fields; reject_record; mark_requires_review; mark_review_resolved; mark_non_countable; mark_countable; mark_duplicate; mark_not_duplicate; needs_more_evidence; defer_decision,2024-08-31,West Nile Virus Disease,YTD 0 0 0,general_review,record_normalization,California,P3_low,137,human_review_items; record_inclusion_decisions; quarantined_records; context_records; final_case_dataset,general review - review_normalization_rec_src_search_ccc444806280_002 - WEEKLY UPDATE - California West Nile Virus,WEEKLY UPDATE - California West Nile Virus,https://westnile.ca.gov/download?download_id=4980,Inspect the linked artifacts and only then edit a decision file if needed.,"What decision, if any, should a human reviewer record?",rec_src_search_ccc444806280_002,record,This review item requires human inspection before it should affect downstream interpretation.
,approve_source_role; override_source_role; exclude_source; mark_source_needs_review,2024-08-01-2024-08-31,West Nile virus,,general_review,source_screening,California,P3_low,138,human_review_items; record_inclusion_decisions; source_registry; source_identity_assessments,"general review - review_source_src_search_03944a8a91ef - According to the Center for Disease Control, West Nile cases have ...","According to the Center for Disease Control, West Nile cases have ...",https://www.facebook.com/WTKR3/posts/according-to-the-center-for-disease-control-west-nile-cases-have-been-reported-i/627854868940886,Inspect the linked artifacts and only then edit a decision file if needed.,"What decision, if any, should a human reviewer record?",src_search_03944a8a91ef,source,This review item requires human inspection before it should affect downstream interpretation.
,approve_source_role; override_source_role; exclude_source; mark_source_needs_review,2024-08-01-2024-08-31,West Nile virus,,general_review,source_screening,California,P3_low,139,human_review_items; record_inclusion_decisions; source_registry; source_identity_assessments,general review - review_source_src_search_0d4e7ec87258 - Health officials report 3 West Nile virus deaths; warn of mosquito ...,Health officials report 3 West Nile virus deaths; warn of mosquito ...,https://abcnews.com/US/health-officials-report-3-west-nile-virus-deaths/story?id=113256243,Inspect the linked artifacts and only then edit a decision file if needed.,"What decision, if any, should a human reviewer record?",src_search_0d4e7ec87258,source,This review item requires human inspection before it should affect downstream interpretation.
,approve_source_role; override_source_role; exclude_source; mark_source_needs_review,2024-08-01-2024-08-31,West Nile virus,,general_review,source_screening,California,P3_low,140,human_review_items; record_inclusion_decisions; source_registry; source_identity_assessments,"general review - review_source_src_search_20cc0cc9d540 - 2025 declared West Nile virus (WNV) ""outbreak year""","2025 declared West Nile virus (WNV) ""outbreak year""",https://beaconbio.org/en/report?reportid=9e6a7973-dc07-49f2-bfb1-53a2a13e20c6&eventid=06189783-12d9-4850-a702-3ccc4b256e5f,Inspect the linked artifacts and only then edit a decision file if needed.,"What decision, if any, should a human reviewer record?",src_search_20cc0cc9d540,source,This review item requires human inspection before it should affect downstream interpretation.
,approve_source_role; override_source_role; exclude_source; mark_source_needs_review,2024-08-01-2024-08-31,West Nile virus,,general_review,source_screening,California,P3_low,141,human_review_items; record_inclusion_decisions; source_registry; source_identity_assessments,general review - review_source_src_search_425783e5bf74 - Sacramento Co. senior citizen is first West Nile death this year,Sacramento Co. senior citizen is first West Nile death this year,https://www.abc10.com/article/news/health/sacramento-co-senior-citizen-is-first-west-nile-death-this-year/103-288358015,Inspect the linked artifacts and only then edit a decision file if needed.,"What decision, if any, should a human reviewer record?",src_search_425783e5bf74,source,This review item requires human inspection before it should affect downstream interpretation.
,approve_source_role; override_source_role; exclude_source; mark_source_needs_review,2024-08-01-2024-08-31,West Nile virus,,general_review,source_screening,California,P3_low,142,human_review_items; record_inclusion_decisions; source_registry; source_identity_assessments,general review - review_source_src_search_53b59cfa3d96 - CDPH Confirms First Human West Nile Virus Deaths ...,CDPH Confirms First Human West Nile Virus Deaths ...,https://www.facebook.com/KernValleySun/posts/via-the-california-department-of-public-health-cdph-confirms-first-human-west-ni/1407441495972223,Inspect the linked artifacts and only then edit a decision file if needed.,"What decision, if any, should a human reviewer record?",src_search_53b59cfa3d96,source,This review item requires human inspection before it should affect downstream interpretation.
Centers for Disease Control and Prevention,approve_source_role; override_source_role; exclude_source; mark_source_needs_review,2024-08-01-2024-08-31,West Nile virus,,general_review,source_screening,California,P3_low,143,human_review_items; record_inclusion_decisions; source_registry; source_identity_assessments,general review - review_source_src_search_562949a04bda - The CDC has confirmed 174 cases of West Nile this year ...,The CDC has confirmed 174 cases of West Nile this year ...,https://www.facebook.com/PopSci/posts/the-cdc-has-confirmed-174-cases-of-west-nile-this-year-113-of-which-have-been-ne/877189594282881,Inspect the linked artifacts and only then edit a decision file if needed.,"What decision, if any, should a human reviewer record?",src_search_562949a04bda,source,This review item requires human inspection before it should affect downstream interpretation.
,approve_source_role; override_source_role; exclude_source; mark_source_needs_review,2024-08-01-2024-08-31,West Nile virus,,general_review,source_screening,California,P3_low,144,human_review_items; record_inclusion_decisions; source_registry; source_identity_assessments,general review - review_source_src_search_57a4e03b15a3 - First Illinois West Nile Virus Death of 2024 is Reported by IDPH in ...,First Illinois West Nile Virus Death of 2024 is Reported by IDPH in ...,https://dph.illinois.gov/resource-center/news/2024/august/first-illinois-west-nile-virus-death-of-2024-is-reported-by-idph.html,Inspect the linked artifacts and only then edit a decision file if needed.,"What decision, if any, should a human reviewer record?",src_search_57a4e03b15a3,source,This review item requires human inspection before it should affect downstream interpretation.
,approve_source_role; override_source_role; exclude_source; mark_source_needs_review,2024-08-01-2024-08-31,West Nile virus,,general_review,source_screening,California,P3_low,145,human_review_items; record_inclusion_decisions; source_registry; source_identity_assessments,general review - review_source_src_search_59c1e9439fee - 2 states report first West Nile deaths of 2024 - WAFB,2 states report first West Nile deaths of 2024 - WAFB,https://www.wafb.com/2024/08/30/2-states-report-first-west-nile-deaths-2024,Inspect the linked artifacts and only then edit a decision file if needed.,"What decision, if any, should a human reviewer record?",src_search_59c1e9439fee,source,This review item requires human inspection before it should affect downstream interpretation.
,approve_source_role; override_source_role; exclude_source; mark_source_needs_review,2024-08-01-2024-08-31,West Nile virus,,general_review,source_screening,California,P3_low,146,human_review_items; record_inclusion_decisions; source_registry; source_identity_assessments,general review - review_source_src_search_5d796f40b9b1 - West Nile Virus Activity 2024,West Nile Virus Activity 2024,https://www.glamosquito.org/west-nile-virus-activity-2024,Inspect the linked artifacts and only then edit a decision file if needed.,"What decision, if any, should a human reviewer record?",src_search_5d796f40b9b1,source,This review item requires human inspection before it should affect downstream interpretation.
,approve_source_role; override_source_role; exclude_source; mark_source_needs_review,2024-08-01-2024-08-31,West Nile virus,,general_review,source_screening,California,P3_low,147,human_review_items; record_inclusion_decisions; source_registry; source_identity_assessments,general review - review_source_src_search_75f2c3795fd4 - West Nile death reported in California - Facebook,West Nile death reported in California - Facebook,https://www.facebook.com/CIDRAP/posts/west-nile-death-reported-in-californiathe-death-in-a-county-where-high-numbers-o/1405077108284639,Inspect the linked artifacts and only then edit a decision file if needed.,"What decision, if any, should a human reviewer record?",src_search_75f2c3795fd4,source,This review item requires human inspection before it should affect downstream interpretation.
,approve_source_role; override_source_role; exclude_source; mark_source_needs_review,2024-08-01-2024-08-31,West Nile virus,,general_review,source_screening,California,P3_low,148,human_review_items; record_inclusion_decisions; source_registry; source_identity_assessments,general review - review_source_src_search_7ae413ceb126 - [PDF] First Human Death Caused by West Nile Virus in Fresno County,[PDF] First Human Death Caused by West Nile Virus in Fresno County,https://www.fresnocountyca.gov/files/sharedassets/county/v/1/public-health/dph-news-releases/2024/09-13-2024-news-release-first-human-death-caused-by-west-nile-virus-in-fresno-county.pdf,Inspect the linked artifacts and only then edit a decision file if needed.,"What decision, if any, should a human reviewer record?",src_search_7ae413ceb126,source,This review item requires human inspection before it should affect downstream interpretation.
,approve_source_role; override_source_role; exclude_source; mark_source_needs_review,2024-08-01-2024-08-31,West Nile virus,,general_review,source_screening,California,P3_low,149,human_review_items; record_inclusion_decisions; source_registry; source_identity_assessments,general review - review_source_src_search_87c273c59b72 - First human death caused by West Nile Virus in Fresno County - KBAK,First human death caused by West Nile Virus in Fresno County - KBAK,https://bakersfieldnow.com/news/local/first-human-death-caused-by-west-nile-virus-in-fresno-county,Inspect the linked artifacts and only then edit a decision file if needed.,"What decision, if any, should a human reviewer record?",src_search_87c273c59b72,source,This review item requires human inspection before it should affect downstream interpretation.
,approve_source_role; override_source_role; exclude_source; mark_source_needs_review,2024-08-01-2024-08-31,West Nile virus,,general_review,source_screening,California,P3_low,150,human_review_items; record_inclusion_decisions; source_registry; source_identity_assessments,general review - review_source_src_search_a645bfb8a3aa - A dead bird with West Nile Virus was found in Fresno ... - Facebook,A dead bird with West Nile Virus was found in Fresno ... - Facebook,https://www.facebook.com/KSEE24/posts/a-dead-bird-with-west-nile-virus-was-found-in-fresno-marking-the-first-detection/1391215369719657,Inspect the linked artifacts and only then edit a decision file if needed.,"What decision, if any, should a human reviewer record?",src_search_a645bfb8a3aa,source,This review item requires human inspection before it should affect downstream interpretation.
,approve_source_role; override_source_role; exclude_source; mark_source_needs_review,2024-08-01-2024-08-31,West Nile virus,,general_review,source_screening,California,P3_low,151,human_review_items; record_inclusion_decisions; source_registry; source_identity_assessments,"general review - review_source_src_search_bd6a1ec7a68e - West Nile Virus 2024: Cases Are On The Rise, What Experts Say","West Nile Virus 2024: Cases Are On The Rise, What Experts Say",https://www.today.com/health/disease/west-nile-virus-symptoms-rcna165518,Inspect the linked artifacts and only then edit a decision file if needed.,"What decision, if any, should a human reviewer record?",src_search_bd6a1ec7a68e,source,This review item requires human inspection before it should affect downstream interpretation.
,approve_source_role; override_source_role; exclude_source; mark_source_needs_review,2024-08-01-2024-08-31,West Nile virus,,general_review,source_screening,California,P3_low,152,human_review_items; record_inclusion_decisions; source_registry; source_identity_assessments,general review - review_source_src_search_c302835aa323 - West Nile Virus in USA States,West Nile Virus in USA States,https://experience.arcgis.com/experience/28087458143447c181e452b295f8a7e7,Inspect the linked artifacts and only then edit a decision file if needed.,"What decision, if any, should a human reviewer record?",src_search_c302835aa323,source,This review item requires human inspection before it should affect downstream interpretation.
CIDRAP,approve_source_role; override_source_role; exclude_source; mark_source_needs_review,2024-08-01-2024-08-31,West Nile virus,,general_review,source_screening,California,P3_low,153,human_review_items; record_inclusion_decisions; source_registry; source_identity_assessments,general review - review_source_src_search_c95b5eedc56a - West Nile death reported in California - CIDRAP,West Nile death reported in California - CIDRAP,https://www.cidrap.umn.edu/west-nile/west-nile-death-reported-california,Inspect the linked artifacts and only then edit a decision file if needed.,"What decision, if any, should a human reviewer record?",src_search_c95b5eedc56a,source,This review item requires human inspection before it should affect downstream interpretation.
,approve_source_role; override_source_role; exclude_source; mark_source_needs_review,2024-08-01-2024-08-31,West Nile virus,,general_review,source_screening,California,P3_low,154,human_review_items; record_inclusion_decisions; source_registry; source_identity_assessments,general review - review_source_src_search_d13acbb2adbe - Los Angeles County has reported its first death of 2024 from West ...,Los Angeles County has reported its first death of 2024 from West ...,https://www.facebook.com/LosAngelesmag/posts/los-angeles-county-has-reported-its-first-death-of-2024-from-west-nile-virus-a-m/939094768256100,Inspect the linked artifacts and only then edit a decision file if needed.,"What decision, if any, should a human reviewer record?",src_search_d13acbb2adbe,source,This review item requires human inspection before it should affect downstream interpretation.
,approve_source_role; override_source_role; exclude_source; mark_source_needs_review,2024-08-01-2024-08-31,West Nile virus,,general_review,source_screening,California,P3_low,155,human_review_items; record_inclusion_decisions; source_registry; source_identity_assessments,"general review - review_source_src_search_d52309fadb48 - West Nile virus death confirmed in Fresno County, California","West Nile virus death confirmed in Fresno County, California",https://www.fresnobee.com/news/local/article312243829.html,Inspect the linked artifacts and only then edit a decision file if needed.,"What decision, if any, should a human reviewer record?",src_search_d52309fadb48,source,This review item requires human inspection before it should affect downstream interpretation.
,approve_source_role; override_source_role; exclude_source; mark_source_needs_review,2024-08-01-2024-08-31,West Nile virus,,general_review,source_screening,California,P3_low,156,human_review_items; record_inclusion_decisions; source_registry; source_identity_assessments,general review - review_source_src_search_e8849371789f - [PDF] County of Fresno - Consolidated Mosquito Abatement District,[PDF] County of Fresno - Consolidated Mosquito Abatement District,https://www.consolidatedmadca.gov/files/863bfb982/Joint+News+Release-+Positive+West+Nile+Virus+Human+Infections+Confirmed+in+Fresno+County+7.10.24.pdf,Inspect the linked artifacts and only then edit a decision file if needed.,"What decision, if any, should a human reviewer record?",src_search_e8849371789f,source,This review item requires human inspection before it should affect downstream interpretation.
,approve_source_role; override_source_role; exclude_source; mark_source_needs_review,2024-08-01-2024-08-31,West Nile virus,,general_review,source_screening,California,P3_low,157,human_review_items; record_inclusion_decisions; source_registry; source_identity_assessments,general review - review_source_src_search_fbdec1bc87c7 - Fresno County is among nine counties in California reporting West ...,Fresno County is among nine counties in California reporting West ...,https://www.facebook.com/ABC30/posts/fresno-county-is-among-nine-counties-in-california-reporting-west-nile-virus-act/1437750781716207,Inspect the linked artifacts and only then edit a decision file if needed.,"What decision, if any, should a human reviewer record?",src_search_fbdec1bc87c7,source,This review item requires human inspection before it should affect downstream interpretation.
