edge_type,reason,source,source_type,target,target_type,warnings
fetched_as,document.source_id links to source,source:src_search_9d8411eba09d,source,document:doc_001,document,
fetched_as,document.source_id links to source,source:src_search_ee3c4e1dc1cd,source,document:doc_002,document,
fetched_as,document.source_id links to source,source:src_search_c6833da45d7d,source,document:doc_003,document,
fetched_as,document.source_id links to source,source:src_search_f72980cd3634,source,document:doc_004,document,
fetched_as,document.source_id links to source,source:src_search_b74bccc017c5,source,document:doc_005,document,
fetched_as,document.source_id links to source,source:src_search_c72bcb75c75a,source,document:doc_006,document,
fetched_as,document.source_id links to source,source:src_search_fd4c39b5e976,source,document:doc_007,document,
fetched_as,document.source_id links to source,source:src_search_a9306f6e1687,source,document:doc_008,document,
fetched_as,document.source_id links to source,source:src_search_5b7e6dfb326c,source,document:doc_009,document,
fetched_as,document.source_id links to source,source:src_search_b4917c664acb,source,document:doc_010,document,
fetched_as,document.source_id links to source,source:src_search_743df961a25b,source,document:doc_011,document,
fetched_as,document.source_id links to source,source:src_search_90be6a027c41,source,document:doc_012,document,
fetched_as,document.source_id links to source,source:src_search_b7d3f18e0f1a,source,document:doc_013,document,
fetched_as,document.source_id links to source,source:src_search_842f34417a13,source,document:doc_014,document,
fetched_as,document.source_id links to source,source:src_search_ee903f91c827,source,document:doc_015,document,
fetched_as,document.source_id links to source,source:src_search_8572f55d7887,source,document:doc_016,document,
fetched_as,document.source_id links to source,source:src_search_259ad39d29b4,source,document:doc_017,document,
fetched_as,document.source_id links to source,source:src_search_f0add2a7316b,source,document:doc_018,document,
fetched_as,document.source_id links to source,source:src_search_72af26a33522,source,document:doc_019,document,
fetched_as,document.source_id links to source,source:src_search_b8ca758c1979,source,document:doc_020,document,
fetched_as,document.source_id links to source,source:src_search_eaa906b768dd,source,document:doc_021,document,
fetched_as,document.source_id links to source,source:src_search_5501ac241962,source,document:doc_022,document,
fetched_as,document.source_id links to source,source:src_search_9d8411eba09d,source,document:doc_023,document,
fetched_as,document.source_id links to source,source:src_search_ee3c4e1dc1cd,source,document:doc_024,document,
fetched_as,document.source_id links to source,source:src_search_c6833da45d7d,source,document:doc_025,document,
fetched_as,document.source_id links to source,source:src_search_f72980cd3634,source,document:doc_026,document,
fetched_as,document.source_id links to source,source:src_search_b74bccc017c5,source,document:doc_027,document,
fetched_as,document.source_id links to source,source:src_search_c72bcb75c75a,source,document:doc_028,document,
fetched_as,document.source_id links to source,source:src_search_fd4c39b5e976,source,document:doc_029,document,
fetched_as,document.source_id links to source,source:src_search_a9306f6e1687,source,document:doc_030,document,
fetched_as,document.source_id links to source,source:src_search_5b7e6dfb326c,source,document:doc_031,document,
fetched_as,document.source_id links to source,source:src_search_b4917c664acb,source,document:doc_032,document,
fetched_as,document.source_id links to source,source:src_search_743df961a25b,source,document:doc_033,document,
fetched_as,document.source_id links to source,source:src_search_90be6a027c41,source,document:doc_034,document,
fetched_as,document.source_id links to source,source:src_search_b7d3f18e0f1a,source,document:doc_035,document,
fetched_as,document.source_id links to source,source:src_search_842f34417a13,source,document:doc_036,document,
fetched_as,document.source_id links to source,source:src_search_ee903f91c827,source,document:doc_037,document,
fetched_as,document.source_id links to source,source:src_search_8572f55d7887,source,document:doc_038,document,
fetched_as,document.source_id links to source,source:src_search_259ad39d29b4,source,document:doc_039,document,
fetched_as,document.source_id links to source,source:src_search_f0add2a7316b,source,document:doc_040,document,
fetched_as,document.source_id links to source,source:src_search_72af26a33522,source,document:doc_041,document,
fetched_as,document.source_id links to source,source:src_search_b8ca758c1979,source,document:doc_042,document,
fetched_as,document.source_id links to source,source:src_search_eaa906b768dd,source,document:doc_043,document,
fetched_as,document.source_id links to source,source:src_search_5501ac241962,source,document:doc_044,document,
fetched_as,document.source_id links to source,source:src_search_1596aec16d67,source,document:doc_045,document,
fetched_as,document.source_id links to source,source:src_search_31a704d793a7,source,document:doc_046,document,
fetched_as,document.source_id links to source,source:src_search_6fd0f55c1c05,source,document:doc_047,document,
fetched_as,document.source_id links to source,source:src_search_e1ed8475f6ab,source,document:doc_048,document,
fetched_as,document.source_id links to source,source:src_search_8ca119dddbda,source,document:doc_049,document,
fetched_as,document.source_id links to source,source:src_search_c480a6694da2,source,document:doc_050,document,
fetched_as,document.source_id links to source,source:src_search_ade8b70e4990,source,document:doc_051,document,
fetched_as,document.source_id links to source,source:src_search_f4d05ea78792,source,document:doc_052,document,
fetched_as,document.source_id links to source,source:src_search_d7abef8536a2,source,document:doc_053,document,
fetched_as,document.source_id links to source,source:src_search_2d165d3a4d7e,source,document:doc_054,document,
fetched_as,document.source_id links to source,source:src_search_82f83b77a6d8,source,document:doc_055,document,
fetched_as,document.source_id links to source,source:src_search_3a310a531aa5,source,document:doc_056,document,
fetched_as,document.source_id links to source,source:src_search_2db27965c0f8,source,document:doc_057,document,
fetched_as,document.source_id links to source,source:src_search_f1f4266d2f42,source,document:doc_058,document,
fetched_as,document.source_id links to source,source:src_search_b5d35a763cb2,source,document:doc_059,document,
fetched_as,document.source_id links to source,source:src_search_2a116853cc42,source,document:doc_060,document,
fetched_as,document.source_id links to source,source:src_search_55902341c014,source,document:doc_061,document,
fetched_as,document.source_id links to source,source:src_search_fec52be8f139,source,document:doc_062,document,
fetched_as,document.source_id links to source,source:src_search_5819ad1d30fd,source,document:doc_063,document,
extracted_into,record.supporting_chunk_id links to evidence chunk,evidence_chunk:chunk_src_search_9d8411eba09d_004,evidence_chunk,raw_record:rec_src_search_9d8411eba09d_001,raw_record,
extracted_into,record.supporting_chunk_id links to evidence chunk,evidence_chunk:chunk_src_search_9d8411eba09d_004,evidence_chunk,raw_record:rec_src_search_9d8411eba09d_002,raw_record,
extracted_into,record.supporting_chunk_id links to evidence chunk,evidence_chunk:chunk_src_search_ee3c4e1dc1cd_006,evidence_chunk,raw_record:rec_src_search_ee3c4e1dc1cd_001,raw_record,
extracted_into,record.supporting_chunk_id links to evidence chunk,evidence_chunk:chunk_src_search_ee3c4e1dc1cd_006,evidence_chunk,raw_record:rec_src_search_ee3c4e1dc1cd_002,raw_record,
extracted_into,record.supporting_chunk_id links to evidence chunk,evidence_chunk:chunk_src_search_5b7e6dfb326c_005,evidence_chunk,raw_record:rec_src_search_5b7e6dfb326c_001,raw_record,
extracted_into,record.supporting_chunk_id links to evidence chunk,evidence_chunk:chunk_src_search_5b7e6dfb326c_005,evidence_chunk,raw_record:rec_src_search_5b7e6dfb326c_002,raw_record,
extracted_into,record.supporting_chunk_id links to evidence chunk,evidence_chunk:chunk_src_search_743df961a25b_006,evidence_chunk,raw_record:rec_src_search_743df961a25b_001,raw_record,
extracted_into,record.supporting_chunk_id links to evidence chunk,evidence_chunk:chunk_src_search_743df961a25b_006,evidence_chunk,raw_record:rec_src_search_743df961a25b_002,raw_record,
extracted_into,record.supporting_chunk_id links to evidence chunk,evidence_chunk:chunk_src_search_b74bccc017c5_006,evidence_chunk,raw_record:rec_src_search_b74bccc017c5_001,raw_record,
extracted_into,record.supporting_chunk_id links to evidence chunk,evidence_chunk:chunk_src_search_b74bccc017c5_006,evidence_chunk,raw_record:rec_src_search_b74bccc017c5_002,raw_record,
extracted_into,record.supporting_chunk_id links to evidence chunk,evidence_chunk:chunk_src_search_b74bccc017c5_006,evidence_chunk,raw_record:rec_src_search_b74bccc017c5_003,raw_record,
extracted_into,record.supporting_chunk_id links to evidence chunk,evidence_chunk:chunk_src_search_f0add2a7316b_011,evidence_chunk,raw_record:rec_src_search_f0add2a7316b_001,raw_record,
extracted_into,record.supporting_chunk_id links to evidence chunk,evidence_chunk:chunk_src_search_f0add2a7316b_011,evidence_chunk,raw_record:rec_src_search_f0add2a7316b_002,raw_record,
extracted_into,record.supporting_chunk_id links to evidence chunk,evidence_chunk:chunk_src_search_f0add2a7316b_024,evidence_chunk,raw_record:rec_src_search_f0add2a7316b_003,raw_record,
extracted_into,record.supporting_chunk_id links to evidence chunk,evidence_chunk:chunk_src_search_f0add2a7316b_024,evidence_chunk,raw_record:rec_src_search_f0add2a7316b_004,raw_record,
extracted_into,record.supporting_chunk_id links to evidence chunk,evidence_chunk:chunk_src_search_72af26a33522_023,evidence_chunk,raw_record:rec_src_search_72af26a33522_001,raw_record,
extracted_into,record.supporting_chunk_id links to evidence chunk,evidence_chunk:chunk_src_search_72af26a33522_025,evidence_chunk,raw_record:rec_src_search_72af26a33522_002,raw_record,
extracted_into,record.supporting_chunk_id links to evidence chunk,evidence_chunk:chunk_src_search_72af26a33522_025,evidence_chunk,raw_record:rec_src_search_72af26a33522_003,raw_record,
extracted_into,record.supporting_chunk_id links to evidence chunk,evidence_chunk:chunk_src_search_b8ca758c1979_020,evidence_chunk,raw_record:rec_src_search_b8ca758c1979_001,raw_record,
extracted_into,record.supporting_chunk_id links to evidence chunk,evidence_chunk:chunk_src_search_9d8411eba09d_001,evidence_chunk,raw_record:rec_src_search_9d8411eba09d_003,raw_record,
extracted_into,record.supporting_chunk_id links to evidence chunk,evidence_chunk:chunk_src_search_9d8411eba09d_001,evidence_chunk,raw_record:rec_src_search_9d8411eba09d_004,raw_record,
extracted_into,record.supporting_chunk_id links to evidence chunk,evidence_chunk:chunk_src_search_9d8411eba09d_001,evidence_chunk,raw_record:rec_src_search_9d8411eba09d_005,raw_record,
extracted_into,record.supporting_chunk_id links to evidence chunk,evidence_chunk:chunk_src_search_ee3c4e1dc1cd_001,evidence_chunk,raw_record:rec_src_search_ee3c4e1dc1cd_003,raw_record,
extracted_into,record.supporting_chunk_id links to evidence chunk,evidence_chunk:chunk_src_search_ee3c4e1dc1cd_001,evidence_chunk,raw_record:rec_src_search_ee3c4e1dc1cd_004,raw_record,
extracted_into,record.supporting_chunk_id links to evidence chunk,evidence_chunk:chunk_src_search_f72980cd3634_001,evidence_chunk,raw_record:rec_src_search_f72980cd3634_001,raw_record,
extracted_into,record.supporting_chunk_id links to evidence chunk,evidence_chunk:chunk_src_search_f72980cd3634_001,evidence_chunk,raw_record:rec_src_search_f72980cd3634_002,raw_record,
extracted_into,record.supporting_chunk_id links to evidence chunk,evidence_chunk:chunk_src_search_b74bccc017c5_001,evidence_chunk,raw_record:rec_src_search_b74bccc017c5_004,raw_record,
extracted_into,record.supporting_chunk_id links to evidence chunk,evidence_chunk:chunk_src_search_c72bcb75c75a_001,evidence_chunk,raw_record:rec_src_search_c72bcb75c75a_001,raw_record,
extracted_into,record.supporting_chunk_id links to evidence chunk,evidence_chunk:chunk_src_search_c72bcb75c75a_001,evidence_chunk,raw_record:rec_src_search_c72bcb75c75a_002,raw_record,
extracted_into,record.supporting_chunk_id links to evidence chunk,evidence_chunk:chunk_src_search_fd4c39b5e976_001,evidence_chunk,raw_record:rec_src_search_fd4c39b5e976_001,raw_record,
extracted_into,record.supporting_chunk_id links to evidence chunk,evidence_chunk:chunk_src_search_fd4c39b5e976_001,evidence_chunk,raw_record:rec_src_search_fd4c39b5e976_002,raw_record,
extracted_into,record.supporting_chunk_id links to evidence chunk,evidence_chunk:chunk_src_search_a9306f6e1687_001,evidence_chunk,raw_record:rec_src_search_a9306f6e1687_001,raw_record,
extracted_into,record.supporting_chunk_id links to evidence chunk,evidence_chunk:chunk_src_search_5b7e6dfb326c_001,evidence_chunk,raw_record:rec_src_search_5b7e6dfb326c_003,raw_record,
extracted_into,record.supporting_chunk_id links to evidence chunk,evidence_chunk:chunk_src_search_9d8411eba09d_004,evidence_chunk,validated_record:rec_src_search_9d8411eba09d_001,validated_record,
extracted_into,record.supporting_chunk_id links to evidence chunk,evidence_chunk:chunk_src_search_9d8411eba09d_004,evidence_chunk,validated_record:rec_src_search_9d8411eba09d_002,validated_record,
extracted_into,record.supporting_chunk_id links to evidence chunk,evidence_chunk:chunk_src_search_ee3c4e1dc1cd_006,evidence_chunk,validated_record:rec_src_search_ee3c4e1dc1cd_001,validated_record,
extracted_into,record.supporting_chunk_id links to evidence chunk,evidence_chunk:chunk_src_search_ee3c4e1dc1cd_006,evidence_chunk,validated_record:rec_src_search_ee3c4e1dc1cd_002,validated_record,
extracted_into,record.supporting_chunk_id links to evidence chunk,evidence_chunk:chunk_src_search_5b7e6dfb326c_005,evidence_chunk,validated_record:rec_src_search_5b7e6dfb326c_001,validated_record,
extracted_into,record.supporting_chunk_id links to evidence chunk,evidence_chunk:chunk_src_search_5b7e6dfb326c_005,evidence_chunk,validated_record:rec_src_search_5b7e6dfb326c_002,validated_record,
extracted_into,record.supporting_chunk_id links to evidence chunk,evidence_chunk:chunk_src_search_743df961a25b_006,evidence_chunk,validated_record:rec_src_search_743df961a25b_001,validated_record,
extracted_into,record.supporting_chunk_id links to evidence chunk,evidence_chunk:chunk_src_search_743df961a25b_006,evidence_chunk,validated_record:rec_src_search_743df961a25b_002,validated_record,
extracted_into,record.supporting_chunk_id links to evidence chunk,evidence_chunk:chunk_src_search_b74bccc017c5_006,evidence_chunk,validated_record:rec_src_search_b74bccc017c5_001,validated_record,
extracted_into,record.supporting_chunk_id links to evidence chunk,evidence_chunk:chunk_src_search_b74bccc017c5_006,evidence_chunk,validated_record:rec_src_search_b74bccc017c5_002,validated_record,
extracted_into,record.supporting_chunk_id links to evidence chunk,evidence_chunk:chunk_src_search_b74bccc017c5_006,evidence_chunk,validated_record:rec_src_search_b74bccc017c5_003,validated_record,
extracted_into,record.supporting_chunk_id links to evidence chunk,evidence_chunk:chunk_src_search_f0add2a7316b_011,evidence_chunk,validated_record:rec_src_search_f0add2a7316b_001,validated_record,
extracted_into,record.supporting_chunk_id links to evidence chunk,evidence_chunk:chunk_src_search_f0add2a7316b_011,evidence_chunk,validated_record:rec_src_search_f0add2a7316b_002,validated_record,
extracted_into,record.supporting_chunk_id links to evidence chunk,evidence_chunk:chunk_src_search_f0add2a7316b_024,evidence_chunk,validated_record:rec_src_search_f0add2a7316b_003,validated_record,
extracted_into,record.supporting_chunk_id links to evidence chunk,evidence_chunk:chunk_src_search_f0add2a7316b_024,evidence_chunk,validated_record:rec_src_search_f0add2a7316b_004,validated_record,
extracted_into,record.supporting_chunk_id links to evidence chunk,evidence_chunk:chunk_src_search_72af26a33522_023,evidence_chunk,validated_record:rec_src_search_72af26a33522_001,validated_record,
extracted_into,record.supporting_chunk_id links to evidence chunk,evidence_chunk:chunk_src_search_72af26a33522_025,evidence_chunk,validated_record:rec_src_search_72af26a33522_002,validated_record,
extracted_into,record.supporting_chunk_id links to evidence chunk,evidence_chunk:chunk_src_search_72af26a33522_025,evidence_chunk,validated_record:rec_src_search_72af26a33522_003,validated_record,
extracted_into,record.supporting_chunk_id links to evidence chunk,evidence_chunk:chunk_src_search_b8ca758c1979_020,evidence_chunk,validated_record:rec_src_search_b8ca758c1979_001,validated_record,
extracted_into,record.supporting_chunk_id links to evidence chunk,evidence_chunk:chunk_src_search_9d8411eba09d_001,evidence_chunk,validated_record:rec_src_search_9d8411eba09d_003,validated_record,
extracted_into,record.supporting_chunk_id links to evidence chunk,evidence_chunk:chunk_src_search_9d8411eba09d_001,evidence_chunk,validated_record:rec_src_search_9d8411eba09d_004,validated_record,
extracted_into,record.supporting_chunk_id links to evidence chunk,evidence_chunk:chunk_src_search_9d8411eba09d_001,evidence_chunk,validated_record:rec_src_search_9d8411eba09d_005,validated_record,
extracted_into,record.supporting_chunk_id links to evidence chunk,evidence_chunk:chunk_src_search_ee3c4e1dc1cd_001,evidence_chunk,validated_record:rec_src_search_ee3c4e1dc1cd_003,validated_record,
extracted_into,record.supporting_chunk_id links to evidence chunk,evidence_chunk:chunk_src_search_ee3c4e1dc1cd_001,evidence_chunk,validated_record:rec_src_search_ee3c4e1dc1cd_004,validated_record,
extracted_into,record.supporting_chunk_id links to evidence chunk,evidence_chunk:chunk_src_search_f72980cd3634_001,evidence_chunk,validated_record:rec_src_search_f72980cd3634_001,validated_record,
extracted_into,record.supporting_chunk_id links to evidence chunk,evidence_chunk:chunk_src_search_f72980cd3634_001,evidence_chunk,validated_record:rec_src_search_f72980cd3634_002,validated_record,
extracted_into,record.supporting_chunk_id links to evidence chunk,evidence_chunk:chunk_src_search_b74bccc017c5_001,evidence_chunk,validated_record:rec_src_search_b74bccc017c5_004,validated_record,
extracted_into,record.supporting_chunk_id links to evidence chunk,evidence_chunk:chunk_src_search_c72bcb75c75a_001,evidence_chunk,validated_record:rec_src_search_c72bcb75c75a_001,validated_record,
extracted_into,record.supporting_chunk_id links to evidence chunk,evidence_chunk:chunk_src_search_c72bcb75c75a_001,evidence_chunk,validated_record:rec_src_search_c72bcb75c75a_002,validated_record,
extracted_into,record.supporting_chunk_id links to evidence chunk,evidence_chunk:chunk_src_search_fd4c39b5e976_001,evidence_chunk,validated_record:rec_src_search_fd4c39b5e976_001,validated_record,
extracted_into,record.supporting_chunk_id links to evidence chunk,evidence_chunk:chunk_src_search_fd4c39b5e976_001,evidence_chunk,validated_record:rec_src_search_fd4c39b5e976_002,validated_record,
extracted_into,record.supporting_chunk_id links to evidence chunk,evidence_chunk:chunk_src_search_a9306f6e1687_001,evidence_chunk,validated_record:rec_src_search_a9306f6e1687_001,validated_record,
extracted_into,record.supporting_chunk_id links to evidence chunk,evidence_chunk:chunk_src_search_5b7e6dfb326c_001,evidence_chunk,validated_record:rec_src_search_5b7e6dfb326c_003,validated_record,
extracted_into,record.supporting_chunk_id links to evidence chunk,evidence_chunk:chunk_src_search_9d8411eba09d_004,evidence_chunk,normalized_record:rec_src_search_9d8411eba09d_001,normalized_record,
extracted_into,record.supporting_chunk_id links to evidence chunk,evidence_chunk:chunk_src_search_9d8411eba09d_004,evidence_chunk,normalized_record:rec_src_search_9d8411eba09d_002,normalized_record,
extracted_into,record.supporting_chunk_id links to evidence chunk,evidence_chunk:chunk_src_search_ee3c4e1dc1cd_006,evidence_chunk,normalized_record:rec_src_search_ee3c4e1dc1cd_001,normalized_record,
extracted_into,record.supporting_chunk_id links to evidence chunk,evidence_chunk:chunk_src_search_ee3c4e1dc1cd_006,evidence_chunk,normalized_record:rec_src_search_ee3c4e1dc1cd_002,normalized_record,
extracted_into,record.supporting_chunk_id links to evidence chunk,evidence_chunk:chunk_src_search_5b7e6dfb326c_005,evidence_chunk,normalized_record:rec_src_search_5b7e6dfb326c_001,normalized_record,
extracted_into,record.supporting_chunk_id links to evidence chunk,evidence_chunk:chunk_src_search_5b7e6dfb326c_005,evidence_chunk,normalized_record:rec_src_search_5b7e6dfb326c_002,normalized_record,
extracted_into,record.supporting_chunk_id links to evidence chunk,evidence_chunk:chunk_src_search_743df961a25b_006,evidence_chunk,normalized_record:rec_src_search_743df961a25b_001,normalized_record,
extracted_into,record.supporting_chunk_id links to evidence chunk,evidence_chunk:chunk_src_search_743df961a25b_006,evidence_chunk,normalized_record:rec_src_search_743df961a25b_002,normalized_record,
extracted_into,record.supporting_chunk_id links to evidence chunk,evidence_chunk:chunk_src_search_b74bccc017c5_006,evidence_chunk,normalized_record:rec_src_search_b74bccc017c5_001,normalized_record,
extracted_into,record.supporting_chunk_id links to evidence chunk,evidence_chunk:chunk_src_search_b74bccc017c5_006,evidence_chunk,normalized_record:rec_src_search_b74bccc017c5_002,normalized_record,
extracted_into,record.supporting_chunk_id links to evidence chunk,evidence_chunk:chunk_src_search_b74bccc017c5_006,evidence_chunk,normalized_record:rec_src_search_b74bccc017c5_003,normalized_record,
extracted_into,record.supporting_chunk_id links to evidence chunk,evidence_chunk:chunk_src_search_f0add2a7316b_011,evidence_chunk,normalized_record:rec_src_search_f0add2a7316b_001,normalized_record,
extracted_into,record.supporting_chunk_id links to evidence chunk,evidence_chunk:chunk_src_search_f0add2a7316b_011,evidence_chunk,normalized_record:rec_src_search_f0add2a7316b_002,normalized_record,
extracted_into,record.supporting_chunk_id links to evidence chunk,evidence_chunk:chunk_src_search_f0add2a7316b_024,evidence_chunk,normalized_record:rec_src_search_f0add2a7316b_003,normalized_record,
extracted_into,record.supporting_chunk_id links to evidence chunk,evidence_chunk:chunk_src_search_f0add2a7316b_024,evidence_chunk,normalized_record:rec_src_search_f0add2a7316b_004,normalized_record,
extracted_into,record.supporting_chunk_id links to evidence chunk,evidence_chunk:chunk_src_search_72af26a33522_023,evidence_chunk,normalized_record:rec_src_search_72af26a33522_001,normalized_record,
extracted_into,record.supporting_chunk_id links to evidence chunk,evidence_chunk:chunk_src_search_72af26a33522_025,evidence_chunk,normalized_record:rec_src_search_72af26a33522_002,normalized_record,
extracted_into,record.supporting_chunk_id links to evidence chunk,evidence_chunk:chunk_src_search_72af26a33522_025,evidence_chunk,normalized_record:rec_src_search_72af26a33522_003,normalized_record,
extracted_into,record.supporting_chunk_id links to evidence chunk,evidence_chunk:chunk_src_search_b8ca758c1979_020,evidence_chunk,normalized_record:rec_src_search_b8ca758c1979_001,normalized_record,
extracted_into,record.supporting_chunk_id links to evidence chunk,evidence_chunk:chunk_src_search_9d8411eba09d_001,evidence_chunk,normalized_record:rec_src_search_9d8411eba09d_003,normalized_record,
extracted_into,record.supporting_chunk_id links to evidence chunk,evidence_chunk:chunk_src_search_9d8411eba09d_001,evidence_chunk,normalized_record:rec_src_search_9d8411eba09d_004,normalized_record,
extracted_into,record.supporting_chunk_id links to evidence chunk,evidence_chunk:chunk_src_search_9d8411eba09d_001,evidence_chunk,normalized_record:rec_src_search_9d8411eba09d_005,normalized_record,
extracted_into,record.supporting_chunk_id links to evidence chunk,evidence_chunk:chunk_src_search_ee3c4e1dc1cd_001,evidence_chunk,normalized_record:rec_src_search_ee3c4e1dc1cd_003,normalized_record,
extracted_into,record.supporting_chunk_id links to evidence chunk,evidence_chunk:chunk_src_search_ee3c4e1dc1cd_001,evidence_chunk,normalized_record:rec_src_search_ee3c4e1dc1cd_004,normalized_record,
extracted_into,record.supporting_chunk_id links to evidence chunk,evidence_chunk:chunk_src_search_f72980cd3634_001,evidence_chunk,normalized_record:rec_src_search_f72980cd3634_001,normalized_record,
extracted_into,record.supporting_chunk_id links to evidence chunk,evidence_chunk:chunk_src_search_f72980cd3634_001,evidence_chunk,normalized_record:rec_src_search_f72980cd3634_002,normalized_record,
extracted_into,record.supporting_chunk_id links to evidence chunk,evidence_chunk:chunk_src_search_b74bccc017c5_001,evidence_chunk,normalized_record:rec_src_search_b74bccc017c5_004,normalized_record,
extracted_into,record.supporting_chunk_id links to evidence chunk,evidence_chunk:chunk_src_search_c72bcb75c75a_001,evidence_chunk,normalized_record:rec_src_search_c72bcb75c75a_001,normalized_record,
extracted_into,record.supporting_chunk_id links to evidence chunk,evidence_chunk:chunk_src_search_c72bcb75c75a_001,evidence_chunk,normalized_record:rec_src_search_c72bcb75c75a_002,normalized_record,
extracted_into,record.supporting_chunk_id links to evidence chunk,evidence_chunk:chunk_src_search_fd4c39b5e976_001,evidence_chunk,normalized_record:rec_src_search_fd4c39b5e976_001,normalized_record,
extracted_into,record.supporting_chunk_id links to evidence chunk,evidence_chunk:chunk_src_search_fd4c39b5e976_001,evidence_chunk,normalized_record:rec_src_search_fd4c39b5e976_002,normalized_record,
extracted_into,record.supporting_chunk_id links to evidence chunk,evidence_chunk:chunk_src_search_a9306f6e1687_001,evidence_chunk,normalized_record:rec_src_search_a9306f6e1687_001,normalized_record,
extracted_into,record.supporting_chunk_id links to evidence chunk,evidence_chunk:chunk_src_search_5b7e6dfb326c_001,evidence_chunk,normalized_record:rec_src_search_5b7e6dfb326c_003,normalized_record,
validated_into,matched provenance identifier,raw_record:rec_src_search_b74bccc017c5_003,raw_record,validated_record:rec_src_search_b74bccc017c5_003,validated_record,
normalized_into,matched provenance identifier,validated_record:rec_src_search_b74bccc017c5_003,validated_record,normalized_record:rec_src_search_b74bccc017c5_003,normalized_record,
validated_into,matched provenance identifier,raw_record:rec_src_search_5b7e6dfb326c_001,raw_record,validated_record:rec_src_search_5b7e6dfb326c_001,validated_record,
normalized_into,matched provenance identifier,validated_record:rec_src_search_5b7e6dfb326c_001,validated_record,normalized_record:rec_src_search_5b7e6dfb326c_001,normalized_record,
validated_into,matched provenance identifier,raw_record:rec_src_search_743df961a25b_002,raw_record,validated_record:rec_src_search_743df961a25b_002,validated_record,
normalized_into,matched provenance identifier,validated_record:rec_src_search_743df961a25b_002,validated_record,normalized_record:rec_src_search_743df961a25b_002,normalized_record,
validated_into,matched provenance identifier,raw_record:rec_src_search_b74bccc017c5_004,raw_record,validated_record:rec_src_search_b74bccc017c5_004,validated_record,
normalized_into,matched provenance identifier,validated_record:rec_src_search_b74bccc017c5_004,validated_record,normalized_record:rec_src_search_b74bccc017c5_004,normalized_record,
validated_into,matched provenance identifier,raw_record:rec_src_search_ee3c4e1dc1cd_002,raw_record,validated_record:rec_src_search_ee3c4e1dc1cd_002,validated_record,
normalized_into,matched provenance identifier,validated_record:rec_src_search_ee3c4e1dc1cd_002,validated_record,normalized_record:rec_src_search_ee3c4e1dc1cd_002,normalized_record,
validated_into,matched provenance identifier,raw_record:rec_src_search_a9306f6e1687_001,raw_record,validated_record:rec_src_search_a9306f6e1687_001,validated_record,
normalized_into,matched provenance identifier,validated_record:rec_src_search_a9306f6e1687_001,validated_record,normalized_record:rec_src_search_a9306f6e1687_001,normalized_record,
validated_into,matched provenance identifier,raw_record:rec_src_search_9d8411eba09d_005,raw_record,validated_record:rec_src_search_9d8411eba09d_005,validated_record,
normalized_into,matched provenance identifier,validated_record:rec_src_search_9d8411eba09d_005,validated_record,normalized_record:rec_src_search_9d8411eba09d_005,normalized_record,
validated_into,matched provenance identifier,raw_record:rec_src_search_f72980cd3634_001,raw_record,validated_record:rec_src_search_f72980cd3634_001,validated_record,
normalized_into,matched provenance identifier,validated_record:rec_src_search_f72980cd3634_001,validated_record,normalized_record:rec_src_search_f72980cd3634_001,normalized_record,
validated_into,matched provenance identifier,raw_record:rec_src_search_72af26a33522_001,raw_record,validated_record:rec_src_search_72af26a33522_001,validated_record,
normalized_into,matched provenance identifier,validated_record:rec_src_search_72af26a33522_001,validated_record,normalized_record:rec_src_search_72af26a33522_001,normalized_record,
validated_into,matched provenance identifier,raw_record:rec_src_search_9d8411eba09d_002,raw_record,validated_record:rec_src_search_9d8411eba09d_002,validated_record,
normalized_into,matched provenance identifier,validated_record:rec_src_search_9d8411eba09d_002,validated_record,normalized_record:rec_src_search_9d8411eba09d_002,normalized_record,
validated_into,matched provenance identifier,raw_record:rec_src_search_f0add2a7316b_003,raw_record,validated_record:rec_src_search_f0add2a7316b_003,validated_record,
normalized_into,matched provenance identifier,validated_record:rec_src_search_f0add2a7316b_003,validated_record,normalized_record:rec_src_search_f0add2a7316b_003,normalized_record,
validated_into,matched provenance identifier,raw_record:rec_src_search_f72980cd3634_002,raw_record,validated_record:rec_src_search_f72980cd3634_002,validated_record,
normalized_into,matched provenance identifier,validated_record:rec_src_search_f72980cd3634_002,validated_record,normalized_record:rec_src_search_f72980cd3634_002,normalized_record,
validated_into,matched provenance identifier,raw_record:rec_src_search_fd4c39b5e976_002,raw_record,validated_record:rec_src_search_fd4c39b5e976_002,validated_record,
normalized_into,matched provenance identifier,validated_record:rec_src_search_fd4c39b5e976_002,validated_record,normalized_record:rec_src_search_fd4c39b5e976_002,normalized_record,
validated_into,matched provenance identifier,raw_record:rec_src_search_743df961a25b_001,raw_record,validated_record:rec_src_search_743df961a25b_001,validated_record,
normalized_into,matched provenance identifier,validated_record:rec_src_search_743df961a25b_001,validated_record,normalized_record:rec_src_search_743df961a25b_001,normalized_record,
validated_into,matched provenance identifier,raw_record:rec_src_search_5b7e6dfb326c_003,raw_record,validated_record:rec_src_search_5b7e6dfb326c_003,validated_record,
normalized_into,matched provenance identifier,validated_record:rec_src_search_5b7e6dfb326c_003,validated_record,normalized_record:rec_src_search_5b7e6dfb326c_003,normalized_record,
validated_into,matched provenance identifier,raw_record:rec_src_search_b8ca758c1979_001,raw_record,validated_record:rec_src_search_b8ca758c1979_001,validated_record,
normalized_into,matched provenance identifier,validated_record:rec_src_search_b8ca758c1979_001,validated_record,normalized_record:rec_src_search_b8ca758c1979_001,normalized_record,
validated_into,matched provenance identifier,raw_record:rec_src_search_72af26a33522_002,raw_record,validated_record:rec_src_search_72af26a33522_002,validated_record,
normalized_into,matched provenance identifier,validated_record:rec_src_search_72af26a33522_002,validated_record,normalized_record:rec_src_search_72af26a33522_002,normalized_record,
validated_into,matched provenance identifier,raw_record:rec_src_search_b74bccc017c5_002,raw_record,validated_record:rec_src_search_b74bccc017c5_002,validated_record,
normalized_into,matched provenance identifier,validated_record:rec_src_search_b74bccc017c5_002,validated_record,normalized_record:rec_src_search_b74bccc017c5_002,normalized_record,
validated_into,matched provenance identifier,raw_record:rec_src_search_9d8411eba09d_003,raw_record,validated_record:rec_src_search_9d8411eba09d_003,validated_record,
normalized_into,matched provenance identifier,validated_record:rec_src_search_9d8411eba09d_003,validated_record,normalized_record:rec_src_search_9d8411eba09d_003,normalized_record,
validated_into,matched provenance identifier,raw_record:rec_src_search_f0add2a7316b_001,raw_record,validated_record:rec_src_search_f0add2a7316b_001,validated_record,
normalized_into,matched provenance identifier,validated_record:rec_src_search_f0add2a7316b_001,validated_record,normalized_record:rec_src_search_f0add2a7316b_001,normalized_record,
validated_into,matched provenance identifier,raw_record:rec_src_search_c72bcb75c75a_001,raw_record,validated_record:rec_src_search_c72bcb75c75a_001,validated_record,
normalized_into,matched provenance identifier,validated_record:rec_src_search_c72bcb75c75a_001,validated_record,normalized_record:rec_src_search_c72bcb75c75a_001,normalized_record,
validated_into,matched provenance identifier,raw_record:rec_src_search_5b7e6dfb326c_002,raw_record,validated_record:rec_src_search_5b7e6dfb326c_002,validated_record,
normalized_into,matched provenance identifier,validated_record:rec_src_search_5b7e6dfb326c_002,validated_record,normalized_record:rec_src_search_5b7e6dfb326c_002,normalized_record,
validated_into,matched provenance identifier,raw_record:rec_src_search_ee3c4e1dc1cd_004,raw_record,validated_record:rec_src_search_ee3c4e1dc1cd_004,validated_record,
normalized_into,matched provenance identifier,validated_record:rec_src_search_ee3c4e1dc1cd_004,validated_record,normalized_record:rec_src_search_ee3c4e1dc1cd_004,normalized_record,
validated_into,matched provenance identifier,raw_record:rec_src_search_9d8411eba09d_001,raw_record,validated_record:rec_src_search_9d8411eba09d_001,validated_record,
normalized_into,matched provenance identifier,validated_record:rec_src_search_9d8411eba09d_001,validated_record,normalized_record:rec_src_search_9d8411eba09d_001,normalized_record,
validated_into,matched provenance identifier,raw_record:rec_src_search_ee3c4e1dc1cd_003,raw_record,validated_record:rec_src_search_ee3c4e1dc1cd_003,validated_record,
normalized_into,matched provenance identifier,validated_record:rec_src_search_ee3c4e1dc1cd_003,validated_record,normalized_record:rec_src_search_ee3c4e1dc1cd_003,normalized_record,
validated_into,matched provenance identifier,raw_record:rec_src_search_f0add2a7316b_002,raw_record,validated_record:rec_src_search_f0add2a7316b_002,validated_record,
normalized_into,matched provenance identifier,validated_record:rec_src_search_f0add2a7316b_002,validated_record,normalized_record:rec_src_search_f0add2a7316b_002,normalized_record,
validated_into,matched provenance identifier,raw_record:rec_src_search_f0add2a7316b_004,raw_record,validated_record:rec_src_search_f0add2a7316b_004,validated_record,
normalized_into,matched provenance identifier,validated_record:rec_src_search_f0add2a7316b_004,validated_record,normalized_record:rec_src_search_f0add2a7316b_004,normalized_record,
validated_into,matched provenance identifier,raw_record:rec_src_search_72af26a33522_003,raw_record,validated_record:rec_src_search_72af26a33522_003,validated_record,
normalized_into,matched provenance identifier,validated_record:rec_src_search_72af26a33522_003,validated_record,normalized_record:rec_src_search_72af26a33522_003,normalized_record,
validated_into,matched provenance identifier,raw_record:rec_src_search_9d8411eba09d_004,raw_record,validated_record:rec_src_search_9d8411eba09d_004,validated_record,
normalized_into,matched provenance identifier,validated_record:rec_src_search_9d8411eba09d_004,validated_record,normalized_record:rec_src_search_9d8411eba09d_004,normalized_record,
validated_into,matched provenance identifier,raw_record:rec_src_search_b74bccc017c5_001,raw_record,validated_record:rec_src_search_b74bccc017c5_001,validated_record,
normalized_into,matched provenance identifier,validated_record:rec_src_search_b74bccc017c5_001,validated_record,normalized_record:rec_src_search_b74bccc017c5_001,normalized_record,
validated_into,matched provenance identifier,raw_record:rec_src_search_fd4c39b5e976_001,raw_record,validated_record:rec_src_search_fd4c39b5e976_001,validated_record,
normalized_into,matched provenance identifier,validated_record:rec_src_search_fd4c39b5e976_001,validated_record,normalized_record:rec_src_search_fd4c39b5e976_001,normalized_record,
validated_into,matched provenance identifier,raw_record:rec_src_search_ee3c4e1dc1cd_001,raw_record,validated_record:rec_src_search_ee3c4e1dc1cd_001,validated_record,
normalized_into,matched provenance identifier,validated_record:rec_src_search_ee3c4e1dc1cd_001,validated_record,normalized_record:rec_src_search_ee3c4e1dc1cd_001,normalized_record,
validated_into,matched provenance identifier,raw_record:rec_src_search_c72bcb75c75a_002,raw_record,validated_record:rec_src_search_c72bcb75c75a_002,validated_record,
normalized_into,matched provenance identifier,validated_record:rec_src_search_c72bcb75c75a_002,validated_record,normalized_record:rec_src_search_c72bcb75c75a_002,normalized_record,
produced_claim,matched provenance identifier,normalized_record:rec_src_search_9d8411eba09d_001,normalized_record,claim:claim_rec_src_search_9d8411eba09d_001_cases_unspecified,claim,
produced_claim,matched provenance identifier,normalized_record:rec_src_search_9d8411eba09d_001,normalized_record,claim:claim_rec_src_search_9d8411eba09d_001_deaths,claim,
produced_claim,matched provenance identifier,normalized_record:rec_src_search_9d8411eba09d_002,normalized_record,claim:claim_rec_src_search_9d8411eba09d_002_deaths,claim,
produced_claim,matched provenance identifier,normalized_record:rec_src_search_ee3c4e1dc1cd_001,normalized_record,claim:claim_rec_src_search_ee3c4e1dc1cd_001_cases_unspecified,claim,
produced_claim,matched provenance identifier,normalized_record:rec_src_search_ee3c4e1dc1cd_002,normalized_record,claim:claim_rec_src_search_ee3c4e1dc1cd_002_deaths,claim,
produced_claim,matched provenance identifier,normalized_record:rec_src_search_5b7e6dfb326c_001,normalized_record,claim:claim_rec_src_search_5b7e6dfb326c_001_observation,claim,
produced_claim,matched provenance identifier,normalized_record:rec_src_search_5b7e6dfb326c_002,normalized_record,claim:claim_rec_src_search_5b7e6dfb326c_002_observation,claim,
produced_claim,matched provenance identifier,normalized_record:rec_src_search_743df961a25b_001,normalized_record,claim:claim_rec_src_search_743df961a25b_001_cases_unspecified,claim,
produced_claim,matched provenance identifier,normalized_record:rec_src_search_743df961a25b_001,normalized_record,claim:claim_rec_src_search_743df961a25b_001_deaths,claim,
produced_claim,matched provenance identifier,normalized_record:rec_src_search_743df961a25b_002,normalized_record,claim:claim_rec_src_search_743df961a25b_002_deaths,claim,
produced_claim,matched provenance identifier,normalized_record:rec_src_search_b74bccc017c5_001,normalized_record,claim:claim_rec_src_search_b74bccc017c5_001_cases_confirmed,claim,
produced_claim,matched provenance identifier,normalized_record:rec_src_search_b74bccc017c5_002,normalized_record,claim:claim_rec_src_search_b74bccc017c5_002_deaths,claim,
produced_claim,matched provenance identifier,normalized_record:rec_src_search_b74bccc017c5_003,normalized_record,claim:claim_rec_src_search_b74bccc017c5_003_hospitalizations,claim,
produced_claim,matched provenance identifier,normalized_record:rec_src_search_f0add2a7316b_001,normalized_record,claim:claim_rec_src_search_f0add2a7316b_001_cases_confirmed,claim,
produced_claim,matched provenance identifier,normalized_record:rec_src_search_f0add2a7316b_002,normalized_record,claim:claim_rec_src_search_f0add2a7316b_002_deaths,claim,
produced_claim,matched provenance identifier,normalized_record:rec_src_search_f0add2a7316b_003,normalized_record,claim:claim_rec_src_search_f0add2a7316b_003_cases_confirmed,claim,
produced_claim,matched provenance identifier,normalized_record:rec_src_search_f0add2a7316b_003,normalized_record,claim:claim_rec_src_search_f0add2a7316b_003_deaths,claim,
produced_claim,matched provenance identifier,normalized_record:rec_src_search_f0add2a7316b_004,normalized_record,claim:claim_rec_src_search_f0add2a7316b_004_deaths,claim,
produced_claim,matched provenance identifier,normalized_record:rec_src_search_72af26a33522_001,normalized_record,claim:claim_rec_src_search_72af26a33522_001_cases_unspecified,claim,
produced_claim,matched provenance identifier,normalized_record:rec_src_search_72af26a33522_001,normalized_record,claim:claim_rec_src_search_72af26a33522_001_deaths,claim,
produced_claim,matched provenance identifier,normalized_record:rec_src_search_72af26a33522_002,normalized_record,claim:claim_rec_src_search_72af26a33522_002_deaths,claim,
produced_claim,matched provenance identifier,normalized_record:rec_src_search_72af26a33522_003,normalized_record,claim:claim_rec_src_search_72af26a33522_003_hospitalizations,claim,
produced_claim,matched provenance identifier,normalized_record:rec_src_search_b8ca758c1979_001,normalized_record,claim:claim_rec_src_search_b8ca758c1979_001_cases_confirmed,claim,
produced_claim,matched provenance identifier,normalized_record:rec_src_search_b8ca758c1979_001,normalized_record,claim:claim_rec_src_search_b8ca758c1979_001_hospitalizations,claim,
produced_claim,matched provenance identifier,normalized_record:rec_src_search_9d8411eba09d_003,normalized_record,claim:claim_rec_src_search_9d8411eba09d_003_cases_confirmed,claim,
produced_claim,matched provenance identifier,normalized_record:rec_src_search_9d8411eba09d_003,normalized_record,claim:claim_rec_src_search_9d8411eba09d_003_deaths,claim,
produced_claim,matched provenance identifier,normalized_record:rec_src_search_9d8411eba09d_003,normalized_record,claim:claim_rec_src_search_9d8411eba09d_003_hospitalizations,claim,
produced_claim,matched provenance identifier,normalized_record:rec_src_search_9d8411eba09d_004,normalized_record,claim:claim_rec_src_search_9d8411eba09d_004_deaths,claim,
produced_claim,matched provenance identifier,normalized_record:rec_src_search_9d8411eba09d_005,normalized_record,claim:claim_rec_src_search_9d8411eba09d_005_hospitalizations,claim,
produced_claim,matched provenance identifier,normalized_record:rec_src_search_ee3c4e1dc1cd_003,normalized_record,claim:claim_rec_src_search_ee3c4e1dc1cd_003_cases_unspecified,claim,
produced_claim,matched provenance identifier,normalized_record:rec_src_search_ee3c4e1dc1cd_003,normalized_record,claim:claim_rec_src_search_ee3c4e1dc1cd_003_deaths,claim,
produced_claim,matched provenance identifier,normalized_record:rec_src_search_ee3c4e1dc1cd_004,normalized_record,claim:claim_rec_src_search_ee3c4e1dc1cd_004_deaths,claim,
produced_claim,matched provenance identifier,normalized_record:rec_src_search_f72980cd3634_001,normalized_record,claim:claim_rec_src_search_f72980cd3634_001_cases_unspecified,claim,
produced_claim,matched provenance identifier,normalized_record:rec_src_search_f72980cd3634_001,normalized_record,claim:claim_rec_src_search_f72980cd3634_001_deaths,claim,
produced_claim,matched provenance identifier,normalized_record:rec_src_search_f72980cd3634_002,normalized_record,claim:claim_rec_src_search_f72980cd3634_002_deaths,claim,
produced_claim,matched provenance identifier,normalized_record:rec_src_search_b74bccc017c5_004,normalized_record,claim:claim_rec_src_search_b74bccc017c5_004_cases_confirmed,claim,
produced_claim,matched provenance identifier,normalized_record:rec_src_search_b74bccc017c5_004,normalized_record,claim:claim_rec_src_search_b74bccc017c5_004_deaths,claim,
produced_claim,matched provenance identifier,normalized_record:rec_src_search_b74bccc017c5_004,normalized_record,claim:claim_rec_src_search_b74bccc017c5_004_hospitalizations,claim,
produced_claim,matched provenance identifier,normalized_record:rec_src_search_c72bcb75c75a_001,normalized_record,claim:claim_rec_src_search_c72bcb75c75a_001_cases_unspecified,claim,
produced_claim,matched provenance identifier,normalized_record:rec_src_search_c72bcb75c75a_001,normalized_record,claim:claim_rec_src_search_c72bcb75c75a_001_deaths,claim,
produced_claim,matched provenance identifier,normalized_record:rec_src_search_c72bcb75c75a_002,normalized_record,claim:claim_rec_src_search_c72bcb75c75a_002_deaths,claim,
produced_claim,matched provenance identifier,normalized_record:rec_src_search_fd4c39b5e976_001,normalized_record,claim:claim_rec_src_search_fd4c39b5e976_001_cases_confirmed,claim,
produced_claim,matched provenance identifier,normalized_record:rec_src_search_fd4c39b5e976_002,normalized_record,claim:claim_rec_src_search_fd4c39b5e976_002_deaths,claim,
produced_claim,matched provenance identifier,normalized_record:rec_src_search_a9306f6e1687_001,normalized_record,claim:claim_rec_src_search_a9306f6e1687_001_observation,claim,
produced_claim,matched provenance identifier,normalized_record:rec_src_search_5b7e6dfb326c_003,normalized_record,claim:claim_rec_src_search_5b7e6dfb326c_003_cases_unspecified,claim,
produced_claim,matched provenance identifier,normalized_record:rec_src_search_5b7e6dfb326c_003,normalized_record,claim:claim_rec_src_search_5b7e6dfb326c_003_deaths,claim,
produced_claim,matched provenance identifier,normalized_record:rec_src_search_5b7e6dfb326c_003,normalized_record,claim:claim_rec_src_search_5b7e6dfb326c_003_hospitalizations,claim,
compared_with,matched provenance identifier,claim:claim_rec_src_search_9d8411eba09d_001_cases_unspecified,claim,claim_comparison:claim_cmp_001,claim_comparison,
compared_with,matched provenance identifier,claim:claim_rec_src_search_9d8411eba09d_001_deaths,claim,claim_comparison:claim_cmp_001,claim_comparison,
compared_with,matched provenance identifier,claim:claim_rec_src_search_9d8411eba09d_001_cases_unspecified,claim,claim_comparison:claim_cmp_002,claim_comparison,
compared_with,matched provenance identifier,claim:claim_rec_src_search_9d8411eba09d_002_deaths,claim,claim_comparison:claim_cmp_002,claim_comparison,
compared_with,matched provenance identifier,claim:claim_rec_src_search_9d8411eba09d_001_cases_unspecified,claim,claim_comparison:claim_cmp_003,claim_comparison,
compared_with,matched provenance identifier,claim:claim_rec_src_search_ee3c4e1dc1cd_001_cases_unspecified,claim,claim_comparison:claim_cmp_003,claim_comparison,
compared_with,matched provenance identifier,claim:claim_rec_src_search_9d8411eba09d_001_cases_unspecified,claim,claim_comparison:claim_cmp_004,claim_comparison,
compared_with,matched provenance identifier,claim:claim_rec_src_search_ee3c4e1dc1cd_002_deaths,claim,claim_comparison:claim_cmp_004,claim_comparison,
compared_with,matched provenance identifier,claim:claim_rec_src_search_9d8411eba09d_001_cases_unspecified,claim,claim_comparison:claim_cmp_005,claim_comparison,
compared_with,matched provenance identifier,claim:claim_rec_src_search_5b7e6dfb326c_001_observation,claim,claim_comparison:claim_cmp_005,claim_comparison,
compared_with,matched provenance identifier,claim:claim_rec_src_search_9d8411eba09d_001_cases_unspecified,claim,claim_comparison:claim_cmp_006,claim_comparison,
compared_with,matched provenance identifier,claim:claim_rec_src_search_5b7e6dfb326c_002_observation,claim,claim_comparison:claim_cmp_006,claim_comparison,
compared_with,matched provenance identifier,claim:claim_rec_src_search_9d8411eba09d_001_cases_unspecified,claim,claim_comparison:claim_cmp_007,claim_comparison,
compared_with,matched provenance identifier,claim:claim_rec_src_search_743df961a25b_001_cases_unspecified,claim,claim_comparison:claim_cmp_007,claim_comparison,
compared_with,matched provenance identifier,claim:claim_rec_src_search_9d8411eba09d_001_cases_unspecified,claim,claim_comparison:claim_cmp_008,claim_comparison,
compared_with,matched provenance identifier,claim:claim_rec_src_search_743df961a25b_001_deaths,claim,claim_comparison:claim_cmp_008,claim_comparison,
compared_with,matched provenance identifier,claim:claim_rec_src_search_9d8411eba09d_001_cases_unspecified,claim,claim_comparison:claim_cmp_009,claim_comparison,
compared_with,matched provenance identifier,claim:claim_rec_src_search_743df961a25b_002_deaths,claim,claim_comparison:claim_cmp_009,claim_comparison,
compared_with,matched provenance identifier,claim:claim_rec_src_search_9d8411eba09d_001_cases_unspecified,claim,claim_comparison:claim_cmp_010,claim_comparison,
compared_with,matched provenance identifier,claim:claim_rec_src_search_b74bccc017c5_001_cases_confirmed,claim,claim_comparison:claim_cmp_010,claim_comparison,
compared_with,matched provenance identifier,claim:claim_rec_src_search_9d8411eba09d_001_cases_unspecified,claim,claim_comparison:claim_cmp_011,claim_comparison,
compared_with,matched provenance identifier,claim:claim_rec_src_search_b74bccc017c5_002_deaths,claim,claim_comparison:claim_cmp_011,claim_comparison,
compared_with,matched provenance identifier,claim:claim_rec_src_search_9d8411eba09d_001_cases_unspecified,claim,claim_comparison:claim_cmp_012,claim_comparison,
compared_with,matched provenance identifier,claim:claim_rec_src_search_b74bccc017c5_003_hospitalizations,claim,claim_comparison:claim_cmp_012,claim_comparison,
compared_with,matched provenance identifier,claim:claim_rec_src_search_9d8411eba09d_001_cases_unspecified,claim,claim_comparison:claim_cmp_013,claim_comparison,
compared_with,matched provenance identifier,claim:claim_rec_src_search_f0add2a7316b_001_cases_confirmed,claim,claim_comparison:claim_cmp_013,claim_comparison,
compared_with,matched provenance identifier,claim:claim_rec_src_search_9d8411eba09d_001_cases_unspecified,claim,claim_comparison:claim_cmp_014,claim_comparison,
compared_with,matched provenance identifier,claim:claim_rec_src_search_f0add2a7316b_002_deaths,claim,claim_comparison:claim_cmp_014,claim_comparison,
compared_with,matched provenance identifier,claim:claim_rec_src_search_9d8411eba09d_001_cases_unspecified,claim,claim_comparison:claim_cmp_015,claim_comparison,
compared_with,matched provenance identifier,claim:claim_rec_src_search_f0add2a7316b_003_cases_confirmed,claim,claim_comparison:claim_cmp_015,claim_comparison,
compared_with,matched provenance identifier,claim:claim_rec_src_search_9d8411eba09d_001_cases_unspecified,claim,claim_comparison:claim_cmp_016,claim_comparison,
compared_with,matched provenance identifier,claim:claim_rec_src_search_f0add2a7316b_003_deaths,claim,claim_comparison:claim_cmp_016,claim_comparison,
compared_with,matched provenance identifier,claim:claim_rec_src_search_9d8411eba09d_001_cases_unspecified,claim,claim_comparison:claim_cmp_017,claim_comparison,
compared_with,matched provenance identifier,claim:claim_rec_src_search_f0add2a7316b_004_deaths,claim,claim_comparison:claim_cmp_017,claim_comparison,
compared_with,matched provenance identifier,claim:claim_rec_src_search_9d8411eba09d_001_cases_unspecified,claim,claim_comparison:claim_cmp_018,claim_comparison,
compared_with,matched provenance identifier,claim:claim_rec_src_search_72af26a33522_001_cases_unspecified,claim,claim_comparison:claim_cmp_018,claim_comparison,
compared_with,matched provenance identifier,claim:claim_rec_src_search_9d8411eba09d_001_cases_unspecified,claim,claim_comparison:claim_cmp_019,claim_comparison,
compared_with,matched provenance identifier,claim:claim_rec_src_search_72af26a33522_001_deaths,claim,claim_comparison:claim_cmp_019,claim_comparison,
compared_with,matched provenance identifier,claim:claim_rec_src_search_9d8411eba09d_001_cases_unspecified,claim,claim_comparison:claim_cmp_020,claim_comparison,
compared_with,matched provenance identifier,claim:claim_rec_src_search_72af26a33522_002_deaths,claim,claim_comparison:claim_cmp_020,claim_comparison,
compared_with,matched provenance identifier,claim:claim_rec_src_search_9d8411eba09d_001_cases_unspecified,claim,claim_comparison:claim_cmp_021,claim_comparison,
compared_with,matched provenance identifier,claim:claim_rec_src_search_72af26a33522_003_hospitalizations,claim,claim_comparison:claim_cmp_021,claim_comparison,
compared_with,matched provenance identifier,claim:claim_rec_src_search_9d8411eba09d_001_cases_unspecified,claim,claim_comparison:claim_cmp_022,claim_comparison,
compared_with,matched provenance identifier,claim:claim_rec_src_search_b8ca758c1979_001_cases_confirmed,claim,claim_comparison:claim_cmp_022,claim_comparison,
compared_with,matched provenance identifier,claim:claim_rec_src_search_9d8411eba09d_001_cases_unspecified,claim,claim_comparison:claim_cmp_023,claim_comparison,
compared_with,matched provenance identifier,claim:claim_rec_src_search_b8ca758c1979_001_hospitalizations,claim,claim_comparison:claim_cmp_023,claim_comparison,
compared_with,matched provenance identifier,claim:claim_rec_src_search_9d8411eba09d_001_cases_unspecified,claim,claim_comparison:claim_cmp_024,claim_comparison,
compared_with,matched provenance identifier,claim:claim_rec_src_search_9d8411eba09d_003_cases_confirmed,claim,claim_comparison:claim_cmp_024,claim_comparison,
compared_with,matched provenance identifier,claim:claim_rec_src_search_9d8411eba09d_001_cases_unspecified,claim,claim_comparison:claim_cmp_025,claim_comparison,
compared_with,matched provenance identifier,claim:claim_rec_src_search_9d8411eba09d_003_deaths,claim,claim_comparison:claim_cmp_025,claim_comparison,
compared_with,matched provenance identifier,claim:claim_rec_src_search_9d8411eba09d_001_cases_unspecified,claim,claim_comparison:claim_cmp_026,claim_comparison,
compared_with,matched provenance identifier,claim:claim_rec_src_search_9d8411eba09d_003_hospitalizations,claim,claim_comparison:claim_cmp_026,claim_comparison,
compared_with,matched provenance identifier,claim:claim_rec_src_search_9d8411eba09d_001_cases_unspecified,claim,claim_comparison:claim_cmp_027,claim_comparison,
compared_with,matched provenance identifier,claim:claim_rec_src_search_9d8411eba09d_004_deaths,claim,claim_comparison:claim_cmp_027,claim_comparison,
compared_with,matched provenance identifier,claim:claim_rec_src_search_9d8411eba09d_001_cases_unspecified,claim,claim_comparison:claim_cmp_028,claim_comparison,
compared_with,matched provenance identifier,claim:claim_rec_src_search_9d8411eba09d_005_hospitalizations,claim,claim_comparison:claim_cmp_028,claim_comparison,
compared_with,matched provenance identifier,claim:claim_rec_src_search_9d8411eba09d_001_cases_unspecified,claim,claim_comparison:claim_cmp_029,claim_comparison,
compared_with,matched provenance identifier,claim:claim_rec_src_search_ee3c4e1dc1cd_003_cases_unspecified,claim,claim_comparison:claim_cmp_029,claim_comparison,
compared_with,matched provenance identifier,claim:claim_rec_src_search_9d8411eba09d_001_cases_unspecified,claim,claim_comparison:claim_cmp_030,claim_comparison,
compared_with,matched provenance identifier,claim:claim_rec_src_search_ee3c4e1dc1cd_003_deaths,claim,claim_comparison:claim_cmp_030,claim_comparison,
compared_with,matched provenance identifier,claim:claim_rec_src_search_9d8411eba09d_001_cases_unspecified,claim,claim_comparison:claim_cmp_031,claim_comparison,
compared_with,matched provenance identifier,claim:claim_rec_src_search_ee3c4e1dc1cd_004_deaths,claim,claim_comparison:claim_cmp_031,claim_comparison,
compared_with,matched provenance identifier,claim:claim_rec_src_search_9d8411eba09d_001_cases_unspecified,claim,claim_comparison:claim_cmp_032,claim_comparison,
compared_with,matched provenance identifier,claim:claim_rec_src_search_f72980cd3634_001_cases_unspecified,claim,claim_comparison:claim_cmp_032,claim_comparison,
compared_with,matched provenance identifier,claim:claim_rec_src_search_9d8411eba09d_001_cases_unspecified,claim,claim_comparison:claim_cmp_033,claim_comparison,
compared_with,matched provenance identifier,claim:claim_rec_src_search_f72980cd3634_001_deaths,claim,claim_comparison:claim_cmp_033,claim_comparison,
compared_with,matched provenance identifier,claim:claim_rec_src_search_9d8411eba09d_001_cases_unspecified,claim,claim_comparison:claim_cmp_034,claim_comparison,
compared_with,matched provenance identifier,claim:claim_rec_src_search_f72980cd3634_002_deaths,claim,claim_comparison:claim_cmp_034,claim_comparison,
compared_with,matched provenance identifier,claim:claim_rec_src_search_9d8411eba09d_001_cases_unspecified,claim,claim_comparison:claim_cmp_035,claim_comparison,
compared_with,matched provenance identifier,claim:claim_rec_src_search_b74bccc017c5_004_cases_confirmed,claim,claim_comparison:claim_cmp_035,claim_comparison,
compared_with,matched provenance identifier,claim:claim_rec_src_search_9d8411eba09d_001_cases_unspecified,claim,claim_comparison:claim_cmp_036,claim_comparison,
compared_with,matched provenance identifier,claim:claim_rec_src_search_b74bccc017c5_004_deaths,claim,claim_comparison:claim_cmp_036,claim_comparison,
compared_with,matched provenance identifier,claim:claim_rec_src_search_9d8411eba09d_001_cases_unspecified,claim,claim_comparison:claim_cmp_037,claim_comparison,
compared_with,matched provenance identifier,claim:claim_rec_src_search_b74bccc017c5_004_hospitalizations,claim,claim_comparison:claim_cmp_037,claim_comparison,
compared_with,matched provenance identifier,claim:claim_rec_src_search_9d8411eba09d_001_cases_unspecified,claim,claim_comparison:claim_cmp_038,claim_comparison,
compared_with,matched provenance identifier,claim:claim_rec_src_search_c72bcb75c75a_001_cases_unspecified,claim,claim_comparison:claim_cmp_038,claim_comparison,
compared_with,matched provenance identifier,claim:claim_rec_src_search_9d8411eba09d_001_cases_unspecified,claim,claim_comparison:claim_cmp_039,claim_comparison,
compared_with,matched provenance identifier,claim:claim_rec_src_search_c72bcb75c75a_001_deaths,claim,claim_comparison:claim_cmp_039,claim_comparison,
compared_with,matched provenance identifier,claim:claim_rec_src_search_9d8411eba09d_001_cases_unspecified,claim,claim_comparison:claim_cmp_040,claim_comparison,
compared_with,matched provenance identifier,claim:claim_rec_src_search_c72bcb75c75a_002_deaths,claim,claim_comparison:claim_cmp_040,claim_comparison,
compared_with,matched provenance identifier,claim:claim_rec_src_search_9d8411eba09d_001_cases_unspecified,claim,claim_comparison:claim_cmp_041,claim_comparison,
compared_with,matched provenance identifier,claim:claim_rec_src_search_fd4c39b5e976_001_cases_confirmed,claim,claim_comparison:claim_cmp_041,claim_comparison,
compared_with,matched provenance identifier,claim:claim_rec_src_search_9d8411eba09d_001_cases_unspecified,claim,claim_comparison:claim_cmp_042,claim_comparison,
compared_with,matched provenance identifier,claim:claim_rec_src_search_fd4c39b5e976_002_deaths,claim,claim_comparison:claim_cmp_042,claim_comparison,
compared_with,matched provenance identifier,claim:claim_rec_src_search_9d8411eba09d_001_cases_unspecified,claim,claim_comparison:claim_cmp_043,claim_comparison,
compared_with,matched provenance identifier,claim:claim_rec_src_search_a9306f6e1687_001_observation,claim,claim_comparison:claim_cmp_043,claim_comparison,
compared_with,matched provenance identifier,claim:claim_rec_src_search_9d8411eba09d_001_cases_unspecified,claim,claim_comparison:claim_cmp_044,claim_comparison,
compared_with,matched provenance identifier,claim:claim_rec_src_search_5b7e6dfb326c_003_cases_unspecified,claim,claim_comparison:claim_cmp_044,claim_comparison,
compared_with,matched provenance identifier,claim:claim_rec_src_search_9d8411eba09d_001_cases_unspecified,claim,claim_comparison:claim_cmp_045,claim_comparison,
compared_with,matched provenance identifier,claim:claim_rec_src_search_5b7e6dfb326c_003_deaths,claim,claim_comparison:claim_cmp_045,claim_comparison,
compared_with,matched provenance identifier,claim:claim_rec_src_search_9d8411eba09d_001_cases_unspecified,claim,claim_comparison:claim_cmp_046,claim_comparison,
compared_with,matched provenance identifier,claim:claim_rec_src_search_5b7e6dfb326c_003_hospitalizations,claim,claim_comparison:claim_cmp_046,claim_comparison,
compared_with,matched provenance identifier,claim:claim_rec_src_search_9d8411eba09d_001_deaths,claim,claim_comparison:claim_cmp_047,claim_comparison,
compared_with,matched provenance identifier,claim:claim_rec_src_search_9d8411eba09d_002_deaths,claim,claim_comparison:claim_cmp_047,claim_comparison,
compared_with,matched provenance identifier,claim:claim_rec_src_search_9d8411eba09d_001_deaths,claim,claim_comparison:claim_cmp_048,claim_comparison,
compared_with,matched provenance identifier,claim:claim_rec_src_search_ee3c4e1dc1cd_001_cases_unspecified,claim,claim_comparison:claim_cmp_048,claim_comparison,
compared_with,matched provenance identifier,claim:claim_rec_src_search_9d8411eba09d_001_deaths,claim,claim_comparison:claim_cmp_049,claim_comparison,
compared_with,matched provenance identifier,claim:claim_rec_src_search_ee3c4e1dc1cd_002_deaths,claim,claim_comparison:claim_cmp_049,claim_comparison,
compared_with,matched provenance identifier,claim:claim_rec_src_search_9d8411eba09d_001_deaths,claim,claim_comparison:claim_cmp_050,claim_comparison,
compared_with,matched provenance identifier,claim:claim_rec_src_search_5b7e6dfb326c_001_observation,claim,claim_comparison:claim_cmp_050,claim_comparison,
compared_with,matched provenance identifier,claim:claim_rec_src_search_9d8411eba09d_001_deaths,claim,claim_comparison:claim_cmp_051,claim_comparison,
compared_with,matched provenance identifier,claim:claim_rec_src_search_5b7e6dfb326c_002_observation,claim,claim_comparison:claim_cmp_051,claim_comparison,
compared_with,matched provenance identifier,claim:claim_rec_src_search_9d8411eba09d_001_deaths,claim,claim_comparison:claim_cmp_052,claim_comparison,
compared_with,matched provenance identifier,claim:claim_rec_src_search_743df961a25b_001_cases_unspecified,claim,claim_comparison:claim_cmp_052,claim_comparison,
compared_with,matched provenance identifier,claim:claim_rec_src_search_9d8411eba09d_001_deaths,claim,claim_comparison:claim_cmp_053,claim_comparison,
compared_with,matched provenance identifier,claim:claim_rec_src_search_743df961a25b_001_deaths,claim,claim_comparison:claim_cmp_053,claim_comparison,
compared_with,matched provenance identifier,claim:claim_rec_src_search_9d8411eba09d_001_deaths,claim,claim_comparison:claim_cmp_054,claim_comparison,
compared_with,matched provenance identifier,claim:claim_rec_src_search_743df961a25b_002_deaths,claim,claim_comparison:claim_cmp_054,claim_comparison,
compared_with,matched provenance identifier,claim:claim_rec_src_search_9d8411eba09d_001_deaths,claim,claim_comparison:claim_cmp_055,claim_comparison,
compared_with,matched provenance identifier,claim:claim_rec_src_search_b74bccc017c5_001_cases_confirmed,claim,claim_comparison:claim_cmp_055,claim_comparison,
compared_with,matched provenance identifier,claim:claim_rec_src_search_9d8411eba09d_001_deaths,claim,claim_comparison:claim_cmp_056,claim_comparison,
compared_with,matched provenance identifier,claim:claim_rec_src_search_b74bccc017c5_002_deaths,claim,claim_comparison:claim_cmp_056,claim_comparison,
compared_with,matched provenance identifier,claim:claim_rec_src_search_9d8411eba09d_001_deaths,claim,claim_comparison:claim_cmp_057,claim_comparison,
compared_with,matched provenance identifier,claim:claim_rec_src_search_b74bccc017c5_003_hospitalizations,claim,claim_comparison:claim_cmp_057,claim_comparison,
compared_with,matched provenance identifier,claim:claim_rec_src_search_9d8411eba09d_001_deaths,claim,claim_comparison:claim_cmp_058,claim_comparison,
compared_with,matched provenance identifier,claim:claim_rec_src_search_f0add2a7316b_001_cases_confirmed,claim,claim_comparison:claim_cmp_058,claim_comparison,
compared_with,matched provenance identifier,claim:claim_rec_src_search_9d8411eba09d_001_deaths,claim,claim_comparison:claim_cmp_059,claim_comparison,
compared_with,matched provenance identifier,claim:claim_rec_src_search_f0add2a7316b_002_deaths,claim,claim_comparison:claim_cmp_059,claim_comparison,
compared_with,matched provenance identifier,claim:claim_rec_src_search_9d8411eba09d_001_deaths,claim,claim_comparison:claim_cmp_060,claim_comparison,
compared_with,matched provenance identifier,claim:claim_rec_src_search_f0add2a7316b_003_cases_confirmed,claim,claim_comparison:claim_cmp_060,claim_comparison,
compared_with,matched provenance identifier,claim:claim_rec_src_search_9d8411eba09d_001_deaths,claim,claim_comparison:claim_cmp_061,claim_comparison,
compared_with,matched provenance identifier,claim:claim_rec_src_search_f0add2a7316b_003_deaths,claim,claim_comparison:claim_cmp_061,claim_comparison,
compared_with,matched provenance identifier,claim:claim_rec_src_search_9d8411eba09d_001_deaths,claim,claim_comparison:claim_cmp_062,claim_comparison,
compared_with,matched provenance identifier,claim:claim_rec_src_search_f0add2a7316b_004_deaths,claim,claim_comparison:claim_cmp_062,claim_comparison,
compared_with,matched provenance identifier,claim:claim_rec_src_search_9d8411eba09d_001_deaths,claim,claim_comparison:claim_cmp_063,claim_comparison,
compared_with,matched provenance identifier,claim:claim_rec_src_search_72af26a33522_001_cases_unspecified,claim,claim_comparison:claim_cmp_063,claim_comparison,
compared_with,matched provenance identifier,claim:claim_rec_src_search_9d8411eba09d_001_deaths,claim,claim_comparison:claim_cmp_064,claim_comparison,
compared_with,matched provenance identifier,claim:claim_rec_src_search_72af26a33522_001_deaths,claim,claim_comparison:claim_cmp_064,claim_comparison,
compared_with,matched provenance identifier,claim:claim_rec_src_search_9d8411eba09d_001_deaths,claim,claim_comparison:claim_cmp_065,claim_comparison,
compared_with,matched provenance identifier,claim:claim_rec_src_search_72af26a33522_002_deaths,claim,claim_comparison:claim_cmp_065,claim_comparison,
compared_with,matched provenance identifier,claim:claim_rec_src_search_9d8411eba09d_001_deaths,claim,claim_comparison:claim_cmp_066,claim_comparison,
compared_with,matched provenance identifier,claim:claim_rec_src_search_72af26a33522_003_hospitalizations,claim,claim_comparison:claim_cmp_066,claim_comparison,
compared_with,matched provenance identifier,claim:claim_rec_src_search_9d8411eba09d_001_deaths,claim,claim_comparison:claim_cmp_067,claim_comparison,
compared_with,matched provenance identifier,claim:claim_rec_src_search_b8ca758c1979_001_cases_confirmed,claim,claim_comparison:claim_cmp_067,claim_comparison,
compared_with,matched provenance identifier,claim:claim_rec_src_search_9d8411eba09d_001_deaths,claim,claim_comparison:claim_cmp_068,claim_comparison,
compared_with,matched provenance identifier,claim:claim_rec_src_search_b8ca758c1979_001_hospitalizations,claim,claim_comparison:claim_cmp_068,claim_comparison,
compared_with,matched provenance identifier,claim:claim_rec_src_search_9d8411eba09d_001_deaths,claim,claim_comparison:claim_cmp_069,claim_comparison,
compared_with,matched provenance identifier,claim:claim_rec_src_search_9d8411eba09d_003_cases_confirmed,claim,claim_comparison:claim_cmp_069,claim_comparison,
compared_with,matched provenance identifier,claim:claim_rec_src_search_9d8411eba09d_001_deaths,claim,claim_comparison:claim_cmp_070,claim_comparison,
compared_with,matched provenance identifier,claim:claim_rec_src_search_9d8411eba09d_003_deaths,claim,claim_comparison:claim_cmp_070,claim_comparison,
compared_with,matched provenance identifier,claim:claim_rec_src_search_9d8411eba09d_001_deaths,claim,claim_comparison:claim_cmp_071,claim_comparison,
compared_with,matched provenance identifier,claim:claim_rec_src_search_9d8411eba09d_003_hospitalizations,claim,claim_comparison:claim_cmp_071,claim_comparison,
compared_with,matched provenance identifier,claim:claim_rec_src_search_9d8411eba09d_001_deaths,claim,claim_comparison:claim_cmp_072,claim_comparison,
compared_with,matched provenance identifier,claim:claim_rec_src_search_9d8411eba09d_004_deaths,claim,claim_comparison:claim_cmp_072,claim_comparison,
compared_with,matched provenance identifier,claim:claim_rec_src_search_9d8411eba09d_001_deaths,claim,claim_comparison:claim_cmp_073,claim_comparison,
compared_with,matched provenance identifier,claim:claim_rec_src_search_9d8411eba09d_005_hospitalizations,claim,claim_comparison:claim_cmp_073,claim_comparison,
compared_with,matched provenance identifier,claim:claim_rec_src_search_9d8411eba09d_001_deaths,claim,claim_comparison:claim_cmp_074,claim_comparison,
compared_with,matched provenance identifier,claim:claim_rec_src_search_ee3c4e1dc1cd_003_cases_unspecified,claim,claim_comparison:claim_cmp_074,claim_comparison,
compared_with,matched provenance identifier,claim:claim_rec_src_search_9d8411eba09d_001_deaths,claim,claim_comparison:claim_cmp_075,claim_comparison,
compared_with,matched provenance identifier,claim:claim_rec_src_search_ee3c4e1dc1cd_003_deaths,claim,claim_comparison:claim_cmp_075,claim_comparison,
compared_with,matched provenance identifier,claim:claim_rec_src_search_9d8411eba09d_001_deaths,claim,claim_comparison:claim_cmp_076,claim_comparison,
compared_with,matched provenance identifier,claim:claim_rec_src_search_ee3c4e1dc1cd_004_deaths,claim,claim_comparison:claim_cmp_076,claim_comparison,
compared_with,matched provenance identifier,claim:claim_rec_src_search_9d8411eba09d_001_deaths,claim,claim_comparison:claim_cmp_077,claim_comparison,
compared_with,matched provenance identifier,claim:claim_rec_src_search_f72980cd3634_001_cases_unspecified,claim,claim_comparison:claim_cmp_077,claim_comparison,
compared_with,matched provenance identifier,claim:claim_rec_src_search_9d8411eba09d_001_deaths,claim,claim_comparison:claim_cmp_078,claim_comparison,
compared_with,matched provenance identifier,claim:claim_rec_src_search_f72980cd3634_001_deaths,claim,claim_comparison:claim_cmp_078,claim_comparison,
compared_with,matched provenance identifier,claim:claim_rec_src_search_9d8411eba09d_001_deaths,claim,claim_comparison:claim_cmp_079,claim_comparison,
compared_with,matched provenance identifier,claim:claim_rec_src_search_f72980cd3634_002_deaths,claim,claim_comparison:claim_cmp_079,claim_comparison,
compared_with,matched provenance identifier,claim:claim_rec_src_search_9d8411eba09d_001_deaths,claim,claim_comparison:claim_cmp_080,claim_comparison,
compared_with,matched provenance identifier,claim:claim_rec_src_search_b74bccc017c5_004_cases_confirmed,claim,claim_comparison:claim_cmp_080,claim_comparison,
compared_with,matched provenance identifier,claim:claim_rec_src_search_9d8411eba09d_001_deaths,claim,claim_comparison:claim_cmp_081,claim_comparison,
compared_with,matched provenance identifier,claim:claim_rec_src_search_b74bccc017c5_004_deaths,claim,claim_comparison:claim_cmp_081,claim_comparison,
compared_with,matched provenance identifier,claim:claim_rec_src_search_9d8411eba09d_001_deaths,claim,claim_comparison:claim_cmp_082,claim_comparison,
compared_with,matched provenance identifier,claim:claim_rec_src_search_b74bccc017c5_004_hospitalizations,claim,claim_comparison:claim_cmp_082,claim_comparison,
compared_with,matched provenance identifier,claim:claim_rec_src_search_9d8411eba09d_001_deaths,claim,claim_comparison:claim_cmp_083,claim_comparison,
compared_with,matched provenance identifier,claim:claim_rec_src_search_c72bcb75c75a_001_cases_unspecified,claim,claim_comparison:claim_cmp_083,claim_comparison,
compared_with,matched provenance identifier,claim:claim_rec_src_search_9d8411eba09d_001_deaths,claim,claim_comparison:claim_cmp_084,claim_comparison,
compared_with,matched provenance identifier,claim:claim_rec_src_search_c72bcb75c75a_001_deaths,claim,claim_comparison:claim_cmp_084,claim_comparison,
compared_with,matched provenance identifier,claim:claim_rec_src_search_9d8411eba09d_001_deaths,claim,claim_comparison:claim_cmp_085,claim_comparison,
compared_with,matched provenance identifier,claim:claim_rec_src_search_c72bcb75c75a_002_deaths,claim,claim_comparison:claim_cmp_085,claim_comparison,
compared_with,matched provenance identifier,claim:claim_rec_src_search_9d8411eba09d_001_deaths,claim,claim_comparison:claim_cmp_086,claim_comparison,
compared_with,matched provenance identifier,claim:claim_rec_src_search_fd4c39b5e976_001_cases_confirmed,claim,claim_comparison:claim_cmp_086,claim_comparison,
compared_with,matched provenance identifier,claim:claim_rec_src_search_9d8411eba09d_001_deaths,claim,claim_comparison:claim_cmp_087,claim_comparison,
compared_with,matched provenance identifier,claim:claim_rec_src_search_fd4c39b5e976_002_deaths,claim,claim_comparison:claim_cmp_087,claim_comparison,
compared_with,matched provenance identifier,claim:claim_rec_src_search_9d8411eba09d_001_deaths,claim,claim_comparison:claim_cmp_088,claim_comparison,
compared_with,matched provenance identifier,claim:claim_rec_src_search_a9306f6e1687_001_observation,claim,claim_comparison:claim_cmp_088,claim_comparison,
compared_with,matched provenance identifier,claim:claim_rec_src_search_9d8411eba09d_001_deaths,claim,claim_comparison:claim_cmp_089,claim_comparison,
compared_with,matched provenance identifier,claim:claim_rec_src_search_5b7e6dfb326c_003_cases_unspecified,claim,claim_comparison:claim_cmp_089,claim_comparison,
compared_with,matched provenance identifier,claim:claim_rec_src_search_9d8411eba09d_001_deaths,claim,claim_comparison:claim_cmp_090,claim_comparison,
compared_with,matched provenance identifier,claim:claim_rec_src_search_5b7e6dfb326c_003_deaths,claim,claim_comparison:claim_cmp_090,claim_comparison,
compared_with,matched provenance identifier,claim:claim_rec_src_search_9d8411eba09d_001_deaths,claim,claim_comparison:claim_cmp_091,claim_comparison,
compared_with,matched provenance identifier,claim:claim_rec_src_search_5b7e6dfb326c_003_hospitalizations,claim,claim_comparison:claim_cmp_091,claim_comparison,
compared_with,matched provenance identifier,claim:claim_rec_src_search_9d8411eba09d_002_deaths,claim,claim_comparison:claim_cmp_092,claim_comparison,
compared_with,matched provenance identifier,claim:claim_rec_src_search_ee3c4e1dc1cd_001_cases_unspecified,claim,claim_comparison:claim_cmp_092,claim_comparison,
compared_with,matched provenance identifier,claim:claim_rec_src_search_9d8411eba09d_002_deaths,claim,claim_comparison:claim_cmp_093,claim_comparison,
compared_with,matched provenance identifier,claim:claim_rec_src_search_ee3c4e1dc1cd_002_deaths,claim,claim_comparison:claim_cmp_093,claim_comparison,
compared_with,matched provenance identifier,claim:claim_rec_src_search_9d8411eba09d_002_deaths,claim,claim_comparison:claim_cmp_094,claim_comparison,
compared_with,matched provenance identifier,claim:claim_rec_src_search_5b7e6dfb326c_001_observation,claim,claim_comparison:claim_cmp_094,claim_comparison,
compared_with,matched provenance identifier,claim:claim_rec_src_search_9d8411eba09d_002_deaths,claim,claim_comparison:claim_cmp_095,claim_comparison,
compared_with,matched provenance identifier,claim:claim_rec_src_search_5b7e6dfb326c_002_observation,claim,claim_comparison:claim_cmp_095,claim_comparison,
compared_with,matched provenance identifier,claim:claim_rec_src_search_9d8411eba09d_002_deaths,claim,claim_comparison:claim_cmp_096,claim_comparison,
compared_with,matched provenance identifier,claim:claim_rec_src_search_743df961a25b_001_cases_unspecified,claim,claim_comparison:claim_cmp_096,claim_comparison,
compared_with,matched provenance identifier,claim:claim_rec_src_search_9d8411eba09d_002_deaths,claim,claim_comparison:claim_cmp_097,claim_comparison,
compared_with,matched provenance identifier,claim:claim_rec_src_search_743df961a25b_001_deaths,claim,claim_comparison:claim_cmp_097,claim_comparison,
compared_with,matched provenance identifier,claim:claim_rec_src_search_9d8411eba09d_002_deaths,claim,claim_comparison:claim_cmp_098,claim_comparison,
compared_with,matched provenance identifier,claim:claim_rec_src_search_743df961a25b_002_deaths,claim,claim_comparison:claim_cmp_098,claim_comparison,
compared_with,matched provenance identifier,claim:claim_rec_src_search_9d8411eba09d_002_deaths,claim,claim_comparison:claim_cmp_099,claim_comparison,
compared_with,matched provenance identifier,claim:claim_rec_src_search_b74bccc017c5_001_cases_confirmed,claim,claim_comparison:claim_cmp_099,claim_comparison,
compared_with,matched provenance identifier,claim:claim_rec_src_search_9d8411eba09d_002_deaths,claim,claim_comparison:claim_cmp_100,claim_comparison,
compared_with,matched provenance identifier,claim:claim_rec_src_search_b74bccc017c5_002_deaths,claim,claim_comparison:claim_cmp_100,claim_comparison,
compared_with,matched provenance identifier,claim:claim_rec_src_search_9d8411eba09d_002_deaths,claim,claim_comparison:claim_cmp_101,claim_comparison,
compared_with,matched provenance identifier,claim:claim_rec_src_search_b74bccc017c5_003_hospitalizations,claim,claim_comparison:claim_cmp_101,claim_comparison,
compared_with,matched provenance identifier,claim:claim_rec_src_search_9d8411eba09d_002_deaths,claim,claim_comparison:claim_cmp_102,claim_comparison,
compared_with,matched provenance identifier,claim:claim_rec_src_search_f0add2a7316b_001_cases_confirmed,claim,claim_comparison:claim_cmp_102,claim_comparison,
compared_with,matched provenance identifier,claim:claim_rec_src_search_9d8411eba09d_002_deaths,claim,claim_comparison:claim_cmp_103,claim_comparison,
compared_with,matched provenance identifier,claim:claim_rec_src_search_f0add2a7316b_002_deaths,claim,claim_comparison:claim_cmp_103,claim_comparison,
compared_with,matched provenance identifier,claim:claim_rec_src_search_9d8411eba09d_002_deaths,claim,claim_comparison:claim_cmp_104,claim_comparison,
compared_with,matched provenance identifier,claim:claim_rec_src_search_f0add2a7316b_003_cases_confirmed,claim,claim_comparison:claim_cmp_104,claim_comparison,
compared_with,matched provenance identifier,claim:claim_rec_src_search_9d8411eba09d_002_deaths,claim,claim_comparison:claim_cmp_105,claim_comparison,
compared_with,matched provenance identifier,claim:claim_rec_src_search_f0add2a7316b_003_deaths,claim,claim_comparison:claim_cmp_105,claim_comparison,
compared_with,matched provenance identifier,claim:claim_rec_src_search_9d8411eba09d_002_deaths,claim,claim_comparison:claim_cmp_106,claim_comparison,
compared_with,matched provenance identifier,claim:claim_rec_src_search_f0add2a7316b_004_deaths,claim,claim_comparison:claim_cmp_106,claim_comparison,
compared_with,matched provenance identifier,claim:claim_rec_src_search_9d8411eba09d_002_deaths,claim,claim_comparison:claim_cmp_107,claim_comparison,
compared_with,matched provenance identifier,claim:claim_rec_src_search_72af26a33522_001_cases_unspecified,claim,claim_comparison:claim_cmp_107,claim_comparison,
compared_with,matched provenance identifier,claim:claim_rec_src_search_9d8411eba09d_002_deaths,claim,claim_comparison:claim_cmp_108,claim_comparison,
compared_with,matched provenance identifier,claim:claim_rec_src_search_72af26a33522_001_deaths,claim,claim_comparison:claim_cmp_108,claim_comparison,
compared_with,matched provenance identifier,claim:claim_rec_src_search_9d8411eba09d_002_deaths,claim,claim_comparison:claim_cmp_109,claim_comparison,
compared_with,matched provenance identifier,claim:claim_rec_src_search_72af26a33522_002_deaths,claim,claim_comparison:claim_cmp_109,claim_comparison,
compared_with,matched provenance identifier,claim:claim_rec_src_search_9d8411eba09d_002_deaths,claim,claim_comparison:claim_cmp_110,claim_comparison,
compared_with,matched provenance identifier,claim:claim_rec_src_search_72af26a33522_003_hospitalizations,claim,claim_comparison:claim_cmp_110,claim_comparison,
compared_with,matched provenance identifier,claim:claim_rec_src_search_9d8411eba09d_002_deaths,claim,claim_comparison:claim_cmp_111,claim_comparison,
compared_with,matched provenance identifier,claim:claim_rec_src_search_b8ca758c1979_001_cases_confirmed,claim,claim_comparison:claim_cmp_111,claim_comparison,
compared_with,matched provenance identifier,claim:claim_rec_src_search_9d8411eba09d_002_deaths,claim,claim_comparison:claim_cmp_112,claim_comparison,
compared_with,matched provenance identifier,claim:claim_rec_src_search_b8ca758c1979_001_hospitalizations,claim,claim_comparison:claim_cmp_112,claim_comparison,
compared_with,matched provenance identifier,claim:claim_rec_src_search_9d8411eba09d_002_deaths,claim,claim_comparison:claim_cmp_113,claim_comparison,
compared_with,matched provenance identifier,claim:claim_rec_src_search_9d8411eba09d_003_cases_confirmed,claim,claim_comparison:claim_cmp_113,claim_comparison,
compared_with,matched provenance identifier,claim:claim_rec_src_search_9d8411eba09d_002_deaths,claim,claim_comparison:claim_cmp_114,claim_comparison,
compared_with,matched provenance identifier,claim:claim_rec_src_search_9d8411eba09d_003_deaths,claim,claim_comparison:claim_cmp_114,claim_comparison,
compared_with,matched provenance identifier,claim:claim_rec_src_search_9d8411eba09d_002_deaths,claim,claim_comparison:claim_cmp_115,claim_comparison,
compared_with,matched provenance identifier,claim:claim_rec_src_search_9d8411eba09d_003_hospitalizations,claim,claim_comparison:claim_cmp_115,claim_comparison,
compared_with,matched provenance identifier,claim:claim_rec_src_search_9d8411eba09d_002_deaths,claim,claim_comparison:claim_cmp_116,claim_comparison,
compared_with,matched provenance identifier,claim:claim_rec_src_search_9d8411eba09d_004_deaths,claim,claim_comparison:claim_cmp_116,claim_comparison,
compared_with,matched provenance identifier,claim:claim_rec_src_search_9d8411eba09d_002_deaths,claim,claim_comparison:claim_cmp_117,claim_comparison,
compared_with,matched provenance identifier,claim:claim_rec_src_search_9d8411eba09d_005_hospitalizations,claim,claim_comparison:claim_cmp_117,claim_comparison,
compared_with,matched provenance identifier,claim:claim_rec_src_search_9d8411eba09d_002_deaths,claim,claim_comparison:claim_cmp_118,claim_comparison,
compared_with,matched provenance identifier,claim:claim_rec_src_search_ee3c4e1dc1cd_003_cases_unspecified,claim,claim_comparison:claim_cmp_118,claim_comparison,
compared_with,matched provenance identifier,claim:claim_rec_src_search_9d8411eba09d_002_deaths,claim,claim_comparison:claim_cmp_119,claim_comparison,
compared_with,matched provenance identifier,claim:claim_rec_src_search_ee3c4e1dc1cd_003_deaths,claim,claim_comparison:claim_cmp_119,claim_comparison,
compared_with,matched provenance identifier,claim:claim_rec_src_search_9d8411eba09d_002_deaths,claim,claim_comparison:claim_cmp_120,claim_comparison,
compared_with,matched provenance identifier,claim:claim_rec_src_search_ee3c4e1dc1cd_004_deaths,claim,claim_comparison:claim_cmp_120,claim_comparison,
compared_with,matched provenance identifier,claim:claim_rec_src_search_9d8411eba09d_002_deaths,claim,claim_comparison:claim_cmp_121,claim_comparison,
compared_with,matched provenance identifier,claim:claim_rec_src_search_f72980cd3634_001_cases_unspecified,claim,claim_comparison:claim_cmp_121,claim_comparison,
compared_with,matched provenance identifier,claim:claim_rec_src_search_9d8411eba09d_002_deaths,claim,claim_comparison:claim_cmp_122,claim_comparison,
compared_with,matched provenance identifier,claim:claim_rec_src_search_f72980cd3634_001_deaths,claim,claim_comparison:claim_cmp_122,claim_comparison,
compared_with,matched provenance identifier,claim:claim_rec_src_search_9d8411eba09d_002_deaths,claim,claim_comparison:claim_cmp_123,claim_comparison,
compared_with,matched provenance identifier,claim:claim_rec_src_search_f72980cd3634_002_deaths,claim,claim_comparison:claim_cmp_123,claim_comparison,
compared_with,matched provenance identifier,claim:claim_rec_src_search_9d8411eba09d_002_deaths,claim,claim_comparison:claim_cmp_124,claim_comparison,
compared_with,matched provenance identifier,claim:claim_rec_src_search_b74bccc017c5_004_cases_confirmed,claim,claim_comparison:claim_cmp_124,claim_comparison,
compared_with,matched provenance identifier,claim:claim_rec_src_search_9d8411eba09d_002_deaths,claim,claim_comparison:claim_cmp_125,claim_comparison,
compared_with,matched provenance identifier,claim:claim_rec_src_search_b74bccc017c5_004_deaths,claim,claim_comparison:claim_cmp_125,claim_comparison,
compared_with,matched provenance identifier,claim:claim_rec_src_search_9d8411eba09d_002_deaths,claim,claim_comparison:claim_cmp_126,claim_comparison,
compared_with,matched provenance identifier,claim:claim_rec_src_search_b74bccc017c5_004_hospitalizations,claim,claim_comparison:claim_cmp_126,claim_comparison,
compared_with,matched provenance identifier,claim:claim_rec_src_search_9d8411eba09d_002_deaths,claim,claim_comparison:claim_cmp_127,claim_comparison,
compared_with,matched provenance identifier,claim:claim_rec_src_search_c72bcb75c75a_001_cases_unspecified,claim,claim_comparison:claim_cmp_127,claim_comparison,
compared_with,matched provenance identifier,claim:claim_rec_src_search_9d8411eba09d_002_deaths,claim,claim_comparison:claim_cmp_128,claim_comparison,
compared_with,matched provenance identifier,claim:claim_rec_src_search_c72bcb75c75a_001_deaths,claim,claim_comparison:claim_cmp_128,claim_comparison,
compared_with,matched provenance identifier,claim:claim_rec_src_search_9d8411eba09d_002_deaths,claim,claim_comparison:claim_cmp_129,claim_comparison,
compared_with,matched provenance identifier,claim:claim_rec_src_search_c72bcb75c75a_002_deaths,claim,claim_comparison:claim_cmp_129,claim_comparison,
compared_with,matched provenance identifier,claim:claim_rec_src_search_9d8411eba09d_002_deaths,claim,claim_comparison:claim_cmp_130,claim_comparison,
compared_with,matched provenance identifier,claim:claim_rec_src_search_fd4c39b5e976_001_cases_confirmed,claim,claim_comparison:claim_cmp_130,claim_comparison,
compared_with,matched provenance identifier,claim:claim_rec_src_search_9d8411eba09d_002_deaths,claim,claim_comparison:claim_cmp_131,claim_comparison,
compared_with,matched provenance identifier,claim:claim_rec_src_search_fd4c39b5e976_002_deaths,claim,claim_comparison:claim_cmp_131,claim_comparison,
compared_with,matched provenance identifier,claim:claim_rec_src_search_9d8411eba09d_002_deaths,claim,claim_comparison:claim_cmp_132,claim_comparison,
compared_with,matched provenance identifier,claim:claim_rec_src_search_a9306f6e1687_001_observation,claim,claim_comparison:claim_cmp_132,claim_comparison,
compared_with,matched provenance identifier,claim:claim_rec_src_search_9d8411eba09d_002_deaths,claim,claim_comparison:claim_cmp_133,claim_comparison,
compared_with,matched provenance identifier,claim:claim_rec_src_search_5b7e6dfb326c_003_cases_unspecified,claim,claim_comparison:claim_cmp_133,claim_comparison,
compared_with,matched provenance identifier,claim:claim_rec_src_search_9d8411eba09d_002_deaths,claim,claim_comparison:claim_cmp_134,claim_comparison,
compared_with,matched provenance identifier,claim:claim_rec_src_search_5b7e6dfb326c_003_deaths,claim,claim_comparison:claim_cmp_134,claim_comparison,
compared_with,matched provenance identifier,claim:claim_rec_src_search_9d8411eba09d_002_deaths,claim,claim_comparison:claim_cmp_135,claim_comparison,
compared_with,matched provenance identifier,claim:claim_rec_src_search_5b7e6dfb326c_003_hospitalizations,claim,claim_comparison:claim_cmp_135,claim_comparison,
compared_with,matched provenance identifier,claim:claim_rec_src_search_ee3c4e1dc1cd_001_cases_unspecified,claim,claim_comparison:claim_cmp_136,claim_comparison,
compared_with,matched provenance identifier,claim:claim_rec_src_search_ee3c4e1dc1cd_002_deaths,claim,claim_comparison:claim_cmp_136,claim_comparison,
compared_with,matched provenance identifier,claim:claim_rec_src_search_ee3c4e1dc1cd_001_cases_unspecified,claim,claim_comparison:claim_cmp_137,claim_comparison,
compared_with,matched provenance identifier,claim:claim_rec_src_search_5b7e6dfb326c_001_observation,claim,claim_comparison:claim_cmp_137,claim_comparison,
compared_with,matched provenance identifier,claim:claim_rec_src_search_ee3c4e1dc1cd_001_cases_unspecified,claim,claim_comparison:claim_cmp_138,claim_comparison,
compared_with,matched provenance identifier,claim:claim_rec_src_search_5b7e6dfb326c_002_observation,claim,claim_comparison:claim_cmp_138,claim_comparison,
compared_with,matched provenance identifier,claim:claim_rec_src_search_ee3c4e1dc1cd_001_cases_unspecified,claim,claim_comparison:claim_cmp_139,claim_comparison,
compared_with,matched provenance identifier,claim:claim_rec_src_search_743df961a25b_001_cases_unspecified,claim,claim_comparison:claim_cmp_139,claim_comparison,
compared_with,matched provenance identifier,claim:claim_rec_src_search_ee3c4e1dc1cd_001_cases_unspecified,claim,claim_comparison:claim_cmp_140,claim_comparison,
compared_with,matched provenance identifier,claim:claim_rec_src_search_743df961a25b_001_deaths,claim,claim_comparison:claim_cmp_140,claim_comparison,
compared_with,matched provenance identifier,claim:claim_rec_src_search_ee3c4e1dc1cd_001_cases_unspecified,claim,claim_comparison:claim_cmp_141,claim_comparison,
compared_with,matched provenance identifier,claim:claim_rec_src_search_743df961a25b_002_deaths,claim,claim_comparison:claim_cmp_141,claim_comparison,
compared_with,matched provenance identifier,claim:claim_rec_src_search_ee3c4e1dc1cd_001_cases_unspecified,claim,claim_comparison:claim_cmp_142,claim_comparison,
compared_with,matched provenance identifier,claim:claim_rec_src_search_b74bccc017c5_001_cases_confirmed,claim,claim_comparison:claim_cmp_142,claim_comparison,
compared_with,matched provenance identifier,claim:claim_rec_src_search_ee3c4e1dc1cd_001_cases_unspecified,claim,claim_comparison:claim_cmp_143,claim_comparison,
compared_with,matched provenance identifier,claim:claim_rec_src_search_b74bccc017c5_002_deaths,claim,claim_comparison:claim_cmp_143,claim_comparison,
compared_with,matched provenance identifier,claim:claim_rec_src_search_ee3c4e1dc1cd_001_cases_unspecified,claim,claim_comparison:claim_cmp_144,claim_comparison,
compared_with,matched provenance identifier,claim:claim_rec_src_search_b74bccc017c5_003_hospitalizations,claim,claim_comparison:claim_cmp_144,claim_comparison,
compared_with,matched provenance identifier,claim:claim_rec_src_search_ee3c4e1dc1cd_001_cases_unspecified,claim,claim_comparison:claim_cmp_145,claim_comparison,
compared_with,matched provenance identifier,claim:claim_rec_src_search_f0add2a7316b_001_cases_confirmed,claim,claim_comparison:claim_cmp_145,claim_comparison,
compared_with,matched provenance identifier,claim:claim_rec_src_search_ee3c4e1dc1cd_001_cases_unspecified,claim,claim_comparison:claim_cmp_146,claim_comparison,
compared_with,matched provenance identifier,claim:claim_rec_src_search_f0add2a7316b_002_deaths,claim,claim_comparison:claim_cmp_146,claim_comparison,
compared_with,matched provenance identifier,claim:claim_rec_src_search_ee3c4e1dc1cd_001_cases_unspecified,claim,claim_comparison:claim_cmp_147,claim_comparison,
compared_with,matched provenance identifier,claim:claim_rec_src_search_f0add2a7316b_003_cases_confirmed,claim,claim_comparison:claim_cmp_147,claim_comparison,
compared_with,matched provenance identifier,claim:claim_rec_src_search_ee3c4e1dc1cd_001_cases_unspecified,claim,claim_comparison:claim_cmp_148,claim_comparison,
compared_with,matched provenance identifier,claim:claim_rec_src_search_f0add2a7316b_003_deaths,claim,claim_comparison:claim_cmp_148,claim_comparison,
compared_with,matched provenance identifier,claim:claim_rec_src_search_ee3c4e1dc1cd_001_cases_unspecified,claim,claim_comparison:claim_cmp_149,claim_comparison,
compared_with,matched provenance identifier,claim:claim_rec_src_search_f0add2a7316b_004_deaths,claim,claim_comparison:claim_cmp_149,claim_comparison,
compared_with,matched provenance identifier,claim:claim_rec_src_search_ee3c4e1dc1cd_001_cases_unspecified,claim,claim_comparison:claim_cmp_150,claim_comparison,
compared_with,matched provenance identifier,claim:claim_rec_src_search_72af26a33522_001_cases_unspecified,claim,claim_comparison:claim_cmp_150,claim_comparison,
compared_with,matched provenance identifier,claim:claim_rec_src_search_ee3c4e1dc1cd_001_cases_unspecified,claim,claim_comparison:claim_cmp_151,claim_comparison,
compared_with,matched provenance identifier,claim:claim_rec_src_search_72af26a33522_001_deaths,claim,claim_comparison:claim_cmp_151,claim_comparison,
compared_with,matched provenance identifier,claim:claim_rec_src_search_ee3c4e1dc1cd_001_cases_unspecified,claim,claim_comparison:claim_cmp_152,claim_comparison,
compared_with,matched provenance identifier,claim:claim_rec_src_search_72af26a33522_002_deaths,claim,claim_comparison:claim_cmp_152,claim_comparison,
compared_with,matched provenance identifier,claim:claim_rec_src_search_ee3c4e1dc1cd_001_cases_unspecified,claim,claim_comparison:claim_cmp_153,claim_comparison,
compared_with,matched provenance identifier,claim:claim_rec_src_search_72af26a33522_003_hospitalizations,claim,claim_comparison:claim_cmp_153,claim_comparison,
compared_with,matched provenance identifier,claim:claim_rec_src_search_ee3c4e1dc1cd_001_cases_unspecified,claim,claim_comparison:claim_cmp_154,claim_comparison,
compared_with,matched provenance identifier,claim:claim_rec_src_search_b8ca758c1979_001_cases_confirmed,claim,claim_comparison:claim_cmp_154,claim_comparison,
compared_with,matched provenance identifier,claim:claim_rec_src_search_ee3c4e1dc1cd_001_cases_unspecified,claim,claim_comparison:claim_cmp_155,claim_comparison,
compared_with,matched provenance identifier,claim:claim_rec_src_search_b8ca758c1979_001_hospitalizations,claim,claim_comparison:claim_cmp_155,claim_comparison,
compared_with,matched provenance identifier,claim:claim_rec_src_search_ee3c4e1dc1cd_001_cases_unspecified,claim,claim_comparison:claim_cmp_156,claim_comparison,
compared_with,matched provenance identifier,claim:claim_rec_src_search_9d8411eba09d_003_cases_confirmed,claim,claim_comparison:claim_cmp_156,claim_comparison,
compared_with,matched provenance identifier,claim:claim_rec_src_search_ee3c4e1dc1cd_001_cases_unspecified,claim,claim_comparison:claim_cmp_157,claim_comparison,
compared_with,matched provenance identifier,claim:claim_rec_src_search_9d8411eba09d_003_deaths,claim,claim_comparison:claim_cmp_157,claim_comparison,
compared_with,matched provenance identifier,claim:claim_rec_src_search_ee3c4e1dc1cd_001_cases_unspecified,claim,claim_comparison:claim_cmp_158,claim_comparison,
compared_with,matched provenance identifier,claim:claim_rec_src_search_9d8411eba09d_003_hospitalizations,claim,claim_comparison:claim_cmp_158,claim_comparison,
compared_with,matched provenance identifier,claim:claim_rec_src_search_ee3c4e1dc1cd_001_cases_unspecified,claim,claim_comparison:claim_cmp_159,claim_comparison,
compared_with,matched provenance identifier,claim:claim_rec_src_search_9d8411eba09d_004_deaths,claim,claim_comparison:claim_cmp_159,claim_comparison,
compared_with,matched provenance identifier,claim:claim_rec_src_search_ee3c4e1dc1cd_001_cases_unspecified,claim,claim_comparison:claim_cmp_160,claim_comparison,
compared_with,matched provenance identifier,claim:claim_rec_src_search_9d8411eba09d_005_hospitalizations,claim,claim_comparison:claim_cmp_160,claim_comparison,
compared_with,matched provenance identifier,claim:claim_rec_src_search_ee3c4e1dc1cd_001_cases_unspecified,claim,claim_comparison:claim_cmp_161,claim_comparison,
compared_with,matched provenance identifier,claim:claim_rec_src_search_ee3c4e1dc1cd_003_cases_unspecified,claim,claim_comparison:claim_cmp_161,claim_comparison,
compared_with,matched provenance identifier,claim:claim_rec_src_search_ee3c4e1dc1cd_001_cases_unspecified,claim,claim_comparison:claim_cmp_162,claim_comparison,
compared_with,matched provenance identifier,claim:claim_rec_src_search_ee3c4e1dc1cd_003_deaths,claim,claim_comparison:claim_cmp_162,claim_comparison,
compared_with,matched provenance identifier,claim:claim_rec_src_search_ee3c4e1dc1cd_001_cases_unspecified,claim,claim_comparison:claim_cmp_163,claim_comparison,
compared_with,matched provenance identifier,claim:claim_rec_src_search_ee3c4e1dc1cd_004_deaths,claim,claim_comparison:claim_cmp_163,claim_comparison,
compared_with,matched provenance identifier,claim:claim_rec_src_search_ee3c4e1dc1cd_001_cases_unspecified,claim,claim_comparison:claim_cmp_164,claim_comparison,
compared_with,matched provenance identifier,claim:claim_rec_src_search_f72980cd3634_001_cases_unspecified,claim,claim_comparison:claim_cmp_164,claim_comparison,
compared_with,matched provenance identifier,claim:claim_rec_src_search_ee3c4e1dc1cd_001_cases_unspecified,claim,claim_comparison:claim_cmp_165,claim_comparison,
compared_with,matched provenance identifier,claim:claim_rec_src_search_f72980cd3634_001_deaths,claim,claim_comparison:claim_cmp_165,claim_comparison,
compared_with,matched provenance identifier,claim:claim_rec_src_search_ee3c4e1dc1cd_001_cases_unspecified,claim,claim_comparison:claim_cmp_166,claim_comparison,
compared_with,matched provenance identifier,claim:claim_rec_src_search_f72980cd3634_002_deaths,claim,claim_comparison:claim_cmp_166,claim_comparison,
compared_with,matched provenance identifier,claim:claim_rec_src_search_ee3c4e1dc1cd_001_cases_unspecified,claim,claim_comparison:claim_cmp_167,claim_comparison,
compared_with,matched provenance identifier,claim:claim_rec_src_search_b74bccc017c5_004_cases_confirmed,claim,claim_comparison:claim_cmp_167,claim_comparison,
compared_with,matched provenance identifier,claim:claim_rec_src_search_ee3c4e1dc1cd_001_cases_unspecified,claim,claim_comparison:claim_cmp_168,claim_comparison,
compared_with,matched provenance identifier,claim:claim_rec_src_search_b74bccc017c5_004_deaths,claim,claim_comparison:claim_cmp_168,claim_comparison,
compared_with,matched provenance identifier,claim:claim_rec_src_search_ee3c4e1dc1cd_001_cases_unspecified,claim,claim_comparison:claim_cmp_169,claim_comparison,
compared_with,matched provenance identifier,claim:claim_rec_src_search_b74bccc017c5_004_hospitalizations,claim,claim_comparison:claim_cmp_169,claim_comparison,
compared_with,matched provenance identifier,claim:claim_rec_src_search_ee3c4e1dc1cd_001_cases_unspecified,claim,claim_comparison:claim_cmp_170,claim_comparison,
compared_with,matched provenance identifier,claim:claim_rec_src_search_c72bcb75c75a_001_cases_unspecified,claim,claim_comparison:claim_cmp_170,claim_comparison,
compared_with,matched provenance identifier,claim:claim_rec_src_search_ee3c4e1dc1cd_001_cases_unspecified,claim,claim_comparison:claim_cmp_171,claim_comparison,
compared_with,matched provenance identifier,claim:claim_rec_src_search_c72bcb75c75a_001_deaths,claim,claim_comparison:claim_cmp_171,claim_comparison,
compared_with,matched provenance identifier,claim:claim_rec_src_search_ee3c4e1dc1cd_001_cases_unspecified,claim,claim_comparison:claim_cmp_172,claim_comparison,
compared_with,matched provenance identifier,claim:claim_rec_src_search_c72bcb75c75a_002_deaths,claim,claim_comparison:claim_cmp_172,claim_comparison,
compared_with,matched provenance identifier,claim:claim_rec_src_search_ee3c4e1dc1cd_001_cases_unspecified,claim,claim_comparison:claim_cmp_173,claim_comparison,
compared_with,matched provenance identifier,claim:claim_rec_src_search_fd4c39b5e976_001_cases_confirmed,claim,claim_comparison:claim_cmp_173,claim_comparison,
compared_with,matched provenance identifier,claim:claim_rec_src_search_ee3c4e1dc1cd_001_cases_unspecified,claim,claim_comparison:claim_cmp_174,claim_comparison,
compared_with,matched provenance identifier,claim:claim_rec_src_search_fd4c39b5e976_002_deaths,claim,claim_comparison:claim_cmp_174,claim_comparison,
compared_with,matched provenance identifier,claim:claim_rec_src_search_ee3c4e1dc1cd_001_cases_unspecified,claim,claim_comparison:claim_cmp_175,claim_comparison,
compared_with,matched provenance identifier,claim:claim_rec_src_search_a9306f6e1687_001_observation,claim,claim_comparison:claim_cmp_175,claim_comparison,
compared_with,matched provenance identifier,claim:claim_rec_src_search_ee3c4e1dc1cd_001_cases_unspecified,claim,claim_comparison:claim_cmp_176,claim_comparison,
compared_with,matched provenance identifier,claim:claim_rec_src_search_5b7e6dfb326c_003_cases_unspecified,claim,claim_comparison:claim_cmp_176,claim_comparison,
compared_with,matched provenance identifier,claim:claim_rec_src_search_ee3c4e1dc1cd_001_cases_unspecified,claim,claim_comparison:claim_cmp_177,claim_comparison,
compared_with,matched provenance identifier,claim:claim_rec_src_search_5b7e6dfb326c_003_deaths,claim,claim_comparison:claim_cmp_177,claim_comparison,
compared_with,matched provenance identifier,claim:claim_rec_src_search_ee3c4e1dc1cd_001_cases_unspecified,claim,claim_comparison:claim_cmp_178,claim_comparison,
compared_with,matched provenance identifier,claim:claim_rec_src_search_5b7e6dfb326c_003_hospitalizations,claim,claim_comparison:claim_cmp_178,claim_comparison,
compared_with,matched provenance identifier,claim:claim_rec_src_search_ee3c4e1dc1cd_002_deaths,claim,claim_comparison:claim_cmp_179,claim_comparison,
compared_with,matched provenance identifier,claim:claim_rec_src_search_5b7e6dfb326c_001_observation,claim,claim_comparison:claim_cmp_179,claim_comparison,
compared_with,matched provenance identifier,claim:claim_rec_src_search_ee3c4e1dc1cd_002_deaths,claim,claim_comparison:claim_cmp_180,claim_comparison,
compared_with,matched provenance identifier,claim:claim_rec_src_search_5b7e6dfb326c_002_observation,claim,claim_comparison:claim_cmp_180,claim_comparison,
compared_with,matched provenance identifier,claim:claim_rec_src_search_ee3c4e1dc1cd_002_deaths,claim,claim_comparison:claim_cmp_181,claim_comparison,
compared_with,matched provenance identifier,claim:claim_rec_src_search_743df961a25b_001_cases_unspecified,claim,claim_comparison:claim_cmp_181,claim_comparison,
compared_with,matched provenance identifier,claim:claim_rec_src_search_ee3c4e1dc1cd_002_deaths,claim,claim_comparison:claim_cmp_182,claim_comparison,
compared_with,matched provenance identifier,claim:claim_rec_src_search_743df961a25b_001_deaths,claim,claim_comparison:claim_cmp_182,claim_comparison,
compared_with,matched provenance identifier,claim:claim_rec_src_search_ee3c4e1dc1cd_002_deaths,claim,claim_comparison:claim_cmp_183,claim_comparison,
compared_with,matched provenance identifier,claim:claim_rec_src_search_743df961a25b_002_deaths,claim,claim_comparison:claim_cmp_183,claim_comparison,
compared_with,matched provenance identifier,claim:claim_rec_src_search_ee3c4e1dc1cd_002_deaths,claim,claim_comparison:claim_cmp_184,claim_comparison,
compared_with,matched provenance identifier,claim:claim_rec_src_search_b74bccc017c5_001_cases_confirmed,claim,claim_comparison:claim_cmp_184,claim_comparison,
compared_with,matched provenance identifier,claim:claim_rec_src_search_ee3c4e1dc1cd_002_deaths,claim,claim_comparison:claim_cmp_185,claim_comparison,
compared_with,matched provenance identifier,claim:claim_rec_src_search_b74bccc017c5_002_deaths,claim,claim_comparison:claim_cmp_185,claim_comparison,
compared_with,matched provenance identifier,claim:claim_rec_src_search_ee3c4e1dc1cd_002_deaths,claim,claim_comparison:claim_cmp_186,claim_comparison,
compared_with,matched provenance identifier,claim:claim_rec_src_search_b74bccc017c5_003_hospitalizations,claim,claim_comparison:claim_cmp_186,claim_comparison,
compared_with,matched provenance identifier,claim:claim_rec_src_search_ee3c4e1dc1cd_002_deaths,claim,claim_comparison:claim_cmp_187,claim_comparison,
compared_with,matched provenance identifier,claim:claim_rec_src_search_f0add2a7316b_001_cases_confirmed,claim,claim_comparison:claim_cmp_187,claim_comparison,
compared_with,matched provenance identifier,claim:claim_rec_src_search_ee3c4e1dc1cd_002_deaths,claim,claim_comparison:claim_cmp_188,claim_comparison,
compared_with,matched provenance identifier,claim:claim_rec_src_search_f0add2a7316b_002_deaths,claim,claim_comparison:claim_cmp_188,claim_comparison,
compared_with,matched provenance identifier,claim:claim_rec_src_search_ee3c4e1dc1cd_002_deaths,claim,claim_comparison:claim_cmp_189,claim_comparison,
compared_with,matched provenance identifier,claim:claim_rec_src_search_f0add2a7316b_003_cases_confirmed,claim,claim_comparison:claim_cmp_189,claim_comparison,
compared_with,matched provenance identifier,claim:claim_rec_src_search_ee3c4e1dc1cd_002_deaths,claim,claim_comparison:claim_cmp_190,claim_comparison,
compared_with,matched provenance identifier,claim:claim_rec_src_search_f0add2a7316b_003_deaths,claim,claim_comparison:claim_cmp_190,claim_comparison,
compared_with,matched provenance identifier,claim:claim_rec_src_search_ee3c4e1dc1cd_002_deaths,claim,claim_comparison:claim_cmp_191,claim_comparison,
compared_with,matched provenance identifier,claim:claim_rec_src_search_f0add2a7316b_004_deaths,claim,claim_comparison:claim_cmp_191,claim_comparison,
compared_with,matched provenance identifier,claim:claim_rec_src_search_ee3c4e1dc1cd_002_deaths,claim,claim_comparison:claim_cmp_192,claim_comparison,
compared_with,matched provenance identifier,claim:claim_rec_src_search_72af26a33522_001_cases_unspecified,claim,claim_comparison:claim_cmp_192,claim_comparison,
compared_with,matched provenance identifier,claim:claim_rec_src_search_ee3c4e1dc1cd_002_deaths,claim,claim_comparison:claim_cmp_193,claim_comparison,
compared_with,matched provenance identifier,claim:claim_rec_src_search_72af26a33522_001_deaths,claim,claim_comparison:claim_cmp_193,claim_comparison,
compared_with,matched provenance identifier,claim:claim_rec_src_search_ee3c4e1dc1cd_002_deaths,claim,claim_comparison:claim_cmp_194,claim_comparison,
compared_with,matched provenance identifier,claim:claim_rec_src_search_72af26a33522_002_deaths,claim,claim_comparison:claim_cmp_194,claim_comparison,
compared_with,matched provenance identifier,claim:claim_rec_src_search_ee3c4e1dc1cd_002_deaths,claim,claim_comparison:claim_cmp_195,claim_comparison,
compared_with,matched provenance identifier,claim:claim_rec_src_search_72af26a33522_003_hospitalizations,claim,claim_comparison:claim_cmp_195,claim_comparison,
compared_with,matched provenance identifier,claim:claim_rec_src_search_ee3c4e1dc1cd_002_deaths,claim,claim_comparison:claim_cmp_196,claim_comparison,
compared_with,matched provenance identifier,claim:claim_rec_src_search_b8ca758c1979_001_cases_confirmed,claim,claim_comparison:claim_cmp_196,claim_comparison,
compared_with,matched provenance identifier,claim:claim_rec_src_search_ee3c4e1dc1cd_002_deaths,claim,claim_comparison:claim_cmp_197,claim_comparison,
compared_with,matched provenance identifier,claim:claim_rec_src_search_b8ca758c1979_001_hospitalizations,claim,claim_comparison:claim_cmp_197,claim_comparison,
compared_with,matched provenance identifier,claim:claim_rec_src_search_ee3c4e1dc1cd_002_deaths,claim,claim_comparison:claim_cmp_198,claim_comparison,
compared_with,matched provenance identifier,claim:claim_rec_src_search_9d8411eba09d_003_cases_confirmed,claim,claim_comparison:claim_cmp_198,claim_comparison,
compared_with,matched provenance identifier,claim:claim_rec_src_search_ee3c4e1dc1cd_002_deaths,claim,claim_comparison:claim_cmp_199,claim_comparison,
compared_with,matched provenance identifier,claim:claim_rec_src_search_9d8411eba09d_003_deaths,claim,claim_comparison:claim_cmp_199,claim_comparison,
compared_with,matched provenance identifier,claim:claim_rec_src_search_ee3c4e1dc1cd_002_deaths,claim,claim_comparison:claim_cmp_200,claim_comparison,
compared_with,matched provenance identifier,claim:claim_rec_src_search_9d8411eba09d_003_hospitalizations,claim,claim_comparison:claim_cmp_200,claim_comparison,
compared_with,matched provenance identifier,claim:claim_rec_src_search_ee3c4e1dc1cd_002_deaths,claim,claim_comparison:claim_cmp_201,claim_comparison,
compared_with,matched provenance identifier,claim:claim_rec_src_search_9d8411eba09d_004_deaths,claim,claim_comparison:claim_cmp_201,claim_comparison,
compared_with,matched provenance identifier,claim:claim_rec_src_search_ee3c4e1dc1cd_002_deaths,claim,claim_comparison:claim_cmp_202,claim_comparison,
compared_with,matched provenance identifier,claim:claim_rec_src_search_9d8411eba09d_005_hospitalizations,claim,claim_comparison:claim_cmp_202,claim_comparison,
compared_with,matched provenance identifier,claim:claim_rec_src_search_ee3c4e1dc1cd_002_deaths,claim,claim_comparison:claim_cmp_203,claim_comparison,
compared_with,matched provenance identifier,claim:claim_rec_src_search_ee3c4e1dc1cd_003_cases_unspecified,claim,claim_comparison:claim_cmp_203,claim_comparison,
compared_with,matched provenance identifier,claim:claim_rec_src_search_ee3c4e1dc1cd_002_deaths,claim,claim_comparison:claim_cmp_204,claim_comparison,
compared_with,matched provenance identifier,claim:claim_rec_src_search_ee3c4e1dc1cd_003_deaths,claim,claim_comparison:claim_cmp_204,claim_comparison,
compared_with,matched provenance identifier,claim:claim_rec_src_search_ee3c4e1dc1cd_002_deaths,claim,claim_comparison:claim_cmp_205,claim_comparison,
compared_with,matched provenance identifier,claim:claim_rec_src_search_ee3c4e1dc1cd_004_deaths,claim,claim_comparison:claim_cmp_205,claim_comparison,
compared_with,matched provenance identifier,claim:claim_rec_src_search_ee3c4e1dc1cd_002_deaths,claim,claim_comparison:claim_cmp_206,claim_comparison,
compared_with,matched provenance identifier,claim:claim_rec_src_search_f72980cd3634_001_cases_unspecified,claim,claim_comparison:claim_cmp_206,claim_comparison,
compared_with,matched provenance identifier,claim:claim_rec_src_search_ee3c4e1dc1cd_002_deaths,claim,claim_comparison:claim_cmp_207,claim_comparison,
compared_with,matched provenance identifier,claim:claim_rec_src_search_f72980cd3634_001_deaths,claim,claim_comparison:claim_cmp_207,claim_comparison,
compared_with,matched provenance identifier,claim:claim_rec_src_search_ee3c4e1dc1cd_002_deaths,claim,claim_comparison:claim_cmp_208,claim_comparison,
compared_with,matched provenance identifier,claim:claim_rec_src_search_f72980cd3634_002_deaths,claim,claim_comparison:claim_cmp_208,claim_comparison,
compared_with,matched provenance identifier,claim:claim_rec_src_search_ee3c4e1dc1cd_002_deaths,claim,claim_comparison:claim_cmp_209,claim_comparison,
compared_with,matched provenance identifier,claim:claim_rec_src_search_b74bccc017c5_004_cases_confirmed,claim,claim_comparison:claim_cmp_209,claim_comparison,
compared_with,matched provenance identifier,claim:claim_rec_src_search_ee3c4e1dc1cd_002_deaths,claim,claim_comparison:claim_cmp_210,claim_comparison,
compared_with,matched provenance identifier,claim:claim_rec_src_search_b74bccc017c5_004_deaths,claim,claim_comparison:claim_cmp_210,claim_comparison,
compared_with,matched provenance identifier,claim:claim_rec_src_search_ee3c4e1dc1cd_002_deaths,claim,claim_comparison:claim_cmp_211,claim_comparison,
compared_with,matched provenance identifier,claim:claim_rec_src_search_b74bccc017c5_004_hospitalizations,claim,claim_comparison:claim_cmp_211,claim_comparison,
compared_with,matched provenance identifier,claim:claim_rec_src_search_ee3c4e1dc1cd_002_deaths,claim,claim_comparison:claim_cmp_212,claim_comparison,
compared_with,matched provenance identifier,claim:claim_rec_src_search_c72bcb75c75a_001_cases_unspecified,claim,claim_comparison:claim_cmp_212,claim_comparison,
compared_with,matched provenance identifier,claim:claim_rec_src_search_ee3c4e1dc1cd_002_deaths,claim,claim_comparison:claim_cmp_213,claim_comparison,
compared_with,matched provenance identifier,claim:claim_rec_src_search_c72bcb75c75a_001_deaths,claim,claim_comparison:claim_cmp_213,claim_comparison,
compared_with,matched provenance identifier,claim:claim_rec_src_search_ee3c4e1dc1cd_002_deaths,claim,claim_comparison:claim_cmp_214,claim_comparison,
compared_with,matched provenance identifier,claim:claim_rec_src_search_c72bcb75c75a_002_deaths,claim,claim_comparison:claim_cmp_214,claim_comparison,
compared_with,matched provenance identifier,claim:claim_rec_src_search_ee3c4e1dc1cd_002_deaths,claim,claim_comparison:claim_cmp_215,claim_comparison,
compared_with,matched provenance identifier,claim:claim_rec_src_search_fd4c39b5e976_001_cases_confirmed,claim,claim_comparison:claim_cmp_215,claim_comparison,
compared_with,matched provenance identifier,claim:claim_rec_src_search_ee3c4e1dc1cd_002_deaths,claim,claim_comparison:claim_cmp_216,claim_comparison,
compared_with,matched provenance identifier,claim:claim_rec_src_search_fd4c39b5e976_002_deaths,claim,claim_comparison:claim_cmp_216,claim_comparison,
compared_with,matched provenance identifier,claim:claim_rec_src_search_ee3c4e1dc1cd_002_deaths,claim,claim_comparison:claim_cmp_217,claim_comparison,
compared_with,matched provenance identifier,claim:claim_rec_src_search_a9306f6e1687_001_observation,claim,claim_comparison:claim_cmp_217,claim_comparison,
compared_with,matched provenance identifier,claim:claim_rec_src_search_ee3c4e1dc1cd_002_deaths,claim,claim_comparison:claim_cmp_218,claim_comparison,
compared_with,matched provenance identifier,claim:claim_rec_src_search_5b7e6dfb326c_003_cases_unspecified,claim,claim_comparison:claim_cmp_218,claim_comparison,
compared_with,matched provenance identifier,claim:claim_rec_src_search_ee3c4e1dc1cd_002_deaths,claim,claim_comparison:claim_cmp_219,claim_comparison,
compared_with,matched provenance identifier,claim:claim_rec_src_search_5b7e6dfb326c_003_deaths,claim,claim_comparison:claim_cmp_219,claim_comparison,
compared_with,matched provenance identifier,claim:claim_rec_src_search_ee3c4e1dc1cd_002_deaths,claim,claim_comparison:claim_cmp_220,claim_comparison,
compared_with,matched provenance identifier,claim:claim_rec_src_search_5b7e6dfb326c_003_hospitalizations,claim,claim_comparison:claim_cmp_220,claim_comparison,
compared_with,matched provenance identifier,claim:claim_rec_src_search_5b7e6dfb326c_001_observation,claim,claim_comparison:claim_cmp_221,claim_comparison,
compared_with,matched provenance identifier,claim:claim_rec_src_search_5b7e6dfb326c_002_observation,claim,claim_comparison:claim_cmp_221,claim_comparison,
compared_with,matched provenance identifier,claim:claim_rec_src_search_5b7e6dfb326c_001_observation,claim,claim_comparison:claim_cmp_222,claim_comparison,
compared_with,matched provenance identifier,claim:claim_rec_src_search_743df961a25b_001_cases_unspecified,claim,claim_comparison:claim_cmp_222,claim_comparison,
compared_with,matched provenance identifier,claim:claim_rec_src_search_5b7e6dfb326c_001_observation,claim,claim_comparison:claim_cmp_223,claim_comparison,
compared_with,matched provenance identifier,claim:claim_rec_src_search_743df961a25b_001_deaths,claim,claim_comparison:claim_cmp_223,claim_comparison,
compared_with,matched provenance identifier,claim:claim_rec_src_search_5b7e6dfb326c_001_observation,claim,claim_comparison:claim_cmp_224,claim_comparison,
compared_with,matched provenance identifier,claim:claim_rec_src_search_743df961a25b_002_deaths,claim,claim_comparison:claim_cmp_224,claim_comparison,
compared_with,matched provenance identifier,claim:claim_rec_src_search_5b7e6dfb326c_001_observation,claim,claim_comparison:claim_cmp_225,claim_comparison,
compared_with,matched provenance identifier,claim:claim_rec_src_search_b74bccc017c5_001_cases_confirmed,claim,claim_comparison:claim_cmp_225,claim_comparison,
compared_with,matched provenance identifier,claim:claim_rec_src_search_5b7e6dfb326c_001_observation,claim,claim_comparison:claim_cmp_226,claim_comparison,
compared_with,matched provenance identifier,claim:claim_rec_src_search_b74bccc017c5_002_deaths,claim,claim_comparison:claim_cmp_226,claim_comparison,
compared_with,matched provenance identifier,claim:claim_rec_src_search_5b7e6dfb326c_001_observation,claim,claim_comparison:claim_cmp_227,claim_comparison,
compared_with,matched provenance identifier,claim:claim_rec_src_search_b74bccc017c5_003_hospitalizations,claim,claim_comparison:claim_cmp_227,claim_comparison,
compared_with,matched provenance identifier,claim:claim_rec_src_search_5b7e6dfb326c_001_observation,claim,claim_comparison:claim_cmp_228,claim_comparison,
compared_with,matched provenance identifier,claim:claim_rec_src_search_f0add2a7316b_001_cases_confirmed,claim,claim_comparison:claim_cmp_228,claim_comparison,
compared_with,matched provenance identifier,claim:claim_rec_src_search_5b7e6dfb326c_001_observation,claim,claim_comparison:claim_cmp_229,claim_comparison,
compared_with,matched provenance identifier,claim:claim_rec_src_search_f0add2a7316b_002_deaths,claim,claim_comparison:claim_cmp_229,claim_comparison,
compared_with,matched provenance identifier,claim:claim_rec_src_search_5b7e6dfb326c_001_observation,claim,claim_comparison:claim_cmp_230,claim_comparison,
compared_with,matched provenance identifier,claim:claim_rec_src_search_f0add2a7316b_003_cases_confirmed,claim,claim_comparison:claim_cmp_230,claim_comparison,
compared_with,matched provenance identifier,claim:claim_rec_src_search_5b7e6dfb326c_001_observation,claim,claim_comparison:claim_cmp_231,claim_comparison,
compared_with,matched provenance identifier,claim:claim_rec_src_search_f0add2a7316b_003_deaths,claim,claim_comparison:claim_cmp_231,claim_comparison,
compared_with,matched provenance identifier,claim:claim_rec_src_search_5b7e6dfb326c_001_observation,claim,claim_comparison:claim_cmp_232,claim_comparison,
compared_with,matched provenance identifier,claim:claim_rec_src_search_f0add2a7316b_004_deaths,claim,claim_comparison:claim_cmp_232,claim_comparison,
compared_with,matched provenance identifier,claim:claim_rec_src_search_5b7e6dfb326c_001_observation,claim,claim_comparison:claim_cmp_233,claim_comparison,
compared_with,matched provenance identifier,claim:claim_rec_src_search_72af26a33522_001_cases_unspecified,claim,claim_comparison:claim_cmp_233,claim_comparison,
compared_with,matched provenance identifier,claim:claim_rec_src_search_5b7e6dfb326c_001_observation,claim,claim_comparison:claim_cmp_234,claim_comparison,
compared_with,matched provenance identifier,claim:claim_rec_src_search_72af26a33522_001_deaths,claim,claim_comparison:claim_cmp_234,claim_comparison,
compared_with,matched provenance identifier,claim:claim_rec_src_search_5b7e6dfb326c_001_observation,claim,claim_comparison:claim_cmp_235,claim_comparison,
compared_with,matched provenance identifier,claim:claim_rec_src_search_72af26a33522_002_deaths,claim,claim_comparison:claim_cmp_235,claim_comparison,
compared_with,matched provenance identifier,claim:claim_rec_src_search_5b7e6dfb326c_001_observation,claim,claim_comparison:claim_cmp_236,claim_comparison,
compared_with,matched provenance identifier,claim:claim_rec_src_search_72af26a33522_003_hospitalizations,claim,claim_comparison:claim_cmp_236,claim_comparison,
compared_with,matched provenance identifier,claim:claim_rec_src_search_5b7e6dfb326c_001_observation,claim,claim_comparison:claim_cmp_237,claim_comparison,
compared_with,matched provenance identifier,claim:claim_rec_src_search_b8ca758c1979_001_cases_confirmed,claim,claim_comparison:claim_cmp_237,claim_comparison,
compared_with,matched provenance identifier,claim:claim_rec_src_search_5b7e6dfb326c_001_observation,claim,claim_comparison:claim_cmp_238,claim_comparison,
compared_with,matched provenance identifier,claim:claim_rec_src_search_b8ca758c1979_001_hospitalizations,claim,claim_comparison:claim_cmp_238,claim_comparison,
compared_with,matched provenance identifier,claim:claim_rec_src_search_5b7e6dfb326c_001_observation,claim,claim_comparison:claim_cmp_239,claim_comparison,
compared_with,matched provenance identifier,claim:claim_rec_src_search_9d8411eba09d_003_cases_confirmed,claim,claim_comparison:claim_cmp_239,claim_comparison,
compared_with,matched provenance identifier,claim:claim_rec_src_search_5b7e6dfb326c_001_observation,claim,claim_comparison:claim_cmp_240,claim_comparison,
compared_with,matched provenance identifier,claim:claim_rec_src_search_9d8411eba09d_003_deaths,claim,claim_comparison:claim_cmp_240,claim_comparison,
compared_with,matched provenance identifier,claim:claim_rec_src_search_5b7e6dfb326c_001_observation,claim,claim_comparison:claim_cmp_241,claim_comparison,
compared_with,matched provenance identifier,claim:claim_rec_src_search_9d8411eba09d_003_hospitalizations,claim,claim_comparison:claim_cmp_241,claim_comparison,
compared_with,matched provenance identifier,claim:claim_rec_src_search_5b7e6dfb326c_001_observation,claim,claim_comparison:claim_cmp_242,claim_comparison,
compared_with,matched provenance identifier,claim:claim_rec_src_search_9d8411eba09d_004_deaths,claim,claim_comparison:claim_cmp_242,claim_comparison,
compared_with,matched provenance identifier,claim:claim_rec_src_search_5b7e6dfb326c_001_observation,claim,claim_comparison:claim_cmp_243,claim_comparison,
compared_with,matched provenance identifier,claim:claim_rec_src_search_9d8411eba09d_005_hospitalizations,claim,claim_comparison:claim_cmp_243,claim_comparison,
compared_with,matched provenance identifier,claim:claim_rec_src_search_5b7e6dfb326c_001_observation,claim,claim_comparison:claim_cmp_244,claim_comparison,
compared_with,matched provenance identifier,claim:claim_rec_src_search_ee3c4e1dc1cd_003_cases_unspecified,claim,claim_comparison:claim_cmp_244,claim_comparison,
compared_with,matched provenance identifier,claim:claim_rec_src_search_5b7e6dfb326c_001_observation,claim,claim_comparison:claim_cmp_245,claim_comparison,
compared_with,matched provenance identifier,claim:claim_rec_src_search_ee3c4e1dc1cd_003_deaths,claim,claim_comparison:claim_cmp_245,claim_comparison,
compared_with,matched provenance identifier,claim:claim_rec_src_search_5b7e6dfb326c_001_observation,claim,claim_comparison:claim_cmp_246,claim_comparison,
compared_with,matched provenance identifier,claim:claim_rec_src_search_ee3c4e1dc1cd_004_deaths,claim,claim_comparison:claim_cmp_246,claim_comparison,
compared_with,matched provenance identifier,claim:claim_rec_src_search_5b7e6dfb326c_001_observation,claim,claim_comparison:claim_cmp_247,claim_comparison,
compared_with,matched provenance identifier,claim:claim_rec_src_search_f72980cd3634_001_cases_unspecified,claim,claim_comparison:claim_cmp_247,claim_comparison,
compared_with,matched provenance identifier,claim:claim_rec_src_search_5b7e6dfb326c_001_observation,claim,claim_comparison:claim_cmp_248,claim_comparison,
compared_with,matched provenance identifier,claim:claim_rec_src_search_f72980cd3634_001_deaths,claim,claim_comparison:claim_cmp_248,claim_comparison,
compared_with,matched provenance identifier,claim:claim_rec_src_search_5b7e6dfb326c_001_observation,claim,claim_comparison:claim_cmp_249,claim_comparison,
compared_with,matched provenance identifier,claim:claim_rec_src_search_f72980cd3634_002_deaths,claim,claim_comparison:claim_cmp_249,claim_comparison,
compared_with,matched provenance identifier,claim:claim_rec_src_search_5b7e6dfb326c_001_observation,claim,claim_comparison:claim_cmp_250,claim_comparison,
compared_with,matched provenance identifier,claim:claim_rec_src_search_b74bccc017c5_004_cases_confirmed,claim,claim_comparison:claim_cmp_250,claim_comparison,
compared_with,matched provenance identifier,claim:claim_rec_src_search_5b7e6dfb326c_001_observation,claim,claim_comparison:claim_cmp_251,claim_comparison,
compared_with,matched provenance identifier,claim:claim_rec_src_search_b74bccc017c5_004_deaths,claim,claim_comparison:claim_cmp_251,claim_comparison,
compared_with,matched provenance identifier,claim:claim_rec_src_search_5b7e6dfb326c_001_observation,claim,claim_comparison:claim_cmp_252,claim_comparison,
compared_with,matched provenance identifier,claim:claim_rec_src_search_b74bccc017c5_004_hospitalizations,claim,claim_comparison:claim_cmp_252,claim_comparison,
compared_with,matched provenance identifier,claim:claim_rec_src_search_5b7e6dfb326c_001_observation,claim,claim_comparison:claim_cmp_253,claim_comparison,
compared_with,matched provenance identifier,claim:claim_rec_src_search_c72bcb75c75a_001_cases_unspecified,claim,claim_comparison:claim_cmp_253,claim_comparison,
compared_with,matched provenance identifier,claim:claim_rec_src_search_5b7e6dfb326c_001_observation,claim,claim_comparison:claim_cmp_254,claim_comparison,
compared_with,matched provenance identifier,claim:claim_rec_src_search_c72bcb75c75a_001_deaths,claim,claim_comparison:claim_cmp_254,claim_comparison,
compared_with,matched provenance identifier,claim:claim_rec_src_search_5b7e6dfb326c_001_observation,claim,claim_comparison:claim_cmp_255,claim_comparison,
compared_with,matched provenance identifier,claim:claim_rec_src_search_c72bcb75c75a_002_deaths,claim,claim_comparison:claim_cmp_255,claim_comparison,
compared_with,matched provenance identifier,claim:claim_rec_src_search_5b7e6dfb326c_001_observation,claim,claim_comparison:claim_cmp_256,claim_comparison,
compared_with,matched provenance identifier,claim:claim_rec_src_search_fd4c39b5e976_001_cases_confirmed,claim,claim_comparison:claim_cmp_256,claim_comparison,
compared_with,matched provenance identifier,claim:claim_rec_src_search_5b7e6dfb326c_001_observation,claim,claim_comparison:claim_cmp_257,claim_comparison,
compared_with,matched provenance identifier,claim:claim_rec_src_search_fd4c39b5e976_002_deaths,claim,claim_comparison:claim_cmp_257,claim_comparison,
compared_with,matched provenance identifier,claim:claim_rec_src_search_5b7e6dfb326c_001_observation,claim,claim_comparison:claim_cmp_258,claim_comparison,
compared_with,matched provenance identifier,claim:claim_rec_src_search_a9306f6e1687_001_observation,claim,claim_comparison:claim_cmp_258,claim_comparison,
compared_with,matched provenance identifier,claim:claim_rec_src_search_5b7e6dfb326c_001_observation,claim,claim_comparison:claim_cmp_259,claim_comparison,
compared_with,matched provenance identifier,claim:claim_rec_src_search_5b7e6dfb326c_003_cases_unspecified,claim,claim_comparison:claim_cmp_259,claim_comparison,
compared_with,matched provenance identifier,claim:claim_rec_src_search_5b7e6dfb326c_001_observation,claim,claim_comparison:claim_cmp_260,claim_comparison,
compared_with,matched provenance identifier,claim:claim_rec_src_search_5b7e6dfb326c_003_deaths,claim,claim_comparison:claim_cmp_260,claim_comparison,
compared_with,matched provenance identifier,claim:claim_rec_src_search_5b7e6dfb326c_001_observation,claim,claim_comparison:claim_cmp_261,claim_comparison,
compared_with,matched provenance identifier,claim:claim_rec_src_search_5b7e6dfb326c_003_hospitalizations,claim,claim_comparison:claim_cmp_261,claim_comparison,
compared_with,matched provenance identifier,claim:claim_rec_src_search_5b7e6dfb326c_002_observation,claim,claim_comparison:claim_cmp_262,claim_comparison,
compared_with,matched provenance identifier,claim:claim_rec_src_search_743df961a25b_001_cases_unspecified,claim,claim_comparison:claim_cmp_262,claim_comparison,
compared_with,matched provenance identifier,claim:claim_rec_src_search_5b7e6dfb326c_002_observation,claim,claim_comparison:claim_cmp_263,claim_comparison,
compared_with,matched provenance identifier,claim:claim_rec_src_search_743df961a25b_001_deaths,claim,claim_comparison:claim_cmp_263,claim_comparison,
compared_with,matched provenance identifier,claim:claim_rec_src_search_5b7e6dfb326c_002_observation,claim,claim_comparison:claim_cmp_264,claim_comparison,
compared_with,matched provenance identifier,claim:claim_rec_src_search_743df961a25b_002_deaths,claim,claim_comparison:claim_cmp_264,claim_comparison,
compared_with,matched provenance identifier,claim:claim_rec_src_search_5b7e6dfb326c_002_observation,claim,claim_comparison:claim_cmp_265,claim_comparison,
compared_with,matched provenance identifier,claim:claim_rec_src_search_b74bccc017c5_001_cases_confirmed,claim,claim_comparison:claim_cmp_265,claim_comparison,
compared_with,matched provenance identifier,claim:claim_rec_src_search_5b7e6dfb326c_002_observation,claim,claim_comparison:claim_cmp_266,claim_comparison,
compared_with,matched provenance identifier,claim:claim_rec_src_search_b74bccc017c5_002_deaths,claim,claim_comparison:claim_cmp_266,claim_comparison,
compared_with,matched provenance identifier,claim:claim_rec_src_search_5b7e6dfb326c_002_observation,claim,claim_comparison:claim_cmp_267,claim_comparison,
compared_with,matched provenance identifier,claim:claim_rec_src_search_b74bccc017c5_003_hospitalizations,claim,claim_comparison:claim_cmp_267,claim_comparison,
compared_with,matched provenance identifier,claim:claim_rec_src_search_5b7e6dfb326c_002_observation,claim,claim_comparison:claim_cmp_268,claim_comparison,
compared_with,matched provenance identifier,claim:claim_rec_src_search_f0add2a7316b_001_cases_confirmed,claim,claim_comparison:claim_cmp_268,claim_comparison,
compared_with,matched provenance identifier,claim:claim_rec_src_search_5b7e6dfb326c_002_observation,claim,claim_comparison:claim_cmp_269,claim_comparison,
compared_with,matched provenance identifier,claim:claim_rec_src_search_f0add2a7316b_002_deaths,claim,claim_comparison:claim_cmp_269,claim_comparison,
compared_with,matched provenance identifier,claim:claim_rec_src_search_5b7e6dfb326c_002_observation,claim,claim_comparison:claim_cmp_270,claim_comparison,
compared_with,matched provenance identifier,claim:claim_rec_src_search_f0add2a7316b_003_cases_confirmed,claim,claim_comparison:claim_cmp_270,claim_comparison,
compared_with,matched provenance identifier,claim:claim_rec_src_search_5b7e6dfb326c_002_observation,claim,claim_comparison:claim_cmp_271,claim_comparison,
compared_with,matched provenance identifier,claim:claim_rec_src_search_f0add2a7316b_003_deaths,claim,claim_comparison:claim_cmp_271,claim_comparison,
compared_with,matched provenance identifier,claim:claim_rec_src_search_5b7e6dfb326c_002_observation,claim,claim_comparison:claim_cmp_272,claim_comparison,
compared_with,matched provenance identifier,claim:claim_rec_src_search_f0add2a7316b_004_deaths,claim,claim_comparison:claim_cmp_272,claim_comparison,
compared_with,matched provenance identifier,claim:claim_rec_src_search_5b7e6dfb326c_002_observation,claim,claim_comparison:claim_cmp_273,claim_comparison,
compared_with,matched provenance identifier,claim:claim_rec_src_search_72af26a33522_001_cases_unspecified,claim,claim_comparison:claim_cmp_273,claim_comparison,
compared_with,matched provenance identifier,claim:claim_rec_src_search_5b7e6dfb326c_002_observation,claim,claim_comparison:claim_cmp_274,claim_comparison,
compared_with,matched provenance identifier,claim:claim_rec_src_search_72af26a33522_001_deaths,claim,claim_comparison:claim_cmp_274,claim_comparison,
compared_with,matched provenance identifier,claim:claim_rec_src_search_5b7e6dfb326c_002_observation,claim,claim_comparison:claim_cmp_275,claim_comparison,
compared_with,matched provenance identifier,claim:claim_rec_src_search_72af26a33522_002_deaths,claim,claim_comparison:claim_cmp_275,claim_comparison,
compared_with,matched provenance identifier,claim:claim_rec_src_search_5b7e6dfb326c_002_observation,claim,claim_comparison:claim_cmp_276,claim_comparison,
compared_with,matched provenance identifier,claim:claim_rec_src_search_72af26a33522_003_hospitalizations,claim,claim_comparison:claim_cmp_276,claim_comparison,
compared_with,matched provenance identifier,claim:claim_rec_src_search_5b7e6dfb326c_002_observation,claim,claim_comparison:claim_cmp_277,claim_comparison,
compared_with,matched provenance identifier,claim:claim_rec_src_search_b8ca758c1979_001_cases_confirmed,claim,claim_comparison:claim_cmp_277,claim_comparison,
compared_with,matched provenance identifier,claim:claim_rec_src_search_5b7e6dfb326c_002_observation,claim,claim_comparison:claim_cmp_278,claim_comparison,
compared_with,matched provenance identifier,claim:claim_rec_src_search_b8ca758c1979_001_hospitalizations,claim,claim_comparison:claim_cmp_278,claim_comparison,
compared_with,matched provenance identifier,claim:claim_rec_src_search_5b7e6dfb326c_002_observation,claim,claim_comparison:claim_cmp_279,claim_comparison,
compared_with,matched provenance identifier,claim:claim_rec_src_search_9d8411eba09d_003_cases_confirmed,claim,claim_comparison:claim_cmp_279,claim_comparison,
compared_with,matched provenance identifier,claim:claim_rec_src_search_5b7e6dfb326c_002_observation,claim,claim_comparison:claim_cmp_280,claim_comparison,
compared_with,matched provenance identifier,claim:claim_rec_src_search_9d8411eba09d_003_deaths,claim,claim_comparison:claim_cmp_280,claim_comparison,
compared_with,matched provenance identifier,claim:claim_rec_src_search_5b7e6dfb326c_002_observation,claim,claim_comparison:claim_cmp_281,claim_comparison,
compared_with,matched provenance identifier,claim:claim_rec_src_search_9d8411eba09d_003_hospitalizations,claim,claim_comparison:claim_cmp_281,claim_comparison,
compared_with,matched provenance identifier,claim:claim_rec_src_search_5b7e6dfb326c_002_observation,claim,claim_comparison:claim_cmp_282,claim_comparison,
compared_with,matched provenance identifier,claim:claim_rec_src_search_9d8411eba09d_004_deaths,claim,claim_comparison:claim_cmp_282,claim_comparison,
compared_with,matched provenance identifier,claim:claim_rec_src_search_5b7e6dfb326c_002_observation,claim,claim_comparison:claim_cmp_283,claim_comparison,
compared_with,matched provenance identifier,claim:claim_rec_src_search_9d8411eba09d_005_hospitalizations,claim,claim_comparison:claim_cmp_283,claim_comparison,
compared_with,matched provenance identifier,claim:claim_rec_src_search_5b7e6dfb326c_002_observation,claim,claim_comparison:claim_cmp_284,claim_comparison,
compared_with,matched provenance identifier,claim:claim_rec_src_search_ee3c4e1dc1cd_003_cases_unspecified,claim,claim_comparison:claim_cmp_284,claim_comparison,
compared_with,matched provenance identifier,claim:claim_rec_src_search_5b7e6dfb326c_002_observation,claim,claim_comparison:claim_cmp_285,claim_comparison,
compared_with,matched provenance identifier,claim:claim_rec_src_search_ee3c4e1dc1cd_003_deaths,claim,claim_comparison:claim_cmp_285,claim_comparison,
compared_with,matched provenance identifier,claim:claim_rec_src_search_5b7e6dfb326c_002_observation,claim,claim_comparison:claim_cmp_286,claim_comparison,
compared_with,matched provenance identifier,claim:claim_rec_src_search_ee3c4e1dc1cd_004_deaths,claim,claim_comparison:claim_cmp_286,claim_comparison,
compared_with,matched provenance identifier,claim:claim_rec_src_search_5b7e6dfb326c_002_observation,claim,claim_comparison:claim_cmp_287,claim_comparison,
compared_with,matched provenance identifier,claim:claim_rec_src_search_f72980cd3634_001_cases_unspecified,claim,claim_comparison:claim_cmp_287,claim_comparison,
compared_with,matched provenance identifier,claim:claim_rec_src_search_5b7e6dfb326c_002_observation,claim,claim_comparison:claim_cmp_288,claim_comparison,
compared_with,matched provenance identifier,claim:claim_rec_src_search_f72980cd3634_001_deaths,claim,claim_comparison:claim_cmp_288,claim_comparison,
compared_with,matched provenance identifier,claim:claim_rec_src_search_5b7e6dfb326c_002_observation,claim,claim_comparison:claim_cmp_289,claim_comparison,
compared_with,matched provenance identifier,claim:claim_rec_src_search_f72980cd3634_002_deaths,claim,claim_comparison:claim_cmp_289,claim_comparison,
compared_with,matched provenance identifier,claim:claim_rec_src_search_5b7e6dfb326c_002_observation,claim,claim_comparison:claim_cmp_290,claim_comparison,
compared_with,matched provenance identifier,claim:claim_rec_src_search_b74bccc017c5_004_cases_confirmed,claim,claim_comparison:claim_cmp_290,claim_comparison,
compared_with,matched provenance identifier,claim:claim_rec_src_search_5b7e6dfb326c_002_observation,claim,claim_comparison:claim_cmp_291,claim_comparison,
compared_with,matched provenance identifier,claim:claim_rec_src_search_b74bccc017c5_004_deaths,claim,claim_comparison:claim_cmp_291,claim_comparison,
compared_with,matched provenance identifier,claim:claim_rec_src_search_5b7e6dfb326c_002_observation,claim,claim_comparison:claim_cmp_292,claim_comparison,
compared_with,matched provenance identifier,claim:claim_rec_src_search_b74bccc017c5_004_hospitalizations,claim,claim_comparison:claim_cmp_292,claim_comparison,
compared_with,matched provenance identifier,claim:claim_rec_src_search_5b7e6dfb326c_002_observation,claim,claim_comparison:claim_cmp_293,claim_comparison,
compared_with,matched provenance identifier,claim:claim_rec_src_search_c72bcb75c75a_001_cases_unspecified,claim,claim_comparison:claim_cmp_293,claim_comparison,
compared_with,matched provenance identifier,claim:claim_rec_src_search_5b7e6dfb326c_002_observation,claim,claim_comparison:claim_cmp_294,claim_comparison,
compared_with,matched provenance identifier,claim:claim_rec_src_search_c72bcb75c75a_001_deaths,claim,claim_comparison:claim_cmp_294,claim_comparison,
compared_with,matched provenance identifier,claim:claim_rec_src_search_5b7e6dfb326c_002_observation,claim,claim_comparison:claim_cmp_295,claim_comparison,
compared_with,matched provenance identifier,claim:claim_rec_src_search_c72bcb75c75a_002_deaths,claim,claim_comparison:claim_cmp_295,claim_comparison,
compared_with,matched provenance identifier,claim:claim_rec_src_search_5b7e6dfb326c_002_observation,claim,claim_comparison:claim_cmp_296,claim_comparison,
compared_with,matched provenance identifier,claim:claim_rec_src_search_fd4c39b5e976_001_cases_confirmed,claim,claim_comparison:claim_cmp_296,claim_comparison,
compared_with,matched provenance identifier,claim:claim_rec_src_search_5b7e6dfb326c_002_observation,claim,claim_comparison:claim_cmp_297,claim_comparison,
compared_with,matched provenance identifier,claim:claim_rec_src_search_fd4c39b5e976_002_deaths,claim,claim_comparison:claim_cmp_297,claim_comparison,
compared_with,matched provenance identifier,claim:claim_rec_src_search_5b7e6dfb326c_002_observation,claim,claim_comparison:claim_cmp_298,claim_comparison,
compared_with,matched provenance identifier,claim:claim_rec_src_search_a9306f6e1687_001_observation,claim,claim_comparison:claim_cmp_298,claim_comparison,
compared_with,matched provenance identifier,claim:claim_rec_src_search_5b7e6dfb326c_002_observation,claim,claim_comparison:claim_cmp_299,claim_comparison,
compared_with,matched provenance identifier,claim:claim_rec_src_search_5b7e6dfb326c_003_cases_unspecified,claim,claim_comparison:claim_cmp_299,claim_comparison,
compared_with,matched provenance identifier,claim:claim_rec_src_search_5b7e6dfb326c_002_observation,claim,claim_comparison:claim_cmp_300,claim_comparison,
compared_with,matched provenance identifier,claim:claim_rec_src_search_5b7e6dfb326c_003_deaths,claim,claim_comparison:claim_cmp_300,claim_comparison,
compared_with,matched provenance identifier,claim:claim_rec_src_search_5b7e6dfb326c_002_observation,claim,claim_comparison:claim_cmp_301,claim_comparison,
compared_with,matched provenance identifier,claim:claim_rec_src_search_5b7e6dfb326c_003_hospitalizations,claim,claim_comparison:claim_cmp_301,claim_comparison,
compared_with,matched provenance identifier,claim:claim_rec_src_search_743df961a25b_001_cases_unspecified,claim,claim_comparison:claim_cmp_302,claim_comparison,
compared_with,matched provenance identifier,claim:claim_rec_src_search_743df961a25b_001_deaths,claim,claim_comparison:claim_cmp_302,claim_comparison,
compared_with,matched provenance identifier,claim:claim_rec_src_search_743df961a25b_001_cases_unspecified,claim,claim_comparison:claim_cmp_303,claim_comparison,
compared_with,matched provenance identifier,claim:claim_rec_src_search_743df961a25b_002_deaths,claim,claim_comparison:claim_cmp_303,claim_comparison,
compared_with,matched provenance identifier,claim:claim_rec_src_search_743df961a25b_001_cases_unspecified,claim,claim_comparison:claim_cmp_304,claim_comparison,
compared_with,matched provenance identifier,claim:claim_rec_src_search_b74bccc017c5_001_cases_confirmed,claim,claim_comparison:claim_cmp_304,claim_comparison,
compared_with,matched provenance identifier,claim:claim_rec_src_search_743df961a25b_001_cases_unspecified,claim,claim_comparison:claim_cmp_305,claim_comparison,
compared_with,matched provenance identifier,claim:claim_rec_src_search_b74bccc017c5_002_deaths,claim,claim_comparison:claim_cmp_305,claim_comparison,
compared_with,matched provenance identifier,claim:claim_rec_src_search_743df961a25b_001_cases_unspecified,claim,claim_comparison:claim_cmp_306,claim_comparison,
compared_with,matched provenance identifier,claim:claim_rec_src_search_b74bccc017c5_003_hospitalizations,claim,claim_comparison:claim_cmp_306,claim_comparison,
compared_with,matched provenance identifier,claim:claim_rec_src_search_743df961a25b_001_cases_unspecified,claim,claim_comparison:claim_cmp_307,claim_comparison,
compared_with,matched provenance identifier,claim:claim_rec_src_search_f0add2a7316b_001_cases_confirmed,claim,claim_comparison:claim_cmp_307,claim_comparison,
compared_with,matched provenance identifier,claim:claim_rec_src_search_743df961a25b_001_cases_unspecified,claim,claim_comparison:claim_cmp_308,claim_comparison,
compared_with,matched provenance identifier,claim:claim_rec_src_search_f0add2a7316b_002_deaths,claim,claim_comparison:claim_cmp_308,claim_comparison,
compared_with,matched provenance identifier,claim:claim_rec_src_search_743df961a25b_001_cases_unspecified,claim,claim_comparison:claim_cmp_309,claim_comparison,
compared_with,matched provenance identifier,claim:claim_rec_src_search_f0add2a7316b_003_cases_confirmed,claim,claim_comparison:claim_cmp_309,claim_comparison,
compared_with,matched provenance identifier,claim:claim_rec_src_search_743df961a25b_001_cases_unspecified,claim,claim_comparison:claim_cmp_310,claim_comparison,
compared_with,matched provenance identifier,claim:claim_rec_src_search_f0add2a7316b_003_deaths,claim,claim_comparison:claim_cmp_310,claim_comparison,
compared_with,matched provenance identifier,claim:claim_rec_src_search_743df961a25b_001_cases_unspecified,claim,claim_comparison:claim_cmp_311,claim_comparison,
compared_with,matched provenance identifier,claim:claim_rec_src_search_f0add2a7316b_004_deaths,claim,claim_comparison:claim_cmp_311,claim_comparison,
compared_with,matched provenance identifier,claim:claim_rec_src_search_743df961a25b_001_cases_unspecified,claim,claim_comparison:claim_cmp_312,claim_comparison,
compared_with,matched provenance identifier,claim:claim_rec_src_search_72af26a33522_001_cases_unspecified,claim,claim_comparison:claim_cmp_312,claim_comparison,
compared_with,matched provenance identifier,claim:claim_rec_src_search_743df961a25b_001_cases_unspecified,claim,claim_comparison:claim_cmp_313,claim_comparison,
compared_with,matched provenance identifier,claim:claim_rec_src_search_72af26a33522_001_deaths,claim,claim_comparison:claim_cmp_313,claim_comparison,
compared_with,matched provenance identifier,claim:claim_rec_src_search_743df961a25b_001_cases_unspecified,claim,claim_comparison:claim_cmp_314,claim_comparison,
compared_with,matched provenance identifier,claim:claim_rec_src_search_72af26a33522_002_deaths,claim,claim_comparison:claim_cmp_314,claim_comparison,
compared_with,matched provenance identifier,claim:claim_rec_src_search_743df961a25b_001_cases_unspecified,claim,claim_comparison:claim_cmp_315,claim_comparison,
compared_with,matched provenance identifier,claim:claim_rec_src_search_72af26a33522_003_hospitalizations,claim,claim_comparison:claim_cmp_315,claim_comparison,
compared_with,matched provenance identifier,claim:claim_rec_src_search_743df961a25b_001_cases_unspecified,claim,claim_comparison:claim_cmp_316,claim_comparison,
compared_with,matched provenance identifier,claim:claim_rec_src_search_b8ca758c1979_001_cases_confirmed,claim,claim_comparison:claim_cmp_316,claim_comparison,
compared_with,matched provenance identifier,claim:claim_rec_src_search_743df961a25b_001_cases_unspecified,claim,claim_comparison:claim_cmp_317,claim_comparison,
compared_with,matched provenance identifier,claim:claim_rec_src_search_b8ca758c1979_001_hospitalizations,claim,claim_comparison:claim_cmp_317,claim_comparison,
compared_with,matched provenance identifier,claim:claim_rec_src_search_743df961a25b_001_cases_unspecified,claim,claim_comparison:claim_cmp_318,claim_comparison,
compared_with,matched provenance identifier,claim:claim_rec_src_search_9d8411eba09d_003_cases_confirmed,claim,claim_comparison:claim_cmp_318,claim_comparison,
compared_with,matched provenance identifier,claim:claim_rec_src_search_743df961a25b_001_cases_unspecified,claim,claim_comparison:claim_cmp_319,claim_comparison,
compared_with,matched provenance identifier,claim:claim_rec_src_search_9d8411eba09d_003_deaths,claim,claim_comparison:claim_cmp_319,claim_comparison,
compared_with,matched provenance identifier,claim:claim_rec_src_search_743df961a25b_001_cases_unspecified,claim,claim_comparison:claim_cmp_320,claim_comparison,
compared_with,matched provenance identifier,claim:claim_rec_src_search_9d8411eba09d_003_hospitalizations,claim,claim_comparison:claim_cmp_320,claim_comparison,
compared_with,matched provenance identifier,claim:claim_rec_src_search_743df961a25b_001_cases_unspecified,claim,claim_comparison:claim_cmp_321,claim_comparison,
compared_with,matched provenance identifier,claim:claim_rec_src_search_9d8411eba09d_004_deaths,claim,claim_comparison:claim_cmp_321,claim_comparison,
compared_with,matched provenance identifier,claim:claim_rec_src_search_743df961a25b_001_cases_unspecified,claim,claim_comparison:claim_cmp_322,claim_comparison,
compared_with,matched provenance identifier,claim:claim_rec_src_search_9d8411eba09d_005_hospitalizations,claim,claim_comparison:claim_cmp_322,claim_comparison,
compared_with,matched provenance identifier,claim:claim_rec_src_search_743df961a25b_001_cases_unspecified,claim,claim_comparison:claim_cmp_323,claim_comparison,
compared_with,matched provenance identifier,claim:claim_rec_src_search_ee3c4e1dc1cd_003_cases_unspecified,claim,claim_comparison:claim_cmp_323,claim_comparison,
compared_with,matched provenance identifier,claim:claim_rec_src_search_743df961a25b_001_cases_unspecified,claim,claim_comparison:claim_cmp_324,claim_comparison,
compared_with,matched provenance identifier,claim:claim_rec_src_search_ee3c4e1dc1cd_003_deaths,claim,claim_comparison:claim_cmp_324,claim_comparison,
compared_with,matched provenance identifier,claim:claim_rec_src_search_743df961a25b_001_cases_unspecified,claim,claim_comparison:claim_cmp_325,claim_comparison,
compared_with,matched provenance identifier,claim:claim_rec_src_search_ee3c4e1dc1cd_004_deaths,claim,claim_comparison:claim_cmp_325,claim_comparison,
compared_with,matched provenance identifier,claim:claim_rec_src_search_743df961a25b_001_cases_unspecified,claim,claim_comparison:claim_cmp_326,claim_comparison,
compared_with,matched provenance identifier,claim:claim_rec_src_search_f72980cd3634_001_cases_unspecified,claim,claim_comparison:claim_cmp_326,claim_comparison,
compared_with,matched provenance identifier,claim:claim_rec_src_search_743df961a25b_001_cases_unspecified,claim,claim_comparison:claim_cmp_327,claim_comparison,
compared_with,matched provenance identifier,claim:claim_rec_src_search_f72980cd3634_001_deaths,claim,claim_comparison:claim_cmp_327,claim_comparison,
compared_with,matched provenance identifier,claim:claim_rec_src_search_743df961a25b_001_cases_unspecified,claim,claim_comparison:claim_cmp_328,claim_comparison,
compared_with,matched provenance identifier,claim:claim_rec_src_search_f72980cd3634_002_deaths,claim,claim_comparison:claim_cmp_328,claim_comparison,
compared_with,matched provenance identifier,claim:claim_rec_src_search_743df961a25b_001_cases_unspecified,claim,claim_comparison:claim_cmp_329,claim_comparison,
compared_with,matched provenance identifier,claim:claim_rec_src_search_b74bccc017c5_004_cases_confirmed,claim,claim_comparison:claim_cmp_329,claim_comparison,
compared_with,matched provenance identifier,claim:claim_rec_src_search_743df961a25b_001_cases_unspecified,claim,claim_comparison:claim_cmp_330,claim_comparison,
compared_with,matched provenance identifier,claim:claim_rec_src_search_b74bccc017c5_004_deaths,claim,claim_comparison:claim_cmp_330,claim_comparison,
compared_with,matched provenance identifier,claim:claim_rec_src_search_743df961a25b_001_cases_unspecified,claim,claim_comparison:claim_cmp_331,claim_comparison,
compared_with,matched provenance identifier,claim:claim_rec_src_search_b74bccc017c5_004_hospitalizations,claim,claim_comparison:claim_cmp_331,claim_comparison,
compared_with,matched provenance identifier,claim:claim_rec_src_search_743df961a25b_001_cases_unspecified,claim,claim_comparison:claim_cmp_332,claim_comparison,
compared_with,matched provenance identifier,claim:claim_rec_src_search_c72bcb75c75a_001_cases_unspecified,claim,claim_comparison:claim_cmp_332,claim_comparison,
compared_with,matched provenance identifier,claim:claim_rec_src_search_743df961a25b_001_cases_unspecified,claim,claim_comparison:claim_cmp_333,claim_comparison,
compared_with,matched provenance identifier,claim:claim_rec_src_search_c72bcb75c75a_001_deaths,claim,claim_comparison:claim_cmp_333,claim_comparison,
compared_with,matched provenance identifier,claim:claim_rec_src_search_743df961a25b_001_cases_unspecified,claim,claim_comparison:claim_cmp_334,claim_comparison,
compared_with,matched provenance identifier,claim:claim_rec_src_search_c72bcb75c75a_002_deaths,claim,claim_comparison:claim_cmp_334,claim_comparison,
compared_with,matched provenance identifier,claim:claim_rec_src_search_743df961a25b_001_cases_unspecified,claim,claim_comparison:claim_cmp_335,claim_comparison,
compared_with,matched provenance identifier,claim:claim_rec_src_search_fd4c39b5e976_001_cases_confirmed,claim,claim_comparison:claim_cmp_335,claim_comparison,
compared_with,matched provenance identifier,claim:claim_rec_src_search_743df961a25b_001_cases_unspecified,claim,claim_comparison:claim_cmp_336,claim_comparison,
compared_with,matched provenance identifier,claim:claim_rec_src_search_fd4c39b5e976_002_deaths,claim,claim_comparison:claim_cmp_336,claim_comparison,
compared_with,matched provenance identifier,claim:claim_rec_src_search_743df961a25b_001_cases_unspecified,claim,claim_comparison:claim_cmp_337,claim_comparison,
compared_with,matched provenance identifier,claim:claim_rec_src_search_a9306f6e1687_001_observation,claim,claim_comparison:claim_cmp_337,claim_comparison,
compared_with,matched provenance identifier,claim:claim_rec_src_search_743df961a25b_001_cases_unspecified,claim,claim_comparison:claim_cmp_338,claim_comparison,
compared_with,matched provenance identifier,claim:claim_rec_src_search_5b7e6dfb326c_003_cases_unspecified,claim,claim_comparison:claim_cmp_338,claim_comparison,
compared_with,matched provenance identifier,claim:claim_rec_src_search_743df961a25b_001_cases_unspecified,claim,claim_comparison:claim_cmp_339,claim_comparison,
compared_with,matched provenance identifier,claim:claim_rec_src_search_5b7e6dfb326c_003_deaths,claim,claim_comparison:claim_cmp_339,claim_comparison,
compared_with,matched provenance identifier,claim:claim_rec_src_search_743df961a25b_001_cases_unspecified,claim,claim_comparison:claim_cmp_340,claim_comparison,
compared_with,matched provenance identifier,claim:claim_rec_src_search_5b7e6dfb326c_003_hospitalizations,claim,claim_comparison:claim_cmp_340,claim_comparison,
compared_with,matched provenance identifier,claim:claim_rec_src_search_743df961a25b_001_deaths,claim,claim_comparison:claim_cmp_341,claim_comparison,
compared_with,matched provenance identifier,claim:claim_rec_src_search_743df961a25b_002_deaths,claim,claim_comparison:claim_cmp_341,claim_comparison,
compared_with,matched provenance identifier,claim:claim_rec_src_search_743df961a25b_001_deaths,claim,claim_comparison:claim_cmp_342,claim_comparison,
compared_with,matched provenance identifier,claim:claim_rec_src_search_b74bccc017c5_001_cases_confirmed,claim,claim_comparison:claim_cmp_342,claim_comparison,
compared_with,matched provenance identifier,claim:claim_rec_src_search_743df961a25b_001_deaths,claim,claim_comparison:claim_cmp_343,claim_comparison,
compared_with,matched provenance identifier,claim:claim_rec_src_search_b74bccc017c5_002_deaths,claim,claim_comparison:claim_cmp_343,claim_comparison,
compared_with,matched provenance identifier,claim:claim_rec_src_search_743df961a25b_001_deaths,claim,claim_comparison:claim_cmp_344,claim_comparison,
compared_with,matched provenance identifier,claim:claim_rec_src_search_b74bccc017c5_003_hospitalizations,claim,claim_comparison:claim_cmp_344,claim_comparison,
compared_with,matched provenance identifier,claim:claim_rec_src_search_743df961a25b_001_deaths,claim,claim_comparison:claim_cmp_345,claim_comparison,
compared_with,matched provenance identifier,claim:claim_rec_src_search_f0add2a7316b_001_cases_confirmed,claim,claim_comparison:claim_cmp_345,claim_comparison,
compared_with,matched provenance identifier,claim:claim_rec_src_search_743df961a25b_001_deaths,claim,claim_comparison:claim_cmp_346,claim_comparison,
compared_with,matched provenance identifier,claim:claim_rec_src_search_f0add2a7316b_002_deaths,claim,claim_comparison:claim_cmp_346,claim_comparison,
compared_with,matched provenance identifier,claim:claim_rec_src_search_743df961a25b_001_deaths,claim,claim_comparison:claim_cmp_347,claim_comparison,
compared_with,matched provenance identifier,claim:claim_rec_src_search_f0add2a7316b_003_cases_confirmed,claim,claim_comparison:claim_cmp_347,claim_comparison,
compared_with,matched provenance identifier,claim:claim_rec_src_search_743df961a25b_001_deaths,claim,claim_comparison:claim_cmp_348,claim_comparison,
compared_with,matched provenance identifier,claim:claim_rec_src_search_f0add2a7316b_003_deaths,claim,claim_comparison:claim_cmp_348,claim_comparison,
compared_with,matched provenance identifier,claim:claim_rec_src_search_743df961a25b_001_deaths,claim,claim_comparison:claim_cmp_349,claim_comparison,
compared_with,matched provenance identifier,claim:claim_rec_src_search_f0add2a7316b_004_deaths,claim,claim_comparison:claim_cmp_349,claim_comparison,
compared_with,matched provenance identifier,claim:claim_rec_src_search_743df961a25b_001_deaths,claim,claim_comparison:claim_cmp_350,claim_comparison,
compared_with,matched provenance identifier,claim:claim_rec_src_search_72af26a33522_001_cases_unspecified,claim,claim_comparison:claim_cmp_350,claim_comparison,
compared_with,matched provenance identifier,claim:claim_rec_src_search_743df961a25b_001_deaths,claim,claim_comparison:claim_cmp_351,claim_comparison,
compared_with,matched provenance identifier,claim:claim_rec_src_search_72af26a33522_001_deaths,claim,claim_comparison:claim_cmp_351,claim_comparison,
compared_with,matched provenance identifier,claim:claim_rec_src_search_743df961a25b_001_deaths,claim,claim_comparison:claim_cmp_352,claim_comparison,
compared_with,matched provenance identifier,claim:claim_rec_src_search_72af26a33522_002_deaths,claim,claim_comparison:claim_cmp_352,claim_comparison,
compared_with,matched provenance identifier,claim:claim_rec_src_search_743df961a25b_001_deaths,claim,claim_comparison:claim_cmp_353,claim_comparison,
compared_with,matched provenance identifier,claim:claim_rec_src_search_72af26a33522_003_hospitalizations,claim,claim_comparison:claim_cmp_353,claim_comparison,
compared_with,matched provenance identifier,claim:claim_rec_src_search_743df961a25b_001_deaths,claim,claim_comparison:claim_cmp_354,claim_comparison,
compared_with,matched provenance identifier,claim:claim_rec_src_search_b8ca758c1979_001_cases_confirmed,claim,claim_comparison:claim_cmp_354,claim_comparison,
compared_with,matched provenance identifier,claim:claim_rec_src_search_743df961a25b_001_deaths,claim,claim_comparison:claim_cmp_355,claim_comparison,
compared_with,matched provenance identifier,claim:claim_rec_src_search_b8ca758c1979_001_hospitalizations,claim,claim_comparison:claim_cmp_355,claim_comparison,
compared_with,matched provenance identifier,claim:claim_rec_src_search_743df961a25b_001_deaths,claim,claim_comparison:claim_cmp_356,claim_comparison,
compared_with,matched provenance identifier,claim:claim_rec_src_search_9d8411eba09d_003_cases_confirmed,claim,claim_comparison:claim_cmp_356,claim_comparison,
compared_with,matched provenance identifier,claim:claim_rec_src_search_743df961a25b_001_deaths,claim,claim_comparison:claim_cmp_357,claim_comparison,
compared_with,matched provenance identifier,claim:claim_rec_src_search_9d8411eba09d_003_deaths,claim,claim_comparison:claim_cmp_357,claim_comparison,
compared_with,matched provenance identifier,claim:claim_rec_src_search_743df961a25b_001_deaths,claim,claim_comparison:claim_cmp_358,claim_comparison,
compared_with,matched provenance identifier,claim:claim_rec_src_search_9d8411eba09d_003_hospitalizations,claim,claim_comparison:claim_cmp_358,claim_comparison,
compared_with,matched provenance identifier,claim:claim_rec_src_search_743df961a25b_001_deaths,claim,claim_comparison:claim_cmp_359,claim_comparison,
compared_with,matched provenance identifier,claim:claim_rec_src_search_9d8411eba09d_004_deaths,claim,claim_comparison:claim_cmp_359,claim_comparison,
compared_with,matched provenance identifier,claim:claim_rec_src_search_743df961a25b_001_deaths,claim,claim_comparison:claim_cmp_360,claim_comparison,
compared_with,matched provenance identifier,claim:claim_rec_src_search_9d8411eba09d_005_hospitalizations,claim,claim_comparison:claim_cmp_360,claim_comparison,
compared_with,matched provenance identifier,claim:claim_rec_src_search_743df961a25b_001_deaths,claim,claim_comparison:claim_cmp_361,claim_comparison,
compared_with,matched provenance identifier,claim:claim_rec_src_search_ee3c4e1dc1cd_003_cases_unspecified,claim,claim_comparison:claim_cmp_361,claim_comparison,
compared_with,matched provenance identifier,claim:claim_rec_src_search_743df961a25b_001_deaths,claim,claim_comparison:claim_cmp_362,claim_comparison,
compared_with,matched provenance identifier,claim:claim_rec_src_search_ee3c4e1dc1cd_003_deaths,claim,claim_comparison:claim_cmp_362,claim_comparison,
compared_with,matched provenance identifier,claim:claim_rec_src_search_743df961a25b_001_deaths,claim,claim_comparison:claim_cmp_363,claim_comparison,
compared_with,matched provenance identifier,claim:claim_rec_src_search_ee3c4e1dc1cd_004_deaths,claim,claim_comparison:claim_cmp_363,claim_comparison,
compared_with,matched provenance identifier,claim:claim_rec_src_search_743df961a25b_001_deaths,claim,claim_comparison:claim_cmp_364,claim_comparison,
compared_with,matched provenance identifier,claim:claim_rec_src_search_f72980cd3634_001_cases_unspecified,claim,claim_comparison:claim_cmp_364,claim_comparison,
compared_with,matched provenance identifier,claim:claim_rec_src_search_743df961a25b_001_deaths,claim,claim_comparison:claim_cmp_365,claim_comparison,
compared_with,matched provenance identifier,claim:claim_rec_src_search_f72980cd3634_001_deaths,claim,claim_comparison:claim_cmp_365,claim_comparison,
compared_with,matched provenance identifier,claim:claim_rec_src_search_743df961a25b_001_deaths,claim,claim_comparison:claim_cmp_366,claim_comparison,
compared_with,matched provenance identifier,claim:claim_rec_src_search_f72980cd3634_002_deaths,claim,claim_comparison:claim_cmp_366,claim_comparison,
compared_with,matched provenance identifier,claim:claim_rec_src_search_743df961a25b_001_deaths,claim,claim_comparison:claim_cmp_367,claim_comparison,
compared_with,matched provenance identifier,claim:claim_rec_src_search_b74bccc017c5_004_cases_confirmed,claim,claim_comparison:claim_cmp_367,claim_comparison,
compared_with,matched provenance identifier,claim:claim_rec_src_search_743df961a25b_001_deaths,claim,claim_comparison:claim_cmp_368,claim_comparison,
compared_with,matched provenance identifier,claim:claim_rec_src_search_b74bccc017c5_004_deaths,claim,claim_comparison:claim_cmp_368,claim_comparison,
compared_with,matched provenance identifier,claim:claim_rec_src_search_743df961a25b_001_deaths,claim,claim_comparison:claim_cmp_369,claim_comparison,
compared_with,matched provenance identifier,claim:claim_rec_src_search_b74bccc017c5_004_hospitalizations,claim,claim_comparison:claim_cmp_369,claim_comparison,
compared_with,matched provenance identifier,claim:claim_rec_src_search_743df961a25b_001_deaths,claim,claim_comparison:claim_cmp_370,claim_comparison,
compared_with,matched provenance identifier,claim:claim_rec_src_search_c72bcb75c75a_001_cases_unspecified,claim,claim_comparison:claim_cmp_370,claim_comparison,
compared_with,matched provenance identifier,claim:claim_rec_src_search_743df961a25b_001_deaths,claim,claim_comparison:claim_cmp_371,claim_comparison,
compared_with,matched provenance identifier,claim:claim_rec_src_search_c72bcb75c75a_001_deaths,claim,claim_comparison:claim_cmp_371,claim_comparison,
compared_with,matched provenance identifier,claim:claim_rec_src_search_743df961a25b_001_deaths,claim,claim_comparison:claim_cmp_372,claim_comparison,
compared_with,matched provenance identifier,claim:claim_rec_src_search_c72bcb75c75a_002_deaths,claim,claim_comparison:claim_cmp_372,claim_comparison,
compared_with,matched provenance identifier,claim:claim_rec_src_search_743df961a25b_001_deaths,claim,claim_comparison:claim_cmp_373,claim_comparison,
compared_with,matched provenance identifier,claim:claim_rec_src_search_fd4c39b5e976_001_cases_confirmed,claim,claim_comparison:claim_cmp_373,claim_comparison,
compared_with,matched provenance identifier,claim:claim_rec_src_search_743df961a25b_001_deaths,claim,claim_comparison:claim_cmp_374,claim_comparison,
compared_with,matched provenance identifier,claim:claim_rec_src_search_fd4c39b5e976_002_deaths,claim,claim_comparison:claim_cmp_374,claim_comparison,
compared_with,matched provenance identifier,claim:claim_rec_src_search_743df961a25b_001_deaths,claim,claim_comparison:claim_cmp_375,claim_comparison,
compared_with,matched provenance identifier,claim:claim_rec_src_search_a9306f6e1687_001_observation,claim,claim_comparison:claim_cmp_375,claim_comparison,
compared_with,matched provenance identifier,claim:claim_rec_src_search_743df961a25b_001_deaths,claim,claim_comparison:claim_cmp_376,claim_comparison,
compared_with,matched provenance identifier,claim:claim_rec_src_search_5b7e6dfb326c_003_cases_unspecified,claim,claim_comparison:claim_cmp_376,claim_comparison,
compared_with,matched provenance identifier,claim:claim_rec_src_search_743df961a25b_001_deaths,claim,claim_comparison:claim_cmp_377,claim_comparison,
compared_with,matched provenance identifier,claim:claim_rec_src_search_5b7e6dfb326c_003_deaths,claim,claim_comparison:claim_cmp_377,claim_comparison,
compared_with,matched provenance identifier,claim:claim_rec_src_search_743df961a25b_001_deaths,claim,claim_comparison:claim_cmp_378,claim_comparison,
compared_with,matched provenance identifier,claim:claim_rec_src_search_5b7e6dfb326c_003_hospitalizations,claim,claim_comparison:claim_cmp_378,claim_comparison,
compared_with,matched provenance identifier,claim:claim_rec_src_search_743df961a25b_002_deaths,claim,claim_comparison:claim_cmp_379,claim_comparison,
compared_with,matched provenance identifier,claim:claim_rec_src_search_b74bccc017c5_001_cases_confirmed,claim,claim_comparison:claim_cmp_379,claim_comparison,
compared_with,matched provenance identifier,claim:claim_rec_src_search_743df961a25b_002_deaths,claim,claim_comparison:claim_cmp_380,claim_comparison,
compared_with,matched provenance identifier,claim:claim_rec_src_search_b74bccc017c5_002_deaths,claim,claim_comparison:claim_cmp_380,claim_comparison,
compared_with,matched provenance identifier,claim:claim_rec_src_search_743df961a25b_002_deaths,claim,claim_comparison:claim_cmp_381,claim_comparison,
compared_with,matched provenance identifier,claim:claim_rec_src_search_b74bccc017c5_003_hospitalizations,claim,claim_comparison:claim_cmp_381,claim_comparison,
compared_with,matched provenance identifier,claim:claim_rec_src_search_743df961a25b_002_deaths,claim,claim_comparison:claim_cmp_382,claim_comparison,
compared_with,matched provenance identifier,claim:claim_rec_src_search_f0add2a7316b_001_cases_confirmed,claim,claim_comparison:claim_cmp_382,claim_comparison,
compared_with,matched provenance identifier,claim:claim_rec_src_search_743df961a25b_002_deaths,claim,claim_comparison:claim_cmp_383,claim_comparison,
compared_with,matched provenance identifier,claim:claim_rec_src_search_f0add2a7316b_002_deaths,claim,claim_comparison:claim_cmp_383,claim_comparison,
compared_with,matched provenance identifier,claim:claim_rec_src_search_743df961a25b_002_deaths,claim,claim_comparison:claim_cmp_384,claim_comparison,
compared_with,matched provenance identifier,claim:claim_rec_src_search_f0add2a7316b_003_cases_confirmed,claim,claim_comparison:claim_cmp_384,claim_comparison,
compared_with,matched provenance identifier,claim:claim_rec_src_search_743df961a25b_002_deaths,claim,claim_comparison:claim_cmp_385,claim_comparison,
compared_with,matched provenance identifier,claim:claim_rec_src_search_f0add2a7316b_003_deaths,claim,claim_comparison:claim_cmp_385,claim_comparison,
compared_with,matched provenance identifier,claim:claim_rec_src_search_743df961a25b_002_deaths,claim,claim_comparison:claim_cmp_386,claim_comparison,
compared_with,matched provenance identifier,claim:claim_rec_src_search_f0add2a7316b_004_deaths,claim,claim_comparison:claim_cmp_386,claim_comparison,
compared_with,matched provenance identifier,claim:claim_rec_src_search_743df961a25b_002_deaths,claim,claim_comparison:claim_cmp_387,claim_comparison,
compared_with,matched provenance identifier,claim:claim_rec_src_search_72af26a33522_001_cases_unspecified,claim,claim_comparison:claim_cmp_387,claim_comparison,
compared_with,matched provenance identifier,claim:claim_rec_src_search_743df961a25b_002_deaths,claim,claim_comparison:claim_cmp_388,claim_comparison,
compared_with,matched provenance identifier,claim:claim_rec_src_search_72af26a33522_001_deaths,claim,claim_comparison:claim_cmp_388,claim_comparison,
compared_with,matched provenance identifier,claim:claim_rec_src_search_743df961a25b_002_deaths,claim,claim_comparison:claim_cmp_389,claim_comparison,
compared_with,matched provenance identifier,claim:claim_rec_src_search_72af26a33522_002_deaths,claim,claim_comparison:claim_cmp_389,claim_comparison,
compared_with,matched provenance identifier,claim:claim_rec_src_search_743df961a25b_002_deaths,claim,claim_comparison:claim_cmp_390,claim_comparison,
compared_with,matched provenance identifier,claim:claim_rec_src_search_72af26a33522_003_hospitalizations,claim,claim_comparison:claim_cmp_390,claim_comparison,
compared_with,matched provenance identifier,claim:claim_rec_src_search_743df961a25b_002_deaths,claim,claim_comparison:claim_cmp_391,claim_comparison,
compared_with,matched provenance identifier,claim:claim_rec_src_search_b8ca758c1979_001_cases_confirmed,claim,claim_comparison:claim_cmp_391,claim_comparison,
compared_with,matched provenance identifier,claim:claim_rec_src_search_743df961a25b_002_deaths,claim,claim_comparison:claim_cmp_392,claim_comparison,
compared_with,matched provenance identifier,claim:claim_rec_src_search_b8ca758c1979_001_hospitalizations,claim,claim_comparison:claim_cmp_392,claim_comparison,
compared_with,matched provenance identifier,claim:claim_rec_src_search_743df961a25b_002_deaths,claim,claim_comparison:claim_cmp_393,claim_comparison,
compared_with,matched provenance identifier,claim:claim_rec_src_search_9d8411eba09d_003_cases_confirmed,claim,claim_comparison:claim_cmp_393,claim_comparison,
compared_with,matched provenance identifier,claim:claim_rec_src_search_743df961a25b_002_deaths,claim,claim_comparison:claim_cmp_394,claim_comparison,
compared_with,matched provenance identifier,claim:claim_rec_src_search_9d8411eba09d_003_deaths,claim,claim_comparison:claim_cmp_394,claim_comparison,
compared_with,matched provenance identifier,claim:claim_rec_src_search_743df961a25b_002_deaths,claim,claim_comparison:claim_cmp_395,claim_comparison,
compared_with,matched provenance identifier,claim:claim_rec_src_search_9d8411eba09d_003_hospitalizations,claim,claim_comparison:claim_cmp_395,claim_comparison,
compared_with,matched provenance identifier,claim:claim_rec_src_search_743df961a25b_002_deaths,claim,claim_comparison:claim_cmp_396,claim_comparison,
compared_with,matched provenance identifier,claim:claim_rec_src_search_9d8411eba09d_004_deaths,claim,claim_comparison:claim_cmp_396,claim_comparison,
compared_with,matched provenance identifier,claim:claim_rec_src_search_743df961a25b_002_deaths,claim,claim_comparison:claim_cmp_397,claim_comparison,
compared_with,matched provenance identifier,claim:claim_rec_src_search_9d8411eba09d_005_hospitalizations,claim,claim_comparison:claim_cmp_397,claim_comparison,
compared_with,matched provenance identifier,claim:claim_rec_src_search_743df961a25b_002_deaths,claim,claim_comparison:claim_cmp_398,claim_comparison,
compared_with,matched provenance identifier,claim:claim_rec_src_search_ee3c4e1dc1cd_003_cases_unspecified,claim,claim_comparison:claim_cmp_398,claim_comparison,
compared_with,matched provenance identifier,claim:claim_rec_src_search_743df961a25b_002_deaths,claim,claim_comparison:claim_cmp_399,claim_comparison,
compared_with,matched provenance identifier,claim:claim_rec_src_search_ee3c4e1dc1cd_003_deaths,claim,claim_comparison:claim_cmp_399,claim_comparison,
compared_with,matched provenance identifier,claim:claim_rec_src_search_743df961a25b_002_deaths,claim,claim_comparison:claim_cmp_400,claim_comparison,
compared_with,matched provenance identifier,claim:claim_rec_src_search_ee3c4e1dc1cd_004_deaths,claim,claim_comparison:claim_cmp_400,claim_comparison,
compared_with,matched provenance identifier,claim:claim_rec_src_search_743df961a25b_002_deaths,claim,claim_comparison:claim_cmp_401,claim_comparison,
compared_with,matched provenance identifier,claim:claim_rec_src_search_f72980cd3634_001_cases_unspecified,claim,claim_comparison:claim_cmp_401,claim_comparison,
compared_with,matched provenance identifier,claim:claim_rec_src_search_743df961a25b_002_deaths,claim,claim_comparison:claim_cmp_402,claim_comparison,
compared_with,matched provenance identifier,claim:claim_rec_src_search_f72980cd3634_001_deaths,claim,claim_comparison:claim_cmp_402,claim_comparison,
compared_with,matched provenance identifier,claim:claim_rec_src_search_743df961a25b_002_deaths,claim,claim_comparison:claim_cmp_403,claim_comparison,
compared_with,matched provenance identifier,claim:claim_rec_src_search_f72980cd3634_002_deaths,claim,claim_comparison:claim_cmp_403,claim_comparison,
compared_with,matched provenance identifier,claim:claim_rec_src_search_743df961a25b_002_deaths,claim,claim_comparison:claim_cmp_404,claim_comparison,
compared_with,matched provenance identifier,claim:claim_rec_src_search_b74bccc017c5_004_cases_confirmed,claim,claim_comparison:claim_cmp_404,claim_comparison,
compared_with,matched provenance identifier,claim:claim_rec_src_search_743df961a25b_002_deaths,claim,claim_comparison:claim_cmp_405,claim_comparison,
compared_with,matched provenance identifier,claim:claim_rec_src_search_b74bccc017c5_004_deaths,claim,claim_comparison:claim_cmp_405,claim_comparison,
compared_with,matched provenance identifier,claim:claim_rec_src_search_743df961a25b_002_deaths,claim,claim_comparison:claim_cmp_406,claim_comparison,
compared_with,matched provenance identifier,claim:claim_rec_src_search_b74bccc017c5_004_hospitalizations,claim,claim_comparison:claim_cmp_406,claim_comparison,
compared_with,matched provenance identifier,claim:claim_rec_src_search_743df961a25b_002_deaths,claim,claim_comparison:claim_cmp_407,claim_comparison,
compared_with,matched provenance identifier,claim:claim_rec_src_search_c72bcb75c75a_001_cases_unspecified,claim,claim_comparison:claim_cmp_407,claim_comparison,
compared_with,matched provenance identifier,claim:claim_rec_src_search_743df961a25b_002_deaths,claim,claim_comparison:claim_cmp_408,claim_comparison,
compared_with,matched provenance identifier,claim:claim_rec_src_search_c72bcb75c75a_001_deaths,claim,claim_comparison:claim_cmp_408,claim_comparison,
compared_with,matched provenance identifier,claim:claim_rec_src_search_743df961a25b_002_deaths,claim,claim_comparison:claim_cmp_409,claim_comparison,
compared_with,matched provenance identifier,claim:claim_rec_src_search_c72bcb75c75a_002_deaths,claim,claim_comparison:claim_cmp_409,claim_comparison,
compared_with,matched provenance identifier,claim:claim_rec_src_search_743df961a25b_002_deaths,claim,claim_comparison:claim_cmp_410,claim_comparison,
compared_with,matched provenance identifier,claim:claim_rec_src_search_fd4c39b5e976_001_cases_confirmed,claim,claim_comparison:claim_cmp_410,claim_comparison,
compared_with,matched provenance identifier,claim:claim_rec_src_search_743df961a25b_002_deaths,claim,claim_comparison:claim_cmp_411,claim_comparison,
compared_with,matched provenance identifier,claim:claim_rec_src_search_fd4c39b5e976_002_deaths,claim,claim_comparison:claim_cmp_411,claim_comparison,
compared_with,matched provenance identifier,claim:claim_rec_src_search_743df961a25b_002_deaths,claim,claim_comparison:claim_cmp_412,claim_comparison,
compared_with,matched provenance identifier,claim:claim_rec_src_search_a9306f6e1687_001_observation,claim,claim_comparison:claim_cmp_412,claim_comparison,
compared_with,matched provenance identifier,claim:claim_rec_src_search_743df961a25b_002_deaths,claim,claim_comparison:claim_cmp_413,claim_comparison,
compared_with,matched provenance identifier,claim:claim_rec_src_search_5b7e6dfb326c_003_cases_unspecified,claim,claim_comparison:claim_cmp_413,claim_comparison,
compared_with,matched provenance identifier,claim:claim_rec_src_search_743df961a25b_002_deaths,claim,claim_comparison:claim_cmp_414,claim_comparison,
compared_with,matched provenance identifier,claim:claim_rec_src_search_5b7e6dfb326c_003_deaths,claim,claim_comparison:claim_cmp_414,claim_comparison,
compared_with,matched provenance identifier,claim:claim_rec_src_search_743df961a25b_002_deaths,claim,claim_comparison:claim_cmp_415,claim_comparison,
compared_with,matched provenance identifier,claim:claim_rec_src_search_5b7e6dfb326c_003_hospitalizations,claim,claim_comparison:claim_cmp_415,claim_comparison,
compared_with,matched provenance identifier,claim:claim_rec_src_search_b74bccc017c5_001_cases_confirmed,claim,claim_comparison:claim_cmp_416,claim_comparison,
compared_with,matched provenance identifier,claim:claim_rec_src_search_b74bccc017c5_002_deaths,claim,claim_comparison:claim_cmp_416,claim_comparison,
compared_with,matched provenance identifier,claim:claim_rec_src_search_b74bccc017c5_001_cases_confirmed,claim,claim_comparison:claim_cmp_417,claim_comparison,
compared_with,matched provenance identifier,claim:claim_rec_src_search_b74bccc017c5_003_hospitalizations,claim,claim_comparison:claim_cmp_417,claim_comparison,
compared_with,matched provenance identifier,claim:claim_rec_src_search_b74bccc017c5_001_cases_confirmed,claim,claim_comparison:claim_cmp_418,claim_comparison,
compared_with,matched provenance identifier,claim:claim_rec_src_search_f0add2a7316b_001_cases_confirmed,claim,claim_comparison:claim_cmp_418,claim_comparison,
compared_with,matched provenance identifier,claim:claim_rec_src_search_b74bccc017c5_001_cases_confirmed,claim,claim_comparison:claim_cmp_419,claim_comparison,
compared_with,matched provenance identifier,claim:claim_rec_src_search_f0add2a7316b_002_deaths,claim,claim_comparison:claim_cmp_419,claim_comparison,
compared_with,matched provenance identifier,claim:claim_rec_src_search_b74bccc017c5_001_cases_confirmed,claim,claim_comparison:claim_cmp_420,claim_comparison,
compared_with,matched provenance identifier,claim:claim_rec_src_search_f0add2a7316b_003_cases_confirmed,claim,claim_comparison:claim_cmp_420,claim_comparison,
compared_with,matched provenance identifier,claim:claim_rec_src_search_b74bccc017c5_001_cases_confirmed,claim,claim_comparison:claim_cmp_421,claim_comparison,
compared_with,matched provenance identifier,claim:claim_rec_src_search_f0add2a7316b_003_deaths,claim,claim_comparison:claim_cmp_421,claim_comparison,
compared_with,matched provenance identifier,claim:claim_rec_src_search_b74bccc017c5_001_cases_confirmed,claim,claim_comparison:claim_cmp_422,claim_comparison,
compared_with,matched provenance identifier,claim:claim_rec_src_search_f0add2a7316b_004_deaths,claim,claim_comparison:claim_cmp_422,claim_comparison,
compared_with,matched provenance identifier,claim:claim_rec_src_search_b74bccc017c5_001_cases_confirmed,claim,claim_comparison:claim_cmp_423,claim_comparison,
compared_with,matched provenance identifier,claim:claim_rec_src_search_72af26a33522_001_cases_unspecified,claim,claim_comparison:claim_cmp_423,claim_comparison,
compared_with,matched provenance identifier,claim:claim_rec_src_search_b74bccc017c5_001_cases_confirmed,claim,claim_comparison:claim_cmp_424,claim_comparison,
compared_with,matched provenance identifier,claim:claim_rec_src_search_72af26a33522_001_deaths,claim,claim_comparison:claim_cmp_424,claim_comparison,
compared_with,matched provenance identifier,claim:claim_rec_src_search_b74bccc017c5_001_cases_confirmed,claim,claim_comparison:claim_cmp_425,claim_comparison,
compared_with,matched provenance identifier,claim:claim_rec_src_search_72af26a33522_002_deaths,claim,claim_comparison:claim_cmp_425,claim_comparison,
compared_with,matched provenance identifier,claim:claim_rec_src_search_b74bccc017c5_001_cases_confirmed,claim,claim_comparison:claim_cmp_426,claim_comparison,
compared_with,matched provenance identifier,claim:claim_rec_src_search_72af26a33522_003_hospitalizations,claim,claim_comparison:claim_cmp_426,claim_comparison,
compared_with,matched provenance identifier,claim:claim_rec_src_search_b74bccc017c5_001_cases_confirmed,claim,claim_comparison:claim_cmp_427,claim_comparison,
compared_with,matched provenance identifier,claim:claim_rec_src_search_b8ca758c1979_001_cases_confirmed,claim,claim_comparison:claim_cmp_427,claim_comparison,
compared_with,matched provenance identifier,claim:claim_rec_src_search_b74bccc017c5_001_cases_confirmed,claim,claim_comparison:claim_cmp_428,claim_comparison,
compared_with,matched provenance identifier,claim:claim_rec_src_search_b8ca758c1979_001_hospitalizations,claim,claim_comparison:claim_cmp_428,claim_comparison,
compared_with,matched provenance identifier,claim:claim_rec_src_search_b74bccc017c5_001_cases_confirmed,claim,claim_comparison:claim_cmp_429,claim_comparison,
compared_with,matched provenance identifier,claim:claim_rec_src_search_9d8411eba09d_003_cases_confirmed,claim,claim_comparison:claim_cmp_429,claim_comparison,
compared_with,matched provenance identifier,claim:claim_rec_src_search_b74bccc017c5_001_cases_confirmed,claim,claim_comparison:claim_cmp_430,claim_comparison,
compared_with,matched provenance identifier,claim:claim_rec_src_search_9d8411eba09d_003_deaths,claim,claim_comparison:claim_cmp_430,claim_comparison,
compared_with,matched provenance identifier,claim:claim_rec_src_search_b74bccc017c5_001_cases_confirmed,claim,claim_comparison:claim_cmp_431,claim_comparison,
compared_with,matched provenance identifier,claim:claim_rec_src_search_9d8411eba09d_003_hospitalizations,claim,claim_comparison:claim_cmp_431,claim_comparison,
compared_with,matched provenance identifier,claim:claim_rec_src_search_b74bccc017c5_001_cases_confirmed,claim,claim_comparison:claim_cmp_432,claim_comparison,
compared_with,matched provenance identifier,claim:claim_rec_src_search_9d8411eba09d_004_deaths,claim,claim_comparison:claim_cmp_432,claim_comparison,
compared_with,matched provenance identifier,claim:claim_rec_src_search_b74bccc017c5_001_cases_confirmed,claim,claim_comparison:claim_cmp_433,claim_comparison,
compared_with,matched provenance identifier,claim:claim_rec_src_search_9d8411eba09d_005_hospitalizations,claim,claim_comparison:claim_cmp_433,claim_comparison,
compared_with,matched provenance identifier,claim:claim_rec_src_search_b74bccc017c5_001_cases_confirmed,claim,claim_comparison:claim_cmp_434,claim_comparison,
compared_with,matched provenance identifier,claim:claim_rec_src_search_ee3c4e1dc1cd_003_cases_unspecified,claim,claim_comparison:claim_cmp_434,claim_comparison,
compared_with,matched provenance identifier,claim:claim_rec_src_search_b74bccc017c5_001_cases_confirmed,claim,claim_comparison:claim_cmp_435,claim_comparison,
compared_with,matched provenance identifier,claim:claim_rec_src_search_ee3c4e1dc1cd_003_deaths,claim,claim_comparison:claim_cmp_435,claim_comparison,
compared_with,matched provenance identifier,claim:claim_rec_src_search_b74bccc017c5_001_cases_confirmed,claim,claim_comparison:claim_cmp_436,claim_comparison,
compared_with,matched provenance identifier,claim:claim_rec_src_search_ee3c4e1dc1cd_004_deaths,claim,claim_comparison:claim_cmp_436,claim_comparison,
compared_with,matched provenance identifier,claim:claim_rec_src_search_b74bccc017c5_001_cases_confirmed,claim,claim_comparison:claim_cmp_437,claim_comparison,
compared_with,matched provenance identifier,claim:claim_rec_src_search_f72980cd3634_001_cases_unspecified,claim,claim_comparison:claim_cmp_437,claim_comparison,
compared_with,matched provenance identifier,claim:claim_rec_src_search_b74bccc017c5_001_cases_confirmed,claim,claim_comparison:claim_cmp_438,claim_comparison,
compared_with,matched provenance identifier,claim:claim_rec_src_search_f72980cd3634_001_deaths,claim,claim_comparison:claim_cmp_438,claim_comparison,
compared_with,matched provenance identifier,claim:claim_rec_src_search_b74bccc017c5_001_cases_confirmed,claim,claim_comparison:claim_cmp_439,claim_comparison,
compared_with,matched provenance identifier,claim:claim_rec_src_search_f72980cd3634_002_deaths,claim,claim_comparison:claim_cmp_439,claim_comparison,
compared_with,matched provenance identifier,claim:claim_rec_src_search_b74bccc017c5_001_cases_confirmed,claim,claim_comparison:claim_cmp_440,claim_comparison,
compared_with,matched provenance identifier,claim:claim_rec_src_search_b74bccc017c5_004_cases_confirmed,claim,claim_comparison:claim_cmp_440,claim_comparison,
compared_with,matched provenance identifier,claim:claim_rec_src_search_b74bccc017c5_001_cases_confirmed,claim,claim_comparison:claim_cmp_441,claim_comparison,
compared_with,matched provenance identifier,claim:claim_rec_src_search_b74bccc017c5_004_deaths,claim,claim_comparison:claim_cmp_441,claim_comparison,
compared_with,matched provenance identifier,claim:claim_rec_src_search_b74bccc017c5_001_cases_confirmed,claim,claim_comparison:claim_cmp_442,claim_comparison,
compared_with,matched provenance identifier,claim:claim_rec_src_search_b74bccc017c5_004_hospitalizations,claim,claim_comparison:claim_cmp_442,claim_comparison,
compared_with,matched provenance identifier,claim:claim_rec_src_search_b74bccc017c5_001_cases_confirmed,claim,claim_comparison:claim_cmp_443,claim_comparison,
compared_with,matched provenance identifier,claim:claim_rec_src_search_c72bcb75c75a_001_cases_unspecified,claim,claim_comparison:claim_cmp_443,claim_comparison,
compared_with,matched provenance identifier,claim:claim_rec_src_search_b74bccc017c5_001_cases_confirmed,claim,claim_comparison:claim_cmp_444,claim_comparison,
compared_with,matched provenance identifier,claim:claim_rec_src_search_c72bcb75c75a_001_deaths,claim,claim_comparison:claim_cmp_444,claim_comparison,
compared_with,matched provenance identifier,claim:claim_rec_src_search_b74bccc017c5_001_cases_confirmed,claim,claim_comparison:claim_cmp_445,claim_comparison,
compared_with,matched provenance identifier,claim:claim_rec_src_search_c72bcb75c75a_002_deaths,claim,claim_comparison:claim_cmp_445,claim_comparison,
compared_with,matched provenance identifier,claim:claim_rec_src_search_b74bccc017c5_001_cases_confirmed,claim,claim_comparison:claim_cmp_446,claim_comparison,
compared_with,matched provenance identifier,claim:claim_rec_src_search_fd4c39b5e976_001_cases_confirmed,claim,claim_comparison:claim_cmp_446,claim_comparison,
compared_with,matched provenance identifier,claim:claim_rec_src_search_b74bccc017c5_001_cases_confirmed,claim,claim_comparison:claim_cmp_447,claim_comparison,
compared_with,matched provenance identifier,claim:claim_rec_src_search_fd4c39b5e976_002_deaths,claim,claim_comparison:claim_cmp_447,claim_comparison,
compared_with,matched provenance identifier,claim:claim_rec_src_search_b74bccc017c5_001_cases_confirmed,claim,claim_comparison:claim_cmp_448,claim_comparison,
compared_with,matched provenance identifier,claim:claim_rec_src_search_a9306f6e1687_001_observation,claim,claim_comparison:claim_cmp_448,claim_comparison,
compared_with,matched provenance identifier,claim:claim_rec_src_search_b74bccc017c5_001_cases_confirmed,claim,claim_comparison:claim_cmp_449,claim_comparison,
compared_with,matched provenance identifier,claim:claim_rec_src_search_5b7e6dfb326c_003_cases_unspecified,claim,claim_comparison:claim_cmp_449,claim_comparison,
compared_with,matched provenance identifier,claim:claim_rec_src_search_b74bccc017c5_001_cases_confirmed,claim,claim_comparison:claim_cmp_450,claim_comparison,
compared_with,matched provenance identifier,claim:claim_rec_src_search_5b7e6dfb326c_003_deaths,claim,claim_comparison:claim_cmp_450,claim_comparison,
compared_with,matched provenance identifier,claim:claim_rec_src_search_b74bccc017c5_001_cases_confirmed,claim,claim_comparison:claim_cmp_451,claim_comparison,
compared_with,matched provenance identifier,claim:claim_rec_src_search_5b7e6dfb326c_003_hospitalizations,claim,claim_comparison:claim_cmp_451,claim_comparison,
compared_with,matched provenance identifier,claim:claim_rec_src_search_b74bccc017c5_002_deaths,claim,claim_comparison:claim_cmp_452,claim_comparison,
compared_with,matched provenance identifier,claim:claim_rec_src_search_b74bccc017c5_003_hospitalizations,claim,claim_comparison:claim_cmp_452,claim_comparison,
compared_with,matched provenance identifier,claim:claim_rec_src_search_b74bccc017c5_002_deaths,claim,claim_comparison:claim_cmp_453,claim_comparison,
compared_with,matched provenance identifier,claim:claim_rec_src_search_f0add2a7316b_001_cases_confirmed,claim,claim_comparison:claim_cmp_453,claim_comparison,
compared_with,matched provenance identifier,claim:claim_rec_src_search_b74bccc017c5_002_deaths,claim,claim_comparison:claim_cmp_454,claim_comparison,
compared_with,matched provenance identifier,claim:claim_rec_src_search_f0add2a7316b_002_deaths,claim,claim_comparison:claim_cmp_454,claim_comparison,
compared_with,matched provenance identifier,claim:claim_rec_src_search_b74bccc017c5_002_deaths,claim,claim_comparison:claim_cmp_455,claim_comparison,
compared_with,matched provenance identifier,claim:claim_rec_src_search_f0add2a7316b_003_cases_confirmed,claim,claim_comparison:claim_cmp_455,claim_comparison,
compared_with,matched provenance identifier,claim:claim_rec_src_search_b74bccc017c5_002_deaths,claim,claim_comparison:claim_cmp_456,claim_comparison,
compared_with,matched provenance identifier,claim:claim_rec_src_search_f0add2a7316b_003_deaths,claim,claim_comparison:claim_cmp_456,claim_comparison,
compared_with,matched provenance identifier,claim:claim_rec_src_search_b74bccc017c5_002_deaths,claim,claim_comparison:claim_cmp_457,claim_comparison,
compared_with,matched provenance identifier,claim:claim_rec_src_search_f0add2a7316b_004_deaths,claim,claim_comparison:claim_cmp_457,claim_comparison,
compared_with,matched provenance identifier,claim:claim_rec_src_search_b74bccc017c5_002_deaths,claim,claim_comparison:claim_cmp_458,claim_comparison,
compared_with,matched provenance identifier,claim:claim_rec_src_search_72af26a33522_001_cases_unspecified,claim,claim_comparison:claim_cmp_458,claim_comparison,
compared_with,matched provenance identifier,claim:claim_rec_src_search_b74bccc017c5_002_deaths,claim,claim_comparison:claim_cmp_459,claim_comparison,
compared_with,matched provenance identifier,claim:claim_rec_src_search_72af26a33522_001_deaths,claim,claim_comparison:claim_cmp_459,claim_comparison,
compared_with,matched provenance identifier,claim:claim_rec_src_search_b74bccc017c5_002_deaths,claim,claim_comparison:claim_cmp_460,claim_comparison,
compared_with,matched provenance identifier,claim:claim_rec_src_search_72af26a33522_002_deaths,claim,claim_comparison:claim_cmp_460,claim_comparison,
compared_with,matched provenance identifier,claim:claim_rec_src_search_b74bccc017c5_002_deaths,claim,claim_comparison:claim_cmp_461,claim_comparison,
compared_with,matched provenance identifier,claim:claim_rec_src_search_72af26a33522_003_hospitalizations,claim,claim_comparison:claim_cmp_461,claim_comparison,
compared_with,matched provenance identifier,claim:claim_rec_src_search_b74bccc017c5_002_deaths,claim,claim_comparison:claim_cmp_462,claim_comparison,
compared_with,matched provenance identifier,claim:claim_rec_src_search_b8ca758c1979_001_cases_confirmed,claim,claim_comparison:claim_cmp_462,claim_comparison,
compared_with,matched provenance identifier,claim:claim_rec_src_search_b74bccc017c5_002_deaths,claim,claim_comparison:claim_cmp_463,claim_comparison,
compared_with,matched provenance identifier,claim:claim_rec_src_search_b8ca758c1979_001_hospitalizations,claim,claim_comparison:claim_cmp_463,claim_comparison,
compared_with,matched provenance identifier,claim:claim_rec_src_search_b74bccc017c5_002_deaths,claim,claim_comparison:claim_cmp_464,claim_comparison,
compared_with,matched provenance identifier,claim:claim_rec_src_search_9d8411eba09d_003_cases_confirmed,claim,claim_comparison:claim_cmp_464,claim_comparison,
compared_with,matched provenance identifier,claim:claim_rec_src_search_b74bccc017c5_002_deaths,claim,claim_comparison:claim_cmp_465,claim_comparison,
compared_with,matched provenance identifier,claim:claim_rec_src_search_9d8411eba09d_003_deaths,claim,claim_comparison:claim_cmp_465,claim_comparison,
compared_with,matched provenance identifier,claim:claim_rec_src_search_b74bccc017c5_002_deaths,claim,claim_comparison:claim_cmp_466,claim_comparison,
compared_with,matched provenance identifier,claim:claim_rec_src_search_9d8411eba09d_003_hospitalizations,claim,claim_comparison:claim_cmp_466,claim_comparison,
compared_with,matched provenance identifier,claim:claim_rec_src_search_b74bccc017c5_002_deaths,claim,claim_comparison:claim_cmp_467,claim_comparison,
compared_with,matched provenance identifier,claim:claim_rec_src_search_9d8411eba09d_004_deaths,claim,claim_comparison:claim_cmp_467,claim_comparison,
compared_with,matched provenance identifier,claim:claim_rec_src_search_b74bccc017c5_002_deaths,claim,claim_comparison:claim_cmp_468,claim_comparison,
compared_with,matched provenance identifier,claim:claim_rec_src_search_9d8411eba09d_005_hospitalizations,claim,claim_comparison:claim_cmp_468,claim_comparison,
compared_with,matched provenance identifier,claim:claim_rec_src_search_b74bccc017c5_002_deaths,claim,claim_comparison:claim_cmp_469,claim_comparison,
compared_with,matched provenance identifier,claim:claim_rec_src_search_ee3c4e1dc1cd_003_cases_unspecified,claim,claim_comparison:claim_cmp_469,claim_comparison,
compared_with,matched provenance identifier,claim:claim_rec_src_search_b74bccc017c5_002_deaths,claim,claim_comparison:claim_cmp_470,claim_comparison,
compared_with,matched provenance identifier,claim:claim_rec_src_search_ee3c4e1dc1cd_003_deaths,claim,claim_comparison:claim_cmp_470,claim_comparison,
compared_with,matched provenance identifier,claim:claim_rec_src_search_b74bccc017c5_002_deaths,claim,claim_comparison:claim_cmp_471,claim_comparison,
compared_with,matched provenance identifier,claim:claim_rec_src_search_ee3c4e1dc1cd_004_deaths,claim,claim_comparison:claim_cmp_471,claim_comparison,
compared_with,matched provenance identifier,claim:claim_rec_src_search_b74bccc017c5_002_deaths,claim,claim_comparison:claim_cmp_472,claim_comparison,
compared_with,matched provenance identifier,claim:claim_rec_src_search_f72980cd3634_001_cases_unspecified,claim,claim_comparison:claim_cmp_472,claim_comparison,
compared_with,matched provenance identifier,claim:claim_rec_src_search_b74bccc017c5_002_deaths,claim,claim_comparison:claim_cmp_473,claim_comparison,
compared_with,matched provenance identifier,claim:claim_rec_src_search_f72980cd3634_001_deaths,claim,claim_comparison:claim_cmp_473,claim_comparison,
compared_with,matched provenance identifier,claim:claim_rec_src_search_b74bccc017c5_002_deaths,claim,claim_comparison:claim_cmp_474,claim_comparison,
compared_with,matched provenance identifier,claim:claim_rec_src_search_f72980cd3634_002_deaths,claim,claim_comparison:claim_cmp_474,claim_comparison,
compared_with,matched provenance identifier,claim:claim_rec_src_search_b74bccc017c5_002_deaths,claim,claim_comparison:claim_cmp_475,claim_comparison,
compared_with,matched provenance identifier,claim:claim_rec_src_search_b74bccc017c5_004_cases_confirmed,claim,claim_comparison:claim_cmp_475,claim_comparison,
compared_with,matched provenance identifier,claim:claim_rec_src_search_b74bccc017c5_002_deaths,claim,claim_comparison:claim_cmp_476,claim_comparison,
compared_with,matched provenance identifier,claim:claim_rec_src_search_b74bccc017c5_004_deaths,claim,claim_comparison:claim_cmp_476,claim_comparison,
compared_with,matched provenance identifier,claim:claim_rec_src_search_b74bccc017c5_002_deaths,claim,claim_comparison:claim_cmp_477,claim_comparison,
compared_with,matched provenance identifier,claim:claim_rec_src_search_b74bccc017c5_004_hospitalizations,claim,claim_comparison:claim_cmp_477,claim_comparison,
compared_with,matched provenance identifier,claim:claim_rec_src_search_b74bccc017c5_002_deaths,claim,claim_comparison:claim_cmp_478,claim_comparison,
compared_with,matched provenance identifier,claim:claim_rec_src_search_c72bcb75c75a_001_cases_unspecified,claim,claim_comparison:claim_cmp_478,claim_comparison,
compared_with,matched provenance identifier,claim:claim_rec_src_search_b74bccc017c5_002_deaths,claim,claim_comparison:claim_cmp_479,claim_comparison,
compared_with,matched provenance identifier,claim:claim_rec_src_search_c72bcb75c75a_001_deaths,claim,claim_comparison:claim_cmp_479,claim_comparison,
compared_with,matched provenance identifier,claim:claim_rec_src_search_b74bccc017c5_002_deaths,claim,claim_comparison:claim_cmp_480,claim_comparison,
compared_with,matched provenance identifier,claim:claim_rec_src_search_c72bcb75c75a_002_deaths,claim,claim_comparison:claim_cmp_480,claim_comparison,
compared_with,matched provenance identifier,claim:claim_rec_src_search_b74bccc017c5_002_deaths,claim,claim_comparison:claim_cmp_481,claim_comparison,
compared_with,matched provenance identifier,claim:claim_rec_src_search_fd4c39b5e976_001_cases_confirmed,claim,claim_comparison:claim_cmp_481,claim_comparison,
compared_with,matched provenance identifier,claim:claim_rec_src_search_b74bccc017c5_002_deaths,claim,claim_comparison:claim_cmp_482,claim_comparison,
compared_with,matched provenance identifier,claim:claim_rec_src_search_fd4c39b5e976_002_deaths,claim,claim_comparison:claim_cmp_482,claim_comparison,
compared_with,matched provenance identifier,claim:claim_rec_src_search_b74bccc017c5_002_deaths,claim,claim_comparison:claim_cmp_483,claim_comparison,
compared_with,matched provenance identifier,claim:claim_rec_src_search_a9306f6e1687_001_observation,claim,claim_comparison:claim_cmp_483,claim_comparison,
compared_with,matched provenance identifier,claim:claim_rec_src_search_b74bccc017c5_002_deaths,claim,claim_comparison:claim_cmp_484,claim_comparison,
compared_with,matched provenance identifier,claim:claim_rec_src_search_5b7e6dfb326c_003_cases_unspecified,claim,claim_comparison:claim_cmp_484,claim_comparison,
compared_with,matched provenance identifier,claim:claim_rec_src_search_b74bccc017c5_002_deaths,claim,claim_comparison:claim_cmp_485,claim_comparison,
compared_with,matched provenance identifier,claim:claim_rec_src_search_5b7e6dfb326c_003_deaths,claim,claim_comparison:claim_cmp_485,claim_comparison,
compared_with,matched provenance identifier,claim:claim_rec_src_search_b74bccc017c5_002_deaths,claim,claim_comparison:claim_cmp_486,claim_comparison,
compared_with,matched provenance identifier,claim:claim_rec_src_search_5b7e6dfb326c_003_hospitalizations,claim,claim_comparison:claim_cmp_486,claim_comparison,
compared_with,matched provenance identifier,claim:claim_rec_src_search_b74bccc017c5_003_hospitalizations,claim,claim_comparison:claim_cmp_487,claim_comparison,
compared_with,matched provenance identifier,claim:claim_rec_src_search_f0add2a7316b_001_cases_confirmed,claim,claim_comparison:claim_cmp_487,claim_comparison,
compared_with,matched provenance identifier,claim:claim_rec_src_search_b74bccc017c5_003_hospitalizations,claim,claim_comparison:claim_cmp_488,claim_comparison,
compared_with,matched provenance identifier,claim:claim_rec_src_search_f0add2a7316b_002_deaths,claim,claim_comparison:claim_cmp_488,claim_comparison,
compared_with,matched provenance identifier,claim:claim_rec_src_search_b74bccc017c5_003_hospitalizations,claim,claim_comparison:claim_cmp_489,claim_comparison,
compared_with,matched provenance identifier,claim:claim_rec_src_search_f0add2a7316b_003_cases_confirmed,claim,claim_comparison:claim_cmp_489,claim_comparison,
compared_with,matched provenance identifier,claim:claim_rec_src_search_b74bccc017c5_003_hospitalizations,claim,claim_comparison:claim_cmp_490,claim_comparison,
compared_with,matched provenance identifier,claim:claim_rec_src_search_f0add2a7316b_003_deaths,claim,claim_comparison:claim_cmp_490,claim_comparison,
compared_with,matched provenance identifier,claim:claim_rec_src_search_b74bccc017c5_003_hospitalizations,claim,claim_comparison:claim_cmp_491,claim_comparison,
compared_with,matched provenance identifier,claim:claim_rec_src_search_f0add2a7316b_004_deaths,claim,claim_comparison:claim_cmp_491,claim_comparison,
compared_with,matched provenance identifier,claim:claim_rec_src_search_b74bccc017c5_003_hospitalizations,claim,claim_comparison:claim_cmp_492,claim_comparison,
compared_with,matched provenance identifier,claim:claim_rec_src_search_72af26a33522_001_cases_unspecified,claim,claim_comparison:claim_cmp_492,claim_comparison,
compared_with,matched provenance identifier,claim:claim_rec_src_search_b74bccc017c5_003_hospitalizations,claim,claim_comparison:claim_cmp_493,claim_comparison,
compared_with,matched provenance identifier,claim:claim_rec_src_search_72af26a33522_001_deaths,claim,claim_comparison:claim_cmp_493,claim_comparison,
compared_with,matched provenance identifier,claim:claim_rec_src_search_b74bccc017c5_003_hospitalizations,claim,claim_comparison:claim_cmp_494,claim_comparison,
compared_with,matched provenance identifier,claim:claim_rec_src_search_72af26a33522_002_deaths,claim,claim_comparison:claim_cmp_494,claim_comparison,
compared_with,matched provenance identifier,claim:claim_rec_src_search_b74bccc017c5_003_hospitalizations,claim,claim_comparison:claim_cmp_495,claim_comparison,
compared_with,matched provenance identifier,claim:claim_rec_src_search_72af26a33522_003_hospitalizations,claim,claim_comparison:claim_cmp_495,claim_comparison,
compared_with,matched provenance identifier,claim:claim_rec_src_search_b74bccc017c5_003_hospitalizations,claim,claim_comparison:claim_cmp_496,claim_comparison,
compared_with,matched provenance identifier,claim:claim_rec_src_search_b8ca758c1979_001_cases_confirmed,claim,claim_comparison:claim_cmp_496,claim_comparison,
compared_with,matched provenance identifier,claim:claim_rec_src_search_b74bccc017c5_003_hospitalizations,claim,claim_comparison:claim_cmp_497,claim_comparison,
compared_with,matched provenance identifier,claim:claim_rec_src_search_b8ca758c1979_001_hospitalizations,claim,claim_comparison:claim_cmp_497,claim_comparison,
compared_with,matched provenance identifier,claim:claim_rec_src_search_b74bccc017c5_003_hospitalizations,claim,claim_comparison:claim_cmp_498,claim_comparison,
compared_with,matched provenance identifier,claim:claim_rec_src_search_9d8411eba09d_003_cases_confirmed,claim,claim_comparison:claim_cmp_498,claim_comparison,
compared_with,matched provenance identifier,claim:claim_rec_src_search_b74bccc017c5_003_hospitalizations,claim,claim_comparison:claim_cmp_499,claim_comparison,
compared_with,matched provenance identifier,claim:claim_rec_src_search_9d8411eba09d_003_deaths,claim,claim_comparison:claim_cmp_499,claim_comparison,
compared_with,matched provenance identifier,claim:claim_rec_src_search_b74bccc017c5_003_hospitalizations,claim,claim_comparison:claim_cmp_500,claim_comparison,
compared_with,matched provenance identifier,claim:claim_rec_src_search_9d8411eba09d_003_hospitalizations,claim,claim_comparison:claim_cmp_500,claim_comparison,
compared_with,matched provenance identifier,claim:claim_rec_src_search_b74bccc017c5_003_hospitalizations,claim,claim_comparison:claim_cmp_501,claim_comparison,
compared_with,matched provenance identifier,claim:claim_rec_src_search_9d8411eba09d_004_deaths,claim,claim_comparison:claim_cmp_501,claim_comparison,
compared_with,matched provenance identifier,claim:claim_rec_src_search_b74bccc017c5_003_hospitalizations,claim,claim_comparison:claim_cmp_502,claim_comparison,
compared_with,matched provenance identifier,claim:claim_rec_src_search_9d8411eba09d_005_hospitalizations,claim,claim_comparison:claim_cmp_502,claim_comparison,
compared_with,matched provenance identifier,claim:claim_rec_src_search_b74bccc017c5_003_hospitalizations,claim,claim_comparison:claim_cmp_503,claim_comparison,
compared_with,matched provenance identifier,claim:claim_rec_src_search_ee3c4e1dc1cd_003_cases_unspecified,claim,claim_comparison:claim_cmp_503,claim_comparison,
compared_with,matched provenance identifier,claim:claim_rec_src_search_b74bccc017c5_003_hospitalizations,claim,claim_comparison:claim_cmp_504,claim_comparison,
compared_with,matched provenance identifier,claim:claim_rec_src_search_ee3c4e1dc1cd_003_deaths,claim,claim_comparison:claim_cmp_504,claim_comparison,
compared_with,matched provenance identifier,claim:claim_rec_src_search_b74bccc017c5_003_hospitalizations,claim,claim_comparison:claim_cmp_505,claim_comparison,
compared_with,matched provenance identifier,claim:claim_rec_src_search_ee3c4e1dc1cd_004_deaths,claim,claim_comparison:claim_cmp_505,claim_comparison,
compared_with,matched provenance identifier,claim:claim_rec_src_search_b74bccc017c5_003_hospitalizations,claim,claim_comparison:claim_cmp_506,claim_comparison,
compared_with,matched provenance identifier,claim:claim_rec_src_search_f72980cd3634_001_cases_unspecified,claim,claim_comparison:claim_cmp_506,claim_comparison,
compared_with,matched provenance identifier,claim:claim_rec_src_search_b74bccc017c5_003_hospitalizations,claim,claim_comparison:claim_cmp_507,claim_comparison,
compared_with,matched provenance identifier,claim:claim_rec_src_search_f72980cd3634_001_deaths,claim,claim_comparison:claim_cmp_507,claim_comparison,
compared_with,matched provenance identifier,claim:claim_rec_src_search_b74bccc017c5_003_hospitalizations,claim,claim_comparison:claim_cmp_508,claim_comparison,
compared_with,matched provenance identifier,claim:claim_rec_src_search_f72980cd3634_002_deaths,claim,claim_comparison:claim_cmp_508,claim_comparison,
compared_with,matched provenance identifier,claim:claim_rec_src_search_b74bccc017c5_003_hospitalizations,claim,claim_comparison:claim_cmp_509,claim_comparison,
compared_with,matched provenance identifier,claim:claim_rec_src_search_b74bccc017c5_004_cases_confirmed,claim,claim_comparison:claim_cmp_509,claim_comparison,
compared_with,matched provenance identifier,claim:claim_rec_src_search_b74bccc017c5_003_hospitalizations,claim,claim_comparison:claim_cmp_510,claim_comparison,
compared_with,matched provenance identifier,claim:claim_rec_src_search_b74bccc017c5_004_deaths,claim,claim_comparison:claim_cmp_510,claim_comparison,
compared_with,matched provenance identifier,claim:claim_rec_src_search_b74bccc017c5_003_hospitalizations,claim,claim_comparison:claim_cmp_511,claim_comparison,
compared_with,matched provenance identifier,claim:claim_rec_src_search_b74bccc017c5_004_hospitalizations,claim,claim_comparison:claim_cmp_511,claim_comparison,
compared_with,matched provenance identifier,claim:claim_rec_src_search_b74bccc017c5_003_hospitalizations,claim,claim_comparison:claim_cmp_512,claim_comparison,
compared_with,matched provenance identifier,claim:claim_rec_src_search_c72bcb75c75a_001_cases_unspecified,claim,claim_comparison:claim_cmp_512,claim_comparison,
compared_with,matched provenance identifier,claim:claim_rec_src_search_b74bccc017c5_003_hospitalizations,claim,claim_comparison:claim_cmp_513,claim_comparison,
compared_with,matched provenance identifier,claim:claim_rec_src_search_c72bcb75c75a_001_deaths,claim,claim_comparison:claim_cmp_513,claim_comparison,
compared_with,matched provenance identifier,claim:claim_rec_src_search_b74bccc017c5_003_hospitalizations,claim,claim_comparison:claim_cmp_514,claim_comparison,
compared_with,matched provenance identifier,claim:claim_rec_src_search_c72bcb75c75a_002_deaths,claim,claim_comparison:claim_cmp_514,claim_comparison,
compared_with,matched provenance identifier,claim:claim_rec_src_search_b74bccc017c5_003_hospitalizations,claim,claim_comparison:claim_cmp_515,claim_comparison,
compared_with,matched provenance identifier,claim:claim_rec_src_search_fd4c39b5e976_001_cases_confirmed,claim,claim_comparison:claim_cmp_515,claim_comparison,
compared_with,matched provenance identifier,claim:claim_rec_src_search_b74bccc017c5_003_hospitalizations,claim,claim_comparison:claim_cmp_516,claim_comparison,
compared_with,matched provenance identifier,claim:claim_rec_src_search_fd4c39b5e976_002_deaths,claim,claim_comparison:claim_cmp_516,claim_comparison,
compared_with,matched provenance identifier,claim:claim_rec_src_search_b74bccc017c5_003_hospitalizations,claim,claim_comparison:claim_cmp_517,claim_comparison,
compared_with,matched provenance identifier,claim:claim_rec_src_search_a9306f6e1687_001_observation,claim,claim_comparison:claim_cmp_517,claim_comparison,
compared_with,matched provenance identifier,claim:claim_rec_src_search_b74bccc017c5_003_hospitalizations,claim,claim_comparison:claim_cmp_518,claim_comparison,
compared_with,matched provenance identifier,claim:claim_rec_src_search_5b7e6dfb326c_003_cases_unspecified,claim,claim_comparison:claim_cmp_518,claim_comparison,
compared_with,matched provenance identifier,claim:claim_rec_src_search_b74bccc017c5_003_hospitalizations,claim,claim_comparison:claim_cmp_519,claim_comparison,
compared_with,matched provenance identifier,claim:claim_rec_src_search_5b7e6dfb326c_003_deaths,claim,claim_comparison:claim_cmp_519,claim_comparison,
compared_with,matched provenance identifier,claim:claim_rec_src_search_b74bccc017c5_003_hospitalizations,claim,claim_comparison:claim_cmp_520,claim_comparison,
compared_with,matched provenance identifier,claim:claim_rec_src_search_5b7e6dfb326c_003_hospitalizations,claim,claim_comparison:claim_cmp_520,claim_comparison,
compared_with,matched provenance identifier,claim:claim_rec_src_search_f0add2a7316b_001_cases_confirmed,claim,claim_comparison:claim_cmp_521,claim_comparison,
compared_with,matched provenance identifier,claim:claim_rec_src_search_f0add2a7316b_002_deaths,claim,claim_comparison:claim_cmp_521,claim_comparison,
compared_with,matched provenance identifier,claim:claim_rec_src_search_f0add2a7316b_001_cases_confirmed,claim,claim_comparison:claim_cmp_522,claim_comparison,
compared_with,matched provenance identifier,claim:claim_rec_src_search_f0add2a7316b_003_cases_confirmed,claim,claim_comparison:claim_cmp_522,claim_comparison,
compared_with,matched provenance identifier,claim:claim_rec_src_search_f0add2a7316b_001_cases_confirmed,claim,claim_comparison:claim_cmp_523,claim_comparison,
compared_with,matched provenance identifier,claim:claim_rec_src_search_f0add2a7316b_003_deaths,claim,claim_comparison:claim_cmp_523,claim_comparison,
compared_with,matched provenance identifier,claim:claim_rec_src_search_f0add2a7316b_001_cases_confirmed,claim,claim_comparison:claim_cmp_524,claim_comparison,
compared_with,matched provenance identifier,claim:claim_rec_src_search_f0add2a7316b_004_deaths,claim,claim_comparison:claim_cmp_524,claim_comparison,
compared_with,matched provenance identifier,claim:claim_rec_src_search_f0add2a7316b_001_cases_confirmed,claim,claim_comparison:claim_cmp_525,claim_comparison,
compared_with,matched provenance identifier,claim:claim_rec_src_search_72af26a33522_001_cases_unspecified,claim,claim_comparison:claim_cmp_525,claim_comparison,
compared_with,matched provenance identifier,claim:claim_rec_src_search_f0add2a7316b_001_cases_confirmed,claim,claim_comparison:claim_cmp_526,claim_comparison,
compared_with,matched provenance identifier,claim:claim_rec_src_search_72af26a33522_001_deaths,claim,claim_comparison:claim_cmp_526,claim_comparison,
compared_with,matched provenance identifier,claim:claim_rec_src_search_f0add2a7316b_001_cases_confirmed,claim,claim_comparison:claim_cmp_527,claim_comparison,
compared_with,matched provenance identifier,claim:claim_rec_src_search_72af26a33522_002_deaths,claim,claim_comparison:claim_cmp_527,claim_comparison,
compared_with,matched provenance identifier,claim:claim_rec_src_search_f0add2a7316b_001_cases_confirmed,claim,claim_comparison:claim_cmp_528,claim_comparison,
compared_with,matched provenance identifier,claim:claim_rec_src_search_72af26a33522_003_hospitalizations,claim,claim_comparison:claim_cmp_528,claim_comparison,
compared_with,matched provenance identifier,claim:claim_rec_src_search_f0add2a7316b_001_cases_confirmed,claim,claim_comparison:claim_cmp_529,claim_comparison,
compared_with,matched provenance identifier,claim:claim_rec_src_search_b8ca758c1979_001_cases_confirmed,claim,claim_comparison:claim_cmp_529,claim_comparison,
compared_with,matched provenance identifier,claim:claim_rec_src_search_f0add2a7316b_001_cases_confirmed,claim,claim_comparison:claim_cmp_530,claim_comparison,
compared_with,matched provenance identifier,claim:claim_rec_src_search_b8ca758c1979_001_hospitalizations,claim,claim_comparison:claim_cmp_530,claim_comparison,
compared_with,matched provenance identifier,claim:claim_rec_src_search_f0add2a7316b_001_cases_confirmed,claim,claim_comparison:claim_cmp_531,claim_comparison,
compared_with,matched provenance identifier,claim:claim_rec_src_search_9d8411eba09d_003_cases_confirmed,claim,claim_comparison:claim_cmp_531,claim_comparison,
compared_with,matched provenance identifier,claim:claim_rec_src_search_f0add2a7316b_001_cases_confirmed,claim,claim_comparison:claim_cmp_532,claim_comparison,
compared_with,matched provenance identifier,claim:claim_rec_src_search_9d8411eba09d_003_deaths,claim,claim_comparison:claim_cmp_532,claim_comparison,
compared_with,matched provenance identifier,claim:claim_rec_src_search_f0add2a7316b_001_cases_confirmed,claim,claim_comparison:claim_cmp_533,claim_comparison,
compared_with,matched provenance identifier,claim:claim_rec_src_search_9d8411eba09d_003_hospitalizations,claim,claim_comparison:claim_cmp_533,claim_comparison,
compared_with,matched provenance identifier,claim:claim_rec_src_search_f0add2a7316b_001_cases_confirmed,claim,claim_comparison:claim_cmp_534,claim_comparison,
compared_with,matched provenance identifier,claim:claim_rec_src_search_9d8411eba09d_004_deaths,claim,claim_comparison:claim_cmp_534,claim_comparison,
compared_with,matched provenance identifier,claim:claim_rec_src_search_f0add2a7316b_001_cases_confirmed,claim,claim_comparison:claim_cmp_535,claim_comparison,
compared_with,matched provenance identifier,claim:claim_rec_src_search_9d8411eba09d_005_hospitalizations,claim,claim_comparison:claim_cmp_535,claim_comparison,
compared_with,matched provenance identifier,claim:claim_rec_src_search_f0add2a7316b_001_cases_confirmed,claim,claim_comparison:claim_cmp_536,claim_comparison,
compared_with,matched provenance identifier,claim:claim_rec_src_search_ee3c4e1dc1cd_003_cases_unspecified,claim,claim_comparison:claim_cmp_536,claim_comparison,
compared_with,matched provenance identifier,claim:claim_rec_src_search_f0add2a7316b_001_cases_confirmed,claim,claim_comparison:claim_cmp_537,claim_comparison,
compared_with,matched provenance identifier,claim:claim_rec_src_search_ee3c4e1dc1cd_003_deaths,claim,claim_comparison:claim_cmp_537,claim_comparison,
compared_with,matched provenance identifier,claim:claim_rec_src_search_f0add2a7316b_001_cases_confirmed,claim,claim_comparison:claim_cmp_538,claim_comparison,
compared_with,matched provenance identifier,claim:claim_rec_src_search_ee3c4e1dc1cd_004_deaths,claim,claim_comparison:claim_cmp_538,claim_comparison,
compared_with,matched provenance identifier,claim:claim_rec_src_search_f0add2a7316b_001_cases_confirmed,claim,claim_comparison:claim_cmp_539,claim_comparison,
compared_with,matched provenance identifier,claim:claim_rec_src_search_f72980cd3634_001_cases_unspecified,claim,claim_comparison:claim_cmp_539,claim_comparison,
compared_with,matched provenance identifier,claim:claim_rec_src_search_f0add2a7316b_001_cases_confirmed,claim,claim_comparison:claim_cmp_540,claim_comparison,
compared_with,matched provenance identifier,claim:claim_rec_src_search_f72980cd3634_001_deaths,claim,claim_comparison:claim_cmp_540,claim_comparison,
compared_with,matched provenance identifier,claim:claim_rec_src_search_f0add2a7316b_001_cases_confirmed,claim,claim_comparison:claim_cmp_541,claim_comparison,
compared_with,matched provenance identifier,claim:claim_rec_src_search_f72980cd3634_002_deaths,claim,claim_comparison:claim_cmp_541,claim_comparison,
compared_with,matched provenance identifier,claim:claim_rec_src_search_f0add2a7316b_001_cases_confirmed,claim,claim_comparison:claim_cmp_542,claim_comparison,
compared_with,matched provenance identifier,claim:claim_rec_src_search_b74bccc017c5_004_cases_confirmed,claim,claim_comparison:claim_cmp_542,claim_comparison,
compared_with,matched provenance identifier,claim:claim_rec_src_search_f0add2a7316b_001_cases_confirmed,claim,claim_comparison:claim_cmp_543,claim_comparison,
compared_with,matched provenance identifier,claim:claim_rec_src_search_b74bccc017c5_004_deaths,claim,claim_comparison:claim_cmp_543,claim_comparison,
compared_with,matched provenance identifier,claim:claim_rec_src_search_f0add2a7316b_001_cases_confirmed,claim,claim_comparison:claim_cmp_544,claim_comparison,
compared_with,matched provenance identifier,claim:claim_rec_src_search_b74bccc017c5_004_hospitalizations,claim,claim_comparison:claim_cmp_544,claim_comparison,
compared_with,matched provenance identifier,claim:claim_rec_src_search_f0add2a7316b_001_cases_confirmed,claim,claim_comparison:claim_cmp_545,claim_comparison,
compared_with,matched provenance identifier,claim:claim_rec_src_search_c72bcb75c75a_001_cases_unspecified,claim,claim_comparison:claim_cmp_545,claim_comparison,
compared_with,matched provenance identifier,claim:claim_rec_src_search_f0add2a7316b_001_cases_confirmed,claim,claim_comparison:claim_cmp_546,claim_comparison,
compared_with,matched provenance identifier,claim:claim_rec_src_search_c72bcb75c75a_001_deaths,claim,claim_comparison:claim_cmp_546,claim_comparison,
compared_with,matched provenance identifier,claim:claim_rec_src_search_f0add2a7316b_001_cases_confirmed,claim,claim_comparison:claim_cmp_547,claim_comparison,
compared_with,matched provenance identifier,claim:claim_rec_src_search_c72bcb75c75a_002_deaths,claim,claim_comparison:claim_cmp_547,claim_comparison,
compared_with,matched provenance identifier,claim:claim_rec_src_search_f0add2a7316b_001_cases_confirmed,claim,claim_comparison:claim_cmp_548,claim_comparison,
compared_with,matched provenance identifier,claim:claim_rec_src_search_fd4c39b5e976_001_cases_confirmed,claim,claim_comparison:claim_cmp_548,claim_comparison,
compared_with,matched provenance identifier,claim:claim_rec_src_search_f0add2a7316b_001_cases_confirmed,claim,claim_comparison:claim_cmp_549,claim_comparison,
compared_with,matched provenance identifier,claim:claim_rec_src_search_fd4c39b5e976_002_deaths,claim,claim_comparison:claim_cmp_549,claim_comparison,
compared_with,matched provenance identifier,claim:claim_rec_src_search_f0add2a7316b_001_cases_confirmed,claim,claim_comparison:claim_cmp_550,claim_comparison,
compared_with,matched provenance identifier,claim:claim_rec_src_search_a9306f6e1687_001_observation,claim,claim_comparison:claim_cmp_550,claim_comparison,
compared_with,matched provenance identifier,claim:claim_rec_src_search_f0add2a7316b_001_cases_confirmed,claim,claim_comparison:claim_cmp_551,claim_comparison,
compared_with,matched provenance identifier,claim:claim_rec_src_search_5b7e6dfb326c_003_cases_unspecified,claim,claim_comparison:claim_cmp_551,claim_comparison,
compared_with,matched provenance identifier,claim:claim_rec_src_search_f0add2a7316b_001_cases_confirmed,claim,claim_comparison:claim_cmp_552,claim_comparison,
compared_with,matched provenance identifier,claim:claim_rec_src_search_5b7e6dfb326c_003_deaths,claim,claim_comparison:claim_cmp_552,claim_comparison,
compared_with,matched provenance identifier,claim:claim_rec_src_search_f0add2a7316b_001_cases_confirmed,claim,claim_comparison:claim_cmp_553,claim_comparison,
compared_with,matched provenance identifier,claim:claim_rec_src_search_5b7e6dfb326c_003_hospitalizations,claim,claim_comparison:claim_cmp_553,claim_comparison,
compared_with,matched provenance identifier,claim:claim_rec_src_search_f0add2a7316b_002_deaths,claim,claim_comparison:claim_cmp_554,claim_comparison,
compared_with,matched provenance identifier,claim:claim_rec_src_search_f0add2a7316b_003_cases_confirmed,claim,claim_comparison:claim_cmp_554,claim_comparison,
compared_with,matched provenance identifier,claim:claim_rec_src_search_f0add2a7316b_002_deaths,claim,claim_comparison:claim_cmp_555,claim_comparison,
compared_with,matched provenance identifier,claim:claim_rec_src_search_f0add2a7316b_003_deaths,claim,claim_comparison:claim_cmp_555,claim_comparison,
compared_with,matched provenance identifier,claim:claim_rec_src_search_f0add2a7316b_002_deaths,claim,claim_comparison:claim_cmp_556,claim_comparison,
compared_with,matched provenance identifier,claim:claim_rec_src_search_f0add2a7316b_004_deaths,claim,claim_comparison:claim_cmp_556,claim_comparison,
compared_with,matched provenance identifier,claim:claim_rec_src_search_f0add2a7316b_002_deaths,claim,claim_comparison:claim_cmp_557,claim_comparison,
compared_with,matched provenance identifier,claim:claim_rec_src_search_72af26a33522_001_cases_unspecified,claim,claim_comparison:claim_cmp_557,claim_comparison,
compared_with,matched provenance identifier,claim:claim_rec_src_search_f0add2a7316b_002_deaths,claim,claim_comparison:claim_cmp_558,claim_comparison,
compared_with,matched provenance identifier,claim:claim_rec_src_search_72af26a33522_001_deaths,claim,claim_comparison:claim_cmp_558,claim_comparison,
compared_with,matched provenance identifier,claim:claim_rec_src_search_f0add2a7316b_002_deaths,claim,claim_comparison:claim_cmp_559,claim_comparison,
compared_with,matched provenance identifier,claim:claim_rec_src_search_72af26a33522_002_deaths,claim,claim_comparison:claim_cmp_559,claim_comparison,
compared_with,matched provenance identifier,claim:claim_rec_src_search_f0add2a7316b_002_deaths,claim,claim_comparison:claim_cmp_560,claim_comparison,
compared_with,matched provenance identifier,claim:claim_rec_src_search_72af26a33522_003_hospitalizations,claim,claim_comparison:claim_cmp_560,claim_comparison,
compared_with,matched provenance identifier,claim:claim_rec_src_search_f0add2a7316b_002_deaths,claim,claim_comparison:claim_cmp_561,claim_comparison,
compared_with,matched provenance identifier,claim:claim_rec_src_search_b8ca758c1979_001_cases_confirmed,claim,claim_comparison:claim_cmp_561,claim_comparison,
compared_with,matched provenance identifier,claim:claim_rec_src_search_f0add2a7316b_002_deaths,claim,claim_comparison:claim_cmp_562,claim_comparison,
compared_with,matched provenance identifier,claim:claim_rec_src_search_b8ca758c1979_001_hospitalizations,claim,claim_comparison:claim_cmp_562,claim_comparison,
compared_with,matched provenance identifier,claim:claim_rec_src_search_f0add2a7316b_002_deaths,claim,claim_comparison:claim_cmp_563,claim_comparison,
compared_with,matched provenance identifier,claim:claim_rec_src_search_9d8411eba09d_003_cases_confirmed,claim,claim_comparison:claim_cmp_563,claim_comparison,
compared_with,matched provenance identifier,claim:claim_rec_src_search_f0add2a7316b_002_deaths,claim,claim_comparison:claim_cmp_564,claim_comparison,
compared_with,matched provenance identifier,claim:claim_rec_src_search_9d8411eba09d_003_deaths,claim,claim_comparison:claim_cmp_564,claim_comparison,
compared_with,matched provenance identifier,claim:claim_rec_src_search_f0add2a7316b_002_deaths,claim,claim_comparison:claim_cmp_565,claim_comparison,
compared_with,matched provenance identifier,claim:claim_rec_src_search_9d8411eba09d_003_hospitalizations,claim,claim_comparison:claim_cmp_565,claim_comparison,
compared_with,matched provenance identifier,claim:claim_rec_src_search_f0add2a7316b_002_deaths,claim,claim_comparison:claim_cmp_566,claim_comparison,
compared_with,matched provenance identifier,claim:claim_rec_src_search_9d8411eba09d_004_deaths,claim,claim_comparison:claim_cmp_566,claim_comparison,
compared_with,matched provenance identifier,claim:claim_rec_src_search_f0add2a7316b_002_deaths,claim,claim_comparison:claim_cmp_567,claim_comparison,
compared_with,matched provenance identifier,claim:claim_rec_src_search_9d8411eba09d_005_hospitalizations,claim,claim_comparison:claim_cmp_567,claim_comparison,
compared_with,matched provenance identifier,claim:claim_rec_src_search_f0add2a7316b_002_deaths,claim,claim_comparison:claim_cmp_568,claim_comparison,
compared_with,matched provenance identifier,claim:claim_rec_src_search_ee3c4e1dc1cd_003_cases_unspecified,claim,claim_comparison:claim_cmp_568,claim_comparison,
compared_with,matched provenance identifier,claim:claim_rec_src_search_f0add2a7316b_002_deaths,claim,claim_comparison:claim_cmp_569,claim_comparison,
compared_with,matched provenance identifier,claim:claim_rec_src_search_ee3c4e1dc1cd_003_deaths,claim,claim_comparison:claim_cmp_569,claim_comparison,
compared_with,matched provenance identifier,claim:claim_rec_src_search_f0add2a7316b_002_deaths,claim,claim_comparison:claim_cmp_570,claim_comparison,
compared_with,matched provenance identifier,claim:claim_rec_src_search_ee3c4e1dc1cd_004_deaths,claim,claim_comparison:claim_cmp_570,claim_comparison,
compared_with,matched provenance identifier,claim:claim_rec_src_search_f0add2a7316b_002_deaths,claim,claim_comparison:claim_cmp_571,claim_comparison,
compared_with,matched provenance identifier,claim:claim_rec_src_search_f72980cd3634_001_cases_unspecified,claim,claim_comparison:claim_cmp_571,claim_comparison,
compared_with,matched provenance identifier,claim:claim_rec_src_search_f0add2a7316b_002_deaths,claim,claim_comparison:claim_cmp_572,claim_comparison,
compared_with,matched provenance identifier,claim:claim_rec_src_search_f72980cd3634_001_deaths,claim,claim_comparison:claim_cmp_572,claim_comparison,
compared_with,matched provenance identifier,claim:claim_rec_src_search_f0add2a7316b_002_deaths,claim,claim_comparison:claim_cmp_573,claim_comparison,
compared_with,matched provenance identifier,claim:claim_rec_src_search_f72980cd3634_002_deaths,claim,claim_comparison:claim_cmp_573,claim_comparison,
compared_with,matched provenance identifier,claim:claim_rec_src_search_f0add2a7316b_002_deaths,claim,claim_comparison:claim_cmp_574,claim_comparison,
compared_with,matched provenance identifier,claim:claim_rec_src_search_b74bccc017c5_004_cases_confirmed,claim,claim_comparison:claim_cmp_574,claim_comparison,
compared_with,matched provenance identifier,claim:claim_rec_src_search_f0add2a7316b_002_deaths,claim,claim_comparison:claim_cmp_575,claim_comparison,
compared_with,matched provenance identifier,claim:claim_rec_src_search_b74bccc017c5_004_deaths,claim,claim_comparison:claim_cmp_575,claim_comparison,
compared_with,matched provenance identifier,claim:claim_rec_src_search_f0add2a7316b_002_deaths,claim,claim_comparison:claim_cmp_576,claim_comparison,
compared_with,matched provenance identifier,claim:claim_rec_src_search_b74bccc017c5_004_hospitalizations,claim,claim_comparison:claim_cmp_576,claim_comparison,
compared_with,matched provenance identifier,claim:claim_rec_src_search_f0add2a7316b_002_deaths,claim,claim_comparison:claim_cmp_577,claim_comparison,
compared_with,matched provenance identifier,claim:claim_rec_src_search_c72bcb75c75a_001_cases_unspecified,claim,claim_comparison:claim_cmp_577,claim_comparison,
compared_with,matched provenance identifier,claim:claim_rec_src_search_f0add2a7316b_002_deaths,claim,claim_comparison:claim_cmp_578,claim_comparison,
compared_with,matched provenance identifier,claim:claim_rec_src_search_c72bcb75c75a_001_deaths,claim,claim_comparison:claim_cmp_578,claim_comparison,
compared_with,matched provenance identifier,claim:claim_rec_src_search_f0add2a7316b_002_deaths,claim,claim_comparison:claim_cmp_579,claim_comparison,
compared_with,matched provenance identifier,claim:claim_rec_src_search_c72bcb75c75a_002_deaths,claim,claim_comparison:claim_cmp_579,claim_comparison,
compared_with,matched provenance identifier,claim:claim_rec_src_search_f0add2a7316b_002_deaths,claim,claim_comparison:claim_cmp_580,claim_comparison,
compared_with,matched provenance identifier,claim:claim_rec_src_search_fd4c39b5e976_001_cases_confirmed,claim,claim_comparison:claim_cmp_580,claim_comparison,
compared_with,matched provenance identifier,claim:claim_rec_src_search_f0add2a7316b_002_deaths,claim,claim_comparison:claim_cmp_581,claim_comparison,
compared_with,matched provenance identifier,claim:claim_rec_src_search_fd4c39b5e976_002_deaths,claim,claim_comparison:claim_cmp_581,claim_comparison,
compared_with,matched provenance identifier,claim:claim_rec_src_search_f0add2a7316b_002_deaths,claim,claim_comparison:claim_cmp_582,claim_comparison,
compared_with,matched provenance identifier,claim:claim_rec_src_search_a9306f6e1687_001_observation,claim,claim_comparison:claim_cmp_582,claim_comparison,
compared_with,matched provenance identifier,claim:claim_rec_src_search_f0add2a7316b_002_deaths,claim,claim_comparison:claim_cmp_583,claim_comparison,
compared_with,matched provenance identifier,claim:claim_rec_src_search_5b7e6dfb326c_003_cases_unspecified,claim,claim_comparison:claim_cmp_583,claim_comparison,
compared_with,matched provenance identifier,claim:claim_rec_src_search_f0add2a7316b_002_deaths,claim,claim_comparison:claim_cmp_584,claim_comparison,
compared_with,matched provenance identifier,claim:claim_rec_src_search_5b7e6dfb326c_003_deaths,claim,claim_comparison:claim_cmp_584,claim_comparison,
compared_with,matched provenance identifier,claim:claim_rec_src_search_f0add2a7316b_002_deaths,claim,claim_comparison:claim_cmp_585,claim_comparison,
compared_with,matched provenance identifier,claim:claim_rec_src_search_5b7e6dfb326c_003_hospitalizations,claim,claim_comparison:claim_cmp_585,claim_comparison,
compared_with,matched provenance identifier,claim:claim_rec_src_search_f0add2a7316b_003_cases_confirmed,claim,claim_comparison:claim_cmp_586,claim_comparison,
compared_with,matched provenance identifier,claim:claim_rec_src_search_f0add2a7316b_003_deaths,claim,claim_comparison:claim_cmp_586,claim_comparison,
compared_with,matched provenance identifier,claim:claim_rec_src_search_f0add2a7316b_003_cases_confirmed,claim,claim_comparison:claim_cmp_587,claim_comparison,
compared_with,matched provenance identifier,claim:claim_rec_src_search_f0add2a7316b_004_deaths,claim,claim_comparison:claim_cmp_587,claim_comparison,
compared_with,matched provenance identifier,claim:claim_rec_src_search_f0add2a7316b_003_cases_confirmed,claim,claim_comparison:claim_cmp_588,claim_comparison,
compared_with,matched provenance identifier,claim:claim_rec_src_search_72af26a33522_001_cases_unspecified,claim,claim_comparison:claim_cmp_588,claim_comparison,
compared_with,matched provenance identifier,claim:claim_rec_src_search_f0add2a7316b_003_cases_confirmed,claim,claim_comparison:claim_cmp_589,claim_comparison,
compared_with,matched provenance identifier,claim:claim_rec_src_search_72af26a33522_001_deaths,claim,claim_comparison:claim_cmp_589,claim_comparison,
compared_with,matched provenance identifier,claim:claim_rec_src_search_f0add2a7316b_003_cases_confirmed,claim,claim_comparison:claim_cmp_590,claim_comparison,
compared_with,matched provenance identifier,claim:claim_rec_src_search_72af26a33522_002_deaths,claim,claim_comparison:claim_cmp_590,claim_comparison,
compared_with,matched provenance identifier,claim:claim_rec_src_search_f0add2a7316b_003_cases_confirmed,claim,claim_comparison:claim_cmp_591,claim_comparison,
compared_with,matched provenance identifier,claim:claim_rec_src_search_72af26a33522_003_hospitalizations,claim,claim_comparison:claim_cmp_591,claim_comparison,
compared_with,matched provenance identifier,claim:claim_rec_src_search_f0add2a7316b_003_cases_confirmed,claim,claim_comparison:claim_cmp_592,claim_comparison,
compared_with,matched provenance identifier,claim:claim_rec_src_search_b8ca758c1979_001_cases_confirmed,claim,claim_comparison:claim_cmp_592,claim_comparison,
compared_with,matched provenance identifier,claim:claim_rec_src_search_f0add2a7316b_003_cases_confirmed,claim,claim_comparison:claim_cmp_593,claim_comparison,
compared_with,matched provenance identifier,claim:claim_rec_src_search_b8ca758c1979_001_hospitalizations,claim,claim_comparison:claim_cmp_593,claim_comparison,
compared_with,matched provenance identifier,claim:claim_rec_src_search_f0add2a7316b_003_cases_confirmed,claim,claim_comparison:claim_cmp_594,claim_comparison,
compared_with,matched provenance identifier,claim:claim_rec_src_search_9d8411eba09d_003_cases_confirmed,claim,claim_comparison:claim_cmp_594,claim_comparison,
compared_with,matched provenance identifier,claim:claim_rec_src_search_f0add2a7316b_003_cases_confirmed,claim,claim_comparison:claim_cmp_595,claim_comparison,
compared_with,matched provenance identifier,claim:claim_rec_src_search_9d8411eba09d_003_deaths,claim,claim_comparison:claim_cmp_595,claim_comparison,
compared_with,matched provenance identifier,claim:claim_rec_src_search_f0add2a7316b_003_cases_confirmed,claim,claim_comparison:claim_cmp_596,claim_comparison,
compared_with,matched provenance identifier,claim:claim_rec_src_search_9d8411eba09d_003_hospitalizations,claim,claim_comparison:claim_cmp_596,claim_comparison,
compared_with,matched provenance identifier,claim:claim_rec_src_search_f0add2a7316b_003_cases_confirmed,claim,claim_comparison:claim_cmp_597,claim_comparison,
compared_with,matched provenance identifier,claim:claim_rec_src_search_9d8411eba09d_004_deaths,claim,claim_comparison:claim_cmp_597,claim_comparison,
compared_with,matched provenance identifier,claim:claim_rec_src_search_f0add2a7316b_003_cases_confirmed,claim,claim_comparison:claim_cmp_598,claim_comparison,
compared_with,matched provenance identifier,claim:claim_rec_src_search_9d8411eba09d_005_hospitalizations,claim,claim_comparison:claim_cmp_598,claim_comparison,
compared_with,matched provenance identifier,claim:claim_rec_src_search_f0add2a7316b_003_cases_confirmed,claim,claim_comparison:claim_cmp_599,claim_comparison,
compared_with,matched provenance identifier,claim:claim_rec_src_search_ee3c4e1dc1cd_003_cases_unspecified,claim,claim_comparison:claim_cmp_599,claim_comparison,
compared_with,matched provenance identifier,claim:claim_rec_src_search_f0add2a7316b_003_cases_confirmed,claim,claim_comparison:claim_cmp_600,claim_comparison,
compared_with,matched provenance identifier,claim:claim_rec_src_search_ee3c4e1dc1cd_003_deaths,claim,claim_comparison:claim_cmp_600,claim_comparison,
compared_with,matched provenance identifier,claim:claim_rec_src_search_f0add2a7316b_003_cases_confirmed,claim,claim_comparison:claim_cmp_601,claim_comparison,
compared_with,matched provenance identifier,claim:claim_rec_src_search_ee3c4e1dc1cd_004_deaths,claim,claim_comparison:claim_cmp_601,claim_comparison,
compared_with,matched provenance identifier,claim:claim_rec_src_search_f0add2a7316b_003_cases_confirmed,claim,claim_comparison:claim_cmp_602,claim_comparison,
compared_with,matched provenance identifier,claim:claim_rec_src_search_f72980cd3634_001_cases_unspecified,claim,claim_comparison:claim_cmp_602,claim_comparison,
compared_with,matched provenance identifier,claim:claim_rec_src_search_f0add2a7316b_003_cases_confirmed,claim,claim_comparison:claim_cmp_603,claim_comparison,
compared_with,matched provenance identifier,claim:claim_rec_src_search_f72980cd3634_001_deaths,claim,claim_comparison:claim_cmp_603,claim_comparison,
compared_with,matched provenance identifier,claim:claim_rec_src_search_f0add2a7316b_003_cases_confirmed,claim,claim_comparison:claim_cmp_604,claim_comparison,
compared_with,matched provenance identifier,claim:claim_rec_src_search_f72980cd3634_002_deaths,claim,claim_comparison:claim_cmp_604,claim_comparison,
compared_with,matched provenance identifier,claim:claim_rec_src_search_f0add2a7316b_003_cases_confirmed,claim,claim_comparison:claim_cmp_605,claim_comparison,
compared_with,matched provenance identifier,claim:claim_rec_src_search_b74bccc017c5_004_cases_confirmed,claim,claim_comparison:claim_cmp_605,claim_comparison,
compared_with,matched provenance identifier,claim:claim_rec_src_search_f0add2a7316b_003_cases_confirmed,claim,claim_comparison:claim_cmp_606,claim_comparison,
compared_with,matched provenance identifier,claim:claim_rec_src_search_b74bccc017c5_004_deaths,claim,claim_comparison:claim_cmp_606,claim_comparison,
compared_with,matched provenance identifier,claim:claim_rec_src_search_f0add2a7316b_003_cases_confirmed,claim,claim_comparison:claim_cmp_607,claim_comparison,
compared_with,matched provenance identifier,claim:claim_rec_src_search_b74bccc017c5_004_hospitalizations,claim,claim_comparison:claim_cmp_607,claim_comparison,
compared_with,matched provenance identifier,claim:claim_rec_src_search_f0add2a7316b_003_cases_confirmed,claim,claim_comparison:claim_cmp_608,claim_comparison,
compared_with,matched provenance identifier,claim:claim_rec_src_search_c72bcb75c75a_001_cases_unspecified,claim,claim_comparison:claim_cmp_608,claim_comparison,
compared_with,matched provenance identifier,claim:claim_rec_src_search_f0add2a7316b_003_cases_confirmed,claim,claim_comparison:claim_cmp_609,claim_comparison,
compared_with,matched provenance identifier,claim:claim_rec_src_search_c72bcb75c75a_001_deaths,claim,claim_comparison:claim_cmp_609,claim_comparison,
compared_with,matched provenance identifier,claim:claim_rec_src_search_f0add2a7316b_003_cases_confirmed,claim,claim_comparison:claim_cmp_610,claim_comparison,
compared_with,matched provenance identifier,claim:claim_rec_src_search_c72bcb75c75a_002_deaths,claim,claim_comparison:claim_cmp_610,claim_comparison,
compared_with,matched provenance identifier,claim:claim_rec_src_search_f0add2a7316b_003_cases_confirmed,claim,claim_comparison:claim_cmp_611,claim_comparison,
compared_with,matched provenance identifier,claim:claim_rec_src_search_fd4c39b5e976_001_cases_confirmed,claim,claim_comparison:claim_cmp_611,claim_comparison,
compared_with,matched provenance identifier,claim:claim_rec_src_search_f0add2a7316b_003_cases_confirmed,claim,claim_comparison:claim_cmp_612,claim_comparison,
compared_with,matched provenance identifier,claim:claim_rec_src_search_fd4c39b5e976_002_deaths,claim,claim_comparison:claim_cmp_612,claim_comparison,
compared_with,matched provenance identifier,claim:claim_rec_src_search_f0add2a7316b_003_cases_confirmed,claim,claim_comparison:claim_cmp_613,claim_comparison,
compared_with,matched provenance identifier,claim:claim_rec_src_search_a9306f6e1687_001_observation,claim,claim_comparison:claim_cmp_613,claim_comparison,
compared_with,matched provenance identifier,claim:claim_rec_src_search_f0add2a7316b_003_cases_confirmed,claim,claim_comparison:claim_cmp_614,claim_comparison,
compared_with,matched provenance identifier,claim:claim_rec_src_search_5b7e6dfb326c_003_cases_unspecified,claim,claim_comparison:claim_cmp_614,claim_comparison,
compared_with,matched provenance identifier,claim:claim_rec_src_search_f0add2a7316b_003_cases_confirmed,claim,claim_comparison:claim_cmp_615,claim_comparison,
compared_with,matched provenance identifier,claim:claim_rec_src_search_5b7e6dfb326c_003_deaths,claim,claim_comparison:claim_cmp_615,claim_comparison,
compared_with,matched provenance identifier,claim:claim_rec_src_search_f0add2a7316b_003_cases_confirmed,claim,claim_comparison:claim_cmp_616,claim_comparison,
compared_with,matched provenance identifier,claim:claim_rec_src_search_5b7e6dfb326c_003_hospitalizations,claim,claim_comparison:claim_cmp_616,claim_comparison,
compared_with,matched provenance identifier,claim:claim_rec_src_search_f0add2a7316b_003_deaths,claim,claim_comparison:claim_cmp_617,claim_comparison,
compared_with,matched provenance identifier,claim:claim_rec_src_search_f0add2a7316b_004_deaths,claim,claim_comparison:claim_cmp_617,claim_comparison,
compared_with,matched provenance identifier,claim:claim_rec_src_search_f0add2a7316b_003_deaths,claim,claim_comparison:claim_cmp_618,claim_comparison,
compared_with,matched provenance identifier,claim:claim_rec_src_search_72af26a33522_001_cases_unspecified,claim,claim_comparison:claim_cmp_618,claim_comparison,
compared_with,matched provenance identifier,claim:claim_rec_src_search_f0add2a7316b_003_deaths,claim,claim_comparison:claim_cmp_619,claim_comparison,
compared_with,matched provenance identifier,claim:claim_rec_src_search_72af26a33522_001_deaths,claim,claim_comparison:claim_cmp_619,claim_comparison,
compared_with,matched provenance identifier,claim:claim_rec_src_search_f0add2a7316b_003_deaths,claim,claim_comparison:claim_cmp_620,claim_comparison,
compared_with,matched provenance identifier,claim:claim_rec_src_search_72af26a33522_002_deaths,claim,claim_comparison:claim_cmp_620,claim_comparison,
compared_with,matched provenance identifier,claim:claim_rec_src_search_f0add2a7316b_003_deaths,claim,claim_comparison:claim_cmp_621,claim_comparison,
compared_with,matched provenance identifier,claim:claim_rec_src_search_72af26a33522_003_hospitalizations,claim,claim_comparison:claim_cmp_621,claim_comparison,
compared_with,matched provenance identifier,claim:claim_rec_src_search_f0add2a7316b_003_deaths,claim,claim_comparison:claim_cmp_622,claim_comparison,
compared_with,matched provenance identifier,claim:claim_rec_src_search_b8ca758c1979_001_cases_confirmed,claim,claim_comparison:claim_cmp_622,claim_comparison,
compared_with,matched provenance identifier,claim:claim_rec_src_search_f0add2a7316b_003_deaths,claim,claim_comparison:claim_cmp_623,claim_comparison,
compared_with,matched provenance identifier,claim:claim_rec_src_search_b8ca758c1979_001_hospitalizations,claim,claim_comparison:claim_cmp_623,claim_comparison,
compared_with,matched provenance identifier,claim:claim_rec_src_search_f0add2a7316b_003_deaths,claim,claim_comparison:claim_cmp_624,claim_comparison,
compared_with,matched provenance identifier,claim:claim_rec_src_search_9d8411eba09d_003_cases_confirmed,claim,claim_comparison:claim_cmp_624,claim_comparison,
compared_with,matched provenance identifier,claim:claim_rec_src_search_f0add2a7316b_003_deaths,claim,claim_comparison:claim_cmp_625,claim_comparison,
compared_with,matched provenance identifier,claim:claim_rec_src_search_9d8411eba09d_003_deaths,claim,claim_comparison:claim_cmp_625,claim_comparison,
compared_with,matched provenance identifier,claim:claim_rec_src_search_f0add2a7316b_003_deaths,claim,claim_comparison:claim_cmp_626,claim_comparison,
compared_with,matched provenance identifier,claim:claim_rec_src_search_9d8411eba09d_003_hospitalizations,claim,claim_comparison:claim_cmp_626,claim_comparison,
compared_with,matched provenance identifier,claim:claim_rec_src_search_f0add2a7316b_003_deaths,claim,claim_comparison:claim_cmp_627,claim_comparison,
compared_with,matched provenance identifier,claim:claim_rec_src_search_9d8411eba09d_004_deaths,claim,claim_comparison:claim_cmp_627,claim_comparison,
compared_with,matched provenance identifier,claim:claim_rec_src_search_f0add2a7316b_003_deaths,claim,claim_comparison:claim_cmp_628,claim_comparison,
compared_with,matched provenance identifier,claim:claim_rec_src_search_9d8411eba09d_005_hospitalizations,claim,claim_comparison:claim_cmp_628,claim_comparison,
compared_with,matched provenance identifier,claim:claim_rec_src_search_f0add2a7316b_003_deaths,claim,claim_comparison:claim_cmp_629,claim_comparison,
compared_with,matched provenance identifier,claim:claim_rec_src_search_ee3c4e1dc1cd_003_cases_unspecified,claim,claim_comparison:claim_cmp_629,claim_comparison,
compared_with,matched provenance identifier,claim:claim_rec_src_search_f0add2a7316b_003_deaths,claim,claim_comparison:claim_cmp_630,claim_comparison,
compared_with,matched provenance identifier,claim:claim_rec_src_search_ee3c4e1dc1cd_003_deaths,claim,claim_comparison:claim_cmp_630,claim_comparison,
compared_with,matched provenance identifier,claim:claim_rec_src_search_f0add2a7316b_003_deaths,claim,claim_comparison:claim_cmp_631,claim_comparison,
compared_with,matched provenance identifier,claim:claim_rec_src_search_ee3c4e1dc1cd_004_deaths,claim,claim_comparison:claim_cmp_631,claim_comparison,
compared_with,matched provenance identifier,claim:claim_rec_src_search_f0add2a7316b_003_deaths,claim,claim_comparison:claim_cmp_632,claim_comparison,
compared_with,matched provenance identifier,claim:claim_rec_src_search_f72980cd3634_001_cases_unspecified,claim,claim_comparison:claim_cmp_632,claim_comparison,
compared_with,matched provenance identifier,claim:claim_rec_src_search_f0add2a7316b_003_deaths,claim,claim_comparison:claim_cmp_633,claim_comparison,
compared_with,matched provenance identifier,claim:claim_rec_src_search_f72980cd3634_001_deaths,claim,claim_comparison:claim_cmp_633,claim_comparison,
compared_with,matched provenance identifier,claim:claim_rec_src_search_f0add2a7316b_003_deaths,claim,claim_comparison:claim_cmp_634,claim_comparison,
compared_with,matched provenance identifier,claim:claim_rec_src_search_f72980cd3634_002_deaths,claim,claim_comparison:claim_cmp_634,claim_comparison,
compared_with,matched provenance identifier,claim:claim_rec_src_search_f0add2a7316b_003_deaths,claim,claim_comparison:claim_cmp_635,claim_comparison,
compared_with,matched provenance identifier,claim:claim_rec_src_search_b74bccc017c5_004_cases_confirmed,claim,claim_comparison:claim_cmp_635,claim_comparison,
compared_with,matched provenance identifier,claim:claim_rec_src_search_f0add2a7316b_003_deaths,claim,claim_comparison:claim_cmp_636,claim_comparison,
compared_with,matched provenance identifier,claim:claim_rec_src_search_b74bccc017c5_004_deaths,claim,claim_comparison:claim_cmp_636,claim_comparison,
compared_with,matched provenance identifier,claim:claim_rec_src_search_f0add2a7316b_003_deaths,claim,claim_comparison:claim_cmp_637,claim_comparison,
compared_with,matched provenance identifier,claim:claim_rec_src_search_b74bccc017c5_004_hospitalizations,claim,claim_comparison:claim_cmp_637,claim_comparison,
compared_with,matched provenance identifier,claim:claim_rec_src_search_f0add2a7316b_003_deaths,claim,claim_comparison:claim_cmp_638,claim_comparison,
compared_with,matched provenance identifier,claim:claim_rec_src_search_c72bcb75c75a_001_cases_unspecified,claim,claim_comparison:claim_cmp_638,claim_comparison,
compared_with,matched provenance identifier,claim:claim_rec_src_search_f0add2a7316b_003_deaths,claim,claim_comparison:claim_cmp_639,claim_comparison,
compared_with,matched provenance identifier,claim:claim_rec_src_search_c72bcb75c75a_001_deaths,claim,claim_comparison:claim_cmp_639,claim_comparison,
compared_with,matched provenance identifier,claim:claim_rec_src_search_f0add2a7316b_003_deaths,claim,claim_comparison:claim_cmp_640,claim_comparison,
compared_with,matched provenance identifier,claim:claim_rec_src_search_c72bcb75c75a_002_deaths,claim,claim_comparison:claim_cmp_640,claim_comparison,
compared_with,matched provenance identifier,claim:claim_rec_src_search_f0add2a7316b_003_deaths,claim,claim_comparison:claim_cmp_641,claim_comparison,
compared_with,matched provenance identifier,claim:claim_rec_src_search_fd4c39b5e976_001_cases_confirmed,claim,claim_comparison:claim_cmp_641,claim_comparison,
compared_with,matched provenance identifier,claim:claim_rec_src_search_f0add2a7316b_003_deaths,claim,claim_comparison:claim_cmp_642,claim_comparison,
compared_with,matched provenance identifier,claim:claim_rec_src_search_fd4c39b5e976_002_deaths,claim,claim_comparison:claim_cmp_642,claim_comparison,
compared_with,matched provenance identifier,claim:claim_rec_src_search_f0add2a7316b_003_deaths,claim,claim_comparison:claim_cmp_643,claim_comparison,
compared_with,matched provenance identifier,claim:claim_rec_src_search_a9306f6e1687_001_observation,claim,claim_comparison:claim_cmp_643,claim_comparison,
compared_with,matched provenance identifier,claim:claim_rec_src_search_f0add2a7316b_003_deaths,claim,claim_comparison:claim_cmp_644,claim_comparison,
compared_with,matched provenance identifier,claim:claim_rec_src_search_5b7e6dfb326c_003_cases_unspecified,claim,claim_comparison:claim_cmp_644,claim_comparison,
compared_with,matched provenance identifier,claim:claim_rec_src_search_f0add2a7316b_003_deaths,claim,claim_comparison:claim_cmp_645,claim_comparison,
compared_with,matched provenance identifier,claim:claim_rec_src_search_5b7e6dfb326c_003_deaths,claim,claim_comparison:claim_cmp_645,claim_comparison,
compared_with,matched provenance identifier,claim:claim_rec_src_search_f0add2a7316b_003_deaths,claim,claim_comparison:claim_cmp_646,claim_comparison,
compared_with,matched provenance identifier,claim:claim_rec_src_search_5b7e6dfb326c_003_hospitalizations,claim,claim_comparison:claim_cmp_646,claim_comparison,
compared_with,matched provenance identifier,claim:claim_rec_src_search_f0add2a7316b_004_deaths,claim,claim_comparison:claim_cmp_647,claim_comparison,
compared_with,matched provenance identifier,claim:claim_rec_src_search_72af26a33522_001_cases_unspecified,claim,claim_comparison:claim_cmp_647,claim_comparison,
compared_with,matched provenance identifier,claim:claim_rec_src_search_f0add2a7316b_004_deaths,claim,claim_comparison:claim_cmp_648,claim_comparison,
compared_with,matched provenance identifier,claim:claim_rec_src_search_72af26a33522_001_deaths,claim,claim_comparison:claim_cmp_648,claim_comparison,
compared_with,matched provenance identifier,claim:claim_rec_src_search_f0add2a7316b_004_deaths,claim,claim_comparison:claim_cmp_649,claim_comparison,
compared_with,matched provenance identifier,claim:claim_rec_src_search_72af26a33522_002_deaths,claim,claim_comparison:claim_cmp_649,claim_comparison,
compared_with,matched provenance identifier,claim:claim_rec_src_search_f0add2a7316b_004_deaths,claim,claim_comparison:claim_cmp_650,claim_comparison,
compared_with,matched provenance identifier,claim:claim_rec_src_search_72af26a33522_003_hospitalizations,claim,claim_comparison:claim_cmp_650,claim_comparison,
compared_with,matched provenance identifier,claim:claim_rec_src_search_f0add2a7316b_004_deaths,claim,claim_comparison:claim_cmp_651,claim_comparison,
compared_with,matched provenance identifier,claim:claim_rec_src_search_b8ca758c1979_001_cases_confirmed,claim,claim_comparison:claim_cmp_651,claim_comparison,
compared_with,matched provenance identifier,claim:claim_rec_src_search_f0add2a7316b_004_deaths,claim,claim_comparison:claim_cmp_652,claim_comparison,
compared_with,matched provenance identifier,claim:claim_rec_src_search_b8ca758c1979_001_hospitalizations,claim,claim_comparison:claim_cmp_652,claim_comparison,
compared_with,matched provenance identifier,claim:claim_rec_src_search_f0add2a7316b_004_deaths,claim,claim_comparison:claim_cmp_653,claim_comparison,
compared_with,matched provenance identifier,claim:claim_rec_src_search_9d8411eba09d_003_cases_confirmed,claim,claim_comparison:claim_cmp_653,claim_comparison,
compared_with,matched provenance identifier,claim:claim_rec_src_search_f0add2a7316b_004_deaths,claim,claim_comparison:claim_cmp_654,claim_comparison,
compared_with,matched provenance identifier,claim:claim_rec_src_search_9d8411eba09d_003_deaths,claim,claim_comparison:claim_cmp_654,claim_comparison,
compared_with,matched provenance identifier,claim:claim_rec_src_search_f0add2a7316b_004_deaths,claim,claim_comparison:claim_cmp_655,claim_comparison,
compared_with,matched provenance identifier,claim:claim_rec_src_search_9d8411eba09d_003_hospitalizations,claim,claim_comparison:claim_cmp_655,claim_comparison,
compared_with,matched provenance identifier,claim:claim_rec_src_search_f0add2a7316b_004_deaths,claim,claim_comparison:claim_cmp_656,claim_comparison,
compared_with,matched provenance identifier,claim:claim_rec_src_search_9d8411eba09d_004_deaths,claim,claim_comparison:claim_cmp_656,claim_comparison,
compared_with,matched provenance identifier,claim:claim_rec_src_search_f0add2a7316b_004_deaths,claim,claim_comparison:claim_cmp_657,claim_comparison,
compared_with,matched provenance identifier,claim:claim_rec_src_search_9d8411eba09d_005_hospitalizations,claim,claim_comparison:claim_cmp_657,claim_comparison,
compared_with,matched provenance identifier,claim:claim_rec_src_search_f0add2a7316b_004_deaths,claim,claim_comparison:claim_cmp_658,claim_comparison,
compared_with,matched provenance identifier,claim:claim_rec_src_search_ee3c4e1dc1cd_003_cases_unspecified,claim,claim_comparison:claim_cmp_658,claim_comparison,
compared_with,matched provenance identifier,claim:claim_rec_src_search_f0add2a7316b_004_deaths,claim,claim_comparison:claim_cmp_659,claim_comparison,
compared_with,matched provenance identifier,claim:claim_rec_src_search_ee3c4e1dc1cd_003_deaths,claim,claim_comparison:claim_cmp_659,claim_comparison,
compared_with,matched provenance identifier,claim:claim_rec_src_search_f0add2a7316b_004_deaths,claim,claim_comparison:claim_cmp_660,claim_comparison,
compared_with,matched provenance identifier,claim:claim_rec_src_search_ee3c4e1dc1cd_004_deaths,claim,claim_comparison:claim_cmp_660,claim_comparison,
compared_with,matched provenance identifier,claim:claim_rec_src_search_f0add2a7316b_004_deaths,claim,claim_comparison:claim_cmp_661,claim_comparison,
compared_with,matched provenance identifier,claim:claim_rec_src_search_f72980cd3634_001_cases_unspecified,claim,claim_comparison:claim_cmp_661,claim_comparison,
compared_with,matched provenance identifier,claim:claim_rec_src_search_f0add2a7316b_004_deaths,claim,claim_comparison:claim_cmp_662,claim_comparison,
compared_with,matched provenance identifier,claim:claim_rec_src_search_f72980cd3634_001_deaths,claim,claim_comparison:claim_cmp_662,claim_comparison,
compared_with,matched provenance identifier,claim:claim_rec_src_search_f0add2a7316b_004_deaths,claim,claim_comparison:claim_cmp_663,claim_comparison,
compared_with,matched provenance identifier,claim:claim_rec_src_search_f72980cd3634_002_deaths,claim,claim_comparison:claim_cmp_663,claim_comparison,
compared_with,matched provenance identifier,claim:claim_rec_src_search_f0add2a7316b_004_deaths,claim,claim_comparison:claim_cmp_664,claim_comparison,
compared_with,matched provenance identifier,claim:claim_rec_src_search_b74bccc017c5_004_cases_confirmed,claim,claim_comparison:claim_cmp_664,claim_comparison,
compared_with,matched provenance identifier,claim:claim_rec_src_search_f0add2a7316b_004_deaths,claim,claim_comparison:claim_cmp_665,claim_comparison,
compared_with,matched provenance identifier,claim:claim_rec_src_search_b74bccc017c5_004_deaths,claim,claim_comparison:claim_cmp_665,claim_comparison,
compared_with,matched provenance identifier,claim:claim_rec_src_search_f0add2a7316b_004_deaths,claim,claim_comparison:claim_cmp_666,claim_comparison,
compared_with,matched provenance identifier,claim:claim_rec_src_search_b74bccc017c5_004_hospitalizations,claim,claim_comparison:claim_cmp_666,claim_comparison,
compared_with,matched provenance identifier,claim:claim_rec_src_search_f0add2a7316b_004_deaths,claim,claim_comparison:claim_cmp_667,claim_comparison,
compared_with,matched provenance identifier,claim:claim_rec_src_search_c72bcb75c75a_001_cases_unspecified,claim,claim_comparison:claim_cmp_667,claim_comparison,
compared_with,matched provenance identifier,claim:claim_rec_src_search_f0add2a7316b_004_deaths,claim,claim_comparison:claim_cmp_668,claim_comparison,
compared_with,matched provenance identifier,claim:claim_rec_src_search_c72bcb75c75a_001_deaths,claim,claim_comparison:claim_cmp_668,claim_comparison,
compared_with,matched provenance identifier,claim:claim_rec_src_search_f0add2a7316b_004_deaths,claim,claim_comparison:claim_cmp_669,claim_comparison,
compared_with,matched provenance identifier,claim:claim_rec_src_search_c72bcb75c75a_002_deaths,claim,claim_comparison:claim_cmp_669,claim_comparison,
compared_with,matched provenance identifier,claim:claim_rec_src_search_f0add2a7316b_004_deaths,claim,claim_comparison:claim_cmp_670,claim_comparison,
compared_with,matched provenance identifier,claim:claim_rec_src_search_fd4c39b5e976_001_cases_confirmed,claim,claim_comparison:claim_cmp_670,claim_comparison,
compared_with,matched provenance identifier,claim:claim_rec_src_search_f0add2a7316b_004_deaths,claim,claim_comparison:claim_cmp_671,claim_comparison,
compared_with,matched provenance identifier,claim:claim_rec_src_search_fd4c39b5e976_002_deaths,claim,claim_comparison:claim_cmp_671,claim_comparison,
compared_with,matched provenance identifier,claim:claim_rec_src_search_f0add2a7316b_004_deaths,claim,claim_comparison:claim_cmp_672,claim_comparison,
compared_with,matched provenance identifier,claim:claim_rec_src_search_a9306f6e1687_001_observation,claim,claim_comparison:claim_cmp_672,claim_comparison,
compared_with,matched provenance identifier,claim:claim_rec_src_search_f0add2a7316b_004_deaths,claim,claim_comparison:claim_cmp_673,claim_comparison,
compared_with,matched provenance identifier,claim:claim_rec_src_search_5b7e6dfb326c_003_cases_unspecified,claim,claim_comparison:claim_cmp_673,claim_comparison,
compared_with,matched provenance identifier,claim:claim_rec_src_search_f0add2a7316b_004_deaths,claim,claim_comparison:claim_cmp_674,claim_comparison,
compared_with,matched provenance identifier,claim:claim_rec_src_search_5b7e6dfb326c_003_deaths,claim,claim_comparison:claim_cmp_674,claim_comparison,
compared_with,matched provenance identifier,claim:claim_rec_src_search_f0add2a7316b_004_deaths,claim,claim_comparison:claim_cmp_675,claim_comparison,
compared_with,matched provenance identifier,claim:claim_rec_src_search_5b7e6dfb326c_003_hospitalizations,claim,claim_comparison:claim_cmp_675,claim_comparison,
compared_with,matched provenance identifier,claim:claim_rec_src_search_72af26a33522_001_cases_unspecified,claim,claim_comparison:claim_cmp_676,claim_comparison,
compared_with,matched provenance identifier,claim:claim_rec_src_search_72af26a33522_001_deaths,claim,claim_comparison:claim_cmp_676,claim_comparison,
compared_with,matched provenance identifier,claim:claim_rec_src_search_72af26a33522_001_cases_unspecified,claim,claim_comparison:claim_cmp_677,claim_comparison,
compared_with,matched provenance identifier,claim:claim_rec_src_search_72af26a33522_002_deaths,claim,claim_comparison:claim_cmp_677,claim_comparison,
compared_with,matched provenance identifier,claim:claim_rec_src_search_72af26a33522_001_cases_unspecified,claim,claim_comparison:claim_cmp_678,claim_comparison,
compared_with,matched provenance identifier,claim:claim_rec_src_search_72af26a33522_003_hospitalizations,claim,claim_comparison:claim_cmp_678,claim_comparison,
compared_with,matched provenance identifier,claim:claim_rec_src_search_72af26a33522_001_cases_unspecified,claim,claim_comparison:claim_cmp_679,claim_comparison,
compared_with,matched provenance identifier,claim:claim_rec_src_search_b8ca758c1979_001_cases_confirmed,claim,claim_comparison:claim_cmp_679,claim_comparison,
compared_with,matched provenance identifier,claim:claim_rec_src_search_72af26a33522_001_cases_unspecified,claim,claim_comparison:claim_cmp_680,claim_comparison,
compared_with,matched provenance identifier,claim:claim_rec_src_search_b8ca758c1979_001_hospitalizations,claim,claim_comparison:claim_cmp_680,claim_comparison,
compared_with,matched provenance identifier,claim:claim_rec_src_search_72af26a33522_001_cases_unspecified,claim,claim_comparison:claim_cmp_681,claim_comparison,
compared_with,matched provenance identifier,claim:claim_rec_src_search_9d8411eba09d_003_cases_confirmed,claim,claim_comparison:claim_cmp_681,claim_comparison,
compared_with,matched provenance identifier,claim:claim_rec_src_search_72af26a33522_001_cases_unspecified,claim,claim_comparison:claim_cmp_682,claim_comparison,
compared_with,matched provenance identifier,claim:claim_rec_src_search_9d8411eba09d_003_deaths,claim,claim_comparison:claim_cmp_682,claim_comparison,
compared_with,matched provenance identifier,claim:claim_rec_src_search_72af26a33522_001_cases_unspecified,claim,claim_comparison:claim_cmp_683,claim_comparison,
compared_with,matched provenance identifier,claim:claim_rec_src_search_9d8411eba09d_003_hospitalizations,claim,claim_comparison:claim_cmp_683,claim_comparison,
compared_with,matched provenance identifier,claim:claim_rec_src_search_72af26a33522_001_cases_unspecified,claim,claim_comparison:claim_cmp_684,claim_comparison,
compared_with,matched provenance identifier,claim:claim_rec_src_search_9d8411eba09d_004_deaths,claim,claim_comparison:claim_cmp_684,claim_comparison,
compared_with,matched provenance identifier,claim:claim_rec_src_search_72af26a33522_001_cases_unspecified,claim,claim_comparison:claim_cmp_685,claim_comparison,
compared_with,matched provenance identifier,claim:claim_rec_src_search_9d8411eba09d_005_hospitalizations,claim,claim_comparison:claim_cmp_685,claim_comparison,
compared_with,matched provenance identifier,claim:claim_rec_src_search_72af26a33522_001_cases_unspecified,claim,claim_comparison:claim_cmp_686,claim_comparison,
compared_with,matched provenance identifier,claim:claim_rec_src_search_ee3c4e1dc1cd_003_cases_unspecified,claim,claim_comparison:claim_cmp_686,claim_comparison,
compared_with,matched provenance identifier,claim:claim_rec_src_search_72af26a33522_001_cases_unspecified,claim,claim_comparison:claim_cmp_687,claim_comparison,
compared_with,matched provenance identifier,claim:claim_rec_src_search_ee3c4e1dc1cd_003_deaths,claim,claim_comparison:claim_cmp_687,claim_comparison,
compared_with,matched provenance identifier,claim:claim_rec_src_search_72af26a33522_001_cases_unspecified,claim,claim_comparison:claim_cmp_688,claim_comparison,
compared_with,matched provenance identifier,claim:claim_rec_src_search_ee3c4e1dc1cd_004_deaths,claim,claim_comparison:claim_cmp_688,claim_comparison,
compared_with,matched provenance identifier,claim:claim_rec_src_search_72af26a33522_001_cases_unspecified,claim,claim_comparison:claim_cmp_689,claim_comparison,
compared_with,matched provenance identifier,claim:claim_rec_src_search_f72980cd3634_001_cases_unspecified,claim,claim_comparison:claim_cmp_689,claim_comparison,
compared_with,matched provenance identifier,claim:claim_rec_src_search_72af26a33522_001_cases_unspecified,claim,claim_comparison:claim_cmp_690,claim_comparison,
compared_with,matched provenance identifier,claim:claim_rec_src_search_f72980cd3634_001_deaths,claim,claim_comparison:claim_cmp_690,claim_comparison,
compared_with,matched provenance identifier,claim:claim_rec_src_search_72af26a33522_001_cases_unspecified,claim,claim_comparison:claim_cmp_691,claim_comparison,
compared_with,matched provenance identifier,claim:claim_rec_src_search_f72980cd3634_002_deaths,claim,claim_comparison:claim_cmp_691,claim_comparison,
compared_with,matched provenance identifier,claim:claim_rec_src_search_72af26a33522_001_cases_unspecified,claim,claim_comparison:claim_cmp_692,claim_comparison,
compared_with,matched provenance identifier,claim:claim_rec_src_search_b74bccc017c5_004_cases_confirmed,claim,claim_comparison:claim_cmp_692,claim_comparison,
compared_with,matched provenance identifier,claim:claim_rec_src_search_72af26a33522_001_cases_unspecified,claim,claim_comparison:claim_cmp_693,claim_comparison,
compared_with,matched provenance identifier,claim:claim_rec_src_search_b74bccc017c5_004_deaths,claim,claim_comparison:claim_cmp_693,claim_comparison,
compared_with,matched provenance identifier,claim:claim_rec_src_search_72af26a33522_001_cases_unspecified,claim,claim_comparison:claim_cmp_694,claim_comparison,
compared_with,matched provenance identifier,claim:claim_rec_src_search_b74bccc017c5_004_hospitalizations,claim,claim_comparison:claim_cmp_694,claim_comparison,
compared_with,matched provenance identifier,claim:claim_rec_src_search_72af26a33522_001_cases_unspecified,claim,claim_comparison:claim_cmp_695,claim_comparison,
compared_with,matched provenance identifier,claim:claim_rec_src_search_c72bcb75c75a_001_cases_unspecified,claim,claim_comparison:claim_cmp_695,claim_comparison,
compared_with,matched provenance identifier,claim:claim_rec_src_search_72af26a33522_001_cases_unspecified,claim,claim_comparison:claim_cmp_696,claim_comparison,
compared_with,matched provenance identifier,claim:claim_rec_src_search_c72bcb75c75a_001_deaths,claim,claim_comparison:claim_cmp_696,claim_comparison,
compared_with,matched provenance identifier,claim:claim_rec_src_search_72af26a33522_001_cases_unspecified,claim,claim_comparison:claim_cmp_697,claim_comparison,
compared_with,matched provenance identifier,claim:claim_rec_src_search_c72bcb75c75a_002_deaths,claim,claim_comparison:claim_cmp_697,claim_comparison,
compared_with,matched provenance identifier,claim:claim_rec_src_search_72af26a33522_001_cases_unspecified,claim,claim_comparison:claim_cmp_698,claim_comparison,
compared_with,matched provenance identifier,claim:claim_rec_src_search_fd4c39b5e976_001_cases_confirmed,claim,claim_comparison:claim_cmp_698,claim_comparison,
compared_with,matched provenance identifier,claim:claim_rec_src_search_72af26a33522_001_cases_unspecified,claim,claim_comparison:claim_cmp_699,claim_comparison,
compared_with,matched provenance identifier,claim:claim_rec_src_search_fd4c39b5e976_002_deaths,claim,claim_comparison:claim_cmp_699,claim_comparison,
compared_with,matched provenance identifier,claim:claim_rec_src_search_72af26a33522_001_cases_unspecified,claim,claim_comparison:claim_cmp_700,claim_comparison,
compared_with,matched provenance identifier,claim:claim_rec_src_search_a9306f6e1687_001_observation,claim,claim_comparison:claim_cmp_700,claim_comparison,
compared_with,matched provenance identifier,claim:claim_rec_src_search_72af26a33522_001_cases_unspecified,claim,claim_comparison:claim_cmp_701,claim_comparison,
compared_with,matched provenance identifier,claim:claim_rec_src_search_5b7e6dfb326c_003_cases_unspecified,claim,claim_comparison:claim_cmp_701,claim_comparison,
compared_with,matched provenance identifier,claim:claim_rec_src_search_72af26a33522_001_cases_unspecified,claim,claim_comparison:claim_cmp_702,claim_comparison,
compared_with,matched provenance identifier,claim:claim_rec_src_search_5b7e6dfb326c_003_deaths,claim,claim_comparison:claim_cmp_702,claim_comparison,
compared_with,matched provenance identifier,claim:claim_rec_src_search_72af26a33522_001_cases_unspecified,claim,claim_comparison:claim_cmp_703,claim_comparison,
compared_with,matched provenance identifier,claim:claim_rec_src_search_5b7e6dfb326c_003_hospitalizations,claim,claim_comparison:claim_cmp_703,claim_comparison,
compared_with,matched provenance identifier,claim:claim_rec_src_search_72af26a33522_001_deaths,claim,claim_comparison:claim_cmp_704,claim_comparison,
compared_with,matched provenance identifier,claim:claim_rec_src_search_72af26a33522_002_deaths,claim,claim_comparison:claim_cmp_704,claim_comparison,
compared_with,matched provenance identifier,claim:claim_rec_src_search_72af26a33522_001_deaths,claim,claim_comparison:claim_cmp_705,claim_comparison,
compared_with,matched provenance identifier,claim:claim_rec_src_search_72af26a33522_003_hospitalizations,claim,claim_comparison:claim_cmp_705,claim_comparison,
compared_with,matched provenance identifier,claim:claim_rec_src_search_72af26a33522_001_deaths,claim,claim_comparison:claim_cmp_706,claim_comparison,
compared_with,matched provenance identifier,claim:claim_rec_src_search_b8ca758c1979_001_cases_confirmed,claim,claim_comparison:claim_cmp_706,claim_comparison,
compared_with,matched provenance identifier,claim:claim_rec_src_search_72af26a33522_001_deaths,claim,claim_comparison:claim_cmp_707,claim_comparison,
compared_with,matched provenance identifier,claim:claim_rec_src_search_b8ca758c1979_001_hospitalizations,claim,claim_comparison:claim_cmp_707,claim_comparison,
compared_with,matched provenance identifier,claim:claim_rec_src_search_72af26a33522_001_deaths,claim,claim_comparison:claim_cmp_708,claim_comparison,
compared_with,matched provenance identifier,claim:claim_rec_src_search_9d8411eba09d_003_cases_confirmed,claim,claim_comparison:claim_cmp_708,claim_comparison,
compared_with,matched provenance identifier,claim:claim_rec_src_search_72af26a33522_001_deaths,claim,claim_comparison:claim_cmp_709,claim_comparison,
compared_with,matched provenance identifier,claim:claim_rec_src_search_9d8411eba09d_003_deaths,claim,claim_comparison:claim_cmp_709,claim_comparison,
compared_with,matched provenance identifier,claim:claim_rec_src_search_72af26a33522_001_deaths,claim,claim_comparison:claim_cmp_710,claim_comparison,
compared_with,matched provenance identifier,claim:claim_rec_src_search_9d8411eba09d_003_hospitalizations,claim,claim_comparison:claim_cmp_710,claim_comparison,
compared_with,matched provenance identifier,claim:claim_rec_src_search_72af26a33522_001_deaths,claim,claim_comparison:claim_cmp_711,claim_comparison,
compared_with,matched provenance identifier,claim:claim_rec_src_search_9d8411eba09d_004_deaths,claim,claim_comparison:claim_cmp_711,claim_comparison,
compared_with,matched provenance identifier,claim:claim_rec_src_search_72af26a33522_001_deaths,claim,claim_comparison:claim_cmp_712,claim_comparison,
compared_with,matched provenance identifier,claim:claim_rec_src_search_9d8411eba09d_005_hospitalizations,claim,claim_comparison:claim_cmp_712,claim_comparison,
compared_with,matched provenance identifier,claim:claim_rec_src_search_72af26a33522_001_deaths,claim,claim_comparison:claim_cmp_713,claim_comparison,
compared_with,matched provenance identifier,claim:claim_rec_src_search_ee3c4e1dc1cd_003_cases_unspecified,claim,claim_comparison:claim_cmp_713,claim_comparison,
compared_with,matched provenance identifier,claim:claim_rec_src_search_72af26a33522_001_deaths,claim,claim_comparison:claim_cmp_714,claim_comparison,
compared_with,matched provenance identifier,claim:claim_rec_src_search_ee3c4e1dc1cd_003_deaths,claim,claim_comparison:claim_cmp_714,claim_comparison,
compared_with,matched provenance identifier,claim:claim_rec_src_search_72af26a33522_001_deaths,claim,claim_comparison:claim_cmp_715,claim_comparison,
compared_with,matched provenance identifier,claim:claim_rec_src_search_ee3c4e1dc1cd_004_deaths,claim,claim_comparison:claim_cmp_715,claim_comparison,
compared_with,matched provenance identifier,claim:claim_rec_src_search_72af26a33522_001_deaths,claim,claim_comparison:claim_cmp_716,claim_comparison,
compared_with,matched provenance identifier,claim:claim_rec_src_search_f72980cd3634_001_cases_unspecified,claim,claim_comparison:claim_cmp_716,claim_comparison,
compared_with,matched provenance identifier,claim:claim_rec_src_search_72af26a33522_001_deaths,claim,claim_comparison:claim_cmp_717,claim_comparison,
compared_with,matched provenance identifier,claim:claim_rec_src_search_f72980cd3634_001_deaths,claim,claim_comparison:claim_cmp_717,claim_comparison,
compared_with,matched provenance identifier,claim:claim_rec_src_search_72af26a33522_001_deaths,claim,claim_comparison:claim_cmp_718,claim_comparison,
compared_with,matched provenance identifier,claim:claim_rec_src_search_f72980cd3634_002_deaths,claim,claim_comparison:claim_cmp_718,claim_comparison,
compared_with,matched provenance identifier,claim:claim_rec_src_search_72af26a33522_001_deaths,claim,claim_comparison:claim_cmp_719,claim_comparison,
compared_with,matched provenance identifier,claim:claim_rec_src_search_b74bccc017c5_004_cases_confirmed,claim,claim_comparison:claim_cmp_719,claim_comparison,
compared_with,matched provenance identifier,claim:claim_rec_src_search_72af26a33522_001_deaths,claim,claim_comparison:claim_cmp_720,claim_comparison,
compared_with,matched provenance identifier,claim:claim_rec_src_search_b74bccc017c5_004_deaths,claim,claim_comparison:claim_cmp_720,claim_comparison,
compared_with,matched provenance identifier,claim:claim_rec_src_search_72af26a33522_001_deaths,claim,claim_comparison:claim_cmp_721,claim_comparison,
compared_with,matched provenance identifier,claim:claim_rec_src_search_b74bccc017c5_004_hospitalizations,claim,claim_comparison:claim_cmp_721,claim_comparison,
compared_with,matched provenance identifier,claim:claim_rec_src_search_72af26a33522_001_deaths,claim,claim_comparison:claim_cmp_722,claim_comparison,
compared_with,matched provenance identifier,claim:claim_rec_src_search_c72bcb75c75a_001_cases_unspecified,claim,claim_comparison:claim_cmp_722,claim_comparison,
compared_with,matched provenance identifier,claim:claim_rec_src_search_72af26a33522_001_deaths,claim,claim_comparison:claim_cmp_723,claim_comparison,
compared_with,matched provenance identifier,claim:claim_rec_src_search_c72bcb75c75a_001_deaths,claim,claim_comparison:claim_cmp_723,claim_comparison,
compared_with,matched provenance identifier,claim:claim_rec_src_search_72af26a33522_001_deaths,claim,claim_comparison:claim_cmp_724,claim_comparison,
compared_with,matched provenance identifier,claim:claim_rec_src_search_c72bcb75c75a_002_deaths,claim,claim_comparison:claim_cmp_724,claim_comparison,
compared_with,matched provenance identifier,claim:claim_rec_src_search_72af26a33522_001_deaths,claim,claim_comparison:claim_cmp_725,claim_comparison,
compared_with,matched provenance identifier,claim:claim_rec_src_search_fd4c39b5e976_001_cases_confirmed,claim,claim_comparison:claim_cmp_725,claim_comparison,
compared_with,matched provenance identifier,claim:claim_rec_src_search_72af26a33522_001_deaths,claim,claim_comparison:claim_cmp_726,claim_comparison,
compared_with,matched provenance identifier,claim:claim_rec_src_search_fd4c39b5e976_002_deaths,claim,claim_comparison:claim_cmp_726,claim_comparison,
compared_with,matched provenance identifier,claim:claim_rec_src_search_72af26a33522_001_deaths,claim,claim_comparison:claim_cmp_727,claim_comparison,
compared_with,matched provenance identifier,claim:claim_rec_src_search_a9306f6e1687_001_observation,claim,claim_comparison:claim_cmp_727,claim_comparison,
compared_with,matched provenance identifier,claim:claim_rec_src_search_72af26a33522_001_deaths,claim,claim_comparison:claim_cmp_728,claim_comparison,
compared_with,matched provenance identifier,claim:claim_rec_src_search_5b7e6dfb326c_003_cases_unspecified,claim,claim_comparison:claim_cmp_728,claim_comparison,
compared_with,matched provenance identifier,claim:claim_rec_src_search_72af26a33522_001_deaths,claim,claim_comparison:claim_cmp_729,claim_comparison,
compared_with,matched provenance identifier,claim:claim_rec_src_search_5b7e6dfb326c_003_deaths,claim,claim_comparison:claim_cmp_729,claim_comparison,
compared_with,matched provenance identifier,claim:claim_rec_src_search_72af26a33522_001_deaths,claim,claim_comparison:claim_cmp_730,claim_comparison,
compared_with,matched provenance identifier,claim:claim_rec_src_search_5b7e6dfb326c_003_hospitalizations,claim,claim_comparison:claim_cmp_730,claim_comparison,
compared_with,matched provenance identifier,claim:claim_rec_src_search_72af26a33522_002_deaths,claim,claim_comparison:claim_cmp_731,claim_comparison,
compared_with,matched provenance identifier,claim:claim_rec_src_search_72af26a33522_003_hospitalizations,claim,claim_comparison:claim_cmp_731,claim_comparison,
compared_with,matched provenance identifier,claim:claim_rec_src_search_72af26a33522_002_deaths,claim,claim_comparison:claim_cmp_732,claim_comparison,
compared_with,matched provenance identifier,claim:claim_rec_src_search_b8ca758c1979_001_cases_confirmed,claim,claim_comparison:claim_cmp_732,claim_comparison,
compared_with,matched provenance identifier,claim:claim_rec_src_search_72af26a33522_002_deaths,claim,claim_comparison:claim_cmp_733,claim_comparison,
compared_with,matched provenance identifier,claim:claim_rec_src_search_b8ca758c1979_001_hospitalizations,claim,claim_comparison:claim_cmp_733,claim_comparison,
compared_with,matched provenance identifier,claim:claim_rec_src_search_72af26a33522_002_deaths,claim,claim_comparison:claim_cmp_734,claim_comparison,
compared_with,matched provenance identifier,claim:claim_rec_src_search_9d8411eba09d_003_cases_confirmed,claim,claim_comparison:claim_cmp_734,claim_comparison,
compared_with,matched provenance identifier,claim:claim_rec_src_search_72af26a33522_002_deaths,claim,claim_comparison:claim_cmp_735,claim_comparison,
compared_with,matched provenance identifier,claim:claim_rec_src_search_9d8411eba09d_003_deaths,claim,claim_comparison:claim_cmp_735,claim_comparison,
compared_with,matched provenance identifier,claim:claim_rec_src_search_72af26a33522_002_deaths,claim,claim_comparison:claim_cmp_736,claim_comparison,
compared_with,matched provenance identifier,claim:claim_rec_src_search_9d8411eba09d_003_hospitalizations,claim,claim_comparison:claim_cmp_736,claim_comparison,
compared_with,matched provenance identifier,claim:claim_rec_src_search_72af26a33522_002_deaths,claim,claim_comparison:claim_cmp_737,claim_comparison,
compared_with,matched provenance identifier,claim:claim_rec_src_search_9d8411eba09d_004_deaths,claim,claim_comparison:claim_cmp_737,claim_comparison,
compared_with,matched provenance identifier,claim:claim_rec_src_search_72af26a33522_002_deaths,claim,claim_comparison:claim_cmp_738,claim_comparison,
compared_with,matched provenance identifier,claim:claim_rec_src_search_9d8411eba09d_005_hospitalizations,claim,claim_comparison:claim_cmp_738,claim_comparison,
compared_with,matched provenance identifier,claim:claim_rec_src_search_72af26a33522_002_deaths,claim,claim_comparison:claim_cmp_739,claim_comparison,
compared_with,matched provenance identifier,claim:claim_rec_src_search_ee3c4e1dc1cd_003_cases_unspecified,claim,claim_comparison:claim_cmp_739,claim_comparison,
compared_with,matched provenance identifier,claim:claim_rec_src_search_72af26a33522_002_deaths,claim,claim_comparison:claim_cmp_740,claim_comparison,
compared_with,matched provenance identifier,claim:claim_rec_src_search_ee3c4e1dc1cd_003_deaths,claim,claim_comparison:claim_cmp_740,claim_comparison,
compared_with,matched provenance identifier,claim:claim_rec_src_search_72af26a33522_002_deaths,claim,claim_comparison:claim_cmp_741,claim_comparison,
compared_with,matched provenance identifier,claim:claim_rec_src_search_ee3c4e1dc1cd_004_deaths,claim,claim_comparison:claim_cmp_741,claim_comparison,
compared_with,matched provenance identifier,claim:claim_rec_src_search_72af26a33522_002_deaths,claim,claim_comparison:claim_cmp_742,claim_comparison,
compared_with,matched provenance identifier,claim:claim_rec_src_search_f72980cd3634_001_cases_unspecified,claim,claim_comparison:claim_cmp_742,claim_comparison,
compared_with,matched provenance identifier,claim:claim_rec_src_search_72af26a33522_002_deaths,claim,claim_comparison:claim_cmp_743,claim_comparison,
compared_with,matched provenance identifier,claim:claim_rec_src_search_f72980cd3634_001_deaths,claim,claim_comparison:claim_cmp_743,claim_comparison,
compared_with,matched provenance identifier,claim:claim_rec_src_search_72af26a33522_002_deaths,claim,claim_comparison:claim_cmp_744,claim_comparison,
compared_with,matched provenance identifier,claim:claim_rec_src_search_f72980cd3634_002_deaths,claim,claim_comparison:claim_cmp_744,claim_comparison,
compared_with,matched provenance identifier,claim:claim_rec_src_search_72af26a33522_002_deaths,claim,claim_comparison:claim_cmp_745,claim_comparison,
compared_with,matched provenance identifier,claim:claim_rec_src_search_b74bccc017c5_004_cases_confirmed,claim,claim_comparison:claim_cmp_745,claim_comparison,
compared_with,matched provenance identifier,claim:claim_rec_src_search_72af26a33522_002_deaths,claim,claim_comparison:claim_cmp_746,claim_comparison,
compared_with,matched provenance identifier,claim:claim_rec_src_search_b74bccc017c5_004_deaths,claim,claim_comparison:claim_cmp_746,claim_comparison,
compared_with,matched provenance identifier,claim:claim_rec_src_search_72af26a33522_002_deaths,claim,claim_comparison:claim_cmp_747,claim_comparison,
compared_with,matched provenance identifier,claim:claim_rec_src_search_b74bccc017c5_004_hospitalizations,claim,claim_comparison:claim_cmp_747,claim_comparison,
compared_with,matched provenance identifier,claim:claim_rec_src_search_72af26a33522_002_deaths,claim,claim_comparison:claim_cmp_748,claim_comparison,
compared_with,matched provenance identifier,claim:claim_rec_src_search_c72bcb75c75a_001_cases_unspecified,claim,claim_comparison:claim_cmp_748,claim_comparison,
compared_with,matched provenance identifier,claim:claim_rec_src_search_72af26a33522_002_deaths,claim,claim_comparison:claim_cmp_749,claim_comparison,
compared_with,matched provenance identifier,claim:claim_rec_src_search_c72bcb75c75a_001_deaths,claim,claim_comparison:claim_cmp_749,claim_comparison,
compared_with,matched provenance identifier,claim:claim_rec_src_search_72af26a33522_002_deaths,claim,claim_comparison:claim_cmp_750,claim_comparison,
compared_with,matched provenance identifier,claim:claim_rec_src_search_c72bcb75c75a_002_deaths,claim,claim_comparison:claim_cmp_750,claim_comparison,
compared_with,matched provenance identifier,claim:claim_rec_src_search_72af26a33522_002_deaths,claim,claim_comparison:claim_cmp_751,claim_comparison,
compared_with,matched provenance identifier,claim:claim_rec_src_search_fd4c39b5e976_001_cases_confirmed,claim,claim_comparison:claim_cmp_751,claim_comparison,
compared_with,matched provenance identifier,claim:claim_rec_src_search_72af26a33522_002_deaths,claim,claim_comparison:claim_cmp_752,claim_comparison,
compared_with,matched provenance identifier,claim:claim_rec_src_search_fd4c39b5e976_002_deaths,claim,claim_comparison:claim_cmp_752,claim_comparison,
compared_with,matched provenance identifier,claim:claim_rec_src_search_72af26a33522_002_deaths,claim,claim_comparison:claim_cmp_753,claim_comparison,
compared_with,matched provenance identifier,claim:claim_rec_src_search_a9306f6e1687_001_observation,claim,claim_comparison:claim_cmp_753,claim_comparison,
compared_with,matched provenance identifier,claim:claim_rec_src_search_72af26a33522_002_deaths,claim,claim_comparison:claim_cmp_754,claim_comparison,
compared_with,matched provenance identifier,claim:claim_rec_src_search_5b7e6dfb326c_003_cases_unspecified,claim,claim_comparison:claim_cmp_754,claim_comparison,
compared_with,matched provenance identifier,claim:claim_rec_src_search_72af26a33522_002_deaths,claim,claim_comparison:claim_cmp_755,claim_comparison,
compared_with,matched provenance identifier,claim:claim_rec_src_search_5b7e6dfb326c_003_deaths,claim,claim_comparison:claim_cmp_755,claim_comparison,
compared_with,matched provenance identifier,claim:claim_rec_src_search_72af26a33522_002_deaths,claim,claim_comparison:claim_cmp_756,claim_comparison,
compared_with,matched provenance identifier,claim:claim_rec_src_search_5b7e6dfb326c_003_hospitalizations,claim,claim_comparison:claim_cmp_756,claim_comparison,
compared_with,matched provenance identifier,claim:claim_rec_src_search_72af26a33522_003_hospitalizations,claim,claim_comparison:claim_cmp_757,claim_comparison,
compared_with,matched provenance identifier,claim:claim_rec_src_search_b8ca758c1979_001_cases_confirmed,claim,claim_comparison:claim_cmp_757,claim_comparison,
compared_with,matched provenance identifier,claim:claim_rec_src_search_72af26a33522_003_hospitalizations,claim,claim_comparison:claim_cmp_758,claim_comparison,
compared_with,matched provenance identifier,claim:claim_rec_src_search_b8ca758c1979_001_hospitalizations,claim,claim_comparison:claim_cmp_758,claim_comparison,
compared_with,matched provenance identifier,claim:claim_rec_src_search_72af26a33522_003_hospitalizations,claim,claim_comparison:claim_cmp_759,claim_comparison,
compared_with,matched provenance identifier,claim:claim_rec_src_search_9d8411eba09d_003_cases_confirmed,claim,claim_comparison:claim_cmp_759,claim_comparison,
compared_with,matched provenance identifier,claim:claim_rec_src_search_72af26a33522_003_hospitalizations,claim,claim_comparison:claim_cmp_760,claim_comparison,
compared_with,matched provenance identifier,claim:claim_rec_src_search_9d8411eba09d_003_deaths,claim,claim_comparison:claim_cmp_760,claim_comparison,
compared_with,matched provenance identifier,claim:claim_rec_src_search_72af26a33522_003_hospitalizations,claim,claim_comparison:claim_cmp_761,claim_comparison,
compared_with,matched provenance identifier,claim:claim_rec_src_search_9d8411eba09d_003_hospitalizations,claim,claim_comparison:claim_cmp_761,claim_comparison,
compared_with,matched provenance identifier,claim:claim_rec_src_search_72af26a33522_003_hospitalizations,claim,claim_comparison:claim_cmp_762,claim_comparison,
compared_with,matched provenance identifier,claim:claim_rec_src_search_9d8411eba09d_004_deaths,claim,claim_comparison:claim_cmp_762,claim_comparison,
compared_with,matched provenance identifier,claim:claim_rec_src_search_72af26a33522_003_hospitalizations,claim,claim_comparison:claim_cmp_763,claim_comparison,
compared_with,matched provenance identifier,claim:claim_rec_src_search_9d8411eba09d_005_hospitalizations,claim,claim_comparison:claim_cmp_763,claim_comparison,
compared_with,matched provenance identifier,claim:claim_rec_src_search_72af26a33522_003_hospitalizations,claim,claim_comparison:claim_cmp_764,claim_comparison,
compared_with,matched provenance identifier,claim:claim_rec_src_search_ee3c4e1dc1cd_003_cases_unspecified,claim,claim_comparison:claim_cmp_764,claim_comparison,
compared_with,matched provenance identifier,claim:claim_rec_src_search_72af26a33522_003_hospitalizations,claim,claim_comparison:claim_cmp_765,claim_comparison,
compared_with,matched provenance identifier,claim:claim_rec_src_search_ee3c4e1dc1cd_003_deaths,claim,claim_comparison:claim_cmp_765,claim_comparison,
compared_with,matched provenance identifier,claim:claim_rec_src_search_72af26a33522_003_hospitalizations,claim,claim_comparison:claim_cmp_766,claim_comparison,
compared_with,matched provenance identifier,claim:claim_rec_src_search_ee3c4e1dc1cd_004_deaths,claim,claim_comparison:claim_cmp_766,claim_comparison,
compared_with,matched provenance identifier,claim:claim_rec_src_search_72af26a33522_003_hospitalizations,claim,claim_comparison:claim_cmp_767,claim_comparison,
compared_with,matched provenance identifier,claim:claim_rec_src_search_f72980cd3634_001_cases_unspecified,claim,claim_comparison:claim_cmp_767,claim_comparison,
compared_with,matched provenance identifier,claim:claim_rec_src_search_72af26a33522_003_hospitalizations,claim,claim_comparison:claim_cmp_768,claim_comparison,
compared_with,matched provenance identifier,claim:claim_rec_src_search_f72980cd3634_001_deaths,claim,claim_comparison:claim_cmp_768,claim_comparison,
compared_with,matched provenance identifier,claim:claim_rec_src_search_72af26a33522_003_hospitalizations,claim,claim_comparison:claim_cmp_769,claim_comparison,
compared_with,matched provenance identifier,claim:claim_rec_src_search_f72980cd3634_002_deaths,claim,claim_comparison:claim_cmp_769,claim_comparison,
compared_with,matched provenance identifier,claim:claim_rec_src_search_72af26a33522_003_hospitalizations,claim,claim_comparison:claim_cmp_770,claim_comparison,
compared_with,matched provenance identifier,claim:claim_rec_src_search_b74bccc017c5_004_cases_confirmed,claim,claim_comparison:claim_cmp_770,claim_comparison,
compared_with,matched provenance identifier,claim:claim_rec_src_search_72af26a33522_003_hospitalizations,claim,claim_comparison:claim_cmp_771,claim_comparison,
compared_with,matched provenance identifier,claim:claim_rec_src_search_b74bccc017c5_004_deaths,claim,claim_comparison:claim_cmp_771,claim_comparison,
compared_with,matched provenance identifier,claim:claim_rec_src_search_72af26a33522_003_hospitalizations,claim,claim_comparison:claim_cmp_772,claim_comparison,
compared_with,matched provenance identifier,claim:claim_rec_src_search_b74bccc017c5_004_hospitalizations,claim,claim_comparison:claim_cmp_772,claim_comparison,
compared_with,matched provenance identifier,claim:claim_rec_src_search_72af26a33522_003_hospitalizations,claim,claim_comparison:claim_cmp_773,claim_comparison,
compared_with,matched provenance identifier,claim:claim_rec_src_search_c72bcb75c75a_001_cases_unspecified,claim,claim_comparison:claim_cmp_773,claim_comparison,
compared_with,matched provenance identifier,claim:claim_rec_src_search_72af26a33522_003_hospitalizations,claim,claim_comparison:claim_cmp_774,claim_comparison,
compared_with,matched provenance identifier,claim:claim_rec_src_search_c72bcb75c75a_001_deaths,claim,claim_comparison:claim_cmp_774,claim_comparison,
compared_with,matched provenance identifier,claim:claim_rec_src_search_72af26a33522_003_hospitalizations,claim,claim_comparison:claim_cmp_775,claim_comparison,
compared_with,matched provenance identifier,claim:claim_rec_src_search_c72bcb75c75a_002_deaths,claim,claim_comparison:claim_cmp_775,claim_comparison,
compared_with,matched provenance identifier,claim:claim_rec_src_search_72af26a33522_003_hospitalizations,claim,claim_comparison:claim_cmp_776,claim_comparison,
compared_with,matched provenance identifier,claim:claim_rec_src_search_fd4c39b5e976_001_cases_confirmed,claim,claim_comparison:claim_cmp_776,claim_comparison,
compared_with,matched provenance identifier,claim:claim_rec_src_search_72af26a33522_003_hospitalizations,claim,claim_comparison:claim_cmp_777,claim_comparison,
compared_with,matched provenance identifier,claim:claim_rec_src_search_fd4c39b5e976_002_deaths,claim,claim_comparison:claim_cmp_777,claim_comparison,
compared_with,matched provenance identifier,claim:claim_rec_src_search_72af26a33522_003_hospitalizations,claim,claim_comparison:claim_cmp_778,claim_comparison,
compared_with,matched provenance identifier,claim:claim_rec_src_search_a9306f6e1687_001_observation,claim,claim_comparison:claim_cmp_778,claim_comparison,
compared_with,matched provenance identifier,claim:claim_rec_src_search_72af26a33522_003_hospitalizations,claim,claim_comparison:claim_cmp_779,claim_comparison,
compared_with,matched provenance identifier,claim:claim_rec_src_search_5b7e6dfb326c_003_cases_unspecified,claim,claim_comparison:claim_cmp_779,claim_comparison,
compared_with,matched provenance identifier,claim:claim_rec_src_search_72af26a33522_003_hospitalizations,claim,claim_comparison:claim_cmp_780,claim_comparison,
compared_with,matched provenance identifier,claim:claim_rec_src_search_5b7e6dfb326c_003_deaths,claim,claim_comparison:claim_cmp_780,claim_comparison,
compared_with,matched provenance identifier,claim:claim_rec_src_search_72af26a33522_003_hospitalizations,claim,claim_comparison:claim_cmp_781,claim_comparison,
compared_with,matched provenance identifier,claim:claim_rec_src_search_5b7e6dfb326c_003_hospitalizations,claim,claim_comparison:claim_cmp_781,claim_comparison,
compared_with,matched provenance identifier,claim:claim_rec_src_search_b8ca758c1979_001_cases_confirmed,claim,claim_comparison:claim_cmp_782,claim_comparison,
compared_with,matched provenance identifier,claim:claim_rec_src_search_b8ca758c1979_001_hospitalizations,claim,claim_comparison:claim_cmp_782,claim_comparison,
compared_with,matched provenance identifier,claim:claim_rec_src_search_b8ca758c1979_001_cases_confirmed,claim,claim_comparison:claim_cmp_783,claim_comparison,
compared_with,matched provenance identifier,claim:claim_rec_src_search_9d8411eba09d_003_cases_confirmed,claim,claim_comparison:claim_cmp_783,claim_comparison,
compared_with,matched provenance identifier,claim:claim_rec_src_search_b8ca758c1979_001_cases_confirmed,claim,claim_comparison:claim_cmp_784,claim_comparison,
compared_with,matched provenance identifier,claim:claim_rec_src_search_9d8411eba09d_003_deaths,claim,claim_comparison:claim_cmp_784,claim_comparison,
compared_with,matched provenance identifier,claim:claim_rec_src_search_b8ca758c1979_001_cases_confirmed,claim,claim_comparison:claim_cmp_785,claim_comparison,
compared_with,matched provenance identifier,claim:claim_rec_src_search_9d8411eba09d_003_hospitalizations,claim,claim_comparison:claim_cmp_785,claim_comparison,
compared_with,matched provenance identifier,claim:claim_rec_src_search_b8ca758c1979_001_cases_confirmed,claim,claim_comparison:claim_cmp_786,claim_comparison,
compared_with,matched provenance identifier,claim:claim_rec_src_search_9d8411eba09d_004_deaths,claim,claim_comparison:claim_cmp_786,claim_comparison,
compared_with,matched provenance identifier,claim:claim_rec_src_search_b8ca758c1979_001_cases_confirmed,claim,claim_comparison:claim_cmp_787,claim_comparison,
compared_with,matched provenance identifier,claim:claim_rec_src_search_9d8411eba09d_005_hospitalizations,claim,claim_comparison:claim_cmp_787,claim_comparison,
compared_with,matched provenance identifier,claim:claim_rec_src_search_b8ca758c1979_001_cases_confirmed,claim,claim_comparison:claim_cmp_788,claim_comparison,
compared_with,matched provenance identifier,claim:claim_rec_src_search_ee3c4e1dc1cd_003_cases_unspecified,claim,claim_comparison:claim_cmp_788,claim_comparison,
compared_with,matched provenance identifier,claim:claim_rec_src_search_b8ca758c1979_001_cases_confirmed,claim,claim_comparison:claim_cmp_789,claim_comparison,
compared_with,matched provenance identifier,claim:claim_rec_src_search_ee3c4e1dc1cd_003_deaths,claim,claim_comparison:claim_cmp_789,claim_comparison,
compared_with,matched provenance identifier,claim:claim_rec_src_search_b8ca758c1979_001_cases_confirmed,claim,claim_comparison:claim_cmp_790,claim_comparison,
compared_with,matched provenance identifier,claim:claim_rec_src_search_ee3c4e1dc1cd_004_deaths,claim,claim_comparison:claim_cmp_790,claim_comparison,
compared_with,matched provenance identifier,claim:claim_rec_src_search_b8ca758c1979_001_cases_confirmed,claim,claim_comparison:claim_cmp_791,claim_comparison,
compared_with,matched provenance identifier,claim:claim_rec_src_search_f72980cd3634_001_cases_unspecified,claim,claim_comparison:claim_cmp_791,claim_comparison,
compared_with,matched provenance identifier,claim:claim_rec_src_search_b8ca758c1979_001_cases_confirmed,claim,claim_comparison:claim_cmp_792,claim_comparison,
compared_with,matched provenance identifier,claim:claim_rec_src_search_f72980cd3634_001_deaths,claim,claim_comparison:claim_cmp_792,claim_comparison,
compared_with,matched provenance identifier,claim:claim_rec_src_search_b8ca758c1979_001_cases_confirmed,claim,claim_comparison:claim_cmp_793,claim_comparison,
compared_with,matched provenance identifier,claim:claim_rec_src_search_f72980cd3634_002_deaths,claim,claim_comparison:claim_cmp_793,claim_comparison,
compared_with,matched provenance identifier,claim:claim_rec_src_search_b8ca758c1979_001_cases_confirmed,claim,claim_comparison:claim_cmp_794,claim_comparison,
compared_with,matched provenance identifier,claim:claim_rec_src_search_b74bccc017c5_004_cases_confirmed,claim,claim_comparison:claim_cmp_794,claim_comparison,
compared_with,matched provenance identifier,claim:claim_rec_src_search_b8ca758c1979_001_cases_confirmed,claim,claim_comparison:claim_cmp_795,claim_comparison,
compared_with,matched provenance identifier,claim:claim_rec_src_search_b74bccc017c5_004_deaths,claim,claim_comparison:claim_cmp_795,claim_comparison,
compared_with,matched provenance identifier,claim:claim_rec_src_search_b8ca758c1979_001_cases_confirmed,claim,claim_comparison:claim_cmp_796,claim_comparison,
compared_with,matched provenance identifier,claim:claim_rec_src_search_b74bccc017c5_004_hospitalizations,claim,claim_comparison:claim_cmp_796,claim_comparison,
compared_with,matched provenance identifier,claim:claim_rec_src_search_b8ca758c1979_001_cases_confirmed,claim,claim_comparison:claim_cmp_797,claim_comparison,
compared_with,matched provenance identifier,claim:claim_rec_src_search_c72bcb75c75a_001_cases_unspecified,claim,claim_comparison:claim_cmp_797,claim_comparison,
compared_with,matched provenance identifier,claim:claim_rec_src_search_b8ca758c1979_001_cases_confirmed,claim,claim_comparison:claim_cmp_798,claim_comparison,
compared_with,matched provenance identifier,claim:claim_rec_src_search_c72bcb75c75a_001_deaths,claim,claim_comparison:claim_cmp_798,claim_comparison,
compared_with,matched provenance identifier,claim:claim_rec_src_search_b8ca758c1979_001_cases_confirmed,claim,claim_comparison:claim_cmp_799,claim_comparison,
compared_with,matched provenance identifier,claim:claim_rec_src_search_c72bcb75c75a_002_deaths,claim,claim_comparison:claim_cmp_799,claim_comparison,
compared_with,matched provenance identifier,claim:claim_rec_src_search_b8ca758c1979_001_cases_confirmed,claim,claim_comparison:claim_cmp_800,claim_comparison,
compared_with,matched provenance identifier,claim:claim_rec_src_search_fd4c39b5e976_001_cases_confirmed,claim,claim_comparison:claim_cmp_800,claim_comparison,
compared_with,matched provenance identifier,claim:claim_rec_src_search_b8ca758c1979_001_cases_confirmed,claim,claim_comparison:claim_cmp_801,claim_comparison,
compared_with,matched provenance identifier,claim:claim_rec_src_search_fd4c39b5e976_002_deaths,claim,claim_comparison:claim_cmp_801,claim_comparison,
compared_with,matched provenance identifier,claim:claim_rec_src_search_b8ca758c1979_001_cases_confirmed,claim,claim_comparison:claim_cmp_802,claim_comparison,
compared_with,matched provenance identifier,claim:claim_rec_src_search_a9306f6e1687_001_observation,claim,claim_comparison:claim_cmp_802,claim_comparison,
compared_with,matched provenance identifier,claim:claim_rec_src_search_b8ca758c1979_001_cases_confirmed,claim,claim_comparison:claim_cmp_803,claim_comparison,
compared_with,matched provenance identifier,claim:claim_rec_src_search_5b7e6dfb326c_003_cases_unspecified,claim,claim_comparison:claim_cmp_803,claim_comparison,
compared_with,matched provenance identifier,claim:claim_rec_src_search_b8ca758c1979_001_cases_confirmed,claim,claim_comparison:claim_cmp_804,claim_comparison,
compared_with,matched provenance identifier,claim:claim_rec_src_search_5b7e6dfb326c_003_deaths,claim,claim_comparison:claim_cmp_804,claim_comparison,
compared_with,matched provenance identifier,claim:claim_rec_src_search_b8ca758c1979_001_cases_confirmed,claim,claim_comparison:claim_cmp_805,claim_comparison,
compared_with,matched provenance identifier,claim:claim_rec_src_search_5b7e6dfb326c_003_hospitalizations,claim,claim_comparison:claim_cmp_805,claim_comparison,
compared_with,matched provenance identifier,claim:claim_rec_src_search_b8ca758c1979_001_hospitalizations,claim,claim_comparison:claim_cmp_806,claim_comparison,
compared_with,matched provenance identifier,claim:claim_rec_src_search_9d8411eba09d_003_cases_confirmed,claim,claim_comparison:claim_cmp_806,claim_comparison,
compared_with,matched provenance identifier,claim:claim_rec_src_search_b8ca758c1979_001_hospitalizations,claim,claim_comparison:claim_cmp_807,claim_comparison,
compared_with,matched provenance identifier,claim:claim_rec_src_search_9d8411eba09d_003_deaths,claim,claim_comparison:claim_cmp_807,claim_comparison,
compared_with,matched provenance identifier,claim:claim_rec_src_search_b8ca758c1979_001_hospitalizations,claim,claim_comparison:claim_cmp_808,claim_comparison,
compared_with,matched provenance identifier,claim:claim_rec_src_search_9d8411eba09d_003_hospitalizations,claim,claim_comparison:claim_cmp_808,claim_comparison,
compared_with,matched provenance identifier,claim:claim_rec_src_search_b8ca758c1979_001_hospitalizations,claim,claim_comparison:claim_cmp_809,claim_comparison,
compared_with,matched provenance identifier,claim:claim_rec_src_search_9d8411eba09d_004_deaths,claim,claim_comparison:claim_cmp_809,claim_comparison,
compared_with,matched provenance identifier,claim:claim_rec_src_search_b8ca758c1979_001_hospitalizations,claim,claim_comparison:claim_cmp_810,claim_comparison,
compared_with,matched provenance identifier,claim:claim_rec_src_search_9d8411eba09d_005_hospitalizations,claim,claim_comparison:claim_cmp_810,claim_comparison,
compared_with,matched provenance identifier,claim:claim_rec_src_search_b8ca758c1979_001_hospitalizations,claim,claim_comparison:claim_cmp_811,claim_comparison,
compared_with,matched provenance identifier,claim:claim_rec_src_search_ee3c4e1dc1cd_003_cases_unspecified,claim,claim_comparison:claim_cmp_811,claim_comparison,
compared_with,matched provenance identifier,claim:claim_rec_src_search_b8ca758c1979_001_hospitalizations,claim,claim_comparison:claim_cmp_812,claim_comparison,
compared_with,matched provenance identifier,claim:claim_rec_src_search_ee3c4e1dc1cd_003_deaths,claim,claim_comparison:claim_cmp_812,claim_comparison,
compared_with,matched provenance identifier,claim:claim_rec_src_search_b8ca758c1979_001_hospitalizations,claim,claim_comparison:claim_cmp_813,claim_comparison,
compared_with,matched provenance identifier,claim:claim_rec_src_search_ee3c4e1dc1cd_004_deaths,claim,claim_comparison:claim_cmp_813,claim_comparison,
compared_with,matched provenance identifier,claim:claim_rec_src_search_b8ca758c1979_001_hospitalizations,claim,claim_comparison:claim_cmp_814,claim_comparison,
compared_with,matched provenance identifier,claim:claim_rec_src_search_f72980cd3634_001_cases_unspecified,claim,claim_comparison:claim_cmp_814,claim_comparison,
compared_with,matched provenance identifier,claim:claim_rec_src_search_b8ca758c1979_001_hospitalizations,claim,claim_comparison:claim_cmp_815,claim_comparison,
compared_with,matched provenance identifier,claim:claim_rec_src_search_f72980cd3634_001_deaths,claim,claim_comparison:claim_cmp_815,claim_comparison,
compared_with,matched provenance identifier,claim:claim_rec_src_search_b8ca758c1979_001_hospitalizations,claim,claim_comparison:claim_cmp_816,claim_comparison,
compared_with,matched provenance identifier,claim:claim_rec_src_search_f72980cd3634_002_deaths,claim,claim_comparison:claim_cmp_816,claim_comparison,
compared_with,matched provenance identifier,claim:claim_rec_src_search_b8ca758c1979_001_hospitalizations,claim,claim_comparison:claim_cmp_817,claim_comparison,
compared_with,matched provenance identifier,claim:claim_rec_src_search_b74bccc017c5_004_cases_confirmed,claim,claim_comparison:claim_cmp_817,claim_comparison,
compared_with,matched provenance identifier,claim:claim_rec_src_search_b8ca758c1979_001_hospitalizations,claim,claim_comparison:claim_cmp_818,claim_comparison,
compared_with,matched provenance identifier,claim:claim_rec_src_search_b74bccc017c5_004_deaths,claim,claim_comparison:claim_cmp_818,claim_comparison,
compared_with,matched provenance identifier,claim:claim_rec_src_search_b8ca758c1979_001_hospitalizations,claim,claim_comparison:claim_cmp_819,claim_comparison,
compared_with,matched provenance identifier,claim:claim_rec_src_search_b74bccc017c5_004_hospitalizations,claim,claim_comparison:claim_cmp_819,claim_comparison,
compared_with,matched provenance identifier,claim:claim_rec_src_search_b8ca758c1979_001_hospitalizations,claim,claim_comparison:claim_cmp_820,claim_comparison,
compared_with,matched provenance identifier,claim:claim_rec_src_search_c72bcb75c75a_001_cases_unspecified,claim,claim_comparison:claim_cmp_820,claim_comparison,
compared_with,matched provenance identifier,claim:claim_rec_src_search_b8ca758c1979_001_hospitalizations,claim,claim_comparison:claim_cmp_821,claim_comparison,
compared_with,matched provenance identifier,claim:claim_rec_src_search_c72bcb75c75a_001_deaths,claim,claim_comparison:claim_cmp_821,claim_comparison,
compared_with,matched provenance identifier,claim:claim_rec_src_search_b8ca758c1979_001_hospitalizations,claim,claim_comparison:claim_cmp_822,claim_comparison,
compared_with,matched provenance identifier,claim:claim_rec_src_search_c72bcb75c75a_002_deaths,claim,claim_comparison:claim_cmp_822,claim_comparison,
compared_with,matched provenance identifier,claim:claim_rec_src_search_b8ca758c1979_001_hospitalizations,claim,claim_comparison:claim_cmp_823,claim_comparison,
compared_with,matched provenance identifier,claim:claim_rec_src_search_fd4c39b5e976_001_cases_confirmed,claim,claim_comparison:claim_cmp_823,claim_comparison,
compared_with,matched provenance identifier,claim:claim_rec_src_search_b8ca758c1979_001_hospitalizations,claim,claim_comparison:claim_cmp_824,claim_comparison,
compared_with,matched provenance identifier,claim:claim_rec_src_search_fd4c39b5e976_002_deaths,claim,claim_comparison:claim_cmp_824,claim_comparison,
compared_with,matched provenance identifier,claim:claim_rec_src_search_b8ca758c1979_001_hospitalizations,claim,claim_comparison:claim_cmp_825,claim_comparison,
compared_with,matched provenance identifier,claim:claim_rec_src_search_a9306f6e1687_001_observation,claim,claim_comparison:claim_cmp_825,claim_comparison,
compared_with,matched provenance identifier,claim:claim_rec_src_search_b8ca758c1979_001_hospitalizations,claim,claim_comparison:claim_cmp_826,claim_comparison,
compared_with,matched provenance identifier,claim:claim_rec_src_search_5b7e6dfb326c_003_cases_unspecified,claim,claim_comparison:claim_cmp_826,claim_comparison,
compared_with,matched provenance identifier,claim:claim_rec_src_search_b8ca758c1979_001_hospitalizations,claim,claim_comparison:claim_cmp_827,claim_comparison,
compared_with,matched provenance identifier,claim:claim_rec_src_search_5b7e6dfb326c_003_deaths,claim,claim_comparison:claim_cmp_827,claim_comparison,
compared_with,matched provenance identifier,claim:claim_rec_src_search_b8ca758c1979_001_hospitalizations,claim,claim_comparison:claim_cmp_828,claim_comparison,
compared_with,matched provenance identifier,claim:claim_rec_src_search_5b7e6dfb326c_003_hospitalizations,claim,claim_comparison:claim_cmp_828,claim_comparison,
compared_with,matched provenance identifier,claim:claim_rec_src_search_9d8411eba09d_003_cases_confirmed,claim,claim_comparison:claim_cmp_829,claim_comparison,
compared_with,matched provenance identifier,claim:claim_rec_src_search_9d8411eba09d_003_deaths,claim,claim_comparison:claim_cmp_829,claim_comparison,
compared_with,matched provenance identifier,claim:claim_rec_src_search_9d8411eba09d_003_cases_confirmed,claim,claim_comparison:claim_cmp_830,claim_comparison,
compared_with,matched provenance identifier,claim:claim_rec_src_search_9d8411eba09d_003_hospitalizations,claim,claim_comparison:claim_cmp_830,claim_comparison,
compared_with,matched provenance identifier,claim:claim_rec_src_search_9d8411eba09d_003_cases_confirmed,claim,claim_comparison:claim_cmp_831,claim_comparison,
compared_with,matched provenance identifier,claim:claim_rec_src_search_9d8411eba09d_004_deaths,claim,claim_comparison:claim_cmp_831,claim_comparison,
compared_with,matched provenance identifier,claim:claim_rec_src_search_9d8411eba09d_003_cases_confirmed,claim,claim_comparison:claim_cmp_832,claim_comparison,
compared_with,matched provenance identifier,claim:claim_rec_src_search_9d8411eba09d_005_hospitalizations,claim,claim_comparison:claim_cmp_832,claim_comparison,
compared_with,matched provenance identifier,claim:claim_rec_src_search_9d8411eba09d_003_cases_confirmed,claim,claim_comparison:claim_cmp_833,claim_comparison,
compared_with,matched provenance identifier,claim:claim_rec_src_search_ee3c4e1dc1cd_003_cases_unspecified,claim,claim_comparison:claim_cmp_833,claim_comparison,
compared_with,matched provenance identifier,claim:claim_rec_src_search_9d8411eba09d_003_cases_confirmed,claim,claim_comparison:claim_cmp_834,claim_comparison,
compared_with,matched provenance identifier,claim:claim_rec_src_search_ee3c4e1dc1cd_003_deaths,claim,claim_comparison:claim_cmp_834,claim_comparison,
compared_with,matched provenance identifier,claim:claim_rec_src_search_9d8411eba09d_003_cases_confirmed,claim,claim_comparison:claim_cmp_835,claim_comparison,
compared_with,matched provenance identifier,claim:claim_rec_src_search_ee3c4e1dc1cd_004_deaths,claim,claim_comparison:claim_cmp_835,claim_comparison,
compared_with,matched provenance identifier,claim:claim_rec_src_search_9d8411eba09d_003_cases_confirmed,claim,claim_comparison:claim_cmp_836,claim_comparison,
compared_with,matched provenance identifier,claim:claim_rec_src_search_f72980cd3634_001_cases_unspecified,claim,claim_comparison:claim_cmp_836,claim_comparison,
compared_with,matched provenance identifier,claim:claim_rec_src_search_9d8411eba09d_003_cases_confirmed,claim,claim_comparison:claim_cmp_837,claim_comparison,
compared_with,matched provenance identifier,claim:claim_rec_src_search_f72980cd3634_001_deaths,claim,claim_comparison:claim_cmp_837,claim_comparison,
compared_with,matched provenance identifier,claim:claim_rec_src_search_9d8411eba09d_003_cases_confirmed,claim,claim_comparison:claim_cmp_838,claim_comparison,
compared_with,matched provenance identifier,claim:claim_rec_src_search_f72980cd3634_002_deaths,claim,claim_comparison:claim_cmp_838,claim_comparison,
compared_with,matched provenance identifier,claim:claim_rec_src_search_9d8411eba09d_003_cases_confirmed,claim,claim_comparison:claim_cmp_839,claim_comparison,
compared_with,matched provenance identifier,claim:claim_rec_src_search_b74bccc017c5_004_cases_confirmed,claim,claim_comparison:claim_cmp_839,claim_comparison,
compared_with,matched provenance identifier,claim:claim_rec_src_search_9d8411eba09d_003_cases_confirmed,claim,claim_comparison:claim_cmp_840,claim_comparison,
compared_with,matched provenance identifier,claim:claim_rec_src_search_b74bccc017c5_004_deaths,claim,claim_comparison:claim_cmp_840,claim_comparison,
compared_with,matched provenance identifier,claim:claim_rec_src_search_9d8411eba09d_003_cases_confirmed,claim,claim_comparison:claim_cmp_841,claim_comparison,
compared_with,matched provenance identifier,claim:claim_rec_src_search_b74bccc017c5_004_hospitalizations,claim,claim_comparison:claim_cmp_841,claim_comparison,
compared_with,matched provenance identifier,claim:claim_rec_src_search_9d8411eba09d_003_cases_confirmed,claim,claim_comparison:claim_cmp_842,claim_comparison,
compared_with,matched provenance identifier,claim:claim_rec_src_search_c72bcb75c75a_001_cases_unspecified,claim,claim_comparison:claim_cmp_842,claim_comparison,
compared_with,matched provenance identifier,claim:claim_rec_src_search_9d8411eba09d_003_cases_confirmed,claim,claim_comparison:claim_cmp_843,claim_comparison,
compared_with,matched provenance identifier,claim:claim_rec_src_search_c72bcb75c75a_001_deaths,claim,claim_comparison:claim_cmp_843,claim_comparison,
compared_with,matched provenance identifier,claim:claim_rec_src_search_9d8411eba09d_003_cases_confirmed,claim,claim_comparison:claim_cmp_844,claim_comparison,
compared_with,matched provenance identifier,claim:claim_rec_src_search_c72bcb75c75a_002_deaths,claim,claim_comparison:claim_cmp_844,claim_comparison,
compared_with,matched provenance identifier,claim:claim_rec_src_search_9d8411eba09d_003_cases_confirmed,claim,claim_comparison:claim_cmp_845,claim_comparison,
compared_with,matched provenance identifier,claim:claim_rec_src_search_fd4c39b5e976_001_cases_confirmed,claim,claim_comparison:claim_cmp_845,claim_comparison,
compared_with,matched provenance identifier,claim:claim_rec_src_search_9d8411eba09d_003_cases_confirmed,claim,claim_comparison:claim_cmp_846,claim_comparison,
compared_with,matched provenance identifier,claim:claim_rec_src_search_fd4c39b5e976_002_deaths,claim,claim_comparison:claim_cmp_846,claim_comparison,
compared_with,matched provenance identifier,claim:claim_rec_src_search_9d8411eba09d_003_cases_confirmed,claim,claim_comparison:claim_cmp_847,claim_comparison,
compared_with,matched provenance identifier,claim:claim_rec_src_search_a9306f6e1687_001_observation,claim,claim_comparison:claim_cmp_847,claim_comparison,
compared_with,matched provenance identifier,claim:claim_rec_src_search_9d8411eba09d_003_cases_confirmed,claim,claim_comparison:claim_cmp_848,claim_comparison,
compared_with,matched provenance identifier,claim:claim_rec_src_search_5b7e6dfb326c_003_cases_unspecified,claim,claim_comparison:claim_cmp_848,claim_comparison,
compared_with,matched provenance identifier,claim:claim_rec_src_search_9d8411eba09d_003_cases_confirmed,claim,claim_comparison:claim_cmp_849,claim_comparison,
compared_with,matched provenance identifier,claim:claim_rec_src_search_5b7e6dfb326c_003_deaths,claim,claim_comparison:claim_cmp_849,claim_comparison,
compared_with,matched provenance identifier,claim:claim_rec_src_search_9d8411eba09d_003_cases_confirmed,claim,claim_comparison:claim_cmp_850,claim_comparison,
compared_with,matched provenance identifier,claim:claim_rec_src_search_5b7e6dfb326c_003_hospitalizations,claim,claim_comparison:claim_cmp_850,claim_comparison,
compared_with,matched provenance identifier,claim:claim_rec_src_search_9d8411eba09d_003_deaths,claim,claim_comparison:claim_cmp_851,claim_comparison,
compared_with,matched provenance identifier,claim:claim_rec_src_search_9d8411eba09d_003_hospitalizations,claim,claim_comparison:claim_cmp_851,claim_comparison,
compared_with,matched provenance identifier,claim:claim_rec_src_search_9d8411eba09d_003_deaths,claim,claim_comparison:claim_cmp_852,claim_comparison,
compared_with,matched provenance identifier,claim:claim_rec_src_search_9d8411eba09d_004_deaths,claim,claim_comparison:claim_cmp_852,claim_comparison,
compared_with,matched provenance identifier,claim:claim_rec_src_search_9d8411eba09d_003_deaths,claim,claim_comparison:claim_cmp_853,claim_comparison,
compared_with,matched provenance identifier,claim:claim_rec_src_search_9d8411eba09d_005_hospitalizations,claim,claim_comparison:claim_cmp_853,claim_comparison,
compared_with,matched provenance identifier,claim:claim_rec_src_search_9d8411eba09d_003_deaths,claim,claim_comparison:claim_cmp_854,claim_comparison,
compared_with,matched provenance identifier,claim:claim_rec_src_search_ee3c4e1dc1cd_003_cases_unspecified,claim,claim_comparison:claim_cmp_854,claim_comparison,
compared_with,matched provenance identifier,claim:claim_rec_src_search_9d8411eba09d_003_deaths,claim,claim_comparison:claim_cmp_855,claim_comparison,
compared_with,matched provenance identifier,claim:claim_rec_src_search_ee3c4e1dc1cd_003_deaths,claim,claim_comparison:claim_cmp_855,claim_comparison,
compared_with,matched provenance identifier,claim:claim_rec_src_search_9d8411eba09d_003_deaths,claim,claim_comparison:claim_cmp_856,claim_comparison,
compared_with,matched provenance identifier,claim:claim_rec_src_search_ee3c4e1dc1cd_004_deaths,claim,claim_comparison:claim_cmp_856,claim_comparison,
compared_with,matched provenance identifier,claim:claim_rec_src_search_9d8411eba09d_003_deaths,claim,claim_comparison:claim_cmp_857,claim_comparison,
compared_with,matched provenance identifier,claim:claim_rec_src_search_f72980cd3634_001_cases_unspecified,claim,claim_comparison:claim_cmp_857,claim_comparison,
compared_with,matched provenance identifier,claim:claim_rec_src_search_9d8411eba09d_003_deaths,claim,claim_comparison:claim_cmp_858,claim_comparison,
compared_with,matched provenance identifier,claim:claim_rec_src_search_f72980cd3634_001_deaths,claim,claim_comparison:claim_cmp_858,claim_comparison,
compared_with,matched provenance identifier,claim:claim_rec_src_search_9d8411eba09d_003_deaths,claim,claim_comparison:claim_cmp_859,claim_comparison,
compared_with,matched provenance identifier,claim:claim_rec_src_search_f72980cd3634_002_deaths,claim,claim_comparison:claim_cmp_859,claim_comparison,
compared_with,matched provenance identifier,claim:claim_rec_src_search_9d8411eba09d_003_deaths,claim,claim_comparison:claim_cmp_860,claim_comparison,
compared_with,matched provenance identifier,claim:claim_rec_src_search_b74bccc017c5_004_cases_confirmed,claim,claim_comparison:claim_cmp_860,claim_comparison,
compared_with,matched provenance identifier,claim:claim_rec_src_search_9d8411eba09d_003_deaths,claim,claim_comparison:claim_cmp_861,claim_comparison,
compared_with,matched provenance identifier,claim:claim_rec_src_search_b74bccc017c5_004_deaths,claim,claim_comparison:claim_cmp_861,claim_comparison,
compared_with,matched provenance identifier,claim:claim_rec_src_search_9d8411eba09d_003_deaths,claim,claim_comparison:claim_cmp_862,claim_comparison,
compared_with,matched provenance identifier,claim:claim_rec_src_search_b74bccc017c5_004_hospitalizations,claim,claim_comparison:claim_cmp_862,claim_comparison,
compared_with,matched provenance identifier,claim:claim_rec_src_search_9d8411eba09d_003_deaths,claim,claim_comparison:claim_cmp_863,claim_comparison,
compared_with,matched provenance identifier,claim:claim_rec_src_search_c72bcb75c75a_001_cases_unspecified,claim,claim_comparison:claim_cmp_863,claim_comparison,
compared_with,matched provenance identifier,claim:claim_rec_src_search_9d8411eba09d_003_deaths,claim,claim_comparison:claim_cmp_864,claim_comparison,
compared_with,matched provenance identifier,claim:claim_rec_src_search_c72bcb75c75a_001_deaths,claim,claim_comparison:claim_cmp_864,claim_comparison,
compared_with,matched provenance identifier,claim:claim_rec_src_search_9d8411eba09d_003_deaths,claim,claim_comparison:claim_cmp_865,claim_comparison,
compared_with,matched provenance identifier,claim:claim_rec_src_search_c72bcb75c75a_002_deaths,claim,claim_comparison:claim_cmp_865,claim_comparison,
compared_with,matched provenance identifier,claim:claim_rec_src_search_9d8411eba09d_003_deaths,claim,claim_comparison:claim_cmp_866,claim_comparison,
compared_with,matched provenance identifier,claim:claim_rec_src_search_fd4c39b5e976_001_cases_confirmed,claim,claim_comparison:claim_cmp_866,claim_comparison,
compared_with,matched provenance identifier,claim:claim_rec_src_search_9d8411eba09d_003_deaths,claim,claim_comparison:claim_cmp_867,claim_comparison,
compared_with,matched provenance identifier,claim:claim_rec_src_search_fd4c39b5e976_002_deaths,claim,claim_comparison:claim_cmp_867,claim_comparison,
compared_with,matched provenance identifier,claim:claim_rec_src_search_9d8411eba09d_003_deaths,claim,claim_comparison:claim_cmp_868,claim_comparison,
compared_with,matched provenance identifier,claim:claim_rec_src_search_a9306f6e1687_001_observation,claim,claim_comparison:claim_cmp_868,claim_comparison,
compared_with,matched provenance identifier,claim:claim_rec_src_search_9d8411eba09d_003_deaths,claim,claim_comparison:claim_cmp_869,claim_comparison,
compared_with,matched provenance identifier,claim:claim_rec_src_search_5b7e6dfb326c_003_cases_unspecified,claim,claim_comparison:claim_cmp_869,claim_comparison,
compared_with,matched provenance identifier,claim:claim_rec_src_search_9d8411eba09d_003_deaths,claim,claim_comparison:claim_cmp_870,claim_comparison,
compared_with,matched provenance identifier,claim:claim_rec_src_search_5b7e6dfb326c_003_deaths,claim,claim_comparison:claim_cmp_870,claim_comparison,
compared_with,matched provenance identifier,claim:claim_rec_src_search_9d8411eba09d_003_deaths,claim,claim_comparison:claim_cmp_871,claim_comparison,
compared_with,matched provenance identifier,claim:claim_rec_src_search_5b7e6dfb326c_003_hospitalizations,claim,claim_comparison:claim_cmp_871,claim_comparison,
compared_with,matched provenance identifier,claim:claim_rec_src_search_9d8411eba09d_003_hospitalizations,claim,claim_comparison:claim_cmp_872,claim_comparison,
compared_with,matched provenance identifier,claim:claim_rec_src_search_9d8411eba09d_004_deaths,claim,claim_comparison:claim_cmp_872,claim_comparison,
compared_with,matched provenance identifier,claim:claim_rec_src_search_9d8411eba09d_003_hospitalizations,claim,claim_comparison:claim_cmp_873,claim_comparison,
compared_with,matched provenance identifier,claim:claim_rec_src_search_9d8411eba09d_005_hospitalizations,claim,claim_comparison:claim_cmp_873,claim_comparison,
compared_with,matched provenance identifier,claim:claim_rec_src_search_9d8411eba09d_003_hospitalizations,claim,claim_comparison:claim_cmp_874,claim_comparison,
compared_with,matched provenance identifier,claim:claim_rec_src_search_ee3c4e1dc1cd_003_cases_unspecified,claim,claim_comparison:claim_cmp_874,claim_comparison,
compared_with,matched provenance identifier,claim:claim_rec_src_search_9d8411eba09d_003_hospitalizations,claim,claim_comparison:claim_cmp_875,claim_comparison,
compared_with,matched provenance identifier,claim:claim_rec_src_search_ee3c4e1dc1cd_003_deaths,claim,claim_comparison:claim_cmp_875,claim_comparison,
compared_with,matched provenance identifier,claim:claim_rec_src_search_9d8411eba09d_003_hospitalizations,claim,claim_comparison:claim_cmp_876,claim_comparison,
compared_with,matched provenance identifier,claim:claim_rec_src_search_ee3c4e1dc1cd_004_deaths,claim,claim_comparison:claim_cmp_876,claim_comparison,
compared_with,matched provenance identifier,claim:claim_rec_src_search_9d8411eba09d_003_hospitalizations,claim,claim_comparison:claim_cmp_877,claim_comparison,
compared_with,matched provenance identifier,claim:claim_rec_src_search_f72980cd3634_001_cases_unspecified,claim,claim_comparison:claim_cmp_877,claim_comparison,
compared_with,matched provenance identifier,claim:claim_rec_src_search_9d8411eba09d_003_hospitalizations,claim,claim_comparison:claim_cmp_878,claim_comparison,
compared_with,matched provenance identifier,claim:claim_rec_src_search_f72980cd3634_001_deaths,claim,claim_comparison:claim_cmp_878,claim_comparison,
compared_with,matched provenance identifier,claim:claim_rec_src_search_9d8411eba09d_003_hospitalizations,claim,claim_comparison:claim_cmp_879,claim_comparison,
compared_with,matched provenance identifier,claim:claim_rec_src_search_f72980cd3634_002_deaths,claim,claim_comparison:claim_cmp_879,claim_comparison,
compared_with,matched provenance identifier,claim:claim_rec_src_search_9d8411eba09d_003_hospitalizations,claim,claim_comparison:claim_cmp_880,claim_comparison,
compared_with,matched provenance identifier,claim:claim_rec_src_search_b74bccc017c5_004_cases_confirmed,claim,claim_comparison:claim_cmp_880,claim_comparison,
compared_with,matched provenance identifier,claim:claim_rec_src_search_9d8411eba09d_003_hospitalizations,claim,claim_comparison:claim_cmp_881,claim_comparison,
compared_with,matched provenance identifier,claim:claim_rec_src_search_b74bccc017c5_004_deaths,claim,claim_comparison:claim_cmp_881,claim_comparison,
compared_with,matched provenance identifier,claim:claim_rec_src_search_9d8411eba09d_003_hospitalizations,claim,claim_comparison:claim_cmp_882,claim_comparison,
compared_with,matched provenance identifier,claim:claim_rec_src_search_b74bccc017c5_004_hospitalizations,claim,claim_comparison:claim_cmp_882,claim_comparison,
compared_with,matched provenance identifier,claim:claim_rec_src_search_9d8411eba09d_003_hospitalizations,claim,claim_comparison:claim_cmp_883,claim_comparison,
compared_with,matched provenance identifier,claim:claim_rec_src_search_c72bcb75c75a_001_cases_unspecified,claim,claim_comparison:claim_cmp_883,claim_comparison,
compared_with,matched provenance identifier,claim:claim_rec_src_search_9d8411eba09d_003_hospitalizations,claim,claim_comparison:claim_cmp_884,claim_comparison,
compared_with,matched provenance identifier,claim:claim_rec_src_search_c72bcb75c75a_001_deaths,claim,claim_comparison:claim_cmp_884,claim_comparison,
compared_with,matched provenance identifier,claim:claim_rec_src_search_9d8411eba09d_003_hospitalizations,claim,claim_comparison:claim_cmp_885,claim_comparison,
compared_with,matched provenance identifier,claim:claim_rec_src_search_c72bcb75c75a_002_deaths,claim,claim_comparison:claim_cmp_885,claim_comparison,
compared_with,matched provenance identifier,claim:claim_rec_src_search_9d8411eba09d_003_hospitalizations,claim,claim_comparison:claim_cmp_886,claim_comparison,
compared_with,matched provenance identifier,claim:claim_rec_src_search_fd4c39b5e976_001_cases_confirmed,claim,claim_comparison:claim_cmp_886,claim_comparison,
compared_with,matched provenance identifier,claim:claim_rec_src_search_9d8411eba09d_003_hospitalizations,claim,claim_comparison:claim_cmp_887,claim_comparison,
compared_with,matched provenance identifier,claim:claim_rec_src_search_fd4c39b5e976_002_deaths,claim,claim_comparison:claim_cmp_887,claim_comparison,
compared_with,matched provenance identifier,claim:claim_rec_src_search_9d8411eba09d_003_hospitalizations,claim,claim_comparison:claim_cmp_888,claim_comparison,
compared_with,matched provenance identifier,claim:claim_rec_src_search_a9306f6e1687_001_observation,claim,claim_comparison:claim_cmp_888,claim_comparison,
compared_with,matched provenance identifier,claim:claim_rec_src_search_9d8411eba09d_003_hospitalizations,claim,claim_comparison:claim_cmp_889,claim_comparison,
compared_with,matched provenance identifier,claim:claim_rec_src_search_5b7e6dfb326c_003_cases_unspecified,claim,claim_comparison:claim_cmp_889,claim_comparison,
compared_with,matched provenance identifier,claim:claim_rec_src_search_9d8411eba09d_003_hospitalizations,claim,claim_comparison:claim_cmp_890,claim_comparison,
compared_with,matched provenance identifier,claim:claim_rec_src_search_5b7e6dfb326c_003_deaths,claim,claim_comparison:claim_cmp_890,claim_comparison,
compared_with,matched provenance identifier,claim:claim_rec_src_search_9d8411eba09d_003_hospitalizations,claim,claim_comparison:claim_cmp_891,claim_comparison,
compared_with,matched provenance identifier,claim:claim_rec_src_search_5b7e6dfb326c_003_hospitalizations,claim,claim_comparison:claim_cmp_891,claim_comparison,
compared_with,matched provenance identifier,claim:claim_rec_src_search_9d8411eba09d_004_deaths,claim,claim_comparison:claim_cmp_892,claim_comparison,
compared_with,matched provenance identifier,claim:claim_rec_src_search_9d8411eba09d_005_hospitalizations,claim,claim_comparison:claim_cmp_892,claim_comparison,
compared_with,matched provenance identifier,claim:claim_rec_src_search_9d8411eba09d_004_deaths,claim,claim_comparison:claim_cmp_893,claim_comparison,
compared_with,matched provenance identifier,claim:claim_rec_src_search_ee3c4e1dc1cd_003_cases_unspecified,claim,claim_comparison:claim_cmp_893,claim_comparison,
compared_with,matched provenance identifier,claim:claim_rec_src_search_9d8411eba09d_004_deaths,claim,claim_comparison:claim_cmp_894,claim_comparison,
compared_with,matched provenance identifier,claim:claim_rec_src_search_ee3c4e1dc1cd_003_deaths,claim,claim_comparison:claim_cmp_894,claim_comparison,
compared_with,matched provenance identifier,claim:claim_rec_src_search_9d8411eba09d_004_deaths,claim,claim_comparison:claim_cmp_895,claim_comparison,
compared_with,matched provenance identifier,claim:claim_rec_src_search_ee3c4e1dc1cd_004_deaths,claim,claim_comparison:claim_cmp_895,claim_comparison,
compared_with,matched provenance identifier,claim:claim_rec_src_search_9d8411eba09d_004_deaths,claim,claim_comparison:claim_cmp_896,claim_comparison,
compared_with,matched provenance identifier,claim:claim_rec_src_search_f72980cd3634_001_cases_unspecified,claim,claim_comparison:claim_cmp_896,claim_comparison,
compared_with,matched provenance identifier,claim:claim_rec_src_search_9d8411eba09d_004_deaths,claim,claim_comparison:claim_cmp_897,claim_comparison,
compared_with,matched provenance identifier,claim:claim_rec_src_search_f72980cd3634_001_deaths,claim,claim_comparison:claim_cmp_897,claim_comparison,
compared_with,matched provenance identifier,claim:claim_rec_src_search_9d8411eba09d_004_deaths,claim,claim_comparison:claim_cmp_898,claim_comparison,
compared_with,matched provenance identifier,claim:claim_rec_src_search_f72980cd3634_002_deaths,claim,claim_comparison:claim_cmp_898,claim_comparison,
compared_with,matched provenance identifier,claim:claim_rec_src_search_9d8411eba09d_004_deaths,claim,claim_comparison:claim_cmp_899,claim_comparison,
compared_with,matched provenance identifier,claim:claim_rec_src_search_b74bccc017c5_004_cases_confirmed,claim,claim_comparison:claim_cmp_899,claim_comparison,
compared_with,matched provenance identifier,claim:claim_rec_src_search_9d8411eba09d_004_deaths,claim,claim_comparison:claim_cmp_900,claim_comparison,
compared_with,matched provenance identifier,claim:claim_rec_src_search_b74bccc017c5_004_deaths,claim,claim_comparison:claim_cmp_900,claim_comparison,
compared_with,matched provenance identifier,claim:claim_rec_src_search_9d8411eba09d_004_deaths,claim,claim_comparison:claim_cmp_901,claim_comparison,
compared_with,matched provenance identifier,claim:claim_rec_src_search_b74bccc017c5_004_hospitalizations,claim,claim_comparison:claim_cmp_901,claim_comparison,
compared_with,matched provenance identifier,claim:claim_rec_src_search_9d8411eba09d_004_deaths,claim,claim_comparison:claim_cmp_902,claim_comparison,
compared_with,matched provenance identifier,claim:claim_rec_src_search_c72bcb75c75a_001_cases_unspecified,claim,claim_comparison:claim_cmp_902,claim_comparison,
compared_with,matched provenance identifier,claim:claim_rec_src_search_9d8411eba09d_004_deaths,claim,claim_comparison:claim_cmp_903,claim_comparison,
compared_with,matched provenance identifier,claim:claim_rec_src_search_c72bcb75c75a_001_deaths,claim,claim_comparison:claim_cmp_903,claim_comparison,
compared_with,matched provenance identifier,claim:claim_rec_src_search_9d8411eba09d_004_deaths,claim,claim_comparison:claim_cmp_904,claim_comparison,
compared_with,matched provenance identifier,claim:claim_rec_src_search_c72bcb75c75a_002_deaths,claim,claim_comparison:claim_cmp_904,claim_comparison,
compared_with,matched provenance identifier,claim:claim_rec_src_search_9d8411eba09d_004_deaths,claim,claim_comparison:claim_cmp_905,claim_comparison,
compared_with,matched provenance identifier,claim:claim_rec_src_search_fd4c39b5e976_001_cases_confirmed,claim,claim_comparison:claim_cmp_905,claim_comparison,
compared_with,matched provenance identifier,claim:claim_rec_src_search_9d8411eba09d_004_deaths,claim,claim_comparison:claim_cmp_906,claim_comparison,
compared_with,matched provenance identifier,claim:claim_rec_src_search_fd4c39b5e976_002_deaths,claim,claim_comparison:claim_cmp_906,claim_comparison,
compared_with,matched provenance identifier,claim:claim_rec_src_search_9d8411eba09d_004_deaths,claim,claim_comparison:claim_cmp_907,claim_comparison,
compared_with,matched provenance identifier,claim:claim_rec_src_search_a9306f6e1687_001_observation,claim,claim_comparison:claim_cmp_907,claim_comparison,
compared_with,matched provenance identifier,claim:claim_rec_src_search_9d8411eba09d_004_deaths,claim,claim_comparison:claim_cmp_908,claim_comparison,
compared_with,matched provenance identifier,claim:claim_rec_src_search_5b7e6dfb326c_003_cases_unspecified,claim,claim_comparison:claim_cmp_908,claim_comparison,
compared_with,matched provenance identifier,claim:claim_rec_src_search_9d8411eba09d_004_deaths,claim,claim_comparison:claim_cmp_909,claim_comparison,
compared_with,matched provenance identifier,claim:claim_rec_src_search_5b7e6dfb326c_003_deaths,claim,claim_comparison:claim_cmp_909,claim_comparison,
compared_with,matched provenance identifier,claim:claim_rec_src_search_9d8411eba09d_004_deaths,claim,claim_comparison:claim_cmp_910,claim_comparison,
compared_with,matched provenance identifier,claim:claim_rec_src_search_5b7e6dfb326c_003_hospitalizations,claim,claim_comparison:claim_cmp_910,claim_comparison,
compared_with,matched provenance identifier,claim:claim_rec_src_search_9d8411eba09d_005_hospitalizations,claim,claim_comparison:claim_cmp_911,claim_comparison,
compared_with,matched provenance identifier,claim:claim_rec_src_search_ee3c4e1dc1cd_003_cases_unspecified,claim,claim_comparison:claim_cmp_911,claim_comparison,
compared_with,matched provenance identifier,claim:claim_rec_src_search_9d8411eba09d_005_hospitalizations,claim,claim_comparison:claim_cmp_912,claim_comparison,
compared_with,matched provenance identifier,claim:claim_rec_src_search_ee3c4e1dc1cd_003_deaths,claim,claim_comparison:claim_cmp_912,claim_comparison,
compared_with,matched provenance identifier,claim:claim_rec_src_search_9d8411eba09d_005_hospitalizations,claim,claim_comparison:claim_cmp_913,claim_comparison,
compared_with,matched provenance identifier,claim:claim_rec_src_search_ee3c4e1dc1cd_004_deaths,claim,claim_comparison:claim_cmp_913,claim_comparison,
compared_with,matched provenance identifier,claim:claim_rec_src_search_9d8411eba09d_005_hospitalizations,claim,claim_comparison:claim_cmp_914,claim_comparison,
compared_with,matched provenance identifier,claim:claim_rec_src_search_f72980cd3634_001_cases_unspecified,claim,claim_comparison:claim_cmp_914,claim_comparison,
compared_with,matched provenance identifier,claim:claim_rec_src_search_9d8411eba09d_005_hospitalizations,claim,claim_comparison:claim_cmp_915,claim_comparison,
compared_with,matched provenance identifier,claim:claim_rec_src_search_f72980cd3634_001_deaths,claim,claim_comparison:claim_cmp_915,claim_comparison,
compared_with,matched provenance identifier,claim:claim_rec_src_search_9d8411eba09d_005_hospitalizations,claim,claim_comparison:claim_cmp_916,claim_comparison,
compared_with,matched provenance identifier,claim:claim_rec_src_search_f72980cd3634_002_deaths,claim,claim_comparison:claim_cmp_916,claim_comparison,
compared_with,matched provenance identifier,claim:claim_rec_src_search_9d8411eba09d_005_hospitalizations,claim,claim_comparison:claim_cmp_917,claim_comparison,
compared_with,matched provenance identifier,claim:claim_rec_src_search_b74bccc017c5_004_cases_confirmed,claim,claim_comparison:claim_cmp_917,claim_comparison,
compared_with,matched provenance identifier,claim:claim_rec_src_search_9d8411eba09d_005_hospitalizations,claim,claim_comparison:claim_cmp_918,claim_comparison,
compared_with,matched provenance identifier,claim:claim_rec_src_search_b74bccc017c5_004_deaths,claim,claim_comparison:claim_cmp_918,claim_comparison,
compared_with,matched provenance identifier,claim:claim_rec_src_search_9d8411eba09d_005_hospitalizations,claim,claim_comparison:claim_cmp_919,claim_comparison,
compared_with,matched provenance identifier,claim:claim_rec_src_search_b74bccc017c5_004_hospitalizations,claim,claim_comparison:claim_cmp_919,claim_comparison,
compared_with,matched provenance identifier,claim:claim_rec_src_search_9d8411eba09d_005_hospitalizations,claim,claim_comparison:claim_cmp_920,claim_comparison,
compared_with,matched provenance identifier,claim:claim_rec_src_search_c72bcb75c75a_001_cases_unspecified,claim,claim_comparison:claim_cmp_920,claim_comparison,
compared_with,matched provenance identifier,claim:claim_rec_src_search_9d8411eba09d_005_hospitalizations,claim,claim_comparison:claim_cmp_921,claim_comparison,
compared_with,matched provenance identifier,claim:claim_rec_src_search_c72bcb75c75a_001_deaths,claim,claim_comparison:claim_cmp_921,claim_comparison,
compared_with,matched provenance identifier,claim:claim_rec_src_search_9d8411eba09d_005_hospitalizations,claim,claim_comparison:claim_cmp_922,claim_comparison,
compared_with,matched provenance identifier,claim:claim_rec_src_search_c72bcb75c75a_002_deaths,claim,claim_comparison:claim_cmp_922,claim_comparison,
compared_with,matched provenance identifier,claim:claim_rec_src_search_9d8411eba09d_005_hospitalizations,claim,claim_comparison:claim_cmp_923,claim_comparison,
compared_with,matched provenance identifier,claim:claim_rec_src_search_fd4c39b5e976_001_cases_confirmed,claim,claim_comparison:claim_cmp_923,claim_comparison,
compared_with,matched provenance identifier,claim:claim_rec_src_search_9d8411eba09d_005_hospitalizations,claim,claim_comparison:claim_cmp_924,claim_comparison,
compared_with,matched provenance identifier,claim:claim_rec_src_search_fd4c39b5e976_002_deaths,claim,claim_comparison:claim_cmp_924,claim_comparison,
compared_with,matched provenance identifier,claim:claim_rec_src_search_9d8411eba09d_005_hospitalizations,claim,claim_comparison:claim_cmp_925,claim_comparison,
compared_with,matched provenance identifier,claim:claim_rec_src_search_a9306f6e1687_001_observation,claim,claim_comparison:claim_cmp_925,claim_comparison,
compared_with,matched provenance identifier,claim:claim_rec_src_search_9d8411eba09d_005_hospitalizations,claim,claim_comparison:claim_cmp_926,claim_comparison,
compared_with,matched provenance identifier,claim:claim_rec_src_search_5b7e6dfb326c_003_cases_unspecified,claim,claim_comparison:claim_cmp_926,claim_comparison,
compared_with,matched provenance identifier,claim:claim_rec_src_search_9d8411eba09d_005_hospitalizations,claim,claim_comparison:claim_cmp_927,claim_comparison,
compared_with,matched provenance identifier,claim:claim_rec_src_search_5b7e6dfb326c_003_deaths,claim,claim_comparison:claim_cmp_927,claim_comparison,
compared_with,matched provenance identifier,claim:claim_rec_src_search_9d8411eba09d_005_hospitalizations,claim,claim_comparison:claim_cmp_928,claim_comparison,
compared_with,matched provenance identifier,claim:claim_rec_src_search_5b7e6dfb326c_003_hospitalizations,claim,claim_comparison:claim_cmp_928,claim_comparison,
compared_with,matched provenance identifier,claim:claim_rec_src_search_ee3c4e1dc1cd_003_cases_unspecified,claim,claim_comparison:claim_cmp_929,claim_comparison,
compared_with,matched provenance identifier,claim:claim_rec_src_search_ee3c4e1dc1cd_003_deaths,claim,claim_comparison:claim_cmp_929,claim_comparison,
compared_with,matched provenance identifier,claim:claim_rec_src_search_ee3c4e1dc1cd_003_cases_unspecified,claim,claim_comparison:claim_cmp_930,claim_comparison,
compared_with,matched provenance identifier,claim:claim_rec_src_search_ee3c4e1dc1cd_004_deaths,claim,claim_comparison:claim_cmp_930,claim_comparison,
compared_with,matched provenance identifier,claim:claim_rec_src_search_ee3c4e1dc1cd_003_cases_unspecified,claim,claim_comparison:claim_cmp_931,claim_comparison,
compared_with,matched provenance identifier,claim:claim_rec_src_search_f72980cd3634_001_cases_unspecified,claim,claim_comparison:claim_cmp_931,claim_comparison,
compared_with,matched provenance identifier,claim:claim_rec_src_search_ee3c4e1dc1cd_003_cases_unspecified,claim,claim_comparison:claim_cmp_932,claim_comparison,
compared_with,matched provenance identifier,claim:claim_rec_src_search_f72980cd3634_001_deaths,claim,claim_comparison:claim_cmp_932,claim_comparison,
compared_with,matched provenance identifier,claim:claim_rec_src_search_ee3c4e1dc1cd_003_cases_unspecified,claim,claim_comparison:claim_cmp_933,claim_comparison,
compared_with,matched provenance identifier,claim:claim_rec_src_search_f72980cd3634_002_deaths,claim,claim_comparison:claim_cmp_933,claim_comparison,
compared_with,matched provenance identifier,claim:claim_rec_src_search_ee3c4e1dc1cd_003_cases_unspecified,claim,claim_comparison:claim_cmp_934,claim_comparison,
compared_with,matched provenance identifier,claim:claim_rec_src_search_b74bccc017c5_004_cases_confirmed,claim,claim_comparison:claim_cmp_934,claim_comparison,
compared_with,matched provenance identifier,claim:claim_rec_src_search_ee3c4e1dc1cd_003_cases_unspecified,claim,claim_comparison:claim_cmp_935,claim_comparison,
compared_with,matched provenance identifier,claim:claim_rec_src_search_b74bccc017c5_004_deaths,claim,claim_comparison:claim_cmp_935,claim_comparison,
compared_with,matched provenance identifier,claim:claim_rec_src_search_ee3c4e1dc1cd_003_cases_unspecified,claim,claim_comparison:claim_cmp_936,claim_comparison,
compared_with,matched provenance identifier,claim:claim_rec_src_search_b74bccc017c5_004_hospitalizations,claim,claim_comparison:claim_cmp_936,claim_comparison,
compared_with,matched provenance identifier,claim:claim_rec_src_search_ee3c4e1dc1cd_003_cases_unspecified,claim,claim_comparison:claim_cmp_937,claim_comparison,
compared_with,matched provenance identifier,claim:claim_rec_src_search_c72bcb75c75a_001_cases_unspecified,claim,claim_comparison:claim_cmp_937,claim_comparison,
compared_with,matched provenance identifier,claim:claim_rec_src_search_ee3c4e1dc1cd_003_cases_unspecified,claim,claim_comparison:claim_cmp_938,claim_comparison,
compared_with,matched provenance identifier,claim:claim_rec_src_search_c72bcb75c75a_001_deaths,claim,claim_comparison:claim_cmp_938,claim_comparison,
compared_with,matched provenance identifier,claim:claim_rec_src_search_ee3c4e1dc1cd_003_cases_unspecified,claim,claim_comparison:claim_cmp_939,claim_comparison,
compared_with,matched provenance identifier,claim:claim_rec_src_search_c72bcb75c75a_002_deaths,claim,claim_comparison:claim_cmp_939,claim_comparison,
compared_with,matched provenance identifier,claim:claim_rec_src_search_ee3c4e1dc1cd_003_cases_unspecified,claim,claim_comparison:claim_cmp_940,claim_comparison,
compared_with,matched provenance identifier,claim:claim_rec_src_search_fd4c39b5e976_001_cases_confirmed,claim,claim_comparison:claim_cmp_940,claim_comparison,
compared_with,matched provenance identifier,claim:claim_rec_src_search_ee3c4e1dc1cd_003_cases_unspecified,claim,claim_comparison:claim_cmp_941,claim_comparison,
compared_with,matched provenance identifier,claim:claim_rec_src_search_fd4c39b5e976_002_deaths,claim,claim_comparison:claim_cmp_941,claim_comparison,
compared_with,matched provenance identifier,claim:claim_rec_src_search_ee3c4e1dc1cd_003_cases_unspecified,claim,claim_comparison:claim_cmp_942,claim_comparison,
compared_with,matched provenance identifier,claim:claim_rec_src_search_a9306f6e1687_001_observation,claim,claim_comparison:claim_cmp_942,claim_comparison,
compared_with,matched provenance identifier,claim:claim_rec_src_search_ee3c4e1dc1cd_003_cases_unspecified,claim,claim_comparison:claim_cmp_943,claim_comparison,
compared_with,matched provenance identifier,claim:claim_rec_src_search_5b7e6dfb326c_003_cases_unspecified,claim,claim_comparison:claim_cmp_943,claim_comparison,
compared_with,matched provenance identifier,claim:claim_rec_src_search_ee3c4e1dc1cd_003_cases_unspecified,claim,claim_comparison:claim_cmp_944,claim_comparison,
compared_with,matched provenance identifier,claim:claim_rec_src_search_5b7e6dfb326c_003_deaths,claim,claim_comparison:claim_cmp_944,claim_comparison,
compared_with,matched provenance identifier,claim:claim_rec_src_search_ee3c4e1dc1cd_003_cases_unspecified,claim,claim_comparison:claim_cmp_945,claim_comparison,
compared_with,matched provenance identifier,claim:claim_rec_src_search_5b7e6dfb326c_003_hospitalizations,claim,claim_comparison:claim_cmp_945,claim_comparison,
compared_with,matched provenance identifier,claim:claim_rec_src_search_ee3c4e1dc1cd_003_deaths,claim,claim_comparison:claim_cmp_946,claim_comparison,
compared_with,matched provenance identifier,claim:claim_rec_src_search_ee3c4e1dc1cd_004_deaths,claim,claim_comparison:claim_cmp_946,claim_comparison,
compared_with,matched provenance identifier,claim:claim_rec_src_search_ee3c4e1dc1cd_003_deaths,claim,claim_comparison:claim_cmp_947,claim_comparison,
compared_with,matched provenance identifier,claim:claim_rec_src_search_f72980cd3634_001_cases_unspecified,claim,claim_comparison:claim_cmp_947,claim_comparison,
compared_with,matched provenance identifier,claim:claim_rec_src_search_ee3c4e1dc1cd_003_deaths,claim,claim_comparison:claim_cmp_948,claim_comparison,
compared_with,matched provenance identifier,claim:claim_rec_src_search_f72980cd3634_001_deaths,claim,claim_comparison:claim_cmp_948,claim_comparison,
compared_with,matched provenance identifier,claim:claim_rec_src_search_ee3c4e1dc1cd_003_deaths,claim,claim_comparison:claim_cmp_949,claim_comparison,
compared_with,matched provenance identifier,claim:claim_rec_src_search_f72980cd3634_002_deaths,claim,claim_comparison:claim_cmp_949,claim_comparison,
compared_with,matched provenance identifier,claim:claim_rec_src_search_ee3c4e1dc1cd_003_deaths,claim,claim_comparison:claim_cmp_950,claim_comparison,
compared_with,matched provenance identifier,claim:claim_rec_src_search_b74bccc017c5_004_cases_confirmed,claim,claim_comparison:claim_cmp_950,claim_comparison,
compared_with,matched provenance identifier,claim:claim_rec_src_search_ee3c4e1dc1cd_003_deaths,claim,claim_comparison:claim_cmp_951,claim_comparison,
compared_with,matched provenance identifier,claim:claim_rec_src_search_b74bccc017c5_004_deaths,claim,claim_comparison:claim_cmp_951,claim_comparison,
compared_with,matched provenance identifier,claim:claim_rec_src_search_ee3c4e1dc1cd_003_deaths,claim,claim_comparison:claim_cmp_952,claim_comparison,
compared_with,matched provenance identifier,claim:claim_rec_src_search_b74bccc017c5_004_hospitalizations,claim,claim_comparison:claim_cmp_952,claim_comparison,
compared_with,matched provenance identifier,claim:claim_rec_src_search_ee3c4e1dc1cd_003_deaths,claim,claim_comparison:claim_cmp_953,claim_comparison,
compared_with,matched provenance identifier,claim:claim_rec_src_search_c72bcb75c75a_001_cases_unspecified,claim,claim_comparison:claim_cmp_953,claim_comparison,
compared_with,matched provenance identifier,claim:claim_rec_src_search_ee3c4e1dc1cd_003_deaths,claim,claim_comparison:claim_cmp_954,claim_comparison,
compared_with,matched provenance identifier,claim:claim_rec_src_search_c72bcb75c75a_001_deaths,claim,claim_comparison:claim_cmp_954,claim_comparison,
compared_with,matched provenance identifier,claim:claim_rec_src_search_ee3c4e1dc1cd_003_deaths,claim,claim_comparison:claim_cmp_955,claim_comparison,
compared_with,matched provenance identifier,claim:claim_rec_src_search_c72bcb75c75a_002_deaths,claim,claim_comparison:claim_cmp_955,claim_comparison,
compared_with,matched provenance identifier,claim:claim_rec_src_search_ee3c4e1dc1cd_003_deaths,claim,claim_comparison:claim_cmp_956,claim_comparison,
compared_with,matched provenance identifier,claim:claim_rec_src_search_fd4c39b5e976_001_cases_confirmed,claim,claim_comparison:claim_cmp_956,claim_comparison,
compared_with,matched provenance identifier,claim:claim_rec_src_search_ee3c4e1dc1cd_003_deaths,claim,claim_comparison:claim_cmp_957,claim_comparison,
compared_with,matched provenance identifier,claim:claim_rec_src_search_fd4c39b5e976_002_deaths,claim,claim_comparison:claim_cmp_957,claim_comparison,
compared_with,matched provenance identifier,claim:claim_rec_src_search_ee3c4e1dc1cd_003_deaths,claim,claim_comparison:claim_cmp_958,claim_comparison,
compared_with,matched provenance identifier,claim:claim_rec_src_search_a9306f6e1687_001_observation,claim,claim_comparison:claim_cmp_958,claim_comparison,
compared_with,matched provenance identifier,claim:claim_rec_src_search_ee3c4e1dc1cd_003_deaths,claim,claim_comparison:claim_cmp_959,claim_comparison,
compared_with,matched provenance identifier,claim:claim_rec_src_search_5b7e6dfb326c_003_cases_unspecified,claim,claim_comparison:claim_cmp_959,claim_comparison,
compared_with,matched provenance identifier,claim:claim_rec_src_search_ee3c4e1dc1cd_003_deaths,claim,claim_comparison:claim_cmp_960,claim_comparison,
compared_with,matched provenance identifier,claim:claim_rec_src_search_5b7e6dfb326c_003_deaths,claim,claim_comparison:claim_cmp_960,claim_comparison,
compared_with,matched provenance identifier,claim:claim_rec_src_search_ee3c4e1dc1cd_003_deaths,claim,claim_comparison:claim_cmp_961,claim_comparison,
compared_with,matched provenance identifier,claim:claim_rec_src_search_5b7e6dfb326c_003_hospitalizations,claim,claim_comparison:claim_cmp_961,claim_comparison,
compared_with,matched provenance identifier,claim:claim_rec_src_search_ee3c4e1dc1cd_004_deaths,claim,claim_comparison:claim_cmp_962,claim_comparison,
compared_with,matched provenance identifier,claim:claim_rec_src_search_f72980cd3634_001_cases_unspecified,claim,claim_comparison:claim_cmp_962,claim_comparison,
compared_with,matched provenance identifier,claim:claim_rec_src_search_ee3c4e1dc1cd_004_deaths,claim,claim_comparison:claim_cmp_963,claim_comparison,
compared_with,matched provenance identifier,claim:claim_rec_src_search_f72980cd3634_001_deaths,claim,claim_comparison:claim_cmp_963,claim_comparison,
compared_with,matched provenance identifier,claim:claim_rec_src_search_ee3c4e1dc1cd_004_deaths,claim,claim_comparison:claim_cmp_964,claim_comparison,
compared_with,matched provenance identifier,claim:claim_rec_src_search_f72980cd3634_002_deaths,claim,claim_comparison:claim_cmp_964,claim_comparison,
compared_with,matched provenance identifier,claim:claim_rec_src_search_ee3c4e1dc1cd_004_deaths,claim,claim_comparison:claim_cmp_965,claim_comparison,
compared_with,matched provenance identifier,claim:claim_rec_src_search_b74bccc017c5_004_cases_confirmed,claim,claim_comparison:claim_cmp_965,claim_comparison,
compared_with,matched provenance identifier,claim:claim_rec_src_search_ee3c4e1dc1cd_004_deaths,claim,claim_comparison:claim_cmp_966,claim_comparison,
compared_with,matched provenance identifier,claim:claim_rec_src_search_b74bccc017c5_004_deaths,claim,claim_comparison:claim_cmp_966,claim_comparison,
compared_with,matched provenance identifier,claim:claim_rec_src_search_ee3c4e1dc1cd_004_deaths,claim,claim_comparison:claim_cmp_967,claim_comparison,
compared_with,matched provenance identifier,claim:claim_rec_src_search_b74bccc017c5_004_hospitalizations,claim,claim_comparison:claim_cmp_967,claim_comparison,
compared_with,matched provenance identifier,claim:claim_rec_src_search_ee3c4e1dc1cd_004_deaths,claim,claim_comparison:claim_cmp_968,claim_comparison,
compared_with,matched provenance identifier,claim:claim_rec_src_search_c72bcb75c75a_001_cases_unspecified,claim,claim_comparison:claim_cmp_968,claim_comparison,
compared_with,matched provenance identifier,claim:claim_rec_src_search_ee3c4e1dc1cd_004_deaths,claim,claim_comparison:claim_cmp_969,claim_comparison,
compared_with,matched provenance identifier,claim:claim_rec_src_search_c72bcb75c75a_001_deaths,claim,claim_comparison:claim_cmp_969,claim_comparison,
compared_with,matched provenance identifier,claim:claim_rec_src_search_ee3c4e1dc1cd_004_deaths,claim,claim_comparison:claim_cmp_970,claim_comparison,
compared_with,matched provenance identifier,claim:claim_rec_src_search_c72bcb75c75a_002_deaths,claim,claim_comparison:claim_cmp_970,claim_comparison,
compared_with,matched provenance identifier,claim:claim_rec_src_search_ee3c4e1dc1cd_004_deaths,claim,claim_comparison:claim_cmp_971,claim_comparison,
compared_with,matched provenance identifier,claim:claim_rec_src_search_fd4c39b5e976_001_cases_confirmed,claim,claim_comparison:claim_cmp_971,claim_comparison,
compared_with,matched provenance identifier,claim:claim_rec_src_search_ee3c4e1dc1cd_004_deaths,claim,claim_comparison:claim_cmp_972,claim_comparison,
compared_with,matched provenance identifier,claim:claim_rec_src_search_fd4c39b5e976_002_deaths,claim,claim_comparison:claim_cmp_972,claim_comparison,
compared_with,matched provenance identifier,claim:claim_rec_src_search_ee3c4e1dc1cd_004_deaths,claim,claim_comparison:claim_cmp_973,claim_comparison,
compared_with,matched provenance identifier,claim:claim_rec_src_search_a9306f6e1687_001_observation,claim,claim_comparison:claim_cmp_973,claim_comparison,
compared_with,matched provenance identifier,claim:claim_rec_src_search_ee3c4e1dc1cd_004_deaths,claim,claim_comparison:claim_cmp_974,claim_comparison,
compared_with,matched provenance identifier,claim:claim_rec_src_search_5b7e6dfb326c_003_cases_unspecified,claim,claim_comparison:claim_cmp_974,claim_comparison,
compared_with,matched provenance identifier,claim:claim_rec_src_search_ee3c4e1dc1cd_004_deaths,claim,claim_comparison:claim_cmp_975,claim_comparison,
compared_with,matched provenance identifier,claim:claim_rec_src_search_5b7e6dfb326c_003_deaths,claim,claim_comparison:claim_cmp_975,claim_comparison,
compared_with,matched provenance identifier,claim:claim_rec_src_search_ee3c4e1dc1cd_004_deaths,claim,claim_comparison:claim_cmp_976,claim_comparison,
compared_with,matched provenance identifier,claim:claim_rec_src_search_5b7e6dfb326c_003_hospitalizations,claim,claim_comparison:claim_cmp_976,claim_comparison,
compared_with,matched provenance identifier,claim:claim_rec_src_search_f72980cd3634_001_cases_unspecified,claim,claim_comparison:claim_cmp_977,claim_comparison,
compared_with,matched provenance identifier,claim:claim_rec_src_search_f72980cd3634_001_deaths,claim,claim_comparison:claim_cmp_977,claim_comparison,
compared_with,matched provenance identifier,claim:claim_rec_src_search_f72980cd3634_001_cases_unspecified,claim,claim_comparison:claim_cmp_978,claim_comparison,
compared_with,matched provenance identifier,claim:claim_rec_src_search_f72980cd3634_002_deaths,claim,claim_comparison:claim_cmp_978,claim_comparison,
compared_with,matched provenance identifier,claim:claim_rec_src_search_f72980cd3634_001_cases_unspecified,claim,claim_comparison:claim_cmp_979,claim_comparison,
compared_with,matched provenance identifier,claim:claim_rec_src_search_b74bccc017c5_004_cases_confirmed,claim,claim_comparison:claim_cmp_979,claim_comparison,
compared_with,matched provenance identifier,claim:claim_rec_src_search_f72980cd3634_001_cases_unspecified,claim,claim_comparison:claim_cmp_980,claim_comparison,
compared_with,matched provenance identifier,claim:claim_rec_src_search_b74bccc017c5_004_deaths,claim,claim_comparison:claim_cmp_980,claim_comparison,
compared_with,matched provenance identifier,claim:claim_rec_src_search_f72980cd3634_001_cases_unspecified,claim,claim_comparison:claim_cmp_981,claim_comparison,
compared_with,matched provenance identifier,claim:claim_rec_src_search_b74bccc017c5_004_hospitalizations,claim,claim_comparison:claim_cmp_981,claim_comparison,
compared_with,matched provenance identifier,claim:claim_rec_src_search_f72980cd3634_001_cases_unspecified,claim,claim_comparison:claim_cmp_982,claim_comparison,
compared_with,matched provenance identifier,claim:claim_rec_src_search_c72bcb75c75a_001_cases_unspecified,claim,claim_comparison:claim_cmp_982,claim_comparison,
compared_with,matched provenance identifier,claim:claim_rec_src_search_f72980cd3634_001_cases_unspecified,claim,claim_comparison:claim_cmp_983,claim_comparison,
compared_with,matched provenance identifier,claim:claim_rec_src_search_c72bcb75c75a_001_deaths,claim,claim_comparison:claim_cmp_983,claim_comparison,
compared_with,matched provenance identifier,claim:claim_rec_src_search_f72980cd3634_001_cases_unspecified,claim,claim_comparison:claim_cmp_984,claim_comparison,
compared_with,matched provenance identifier,claim:claim_rec_src_search_c72bcb75c75a_002_deaths,claim,claim_comparison:claim_cmp_984,claim_comparison,
compared_with,matched provenance identifier,claim:claim_rec_src_search_f72980cd3634_001_cases_unspecified,claim,claim_comparison:claim_cmp_985,claim_comparison,
compared_with,matched provenance identifier,claim:claim_rec_src_search_fd4c39b5e976_001_cases_confirmed,claim,claim_comparison:claim_cmp_985,claim_comparison,
compared_with,matched provenance identifier,claim:claim_rec_src_search_f72980cd3634_001_cases_unspecified,claim,claim_comparison:claim_cmp_986,claim_comparison,
compared_with,matched provenance identifier,claim:claim_rec_src_search_fd4c39b5e976_002_deaths,claim,claim_comparison:claim_cmp_986,claim_comparison,
compared_with,matched provenance identifier,claim:claim_rec_src_search_f72980cd3634_001_cases_unspecified,claim,claim_comparison:claim_cmp_987,claim_comparison,
compared_with,matched provenance identifier,claim:claim_rec_src_search_a9306f6e1687_001_observation,claim,claim_comparison:claim_cmp_987,claim_comparison,
compared_with,matched provenance identifier,claim:claim_rec_src_search_f72980cd3634_001_cases_unspecified,claim,claim_comparison:claim_cmp_988,claim_comparison,
compared_with,matched provenance identifier,claim:claim_rec_src_search_5b7e6dfb326c_003_cases_unspecified,claim,claim_comparison:claim_cmp_988,claim_comparison,
compared_with,matched provenance identifier,claim:claim_rec_src_search_f72980cd3634_001_cases_unspecified,claim,claim_comparison:claim_cmp_989,claim_comparison,
compared_with,matched provenance identifier,claim:claim_rec_src_search_5b7e6dfb326c_003_deaths,claim,claim_comparison:claim_cmp_989,claim_comparison,
compared_with,matched provenance identifier,claim:claim_rec_src_search_f72980cd3634_001_cases_unspecified,claim,claim_comparison:claim_cmp_990,claim_comparison,
compared_with,matched provenance identifier,claim:claim_rec_src_search_5b7e6dfb326c_003_hospitalizations,claim,claim_comparison:claim_cmp_990,claim_comparison,
compared_with,matched provenance identifier,claim:claim_rec_src_search_f72980cd3634_001_deaths,claim,claim_comparison:claim_cmp_991,claim_comparison,
compared_with,matched provenance identifier,claim:claim_rec_src_search_f72980cd3634_002_deaths,claim,claim_comparison:claim_cmp_991,claim_comparison,
compared_with,matched provenance identifier,claim:claim_rec_src_search_f72980cd3634_001_deaths,claim,claim_comparison:claim_cmp_992,claim_comparison,
compared_with,matched provenance identifier,claim:claim_rec_src_search_b74bccc017c5_004_cases_confirmed,claim,claim_comparison:claim_cmp_992,claim_comparison,
compared_with,matched provenance identifier,claim:claim_rec_src_search_f72980cd3634_001_deaths,claim,claim_comparison:claim_cmp_993,claim_comparison,
compared_with,matched provenance identifier,claim:claim_rec_src_search_b74bccc017c5_004_deaths,claim,claim_comparison:claim_cmp_993,claim_comparison,
compared_with,matched provenance identifier,claim:claim_rec_src_search_f72980cd3634_001_deaths,claim,claim_comparison:claim_cmp_994,claim_comparison,
compared_with,matched provenance identifier,claim:claim_rec_src_search_b74bccc017c5_004_hospitalizations,claim,claim_comparison:claim_cmp_994,claim_comparison,
compared_with,matched provenance identifier,claim:claim_rec_src_search_f72980cd3634_001_deaths,claim,claim_comparison:claim_cmp_995,claim_comparison,
compared_with,matched provenance identifier,claim:claim_rec_src_search_c72bcb75c75a_001_cases_unspecified,claim,claim_comparison:claim_cmp_995,claim_comparison,
compared_with,matched provenance identifier,claim:claim_rec_src_search_f72980cd3634_001_deaths,claim,claim_comparison:claim_cmp_996,claim_comparison,
compared_with,matched provenance identifier,claim:claim_rec_src_search_c72bcb75c75a_001_deaths,claim,claim_comparison:claim_cmp_996,claim_comparison,
compared_with,matched provenance identifier,claim:claim_rec_src_search_f72980cd3634_001_deaths,claim,claim_comparison:claim_cmp_997,claim_comparison,
compared_with,matched provenance identifier,claim:claim_rec_src_search_c72bcb75c75a_002_deaths,claim,claim_comparison:claim_cmp_997,claim_comparison,
compared_with,matched provenance identifier,claim:claim_rec_src_search_f72980cd3634_001_deaths,claim,claim_comparison:claim_cmp_998,claim_comparison,
compared_with,matched provenance identifier,claim:claim_rec_src_search_fd4c39b5e976_001_cases_confirmed,claim,claim_comparison:claim_cmp_998,claim_comparison,
compared_with,matched provenance identifier,claim:claim_rec_src_search_f72980cd3634_001_deaths,claim,claim_comparison:claim_cmp_999,claim_comparison,
compared_with,matched provenance identifier,claim:claim_rec_src_search_fd4c39b5e976_002_deaths,claim,claim_comparison:claim_cmp_999,claim_comparison,
compared_with,matched provenance identifier,claim:claim_rec_src_search_f72980cd3634_001_deaths,claim,claim_comparison:claim_cmp_1000,claim_comparison,
compared_with,matched provenance identifier,claim:claim_rec_src_search_a9306f6e1687_001_observation,claim,claim_comparison:claim_cmp_1000,claim_comparison,
compared_with,matched provenance identifier,claim:claim_rec_src_search_f72980cd3634_001_deaths,claim,claim_comparison:claim_cmp_1001,claim_comparison,
compared_with,matched provenance identifier,claim:claim_rec_src_search_5b7e6dfb326c_003_cases_unspecified,claim,claim_comparison:claim_cmp_1001,claim_comparison,
compared_with,matched provenance identifier,claim:claim_rec_src_search_f72980cd3634_001_deaths,claim,claim_comparison:claim_cmp_1002,claim_comparison,
compared_with,matched provenance identifier,claim:claim_rec_src_search_5b7e6dfb326c_003_deaths,claim,claim_comparison:claim_cmp_1002,claim_comparison,
compared_with,matched provenance identifier,claim:claim_rec_src_search_f72980cd3634_001_deaths,claim,claim_comparison:claim_cmp_1003,claim_comparison,
compared_with,matched provenance identifier,claim:claim_rec_src_search_5b7e6dfb326c_003_hospitalizations,claim,claim_comparison:claim_cmp_1003,claim_comparison,
compared_with,matched provenance identifier,claim:claim_rec_src_search_f72980cd3634_002_deaths,claim,claim_comparison:claim_cmp_1004,claim_comparison,
compared_with,matched provenance identifier,claim:claim_rec_src_search_b74bccc017c5_004_cases_confirmed,claim,claim_comparison:claim_cmp_1004,claim_comparison,
compared_with,matched provenance identifier,claim:claim_rec_src_search_f72980cd3634_002_deaths,claim,claim_comparison:claim_cmp_1005,claim_comparison,
compared_with,matched provenance identifier,claim:claim_rec_src_search_b74bccc017c5_004_deaths,claim,claim_comparison:claim_cmp_1005,claim_comparison,
compared_with,matched provenance identifier,claim:claim_rec_src_search_f72980cd3634_002_deaths,claim,claim_comparison:claim_cmp_1006,claim_comparison,
compared_with,matched provenance identifier,claim:claim_rec_src_search_b74bccc017c5_004_hospitalizations,claim,claim_comparison:claim_cmp_1006,claim_comparison,
compared_with,matched provenance identifier,claim:claim_rec_src_search_f72980cd3634_002_deaths,claim,claim_comparison:claim_cmp_1007,claim_comparison,
compared_with,matched provenance identifier,claim:claim_rec_src_search_c72bcb75c75a_001_cases_unspecified,claim,claim_comparison:claim_cmp_1007,claim_comparison,
compared_with,matched provenance identifier,claim:claim_rec_src_search_f72980cd3634_002_deaths,claim,claim_comparison:claim_cmp_1008,claim_comparison,
compared_with,matched provenance identifier,claim:claim_rec_src_search_c72bcb75c75a_001_deaths,claim,claim_comparison:claim_cmp_1008,claim_comparison,
compared_with,matched provenance identifier,claim:claim_rec_src_search_f72980cd3634_002_deaths,claim,claim_comparison:claim_cmp_1009,claim_comparison,
compared_with,matched provenance identifier,claim:claim_rec_src_search_c72bcb75c75a_002_deaths,claim,claim_comparison:claim_cmp_1009,claim_comparison,
compared_with,matched provenance identifier,claim:claim_rec_src_search_f72980cd3634_002_deaths,claim,claim_comparison:claim_cmp_1010,claim_comparison,
compared_with,matched provenance identifier,claim:claim_rec_src_search_fd4c39b5e976_001_cases_confirmed,claim,claim_comparison:claim_cmp_1010,claim_comparison,
compared_with,matched provenance identifier,claim:claim_rec_src_search_f72980cd3634_002_deaths,claim,claim_comparison:claim_cmp_1011,claim_comparison,
compared_with,matched provenance identifier,claim:claim_rec_src_search_fd4c39b5e976_002_deaths,claim,claim_comparison:claim_cmp_1011,claim_comparison,
compared_with,matched provenance identifier,claim:claim_rec_src_search_f72980cd3634_002_deaths,claim,claim_comparison:claim_cmp_1012,claim_comparison,
compared_with,matched provenance identifier,claim:claim_rec_src_search_a9306f6e1687_001_observation,claim,claim_comparison:claim_cmp_1012,claim_comparison,
compared_with,matched provenance identifier,claim:claim_rec_src_search_f72980cd3634_002_deaths,claim,claim_comparison:claim_cmp_1013,claim_comparison,
compared_with,matched provenance identifier,claim:claim_rec_src_search_5b7e6dfb326c_003_cases_unspecified,claim,claim_comparison:claim_cmp_1013,claim_comparison,
compared_with,matched provenance identifier,claim:claim_rec_src_search_f72980cd3634_002_deaths,claim,claim_comparison:claim_cmp_1014,claim_comparison,
compared_with,matched provenance identifier,claim:claim_rec_src_search_5b7e6dfb326c_003_deaths,claim,claim_comparison:claim_cmp_1014,claim_comparison,
compared_with,matched provenance identifier,claim:claim_rec_src_search_f72980cd3634_002_deaths,claim,claim_comparison:claim_cmp_1015,claim_comparison,
compared_with,matched provenance identifier,claim:claim_rec_src_search_5b7e6dfb326c_003_hospitalizations,claim,claim_comparison:claim_cmp_1015,claim_comparison,
compared_with,matched provenance identifier,claim:claim_rec_src_search_b74bccc017c5_004_cases_confirmed,claim,claim_comparison:claim_cmp_1016,claim_comparison,
compared_with,matched provenance identifier,claim:claim_rec_src_search_b74bccc017c5_004_deaths,claim,claim_comparison:claim_cmp_1016,claim_comparison,
compared_with,matched provenance identifier,claim:claim_rec_src_search_b74bccc017c5_004_cases_confirmed,claim,claim_comparison:claim_cmp_1017,claim_comparison,
compared_with,matched provenance identifier,claim:claim_rec_src_search_b74bccc017c5_004_hospitalizations,claim,claim_comparison:claim_cmp_1017,claim_comparison,
compared_with,matched provenance identifier,claim:claim_rec_src_search_b74bccc017c5_004_cases_confirmed,claim,claim_comparison:claim_cmp_1018,claim_comparison,
compared_with,matched provenance identifier,claim:claim_rec_src_search_c72bcb75c75a_001_cases_unspecified,claim,claim_comparison:claim_cmp_1018,claim_comparison,
compared_with,matched provenance identifier,claim:claim_rec_src_search_b74bccc017c5_004_cases_confirmed,claim,claim_comparison:claim_cmp_1019,claim_comparison,
compared_with,matched provenance identifier,claim:claim_rec_src_search_c72bcb75c75a_001_deaths,claim,claim_comparison:claim_cmp_1019,claim_comparison,
compared_with,matched provenance identifier,claim:claim_rec_src_search_b74bccc017c5_004_cases_confirmed,claim,claim_comparison:claim_cmp_1020,claim_comparison,
compared_with,matched provenance identifier,claim:claim_rec_src_search_c72bcb75c75a_002_deaths,claim,claim_comparison:claim_cmp_1020,claim_comparison,
compared_with,matched provenance identifier,claim:claim_rec_src_search_b74bccc017c5_004_cases_confirmed,claim,claim_comparison:claim_cmp_1021,claim_comparison,
compared_with,matched provenance identifier,claim:claim_rec_src_search_fd4c39b5e976_001_cases_confirmed,claim,claim_comparison:claim_cmp_1021,claim_comparison,
compared_with,matched provenance identifier,claim:claim_rec_src_search_b74bccc017c5_004_cases_confirmed,claim,claim_comparison:claim_cmp_1022,claim_comparison,
compared_with,matched provenance identifier,claim:claim_rec_src_search_fd4c39b5e976_002_deaths,claim,claim_comparison:claim_cmp_1022,claim_comparison,
compared_with,matched provenance identifier,claim:claim_rec_src_search_b74bccc017c5_004_cases_confirmed,claim,claim_comparison:claim_cmp_1023,claim_comparison,
compared_with,matched provenance identifier,claim:claim_rec_src_search_a9306f6e1687_001_observation,claim,claim_comparison:claim_cmp_1023,claim_comparison,
compared_with,matched provenance identifier,claim:claim_rec_src_search_b74bccc017c5_004_cases_confirmed,claim,claim_comparison:claim_cmp_1024,claim_comparison,
compared_with,matched provenance identifier,claim:claim_rec_src_search_5b7e6dfb326c_003_cases_unspecified,claim,claim_comparison:claim_cmp_1024,claim_comparison,
compared_with,matched provenance identifier,claim:claim_rec_src_search_b74bccc017c5_004_cases_confirmed,claim,claim_comparison:claim_cmp_1025,claim_comparison,
compared_with,matched provenance identifier,claim:claim_rec_src_search_5b7e6dfb326c_003_deaths,claim,claim_comparison:claim_cmp_1025,claim_comparison,
compared_with,matched provenance identifier,claim:claim_rec_src_search_b74bccc017c5_004_cases_confirmed,claim,claim_comparison:claim_cmp_1026,claim_comparison,
compared_with,matched provenance identifier,claim:claim_rec_src_search_5b7e6dfb326c_003_hospitalizations,claim,claim_comparison:claim_cmp_1026,claim_comparison,
compared_with,matched provenance identifier,claim:claim_rec_src_search_b74bccc017c5_004_deaths,claim,claim_comparison:claim_cmp_1027,claim_comparison,
compared_with,matched provenance identifier,claim:claim_rec_src_search_b74bccc017c5_004_hospitalizations,claim,claim_comparison:claim_cmp_1027,claim_comparison,
compared_with,matched provenance identifier,claim:claim_rec_src_search_b74bccc017c5_004_deaths,claim,claim_comparison:claim_cmp_1028,claim_comparison,
compared_with,matched provenance identifier,claim:claim_rec_src_search_c72bcb75c75a_001_cases_unspecified,claim,claim_comparison:claim_cmp_1028,claim_comparison,
compared_with,matched provenance identifier,claim:claim_rec_src_search_b74bccc017c5_004_deaths,claim,claim_comparison:claim_cmp_1029,claim_comparison,
compared_with,matched provenance identifier,claim:claim_rec_src_search_c72bcb75c75a_001_deaths,claim,claim_comparison:claim_cmp_1029,claim_comparison,
compared_with,matched provenance identifier,claim:claim_rec_src_search_b74bccc017c5_004_deaths,claim,claim_comparison:claim_cmp_1030,claim_comparison,
compared_with,matched provenance identifier,claim:claim_rec_src_search_c72bcb75c75a_002_deaths,claim,claim_comparison:claim_cmp_1030,claim_comparison,
compared_with,matched provenance identifier,claim:claim_rec_src_search_b74bccc017c5_004_deaths,claim,claim_comparison:claim_cmp_1031,claim_comparison,
compared_with,matched provenance identifier,claim:claim_rec_src_search_fd4c39b5e976_001_cases_confirmed,claim,claim_comparison:claim_cmp_1031,claim_comparison,
compared_with,matched provenance identifier,claim:claim_rec_src_search_b74bccc017c5_004_deaths,claim,claim_comparison:claim_cmp_1032,claim_comparison,
compared_with,matched provenance identifier,claim:claim_rec_src_search_fd4c39b5e976_002_deaths,claim,claim_comparison:claim_cmp_1032,claim_comparison,
compared_with,matched provenance identifier,claim:claim_rec_src_search_b74bccc017c5_004_deaths,claim,claim_comparison:claim_cmp_1033,claim_comparison,
compared_with,matched provenance identifier,claim:claim_rec_src_search_a9306f6e1687_001_observation,claim,claim_comparison:claim_cmp_1033,claim_comparison,
compared_with,matched provenance identifier,claim:claim_rec_src_search_b74bccc017c5_004_deaths,claim,claim_comparison:claim_cmp_1034,claim_comparison,
compared_with,matched provenance identifier,claim:claim_rec_src_search_5b7e6dfb326c_003_cases_unspecified,claim,claim_comparison:claim_cmp_1034,claim_comparison,
compared_with,matched provenance identifier,claim:claim_rec_src_search_b74bccc017c5_004_deaths,claim,claim_comparison:claim_cmp_1035,claim_comparison,
compared_with,matched provenance identifier,claim:claim_rec_src_search_5b7e6dfb326c_003_deaths,claim,claim_comparison:claim_cmp_1035,claim_comparison,
compared_with,matched provenance identifier,claim:claim_rec_src_search_b74bccc017c5_004_deaths,claim,claim_comparison:claim_cmp_1036,claim_comparison,
compared_with,matched provenance identifier,claim:claim_rec_src_search_5b7e6dfb326c_003_hospitalizations,claim,claim_comparison:claim_cmp_1036,claim_comparison,
compared_with,matched provenance identifier,claim:claim_rec_src_search_b74bccc017c5_004_hospitalizations,claim,claim_comparison:claim_cmp_1037,claim_comparison,
compared_with,matched provenance identifier,claim:claim_rec_src_search_c72bcb75c75a_001_cases_unspecified,claim,claim_comparison:claim_cmp_1037,claim_comparison,
compared_with,matched provenance identifier,claim:claim_rec_src_search_b74bccc017c5_004_hospitalizations,claim,claim_comparison:claim_cmp_1038,claim_comparison,
compared_with,matched provenance identifier,claim:claim_rec_src_search_c72bcb75c75a_001_deaths,claim,claim_comparison:claim_cmp_1038,claim_comparison,
compared_with,matched provenance identifier,claim:claim_rec_src_search_b74bccc017c5_004_hospitalizations,claim,claim_comparison:claim_cmp_1039,claim_comparison,
compared_with,matched provenance identifier,claim:claim_rec_src_search_c72bcb75c75a_002_deaths,claim,claim_comparison:claim_cmp_1039,claim_comparison,
compared_with,matched provenance identifier,claim:claim_rec_src_search_b74bccc017c5_004_hospitalizations,claim,claim_comparison:claim_cmp_1040,claim_comparison,
compared_with,matched provenance identifier,claim:claim_rec_src_search_fd4c39b5e976_001_cases_confirmed,claim,claim_comparison:claim_cmp_1040,claim_comparison,
compared_with,matched provenance identifier,claim:claim_rec_src_search_b74bccc017c5_004_hospitalizations,claim,claim_comparison:claim_cmp_1041,claim_comparison,
compared_with,matched provenance identifier,claim:claim_rec_src_search_fd4c39b5e976_002_deaths,claim,claim_comparison:claim_cmp_1041,claim_comparison,
compared_with,matched provenance identifier,claim:claim_rec_src_search_b74bccc017c5_004_hospitalizations,claim,claim_comparison:claim_cmp_1042,claim_comparison,
compared_with,matched provenance identifier,claim:claim_rec_src_search_a9306f6e1687_001_observation,claim,claim_comparison:claim_cmp_1042,claim_comparison,
compared_with,matched provenance identifier,claim:claim_rec_src_search_b74bccc017c5_004_hospitalizations,claim,claim_comparison:claim_cmp_1043,claim_comparison,
compared_with,matched provenance identifier,claim:claim_rec_src_search_5b7e6dfb326c_003_cases_unspecified,claim,claim_comparison:claim_cmp_1043,claim_comparison,
compared_with,matched provenance identifier,claim:claim_rec_src_search_b74bccc017c5_004_hospitalizations,claim,claim_comparison:claim_cmp_1044,claim_comparison,
compared_with,matched provenance identifier,claim:claim_rec_src_search_5b7e6dfb326c_003_deaths,claim,claim_comparison:claim_cmp_1044,claim_comparison,
compared_with,matched provenance identifier,claim:claim_rec_src_search_b74bccc017c5_004_hospitalizations,claim,claim_comparison:claim_cmp_1045,claim_comparison,
compared_with,matched provenance identifier,claim:claim_rec_src_search_5b7e6dfb326c_003_hospitalizations,claim,claim_comparison:claim_cmp_1045,claim_comparison,
compared_with,matched provenance identifier,claim:claim_rec_src_search_c72bcb75c75a_001_cases_unspecified,claim,claim_comparison:claim_cmp_1046,claim_comparison,
compared_with,matched provenance identifier,claim:claim_rec_src_search_c72bcb75c75a_001_deaths,claim,claim_comparison:claim_cmp_1046,claim_comparison,
compared_with,matched provenance identifier,claim:claim_rec_src_search_c72bcb75c75a_001_cases_unspecified,claim,claim_comparison:claim_cmp_1047,claim_comparison,
compared_with,matched provenance identifier,claim:claim_rec_src_search_c72bcb75c75a_002_deaths,claim,claim_comparison:claim_cmp_1047,claim_comparison,
compared_with,matched provenance identifier,claim:claim_rec_src_search_c72bcb75c75a_001_cases_unspecified,claim,claim_comparison:claim_cmp_1048,claim_comparison,
compared_with,matched provenance identifier,claim:claim_rec_src_search_fd4c39b5e976_001_cases_confirmed,claim,claim_comparison:claim_cmp_1048,claim_comparison,
compared_with,matched provenance identifier,claim:claim_rec_src_search_c72bcb75c75a_001_cases_unspecified,claim,claim_comparison:claim_cmp_1049,claim_comparison,
compared_with,matched provenance identifier,claim:claim_rec_src_search_fd4c39b5e976_002_deaths,claim,claim_comparison:claim_cmp_1049,claim_comparison,
compared_with,matched provenance identifier,claim:claim_rec_src_search_c72bcb75c75a_001_cases_unspecified,claim,claim_comparison:claim_cmp_1050,claim_comparison,
compared_with,matched provenance identifier,claim:claim_rec_src_search_a9306f6e1687_001_observation,claim,claim_comparison:claim_cmp_1050,claim_comparison,
compared_with,matched provenance identifier,claim:claim_rec_src_search_c72bcb75c75a_001_cases_unspecified,claim,claim_comparison:claim_cmp_1051,claim_comparison,
compared_with,matched provenance identifier,claim:claim_rec_src_search_5b7e6dfb326c_003_cases_unspecified,claim,claim_comparison:claim_cmp_1051,claim_comparison,
compared_with,matched provenance identifier,claim:claim_rec_src_search_c72bcb75c75a_001_cases_unspecified,claim,claim_comparison:claim_cmp_1052,claim_comparison,
compared_with,matched provenance identifier,claim:claim_rec_src_search_5b7e6dfb326c_003_deaths,claim,claim_comparison:claim_cmp_1052,claim_comparison,
compared_with,matched provenance identifier,claim:claim_rec_src_search_c72bcb75c75a_001_cases_unspecified,claim,claim_comparison:claim_cmp_1053,claim_comparison,
compared_with,matched provenance identifier,claim:claim_rec_src_search_5b7e6dfb326c_003_hospitalizations,claim,claim_comparison:claim_cmp_1053,claim_comparison,
compared_with,matched provenance identifier,claim:claim_rec_src_search_c72bcb75c75a_001_deaths,claim,claim_comparison:claim_cmp_1054,claim_comparison,
compared_with,matched provenance identifier,claim:claim_rec_src_search_c72bcb75c75a_002_deaths,claim,claim_comparison:claim_cmp_1054,claim_comparison,
compared_with,matched provenance identifier,claim:claim_rec_src_search_c72bcb75c75a_001_deaths,claim,claim_comparison:claim_cmp_1055,claim_comparison,
compared_with,matched provenance identifier,claim:claim_rec_src_search_fd4c39b5e976_001_cases_confirmed,claim,claim_comparison:claim_cmp_1055,claim_comparison,
compared_with,matched provenance identifier,claim:claim_rec_src_search_c72bcb75c75a_001_deaths,claim,claim_comparison:claim_cmp_1056,claim_comparison,
compared_with,matched provenance identifier,claim:claim_rec_src_search_fd4c39b5e976_002_deaths,claim,claim_comparison:claim_cmp_1056,claim_comparison,
compared_with,matched provenance identifier,claim:claim_rec_src_search_c72bcb75c75a_001_deaths,claim,claim_comparison:claim_cmp_1057,claim_comparison,
compared_with,matched provenance identifier,claim:claim_rec_src_search_a9306f6e1687_001_observation,claim,claim_comparison:claim_cmp_1057,claim_comparison,
compared_with,matched provenance identifier,claim:claim_rec_src_search_c72bcb75c75a_001_deaths,claim,claim_comparison:claim_cmp_1058,claim_comparison,
compared_with,matched provenance identifier,claim:claim_rec_src_search_5b7e6dfb326c_003_cases_unspecified,claim,claim_comparison:claim_cmp_1058,claim_comparison,
compared_with,matched provenance identifier,claim:claim_rec_src_search_c72bcb75c75a_001_deaths,claim,claim_comparison:claim_cmp_1059,claim_comparison,
compared_with,matched provenance identifier,claim:claim_rec_src_search_5b7e6dfb326c_003_deaths,claim,claim_comparison:claim_cmp_1059,claim_comparison,
compared_with,matched provenance identifier,claim:claim_rec_src_search_c72bcb75c75a_001_deaths,claim,claim_comparison:claim_cmp_1060,claim_comparison,
compared_with,matched provenance identifier,claim:claim_rec_src_search_5b7e6dfb326c_003_hospitalizations,claim,claim_comparison:claim_cmp_1060,claim_comparison,
compared_with,matched provenance identifier,claim:claim_rec_src_search_c72bcb75c75a_002_deaths,claim,claim_comparison:claim_cmp_1061,claim_comparison,
compared_with,matched provenance identifier,claim:claim_rec_src_search_fd4c39b5e976_001_cases_confirmed,claim,claim_comparison:claim_cmp_1061,claim_comparison,
compared_with,matched provenance identifier,claim:claim_rec_src_search_c72bcb75c75a_002_deaths,claim,claim_comparison:claim_cmp_1062,claim_comparison,
compared_with,matched provenance identifier,claim:claim_rec_src_search_fd4c39b5e976_002_deaths,claim,claim_comparison:claim_cmp_1062,claim_comparison,
compared_with,matched provenance identifier,claim:claim_rec_src_search_c72bcb75c75a_002_deaths,claim,claim_comparison:claim_cmp_1063,claim_comparison,
compared_with,matched provenance identifier,claim:claim_rec_src_search_a9306f6e1687_001_observation,claim,claim_comparison:claim_cmp_1063,claim_comparison,
compared_with,matched provenance identifier,claim:claim_rec_src_search_c72bcb75c75a_002_deaths,claim,claim_comparison:claim_cmp_1064,claim_comparison,
compared_with,matched provenance identifier,claim:claim_rec_src_search_5b7e6dfb326c_003_cases_unspecified,claim,claim_comparison:claim_cmp_1064,claim_comparison,
compared_with,matched provenance identifier,claim:claim_rec_src_search_c72bcb75c75a_002_deaths,claim,claim_comparison:claim_cmp_1065,claim_comparison,
compared_with,matched provenance identifier,claim:claim_rec_src_search_5b7e6dfb326c_003_deaths,claim,claim_comparison:claim_cmp_1065,claim_comparison,
compared_with,matched provenance identifier,claim:claim_rec_src_search_c72bcb75c75a_002_deaths,claim,claim_comparison:claim_cmp_1066,claim_comparison,
compared_with,matched provenance identifier,claim:claim_rec_src_search_5b7e6dfb326c_003_hospitalizations,claim,claim_comparison:claim_cmp_1066,claim_comparison,
compared_with,matched provenance identifier,claim:claim_rec_src_search_fd4c39b5e976_001_cases_confirmed,claim,claim_comparison:claim_cmp_1067,claim_comparison,
compared_with,matched provenance identifier,claim:claim_rec_src_search_fd4c39b5e976_002_deaths,claim,claim_comparison:claim_cmp_1067,claim_comparison,
compared_with,matched provenance identifier,claim:claim_rec_src_search_fd4c39b5e976_001_cases_confirmed,claim,claim_comparison:claim_cmp_1068,claim_comparison,
compared_with,matched provenance identifier,claim:claim_rec_src_search_a9306f6e1687_001_observation,claim,claim_comparison:claim_cmp_1068,claim_comparison,
compared_with,matched provenance identifier,claim:claim_rec_src_search_fd4c39b5e976_001_cases_confirmed,claim,claim_comparison:claim_cmp_1069,claim_comparison,
compared_with,matched provenance identifier,claim:claim_rec_src_search_5b7e6dfb326c_003_cases_unspecified,claim,claim_comparison:claim_cmp_1069,claim_comparison,
compared_with,matched provenance identifier,claim:claim_rec_src_search_fd4c39b5e976_001_cases_confirmed,claim,claim_comparison:claim_cmp_1070,claim_comparison,
compared_with,matched provenance identifier,claim:claim_rec_src_search_5b7e6dfb326c_003_deaths,claim,claim_comparison:claim_cmp_1070,claim_comparison,
compared_with,matched provenance identifier,claim:claim_rec_src_search_fd4c39b5e976_001_cases_confirmed,claim,claim_comparison:claim_cmp_1071,claim_comparison,
compared_with,matched provenance identifier,claim:claim_rec_src_search_5b7e6dfb326c_003_hospitalizations,claim,claim_comparison:claim_cmp_1071,claim_comparison,
compared_with,matched provenance identifier,claim:claim_rec_src_search_fd4c39b5e976_002_deaths,claim,claim_comparison:claim_cmp_1072,claim_comparison,
compared_with,matched provenance identifier,claim:claim_rec_src_search_a9306f6e1687_001_observation,claim,claim_comparison:claim_cmp_1072,claim_comparison,
compared_with,matched provenance identifier,claim:claim_rec_src_search_fd4c39b5e976_002_deaths,claim,claim_comparison:claim_cmp_1073,claim_comparison,
compared_with,matched provenance identifier,claim:claim_rec_src_search_5b7e6dfb326c_003_cases_unspecified,claim,claim_comparison:claim_cmp_1073,claim_comparison,
compared_with,matched provenance identifier,claim:claim_rec_src_search_fd4c39b5e976_002_deaths,claim,claim_comparison:claim_cmp_1074,claim_comparison,
compared_with,matched provenance identifier,claim:claim_rec_src_search_5b7e6dfb326c_003_deaths,claim,claim_comparison:claim_cmp_1074,claim_comparison,
compared_with,matched provenance identifier,claim:claim_rec_src_search_fd4c39b5e976_002_deaths,claim,claim_comparison:claim_cmp_1075,claim_comparison,
compared_with,matched provenance identifier,claim:claim_rec_src_search_5b7e6dfb326c_003_hospitalizations,claim,claim_comparison:claim_cmp_1075,claim_comparison,
compared_with,matched provenance identifier,claim:claim_rec_src_search_a9306f6e1687_001_observation,claim,claim_comparison:claim_cmp_1076,claim_comparison,
compared_with,matched provenance identifier,claim:claim_rec_src_search_5b7e6dfb326c_003_cases_unspecified,claim,claim_comparison:claim_cmp_1076,claim_comparison,
compared_with,matched provenance identifier,claim:claim_rec_src_search_a9306f6e1687_001_observation,claim,claim_comparison:claim_cmp_1077,claim_comparison,
compared_with,matched provenance identifier,claim:claim_rec_src_search_5b7e6dfb326c_003_deaths,claim,claim_comparison:claim_cmp_1077,claim_comparison,
compared_with,matched provenance identifier,claim:claim_rec_src_search_a9306f6e1687_001_observation,claim,claim_comparison:claim_cmp_1078,claim_comparison,
compared_with,matched provenance identifier,claim:claim_rec_src_search_5b7e6dfb326c_003_hospitalizations,claim,claim_comparison:claim_cmp_1078,claim_comparison,
compared_with,matched provenance identifier,claim:claim_rec_src_search_5b7e6dfb326c_003_cases_unspecified,claim,claim_comparison:claim_cmp_1079,claim_comparison,
compared_with,matched provenance identifier,claim:claim_rec_src_search_5b7e6dfb326c_003_deaths,claim,claim_comparison:claim_cmp_1079,claim_comparison,
compared_with,matched provenance identifier,claim:claim_rec_src_search_5b7e6dfb326c_003_cases_unspecified,claim,claim_comparison:claim_cmp_1080,claim_comparison,
compared_with,matched provenance identifier,claim:claim_rec_src_search_5b7e6dfb326c_003_hospitalizations,claim,claim_comparison:claim_cmp_1080,claim_comparison,
compared_with,matched provenance identifier,claim:claim_rec_src_search_5b7e6dfb326c_003_deaths,claim,claim_comparison:claim_cmp_1081,claim_comparison,
compared_with,matched provenance identifier,claim:claim_rec_src_search_5b7e6dfb326c_003_hospitalizations,claim,claim_comparison:claim_cmp_1081,claim_comparison,
grouped_into_event,matched provenance identifier,claim:claim_rec_src_search_9d8411eba09d_001_deaths,claim,corroborated_event:event_001,corroborated_event,
grouped_into_event,matched provenance identifier,claim:claim_rec_src_search_f72980cd3634_002_deaths,claim,corroborated_event:event_001,corroborated_event,
grouped_into_event,matched provenance identifier,claim:claim_rec_src_search_f72980cd3634_001_cases_unspecified,claim,corroborated_event:event_001,corroborated_event,
grouped_into_event,matched provenance identifier,claim:claim_rec_src_search_c72bcb75c75a_001_deaths,claim,corroborated_event:event_001,corroborated_event,
grouped_into_event,matched provenance identifier,claim:claim_rec_src_search_9d8411eba09d_004_deaths,claim,corroborated_event:event_001,corroborated_event,
grouped_into_event,matched provenance identifier,claim:claim_rec_src_search_c72bcb75c75a_001_cases_unspecified,claim,corroborated_event:event_001,corroborated_event,
grouped_into_event,matched provenance identifier,claim:claim_rec_src_search_fd4c39b5e976_001_cases_confirmed,claim,corroborated_event:event_001,corroborated_event,
grouped_into_event,matched provenance identifier,claim:claim_rec_src_search_9d8411eba09d_005_hospitalizations,claim,corroborated_event:event_001,corroborated_event,
grouped_into_event,matched provenance identifier,claim:claim_rec_src_search_9d8411eba09d_003_deaths,claim,corroborated_event:event_001,corroborated_event,
grouped_into_event,matched provenance identifier,claim:claim_rec_src_search_9d8411eba09d_003_cases_confirmed,claim,corroborated_event:event_001,corroborated_event,
grouped_into_event,matched provenance identifier,claim:claim_rec_src_search_b74bccc017c5_004_cases_confirmed,claim,corroborated_event:event_001,corroborated_event,
grouped_into_event,matched provenance identifier,claim:claim_rec_src_search_b74bccc017c5_004_hospitalizations,claim,corroborated_event:event_001,corroborated_event,
grouped_into_event,matched provenance identifier,claim:claim_rec_src_search_9d8411eba09d_003_hospitalizations,claim,corroborated_event:event_001,corroborated_event,
grouped_into_event,matched provenance identifier,claim:claim_rec_src_search_b74bccc017c5_004_deaths,claim,corroborated_event:event_001,corroborated_event,
grouped_into_event,matched provenance identifier,claim:claim_rec_src_search_fd4c39b5e976_002_deaths,claim,corroborated_event:event_001,corroborated_event,
grouped_into_event,matched provenance identifier,claim:claim_rec_src_search_9d8411eba09d_001_cases_unspecified,claim,corroborated_event:event_001,corroborated_event,
grouped_into_event,matched provenance identifier,claim:claim_rec_src_search_c72bcb75c75a_002_deaths,claim,corroborated_event:event_001,corroborated_event,
grouped_into_event,matched provenance identifier,claim:claim_rec_src_search_f72980cd3634_001_deaths,claim,corroborated_event:event_001,corroborated_event,
grouped_into_event,matched provenance identifier,claim:claim_rec_src_search_9d8411eba09d_002_deaths,claim,corroborated_event:event_001,corroborated_event,
grouped_into_event,matched provenance identifier,claim:claim_rec_src_search_743df961a25b_001_cases_unspecified,claim,corroborated_event:event_002,corroborated_event,
grouped_into_event,matched provenance identifier,claim:claim_rec_src_search_5b7e6dfb326c_002_observation,claim,corroborated_event:event_002,corroborated_event,
grouped_into_event,matched provenance identifier,claim:claim_rec_src_search_5b7e6dfb326c_003_cases_unspecified,claim,corroborated_event:event_002,corroborated_event,
grouped_into_event,matched provenance identifier,claim:claim_rec_src_search_b74bccc017c5_002_deaths,claim,corroborated_event:event_002,corroborated_event,
grouped_into_event,matched provenance identifier,claim:claim_rec_src_search_b74bccc017c5_001_cases_confirmed,claim,corroborated_event:event_002,corroborated_event,
grouped_into_event,matched provenance identifier,claim:claim_rec_src_search_ee3c4e1dc1cd_002_deaths,claim,corroborated_event:event_002,corroborated_event,
grouped_into_event,matched provenance identifier,claim:claim_rec_src_search_a9306f6e1687_001_observation,claim,corroborated_event:event_002,corroborated_event,
grouped_into_event,matched provenance identifier,claim:claim_rec_src_search_f0add2a7316b_001_cases_confirmed,claim,corroborated_event:event_002,corroborated_event,
grouped_into_event,matched provenance identifier,claim:claim_rec_src_search_743df961a25b_002_deaths,claim,corroborated_event:event_002,corroborated_event,
grouped_into_event,matched provenance identifier,claim:claim_rec_src_search_b74bccc017c5_003_hospitalizations,claim,corroborated_event:event_002,corroborated_event,
grouped_into_event,matched provenance identifier,claim:claim_rec_src_search_5b7e6dfb326c_003_hospitalizations,claim,corroborated_event:event_002,corroborated_event,
grouped_into_event,matched provenance identifier,claim:claim_rec_src_search_ee3c4e1dc1cd_001_cases_unspecified,claim,corroborated_event:event_002,corroborated_event,
grouped_into_event,matched provenance identifier,claim:claim_rec_src_search_743df961a25b_001_deaths,claim,corroborated_event:event_002,corroborated_event,
grouped_into_event,matched provenance identifier,claim:claim_rec_src_search_5b7e6dfb326c_003_deaths,claim,corroborated_event:event_002,corroborated_event,
grouped_into_event,matched provenance identifier,claim:claim_rec_src_search_f0add2a7316b_002_deaths,claim,corroborated_event:event_002,corroborated_event,
grouped_into_event,matched provenance identifier,claim:claim_rec_src_search_5b7e6dfb326c_001_observation,claim,corroborated_event:event_002,corroborated_event,
grouped_into_event,matched provenance identifier,claim:claim_rec_src_search_f0add2a7316b_003_deaths,claim,corroborated_event:event_003,corroborated_event,
grouped_into_event,matched provenance identifier,claim:claim_rec_src_search_f0add2a7316b_004_deaths,claim,corroborated_event:event_003,corroborated_event,
grouped_into_event,matched provenance identifier,claim:claim_rec_src_search_f0add2a7316b_003_cases_confirmed,claim,corroborated_event:event_003,corroborated_event,
grouped_into_event,matched provenance identifier,claim:claim_rec_src_search_72af26a33522_001_deaths,claim,corroborated_event:event_004,corroborated_event,
grouped_into_event,matched provenance identifier,claim:claim_rec_src_search_b8ca758c1979_001_cases_confirmed,claim,corroborated_event:event_004,corroborated_event,
grouped_into_event,matched provenance identifier,claim:claim_rec_src_search_72af26a33522_002_deaths,claim,corroborated_event:event_004,corroborated_event,
grouped_into_event,matched provenance identifier,claim:claim_rec_src_search_b8ca758c1979_001_hospitalizations,claim,corroborated_event:event_004,corroborated_event,
grouped_into_event,matched provenance identifier,claim:claim_rec_src_search_72af26a33522_001_cases_unspecified,claim,corroborated_event:event_004,corroborated_event,
grouped_into_event,matched provenance identifier,claim:claim_rec_src_search_72af26a33522_003_hospitalizations,claim,corroborated_event:event_004,corroborated_event,
grouped_into_event,matched provenance identifier,claim:claim_rec_src_search_ee3c4e1dc1cd_003_deaths,claim,corroborated_event:event_005,corroborated_event,
grouped_into_event,matched provenance identifier,claim:claim_rec_src_search_ee3c4e1dc1cd_004_deaths,claim,corroborated_event:event_005,corroborated_event,
grouped_into_event,matched provenance identifier,claim:claim_rec_src_search_ee3c4e1dc1cd_003_cases_unspecified,claim,corroborated_event:event_005,corroborated_event,
included_in_dataset_view,record appears in final_dataset,normalized_record:rec_src_search_5b7e6dfb326c_001,normalized_record,dataset_view:final_dataset,dataset_view,
included_in_dataset_view,record appears in final_dataset_pre_quality_gate,normalized_record:rec_src_search_9d8411eba09d_001,normalized_record,dataset_view:final_dataset_pre_quality_gate,dataset_view,
included_in_dataset_view,record appears in final_dataset_pre_quality_gate,normalized_record:rec_src_search_9d8411eba09d_002,normalized_record,dataset_view:final_dataset_pre_quality_gate,dataset_view,
included_in_dataset_view,record appears in final_dataset_pre_quality_gate,normalized_record:rec_src_search_ee3c4e1dc1cd_001,normalized_record,dataset_view:final_dataset_pre_quality_gate,dataset_view,
included_in_dataset_view,record appears in final_dataset_pre_quality_gate,normalized_record:rec_src_search_ee3c4e1dc1cd_002,normalized_record,dataset_view:final_dataset_pre_quality_gate,dataset_view,
included_in_dataset_view,record appears in final_dataset_pre_quality_gate,normalized_record:rec_src_search_5b7e6dfb326c_001,normalized_record,dataset_view:final_dataset_pre_quality_gate,dataset_view,
included_in_dataset_view,record appears in final_dataset_pre_quality_gate,normalized_record:rec_src_search_5b7e6dfb326c_002,normalized_record,dataset_view:final_dataset_pre_quality_gate,dataset_view,
included_in_dataset_view,record appears in final_dataset_pre_quality_gate,normalized_record:rec_src_search_743df961a25b_001,normalized_record,dataset_view:final_dataset_pre_quality_gate,dataset_view,
included_in_dataset_view,record appears in final_dataset_pre_quality_gate,normalized_record:rec_src_search_743df961a25b_002,normalized_record,dataset_view:final_dataset_pre_quality_gate,dataset_view,
included_in_dataset_view,record appears in final_dataset_pre_quality_gate,normalized_record:rec_src_search_b74bccc017c5_001,normalized_record,dataset_view:final_dataset_pre_quality_gate,dataset_view,
included_in_dataset_view,record appears in final_dataset_pre_quality_gate,normalized_record:rec_src_search_b74bccc017c5_002,normalized_record,dataset_view:final_dataset_pre_quality_gate,dataset_view,
included_in_dataset_view,record appears in final_dataset_pre_quality_gate,normalized_record:rec_src_search_b74bccc017c5_003,normalized_record,dataset_view:final_dataset_pre_quality_gate,dataset_view,
included_in_dataset_view,record appears in final_dataset_pre_quality_gate,normalized_record:rec_src_search_f0add2a7316b_001,normalized_record,dataset_view:final_dataset_pre_quality_gate,dataset_view,
included_in_dataset_view,record appears in final_dataset_pre_quality_gate,normalized_record:rec_src_search_f0add2a7316b_002,normalized_record,dataset_view:final_dataset_pre_quality_gate,dataset_view,
included_in_dataset_view,record appears in final_dataset_pre_quality_gate,normalized_record:rec_src_search_f0add2a7316b_003,normalized_record,dataset_view:final_dataset_pre_quality_gate,dataset_view,
included_in_dataset_view,record appears in final_dataset_pre_quality_gate,normalized_record:rec_src_search_f0add2a7316b_004,normalized_record,dataset_view:final_dataset_pre_quality_gate,dataset_view,
included_in_dataset_view,record appears in final_dataset_pre_quality_gate,normalized_record:rec_src_search_72af26a33522_001,normalized_record,dataset_view:final_dataset_pre_quality_gate,dataset_view,
included_in_dataset_view,record appears in final_dataset_pre_quality_gate,normalized_record:rec_src_search_72af26a33522_002,normalized_record,dataset_view:final_dataset_pre_quality_gate,dataset_view,
included_in_dataset_view,record appears in final_dataset_pre_quality_gate,normalized_record:rec_src_search_72af26a33522_003,normalized_record,dataset_view:final_dataset_pre_quality_gate,dataset_view,
included_in_dataset_view,record appears in final_dataset_pre_quality_gate,normalized_record:rec_src_search_b8ca758c1979_001,normalized_record,dataset_view:final_dataset_pre_quality_gate,dataset_view,
included_in_dataset_view,record appears in final_dataset_pre_quality_gate,normalized_record:rec_src_search_9d8411eba09d_003,normalized_record,dataset_view:final_dataset_pre_quality_gate,dataset_view,
included_in_dataset_view,record appears in final_dataset_pre_quality_gate,normalized_record:rec_src_search_9d8411eba09d_004,normalized_record,dataset_view:final_dataset_pre_quality_gate,dataset_view,
included_in_dataset_view,record appears in final_dataset_pre_quality_gate,normalized_record:rec_src_search_9d8411eba09d_005,normalized_record,dataset_view:final_dataset_pre_quality_gate,dataset_view,
included_in_dataset_view,record appears in final_dataset_pre_quality_gate,normalized_record:rec_src_search_ee3c4e1dc1cd_003,normalized_record,dataset_view:final_dataset_pre_quality_gate,dataset_view,
included_in_dataset_view,record appears in final_dataset_pre_quality_gate,normalized_record:rec_src_search_ee3c4e1dc1cd_004,normalized_record,dataset_view:final_dataset_pre_quality_gate,dataset_view,
included_in_dataset_view,record appears in final_dataset_pre_quality_gate,normalized_record:rec_src_search_f72980cd3634_001,normalized_record,dataset_view:final_dataset_pre_quality_gate,dataset_view,
included_in_dataset_view,record appears in final_dataset_pre_quality_gate,normalized_record:rec_src_search_f72980cd3634_002,normalized_record,dataset_view:final_dataset_pre_quality_gate,dataset_view,
included_in_dataset_view,record appears in final_dataset_pre_quality_gate,normalized_record:rec_src_search_b74bccc017c5_004,normalized_record,dataset_view:final_dataset_pre_quality_gate,dataset_view,
included_in_dataset_view,record appears in final_dataset_pre_quality_gate,normalized_record:rec_src_search_c72bcb75c75a_001,normalized_record,dataset_view:final_dataset_pre_quality_gate,dataset_view,
included_in_dataset_view,record appears in final_dataset_pre_quality_gate,normalized_record:rec_src_search_c72bcb75c75a_002,normalized_record,dataset_view:final_dataset_pre_quality_gate,dataset_view,
included_in_dataset_view,record appears in final_dataset_pre_quality_gate,normalized_record:rec_src_search_fd4c39b5e976_001,normalized_record,dataset_view:final_dataset_pre_quality_gate,dataset_view,
included_in_dataset_view,record appears in final_dataset_pre_quality_gate,normalized_record:rec_src_search_fd4c39b5e976_002,normalized_record,dataset_view:final_dataset_pre_quality_gate,dataset_view,
included_in_dataset_view,record appears in final_dataset_pre_quality_gate,normalized_record:rec_src_search_a9306f6e1687_001,normalized_record,dataset_view:final_dataset_pre_quality_gate,dataset_view,
included_in_dataset_view,record appears in final_dataset_pre_quality_gate,normalized_record:rec_src_search_5b7e6dfb326c_003,normalized_record,dataset_view:final_dataset_pre_quality_gate,dataset_view,
included_in_dataset_view,record appears in final_dataset_post_review,normalized_record:rec_src_search_5b7e6dfb326c_001,normalized_record,dataset_view:final_dataset_post_review,dataset_view,
included_in_dataset_view,record appears in zero_case_statements,normalized_record:rec_src_search_f0add2a7316b_001,normalized_record,dataset_view:zero_case_statements,dataset_view,
included_in_dataset_view,record appears in zero_case_statements,normalized_record:rec_src_search_f0add2a7316b_002,normalized_record,dataset_view:zero_case_statements,dataset_view,
included_in_dataset_view,record appears in zero_case_statements,normalized_record:rec_src_search_f0add2a7316b_003,normalized_record,dataset_view:zero_case_statements,dataset_view,
included_in_dataset_view,record appears in zero_case_statements,normalized_record:rec_src_search_f0add2a7316b_004,normalized_record,dataset_view:zero_case_statements,dataset_view,
included_in_dataset_view,record appears in surveillance_summary_records,normalized_record:rec_src_search_b8ca758c1979_001,normalized_record,dataset_view:surveillance_summary_records,dataset_view,
context_for,record appears in context_records,normalized_record:rec_src_search_9d8411eba09d_003,normalized_record,dataset_view:context_records,dataset_view,
context_for,record appears in context_records,normalized_record:rec_src_search_9d8411eba09d_004,normalized_record,dataset_view:context_records,dataset_view,
context_for,record appears in context_records,normalized_record:rec_src_search_9d8411eba09d_005,normalized_record,dataset_view:context_records,dataset_view,
context_for,record appears in context_records,normalized_record:rec_src_search_a9306f6e1687_001,normalized_record,dataset_view:context_records,dataset_view,
context_for,record appears in context_records,normalized_record:rec_src_search_b8ca758c1979_001,normalized_record,dataset_view:context_records,dataset_view,
context_for,record appears in context_records,normalized_record:rec_src_search_c72bcb75c75a_001,normalized_record,dataset_view:context_records,dataset_view,
context_for,record appears in context_records,normalized_record:rec_src_search_c72bcb75c75a_002,normalized_record,dataset_view:context_records,dataset_view,
context_for,record appears in context_records,normalized_record:rec_src_search_ee3c4e1dc1cd_003,normalized_record,dataset_view:context_records,dataset_view,
context_for,record appears in context_records,normalized_record:rec_src_search_ee3c4e1dc1cd_004,normalized_record,dataset_view:context_records,dataset_view,
context_for,record appears in context_records,normalized_record:rec_src_search_f72980cd3634_001,normalized_record,dataset_view:context_records,dataset_view,
context_for,record appears in context_records,normalized_record:rec_src_search_f72980cd3634_002,normalized_record,dataset_view:context_records,dataset_view,
context_for,record appears in context_records,normalized_record:rec_src_search_fd4c39b5e976_001,normalized_record,dataset_view:context_records,dataset_view,
context_for,record appears in context_records,normalized_record:rec_src_search_fd4c39b5e976_002,normalized_record,dataset_view:context_records,dataset_view,
included_in_dataset_view,record appears in unclassified_observation_records,normalized_record:rec_src_search_5b7e6dfb326c_001,normalized_record,dataset_view:unclassified_observation_records,dataset_view,
included_in_dataset_view,record appears in unclassified_observation_records,normalized_record:rec_src_search_5b7e6dfb326c_002,normalized_record,dataset_view:unclassified_observation_records,dataset_view,
included_in_dataset_view,record appears in unclassified_observation_records,normalized_record:rec_src_search_a9306f6e1687_001,normalized_record,dataset_view:unclassified_observation_records,dataset_view,
included_in_dataset_view,record appears in non_primary_observations,normalized_record:rec_src_search_5b7e6dfb326c_002,normalized_record,dataset_view:non_primary_observations,dataset_view,
included_in_dataset_view,record appears in non_primary_observations,normalized_record:rec_src_search_b8ca758c1979_001,normalized_record,dataset_view:non_primary_observations,dataset_view,
included_in_dataset_view,record appears in non_primary_observations,normalized_record:rec_src_search_c72bcb75c75a_002,normalized_record,dataset_view:non_primary_observations,dataset_view,
included_in_dataset_view,record appears in non_primary_observations,normalized_record:rec_src_search_a9306f6e1687_001,normalized_record,dataset_view:non_primary_observations,dataset_view,
quarantined_as,record appears in quarantined_records,normalized_record:rec_src_search_5b7e6dfb326c_002,normalized_record,dataset_view:quarantined_records,dataset_view,
quarantined_as,record appears in quarantined_records,normalized_record:rec_src_search_72af26a33522_003,normalized_record,dataset_view:quarantined_records,dataset_view,
quarantined_as,record appears in quarantined_records,normalized_record:rec_src_search_b8ca758c1979_001,normalized_record,dataset_view:quarantined_records,dataset_view,
quarantined_as,record appears in quarantined_records,normalized_record:rec_src_search_f72980cd3634_001,normalized_record,dataset_view:quarantined_records,dataset_view,
quarantined_as,record appears in quarantined_records,normalized_record:rec_src_search_f72980cd3634_002,normalized_record,dataset_view:quarantined_records,dataset_view,
quarantined_as,record appears in quarantined_records,normalized_record:rec_src_search_c72bcb75c75a_001,normalized_record,dataset_view:quarantined_records,dataset_view,
quarantined_as,record appears in quarantined_records,normalized_record:rec_src_search_c72bcb75c75a_002,normalized_record,dataset_view:quarantined_records,dataset_view,
quarantined_as,record appears in quarantined_records,normalized_record:rec_src_search_fd4c39b5e976_001,normalized_record,dataset_view:quarantined_records,dataset_view,
quarantined_as,record appears in quarantined_records,normalized_record:rec_src_search_fd4c39b5e976_002,normalized_record,dataset_view:quarantined_records,dataset_view,
quarantined_as,record appears in quarantined_records,normalized_record:rec_src_search_a9306f6e1687_001,normalized_record,dataset_view:quarantined_records,dataset_view,
quarantined_as,record appears in quarantined_records,normalized_record:rec_src_search_5b7e6dfb326c_003,normalized_record,dataset_view:quarantined_records,dataset_view,
pending_review_as,record appears in pending_review_records,normalized_record:rec_src_search_9d8411eba09d_001,normalized_record,dataset_view:pending_review_records,dataset_view,
pending_review_as,record appears in pending_review_records,normalized_record:rec_src_search_9d8411eba09d_002,normalized_record,dataset_view:pending_review_records,dataset_view,
pending_review_as,record appears in pending_review_records,normalized_record:rec_src_search_ee3c4e1dc1cd_001,normalized_record,dataset_view:pending_review_records,dataset_view,
pending_review_as,record appears in pending_review_records,normalized_record:rec_src_search_ee3c4e1dc1cd_002,normalized_record,dataset_view:pending_review_records,dataset_view,
pending_review_as,record appears in pending_review_records,normalized_record:rec_src_search_743df961a25b_001,normalized_record,dataset_view:pending_review_records,dataset_view,
pending_review_as,record appears in pending_review_records,normalized_record:rec_src_search_743df961a25b_002,normalized_record,dataset_view:pending_review_records,dataset_view,
pending_review_as,record appears in pending_review_records,normalized_record:rec_src_search_b74bccc017c5_001,normalized_record,dataset_view:pending_review_records,dataset_view,
pending_review_as,record appears in pending_review_records,normalized_record:rec_src_search_b74bccc017c5_002,normalized_record,dataset_view:pending_review_records,dataset_view,
pending_review_as,record appears in pending_review_records,normalized_record:rec_src_search_b74bccc017c5_003,normalized_record,dataset_view:pending_review_records,dataset_view,
pending_review_as,record appears in pending_review_records,normalized_record:rec_src_search_f0add2a7316b_001,normalized_record,dataset_view:pending_review_records,dataset_view,
pending_review_as,record appears in pending_review_records,normalized_record:rec_src_search_f0add2a7316b_002,normalized_record,dataset_view:pending_review_records,dataset_view,
pending_review_as,record appears in pending_review_records,normalized_record:rec_src_search_f0add2a7316b_003,normalized_record,dataset_view:pending_review_records,dataset_view,
pending_review_as,record appears in pending_review_records,normalized_record:rec_src_search_f0add2a7316b_004,normalized_record,dataset_view:pending_review_records,dataset_view,
pending_review_as,record appears in pending_review_records,normalized_record:rec_src_search_72af26a33522_001,normalized_record,dataset_view:pending_review_records,dataset_view,
pending_review_as,record appears in pending_review_records,normalized_record:rec_src_search_72af26a33522_002,normalized_record,dataset_view:pending_review_records,dataset_view,
pending_review_as,record appears in pending_review_records,normalized_record:rec_src_search_9d8411eba09d_003,normalized_record,dataset_view:pending_review_records,dataset_view,
pending_review_as,record appears in pending_review_records,normalized_record:rec_src_search_9d8411eba09d_004,normalized_record,dataset_view:pending_review_records,dataset_view,
pending_review_as,record appears in pending_review_records,normalized_record:rec_src_search_9d8411eba09d_005,normalized_record,dataset_view:pending_review_records,dataset_view,
pending_review_as,record appears in pending_review_records,normalized_record:rec_src_search_ee3c4e1dc1cd_003,normalized_record,dataset_view:pending_review_records,dataset_view,
pending_review_as,record appears in pending_review_records,normalized_record:rec_src_search_ee3c4e1dc1cd_004,normalized_record,dataset_view:pending_review_records,dataset_view,
pending_review_as,record appears in pending_review_records,normalized_record:rec_src_search_b74bccc017c5_004,normalized_record,dataset_view:pending_review_records,dataset_view,
requires_review,matched provenance identifier,claim:claim_rec_src_search_9d8411eba09d_001_deaths,claim,human_review_item:review_claim_corroboration_conflict_corr_event_001,human_review_item,
requires_review,matched provenance identifier,claim:claim_rec_src_search_f72980cd3634_002_deaths,claim,human_review_item:review_claim_corroboration_conflict_corr_event_001,human_review_item,
requires_review,matched provenance identifier,source:src_search_fd4c39b5e976,source,human_review_item:review_claim_corroboration_conflict_corr_event_001,human_review_item,
requires_review,matched provenance identifier,claim:claim_rec_src_search_f72980cd3634_001_cases_unspecified,claim,human_review_item:review_claim_corroboration_conflict_corr_event_001,human_review_item,
requires_review,matched provenance identifier,claim:claim_rec_src_search_c72bcb75c75a_001_deaths,claim,human_review_item:review_claim_corroboration_conflict_corr_event_001,human_review_item,
requires_review,matched provenance identifier,source:src_search_9d8411eba09d,source,human_review_item:review_claim_corroboration_conflict_corr_event_001,human_review_item,
requires_review,matched provenance identifier,claim:claim_rec_src_search_9d8411eba09d_004_deaths,claim,human_review_item:review_claim_corroboration_conflict_corr_event_001,human_review_item,
requires_review,matched provenance identifier,claim:claim_rec_src_search_c72bcb75c75a_001_cases_unspecified,claim,human_review_item:review_claim_corroboration_conflict_corr_event_001,human_review_item,
requires_review,matched provenance identifier,claim:claim_rec_src_search_fd4c39b5e976_001_cases_confirmed,claim,human_review_item:review_claim_corroboration_conflict_corr_event_001,human_review_item,
requires_review,matched provenance identifier,claim:claim_rec_src_search_9d8411eba09d_005_hospitalizations,claim,human_review_item:review_claim_corroboration_conflict_corr_event_001,human_review_item,
requires_review,matched provenance identifier,claim:claim_rec_src_search_9d8411eba09d_003_deaths,claim,human_review_item:review_claim_corroboration_conflict_corr_event_001,human_review_item,
requires_review,matched provenance identifier,source:src_search_f72980cd3634,source,human_review_item:review_claim_corroboration_conflict_corr_event_001,human_review_item,
requires_review,matched provenance identifier,claim:claim_rec_src_search_9d8411eba09d_003_cases_confirmed,claim,human_review_item:review_claim_corroboration_conflict_corr_event_001,human_review_item,
requires_review,matched provenance identifier,claim:claim_rec_src_search_b74bccc017c5_004_cases_confirmed,claim,human_review_item:review_claim_corroboration_conflict_corr_event_001,human_review_item,
requires_review,matched provenance identifier,claim:claim_rec_src_search_b74bccc017c5_004_hospitalizations,claim,human_review_item:review_claim_corroboration_conflict_corr_event_001,human_review_item,
requires_review,matched provenance identifier,source:src_search_b74bccc017c5,source,human_review_item:review_claim_corroboration_conflict_corr_event_001,human_review_item,
requires_review,matched provenance identifier,claim:claim_rec_src_search_9d8411eba09d_003_hospitalizations,claim,human_review_item:review_claim_corroboration_conflict_corr_event_001,human_review_item,
requires_review,matched provenance identifier,claim:claim_rec_src_search_b74bccc017c5_004_deaths,claim,human_review_item:review_claim_corroboration_conflict_corr_event_001,human_review_item,
requires_review,matched provenance identifier,claim:claim_rec_src_search_fd4c39b5e976_002_deaths,claim,human_review_item:review_claim_corroboration_conflict_corr_event_001,human_review_item,
requires_review,matched provenance identifier,claim:claim_rec_src_search_9d8411eba09d_001_cases_unspecified,claim,human_review_item:review_claim_corroboration_conflict_corr_event_001,human_review_item,
requires_review,matched provenance identifier,claim:claim_rec_src_search_c72bcb75c75a_002_deaths,claim,human_review_item:review_claim_corroboration_conflict_corr_event_001,human_review_item,
requires_review,matched provenance identifier,claim:claim_rec_src_search_f72980cd3634_001_deaths,claim,human_review_item:review_claim_corroboration_conflict_corr_event_001,human_review_item,
requires_review,matched provenance identifier,source:src_search_c72bcb75c75a,source,human_review_item:review_claim_corroboration_conflict_corr_event_001,human_review_item,
requires_review,matched provenance identifier,claim:claim_rec_src_search_9d8411eba09d_002_deaths,claim,human_review_item:review_claim_corroboration_conflict_corr_event_001,human_review_item,
requires_review,matched provenance identifier,claim:claim_rec_src_search_5b7e6dfb326c_003_cases_unspecified,claim,human_review_item:review_claim_corroboration_conflict_corr_event_002,human_review_item,
requires_review,matched provenance identifier,claim:claim_rec_src_search_b74bccc017c5_002_deaths,claim,human_review_item:review_claim_corroboration_conflict_corr_event_002,human_review_item,
requires_review,matched provenance identifier,claim:claim_rec_src_search_b74bccc017c5_001_cases_confirmed,claim,human_review_item:review_claim_corroboration_conflict_corr_event_002,human_review_item,
requires_review,matched provenance identifier,claim:claim_rec_src_search_ee3c4e1dc1cd_002_deaths,claim,human_review_item:review_claim_corroboration_conflict_corr_event_002,human_review_item,
requires_review,matched provenance identifier,claim:claim_rec_src_search_b74bccc017c5_003_hospitalizations,claim,human_review_item:review_claim_corroboration_conflict_corr_event_002,human_review_item,
requires_review,matched provenance identifier,claim:claim_rec_src_search_743df961a25b_001_deaths,claim,human_review_item:review_claim_corroboration_conflict_corr_event_002,human_review_item,
requires_review,matched provenance identifier,source:src_search_5b7e6dfb326c,source,human_review_item:review_claim_corroboration_conflict_corr_event_002,human_review_item,
requires_review,matched provenance identifier,claim:claim_rec_src_search_f0add2a7316b_002_deaths,claim,human_review_item:review_claim_corroboration_conflict_corr_event_002,human_review_item,
requires_review,matched provenance identifier,claim:claim_rec_src_search_743df961a25b_001_cases_unspecified,claim,human_review_item:review_claim_corroboration_conflict_corr_event_002,human_review_item,
requires_review,matched provenance identifier,source:src_search_a9306f6e1687,source,human_review_item:review_claim_corroboration_conflict_corr_event_002,human_review_item,
requires_review,matched provenance identifier,claim:claim_rec_src_search_a9306f6e1687_001_observation,claim,human_review_item:review_claim_corroboration_conflict_corr_event_002,human_review_item,
requires_review,matched provenance identifier,claim:claim_rec_src_search_5b7e6dfb326c_002_observation,claim,human_review_item:review_claim_corroboration_conflict_corr_event_002,human_review_item,
requires_review,matched provenance identifier,source:src_search_f0add2a7316b,source,human_review_item:review_claim_corroboration_conflict_corr_event_002,human_review_item,
requires_review,matched provenance identifier,source:src_search_b74bccc017c5,source,human_review_item:review_claim_corroboration_conflict_corr_event_002,human_review_item,
requires_review,matched provenance identifier,claim:claim_rec_src_search_743df961a25b_002_deaths,claim,human_review_item:review_claim_corroboration_conflict_corr_event_002,human_review_item,
requires_review,matched provenance identifier,claim:claim_rec_src_search_5b7e6dfb326c_003_hospitalizations,claim,human_review_item:review_claim_corroboration_conflict_corr_event_002,human_review_item,
requires_review,matched provenance identifier,claim:claim_rec_src_search_5b7e6dfb326c_001_observation,claim,human_review_item:review_claim_corroboration_conflict_corr_event_002,human_review_item,
requires_review,matched provenance identifier,source:src_search_743df961a25b,source,human_review_item:review_claim_corroboration_conflict_corr_event_002,human_review_item,
requires_review,matched provenance identifier,source:src_search_ee3c4e1dc1cd,source,human_review_item:review_claim_corroboration_conflict_corr_event_002,human_review_item,
requires_review,matched provenance identifier,claim:claim_rec_src_search_f0add2a7316b_001_cases_confirmed,claim,human_review_item:review_claim_corroboration_conflict_corr_event_002,human_review_item,
requires_review,matched provenance identifier,claim:claim_rec_src_search_ee3c4e1dc1cd_001_cases_unspecified,claim,human_review_item:review_claim_corroboration_conflict_corr_event_002,human_review_item,
requires_review,matched provenance identifier,claim:claim_rec_src_search_5b7e6dfb326c_003_deaths,claim,human_review_item:review_claim_corroboration_conflict_corr_event_002,human_review_item,
requires_review,matched provenance identifier,claim:claim_rec_src_search_72af26a33522_001_deaths,claim,human_review_item:review_claim_corroboration_conflict_corr_event_004,human_review_item,
requires_review,matched provenance identifier,source:src_search_72af26a33522,source,human_review_item:review_claim_corroboration_conflict_corr_event_004,human_review_item,
requires_review,matched provenance identifier,claim:claim_rec_src_search_b8ca758c1979_001_cases_confirmed,claim,human_review_item:review_claim_corroboration_conflict_corr_event_004,human_review_item,
requires_review,matched provenance identifier,claim:claim_rec_src_search_72af26a33522_002_deaths,claim,human_review_item:review_claim_corroboration_conflict_corr_event_004,human_review_item,
requires_review,matched provenance identifier,claim:claim_rec_src_search_b8ca758c1979_001_hospitalizations,claim,human_review_item:review_claim_corroboration_conflict_corr_event_004,human_review_item,
requires_review,matched provenance identifier,claim:claim_rec_src_search_72af26a33522_001_cases_unspecified,claim,human_review_item:review_claim_corroboration_conflict_corr_event_004,human_review_item,
requires_review,matched provenance identifier,claim:claim_rec_src_search_72af26a33522_003_hospitalizations,claim,human_review_item:review_claim_corroboration_conflict_corr_event_004,human_review_item,
requires_review,matched provenance identifier,source:src_search_b8ca758c1979,source,human_review_item:review_claim_corroboration_conflict_corr_event_004,human_review_item,
requires_review,matched provenance identifier,corroborated_event:event_001,corroborated_event,human_review_item:review_duplicate_event_001,human_review_item,
requires_review,matched provenance identifier,normalized_record:rec_src_search_b74bccc017c5_001,normalized_record,human_review_item:review_duplicate_event_001,human_review_item,
requires_review,matched provenance identifier,normalized_record:rec_src_search_b74bccc017c5_002,normalized_record,human_review_item:review_duplicate_event_001,human_review_item,
requires_review,matched provenance identifier,normalized_record:rec_src_search_b74bccc017c5_003,normalized_record,human_review_item:review_duplicate_event_002,human_review_item,
requires_review,matched provenance identifier,corroborated_event:event_002,corroborated_event,human_review_item:review_duplicate_event_002,human_review_item,
requires_review,matched provenance identifier,normalized_record:rec_src_search_72af26a33522_002,normalized_record,human_review_item:review_duplicate_event_016,human_review_item,
requires_review,matched provenance identifier,normalized_record:rec_src_search_72af26a33522_001,normalized_record,human_review_item:review_duplicate_event_016,human_review_item,
requires_review,matched provenance identifier,normalized_record:rec_src_search_72af26a33522_003,normalized_record,human_review_item:review_duplicate_event_017,human_review_item,
requires_review,matched provenance identifier,source:src_search_fd4c39b5e976,source,human_review_item:review_anomaly_anom_014,human_review_item,
requires_review,matched provenance identifier,normalized_record:rec_src_search_9d8411eba09d_003,normalized_record,human_review_item:review_duplicate_event_003,human_review_item,
requires_review,matched provenance identifier,normalized_record:rec_src_search_9d8411eba09d_004,normalized_record,human_review_item:review_duplicate_event_003,human_review_item,
requires_review,matched provenance identifier,corroborated_event:event_003,corroborated_event,human_review_item:review_duplicate_event_003,human_review_item,
requires_review,matched provenance identifier,normalized_record:rec_src_search_9d8411eba09d_005,normalized_record,human_review_item:review_duplicate_event_003,human_review_item,
requires_review,matched provenance identifier,normalized_record:rec_src_search_c72bcb75c75a_001,normalized_record,human_review_item:review_duplicate_event_004,human_review_item,
requires_review,matched provenance identifier,normalized_record:rec_src_search_c72bcb75c75a_002,normalized_record,human_review_item:review_duplicate_event_004,human_review_item,
requires_review,matched provenance identifier,corroborated_event:event_004,corroborated_event,human_review_item:review_duplicate_event_004,human_review_item,
requires_review,matched provenance identifier,normalized_record:rec_src_search_9d8411eba09d_001,normalized_record,human_review_item:review_duplicate_event_005,human_review_item,
requires_review,matched provenance identifier,corroborated_event:event_005,corroborated_event,human_review_item:review_duplicate_event_005,human_review_item,
requires_review,matched provenance identifier,normalized_record:rec_src_search_9d8411eba09d_002,normalized_record,human_review_item:review_duplicate_event_005,human_review_item,
requires_review,matched provenance identifier,normalized_record:rec_src_search_ee3c4e1dc1cd_003,normalized_record,human_review_item:review_duplicate_event_008,human_review_item,
requires_review,matched provenance identifier,normalized_record:rec_src_search_ee3c4e1dc1cd_004,normalized_record,human_review_item:review_duplicate_event_008,human_review_item,
requires_review,matched provenance identifier,normalized_record:rec_src_search_f72980cd3634_001,normalized_record,human_review_item:review_duplicate_event_010,human_review_item,
requires_review,matched provenance identifier,normalized_record:rec_src_search_f72980cd3634_002,normalized_record,human_review_item:review_duplicate_event_010,human_review_item,
requires_review,matched provenance identifier,normalized_record:rec_src_search_fd4c39b5e976_001,normalized_record,human_review_item:review_duplicate_event_011,human_review_item,
requires_review,matched provenance identifier,normalized_record:rec_src_search_fd4c39b5e976_002,normalized_record,human_review_item:review_duplicate_event_011,human_review_item,
requires_review,matched provenance identifier,normalized_record:rec_src_search_743df961a25b_002,normalized_record,human_review_item:review_duplicate_event_014,human_review_item,
requires_review,matched provenance identifier,normalized_record:rec_src_search_743df961a25b_001,normalized_record,human_review_item:review_duplicate_event_014,human_review_item,
requires_review,matched provenance identifier,normalized_record:rec_src_search_ee3c4e1dc1cd_002,normalized_record,human_review_item:review_duplicate_event_015,human_review_item,
requires_review,matched provenance identifier,normalized_record:rec_src_search_ee3c4e1dc1cd_001,normalized_record,human_review_item:review_duplicate_event_015,human_review_item,
requires_review,matched provenance identifier,normalized_record:rec_src_search_f0add2a7316b_002,normalized_record,human_review_item:review_duplicate_event_019,human_review_item,
requires_review,matched provenance identifier,normalized_record:rec_src_search_f0add2a7316b_001,normalized_record,human_review_item:review_duplicate_event_019,human_review_item,
requires_review,matched provenance identifier,source:src_search_b8ca758c1979,source,human_review_item:review_anomaly_anom_013,human_review_item,
requires_review,matched provenance identifier,claim:claim_rec_src_search_f0add2a7316b_003_deaths,claim,human_review_item:review_claim_corroboration_review_corr_event_003,human_review_item,
requires_review,matched provenance identifier,claim:claim_rec_src_search_f0add2a7316b_004_deaths,claim,human_review_item:review_claim_corroboration_review_corr_event_003,human_review_item,
requires_review,matched provenance identifier,source:src_search_f0add2a7316b,source,human_review_item:review_claim_corroboration_review_corr_event_003,human_review_item,
requires_review,matched provenance identifier,claim:claim_rec_src_search_f0add2a7316b_003_cases_confirmed,claim,human_review_item:review_claim_corroboration_review_corr_event_003,human_review_item,
requires_review,matched provenance identifier,claim:claim_rec_src_search_ee3c4e1dc1cd_004_deaths,claim,human_review_item:review_claim_corroboration_review_corr_event_005,human_review_item,
requires_review,matched provenance identifier,source:src_search_ee3c4e1dc1cd,source,human_review_item:review_claim_corroboration_review_corr_event_005,human_review_item,
requires_review,matched provenance identifier,claim:claim_rec_src_search_ee3c4e1dc1cd_003_deaths,claim,human_review_item:review_claim_corroboration_review_corr_event_005,human_review_item,
requires_review,matched provenance identifier,claim:claim_rec_src_search_ee3c4e1dc1cd_003_cases_unspecified,claim,human_review_item:review_claim_corroboration_review_corr_event_005,human_review_item,
requires_review,matched provenance identifier,source:src_search_2d165d3a4d7e,source,human_review_item:review_source_credibility_src_search_2d165d3a4d7e,human_review_item,
requires_review,matched provenance identifier,source:src_search_8ca119dddbda,source,human_review_item:review_source_credibility_src_search_8ca119dddbda,human_review_item,
requires_review,matched provenance identifier,source:src_search_c480a6694da2,source,human_review_item:review_source_credibility_src_search_c480a6694da2,human_review_item,
requires_review,matched provenance identifier,corroborated_event:event_003,corroborated_event,human_review_item:review_anomaly_anom_015,human_review_item,
requires_review,matched provenance identifier,corroborated_event:event_003,corroborated_event,human_review_item:review_anomaly_anom_016,human_review_item,
requires_review,matched provenance identifier,corroborated_event:event_005,corroborated_event,human_review_item:review_anomaly_anom_017,human_review_item,
requires_review,matched provenance identifier,normalized_record:rec_src_search_5b7e6dfb326c_002,normalized_record,human_review_item:review_duplicate_event_007,human_review_item,
requires_review,matched provenance identifier,normalized_record:rec_src_search_5b7e6dfb326c_001,normalized_record,human_review_item:review_duplicate_event_007,human_review_item,
requires_review,matched provenance identifier,normalized_record:rec_src_search_ee3c4e1dc1cd_003,normalized_record,human_review_item:review_validation_val_result_023,human_review_item,
requires_review,matched provenance identifier,normalized_record:rec_src_search_ee3c4e1dc1cd_004,normalized_record,human_review_item:review_validation_val_result_024,human_review_item,
requires_review,matched provenance identifier,source:src_search_5b7e6dfb326c,source,human_review_item:review_source_credibility_src_search_5b7e6dfb326c,human_review_item,
requires_review,matched provenance identifier,source:src_search_743df961a25b,source,human_review_item:review_source_credibility_src_search_743df961a25b,human_review_item,
requires_review,matched provenance identifier,source:src_search_9d8411eba09d,source,human_review_item:review_source_credibility_src_search_9d8411eba09d,human_review_item,
requires_review,matched provenance identifier,source:src_search_a9306f6e1687,source,human_review_item:review_source_credibility_src_search_a9306f6e1687,human_review_item,
requires_review,matched provenance identifier,source:src_search_b74bccc017c5,source,human_review_item:review_source_credibility_src_search_b74bccc017c5,human_review_item,
requires_review,matched provenance identifier,source:src_search_c72bcb75c75a,source,human_review_item:review_source_credibility_src_search_c72bcb75c75a,human_review_item,
requires_review,matched provenance identifier,source:src_search_ee3c4e1dc1cd,source,human_review_item:review_source_credibility_src_search_ee3c4e1dc1cd,human_review_item,
requires_review,matched provenance identifier,source:src_search_f72980cd3634,source,human_review_item:review_source_credibility_src_search_f72980cd3634,human_review_item,
requires_review,matched provenance identifier,source:src_search_fd4c39b5e976,source,human_review_item:review_source_credibility_src_search_fd4c39b5e976,human_review_item,
requires_review,matched provenance identifier,normalized_record:rec_src_search_b8ca758c1979_001,normalized_record,human_review_item:review_validation_val_result_019,human_review_item,
requires_review,matched provenance identifier,source:src_search_259ad39d29b4,source,human_review_item:review_core_metric_gap_src_search_259ad39d29b4,human_review_item,
requires_review,matched provenance identifier,source:src_search_5501ac241962,source,human_review_item:review_core_metric_gap_src_search_5501ac241962,human_review_item,
requires_review,matched provenance identifier,source:src_search_8572f55d7887,source,human_review_item:review_core_metric_gap_src_search_8572f55d7887,human_review_item,
requires_review,matched provenance identifier,source:src_search_90be6a027c41,source,human_review_item:review_core_metric_gap_src_search_90be6a027c41,human_review_item,
requires_review,matched provenance identifier,source:src_search_b7d3f18e0f1a,source,human_review_item:review_core_metric_gap_src_search_b7d3f18e0f1a,human_review_item,
requires_review,matched provenance identifier,source:src_search_eaa906b768dd,source,human_review_item:review_core_metric_gap_src_search_eaa906b768dd,human_review_item,
requires_review,matched provenance identifier,source:src_search_ee903f91c827,source,human_review_item:review_core_metric_gap_src_search_ee903f91c827,human_review_item,
requires_review,matched provenance identifier,source:src_search_1596aec16d67,source,human_review_item:review_source_src_search_1596aec16d67,human_review_item,
requires_review,matched provenance identifier,source:src_search_2a116853cc42,source,human_review_item:review_source_src_search_2a116853cc42,human_review_item,
requires_review,matched provenance identifier,source:src_search_2d165d3a4d7e,source,human_review_item:review_source_src_search_2d165d3a4d7e,human_review_item,
requires_review,matched provenance identifier,source:src_search_2db27965c0f8,source,human_review_item:review_source_src_search_2db27965c0f8,human_review_item,
requires_review,matched provenance identifier,source:src_search_31a704d793a7,source,human_review_item:review_source_src_search_31a704d793a7,human_review_item,
requires_review,matched provenance identifier,source:src_search_3a310a531aa5,source,human_review_item:review_source_src_search_3a310a531aa5,human_review_item,
requires_review,matched provenance identifier,source:src_search_55902341c014,source,human_review_item:review_source_src_search_55902341c014,human_review_item,
requires_review,matched provenance identifier,source:src_search_5819ad1d30fd,source,human_review_item:review_source_src_search_5819ad1d30fd,human_review_item,
requires_review,matched provenance identifier,source:src_search_5b7e6dfb326c,source,human_review_item:review_source_src_search_5b7e6dfb326c,human_review_item,
requires_review,matched provenance identifier,source:src_search_6fd0f55c1c05,source,human_review_item:review_source_src_search_6fd0f55c1c05,human_review_item,
requires_review,matched provenance identifier,source:src_search_743df961a25b,source,human_review_item:review_source_src_search_743df961a25b,human_review_item,
requires_review,matched provenance identifier,source:src_search_82f83b77a6d8,source,human_review_item:review_source_src_search_82f83b77a6d8,human_review_item,
requires_review,matched provenance identifier,source:src_search_842f34417a13,source,human_review_item:review_source_src_search_842f34417a13,human_review_item,
requires_review,matched provenance identifier,source:src_search_8ca119dddbda,source,human_review_item:review_source_src_search_8ca119dddbda,human_review_item,
requires_review,matched provenance identifier,source:src_search_9d8411eba09d,source,human_review_item:review_source_src_search_9d8411eba09d,human_review_item,
requires_review,matched provenance identifier,source:src_search_a9306f6e1687,source,human_review_item:review_source_src_search_a9306f6e1687,human_review_item,
requires_review,matched provenance identifier,source:src_search_ade8b70e4990,source,human_review_item:review_source_src_search_ade8b70e4990,human_review_item,
requires_review,matched provenance identifier,source:src_search_b5d35a763cb2,source,human_review_item:review_source_src_search_b5d35a763cb2,human_review_item,
requires_review,matched provenance identifier,source:src_search_b74bccc017c5,source,human_review_item:review_source_src_search_b74bccc017c5,human_review_item,
requires_review,matched provenance identifier,source:src_search_c480a6694da2,source,human_review_item:review_source_src_search_c480a6694da2,human_review_item,
requires_review,matched provenance identifier,source:src_search_c72bcb75c75a,source,human_review_item:review_source_src_search_c72bcb75c75a,human_review_item,
requires_review,matched provenance identifier,source:src_search_d7abef8536a2,source,human_review_item:review_source_src_search_d7abef8536a2,human_review_item,
requires_review,matched provenance identifier,source:src_search_e1ed8475f6ab,source,human_review_item:review_source_src_search_e1ed8475f6ab,human_review_item,
requires_review,matched provenance identifier,source:src_search_ee3c4e1dc1cd,source,human_review_item:review_source_src_search_ee3c4e1dc1cd,human_review_item,
requires_review,matched provenance identifier,source:src_search_f1f4266d2f42,source,human_review_item:review_source_src_search_f1f4266d2f42,human_review_item,
requires_review,matched provenance identifier,source:src_search_f4d05ea78792,source,human_review_item:review_source_src_search_f4d05ea78792,human_review_item,
requires_review,matched provenance identifier,source:src_search_f72980cd3634,source,human_review_item:review_source_src_search_f72980cd3634,human_review_item,
requires_review,matched provenance identifier,source:src_search_fd4c39b5e976,source,human_review_item:review_source_src_search_fd4c39b5e976,human_review_item,
requires_review,matched provenance identifier,source:src_search_fec52be8f139,source,human_review_item:review_source_src_search_fec52be8f139,human_review_item,
