actual_publisher,allowed_decision_types,date_or_period,disease,evidence_quote,issue_category,issue_type,location,priority_level,priority_rank,recommended_artifacts_to_open,short_title,source_title,source_url,suggested_action,suggested_reviewer_question,target_ids,target_type,why_it_matters
,needs_more_evidence; defer_decision,2024-01-01-2024-03-31,Dengue,Comparable public-health claims conflict and require review.,conflicting_claims_review,claim_corroboration_conflict,Brazil,P0_critical,1,human_review_items; record_inclusion_decisions; claims; claim_comparisons; corroborated_events,conflicting claims review - review_claim_corroboration_conflict_corr_event_002 - Brazil MOH: Dengue cases in 2024 - by Robert Herriman,Brazil MOH: Dengue cases in 2024 - by Robert Herriman,https://outbreaknewstoday.substack.com/p/brazil-moh-dengue-cases-in-2024,review_claim_corroboration,Which claim should be treated as comparable evidence after review?,claim_rec_src_search_0cb54d17a3e3_003_observation; claim_rec_src_search_c543063343d0_001_cases_probable; claim_rec_src_search_89d26cc955fb_001_cases_unspecified; claim_rec_src_search_89d26cc955fb_001_deaths; claim_rec_src_search_89d26cc955fb_002_deaths; claim_rec_src_search_89d26cc955fb_003_cases_confirmed; claim_rec_src_search_89d26cc955fb_004_cases_unspecified; claim_rec_src_search_89d26cc955fb_006_deaths; claim_rec_src_search_9cacbefd56b5_001_cases_probable; claim_rec_src_search_9cacbefd56b5_001_deaths; claim_rec_src_search_9cacbefd56b5_002_deaths; claim_rec_src_search_52123c6cbbdd_001_cases_unspecified; claim_rec_src_search_0cb54d17a3e3_001_cases_probable; claim_rec_src_search_8a863e6c52f9_001_cases_probable; claim_rec_src_search_8a863e6c52f9_002_cases_probable; claim_rec_src_search_0cb54d17a3e3_001_deaths; claim_rec_src_search_0cb54d17a3e3_002_deaths; claim_rec_src_search_0cb54d17a3e3_005_cases_unspecified; claim_rec_src_search_0cb54d17a3e3_005_deaths; src_search_c543063343d0; src_search_89d26cc955fb; src_search_9cacbefd56b5; src_search_52123c6cbbdd; src_search_0cb54d17a3e3; src_search_8a863e6c52f9; corr_event_002,claim,"Comparable claims conflict and may affect cases, date, location, or count semantics."
Outbreak News Today,accept_as_is; correct_fields; reject_record; mark_requires_review; mark_review_resolved; mark_non_countable; mark_countable; mark_duplicate; mark_not_duplicate; needs_more_evidence; defer_decision,2024-03-31,Dengue,"In 2024, Brazil reported record numbers in dengue fever including almost 6.49 million probable cases of the disease, with 5,972 deaths.",possible_primary_case_evidence,duplicate_event_clustering,Brazil,P0_critical,2,human_review_items; record_inclusion_decisions; quarantined_records; context_records; final_case_dataset; claims; claim_comparisons; corroborated_events,possible primary case evidence - review_duplicate_event_001 - Brazil dengue 2025: The first three weeks - Outbreak News Today,Brazil dengue 2025: The first three weeks - Outbreak News Today,https://outbreaknewstoday.substack.com/p/brazil-dengue-2025-the-first-three,Inspect corroboration and source identity before deciding whether a structured human decision is warranted.,Is this a task-compatible primary case observation or only context/secondary evidence?,rec_src_search_9cacbefd56b5_001; rec_src_search_9cacbefd56b5_002; event_001,record,"No accepted primary case dataset records exist, and this item may contain possible primary case evidence."
Centers for Disease Control and Prevention,accept_as_is; correct_fields; reject_record; mark_requires_review; mark_review_resolved; mark_non_countable; mark_countable; mark_duplicate; mark_not_duplicate; needs_more_evidence; defer_decision,2024-03-31,Dengue,"Since the beginning of 2024, over 7.5 million dengue cases and over 3 000 dengue-related deaths have been reported from 73 countries/territories. Most cases globally have been reported from the WHO PAHO region, with Brazil reporting most cases.",possible_primary_case_evidence,duplicate_event_clustering,Brazil,P0_critical,3,human_review_items; record_inclusion_decisions; quarantined_records; context_records; final_case_dataset; claims; claim_comparisons; corroborated_events,"possible primary case evidence - review_duplicate_event_002 - Countries/territories reporting dengue cases since March 2023, and ...","Countries/territories reporting dengue cases since March 2023, and ...",https://www.ecdc.europa.eu/en/publications-data/countriesterritories-reporting-dengue-cases-march-2023-and-april-2024,Inspect corroboration and source identity before deciding whether a structured human decision is warranted.,Is this a task-compatible primary case observation or only context/secondary evidence?,rec_src_search_619f95867581_001; event_002,record,"No accepted primary case dataset records exist, and this item may contain possible primary case evidence."
,accept_as_is; correct_fields; reject_record; mark_requires_review; mark_review_resolved; mark_non_countable; mark_countable; mark_duplicate; mark_not_duplicate; needs_more_evidence; defer_decision,2024-03-31,Dengue,"Throughout the Americas, the Pan American Health Organization (PAHO) has reported 9,386,082 cases of dengue; this number is twice as high as the number of cases recorded throughout 2023, 4,617,108 cases.",possible_primary_case_evidence,duplicate_event_clustering,Brazil,P0_critical,4,human_review_items; record_inclusion_decisions; quarantined_records; context_records; final_case_dataset; claims; claim_comparisons; corroborated_events,"possible primary case evidence - review_duplicate_event_003 - Brazil dengue cases top 6 million, nearly 4,000 deaths","Brazil dengue cases top 6 million, nearly 4,000 deaths",https://outbreaknewstoday.substack.com/p/brazil-dengue-cases-top-6-million,Inspect corroboration and source identity before deciding whether a structured human decision is warranted.,Is this a task-compatible primary case observation or only context/secondary evidence?,rec_src_search_89d26cc955fb_009; event_003,record,"No accepted primary case dataset records exist, and this item may contain possible primary case evidence."
Pan American Health Organization,accept_as_is; correct_fields; reject_record; mark_requires_review; mark_review_resolved; mark_non_countable; mark_countable; mark_duplicate; mark_not_duplicate; needs_more_evidence; defer_decision,2024-03-31,Dengue,"| [Download](/sites/default/files/2024-04/2024-mar-29-phe-epiupdate-dengue-final.pdf ""Epidemiological Update - Increase in dengue cases in the Region of the Americas - 29 March 2024"") | In the Region of the Americas, the highest number of cases of dengue was reported in 2023, with a total of 4,569,464 cases, including 7,665 (0.17%) severe cases and 2,363 deaths (case fatality rate [CFR] 0.052%). During 2024, up to epidemiological week (EW) 12, there were 3,578,414 dengue cases reported to the Health Information Platform for the Americas (PLISA per its acronym in Spanish). Of this, 2,888 cases were characterized as severe dengue (0.08%), and 1,039 fatal cases were reported (case fatality rate 0.029%). The total cases reported through PLISA in 2024 represents an increase of more than thre...",possible_primary_case_evidence,duplicate_event_clustering,Brazil,P0_critical,5,human_review_items; record_inclusion_decisions; quarantined_records; context_records; final_case_dataset; claims; claim_comparisons; corroborated_events,possible primary case evidence - review_duplicate_event_004 - Epidemiological Update - Increase in dengue cases in the Region of the Amer...,Epidemiological Update - Increase in dengue cases in the Region of the Americas - 29 March 2024 - PAHO/WHO | Pan American Health Organization,https://www.paho.org/en/documents/epidemiological-update-increase-dengue-cases-region-americas-29-march-2024,Inspect corroboration and source identity before deciding whether a structured human decision is warranted.,Is this a task-compatible primary case observation or only context/secondary evidence?,rec_src_search_f4f555107be5_004; event_004,record,"No accepted primary case dataset records exist, and this item may contain possible primary case evidence."
Pan American Health Organization,accept_as_is; correct_fields; reject_record; mark_requires_review; mark_review_resolved; mark_non_countable; mark_countable; mark_duplicate; mark_not_duplicate; needs_more_evidence; defer_decision,2024-03-31,Dengue,"| [Download](/sites/default/files/2024-04/2024-mar-29-phe-epiupdate-dengue-final.pdf ""Epidemiological Update - Increase in dengue cases in the Region of the Americas - 29 March 2024"") | In the Region of the Americas, the highest number of cases of dengue was reported in 2023, with a total of 4,569,464 cases, including 7,665 (0.17%) severe cases and 2,363 deaths (case fatality rate [CFR] 0.052%). During 2024, up to epidemiological week (EW) 12, there were 3,578,414 dengue cases reported to the Health Information Platform for the Americas (PLISA per its acronym in Spanish). Of this, 2,888 cases were characterized as severe dengue (0.08%), and 1,039 fatal cases were reported (case fatality rate 0.029%). The total cases reported through PLISA in 2024 represents an increase of more than thre...",possible_primary_case_evidence,duplicate_event_clustering,Brazil,P0_critical,6,human_review_items; record_inclusion_decisions; quarantined_records; context_records; final_case_dataset; claims; claim_comparisons; corroborated_events,possible primary case evidence - review_duplicate_event_005 - Epidemiological Update - Increase in dengue cases in the Region of the Amer...,Epidemiological Update - Increase in dengue cases in the Region of the Americas - 29 March 2024 - PAHO/WHO | Pan American Health Organization,https://www.paho.org/en/documents/epidemiological-update-increase-dengue-cases-region-americas-29-march-2024,Inspect corroboration and source identity before deciding whether a structured human decision is warranted.,Is this a task-compatible primary case observation or only context/secondary evidence?,rec_src_search_f4f555107be5_001; rec_src_search_f4f555107be5_003; event_005,record,"No accepted primary case dataset records exist, and this item may contain possible primary case evidence."
,accept_as_is; correct_fields; reject_record; mark_requires_review; mark_review_resolved; mark_non_countable; mark_countable; mark_duplicate; mark_not_duplicate; needs_more_evidence; defer_decision,2024-03-31,Dengue,"![Brand](https://www.cofen.gov.br/wp-content/themes/cofen/assets/imagens/logo-cofen.png) ![Transparência e Prestação de Contas](https://www.cofen.gov.br/wp-content/uploads/2023/09/transp_logo-1.png) ###### Transparência e Prestação de Contas ### Dengue aumentou 400% no Brasil em 2024 em comparação ao ano passado ##### Apesar de uma queda recente nos casos, especialistas alertam que a doença voltará a crescer em dezembro 18.10.2024 ![Mosquito Aedes aegypti. Feche um Mosquito sugando sangue humano](https://www.cofen.gov.br/wp-content/uploads/2024/10/mosquito-aedes-aegypti-feche-um-mosquito-sugando-sangue-humano_45334-157.avif) O Brasil registrou 6,5 milhões de casos prováveis de dengue até 7 de outubro de 2024, de acordo com o [Painel de Monitoramento das Arboviroses](https://www.gov.br/s...",possible_primary_case_evidence,duplicate_event_clustering,Brazil,P0_critical,7,human_review_items; record_inclusion_decisions; quarantined_records; context_records; final_case_dataset; claims; claim_comparisons; corroborated_events,possible primary case evidence - review_duplicate_event_009 - Dengue aumentou 400% no Brasil em 2024 em comparação ao ano ...,Dengue aumentou 400% no Brasil em 2024 em comparação ao ano ...,https://www.cofen.gov.br/dengue-aumentou-400-no-brasil-em-2024-em-comparacao-ao-ano-passado,Inspect corroboration and source identity before deciding whether a structured human decision is warranted.,Is this a task-compatible primary case observation or only context/secondary evidence?,rec_src_search_0cb54d17a3e3_001; rec_src_search_0cb54d17a3e3_002; rec_src_search_0cb54d17a3e3_003; event_009,record,"No accepted primary case dataset records exist, and this item may contain possible primary case evidence."
Pan American Health Organization,accept_as_is; correct_fields; reject_record; mark_requires_review; mark_review_resolved; mark_non_countable; mark_countable; mark_duplicate; mark_not_duplicate; needs_more_evidence; defer_decision,2024-03-31,Dengue,"| [Download](/sites/default/files/2024-04/2024-mar-29-phe-epiupdate-dengue-final.pdf ""Epidemiological Update - Increase in dengue cases in the Region of the Americas - 29 March 2024"") | In the Region of the Americas, the highest number of cases of dengue was reported in 2023, with a total of 4,569,464 cases, including 7,665 (0.17%) severe cases and 2,363 deaths (case fatality rate [CFR] 0.052%). During 2024, up to epidemiological week (EW) 12, there were 3,578,414 dengue cases reported to the Health Information Platform for the Americas (PLISA per its acronym in Spanish). Of this, 2,888 cases were characterized as severe dengue (0.08%), and 1,039 fatal cases were reported (case fatality rate 0.029%). The total cases reported through PLISA in 2024 represents an increase of more than thre...",possible_primary_case_evidence,duplicate_event_clustering,Brazil,P0_critical,8,human_review_items; record_inclusion_decisions; quarantined_records; context_records; final_case_dataset; claims; claim_comparisons; corroborated_events,possible primary case evidence - review_duplicate_event_017 - Epidemiological Update - Increase in dengue cases in the Region of the Amer...,Epidemiological Update - Increase in dengue cases in the Region of the Americas - 29 March 2024 - PAHO/WHO | Pan American Health Organization,https://www.paho.org/en/documents/epidemiological-update-increase-dengue-cases-region-americas-29-march-2024,Inspect corroboration and source identity before deciding whether a structured human decision is warranted.,Is this a task-compatible primary case observation or only context/secondary evidence?,rec_src_search_f4f555107be5_005; event_017,record,"No accepted primary case dataset records exist, and this item may contain possible primary case evidence."
Pan American Health Organization,accept_as_is; correct_fields; reject_record; mark_requires_review; mark_review_resolved; mark_non_countable; mark_countable; mark_duplicate; mark_not_duplicate; needs_more_evidence; defer_decision,2024-03-31,Dengue,"| [Download](/sites/default/files/2024-04/2024-mar-29-phe-epiupdate-dengue-final.pdf ""Epidemiological Update - Increase in dengue cases in the Region of the Americas - 29 March 2024"") | In the Region of the Americas, the highest number of cases of dengue was reported in 2023, with a total of 4,569,464 cases, including 7,665 (0.17%) severe cases and 2,363 deaths (case fatality rate [CFR] 0.052%). During 2024, up to epidemiological week (EW) 12, there were 3,578,414 dengue cases reported to the Health Information Platform for the Americas (PLISA per its acronym in Spanish). Of this, 2,888 cases were characterized as severe dengue (0.08%), and 1,039 fatal cases were reported (case fatality rate 0.029%). The total cases reported through PLISA in 2024 represents an increase of more than thre...",possible_primary_case_evidence,duplicate_event_clustering,Brazil,P0_critical,9,human_review_items; record_inclusion_decisions; quarantined_records; context_records; final_case_dataset; claims; claim_comparisons; corroborated_events,possible primary case evidence - review_duplicate_event_018 - Epidemiological Update - Increase in dengue cases in the Region of the Amer...,Epidemiological Update - Increase in dengue cases in the Region of the Americas - 29 March 2024 - PAHO/WHO | Pan American Health Organization,https://www.paho.org/en/documents/epidemiological-update-increase-dengue-cases-region-americas-29-march-2024,Inspect corroboration and source identity before deciding whether a structured human decision is warranted.,Is this a task-compatible primary case observation or only context/secondary evidence?,rec_src_search_f4f555107be5_002; event_018,record,"No accepted primary case dataset records exist, and this item may contain possible primary case evidence."
,accept_anomaly; dismiss_anomaly; confirm_anomaly; mark_anomaly_resolved; mark_anomaly_needs_more_evidence,2024-01-01-2024-03-31,Dengue,"The Brazil Ministry of Health has reported eclipsing the 6 million case mark for in 2024. Official data shows 6,007,048 cases have been reported through June 19, including 3,999 deaths and another 2,831 fatalities under investigation.",validation_conflict_review,anomaly,Brazil,P0_critical,10,human_review_items; record_inclusion_decisions; validation_results; validation_source_compatibility_summary; anomaly_results,"validation conflict review - review_anomaly_anom_029 - Brazil dengue cases top 6 million, nearly 4,000 deaths","Brazil dengue cases top 6 million, nearly 4,000 deaths",https://outbreaknewstoday.substack.com/p/brazil-dengue-cases-top-6-million,resolve_validation_conflict,"What decision, if any, should a human reviewer record?",src_search_89d26cc955fb; event_008; anom_029; val_result_034,anomaly,This review item requires human inspection before it should affect downstream interpretation.
,accept_anomaly; dismiss_anomaly; confirm_anomaly; mark_anomaly_resolved; mark_anomaly_needs_more_evidence,2024-01-01-2024-03-31,Dengue,"![Brand](https://www.cofen.gov.br/wp-content/themes/cofen/assets/imagens/logo-cofen.png) ![Transparência e Prestação de Contas](https://www.cofen.gov.br/wp-content/uploads/2023/09/transp_logo-1.png) ###### Transparência e Prestação de Contas ### Dengue aumentou 400% no Brasil em 2024 em comparação ao ano passado ##### Apesar de uma queda recente nos casos, especialistas alertam que a doença voltará a crescer em dezembro 18.10.2024 ![Mosquito Aedes aegypti. Feche um Mosquito sugando sangue humano](https://www.cofen.gov.br/wp-content/uploads/2024/10/mosquito-aedes-aegypti-feche-um-mosquito-sugando-sangue-humano_45334-157.avif) O Brasil registrou 6,5 milhões de casos prováveis de dengue até 7 de outubro de 2024, de acordo com o [Painel de Monitoramento das Arboviroses](https://www.gov.br/s...",validation_conflict_review,anomaly,Brazil,P0_critical,11,human_review_items; record_inclusion_decisions; validation_results; validation_source_compatibility_summary; anomaly_results,validation conflict review - review_anomaly_anom_030 - Dengue aumentou 400% no Brasil em 2024 em comparação ao ano ...,Dengue aumentou 400% no Brasil em 2024 em comparação ao ano ...,https://www.cofen.gov.br/dengue-aumentou-400-no-brasil-em-2024-em-comparacao-ao-ano-passado,resolve_validation_conflict,"What decision, if any, should a human reviewer record?",src_search_0cb54d17a3e3; event_009; anom_030; val_result_036,anomaly,This review item requires human inspection before it should affect downstream interpretation.
,accept_anomaly; dismiss_anomaly; confirm_anomaly; mark_anomaly_resolved; mark_anomaly_needs_more_evidence,2024-01-01-2024-03-31,Dengue,"![Brand](https://www.cofen.gov.br/wp-content/themes/cofen/assets/imagens/logo-cofen.png) ![Transparência e Prestação de Contas](https://www.cofen.gov.br/wp-content/uploads/2023/09/transp_logo-1.png) ###### Transparência e Prestação de Contas ### Dengue aumentou 400% no Brasil em 2024 em comparação ao ano passado ##### Apesar de uma queda recente nos casos, especialistas alertam que a doença voltará a crescer em dezembro 18.10.2024 ![Mosquito Aedes aegypti. Feche um Mosquito sugando sangue humano](https://www.cofen.gov.br/wp-content/uploads/2024/10/mosquito-aedes-aegypti-feche-um-mosquito-sugando-sangue-humano_45334-157.avif) O Brasil registrou 6,5 milhões de casos prováveis de dengue até 7 de outubro de 2024, de acordo com o [Painel de Monitoramento das Arboviroses](https://www.gov.br/s...",validation_conflict_review,anomaly,Brazil,P0_critical,12,human_review_items; record_inclusion_decisions; validation_results; validation_source_compatibility_summary; anomaly_results,validation conflict review - review_anomaly_anom_031 - Dengue aumentou 400% no Brasil em 2024 em comparação ao ano ...,Dengue aumentou 400% no Brasil em 2024 em comparação ao ano ...,https://www.cofen.gov.br/dengue-aumentou-400-no-brasil-em-2024-em-comparacao-ao-ano-passado,resolve_validation_conflict,"What decision, if any, should a human reviewer record?",src_search_0cb54d17a3e3; event_009; anom_031; val_result_037,anomaly,This review item requires human inspection before it should affect downstream interpretation.
,accept_as_is; correct_fields; reject_record; mark_requires_review; mark_review_resolved; mark_non_countable; mark_countable; mark_duplicate; mark_not_duplicate; needs_more_evidence; defer_decision,2024-03-31,Dengue,"![Brand](https://www.cofen.gov.br/wp-content/themes/cofen/assets/imagens/logo-cofen.png) ![Transparência e Prestação de Contas](https://www.cofen.gov.br/wp-content/uploads/2023/09/transp_logo-1.png) ###### Transparência e Prestação de Contas ### Dengue aumentou 400% no Brasil em 2024 em comparação ao ano passado ##### Apesar de uma queda recente nos casos, especialistas alertam que a doença voltará a crescer em dezembro 18.10.2024 ![Mosquito Aedes aegypti. Feche um Mosquito sugando sangue humano](https://www.cofen.gov.br/wp-content/uploads/2024/10/mosquito-aedes-aegypti-feche-um-mosquito-sugando-sangue-humano_45334-157.avif) O Brasil registrou 6,5 milhões de casos prováveis de dengue até 7 de outubro de 2024, de acordo com o [Painel de Monitoramento das Arboviroses](https://www.gov.br/s...",validation_conflict_review,cross_source_conflict,Brazil,P0_critical,13,human_review_items; record_inclusion_decisions; quarantined_records; context_records; final_case_dataset; validation_results; validation_source_compatibility_summary,validation conflict review - review_conflict_conf_002 - Dengue aumentou 400% no Brasil em 2024 em comparação ao ano ...,Dengue aumentou 400% no Brasil em 2024 em comparação ao ano ...,https://www.cofen.gov.br/dengue-aumentou-400-no-brasil-em-2024-em-comparacao-ao-ano-passado,Inspect the linked artifacts and only then edit a decision file if needed.,"What decision, if any, should a human reviewer record?",rec_src_search_0cb54d17a3e3_001; rec_src_search_0cb54d17a3e3_002; conf_002,record,This review item requires human inspection before it should affect downstream interpretation.
,accept_as_is; correct_fields; reject_record; mark_requires_review; mark_review_resolved; mark_non_countable; mark_countable; mark_duplicate; mark_not_duplicate; needs_more_evidence; defer_decision,2024-03-31,Dengue,"The Brazil Ministry of Health has reported eclipsing the 6 million case mark for in 2024. Official data shows 6,007,048 cases have been reported through June 19, including 3,999 deaths and another 2,831 fatalities under investigation.",validation_conflict_review,duplicate_event_clustering,Brazil,P0_critical,14,human_review_items; record_inclusion_decisions; quarantined_records; context_records; final_case_dataset; validation_results; validation_source_compatibility_summary,"validation conflict review - review_duplicate_event_008 - Brazil dengue cases top 6 million, nearly 4,000 deaths","Brazil dengue cases top 6 million, nearly 4,000 deaths",https://outbreaknewstoday.substack.com/p/brazil-dengue-cases-top-6-million,Inspect the linked artifacts and only then edit a decision file if needed.,"What decision, if any, should a human reviewer record?",rec_src_search_89d26cc955fb_001; rec_src_search_89d26cc955fb_002; rec_src_search_89d26cc955fb_003; event_008,record,This review item requires human inspection before it should affect downstream interpretation.
,accept_as_is; correct_fields; reject_record; mark_requires_review; mark_review_resolved; mark_non_countable; mark_countable; mark_duplicate; mark_not_duplicate; needs_more_evidence; defer_decision,2024-03-31,Dengue,"Sao Paulo state and Minas Gerais state have seen the most cases with 1,829,439 and 1,620,083 cases, respectively.",validation_conflict_review,duplicate_event_clustering,Minas Gerais,P0_critical,15,human_review_items; record_inclusion_decisions; quarantined_records; context_records; final_case_dataset; validation_results; validation_source_compatibility_summary,"validation conflict review - review_duplicate_event_013 - Brazil dengue cases top 6 million, nearly 4,000 deaths","Brazil dengue cases top 6 million, nearly 4,000 deaths",https://outbreaknewstoday.substack.com/p/brazil-dengue-cases-top-6-million,Inspect the linked artifacts and only then edit a decision file if needed.,"What decision, if any, should a human reviewer record?",rec_src_search_89d26cc955fb_005; rec_src_search_89d26cc955fb_007; event_013,record,This review item requires human inspection before it should affect downstream interpretation.
,accept_as_is; correct_fields; reject_record; mark_requires_review; mark_review_resolved; mark_non_countable; mark_countable; mark_duplicate; mark_not_duplicate; needs_more_evidence; defer_decision,2024-03-31,Dengue,"Sao Paulo state and Minas Gerais state have seen the most cases with 1,829,439 and 1,620,083 cases, respectively.",validation_conflict_review,duplicate_event_clustering,São Paulo,P0_critical,16,human_review_items; record_inclusion_decisions; quarantined_records; context_records; final_case_dataset; validation_results; validation_source_compatibility_summary,"validation conflict review - review_duplicate_event_015 - Brazil dengue cases top 6 million, nearly 4,000 deaths","Brazil dengue cases top 6 million, nearly 4,000 deaths",https://outbreaknewstoday.substack.com/p/brazil-dengue-cases-top-6-million,Inspect the linked artifacts and only then edit a decision file if needed.,"What decision, if any, should a human reviewer record?",rec_src_search_89d26cc955fb_004; rec_src_search_89d26cc955fb_006; event_015,record,This review item requires human inspection before it should affect downstream interpretation.
,accept_validation_result; mark_validation_result_not_applicable; confirm_conflict; resolve_conflict_as_left; resolve_conflict_as_right; mark_needs_more_evidence; override_validation_status,2024-03-31,Dengue,"![Brand](https://www.cofen.gov.br/wp-content/themes/cofen/assets/imagens/logo-cofen.png) ![Transparência e Prestação de Contas](https://www.cofen.gov.br/wp-content/uploads/2023/09/transp_logo-1.png) ###### Transparência e Prestação de Contas ### Dengue aumentou 400% no Brasil em 2024 em comparação ao ano passado ##### Apesar de uma queda recente nos casos, especialistas alertam que a doença voltará a crescer em dezembro 18.10.2024 ![Mosquito Aedes aegypti. Feche um Mosquito sugando sangue humano](https://www.cofen.gov.br/wp-content/uploads/2024/10/mosquito-aedes-aegypti-feche-um-mosquito-sugando-sangue-humano_45334-157.avif) O Brasil registrou 6,5 milhões de casos prováveis de dengue até 7 de outubro de 2024, de acordo com o [Painel de Monitoramento das Arboviroses](https://www.gov.br/s...",validation_conflict_review,validation_conflict,Brazil,P0_critical,17,human_review_items; record_inclusion_decisions; validation_results; validation_source_compatibility_summary,validation conflict review - review_validation_val_result_036 - Dengue aumentou 400% no Brasil em 2024 em comparação ao ano ...,Dengue aumentou 400% no Brasil em 2024 em comparação ao ano ...,https://www.cofen.gov.br/dengue-aumentou-400-no-brasil-em-2024-em-comparacao-ao-ano-passado,Inspect the linked artifacts and only then edit a decision file if needed.,"What decision, if any, should a human reviewer record?",rec_src_search_0cb54d17a3e3_001; rec_src_search_0cb54d17a3e3_002; rec_src_search_0cb54d17a3e3_003; val_result_036,validation_result,This review item requires human inspection before it should affect downstream interpretation.
Centers for Disease Control and Prevention,accept_anomaly; dismiss_anomaly; confirm_anomaly; mark_anomaly_resolved; mark_anomaly_needs_more_evidence,2024-01-01-2024-03-31,Dengue,"Since the beginning of 2024, over 7.5 million dengue cases and over 3 000 dengue-related deaths have been reported from 73 countries/territories. Most cases globally have been reported from the WHO PAHO region, with Brazil reporting most cases.",claim_corroboration_review,anomaly,Brazil,P0_critical,18,human_review_items; record_inclusion_decisions; claims; claim_comparisons; corroborated_events; anomaly_results,"claim corroboration review - review_anomaly_anom_021 - Countries/territories reporting dengue cases since March 2023, and ...","Countries/territories reporting dengue cases since March 2023, and ...",https://www.ecdc.europa.eu/en/publications-data/countriesterritories-reporting-dengue-cases-march-2023-and-april-2024,confirm_scope_or_reject_record,"Is the claim independently corroborated, conflicting, or only single-source evidence?",src_search_619f95867581; event_002; anom_021; val_result_001,anomaly,Claim-level support is unresolved or depends on a single source.
,accept_anomaly; dismiss_anomaly; confirm_anomaly; mark_anomaly_resolved; mark_anomaly_needs_more_evidence,2024-01-01-2024-03-31,Dengue,"Throughout the Americas, the Pan American Health Organization (PAHO) has reported 9,386,082 cases of dengue; this number is twice as high as the number of cases recorded throughout 2023, 4,617,108 cases.",claim_corroboration_review,anomaly,Brazil,P0_critical,19,human_review_items; record_inclusion_decisions; claims; claim_comparisons; corroborated_events; anomaly_results,"claim corroboration review - review_anomaly_anom_022 - Brazil dengue cases top 6 million, nearly 4,000 deaths","Brazil dengue cases top 6 million, nearly 4,000 deaths",https://outbreaknewstoday.substack.com/p/brazil-dengue-cases-top-6-million,confirm_scope_or_reject_record,"Is the claim independently corroborated, conflicting, or only single-source evidence?",src_search_89d26cc955fb; event_003; anom_022; val_result_012,anomaly,Claim-level support is unresolved or depends on a single source.
Pan American Health Organization,accept_anomaly; dismiss_anomaly; confirm_anomaly; mark_anomaly_resolved; mark_anomaly_needs_more_evidence,2024-01-01-2024-03-31,Dengue,"| [Download](/sites/default/files/2024-04/2024-mar-29-phe-epiupdate-dengue-final.pdf ""Epidemiological Update - Increase in dengue cases in the Region of the Americas - 29 March 2024"") | In the Region of the Americas, the highest number of cases of dengue was reported in 2023, with a total of 4,569,464 cases, including 7,665 (0.17%) severe cases and 2,363 deaths (case fatality rate [CFR] 0.052%). During 2024, up to epidemiological week (EW) 12, there were 3,578,414 dengue cases reported to the Health Information Platform for the Americas (PLISA per its acronym in Spanish). Of this, 2,888 cases were characterized as severe dengue (0.08%), and 1,039 fatal cases were reported (case fatality rate 0.029%). The total cases reported through PLISA in 2024 represents an increase of more than thre...",claim_corroboration_review,anomaly,Brazil,P0_critical,20,human_review_items; record_inclusion_decisions; claims; claim_comparisons; corroborated_events; anomaly_results,claim corroboration review - review_anomaly_anom_023 - Epidemiological Update - Increase in dengue cases in the Region of the Americas -...,Epidemiological Update - Increase in dengue cases in the Region of the Americas - 29 March 2024 - PAHO/WHO | Pan American Health Organization,https://www.paho.org/en/documents/epidemiological-update-increase-dengue-cases-region-americas-29-march-2024,confirm_scope_or_reject_record,"Is the claim independently corroborated, conflicting, or only single-source evidence?",src_search_f4f555107be5; event_005; anom_023; val_result_015,anomaly,Claim-level support is unresolved or depends on a single source.
Pan American Health Organization,accept_anomaly; dismiss_anomaly; confirm_anomaly; mark_anomaly_resolved; mark_anomaly_needs_more_evidence,2024-01-01-2024-03-31,Dengue,"| [Download](/sites/default/files/2024-04/2024-mar-29-phe-epiupdate-dengue-final.pdf ""Epidemiological Update - Increase in dengue cases in the Region of the Americas - 29 March 2024"") | In the Region of the Americas, the highest number of cases of dengue was reported in 2023, with a total of 4,569,464 cases, including 7,665 (0.17%) severe cases and 2,363 deaths (case fatality rate [CFR] 0.052%). During 2024, up to epidemiological week (EW) 12, there were 3,578,414 dengue cases reported to the Health Information Platform for the Americas (PLISA per its acronym in Spanish). Of this, 2,888 cases were characterized as severe dengue (0.08%), and 1,039 fatal cases were reported (case fatality rate 0.029%). The total cases reported through PLISA in 2024 represents an increase of more than thre...",claim_corroboration_review,anomaly,Brazil,P0_critical,21,human_review_items; record_inclusion_decisions; claims; claim_comparisons; corroborated_events; anomaly_results,claim corroboration review - review_anomaly_anom_024 - Epidemiological Update - Increase in dengue cases in the Region of the Americas -...,Epidemiological Update - Increase in dengue cases in the Region of the Americas - 29 March 2024 - PAHO/WHO | Pan American Health Organization,https://www.paho.org/en/documents/epidemiological-update-increase-dengue-cases-region-americas-29-march-2024,confirm_scope_or_reject_record,"Is the claim independently corroborated, conflicting, or only single-source evidence?",src_search_f4f555107be5; event_018; anom_024; val_result_016,anomaly,Claim-level support is unresolved or depends on a single source.
Pan American Health Organization,accept_anomaly; dismiss_anomaly; confirm_anomaly; mark_anomaly_resolved; mark_anomaly_needs_more_evidence,2024-01-01-2024-03-31,Dengue,"| [Download](/sites/default/files/2024-04/2024-mar-29-phe-epiupdate-dengue-final.pdf ""Epidemiological Update - Increase in dengue cases in the Region of the Americas - 29 March 2024"") | In the Region of the Americas, the highest number of cases of dengue was reported in 2023, with a total of 4,569,464 cases, including 7,665 (0.17%) severe cases and 2,363 deaths (case fatality rate [CFR] 0.052%). During 2024, up to epidemiological week (EW) 12, there were 3,578,414 dengue cases reported to the Health Information Platform for the Americas (PLISA per its acronym in Spanish). Of this, 2,888 cases were characterized as severe dengue (0.08%), and 1,039 fatal cases were reported (case fatality rate 0.029%). The total cases reported through PLISA in 2024 represents an increase of more than thre...",claim_corroboration_review,anomaly,Brazil,P0_critical,22,human_review_items; record_inclusion_decisions; claims; claim_comparisons; corroborated_events; anomaly_results,claim corroboration review - review_anomaly_anom_025 - Epidemiological Update - Increase in dengue cases in the Region of the Americas -...,Epidemiological Update - Increase in dengue cases in the Region of the Americas - 29 March 2024 - PAHO/WHO | Pan American Health Organization,https://www.paho.org/en/documents/epidemiological-update-increase-dengue-cases-region-americas-29-march-2024,confirm_scope_or_reject_record,"Is the claim independently corroborated, conflicting, or only single-source evidence?",src_search_f4f555107be5; event_005; anom_025; val_result_017,anomaly,Claim-level support is unresolved or depends on a single source.
Pan American Health Organization,accept_anomaly; dismiss_anomaly; confirm_anomaly; mark_anomaly_resolved; mark_anomaly_needs_more_evidence,2024-01-01-2024-03-31,Dengue,"| [Download](/sites/default/files/2024-04/2024-mar-29-phe-epiupdate-dengue-final.pdf ""Epidemiological Update - Increase in dengue cases in the Region of the Americas - 29 March 2024"") | In the Region of the Americas, the highest number of cases of dengue was reported in 2023, with a total of 4,569,464 cases, including 7,665 (0.17%) severe cases and 2,363 deaths (case fatality rate [CFR] 0.052%). During 2024, up to epidemiological week (EW) 12, there were 3,578,414 dengue cases reported to the Health Information Platform for the Americas (PLISA per its acronym in Spanish). Of this, 2,888 cases were characterized as severe dengue (0.08%), and 1,039 fatal cases were reported (case fatality rate 0.029%). The total cases reported through PLISA in 2024 represents an increase of more than thre...",claim_corroboration_review,anomaly,Brazil,P0_critical,23,human_review_items; record_inclusion_decisions; claims; claim_comparisons; corroborated_events; anomaly_results,claim corroboration review - review_anomaly_anom_026 - Epidemiological Update - Increase in dengue cases in the Region of the Americas -...,Epidemiological Update - Increase in dengue cases in the Region of the Americas - 29 March 2024 - PAHO/WHO | Pan American Health Organization,https://www.paho.org/en/documents/epidemiological-update-increase-dengue-cases-region-americas-29-march-2024,confirm_scope_or_reject_record,"Is the claim independently corroborated, conflicting, or only single-source evidence?",src_search_f4f555107be5; event_004; anom_026; val_result_018,anomaly,Claim-level support is unresolved or depends on a single source.
Pan American Health Organization,accept_anomaly; dismiss_anomaly; confirm_anomaly; mark_anomaly_resolved; mark_anomaly_needs_more_evidence,2024-01-01-2024-03-31,Dengue,"| [Download](/sites/default/files/2024-04/2024-mar-29-phe-epiupdate-dengue-final.pdf ""Epidemiological Update - Increase in dengue cases in the Region of the Americas - 29 March 2024"") | In the Region of the Americas, the highest number of cases of dengue was reported in 2023, with a total of 4,569,464 cases, including 7,665 (0.17%) severe cases and 2,363 deaths (case fatality rate [CFR] 0.052%). During 2024, up to epidemiological week (EW) 12, there were 3,578,414 dengue cases reported to the Health Information Platform for the Americas (PLISA per its acronym in Spanish). Of this, 2,888 cases were characterized as severe dengue (0.08%), and 1,039 fatal cases were reported (case fatality rate 0.029%). The total cases reported through PLISA in 2024 represents an increase of more than thre...",claim_corroboration_review,anomaly,Brazil,P0_critical,24,human_review_items; record_inclusion_decisions; claims; claim_comparisons; corroborated_events; anomaly_results,claim corroboration review - review_anomaly_anom_027 - Epidemiological Update - Increase in dengue cases in the Region of the Americas -...,Epidemiological Update - Increase in dengue cases in the Region of the Americas - 29 March 2024 - PAHO/WHO | Pan American Health Organization,https://www.paho.org/en/documents/epidemiological-update-increase-dengue-cases-region-americas-29-march-2024,confirm_scope_or_reject_record,"Is the claim independently corroborated, conflicting, or only single-source evidence?",src_search_f4f555107be5; event_017; anom_027; val_result_019,anomaly,Claim-level support is unresolved or depends on a single source.
,accept_anomaly; dismiss_anomaly; confirm_anomaly; mark_anomaly_resolved; mark_anomaly_needs_more_evidence,2024-01-01-2024-03-31,Dengue,[Abrir menu principal de navegação](#) [Ministério da Saúde](https://www.gov.br/saude/pt-br) Termos mais buscados * [imposto de renda](https://www.gov.br/saude/pt-br/search?origem=termos&SearchableText=imposto de renda) * [assinatura](https://www.gov.br/saude/pt-br/search?origem=termos&SearchableText=assinatura) * [mei](https://www.gov.br/saude/pt-br/search?origem=termos&SearchableText=mei) * [inss](https://www.gov.br/saude/pt-br/search?origem=termos&SearchableText=inss) * [enem](https://www.gov.br/saude/pt-br/search?origem=termos&SearchableText=enem) Termos mais buscados * [imposto de renda](https://www.gov.br/saude/pt-br/search?origem=termos&SearchableText=imposto de renda) * [assinatura](https://www.gov.br/saude/pt-br/search?origem=termos&SearchableText=assinatura) * [mei](https://ww...,claim_corroboration_review,anomaly,Brazil,P0_critical,25,human_review_items; record_inclusion_decisions; claims; claim_comparisons; corroborated_events; anomaly_results,claim corroboration review - review_anomaly_anom_028 - Brasil registra queda de quase 70% nos casos de dengue nos 2 primeiros meses de 20...,Brasil registra queda de quase 70% nos casos de dengue nos 2 primeiros meses de 2025 — Ministério da Saúde,https://www.gov.br/saude/pt-br/assuntos/noticias/2025/marco/brasil-registra-queda-de-quase-70-nos-casos-de-dengue-nos-2-primeiros-meses-de-2025,confirm_scope_or_reject_record,"Is the claim independently corroborated, conflicting, or only single-source evidence?",src_search_8a863e6c52f9; event_010; anom_028; val_result_026,anomaly,Claim-level support is unresolved or depends on a single source.
Centers for Disease Control and Prevention,needs_more_evidence; defer_decision,2024-01-01-2024-03-31,Dengue,Primary case claim has no independent corroborating source.,claim_corroboration_review,claim_corroboration_review,Brazil,P1_high,26,human_review_items; record_inclusion_decisions; claims; claim_comparisons; corroborated_events,claim corroboration review - review_claim_corroboration_review_corr_event_001 - Countries/territories reporting dengue cases since March...,"Countries/territories reporting dengue cases since March 2023, and ...",https://www.ecdc.europa.eu/en/publications-data/countriesterritories-reporting-dengue-cases-march-2023-and-april-2024,review_claim_corroboration,"Is the claim independently corroborated, conflicting, or only single-source evidence?",claim_rec_src_search_619f95867581_001_cases_unspecified; claim_rec_src_search_619f95867581_001_deaths; src_search_619f95867581; corr_event_001,claim,Claim-level support is unresolved or depends on a single source.
,needs_more_evidence; defer_decision,2024-01-01-2024-03-31,Dengue,Primary case claim has no independent corroborating source.,claim_corroboration_review,claim_corroboration_review,Brazil,P1_high,27,human_review_items; record_inclusion_decisions; claims; claim_comparisons; corroborated_events,"claim corroboration review - review_claim_corroboration_review_corr_event_004 - Brazil dengue cases top 6 million, nearly 4,000 deaths","Brazil dengue cases top 6 million, nearly 4,000 deaths",https://outbreaknewstoday.substack.com/p/brazil-dengue-cases-top-6-million,review_claim_corroboration,"Is the claim independently corroborated, conflicting, or only single-source evidence?",claim_rec_src_search_89d26cc955fb_005_cases_unspecified; claim_rec_src_search_89d26cc955fb_007_deaths; src_search_89d26cc955fb; corr_event_004,claim,Claim-level support is unresolved or depends on a single source.
,needs_more_evidence; defer_decision,2024-01-01-2024-03-31,Dengue,Primary case claim has no independent corroborating source.,claim_corroboration_review,claim_corroboration_review,Brazil,P1_high,28,human_review_items; record_inclusion_decisions; claims; claim_comparisons; corroborated_events,"claim corroboration review - review_claim_corroboration_review_corr_event_006 - Brazil dengue cases top 6 million, nearly 4,000 deaths","Brazil dengue cases top 6 million, nearly 4,000 deaths",https://outbreaknewstoday.substack.com/p/brazil-dengue-cases-top-6-million,review_claim_corroboration,"Is the claim independently corroborated, conflicting, or only single-source evidence?",claim_rec_src_search_89d26cc955fb_009_cases_unspecified; src_search_89d26cc955fb; corr_event_006,claim,Claim-level support is unresolved or depends on a single source.
Pan American Health Organization,needs_more_evidence; defer_decision,2024-01-01-2024-03-31,Dengue,Primary case claim has no independent corroborating source.,claim_corroboration_review,claim_corroboration_review,Brazil,P1_high,29,human_review_items; record_inclusion_decisions; claims; claim_comparisons; corroborated_events,claim corroboration review - review_claim_corroboration_review_corr_event_007 - Epidemiological Update - Increase in dengue cases in the...,Epidemiological Update - Increase in dengue cases in the Region of the Americas - 29 March 2024 - PAHO/WHO | Pan American Health Organization,https://www.paho.org/en/documents/epidemiological-update-increase-dengue-cases-region-americas-29-march-2024,review_claim_corroboration,"Is the claim independently corroborated, conflicting, or only single-source evidence?",claim_rec_src_search_f4f555107be5_001_cases_unspecified; claim_rec_src_search_f4f555107be5_002_cases_unspecified; claim_rec_src_search_f4f555107be5_003_deaths; claim_rec_src_search_f4f555107be5_004_cases_unspecified; claim_rec_src_search_f4f555107be5_005_cases_unspecified; src_search_f4f555107be5; corr_event_007,claim,Claim-level support is unresolved or depends on a single source.
Centers for Disease Control and Prevention,accept_anomaly; dismiss_anomaly; confirm_anomaly; mark_anomaly_resolved; mark_anomaly_needs_more_evidence,2024-03-31,Dengue,"Since the beginning of 2024, over 7.5 million dengue cases and over 3 000 dengue-related deaths have been reported from 73 countries/territories. Most cases globally have been reported from the WHO PAHO region, with Brazil reporting most cases.",anomaly_review,anomaly,Brazil,P1_high,30,human_review_items; record_inclusion_decisions; anomaly_results,"anomaly review - review_anomaly_anom_001 - Countries/territories reporting dengue cases since March 2023, and ...","Countries/territories reporting dengue cases since March 2023, and ...",https://www.ecdc.europa.eu/en/publications-data/countriesterritories-reporting-dengue-cases-march-2023-and-april-2024,review_possible_spike_or_extraction_error,Is this a real public-health signal or an extraction/count-semantics problem?,rec_src_search_619f95867581_001; src_search_619f95867581; anom_001,anomaly,An anomaly rule flagged the item for expert inspection.
,accept_anomaly; dismiss_anomaly; confirm_anomaly; mark_anomaly_resolved; mark_anomaly_needs_more_evidence,2024-03-31,Dengue,"In the state rankings, São Paulo reported the highest number of probable cases (2,181,519), while the Federal District leads in disease incidence, with 9,905.2 cases per 100,000 inhabitants.",anomaly_review,anomaly,São Paulo,P1_high,31,human_review_items; record_inclusion_decisions; anomaly_results,anomaly review - review_anomaly_anom_002 - Brazil MOH: Dengue cases in 2024 - by Robert Herriman,Brazil MOH: Dengue cases in 2024 - by Robert Herriman,https://outbreaknewstoday.substack.com/p/brazil-moh-dengue-cases-in-2024,review_possible_spike_or_extraction_error,Is this a real public-health signal or an extraction/count-semantics problem?,rec_src_search_c543063343d0_001; src_search_c543063343d0; anom_002,anomaly,An anomaly rule flagged the item for expert inspection.
,accept_anomaly; dismiss_anomaly; confirm_anomaly; mark_anomaly_resolved; mark_anomaly_needs_more_evidence,2024-03-31,Dengue,"The Brazil Ministry of Health has reported eclipsing the 6 million case mark for in 2024. Official data shows 6,007,048 cases have been reported through June 19, including 3,999 deaths and another 2,831 fatalities under investigation.",anomaly_review,anomaly,Brazil,P1_high,32,human_review_items; record_inclusion_decisions; anomaly_results,"anomaly review - review_anomaly_anom_003 - Brazil dengue cases top 6 million, nearly 4,000 deaths","Brazil dengue cases top 6 million, nearly 4,000 deaths",https://outbreaknewstoday.substack.com/p/brazil-dengue-cases-top-6-million,review_possible_spike_or_extraction_error,Is this a real public-health signal or an extraction/count-semantics problem?,rec_src_search_89d26cc955fb_001; src_search_89d26cc955fb; anom_003,anomaly,An anomaly rule flagged the item for expert inspection.
,accept_anomaly; dismiss_anomaly; confirm_anomaly; mark_anomaly_resolved; mark_anomaly_needs_more_evidence,2024-03-31,Dengue,More than 4.2 million cases are classified as confirmed.,anomaly_review,anomaly,Brazil,P1_high,33,human_review_items; record_inclusion_decisions; anomaly_results,"anomaly review - review_anomaly_anom_005 - Brazil dengue cases top 6 million, nearly 4,000 deaths","Brazil dengue cases top 6 million, nearly 4,000 deaths",https://outbreaknewstoday.substack.com/p/brazil-dengue-cases-top-6-million,review_possible_spike_or_extraction_error,Is this a real public-health signal or an extraction/count-semantics problem?,rec_src_search_89d26cc955fb_003; src_search_89d26cc955fb; anom_005,anomaly,An anomaly rule flagged the item for expert inspection.
,accept_anomaly; dismiss_anomaly; confirm_anomaly; mark_anomaly_resolved; mark_anomaly_needs_more_evidence,2024-03-31,Dengue,"Throughout the Americas, the Pan American Health Organization (PAHO) has reported 9,386,082 cases of dengue; this number is twice as high as the number of cases recorded throughout 2023, 4,617,108 cases.",anomaly_review,anomaly,Brazil,P1_high,34,human_review_items; record_inclusion_decisions; anomaly_results,"anomaly review - review_anomaly_anom_010 - Brazil dengue cases top 6 million, nearly 4,000 deaths","Brazil dengue cases top 6 million, nearly 4,000 deaths",https://outbreaknewstoday.substack.com/p/brazil-dengue-cases-top-6-million,review_possible_spike_or_extraction_error,Is this a real public-health signal or an extraction/count-semantics problem?,rec_src_search_89d26cc955fb_009; src_search_89d26cc955fb; anom_010,anomaly,An anomaly rule flagged the item for expert inspection.
Outbreak News Today,accept_anomaly; dismiss_anomaly; confirm_anomaly; mark_anomaly_resolved; mark_anomaly_needs_more_evidence,2024-03-31,Dengue,"In 2024, Brazil reported record numbers in dengue fever including almost 6.49 million probable cases of the disease, with 5,972 deaths.",anomaly_review,anomaly,Brazil,P1_high,35,human_review_items; record_inclusion_decisions; anomaly_results,anomaly review - review_anomaly_anom_011 - Brazil dengue 2025: The first three weeks - Outbreak News Today,Brazil dengue 2025: The first three weeks - Outbreak News Today,https://outbreaknewstoday.substack.com/p/brazil-dengue-2025-the-first-three,review_possible_spike_or_extraction_error,Is this a real public-health signal or an extraction/count-semantics problem?,rec_src_search_9cacbefd56b5_001; src_search_9cacbefd56b5; anom_011,anomaly,An anomaly rule flagged the item for expert inspection.
Pan American Health Organization,accept_anomaly; dismiss_anomaly; confirm_anomaly; mark_anomaly_resolved; mark_anomaly_needs_more_evidence,2024-03-31,Dengue,"| [Download](/sites/default/files/2024-04/2024-mar-29-phe-epiupdate-dengue-final.pdf ""Epidemiological Update - Increase in dengue cases in the Region of the Americas - 29 March 2024"") | In the Region of the Americas, the highest number of cases of dengue was reported in 2023, with a total of 4,569,464 cases, including 7,665 (0.17%) severe cases and 2,363 deaths (case fatality rate [CFR] 0.052%). During 2024, up to epidemiological week (EW) 12, there were 3,578,414 dengue cases reported to the Health Information Platform for the Americas (PLISA per its acronym in Spanish). Of this, 2,888 cases were characterized as severe dengue (0.08%), and 1,039 fatal cases were reported (case fatality rate 0.029%). The total cases reported through PLISA in 2024 represents an increase of more than thre...",anomaly_review,anomaly,Brazil,P1_high,36,human_review_items; record_inclusion_decisions; anomaly_results,anomaly review - review_anomaly_anom_013 - Epidemiological Update - Increase in dengue cases in the Region of the Americas - 29 March 202...,Epidemiological Update - Increase in dengue cases in the Region of the Americas - 29 March 2024 - PAHO/WHO | Pan American Health Organization,https://www.paho.org/en/documents/epidemiological-update-increase-dengue-cases-region-americas-29-march-2024,review_possible_spike_or_extraction_error,Is this a real public-health signal or an extraction/count-semantics problem?,rec_src_search_f4f555107be5_001; src_search_f4f555107be5; anom_013,anomaly,An anomaly rule flagged the item for expert inspection.
Pan American Health Organization,accept_anomaly; dismiss_anomaly; confirm_anomaly; mark_anomaly_resolved; mark_anomaly_needs_more_evidence,2024-03-31,Dengue,"| [Download](/sites/default/files/2024-04/2024-mar-29-phe-epiupdate-dengue-final.pdf ""Epidemiological Update - Increase in dengue cases in the Region of the Americas - 29 March 2024"") | In the Region of the Americas, the highest number of cases of dengue was reported in 2023, with a total of 4,569,464 cases, including 7,665 (0.17%) severe cases and 2,363 deaths (case fatality rate [CFR] 0.052%). During 2024, up to epidemiological week (EW) 12, there were 3,578,414 dengue cases reported to the Health Information Platform for the Americas (PLISA per its acronym in Spanish). Of this, 2,888 cases were characterized as severe dengue (0.08%), and 1,039 fatal cases were reported (case fatality rate 0.029%). The total cases reported through PLISA in 2024 represents an increase of more than thre...",anomaly_review,anomaly,Brazil,P1_high,37,human_review_items; record_inclusion_decisions; anomaly_results,anomaly review - review_anomaly_anom_015 - Epidemiological Update - Increase in dengue cases in the Region of the Americas - 29 March 202...,Epidemiological Update - Increase in dengue cases in the Region of the Americas - 29 March 2024 - PAHO/WHO | Pan American Health Organization,https://www.paho.org/en/documents/epidemiological-update-increase-dengue-cases-region-americas-29-march-2024,review_possible_spike_or_extraction_error,Is this a real public-health signal or an extraction/count-semantics problem?,rec_src_search_f4f555107be5_004; src_search_f4f555107be5; anom_015,anomaly,An anomaly rule flagged the item for expert inspection.
,accept_anomaly; dismiss_anomaly; confirm_anomaly; mark_anomaly_resolved; mark_anomaly_needs_more_evidence,2024-03-31,Dengue,"6,500,034 dengue cases as of August 20241",anomaly_review,anomaly,Brazil,P1_high,38,human_review_items; record_inclusion_decisions; anomaly_results,anomaly review - review_anomaly_anom_016 - Brazil 2024 Record-Breaking Dengue Outbreak | Dengue.com,Brazil 2024 Record-Breaking Dengue Outbreak | Dengue.com,https://www.dengue.com/Dengue-outbreak-in-Brazil-2024,review_possible_spike_or_extraction_error,Is this a real public-health signal or an extraction/count-semantics problem?,rec_src_search_52123c6cbbdd_001; src_search_52123c6cbbdd; anom_016,anomaly,An anomaly rule flagged the item for expert inspection.
,accept_anomaly; dismiss_anomaly; confirm_anomaly; mark_anomaly_resolved; mark_anomaly_needs_more_evidence,2024-03-31,Dengue,"![Brand](https://www.cofen.gov.br/wp-content/themes/cofen/assets/imagens/logo-cofen.png) ![Transparência e Prestação de Contas](https://www.cofen.gov.br/wp-content/uploads/2023/09/transp_logo-1.png) ###### Transparência e Prestação de Contas ### Dengue aumentou 400% no Brasil em 2024 em comparação ao ano passado ##### Apesar de uma queda recente nos casos, especialistas alertam que a doença voltará a crescer em dezembro 18.10.2024 ![Mosquito Aedes aegypti. Feche um Mosquito sugando sangue humano](https://www.cofen.gov.br/wp-content/uploads/2024/10/mosquito-aedes-aegypti-feche-um-mosquito-sugando-sangue-humano_45334-157.avif) O Brasil registrou 6,5 milhões de casos prováveis de dengue até 7 de outubro de 2024, de acordo com o [Painel de Monitoramento das Arboviroses](https://www.gov.br/s...",anomaly_review,anomaly,Brazil,P1_high,39,human_review_items; record_inclusion_decisions; anomaly_results,anomaly review - review_anomaly_anom_017 - Dengue aumentou 400% no Brasil em 2024 em comparação ao ano ...,Dengue aumentou 400% no Brasil em 2024 em comparação ao ano ...,https://www.cofen.gov.br/dengue-aumentou-400-no-brasil-em-2024-em-comparacao-ao-ano-passado,review_possible_spike_or_extraction_error,Is this a real public-health signal or an extraction/count-semantics problem?,rec_src_search_0cb54d17a3e3_001; src_search_0cb54d17a3e3; anom_017,anomaly,An anomaly rule flagged the item for expert inspection.
,accept_anomaly; dismiss_anomaly; confirm_anomaly; mark_anomaly_resolved; mark_anomaly_needs_more_evidence,2024-03-31,Dengue,"![Brand](https://www.cofen.gov.br/wp-content/themes/cofen/assets/imagens/logo-cofen.png) ![Transparência e Prestação de Contas](https://www.cofen.gov.br/wp-content/uploads/2023/09/transp_logo-1.png) ###### Transparência e Prestação de Contas ### Dengue aumentou 400% no Brasil em 2024 em comparação ao ano passado ##### Apesar de uma queda recente nos casos, especialistas alertam que a doença voltará a crescer em dezembro 18.10.2024 ![Mosquito Aedes aegypti. Feche um Mosquito sugando sangue humano](https://www.cofen.gov.br/wp-content/uploads/2024/10/mosquito-aedes-aegypti-feche-um-mosquito-sugando-sangue-humano_45334-157.avif) O Brasil registrou 6,5 milhões de casos prováveis de dengue até 7 de outubro de 2024, de acordo com o [Painel de Monitoramento das Arboviroses](https://www.gov.br/s...",anomaly_review,anomaly,São Paulo,P1_high,40,human_review_items; record_inclusion_decisions; anomaly_results,anomaly review - review_anomaly_anom_019 - Dengue aumentou 400% no Brasil em 2024 em comparação ao ano ...,Dengue aumentou 400% no Brasil em 2024 em comparação ao ano ...,https://www.cofen.gov.br/dengue-aumentou-400-no-brasil-em-2024-em-comparacao-ao-ano-passado,review_possible_spike_or_extraction_error,Is this a real public-health signal or an extraction/count-semantics problem?,rec_src_search_0cb54d17a3e3_005; src_search_0cb54d17a3e3; anom_019,anomaly,An anomaly rule flagged the item for expert inspection.
,approve_source_role; override_source_role; exclude_source; mark_source_needs_review,2024-01-01-2024-03-31,Dengue,,source_identity_review,source_credibility,Brazil,P1_high,41,human_review_items; record_inclusion_decisions; source_registry; source_identity_assessments,source identity review - review_source_credibility_src_search_08f8dd56800e - Brasil registra mais de 1 milhão de casos de dengue em 2024;...,Brasil registra mais de 1 milhão de casos de dengue em 2024; mortes chegam a 214 | G1,https://g1.globo.com/saude/dengue/noticia/2024/02/29/brasil-registra-mais-de-um-milhao-de-casos-de-dengue-em-2024.ghtml,Open source identity assessments and source registry metadata.,"Who is the actual publisher, and is it independent of other evidence?",src_search_08f8dd56800e,source,Publisher or source identity uncertainty can affect source independence and credibility.
,approve_source_role; override_source_role; exclude_source; mark_source_needs_review,2024-01-01-2024-03-31,Dengue,,source_identity_review,source_credibility,Brazil,P1_high,42,human_review_items; record_inclusion_decisions; source_registry; source_identity_assessments,source identity review - review_source_credibility_src_search_8f2793bd15b1 - Brasil passa a marca de 715 mil casos de dengue em 2024 - Yo...,Brasil passa a marca de 715 mil casos de dengue em 2024 - YouTube,https://www.youtube.com/watch?v=PmGN4kAyeUM,Open source identity assessments and source registry metadata.,"Who is the actual publisher, and is it independent of other evidence?",src_search_8f2793bd15b1,source,Publisher or source identity uncertainty can affect source independence and credibility.
,approve_source_role; override_source_role; exclude_source; mark_source_needs_review,2024-01-01-2024-03-31,Dengue,,source_identity_review,source_credibility,Brazil,P1_high,43,human_review_items; record_inclusion_decisions; source_registry; source_identity_assessments,source identity review - review_source_credibility_src_search_aefdcfcb3ad8 - Epidemia de Dengue: uma análise sobre as projeções para o an...,Epidemia de Dengue: uma análise sobre as projeções para o ano ...,https://www.researchgate.net/publication/382977079_Epidemia_de_Dengue_uma_analise_sobre_as_projecoes_para_o_ano_de_2024,Open source identity assessments and source registry metadata.,"Who is the actual publisher, and is it independent of other evidence?",src_search_aefdcfcb3ad8,source,Publisher or source identity uncertainty can affect source independence and credibility.
,approve_source_role; override_source_role; exclude_source; mark_source_needs_review,2024-01-01-2024-03-31,Dengue,,source_identity_review,source_credibility,Brazil,P1_high,44,human_review_items; record_inclusion_decisions; source_registry; source_identity_assessments,source identity review - review_source_credibility_src_search_de67a8507994 - Dados Dengue Brasil: Análise Completa das Estatísticas 2024-...,Dados Dengue Brasil: Análise Completa das Estatísticas 2024-2025,https://techdengue.com/dados-dengue-brasil-analise-completa-das-estatisticas-2024-2025,Open source identity assessments and source registry metadata.,"Who is the actual publisher, and is it independent of other evidence?",src_search_de67a8507994,source,Publisher or source identity uncertainty can affect source independence and credibility.
,accept_anomaly; dismiss_anomaly; confirm_anomaly; mark_anomaly_resolved; mark_anomaly_needs_more_evidence,2024-01-01-2024-03-31,Dengue,,claim_corroboration_review,anomaly,Brazil,P1_high,45,human_review_items; record_inclusion_decisions; claims; claim_comparisons; corroborated_events; anomaly_results,claim corroboration review - review_anomaly_anom_032 - event_001,,,review_cluster_canonical_count,"Is the claim independently corroborated, conflicting, or only single-source evidence?",event_001; anom_032,anomaly,Claim-level support is unresolved or depends on a single source.
,accept_anomaly; dismiss_anomaly; confirm_anomaly; mark_anomaly_resolved; mark_anomaly_needs_more_evidence,2024-01-01-2024-03-31,Dengue,,claim_corroboration_review,anomaly,Brazil,P1_high,46,human_review_items; record_inclusion_decisions; claims; claim_comparisons; corroborated_events; anomaly_results,claim corroboration review - review_anomaly_anom_033 - event_008,,,review_cluster_canonical_count,"Is the claim independently corroborated, conflicting, or only single-source evidence?",event_008; anom_033,anomaly,Claim-level support is unresolved or depends on a single source.
,accept_anomaly; dismiss_anomaly; confirm_anomaly; mark_anomaly_resolved; mark_anomaly_needs_more_evidence,2024-01-01-2024-03-31,Dengue,,claim_corroboration_review,anomaly,Brazil,P1_high,47,human_review_items; record_inclusion_decisions; claims; claim_comparisons; corroborated_events; anomaly_results,claim corroboration review - review_anomaly_anom_034 - event_009,,,review_cluster_canonical_count,"Is the claim independently corroborated, conflicting, or only single-source evidence?",event_009; anom_034,anomaly,Claim-level support is unresolved or depends on a single source.
,accept_as_is; correct_fields; reject_record; mark_requires_review; mark_review_resolved; mark_non_countable; mark_countable; mark_duplicate; mark_not_duplicate; needs_more_evidence; defer_decision,2024-03-31,Dengue,[Abrir menu principal de navegação](#) [Ministério da Saúde](https://www.gov.br/saude/pt-br) Termos mais buscados * [imposto de renda](https://www.gov.br/saude/pt-br/search?origem=termos&SearchableText=imposto de renda) * [assinatura](https://www.gov.br/saude/pt-br/search?origem=termos&SearchableText=assinatura) * [mei](https://www.gov.br/saude/pt-br/search?origem=termos&SearchableText=mei) * [inss](https://www.gov.br/saude/pt-br/search?origem=termos&SearchableText=inss) * [enem](https://www.gov.br/saude/pt-br/search?origem=termos&SearchableText=enem) Termos mais buscados * [imposto de renda](https://www.gov.br/saude/pt-br/search?origem=termos&SearchableText=imposto de renda) * [assinatura](https://www.gov.br/saude/pt-br/search?origem=termos&SearchableText=assinatura) * [mei](https://ww...,claim_corroboration_review,duplicate_event_clustering,Brazil,P1_high,48,human_review_items; record_inclusion_decisions; quarantined_records; context_records; final_case_dataset; claims; claim_comparisons; corroborated_events,claim corroboration review - review_duplicate_event_006 - Brasil registra queda de quase 70% nos casos de dengue nos 2 primeiros meses de...,Brasil registra queda de quase 70% nos casos de dengue nos 2 primeiros meses de 2025 — Ministério da Saúde,https://www.gov.br/saude/pt-br/assuntos/noticias/2025/marco/brasil-registra-queda-de-quase-70-nos-casos-de-dengue-nos-2-primeiros-meses-de-2025,"Open claims, claim comparisons, and corroborated events.","Is the claim independently corroborated, conflicting, or only single-source evidence?",rec_src_search_8a863e6c52f9_001; event_006,record,Claim-level support is unresolved or depends on a single source.
Centers for Disease Control and Prevention,accept_as_is; correct_fields; reject_record; mark_requires_review; mark_review_resolved; mark_non_countable; mark_countable; mark_duplicate; mark_not_duplicate; needs_more_evidence; defer_decision,2024-03-31,Dengue,"Since the beginning of 2024, over 7.5 million dengue cases and over 3 000 dengue-related deaths have been reported from 73 countries/territories. Most cases globally have been reported from the WHO PAHO region, with Brazil reporting most cases.",outside_scope_review,record_linking,Brazil,P1_high,49,human_review_items; record_inclusion_decisions; quarantined_records; context_records; final_case_dataset,"outside scope review - review_linking_event_002 - Countries/territories reporting dengue cases since March 2023, and ...","Countries/territories reporting dengue cases since March 2023, and ...",https://www.ecdc.europa.eu/en/publications-data/countriesterritories-reporting-dengue-cases-march-2023-and-april-2024,Inspect the evidence quote and record inclusion decision.,Does the evidence actually match the requested scope?,rec_src_search_619f95867581_001,record,"The item may be outside the requested disease, location, or time window."
,accept_as_is; correct_fields; reject_record; mark_requires_review; mark_review_resolved; mark_non_countable; mark_countable; mark_duplicate; mark_not_duplicate; needs_more_evidence; defer_decision,2024-03-31,Dengue,"Throughout the Americas, the Pan American Health Organization (PAHO) has reported 9,386,082 cases of dengue; this number is twice as high as the number of cases recorded throughout 2023, 4,617,108 cases.",outside_scope_review,record_linking,Brazil,P1_high,50,human_review_items; record_inclusion_decisions; quarantined_records; context_records; final_case_dataset,"outside scope review - review_linking_event_003 - Brazil dengue cases top 6 million, nearly 4,000 deaths","Brazil dengue cases top 6 million, nearly 4,000 deaths",https://outbreaknewstoday.substack.com/p/brazil-dengue-cases-top-6-million,Inspect the evidence quote and record inclusion decision.,Does the evidence actually match the requested scope?,rec_src_search_89d26cc955fb_009,record,"The item may be outside the requested disease, location, or time window."
Pan American Health Organization,accept_as_is; correct_fields; reject_record; mark_requires_review; mark_review_resolved; mark_non_countable; mark_countable; mark_duplicate; mark_not_duplicate; needs_more_evidence; defer_decision,2024-03-31,Dengue,"| [Download](/sites/default/files/2024-04/2024-mar-29-phe-epiupdate-dengue-final.pdf ""Epidemiological Update - Increase in dengue cases in the Region of the Americas - 29 March 2024"") | In the Region of the Americas, the highest number of cases of dengue was reported in 2023, with a total of 4,569,464 cases, including 7,665 (0.17%) severe cases and 2,363 deaths (case fatality rate [CFR] 0.052%). During 2024, up to epidemiological week (EW) 12, there were 3,578,414 dengue cases reported to the Health Information Platform for the Americas (PLISA per its acronym in Spanish). Of this, 2,888 cases were characterized as severe dengue (0.08%), and 1,039 fatal cases were reported (case fatality rate 0.029%). The total cases reported through PLISA in 2024 represents an increase of more than thre...",outside_scope_review,record_linking,Brazil,P1_high,51,human_review_items; record_inclusion_decisions; quarantined_records; context_records; final_case_dataset,outside scope review - review_linking_event_004 - Epidemiological Update - Increase in dengue cases in the Region of the Americas - 29 Ma...,Epidemiological Update - Increase in dengue cases in the Region of the Americas - 29 March 2024 - PAHO/WHO | Pan American Health Organization,https://www.paho.org/en/documents/epidemiological-update-increase-dengue-cases-region-americas-29-march-2024,Inspect the evidence quote and record inclusion decision.,Does the evidence actually match the requested scope?,rec_src_search_f4f555107be5_004,record,"The item may be outside the requested disease, location, or time window."
Pan American Health Organization,accept_as_is; correct_fields; reject_record; mark_requires_review; mark_review_resolved; mark_non_countable; mark_countable; mark_duplicate; mark_not_duplicate; needs_more_evidence; defer_decision,2024-03-31,Dengue,"| [Download](/sites/default/files/2024-04/2024-mar-29-phe-epiupdate-dengue-final.pdf ""Epidemiological Update - Increase in dengue cases in the Region of the Americas - 29 March 2024"") | In the Region of the Americas, the highest number of cases of dengue was reported in 2023, with a total of 4,569,464 cases, including 7,665 (0.17%) severe cases and 2,363 deaths (case fatality rate [CFR] 0.052%). During 2024, up to epidemiological week (EW) 12, there were 3,578,414 dengue cases reported to the Health Information Platform for the Americas (PLISA per its acronym in Spanish). Of this, 2,888 cases were characterized as severe dengue (0.08%), and 1,039 fatal cases were reported (case fatality rate 0.029%). The total cases reported through PLISA in 2024 represents an increase of more than thre...",outside_scope_review,record_linking,Brazil,P1_high,52,human_review_items; record_inclusion_decisions; quarantined_records; context_records; final_case_dataset,outside scope review - review_linking_event_005 - Epidemiological Update - Increase in dengue cases in the Region of the Americas - 29 Ma...,Epidemiological Update - Increase in dengue cases in the Region of the Americas - 29 March 2024 - PAHO/WHO | Pan American Health Organization,https://www.paho.org/en/documents/epidemiological-update-increase-dengue-cases-region-americas-29-march-2024,Inspect the evidence quote and record inclusion decision.,Does the evidence actually match the requested scope?,rec_src_search_f4f555107be5_001; rec_src_search_f4f555107be5_003,record,"The item may be outside the requested disease, location, or time window."
Pan American Health Organization,accept_as_is; correct_fields; reject_record; mark_requires_review; mark_review_resolved; mark_non_countable; mark_countable; mark_duplicate; mark_not_duplicate; needs_more_evidence; defer_decision,2024-03-31,Dengue,"| [Download](/sites/default/files/2024-04/2024-mar-29-phe-epiupdate-dengue-final.pdf ""Epidemiological Update - Increase in dengue cases in the Region of the Americas - 29 March 2024"") | In the Region of the Americas, the highest number of cases of dengue was reported in 2023, with a total of 4,569,464 cases, including 7,665 (0.17%) severe cases and 2,363 deaths (case fatality rate [CFR] 0.052%). During 2024, up to epidemiological week (EW) 12, there were 3,578,414 dengue cases reported to the Health Information Platform for the Americas (PLISA per its acronym in Spanish). Of this, 2,888 cases were characterized as severe dengue (0.08%), and 1,039 fatal cases were reported (case fatality rate 0.029%). The total cases reported through PLISA in 2024 represents an increase of more than thre...",outside_scope_review,record_linking,Brazil,P1_high,53,human_review_items; record_inclusion_decisions; quarantined_records; context_records; final_case_dataset,outside scope review - review_linking_event_017 - Epidemiological Update - Increase in dengue cases in the Region of the Americas - 29 Ma...,Epidemiological Update - Increase in dengue cases in the Region of the Americas - 29 March 2024 - PAHO/WHO | Pan American Health Organization,https://www.paho.org/en/documents/epidemiological-update-increase-dengue-cases-region-americas-29-march-2024,Inspect the evidence quote and record inclusion decision.,Does the evidence actually match the requested scope?,rec_src_search_f4f555107be5_005,record,"The item may be outside the requested disease, location, or time window."
Pan American Health Organization,accept_as_is; correct_fields; reject_record; mark_requires_review; mark_review_resolved; mark_non_countable; mark_countable; mark_duplicate; mark_not_duplicate; needs_more_evidence; defer_decision,2024-03-31,Dengue,"| [Download](/sites/default/files/2024-04/2024-mar-29-phe-epiupdate-dengue-final.pdf ""Epidemiological Update - Increase in dengue cases in the Region of the Americas - 29 March 2024"") | In the Region of the Americas, the highest number of cases of dengue was reported in 2023, with a total of 4,569,464 cases, including 7,665 (0.17%) severe cases and 2,363 deaths (case fatality rate [CFR] 0.052%). During 2024, up to epidemiological week (EW) 12, there were 3,578,414 dengue cases reported to the Health Information Platform for the Americas (PLISA per its acronym in Spanish). Of this, 2,888 cases were characterized as severe dengue (0.08%), and 1,039 fatal cases were reported (case fatality rate 0.029%). The total cases reported through PLISA in 2024 represents an increase of more than thre...",outside_scope_review,record_linking,Brazil,P1_high,54,human_review_items; record_inclusion_decisions; quarantined_records; context_records; final_case_dataset,outside scope review - review_linking_event_018 - Epidemiological Update - Increase in dengue cases in the Region of the Americas - 29 Ma...,Epidemiological Update - Increase in dengue cases in the Region of the Americas - 29 March 2024 - PAHO/WHO | Pan American Health Organization,https://www.paho.org/en/documents/epidemiological-update-increase-dengue-cases-region-americas-29-march-2024,Inspect the evidence quote and record inclusion decision.,Does the evidence actually match the requested scope?,rec_src_search_f4f555107be5_002,record,"The item may be outside the requested disease, location, or time window."
Centers for Disease Control and Prevention,accept_as_is; correct_fields; reject_record; mark_requires_review; mark_review_resolved; mark_non_countable; mark_countable; mark_duplicate; mark_not_duplicate; needs_more_evidence; defer_decision,2024-03-31,Dengue,"Since the beginning of 2024, over 7.5 million dengue cases and over 3 000 dengue-related deaths have been reported from 73 countries/territories. Most cases globally have been reported from the WHO PAHO region, with Brazil reporting most cases.",outside_scope_review,record_normalization,Brazil,P1_high,55,human_review_items; record_inclusion_decisions; quarantined_records; context_records; final_case_dataset,outside scope review - review_normalization_rec_src_search_619f95867581_001 - Countries/territories reporting dengue cases since March 20...,"Countries/territories reporting dengue cases since March 2023, and ...",https://www.ecdc.europa.eu/en/publications-data/countriesterritories-reporting-dengue-cases-march-2023-and-april-2024,Inspect the evidence quote and record inclusion decision.,Does the evidence actually match the requested scope?,rec_src_search_619f95867581_001,record,"The item may be outside the requested disease, location, or time window."
,accept_as_is; correct_fields; reject_record; mark_requires_review; mark_review_resolved; mark_non_countable; mark_countable; mark_duplicate; mark_not_duplicate; needs_more_evidence; defer_decision,2024-03-31,Dengue,"Throughout the Americas, the Pan American Health Organization (PAHO) has reported 9,386,082 cases of dengue; this number is twice as high as the number of cases recorded throughout 2023, 4,617,108 cases.",outside_scope_review,record_normalization,Brazil,P1_high,56,human_review_items; record_inclusion_decisions; quarantined_records; context_records; final_case_dataset,"outside scope review - review_normalization_rec_src_search_89d26cc955fb_009 - Brazil dengue cases top 6 million, nearly 4,000 deaths","Brazil dengue cases top 6 million, nearly 4,000 deaths",https://outbreaknewstoday.substack.com/p/brazil-dengue-cases-top-6-million,Inspect the evidence quote and record inclusion decision.,Does the evidence actually match the requested scope?,rec_src_search_89d26cc955fb_009,record,"The item may be outside the requested disease, location, or time window."
Pan American Health Organization,accept_as_is; correct_fields; reject_record; mark_requires_review; mark_review_resolved; mark_non_countable; mark_countable; mark_duplicate; mark_not_duplicate; needs_more_evidence; defer_decision,2024-03-31,Dengue,"| [Download](/sites/default/files/2024-04/2024-mar-29-phe-epiupdate-dengue-final.pdf ""Epidemiological Update - Increase in dengue cases in the Region of the Americas - 29 March 2024"") | In the Region of the Americas, the highest number of cases of dengue was reported in 2023, with a total of 4,569,464 cases, including 7,665 (0.17%) severe cases and 2,363 deaths (case fatality rate [CFR] 0.052%). During 2024, up to epidemiological week (EW) 12, there were 3,578,414 dengue cases reported to the Health Information Platform for the Americas (PLISA per its acronym in Spanish). Of this, 2,888 cases were characterized as severe dengue (0.08%), and 1,039 fatal cases were reported (case fatality rate 0.029%). The total cases reported through PLISA in 2024 represents an increase of more than thre...",outside_scope_review,record_normalization,Brazil,P1_high,57,human_review_items; record_inclusion_decisions; quarantined_records; context_records; final_case_dataset,outside scope review - review_normalization_rec_src_search_f4f555107be5_001 - Epidemiological Update - Increase in dengue cases in the Re...,Epidemiological Update - Increase in dengue cases in the Region of the Americas - 29 March 2024 - PAHO/WHO | Pan American Health Organization,https://www.paho.org/en/documents/epidemiological-update-increase-dengue-cases-region-americas-29-march-2024,Inspect the evidence quote and record inclusion decision.,Does the evidence actually match the requested scope?,rec_src_search_f4f555107be5_001,record,"The item may be outside the requested disease, location, or time window."
Pan American Health Organization,accept_as_is; correct_fields; reject_record; mark_requires_review; mark_review_resolved; mark_non_countable; mark_countable; mark_duplicate; mark_not_duplicate; needs_more_evidence; defer_decision,2024-03-31,Dengue,"| [Download](/sites/default/files/2024-04/2024-mar-29-phe-epiupdate-dengue-final.pdf ""Epidemiological Update - Increase in dengue cases in the Region of the Americas - 29 March 2024"") | In the Region of the Americas, the highest number of cases of dengue was reported in 2023, with a total of 4,569,464 cases, including 7,665 (0.17%) severe cases and 2,363 deaths (case fatality rate [CFR] 0.052%). During 2024, up to epidemiological week (EW) 12, there were 3,578,414 dengue cases reported to the Health Information Platform for the Americas (PLISA per its acronym in Spanish). Of this, 2,888 cases were characterized as severe dengue (0.08%), and 1,039 fatal cases were reported (case fatality rate 0.029%). The total cases reported through PLISA in 2024 represents an increase of more than thre...",outside_scope_review,record_normalization,Brazil,P1_high,58,human_review_items; record_inclusion_decisions; quarantined_records; context_records; final_case_dataset,outside scope review - review_normalization_rec_src_search_f4f555107be5_002 - Epidemiological Update - Increase in dengue cases in the Re...,Epidemiological Update - Increase in dengue cases in the Region of the Americas - 29 March 2024 - PAHO/WHO | Pan American Health Organization,https://www.paho.org/en/documents/epidemiological-update-increase-dengue-cases-region-americas-29-march-2024,Inspect the evidence quote and record inclusion decision.,Does the evidence actually match the requested scope?,rec_src_search_f4f555107be5_002,record,"The item may be outside the requested disease, location, or time window."
Pan American Health Organization,accept_as_is; correct_fields; reject_record; mark_requires_review; mark_review_resolved; mark_non_countable; mark_countable; mark_duplicate; mark_not_duplicate; needs_more_evidence; defer_decision,2024-03-31,Dengue,"| [Download](/sites/default/files/2024-04/2024-mar-29-phe-epiupdate-dengue-final.pdf ""Epidemiological Update - Increase in dengue cases in the Region of the Americas - 29 March 2024"") | In the Region of the Americas, the highest number of cases of dengue was reported in 2023, with a total of 4,569,464 cases, including 7,665 (0.17%) severe cases and 2,363 deaths (case fatality rate [CFR] 0.052%). During 2024, up to epidemiological week (EW) 12, there were 3,578,414 dengue cases reported to the Health Information Platform for the Americas (PLISA per its acronym in Spanish). Of this, 2,888 cases were characterized as severe dengue (0.08%), and 1,039 fatal cases were reported (case fatality rate 0.029%). The total cases reported through PLISA in 2024 represents an increase of more than thre...",outside_scope_review,record_normalization,Brazil,P1_high,59,human_review_items; record_inclusion_decisions; quarantined_records; context_records; final_case_dataset,outside scope review - review_normalization_rec_src_search_f4f555107be5_003 - Epidemiological Update - Increase in dengue cases in the Re...,Epidemiological Update - Increase in dengue cases in the Region of the Americas - 29 March 2024 - PAHO/WHO | Pan American Health Organization,https://www.paho.org/en/documents/epidemiological-update-increase-dengue-cases-region-americas-29-march-2024,Inspect the evidence quote and record inclusion decision.,Does the evidence actually match the requested scope?,rec_src_search_f4f555107be5_003,record,"The item may be outside the requested disease, location, or time window."
Pan American Health Organization,accept_as_is; correct_fields; reject_record; mark_requires_review; mark_review_resolved; mark_non_countable; mark_countable; mark_duplicate; mark_not_duplicate; needs_more_evidence; defer_decision,2024-03-31,Dengue,"| [Download](/sites/default/files/2024-04/2024-mar-29-phe-epiupdate-dengue-final.pdf ""Epidemiological Update - Increase in dengue cases in the Region of the Americas - 29 March 2024"") | In the Region of the Americas, the highest number of cases of dengue was reported in 2023, with a total of 4,569,464 cases, including 7,665 (0.17%) severe cases and 2,363 deaths (case fatality rate [CFR] 0.052%). During 2024, up to epidemiological week (EW) 12, there were 3,578,414 dengue cases reported to the Health Information Platform for the Americas (PLISA per its acronym in Spanish). Of this, 2,888 cases were characterized as severe dengue (0.08%), and 1,039 fatal cases were reported (case fatality rate 0.029%). The total cases reported through PLISA in 2024 represents an increase of more than thre...",outside_scope_review,record_normalization,Brazil,P1_high,60,human_review_items; record_inclusion_decisions; quarantined_records; context_records; final_case_dataset,outside scope review - review_normalization_rec_src_search_f4f555107be5_004 - Epidemiological Update - Increase in dengue cases in the Re...,Epidemiological Update - Increase in dengue cases in the Region of the Americas - 29 March 2024 - PAHO/WHO | Pan American Health Organization,https://www.paho.org/en/documents/epidemiological-update-increase-dengue-cases-region-americas-29-march-2024,Inspect the evidence quote and record inclusion decision.,Does the evidence actually match the requested scope?,rec_src_search_f4f555107be5_004,record,"The item may be outside the requested disease, location, or time window."
Pan American Health Organization,accept_as_is; correct_fields; reject_record; mark_requires_review; mark_review_resolved; mark_non_countable; mark_countable; mark_duplicate; mark_not_duplicate; needs_more_evidence; defer_decision,2024-03-31,Dengue,"| [Download](/sites/default/files/2024-04/2024-mar-29-phe-epiupdate-dengue-final.pdf ""Epidemiological Update - Increase in dengue cases in the Region of the Americas - 29 March 2024"") | In the Region of the Americas, the highest number of cases of dengue was reported in 2023, with a total of 4,569,464 cases, including 7,665 (0.17%) severe cases and 2,363 deaths (case fatality rate [CFR] 0.052%). During 2024, up to epidemiological week (EW) 12, there were 3,578,414 dengue cases reported to the Health Information Platform for the Americas (PLISA per its acronym in Spanish). Of this, 2,888 cases were characterized as severe dengue (0.08%), and 1,039 fatal cases were reported (case fatality rate 0.029%). The total cases reported through PLISA in 2024 represents an increase of more than thre...",outside_scope_review,record_normalization,Brazil,P1_high,61,human_review_items; record_inclusion_decisions; quarantined_records; context_records; final_case_dataset,outside scope review - review_normalization_rec_src_search_f4f555107be5_005 - Epidemiological Update - Increase in dengue cases in the Re...,Epidemiological Update - Increase in dengue cases in the Region of the Americas - 29 March 2024 - PAHO/WHO | Pan American Health Organization,https://www.paho.org/en/documents/epidemiological-update-increase-dengue-cases-region-americas-29-march-2024,Inspect the evidence quote and record inclusion decision.,Does the evidence actually match the requested scope?,rec_src_search_f4f555107be5_005,record,"The item may be outside the requested disease, location, or time window."
Centers for Disease Control and Prevention,accept_validation_result; mark_validation_result_not_applicable; confirm_conflict; resolve_conflict_as_left; resolve_conflict_as_right; mark_needs_more_evidence; override_validation_status,2024-03-31,Dengue,"Since the beginning of 2024, over 7.5 million dengue cases and over 3 000 dengue-related deaths have been reported from 73 countries/territories. Most cases globally have been reported from the WHO PAHO region, with Brazil reporting most cases.",outside_scope_review,validation_scope_issue,Brazil,P1_high,62,human_review_items; record_inclusion_decisions; validation_results; validation_source_compatibility_summary,"outside scope review - review_validation_val_result_001 - Countries/territories reporting dengue cases since March 2023, and ...","Countries/territories reporting dengue cases since March 2023, and ...",https://www.ecdc.europa.eu/en/publications-data/countriesterritories-reporting-dengue-cases-march-2023-and-april-2024,Inspect the evidence quote and record inclusion decision.,Does the evidence actually match the requested scope?,rec_src_search_619f95867581_001; val_result_001,validation_result,"The item may be outside the requested disease, location, or time window."
,accept_validation_result; mark_validation_result_not_applicable; confirm_conflict; resolve_conflict_as_left; resolve_conflict_as_right; mark_needs_more_evidence; override_validation_status,2024-03-31,Dengue,"Throughout the Americas, the Pan American Health Organization (PAHO) has reported 9,386,082 cases of dengue; this number is twice as high as the number of cases recorded throughout 2023, 4,617,108 cases.",outside_scope_review,validation_scope_issue,Brazil,P1_high,63,human_review_items; record_inclusion_decisions; validation_results; validation_source_compatibility_summary,"outside scope review - review_validation_val_result_012 - Brazil dengue cases top 6 million, nearly 4,000 deaths","Brazil dengue cases top 6 million, nearly 4,000 deaths",https://outbreaknewstoday.substack.com/p/brazil-dengue-cases-top-6-million,Inspect the evidence quote and record inclusion decision.,Does the evidence actually match the requested scope?,rec_src_search_89d26cc955fb_009; val_result_012,validation_result,"The item may be outside the requested disease, location, or time window."
Pan American Health Organization,accept_validation_result; mark_validation_result_not_applicable; confirm_conflict; resolve_conflict_as_left; resolve_conflict_as_right; mark_needs_more_evidence; override_validation_status,2024-03-31,Dengue,"| [Download](/sites/default/files/2024-04/2024-mar-29-phe-epiupdate-dengue-final.pdf ""Epidemiological Update - Increase in dengue cases in the Region of the Americas - 29 March 2024"") | In the Region of the Americas, the highest number of cases of dengue was reported in 2023, with a total of 4,569,464 cases, including 7,665 (0.17%) severe cases and 2,363 deaths (case fatality rate [CFR] 0.052%). During 2024, up to epidemiological week (EW) 12, there were 3,578,414 dengue cases reported to the Health Information Platform for the Americas (PLISA per its acronym in Spanish). Of this, 2,888 cases were characterized as severe dengue (0.08%), and 1,039 fatal cases were reported (case fatality rate 0.029%). The total cases reported through PLISA in 2024 represents an increase of more than thre...",outside_scope_review,validation_scope_issue,Brazil,P1_high,64,human_review_items; record_inclusion_decisions; validation_results; validation_source_compatibility_summary,outside scope review - review_validation_val_result_015 - Epidemiological Update - Increase in dengue cases in the Region of the Americas...,Epidemiological Update - Increase in dengue cases in the Region of the Americas - 29 March 2024 - PAHO/WHO | Pan American Health Organization,https://www.paho.org/en/documents/epidemiological-update-increase-dengue-cases-region-americas-29-march-2024,Inspect the evidence quote and record inclusion decision.,Does the evidence actually match the requested scope?,rec_src_search_f4f555107be5_001; val_result_015,validation_result,"The item may be outside the requested disease, location, or time window."
Pan American Health Organization,accept_validation_result; mark_validation_result_not_applicable; confirm_conflict; resolve_conflict_as_left; resolve_conflict_as_right; mark_needs_more_evidence; override_validation_status,2024-03-31,Dengue,"| [Download](/sites/default/files/2024-04/2024-mar-29-phe-epiupdate-dengue-final.pdf ""Epidemiological Update - Increase in dengue cases in the Region of the Americas - 29 March 2024"") | In the Region of the Americas, the highest number of cases of dengue was reported in 2023, with a total of 4,569,464 cases, including 7,665 (0.17%) severe cases and 2,363 deaths (case fatality rate [CFR] 0.052%). During 2024, up to epidemiological week (EW) 12, there were 3,578,414 dengue cases reported to the Health Information Platform for the Americas (PLISA per its acronym in Spanish). Of this, 2,888 cases were characterized as severe dengue (0.08%), and 1,039 fatal cases were reported (case fatality rate 0.029%). The total cases reported through PLISA in 2024 represents an increase of more than thre...",outside_scope_review,validation_scope_issue,Brazil,P1_high,65,human_review_items; record_inclusion_decisions; validation_results; validation_source_compatibility_summary,outside scope review - review_validation_val_result_016 - Epidemiological Update - Increase in dengue cases in the Region of the Americas...,Epidemiological Update - Increase in dengue cases in the Region of the Americas - 29 March 2024 - PAHO/WHO | Pan American Health Organization,https://www.paho.org/en/documents/epidemiological-update-increase-dengue-cases-region-americas-29-march-2024,Inspect the evidence quote and record inclusion decision.,Does the evidence actually match the requested scope?,rec_src_search_f4f555107be5_002; val_result_016,validation_result,"The item may be outside the requested disease, location, or time window."
Pan American Health Organization,accept_validation_result; mark_validation_result_not_applicable; confirm_conflict; resolve_conflict_as_left; resolve_conflict_as_right; mark_needs_more_evidence; override_validation_status,2024-03-31,Dengue,"| [Download](/sites/default/files/2024-04/2024-mar-29-phe-epiupdate-dengue-final.pdf ""Epidemiological Update - Increase in dengue cases in the Region of the Americas - 29 March 2024"") | In the Region of the Americas, the highest number of cases of dengue was reported in 2023, with a total of 4,569,464 cases, including 7,665 (0.17%) severe cases and 2,363 deaths (case fatality rate [CFR] 0.052%). During 2024, up to epidemiological week (EW) 12, there were 3,578,414 dengue cases reported to the Health Information Platform for the Americas (PLISA per its acronym in Spanish). Of this, 2,888 cases were characterized as severe dengue (0.08%), and 1,039 fatal cases were reported (case fatality rate 0.029%). The total cases reported through PLISA in 2024 represents an increase of more than thre...",outside_scope_review,validation_scope_issue,Brazil,P1_high,66,human_review_items; record_inclusion_decisions; validation_results; validation_source_compatibility_summary,outside scope review - review_validation_val_result_017 - Epidemiological Update - Increase in dengue cases in the Region of the Americas...,Epidemiological Update - Increase in dengue cases in the Region of the Americas - 29 March 2024 - PAHO/WHO | Pan American Health Organization,https://www.paho.org/en/documents/epidemiological-update-increase-dengue-cases-region-americas-29-march-2024,Inspect the evidence quote and record inclusion decision.,Does the evidence actually match the requested scope?,rec_src_search_f4f555107be5_003; val_result_017,validation_result,"The item may be outside the requested disease, location, or time window."
Pan American Health Organization,accept_validation_result; mark_validation_result_not_applicable; confirm_conflict; resolve_conflict_as_left; resolve_conflict_as_right; mark_needs_more_evidence; override_validation_status,2024-03-31,Dengue,"| [Download](/sites/default/files/2024-04/2024-mar-29-phe-epiupdate-dengue-final.pdf ""Epidemiological Update - Increase in dengue cases in the Region of the Americas - 29 March 2024"") | In the Region of the Americas, the highest number of cases of dengue was reported in 2023, with a total of 4,569,464 cases, including 7,665 (0.17%) severe cases and 2,363 deaths (case fatality rate [CFR] 0.052%). During 2024, up to epidemiological week (EW) 12, there were 3,578,414 dengue cases reported to the Health Information Platform for the Americas (PLISA per its acronym in Spanish). Of this, 2,888 cases were characterized as severe dengue (0.08%), and 1,039 fatal cases were reported (case fatality rate 0.029%). The total cases reported through PLISA in 2024 represents an increase of more than thre...",outside_scope_review,validation_scope_issue,Brazil,P1_high,67,human_review_items; record_inclusion_decisions; validation_results; validation_source_compatibility_summary,outside scope review - review_validation_val_result_018 - Epidemiological Update - Increase in dengue cases in the Region of the Americas...,Epidemiological Update - Increase in dengue cases in the Region of the Americas - 29 March 2024 - PAHO/WHO | Pan American Health Organization,https://www.paho.org/en/documents/epidemiological-update-increase-dengue-cases-region-americas-29-march-2024,Inspect the evidence quote and record inclusion decision.,Does the evidence actually match the requested scope?,rec_src_search_f4f555107be5_004; val_result_018,validation_result,"The item may be outside the requested disease, location, or time window."
Pan American Health Organization,accept_validation_result; mark_validation_result_not_applicable; confirm_conflict; resolve_conflict_as_left; resolve_conflict_as_right; mark_needs_more_evidence; override_validation_status,2024-03-31,Dengue,"| [Download](/sites/default/files/2024-04/2024-mar-29-phe-epiupdate-dengue-final.pdf ""Epidemiological Update - Increase in dengue cases in the Region of the Americas - 29 March 2024"") | In the Region of the Americas, the highest number of cases of dengue was reported in 2023, with a total of 4,569,464 cases, including 7,665 (0.17%) severe cases and 2,363 deaths (case fatality rate [CFR] 0.052%). During 2024, up to epidemiological week (EW) 12, there were 3,578,414 dengue cases reported to the Health Information Platform for the Americas (PLISA per its acronym in Spanish). Of this, 2,888 cases were characterized as severe dengue (0.08%), and 1,039 fatal cases were reported (case fatality rate 0.029%). The total cases reported through PLISA in 2024 represents an increase of more than thre...",outside_scope_review,validation_scope_issue,Brazil,P1_high,68,human_review_items; record_inclusion_decisions; validation_results; validation_source_compatibility_summary,outside scope review - review_validation_val_result_019 - Epidemiological Update - Increase in dengue cases in the Region of the Americas...,Epidemiological Update - Increase in dengue cases in the Region of the Americas - 29 March 2024 - PAHO/WHO | Pan American Health Organization,https://www.paho.org/en/documents/epidemiological-update-increase-dengue-cases-region-americas-29-march-2024,Inspect the evidence quote and record inclusion decision.,Does the evidence actually match the requested scope?,rec_src_search_f4f555107be5_005; val_result_019,validation_result,"The item may be outside the requested disease, location, or time window."
,accept_anomaly; dismiss_anomaly; confirm_anomaly; mark_anomaly_resolved; mark_anomaly_needs_more_evidence,2024-03-31,Dengue,"Sao Paulo state and Minas Gerais state have seen the most cases with 1,829,439 and 1,620,083 cases, respectively.",anomaly_review,anomaly,São Paulo,P1_high,69,human_review_items; record_inclusion_decisions; anomaly_results,"anomaly review - review_anomaly_anom_006 - Brazil dengue cases top 6 million, nearly 4,000 deaths","Brazil dengue cases top 6 million, nearly 4,000 deaths",https://outbreaknewstoday.substack.com/p/brazil-dengue-cases-top-6-million,review_possible_spike_or_extraction_error,Is this a real public-health signal or an extraction/count-semantics problem?,rec_src_search_89d26cc955fb_004; src_search_89d26cc955fb; anom_006,anomaly,An anomaly rule flagged the item for expert inspection.
,accept_anomaly; dismiss_anomaly; confirm_anomaly; mark_anomaly_resolved; mark_anomaly_needs_more_evidence,2024-03-31,Dengue,"Sao Paulo state and Minas Gerais state have seen the most cases with 1,829,439 and 1,620,083 cases, respectively.",anomaly_review,anomaly,Minas Gerais,P1_high,70,human_review_items; record_inclusion_decisions; anomaly_results,"anomaly review - review_anomaly_anom_007 - Brazil dengue cases top 6 million, nearly 4,000 deaths","Brazil dengue cases top 6 million, nearly 4,000 deaths",https://outbreaknewstoday.substack.com/p/brazil-dengue-cases-top-6-million,review_possible_spike_or_extraction_error,Is this a real public-health signal or an extraction/count-semantics problem?,rec_src_search_89d26cc955fb_005; src_search_89d26cc955fb; anom_007,anomaly,An anomaly rule flagged the item for expert inspection.
,approve_source_role; override_source_role; exclude_source; mark_source_needs_review,2024-01-01-2024-03-31,Dengue,,source_identity_review,source_credibility,Brazil,P1_high,71,human_review_items; record_inclusion_decisions; source_registry; source_identity_assessments,"source identity review - review_source_credibility_src_search_042037d6ca22 - Boletim Epidemiológico – Dengue, Chikungunya E Zika","Boletim Epidemiológico – Dengue, Chikungunya E Zika",https://www.saude.mg.gov.br/categoria/documentos/boletim-epidemiologico-dengue-chikungunya-e-zika,Open source identity assessments and source registry metadata.,"Who is the actual publisher, and is it independent of other evidence?",src_search_042037d6ca22,source,Publisher or source identity uncertainty can affect source independence and credibility.
,approve_source_role; override_source_role; exclude_source; mark_source_needs_review,2024-01-01-2024-03-31,Dengue,,source_identity_review,source_credibility,Brazil,P1_high,72,human_review_items; record_inclusion_decisions; source_registry; source_identity_assessments,source identity review - review_source_credibility_src_search_066d8ce49c2c - Boletins da Dengue | Paraná contra a Dengue: Mude sua atitude,Boletins da Dengue | Paraná contra a Dengue: Mude sua atitude,https://www.dengue.pr.gov.br/Pagina/Boletins-da-Dengue,Open source identity assessments and source registry metadata.,"Who is the actual publisher, and is it independent of other evidence?",src_search_066d8ce49c2c,source,Publisher or source identity uncertainty can affect source independence and credibility.
,approve_source_role; override_source_role; exclude_source; mark_source_needs_review,2024-01-01-2024-03-31,Dengue,,source_identity_review,source_credibility,Brazil,P1_high,73,human_review_items; record_inclusion_decisions; source_registry; source_identity_assessments,source identity review - review_source_credibility_src_search_0cb54d17a3e3 - Dengue aumentou 400% no Brasil em 2024 em comparação ao ano ...,Dengue aumentou 400% no Brasil em 2024 em comparação ao ano ...,https://www.cofen.gov.br/dengue-aumentou-400-no-brasil-em-2024-em-comparacao-ao-ano-passado,Open source identity assessments and source registry metadata.,"Who is the actual publisher, and is it independent of other evidence?",src_search_0cb54d17a3e3,source,Publisher or source identity uncertainty can affect source independence and credibility.
,approve_source_role; override_source_role; exclude_source; mark_source_needs_review,2024-01-01-2024-03-31,Dengue,,source_identity_review,source_credibility,Brazil,P1_high,74,human_review_items; record_inclusion_decisions; source_registry; source_identity_assessments,source identity review - review_source_credibility_src_search_271588896c48 - [PDF] Situação das Arboviroses no Brasil Mapa Incidência - I...,[PDF] Situação das Arboviroses no Brasil Mapa Incidência - Info Dengue,https://info.dengue.mat.br/relatorios/Nacional/Semanal/BR-2024/BR-202420.pdf,Open source identity assessments and source registry metadata.,"Who is the actual publisher, and is it independent of other evidence?",src_search_271588896c48,source,Publisher or source identity uncertainty can affect source independence and credibility.
,approve_source_role; override_source_role; exclude_source; mark_source_needs_review,2024-01-01-2024-03-31,Dengue,,source_identity_review,source_credibility,Brazil,P1_high,75,human_review_items; record_inclusion_decisions; source_registry; source_identity_assessments,source identity review - review_source_credibility_src_search_422eae6f4cb9 - Dengue Dados Estatísticos - Secretaria de Estado da Saúde,Dengue Dados Estatísticos - Secretaria de Estado da Saúde,https://www.saude.sp.gov.br/cve-centro-de-vigilancia-epidemiologica-prof.-alexandre-vranjac/areas-de-vigilancia/doencas-de-transmissao-por-vetores-e-zoonoses/arboviroses-urbanas/dengue-dados-estatisticos,Open source identity assessments and source registry metadata.,"Who is the actual publisher, and is it independent of other evidence?",src_search_422eae6f4cb9,source,Publisher or source identity uncertainty can affect source independence and credibility.
,approve_source_role; override_source_role; exclude_source; mark_source_needs_review,2024-01-01-2024-03-31,Dengue,,source_identity_review,source_credibility,Brazil,P1_high,76,human_review_items; record_inclusion_decisions; source_registry; source_identity_assessments,source identity review - review_source_credibility_src_search_4520d2861241 - [PDF] 2024 - Boletim Epidemiológico,[PDF] 2024 - Boletim Epidemiológico,https://www.gov.br/saude/pt-br/centrais-de-conteudo/publicacoes/boletins/epidemiologicos/edicoes/2024/boletim-epidemiologico-volume-55-no-11.pdf,Open source identity assessments and source registry metadata.,"Who is the actual publisher, and is it independent of other evidence?",src_search_4520d2861241,source,Publisher or source identity uncertainty can affect source independence and credibility.
,approve_source_role; override_source_role; exclude_source; mark_source_needs_review,2024-01-01-2024-03-31,Dengue,,source_identity_review,source_credibility,Brazil,P1_high,77,human_review_items; record_inclusion_decisions; source_registry; source_identity_assessments,source identity review - review_source_credibility_src_search_4e6c9d96071d - Análise epidemiológica da Dengue no Brasil: uma série histór...,Análise epidemiológica da Dengue no Brasil: uma série histórica 10 anos (2014 - 2024) | Journal of Medical and Biosciences Research,https://journalmbr.com.br/index.php/jmbr/article/view/427,Open source identity assessments and source registry metadata.,"Who is the actual publisher, and is it independent of other evidence?",src_search_4e6c9d96071d,source,Publisher or source identity uncertainty can affect source independence and credibility.
,approve_source_role; override_source_role; exclude_source; mark_source_needs_review,2024-01-01-2024-03-31,Dengue,,source_identity_review,source_credibility,Brazil,P1_high,78,human_review_items; record_inclusion_decisions; source_registry; source_identity_assessments,source identity review - review_source_credibility_src_search_5f398ee9785b - Info Dengue,Info Dengue,https://info.dengue.mat.br,Open source identity assessments and source registry metadata.,"Who is the actual publisher, and is it independent of other evidence?",src_search_5f398ee9785b,source,Publisher or source identity uncertainty can affect source independence and credibility.
,approve_source_role; override_source_role; exclude_source; mark_source_needs_review,2024-01-01-2024-03-31,Dengue,,source_identity_review,source_credibility,Brazil,P1_high,79,human_review_items; record_inclusion_decisions; source_registry; source_identity_assessments,source identity review - review_source_credibility_src_search_5fd7d33501e8 - Ministério da Saúde divulga novos dados da dengue e demais a...,Ministério da Saúde divulga novos dados da dengue e demais arboviroses - APM,https://www.apm.org.br/ministerio-da-saude-divulga-novos-dados-da-dengue-e-demais-arboviroses,Open source identity assessments and source registry metadata.,"Who is the actual publisher, and is it independent of other evidence?",src_search_5fd7d33501e8,source,Publisher or source identity uncertainty can affect source independence and credibility.
,approve_source_role; override_source_role; exclude_source; mark_source_needs_review,2024-01-01-2024-03-31,Dengue,,source_identity_review,source_credibility,Brazil,P1_high,80,human_review_items; record_inclusion_decisions; source_registry; source_identity_assessments,source identity review - review_source_credibility_src_search_8a863e6c52f9 - Brasil registra queda de quase 70% nos casos de dengue nos 2...,Brasil registra queda de quase 70% nos casos de dengue nos 2 primeiros meses de 2025 — Ministério da Saúde,https://www.gov.br/saude/pt-br/assuntos/noticias/2025/marco/brasil-registra-queda-de-quase-70-nos-casos-de-dengue-nos-2-primeiros-meses-de-2025,Open source identity assessments and source registry metadata.,"Who is the actual publisher, and is it independent of other evidence?",src_search_8a863e6c52f9,source,Publisher or source identity uncertainty can affect source independence and credibility.
,approve_source_role; override_source_role; exclude_source; mark_source_needs_review,2024-01-01-2024-03-31,Dengue,,source_identity_review,source_credibility,Brazil,P1_high,81,human_review_items; record_inclusion_decisions; source_registry; source_identity_assessments,source identity review - review_source_credibility_src_search_9baddae323c5 - 52_BOLETIM_SEMANAL_DENGUE_SE_52 DF 2024.pdf,52_BOLETIM_SEMANAL_DENGUE_SE_52 DF 2024.pdf,https://saude.df.gov.br/documents/37101/0/52_BOLETIM_SEMANAL_DENGUE_SE_52+DF+2024.pdf/93054779-dc46-bacf-24d2-39da8c85ecc7?t=1736196099692,Open source identity assessments and source registry metadata.,"Who is the actual publisher, and is it independent of other evidence?",src_search_9baddae323c5,source,Publisher or source identity uncertainty can affect source independence and credibility.
,approve_source_role; override_source_role; exclude_source; mark_source_needs_review,2024-01-01-2024-03-31,Dengue,,source_identity_review,source_credibility,Brazil,P1_high,82,human_review_items; record_inclusion_decisions; source_registry; source_identity_assessments,"source identity review - review_source_credibility_src_search_9f1bffa1139f - Casos de dengue em 2024 passam de 6,4 milhões; mortes somam...","Casos de dengue em 2024 passam de 6,4 milhões; mortes somam 5,9 mil | Agência Brasil",https://agenciabrasil.ebc.com.br/saude/noticia/2025-01/casos-de-dengue-em-2024-passam-de-64-milhoes-mortes-somam-59-mil,Open source identity assessments and source registry metadata.,"Who is the actual publisher, and is it independent of other evidence?",src_search_9f1bffa1139f,source,Publisher or source identity uncertainty can affect source independence and credibility.
,approve_source_role; override_source_role; exclude_source; mark_source_needs_review,2024-01-01-2024-03-31,Dengue,,source_identity_review,source_credibility,Brazil,P1_high,83,human_review_items; record_inclusion_decisions; source_registry; source_identity_assessments,source identity review - review_source_credibility_src_search_f58afbf42419 - [PDF] Boletim Epidemiológico - Secretaria de Saúde do Distri...,[PDF] Boletim Epidemiológico - Secretaria de Saúde do Distrito Federal,https://www.saude.df.gov.br/documents/37101/0/25_BOLETIM_SEMANAL_DENGUE_SE_25+%282%29.pdf/c4328fce-7665-79dd-21c8-0b8e4ae81485?t=1750972504296,Open source identity assessments and source registry metadata.,"Who is the actual publisher, and is it independent of other evidence?",src_search_f58afbf42419,source,Publisher or source identity uncertainty can affect source independence and credibility.
,approve_source_role; override_source_role; exclude_source; mark_source_needs_review,2024-01-01-2024-03-31,Dengue,,source_identity_review,source_credibility,Brazil,P1_high,84,human_review_items; record_inclusion_decisions; source_registry; source_identity_assessments,source identity review - review_source_credibility_src_search_fc7158cd447e - Casos de dengue saltam 400% em 2024 - Portal Afya,Casos de dengue saltam 400% em 2024 - Portal Afya,https://portal.afya.com.br/saude/casos-de-dengue-saltam-400-em-2024,Open source identity assessments and source registry metadata.,"Who is the actual publisher, and is it independent of other evidence?",src_search_fc7158cd447e,source,Publisher or source identity uncertainty can affect source independence and credibility.
Centers for Disease Control and Prevention,accept_validation_result; mark_validation_result_not_applicable; confirm_conflict; resolve_conflict_as_left; resolve_conflict_as_right; mark_needs_more_evidence; override_validation_status,2024-03-31,Dengue,"Since the beginning of 2024, over 7.5 million dengue cases and over 3 000 dengue-related deaths have been reported from 73 countries/territories. Most cases globally have been reported from the WHO PAHO region, with Brazil reporting most cases.",missing_required_fields_review,record_schema_validation,Brazil,P1_high,85,human_review_items; record_inclusion_decisions; validation_results; validation_source_compatibility_summary,missing required fields review - review_record_rec_src_search_619f95867581_001 - Countries/territories reporting dengue cases since March...,"Countries/territories reporting dengue cases since March 2023, and ...",https://www.ecdc.europa.eu/en/publications-data/countriesterritories-reporting-dengue-cases-march-2023-and-april-2024,Inspect the linked artifacts and only then edit a decision file if needed.,"What decision, if any, should a human reviewer record?",rec_src_search_619f95867581_001,validation_result,This review item requires human inspection before it should affect downstream interpretation.
,accept_validation_result; mark_validation_result_not_applicable; confirm_conflict; resolve_conflict_as_left; resolve_conflict_as_right; mark_needs_more_evidence; override_validation_status,2024-03-31,Dengue,"Throughout the Americas, the Pan American Health Organization (PAHO) has reported 9,386,082 cases of dengue; this number is twice as high as the number of cases recorded throughout 2023, 4,617,108 cases.",missing_required_fields_review,record_schema_validation,Brazil,P1_high,86,human_review_items; record_inclusion_decisions; validation_results; validation_source_compatibility_summary,"missing required fields review - review_record_rec_src_search_89d26cc955fb_009 - Brazil dengue cases top 6 million, nearly 4,000 deaths","Brazil dengue cases top 6 million, nearly 4,000 deaths",https://outbreaknewstoday.substack.com/p/brazil-dengue-cases-top-6-million,Inspect the linked artifacts and only then edit a decision file if needed.,"What decision, if any, should a human reviewer record?",rec_src_search_89d26cc955fb_009,validation_result,This review item requires human inspection before it should affect downstream interpretation.
Pan American Health Organization,accept_validation_result; mark_validation_result_not_applicable; confirm_conflict; resolve_conflict_as_left; resolve_conflict_as_right; mark_needs_more_evidence; override_validation_status,2024-03-31,Dengue,"| [Download](/sites/default/files/2024-04/2024-mar-29-phe-epiupdate-dengue-final.pdf ""Epidemiological Update - Increase in dengue cases in the Region of the Americas - 29 March 2024"") | In the Region of the Americas, the highest number of cases of dengue was reported in 2023, with a total of 4,569,464 cases, including 7,665 (0.17%) severe cases and 2,363 deaths (case fatality rate [CFR] 0.052%). During 2024, up to epidemiological week (EW) 12, there were 3,578,414 dengue cases reported to the Health Information Platform for the Americas (PLISA per its acronym in Spanish). Of this, 2,888 cases were characterized as severe dengue (0.08%), and 1,039 fatal cases were reported (case fatality rate 0.029%). The total cases reported through PLISA in 2024 represents an increase of more than thre...",missing_required_fields_review,record_schema_validation,Brazil,P1_high,87,human_review_items; record_inclusion_decisions; validation_results; validation_source_compatibility_summary,missing required fields review - review_record_rec_src_search_f4f555107be5_001 - Epidemiological Update - Increase in dengue cases in the...,Epidemiological Update - Increase in dengue cases in the Region of the Americas - 29 March 2024 - PAHO/WHO | Pan American Health Organization,https://www.paho.org/en/documents/epidemiological-update-increase-dengue-cases-region-americas-29-march-2024,Inspect the linked artifacts and only then edit a decision file if needed.,"What decision, if any, should a human reviewer record?",rec_src_search_f4f555107be5_001,validation_result,This review item requires human inspection before it should affect downstream interpretation.
Pan American Health Organization,accept_validation_result; mark_validation_result_not_applicable; confirm_conflict; resolve_conflict_as_left; resolve_conflict_as_right; mark_needs_more_evidence; override_validation_status,2024-03-31,Dengue,"| [Download](/sites/default/files/2024-04/2024-mar-29-phe-epiupdate-dengue-final.pdf ""Epidemiological Update - Increase in dengue cases in the Region of the Americas - 29 March 2024"") | In the Region of the Americas, the highest number of cases of dengue was reported in 2023, with a total of 4,569,464 cases, including 7,665 (0.17%) severe cases and 2,363 deaths (case fatality rate [CFR] 0.052%). During 2024, up to epidemiological week (EW) 12, there were 3,578,414 dengue cases reported to the Health Information Platform for the Americas (PLISA per its acronym in Spanish). Of this, 2,888 cases were characterized as severe dengue (0.08%), and 1,039 fatal cases were reported (case fatality rate 0.029%). The total cases reported through PLISA in 2024 represents an increase of more than thre...",missing_required_fields_review,record_schema_validation,Brazil,P1_high,88,human_review_items; record_inclusion_decisions; validation_results; validation_source_compatibility_summary,missing required fields review - review_record_rec_src_search_f4f555107be5_002 - Epidemiological Update - Increase in dengue cases in the...,Epidemiological Update - Increase in dengue cases in the Region of the Americas - 29 March 2024 - PAHO/WHO | Pan American Health Organization,https://www.paho.org/en/documents/epidemiological-update-increase-dengue-cases-region-americas-29-march-2024,Inspect the linked artifacts and only then edit a decision file if needed.,"What decision, if any, should a human reviewer record?",rec_src_search_f4f555107be5_002,validation_result,This review item requires human inspection before it should affect downstream interpretation.
Pan American Health Organization,accept_validation_result; mark_validation_result_not_applicable; confirm_conflict; resolve_conflict_as_left; resolve_conflict_as_right; mark_needs_more_evidence; override_validation_status,2024-03-31,Dengue,"| [Download](/sites/default/files/2024-04/2024-mar-29-phe-epiupdate-dengue-final.pdf ""Epidemiological Update - Increase in dengue cases in the Region of the Americas - 29 March 2024"") | In the Region of the Americas, the highest number of cases of dengue was reported in 2023, with a total of 4,569,464 cases, including 7,665 (0.17%) severe cases and 2,363 deaths (case fatality rate [CFR] 0.052%). During 2024, up to epidemiological week (EW) 12, there were 3,578,414 dengue cases reported to the Health Information Platform for the Americas (PLISA per its acronym in Spanish). Of this, 2,888 cases were characterized as severe dengue (0.08%), and 1,039 fatal cases were reported (case fatality rate 0.029%). The total cases reported through PLISA in 2024 represents an increase of more than thre...",missing_required_fields_review,record_schema_validation,Brazil,P1_high,89,human_review_items; record_inclusion_decisions; validation_results; validation_source_compatibility_summary,missing required fields review - review_record_rec_src_search_f4f555107be5_003 - Epidemiological Update - Increase in dengue cases in the...,Epidemiological Update - Increase in dengue cases in the Region of the Americas - 29 March 2024 - PAHO/WHO | Pan American Health Organization,https://www.paho.org/en/documents/epidemiological-update-increase-dengue-cases-region-americas-29-march-2024,Inspect the linked artifacts and only then edit a decision file if needed.,"What decision, if any, should a human reviewer record?",rec_src_search_f4f555107be5_003,validation_result,This review item requires human inspection before it should affect downstream interpretation.
Pan American Health Organization,accept_validation_result; mark_validation_result_not_applicable; confirm_conflict; resolve_conflict_as_left; resolve_conflict_as_right; mark_needs_more_evidence; override_validation_status,2024-03-31,Dengue,"| [Download](/sites/default/files/2024-04/2024-mar-29-phe-epiupdate-dengue-final.pdf ""Epidemiological Update - Increase in dengue cases in the Region of the Americas - 29 March 2024"") | In the Region of the Americas, the highest number of cases of dengue was reported in 2023, with a total of 4,569,464 cases, including 7,665 (0.17%) severe cases and 2,363 deaths (case fatality rate [CFR] 0.052%). During 2024, up to epidemiological week (EW) 12, there were 3,578,414 dengue cases reported to the Health Information Platform for the Americas (PLISA per its acronym in Spanish). Of this, 2,888 cases were characterized as severe dengue (0.08%), and 1,039 fatal cases were reported (case fatality rate 0.029%). The total cases reported through PLISA in 2024 represents an increase of more than thre...",missing_required_fields_review,record_schema_validation,Brazil,P1_high,90,human_review_items; record_inclusion_decisions; validation_results; validation_source_compatibility_summary,missing required fields review - review_record_rec_src_search_f4f555107be5_004 - Epidemiological Update - Increase in dengue cases in the...,Epidemiological Update - Increase in dengue cases in the Region of the Americas - 29 March 2024 - PAHO/WHO | Pan American Health Organization,https://www.paho.org/en/documents/epidemiological-update-increase-dengue-cases-region-americas-29-march-2024,Inspect the linked artifacts and only then edit a decision file if needed.,"What decision, if any, should a human reviewer record?",rec_src_search_f4f555107be5_004,validation_result,This review item requires human inspection before it should affect downstream interpretation.
Pan American Health Organization,accept_validation_result; mark_validation_result_not_applicable; confirm_conflict; resolve_conflict_as_left; resolve_conflict_as_right; mark_needs_more_evidence; override_validation_status,2024-03-31,Dengue,"| [Download](/sites/default/files/2024-04/2024-mar-29-phe-epiupdate-dengue-final.pdf ""Epidemiological Update - Increase in dengue cases in the Region of the Americas - 29 March 2024"") | In the Region of the Americas, the highest number of cases of dengue was reported in 2023, with a total of 4,569,464 cases, including 7,665 (0.17%) severe cases and 2,363 deaths (case fatality rate [CFR] 0.052%). During 2024, up to epidemiological week (EW) 12, there were 3,578,414 dengue cases reported to the Health Information Platform for the Americas (PLISA per its acronym in Spanish). Of this, 2,888 cases were characterized as severe dengue (0.08%), and 1,039 fatal cases were reported (case fatality rate 0.029%). The total cases reported through PLISA in 2024 represents an increase of more than thre...",missing_required_fields_review,record_schema_validation,Brazil,P1_high,91,human_review_items; record_inclusion_decisions; validation_results; validation_source_compatibility_summary,missing required fields review - review_record_rec_src_search_f4f555107be5_005 - Epidemiological Update - Increase in dengue cases in the...,Epidemiological Update - Increase in dengue cases in the Region of the Americas - 29 March 2024 - PAHO/WHO | Pan American Health Organization,https://www.paho.org/en/documents/epidemiological-update-increase-dengue-cases-region-americas-29-march-2024,Inspect the linked artifacts and only then edit a decision file if needed.,"What decision, if any, should a human reviewer record?",rec_src_search_f4f555107be5_005,validation_result,This review item requires human inspection before it should affect downstream interpretation.
,accept_validation_result; mark_validation_result_not_applicable; confirm_conflict; resolve_conflict_as_left; resolve_conflict_as_right; mark_needs_more_evidence; override_validation_status,2024-03-31,Dengue,[Abrir menu principal de navegação](#) [Ministério da Saúde](https://www.gov.br/saude/pt-br) Termos mais buscados * [imposto de renda](https://www.gov.br/saude/pt-br/search?origem=termos&SearchableText=imposto de renda) * [assinatura](https://www.gov.br/saude/pt-br/search?origem=termos&SearchableText=assinatura) * [mei](https://www.gov.br/saude/pt-br/search?origem=termos&SearchableText=mei) * [inss](https://www.gov.br/saude/pt-br/search?origem=termos&SearchableText=inss) * [enem](https://www.gov.br/saude/pt-br/search?origem=termos&SearchableText=enem) Termos mais buscados * [imposto de renda](https://www.gov.br/saude/pt-br/search?origem=termos&SearchableText=imposto de renda) * [assinatura](https://www.gov.br/saude/pt-br/search?origem=termos&SearchableText=assinatura) * [mei](https://ww...,outside_scope_review,validation_scope_issue,Brazil,P1_high,92,human_review_items; record_inclusion_decisions; validation_results; validation_source_compatibility_summary,outside scope review - review_validation_val_result_026 - Brasil registra queda de quase 70% nos casos de dengue nos 2 primeiros meses de...,Brasil registra queda de quase 70% nos casos de dengue nos 2 primeiros meses de 2025 — Ministério da Saúde,https://www.gov.br/saude/pt-br/assuntos/noticias/2025/marco/brasil-registra-queda-de-quase-70-nos-casos-de-dengue-nos-2-primeiros-meses-de-2025,Inspect the evidence quote and record inclusion decision.,Does the evidence actually match the requested scope?,rec_src_search_8a863e6c52f9_002; val_result_026,validation_result,"The item may be outside the requested disease, location, or time window."
,accept_anomaly; dismiss_anomaly; confirm_anomaly; mark_anomaly_resolved; mark_anomaly_needs_more_evidence,2024-03-31,Dengue,[Abrir menu principal de navegação](#) [Ministério da Saúde](https://www.gov.br/saude/pt-br) Termos mais buscados * [imposto de renda](https://www.gov.br/saude/pt-br/search?origem=termos&SearchableText=imposto de renda) * [assinatura](https://www.gov.br/saude/pt-br/search?origem=termos&SearchableText=assinatura) * [mei](https://www.gov.br/saude/pt-br/search?origem=termos&SearchableText=mei) * [inss](https://www.gov.br/saude/pt-br/search?origem=termos&SearchableText=inss) * [enem](https://www.gov.br/saude/pt-br/search?origem=termos&SearchableText=enem) Termos mais buscados * [imposto de renda](https://www.gov.br/saude/pt-br/search?origem=termos&SearchableText=imposto de renda) * [assinatura](https://www.gov.br/saude/pt-br/search?origem=termos&SearchableText=assinatura) * [mei](https://ww...,anomaly_review,anomaly,Brazil,P1_high,93,human_review_items; record_inclusion_decisions; anomaly_results,anomaly review - review_anomaly_anom_020 - Brasil registra queda de quase 70% nos casos de dengue nos 2 primeiros meses de 2025 — Ministé...,Brasil registra queda de quase 70% nos casos de dengue nos 2 primeiros meses de 2025 — Ministério da Saúde,https://www.gov.br/saude/pt-br/assuntos/noticias/2025/marco/brasil-registra-queda-de-quase-70-nos-casos-de-dengue-nos-2-primeiros-meses-de-2025,review_possible_spike_or_extraction_error,Is this a real public-health signal or an extraction/count-semantics problem?,rec_src_search_8a863e6c52f9_001; src_search_8a863e6c52f9; anom_020,anomaly,An anomaly rule flagged the item for expert inspection.
Centers for Disease Control and Prevention,approve_source_role; override_source_role; exclude_source; mark_source_needs_review,2024-01-01-2024-03-31,Dengue,"Task-relevant source text appeared to contain core epidemiology metric signals, but extraction produced no structured records.",general_review,core_metric_extraction_gap,Brazil,P3_low,94,human_review_items; record_inclusion_decisions; source_registry; source_identity_assessments,general review - review_core_metric_gap_src_search_2e96f00ec58d - Brazil registered 82% of global dengue cases in 2024: WHO - Brazil Reports,Brazil registered 82% of global dengue cases in 2024: WHO - Brazil Reports,https://brazilreports.com/brazil-registered-82-of-global-dengue-cases-in-2024-who/6196,review_source_for_core_metric_extraction,"What decision, if any, should a human reviewer record?",src_search_2e96f00ec58d,source,This review item requires human inspection before it should affect downstream interpretation.
,approve_source_role; override_source_role; exclude_source; mark_source_needs_review,2024-01-01-2024-03-31,Dengue,"Task-relevant source text appeared to contain core epidemiology metric signals, but extraction produced no structured records.",general_review,core_metric_extraction_gap,Brazil,P3_low,95,human_review_items; record_inclusion_decisions; source_registry; source_identity_assessments,general review - review_core_metric_gap_src_search_4520d2861241 - [PDF] 2024 - Boletim Epidemiológico,[PDF] 2024 - Boletim Epidemiológico,https://www.gov.br/saude/pt-br/centrais-de-conteudo/publicacoes/boletins/epidemiologicos/edicoes/2024/boletim-epidemiologico-volume-55-no-11.pdf,review_source_for_core_metric_extraction,"What decision, if any, should a human reviewer record?",src_search_4520d2861241,source,This review item requires human inspection before it should affect downstream interpretation.
,approve_source_role; override_source_role; exclude_source; mark_source_needs_review,2024-01-01-2024-03-31,Dengue,"Task-relevant source text appeared to contain core epidemiology metric signals, but extraction produced no structured records.",general_review,core_metric_extraction_gap,Brazil,P3_low,96,human_review_items; record_inclusion_decisions; source_registry; source_identity_assessments,general review - review_core_metric_gap_src_search_4e6c9d96071d - Análise epidemiológica da Dengue no Brasil: uma série histórica 10 anos...,Análise epidemiológica da Dengue no Brasil: uma série histórica 10 anos (2014 - 2024) | Journal of Medical and Biosciences Research,https://journalmbr.com.br/index.php/jmbr/article/view/427,review_source_for_core_metric_extraction,"What decision, if any, should a human reviewer record?",src_search_4e6c9d96071d,source,This review item requires human inspection before it should affect downstream interpretation.
World Health Organization,approve_source_role; override_source_role; exclude_source; mark_source_needs_review,2024-01-01-2024-03-31,Dengue,"Task-relevant source text appeared to contain core epidemiology metric signals, but extraction produced no structured records.",general_review,core_metric_extraction_gap,Brazil,P3_low,97,human_review_items; record_inclusion_decisions; source_registry; source_identity_assessments,general review - review_core_metric_gap_src_search_5bd1cae37e40 - Dengue - Global situation - World Health Organization (WHO),Dengue - Global situation - World Health Organization (WHO),https://www.who.int/emergencies/disease-outbreak-news/item/2024-DON518,review_source_for_core_metric_extraction,"What decision, if any, should a human reviewer record?",src_search_5bd1cae37e40,source,This review item requires human inspection before it should affect downstream interpretation.
,approve_source_role; override_source_role; exclude_source; mark_source_needs_review,2024-01-01-2024-03-31,Dengue,"Task-relevant source text appeared to contain core epidemiology metric signals, but extraction produced no structured records.",general_review,core_metric_extraction_gap,Brazil,P3_low,98,human_review_items; record_inclusion_decisions; source_registry; source_identity_assessments,general review - review_core_metric_gap_src_search_5f398ee9785b - Info Dengue,Info Dengue,https://info.dengue.mat.br,review_source_for_core_metric_extraction,"What decision, if any, should a human reviewer record?",src_search_5f398ee9785b,source,This review item requires human inspection before it should affect downstream interpretation.
,approve_source_role; override_source_role; exclude_source; mark_source_needs_review,2024-01-01-2024-03-31,Dengue,"Task-relevant source text appeared to contain core epidemiology metric signals, but extraction produced no structured records.",general_review,core_metric_extraction_gap,Brazil,P3_low,99,human_review_items; record_inclusion_decisions; source_registry; source_identity_assessments,general review - review_core_metric_gap_src_search_87a1569617ed - Brazil | World Mosquito Program,Brazil | World Mosquito Program,https://www.worldmosquitoprogram.org/en/global-progress/brazil,review_source_for_core_metric_extraction,"What decision, if any, should a human reviewer record?",src_search_87a1569617ed,source,This review item requires human inspection before it should affect downstream interpretation.
Pan American Health Organization,approve_source_role; override_source_role; exclude_source; mark_source_needs_review,2024-01-01-2024-03-31,Dengue,"Task-relevant source text appeared to contain core epidemiology metric signals, but extraction produced no structured records.",general_review,core_metric_extraction_gap,Brazil,P3_low,100,human_review_items; record_inclusion_decisions; source_registry; source_identity_assessments,general review - review_core_metric_gap_src_search_b6376a8d9edc - Documents - PAHO/WHO | Pan American Health Organization,Documents - PAHO/WHO | Pan American Health Organization,https://www.paho.org/en/documents/subsite/topics/dengue/dengue-multi-country-grade-3-outbreak,review_source_for_core_metric_extraction,"What decision, if any, should a human reviewer record?",src_search_b6376a8d9edc,source,This review item requires human inspection before it should affect downstream interpretation.
,approve_source_role; override_source_role; exclude_source; mark_source_needs_review,2024-01-01-2024-03-31,Dengue,"Task-relevant source text appeared to contain core epidemiology metric signals, but extraction produced no structured records.",general_review,core_metric_extraction_gap,Brazil,P3_low,101,human_review_items; record_inclusion_decisions; source_registry; source_identity_assessments,general review - review_core_metric_gap_src_search_beb2acd883bf - Reported cases of dengue in Brazil from 2015 to 2024,Reported cases of dengue in Brazil from 2015 to 2024,https://medcraveonline.com/MOJPH/reported-cases-of-dengue-in-brazil-from-2015-to-2024.html,review_source_for_core_metric_extraction,"What decision, if any, should a human reviewer record?",src_search_beb2acd883bf,source,This review item requires human inspection before it should affect downstream interpretation.
Pan American Health Organization,approve_source_role; override_source_role; exclude_source; mark_source_needs_review,2024-01-01-2024-03-31,Dengue,"Task-relevant source text appeared to contain core epidemiology metric signals, but extraction produced no structured records.",general_review,core_metric_extraction_gap,Brazil,P3_low,102,human_review_items; record_inclusion_decisions; source_registry; source_identity_assessments,"general review - review_core_metric_gap_src_search_c23afe16a48a - In record year of dengue cases, PAHO urges countries to strengthen resp...","In record year of dengue cases, PAHO urges countries to strengthen response as seasonal transmission set to begin in South America - PAHO/WHO | Pan American Health Organization",https://www.paho.org/en/news/8-10-2024-record-year-dengue-cases-paho-urges-countries-strengthen-response-seasonal,review_source_for_core_metric_extraction,"What decision, if any, should a human reviewer record?",src_search_c23afe16a48a,source,This review item requires human inspection before it should affect downstream interpretation.
World Health Organization,approve_source_role; override_source_role; exclude_source; mark_source_needs_review,2024-01-01-2024-03-31,Dengue,"Task-relevant source text appeared to contain core epidemiology metric signals, but extraction produced no structured records.",general_review,core_metric_extraction_gap,Brazil,P3_low,103,human_review_items; record_inclusion_decisions; source_registry; source_identity_assessments,general review - review_core_metric_gap_src_search_e6a611dc2382 - Increase in dengue cases in the Americas Region - 7 October 2024,Increase in dengue cases in the Americas Region - 7 October 2024,https://reliefweb.int/report/brazil/epidemiological-alert-increase-dengue-cases-americas-region-7-october-2024,review_source_for_core_metric_extraction,"What decision, if any, should a human reviewer record?",src_search_e6a611dc2382,source,This review item requires human inspection before it should affect downstream interpretation.
,approve_source_role; override_source_role; exclude_source; mark_source_needs_review,2024-01-01-2024-03-31,Dengue,"Task-relevant source text appeared to contain core epidemiology metric signals, but extraction produced no structured records.",general_review,core_metric_extraction_gap,Brazil,P3_low,104,human_review_items; record_inclusion_decisions; source_registry; source_identity_assessments,general review - review_core_metric_gap_src_search_fe4e8f3af932 - Brazil surpasses 1000 dengue deaths in 2025 - BEACON,Brazil surpasses 1000 dengue deaths in 2025 - BEACON,https://beaconbio.org/en/report?reportid=63d43dd5-fe8e-4583-89f4-4ec4b99a7323&eventid=4a4130b0-6a6c-4f10-9859-e2297a985d27,review_source_for_core_metric_extraction,"What decision, if any, should a human reviewer record?",src_search_fe4e8f3af932,source,This review item requires human inspection before it should affect downstream interpretation.
,approve_source_role; override_source_role; exclude_source; mark_source_needs_review,2024-01-01-2024-03-31,Dengue,,general_review,source_screening,Brazil,P3_low,105,human_review_items; record_inclusion_decisions; source_registry; source_identity_assessments,"general review - review_source_src_search_042037d6ca22 - Boletim Epidemiológico – Dengue, Chikungunya E Zika","Boletim Epidemiológico – Dengue, Chikungunya E Zika",https://www.saude.mg.gov.br/categoria/documentos/boletim-epidemiologico-dengue-chikungunya-e-zika,Inspect the linked artifacts and only then edit a decision file if needed.,"What decision, if any, should a human reviewer record?",src_search_042037d6ca22,source,This review item requires human inspection before it should affect downstream interpretation.
,approve_source_role; override_source_role; exclude_source; mark_source_needs_review,2024-01-01-2024-03-31,Dengue,,general_review,source_screening,Brazil,P3_low,106,human_review_items; record_inclusion_decisions; source_registry; source_identity_assessments,general review - review_source_src_search_066d8ce49c2c - Boletins da Dengue | Paraná contra a Dengue: Mude sua atitude,Boletins da Dengue | Paraná contra a Dengue: Mude sua atitude,https://www.dengue.pr.gov.br/Pagina/Boletins-da-Dengue,Inspect the linked artifacts and only then edit a decision file if needed.,"What decision, if any, should a human reviewer record?",src_search_066d8ce49c2c,source,This review item requires human inspection before it should affect downstream interpretation.
,approve_source_role; override_source_role; exclude_source; mark_source_needs_review,2024-01-01-2024-03-31,Dengue,,general_review,source_screening,Brazil,P3_low,107,human_review_items; record_inclusion_decisions; source_registry; source_identity_assessments,general review - review_source_src_search_08f8dd56800e - Brasil registra mais de 1 milhão de casos de dengue em 2024; mortes chegam a 214...,Brasil registra mais de 1 milhão de casos de dengue em 2024; mortes chegam a 214 | G1,https://g1.globo.com/saude/dengue/noticia/2024/02/29/brasil-registra-mais-de-um-milhao-de-casos-de-dengue-em-2024.ghtml,Inspect the linked artifacts and only then edit a decision file if needed.,"What decision, if any, should a human reviewer record?",src_search_08f8dd56800e,source,This review item requires human inspection before it should affect downstream interpretation.
,approve_source_role; override_source_role; exclude_source; mark_source_needs_review,2024-01-01-2024-03-31,Dengue,,general_review,source_screening,Brazil,P3_low,108,human_review_items; record_inclusion_decisions; source_registry; source_identity_assessments,general review - review_source_src_search_0cb54d17a3e3 - Dengue aumentou 400% no Brasil em 2024 em comparação ao ano ...,Dengue aumentou 400% no Brasil em 2024 em comparação ao ano ...,https://www.cofen.gov.br/dengue-aumentou-400-no-brasil-em-2024-em-comparacao-ao-ano-passado,Inspect the linked artifacts and only then edit a decision file if needed.,"What decision, if any, should a human reviewer record?",src_search_0cb54d17a3e3,source,This review item requires human inspection before it should affect downstream interpretation.
,approve_source_role; override_source_role; exclude_source; mark_source_needs_review,2024-01-01-2024-03-31,Dengue,,general_review,source_screening,Brazil,P3_low,109,human_review_items; record_inclusion_decisions; source_registry; source_identity_assessments,general review - review_source_src_search_271588896c48 - [PDF] Situação das Arboviroses no Brasil Mapa Incidência - Info Dengue,[PDF] Situação das Arboviroses no Brasil Mapa Incidência - Info Dengue,https://info.dengue.mat.br/relatorios/Nacional/Semanal/BR-2024/BR-202420.pdf,Inspect the linked artifacts and only then edit a decision file if needed.,"What decision, if any, should a human reviewer record?",src_search_271588896c48,source,This review item requires human inspection before it should affect downstream interpretation.
,approve_source_role; override_source_role; exclude_source; mark_source_needs_review,2024-01-01-2024-03-31,Dengue,,general_review,source_screening,Brazil,P3_low,110,human_review_items; record_inclusion_decisions; source_registry; source_identity_assessments,general review - review_source_src_search_422eae6f4cb9 - Dengue Dados Estatísticos - Secretaria de Estado da Saúde,Dengue Dados Estatísticos - Secretaria de Estado da Saúde,https://www.saude.sp.gov.br/cve-centro-de-vigilancia-epidemiologica-prof.-alexandre-vranjac/areas-de-vigilancia/doencas-de-transmissao-por-vetores-e-zoonoses/arboviroses-urbanas/dengue-dados-estatisticos,Inspect the linked artifacts and only then edit a decision file if needed.,"What decision, if any, should a human reviewer record?",src_search_422eae6f4cb9,source,This review item requires human inspection before it should affect downstream interpretation.
,approve_source_role; override_source_role; exclude_source; mark_source_needs_review,2024-01-01-2024-03-31,Dengue,,general_review,source_screening,Brazil,P3_low,111,human_review_items; record_inclusion_decisions; source_registry; source_identity_assessments,general review - review_source_src_search_4520d2861241 - [PDF] 2024 - Boletim Epidemiológico,[PDF] 2024 - Boletim Epidemiológico,https://www.gov.br/saude/pt-br/centrais-de-conteudo/publicacoes/boletins/epidemiologicos/edicoes/2024/boletim-epidemiologico-volume-55-no-11.pdf,Inspect the linked artifacts and only then edit a decision file if needed.,"What decision, if any, should a human reviewer record?",src_search_4520d2861241,source,This review item requires human inspection before it should affect downstream interpretation.
,approve_source_role; override_source_role; exclude_source; mark_source_needs_review,2024-01-01-2024-03-31,Dengue,,general_review,source_screening,Brazil,P3_low,112,human_review_items; record_inclusion_decisions; source_registry; source_identity_assessments,general review - review_source_src_search_4e6c9d96071d - Análise epidemiológica da Dengue no Brasil: uma série histórica 10 anos (2014 -...,Análise epidemiológica da Dengue no Brasil: uma série histórica 10 anos (2014 - 2024) | Journal of Medical and Biosciences Research,https://journalmbr.com.br/index.php/jmbr/article/view/427,Inspect the linked artifacts and only then edit a decision file if needed.,"What decision, if any, should a human reviewer record?",src_search_4e6c9d96071d,source,This review item requires human inspection before it should affect downstream interpretation.
,approve_source_role; override_source_role; exclude_source; mark_source_needs_review,2024-01-01-2024-03-31,Dengue,,general_review,source_screening,Brazil,P3_low,113,human_review_items; record_inclusion_decisions; source_registry; source_identity_assessments,general review - review_source_src_search_5737ca939d71 - Brazil braces for dengue epidemic after 2024 surge - YouTube,Brazil braces for dengue epidemic after 2024 surge - YouTube,https://www.youtube.com/watch?v=bOvtcHXeECo,Inspect the linked artifacts and only then edit a decision file if needed.,"What decision, if any, should a human reviewer record?",src_search_5737ca939d71,source,This review item requires human inspection before it should affect downstream interpretation.
,approve_source_role; override_source_role; exclude_source; mark_source_needs_review,2024-01-01-2024-03-31,Dengue,,general_review,source_screening,Brazil,P3_low,114,human_review_items; record_inclusion_decisions; source_registry; source_identity_assessments,general review - review_source_src_search_5f398ee9785b - Info Dengue,Info Dengue,https://info.dengue.mat.br,Inspect the linked artifacts and only then edit a decision file if needed.,"What decision, if any, should a human reviewer record?",src_search_5f398ee9785b,source,This review item requires human inspection before it should affect downstream interpretation.
,approve_source_role; override_source_role; exclude_source; mark_source_needs_review,2024-01-01-2024-03-31,Dengue,,general_review,source_screening,Brazil,P3_low,115,human_review_items; record_inclusion_decisions; source_registry; source_identity_assessments,general review - review_source_src_search_5fd7d33501e8 - Ministério da Saúde divulga novos dados da dengue e demais arboviroses - APM,Ministério da Saúde divulga novos dados da dengue e demais arboviroses - APM,https://www.apm.org.br/ministerio-da-saude-divulga-novos-dados-da-dengue-e-demais-arboviroses,Inspect the linked artifacts and only then edit a decision file if needed.,"What decision, if any, should a human reviewer record?",src_search_5fd7d33501e8,source,This review item requires human inspection before it should affect downstream interpretation.
,approve_source_role; override_source_role; exclude_source; mark_source_needs_review,2024-01-01-2024-03-31,Dengue,,general_review,source_screening,Brazil,P3_low,116,human_review_items; record_inclusion_decisions; source_registry; source_identity_assessments,general review - review_source_src_search_6d0ae6050d3b - #Dengue state of emergency... - Infectious Disease News,#Dengue state of emergency... - Infectious Disease News,https://www.facebook.com/infectiousdiseasenews/posts/dengue-state-of-emergency-declared-in-21-cities-in-s%C3%A3opaulo-state-brazil/1020925716739168,Inspect the linked artifacts and only then edit a decision file if needed.,"What decision, if any, should a human reviewer record?",src_search_6d0ae6050d3b,source,This review item requires human inspection before it should affect downstream interpretation.
,approve_source_role; override_source_role; exclude_source; mark_source_needs_review,2024-01-01-2024-03-31,Dengue,,general_review,source_screening,Brazil,P3_low,117,human_review_items; record_inclusion_decisions; source_registry; source_identity_assessments,general review - review_source_src_search_8a863e6c52f9 - Brasil registra queda de quase 70% nos casos de dengue nos 2 primeiros meses de...,Brasil registra queda de quase 70% nos casos de dengue nos 2 primeiros meses de 2025 — Ministério da Saúde,https://www.gov.br/saude/pt-br/assuntos/noticias/2025/marco/brasil-registra-queda-de-quase-70-nos-casos-de-dengue-nos-2-primeiros-meses-de-2025,Inspect the linked artifacts and only then edit a decision file if needed.,"What decision, if any, should a human reviewer record?",src_search_8a863e6c52f9,source,This review item requires human inspection before it should affect downstream interpretation.
,approve_source_role; override_source_role; exclude_source; mark_source_needs_review,2024-01-01-2024-03-31,Dengue,,general_review,source_screening,Brazil,P3_low,118,human_review_items; record_inclusion_decisions; source_registry; source_identity_assessments,general review - review_source_src_search_8f2793bd15b1 - Brasil passa a marca de 715 mil casos de dengue em 2024 - YouTube,Brasil passa a marca de 715 mil casos de dengue em 2024 - YouTube,https://www.youtube.com/watch?v=PmGN4kAyeUM,Inspect the linked artifacts and only then edit a decision file if needed.,"What decision, if any, should a human reviewer record?",src_search_8f2793bd15b1,source,This review item requires human inspection before it should affect downstream interpretation.
,approve_source_role; override_source_role; exclude_source; mark_source_needs_review,2024-01-01-2024-03-31,Dengue,,general_review,source_screening,Brazil,P3_low,119,human_review_items; record_inclusion_decisions; source_registry; source_identity_assessments,general review - review_source_src_search_9baddae323c5 - 52_BOLETIM_SEMANAL_DENGUE_SE_52 DF 2024.pdf,52_BOLETIM_SEMANAL_DENGUE_SE_52 DF 2024.pdf,https://saude.df.gov.br/documents/37101/0/52_BOLETIM_SEMANAL_DENGUE_SE_52+DF+2024.pdf/93054779-dc46-bacf-24d2-39da8c85ecc7?t=1736196099692,Inspect the linked artifacts and only then edit a decision file if needed.,"What decision, if any, should a human reviewer record?",src_search_9baddae323c5,source,This review item requires human inspection before it should affect downstream interpretation.
,approve_source_role; override_source_role; exclude_source; mark_source_needs_review,2024-01-01-2024-03-31,Dengue,,general_review,source_screening,Brazil,P3_low,120,human_review_items; record_inclusion_decisions; source_registry; source_identity_assessments,"general review - review_source_src_search_9f1bffa1139f - Casos de dengue em 2024 passam de 6,4 milhões; mortes somam 5,9 mil | Agência Br...","Casos de dengue em 2024 passam de 6,4 milhões; mortes somam 5,9 mil | Agência Brasil",https://agenciabrasil.ebc.com.br/saude/noticia/2025-01/casos-de-dengue-em-2024-passam-de-64-milhoes-mortes-somam-59-mil,Inspect the linked artifacts and only then edit a decision file if needed.,"What decision, if any, should a human reviewer record?",src_search_9f1bffa1139f,source,This review item requires human inspection before it should affect downstream interpretation.
,approve_source_role; override_source_role; exclude_source; mark_source_needs_review,2024-01-01-2024-03-31,Dengue,,general_review,source_screening,Brazil,P3_low,121,human_review_items; record_inclusion_decisions; source_registry; source_identity_assessments,general review - review_source_src_search_aefdcfcb3ad8 - Epidemia de Dengue: uma análise sobre as projeções para o ano ...,Epidemia de Dengue: uma análise sobre as projeções para o ano ...,https://www.researchgate.net/publication/382977079_Epidemia_de_Dengue_uma_analise_sobre_as_projecoes_para_o_ano_de_2024,Inspect the linked artifacts and only then edit a decision file if needed.,"What decision, if any, should a human reviewer record?",src_search_aefdcfcb3ad8,source,This review item requires human inspection before it should affect downstream interpretation.
,approve_source_role; override_source_role; exclude_source; mark_source_needs_review,2024-01-01-2024-03-31,Dengue,,general_review,source_screening,Brazil,P3_low,122,human_review_items; record_inclusion_decisions; source_registry; source_identity_assessments,general review - review_source_src_search_de67a8507994 - Dados Dengue Brasil: Análise Completa das Estatísticas 2024-2025,Dados Dengue Brasil: Análise Completa das Estatísticas 2024-2025,https://techdengue.com/dados-dengue-brasil-analise-completa-das-estatisticas-2024-2025,Inspect the linked artifacts and only then edit a decision file if needed.,"What decision, if any, should a human reviewer record?",src_search_de67a8507994,source,This review item requires human inspection before it should affect downstream interpretation.
,approve_source_role; override_source_role; exclude_source; mark_source_needs_review,2024-01-01-2024-03-31,Dengue,,general_review,source_screening,Brazil,P3_low,123,human_review_items; record_inclusion_decisions; source_registry; source_identity_assessments,general review - review_source_src_search_f28b6af274cc - Dengue fever kills more than Covid-19 in Brazil in 2024 - YouTube,Dengue fever kills more than Covid-19 in Brazil in 2024 - YouTube,https://www.youtube.com/watch?v=FswNgPHVQgU,Inspect the linked artifacts and only then edit a decision file if needed.,"What decision, if any, should a human reviewer record?",src_search_f28b6af274cc,source,This review item requires human inspection before it should affect downstream interpretation.
,approve_source_role; override_source_role; exclude_source; mark_source_needs_review,2024-01-01-2024-03-31,Dengue,,general_review,source_screening,Brazil,P3_low,124,human_review_items; record_inclusion_decisions; source_registry; source_identity_assessments,general review - review_source_src_search_f58afbf42419 - [PDF] Boletim Epidemiológico - Secretaria de Saúde do Distrito Federal,[PDF] Boletim Epidemiológico - Secretaria de Saúde do Distrito Federal,https://www.saude.df.gov.br/documents/37101/0/25_BOLETIM_SEMANAL_DENGUE_SE_25+%282%29.pdf/c4328fce-7665-79dd-21c8-0b8e4ae81485?t=1750972504296,Inspect the linked artifacts and only then edit a decision file if needed.,"What decision, if any, should a human reviewer record?",src_search_f58afbf42419,source,This review item requires human inspection before it should affect downstream interpretation.
,approve_source_role; override_source_role; exclude_source; mark_source_needs_review,2024-01-01-2024-03-31,Dengue,,general_review,source_screening,Brazil,P3_low,125,human_review_items; record_inclusion_decisions; source_registry; source_identity_assessments,general review - review_source_src_search_f79ff78ee4b3 - 050+n4+Contempor%C3%A2nea.pdf,050+n4+Contempor%C3%A2nea.pdf,https://ojs.revistacontemporanea.com/ojs/index.php/home/article/download/7910/5550,Inspect the linked artifacts and only then edit a decision file if needed.,"What decision, if any, should a human reviewer record?",src_search_f79ff78ee4b3,source,This review item requires human inspection before it should affect downstream interpretation.
,approve_source_role; override_source_role; exclude_source; mark_source_needs_review,2024-01-01-2024-03-31,Dengue,,general_review,source_screening,Brazil,P3_low,126,human_review_items; record_inclusion_decisions; source_registry; source_identity_assessments,general review - review_source_src_search_fc7158cd447e - Casos de dengue saltam 400% em 2024 - Portal Afya,Casos de dengue saltam 400% em 2024 - Portal Afya,https://portal.afya.com.br/saude/casos-de-dengue-saltam-400-em-2024,Inspect the linked artifacts and only then edit a decision file if needed.,"What decision, if any, should a human reviewer record?",src_search_fc7158cd447e,source,This review item requires human inspection before it should affect downstream interpretation.
