actual_publisher,allowed_decision_types,date_or_period,disease,evidence_quote,issue_category,issue_type,location,priority_level,priority_rank,recommended_artifacts_to_open,short_title,source_title,source_url,suggested_action,suggested_reviewer_question,target_ids,target_type,why_it_matters
,needs_more_evidence; defer_decision,2024-01-01-2024-03-31,Dengue,Comparable public-health claims conflict and require review.,conflicting_claims_review,claim_corroboration_conflict,Brazil,P0_critical,1,human_review_items; record_inclusion_decisions; claims; claim_comparisons; corroborated_events,conflicting claims review - review_claim_corroboration_conflict_corr_event_001 - Brazil Tries New Vaccine As 'Exponential' Rise In Dengue...,Brazil Tries New Vaccine As 'Exponential' Rise In Dengue Cases Plagues The Americas - Health Policy Watch,https://healthpolicy-watch.news/brazil-tries-new-vaccine-as-exponential-rise-in-dengue-cases-plagues-the-americas,review_claim_corroboration,Which claim should be treated as comparable evidence after review?,claim_rec_src_search_5fd7d33501e8_001_cases_suspected; claim_rec_src_search_5fd7d33501e8_001_deaths; claim_rec_src_search_5fd7d33501e8_003_observation; claim_rec_src_search_6dae7aeadbda_002_deaths; claim_rec_src_search_df7c57966665_001_cases_unspecified; claim_rec_src_search_5fd7d33501e8_002_cases_unspecified; claim_rec_src_search_6dae7aeadbda_001_cases_probable; claim_rec_src_search_6dae7aeadbda_003_cases_unspecified; src_search_df7c57966665; src_search_5fd7d33501e8; src_search_6dae7aeadbda; corr_event_001,claim,"Comparable claims conflict and may affect cases, date, location, or count semantics."
,accept_as_is; correct_fields; reject_record; mark_requires_review; mark_review_resolved; mark_non_countable; mark_countable; mark_duplicate; mark_not_duplicate; needs_more_evidence; defer_decision,2024-03-31,Dengue,"Monit oramento dos casos de dengue até a Semana # Epidemiológica 52 de 2024 no Distrito Federal ## Apresentação Este Boletim Epidemiológico é produzido semanalmente pela Gerência de Vigilância das Doenças Transmissíveis (GVDT), da Diretoria de Vigilância E pidemiológica (DIVEP), da Subsecretaria de Vigilância à Saúde (SVS), da Secretaria de Estado de Saúde do Distrito Federal (SES -DF) – GVDT/DIVEP/SVS/SES - DF. As informações sobre dengue apresentadas neste Boletim são referentes às notificações no Distrito Fe deral (DF), ocorridas no ano de 2023 e até Semana Epidemiológica (SE) 51 de 2024 (31/12/2023 a 28/12 /2024 ), disponíveis no Sistema de Informação de Agravos de Notificação - SINAN Online. Todos os dados deste Boletim são parciais e provisórios, sujeitos à a lteração , podendo oc...",possible_primary_case_evidence,duplicate_event_clustering,Distrito Federal,P0_critical,2,human_review_items; record_inclusion_decisions; quarantined_records; context_records; final_case_dataset; claims; claim_comparisons; corroborated_events,possible primary case evidence - review_duplicate_event_009 - [PDF] Boletim Epidemiológico - Secretaria de Saúde do Distrito Federal,[PDF] Boletim Epidemiológico - Secretaria de Saúde do Distrito Federal,https://saude.df.gov.br/documents/37101/0/52_BOLETIM_SEMANAL_DENGUE_SE_52+DF+2024.pdf/93054779-dc46-bacf-24d2-39da8c85ecc7?t=1736196099692,Inspect corroboration and source identity before deciding whether a structured human decision is warranted.,Is this a task-compatible primary case observation or only context/secondary evidence?,rec_src_search_9baddae323c5_004; event_009,record,"No accepted primary case dataset records exist, and this item may contain possible primary case evidence."
,accept_as_is; correct_fields; reject_record; mark_requires_review; mark_review_resolved; mark_non_countable; mark_countable; mark_duplicate; mark_not_duplicate; needs_more_evidence; defer_decision,2024-03-31,Dengue,"Monit oramento dos casos de dengue até a Semana # Epidemiológica 52 de 2024 no Distrito Federal ## Apresentação Este Boletim Epidemiológico é produzido semanalmente pela Gerência de Vigilância das Doenças Transmissíveis (GVDT), da Diretoria de Vigilância E pidemiológica (DIVEP), da Subsecretaria de Vigilância à Saúde (SVS), da Secretaria de Estado de Saúde do Distrito Federal (SES -DF) – GVDT/DIVEP/SVS/SES - DF. As informações sobre dengue apresentadas neste Boletim são referentes às notificações no Distrito Fe deral (DF), ocorridas no ano de 2023 e até Semana Epidemiológica (SE) 51 de 2024 (31/12/2023 a 28/12 /2024 ), disponíveis no Sistema de Informação de Agravos de Notificação - SINAN Online. Todos os dados deste Boletim são parciais e provisórios, sujeitos à a lteração , podendo oc...",possible_primary_case_evidence,duplicate_event_clustering,Distrito Federal,P0_critical,3,human_review_items; record_inclusion_decisions; quarantined_records; context_records; final_case_dataset; claims; claim_comparisons; corroborated_events,possible primary case evidence - review_duplicate_event_010 - [PDF] Boletim Epidemiológico - Secretaria de Saúde do Distrito Federal,[PDF] Boletim Epidemiológico - Secretaria de Saúde do Distrito Federal,https://saude.df.gov.br/documents/37101/0/52_BOLETIM_SEMANAL_DENGUE_SE_52+DF+2024.pdf/93054779-dc46-bacf-24d2-39da8c85ecc7?t=1736196099692,Inspect corroboration and source identity before deciding whether a structured human decision is warranted.,Is this a task-compatible primary case observation or only context/secondary evidence?,rec_src_search_9baddae323c5_001; rec_src_search_9baddae323c5_002; event_010,record,"No accepted primary case dataset records exist, and this item may contain possible primary case evidence."
,accept_as_is; correct_fields; reject_record; mark_requires_review; mark_review_resolved; mark_non_countable; mark_countable; mark_duplicate; mark_not_duplicate; needs_more_evidence; defer_decision,2024-03-31,Dengue,"Monit oramento dos casos de dengue até a Semana # Epidemiológica 52 de 2024 no Distrito Federal ## Apresentação Este Boletim Epidemiológico é produzido semanalmente pela Gerência de Vigilância das Doenças Transmissíveis (GVDT), da Diretoria de Vigilância E pidemiológica (DIVEP), da Subsecretaria de Vigilância à Saúde (SVS), da Secretaria de Estado de Saúde do Distrito Federal (SES -DF) – GVDT/DIVEP/SVS/SES - DF. As informações sobre dengue apresentadas neste Boletim são referentes às notificações no Distrito Fe deral (DF), ocorridas no ano de 2023 e até Semana Epidemiológica (SE) 51 de 2024 (31/12/2023 a 28/12 /2024 ), disponíveis no Sistema de Informação de Agravos de Notificação - SINAN Online. Todos os dados deste Boletim são parciais e provisórios, sujeitos à a lteração , podendo oc...",possible_primary_case_evidence,duplicate_event_clustering,Distrito Federal,P0_critical,4,human_review_items; record_inclusion_decisions; quarantined_records; context_records; final_case_dataset; claims; claim_comparisons; corroborated_events,possible primary case evidence - review_duplicate_event_011 - [PDF] Boletim Epidemiológico - Secretaria de Saúde do Distrito Federal,[PDF] Boletim Epidemiológico - Secretaria de Saúde do Distrito Federal,https://saude.df.gov.br/documents/37101/0/52_BOLETIM_SEMANAL_DENGUE_SE_52+DF+2024.pdf/93054779-dc46-bacf-24d2-39da8c85ecc7?t=1736196099692,Inspect corroboration and source identity before deciding whether a structured human decision is warranted.,Is this a task-compatible primary case observation or only context/secondary evidence?,rec_src_search_9baddae323c5_003; event_011,record,"No accepted primary case dataset records exist, and this item may contain possible primary case evidence."
,accept_anomaly; dismiss_anomaly; confirm_anomaly; mark_anomaly_resolved; mark_anomaly_needs_more_evidence,2024-01-01-2024-03-31,Dengue,"![](https://www.scielo.br/media/images/rsbmt_logo.png) # Open-access The greatest Dengue epidemic in Brazil: Surveillance, Prevention, and Control ![Open-access](https://ds.scielo.org/img/logo-open-access.svg) ## ABSTRACT In this review, we discuss dengue surveillance, prevention, and control measures in Brazil. Data on dengue epidemics between 2000 and 2024 indicates an increase in the number of dengue cases and deaths. Global climate change is a key driver of this growth. Over the past 25 years, nearly 18 million Brazilians have been infected with the dengue virus, and the highest number of dengue cases in Brazil's history is projected to reach 2024. Dengue mortality in Brazil increased geographically over time. As of June, there were approximately 6 million probable cases and 4,000 c...",validation_conflict_review,anomaly,Brazil,P0_critical,5,human_review_items; record_inclusion_decisions; validation_results; validation_source_compatibility_summary; anomaly_results,"validation conflict review - review_anomaly_anom_013 - Brasil - The greatest Dengue epidemic in Brazil: Surveillance, Prevention, and Con...","Brasil - The greatest Dengue epidemic in Brazil: Surveillance, Prevention, and Control The greatest Dengue epidemic in Brazil: Surveillance, Prevention, and Control",https://www.scielo.br/j/rsbmt/a/gTT8ZZVR8g4Xx9xQPyp4GBz?format=html&lang=en,resolve_validation_conflict,"What decision, if any, should a human reviewer record?",src_search_6dae7aeadbda; event_004; anom_013; val_result_022,anomaly,This review item requires human inspection before it should affect downstream interpretation.
,accept_anomaly; dismiss_anomaly; confirm_anomaly; mark_anomaly_resolved; mark_anomaly_needs_more_evidence,2024-01-01-2024-03-31,Dengue,"Monit oramento dos casos de dengue até a Semana # Epidemiológica 52 de 2024 no Distrito Federal ## Apresentação Este Boletim Epidemiológico é produzido semanalmente pela Gerência de Vigilância das Doenças Transmissíveis (GVDT), da Diretoria de Vigilância E pidemiológica (DIVEP), da Subsecretaria de Vigilância à Saúde (SVS), da Secretaria de Estado de Saúde do Distrito Federal (SES -DF) – GVDT/DIVEP/SVS/SES - DF. As informações sobre dengue apresentadas neste Boletim são referentes às notificações no Distrito Fe deral (DF), ocorridas no ano de 2023 e até Semana Epidemiológica (SE) 51 de 2024 (31/12/2023 a 28/12 /2024 ), disponíveis no Sistema de Informação de Agravos de Notificação - SINAN Online. Todos os dados deste Boletim são parciais e provisórios, sujeitos à a lteração , podendo oc...",validation_conflict_review,anomaly,Brazil,P0_critical,6,human_review_items; record_inclusion_decisions; validation_results; validation_source_compatibility_summary; anomaly_results,validation conflict review - review_anomaly_anom_014 - [PDF] Boletim Epidemiológico - Secretaria de Saúde do Distrito Federal,[PDF] Boletim Epidemiológico - Secretaria de Saúde do Distrito Federal,https://saude.df.gov.br/documents/37101/0/52_BOLETIM_SEMANAL_DENGUE_SE_52+DF+2024.pdf/93054779-dc46-bacf-24d2-39da8c85ecc7?t=1736196099692,resolve_validation_conflict,"What decision, if any, should a human reviewer record?",src_search_9baddae323c5; event_010; anom_014; val_result_029,anomaly,This review item requires human inspection before it should affect downstream interpretation.
,accept_anomaly; dismiss_anomaly; confirm_anomaly; mark_anomaly_resolved; mark_anomaly_needs_more_evidence,2024-01-01-2024-03-31,Dengue,"![](https://www.apm.org.br/wp-content/uploads/logo-apm-95-anos.png) ##### Pesquisa # Ministério da Saúde divulga novos dados da dengue e demais arboviroses Boletim Epidemiológico demonstra que impactos do El Niño contribuíram para alta no número de casos ![](https://www.apm.org.br/wp-content/uploads/aedes-3.jpg) A nova publicação do [Boletim Epidemiológico](https://www.gov.br/saude/pt-br/centrais-de-conteudo/publicacoes/boletins/epidemiologicos/edicoes/2024/boletim-epidemiologico-volume-55-no-11.pdf/view) da Secretaria de Vigilância em Saúde e Ambiente – órgão parte do Ministério da Saúde – traz informações sobre os casos de dengue, Chikungunya e Zika registrados entre 2023 e 2024. Segundo o documento, os impactos climáticos ocasionados pelo El Niño contribuíram para o aumento no número...",claim_corroboration_review,anomaly,Brazil,P0_critical,7,human_review_items; record_inclusion_decisions; claims; claim_comparisons; corroborated_events; anomaly_results,claim corroboration review - review_anomaly_anom_007 - Ministério da Saúde divulga novos dados da dengue e demais arboviroses - APM,Ministério da Saúde divulga novos dados da dengue e demais arboviroses - APM,https://www.apm.org.br/ministerio-da-saude-divulga-novos-dados-da-dengue-e-demais-arboviroses,confirm_scope_or_reject_record,"Is the claim independently corroborated, conflicting, or only single-source evidence?",src_search_5fd7d33501e8; event_005; anom_007; val_result_003,anomaly,Claim-level support is unresolved or depends on a single source.
,accept_anomaly; dismiss_anomaly; confirm_anomaly; mark_anomaly_resolved; mark_anomaly_needs_more_evidence,2024-01-01-2024-03-31,Dengue,"Monit oramento dos casos de dengue até a Semana # Epidemiológica 52 de 2024 no Distrito Federal ## Apresentação Este Boletim Epidemiológico é produzido semanalmente pela Gerência de Vigilância das Doenças Transmissíveis (GVDT), da Diretoria de Vigilância E pidemiológica (DIVEP), da Subsecretaria de Vigilância à Saúde (SVS), da Secretaria de Estado de Saúde do Distrito Federal (SES -DF) – GVDT/DIVEP/SVS/SES - DF. As informações sobre dengue apresentadas neste Boletim são referentes às notificações no Distrito Fe deral (DF), ocorridas no ano de 2023 e até Semana Epidemiológica (SE) 51 de 2024 (31/12/2023 a 28/12 /2024 ), disponíveis no Sistema de Informação de Agravos de Notificação - SINAN Online. Todos os dados deste Boletim são parciais e provisórios, sujeitos à a lteração , podendo oc...",claim_corroboration_review,anomaly,Brazil,P0_critical,8,human_review_items; record_inclusion_decisions; claims; claim_comparisons; corroborated_events; anomaly_results,claim corroboration review - review_anomaly_anom_008 - [PDF] Boletim Epidemiológico - Secretaria de Saúde do Distrito Federal,[PDF] Boletim Epidemiológico - Secretaria de Saúde do Distrito Federal,https://saude.df.gov.br/documents/37101/0/52_BOLETIM_SEMANAL_DENGUE_SE_52+DF+2024.pdf/93054779-dc46-bacf-24d2-39da8c85ecc7?t=1736196099692,confirm_scope_or_reject_record,"Is the claim independently corroborated, conflicting, or only single-source evidence?",src_search_9baddae323c5; event_009; anom_008; val_result_009,anomaly,Claim-level support is unresolved or depends on a single source.
,accept_anomaly; dismiss_anomaly; confirm_anomaly; mark_anomaly_resolved; mark_anomaly_needs_more_evidence,2024-01-01-2024-03-31,Dengue,"INFORME EPIDEMIOLÓGICO DENGUE, CHIKUNGUNYA E ZIKA NÚCLEO HOSPITALAR DE EPIDEMIOLOGIA/HNSC-HCC 1 INTRODUÇÃO A Dengue, Chikungunya e Zika são arboviroses urbanas transmitidas pelo mosquito Aedes aegypti. A dengue é a arbovirose com maior relevância pela possibilidade de causar surtos, podendo acometer muitos indivíduos e criar uma grande demanda de atendimentos nos serviços de saúde. No Rio Grande do Sul até 03/07/2025 foram notificados 117.678 casos suspeitos de dengue, 35.143 foram confirmados (28.905 autóctones, 27.511 em investigação). Houve 44 óbitos por dengue no estado. Em Porto Alegre, até a semana epidemiológica 26 (29/12/2024 a 28/06/2025), foram notificados 54.473 casos suspeitos de dengue, 15.999 foram confirmados. Houve 20 óbitos por dengue. DEFINIÇÃO DE CASO DENGUE Indivíduo...",claim_corroboration_review,anomaly,Brazil,P0_critical,9,human_review_items; record_inclusion_decisions; claims; claim_comparisons; corroborated_events; anomaly_results,"claim corroboration review - review_anomaly_anom_009 - [PDF] Informe Epidemiológico DENGUE, CHIKUNGUNYA E ZIKA - GHC","[PDF] Informe Epidemiológico DENGUE, CHIKUNGUNYA E ZIKA - GHC",https://www.ghc.com.br/files/DENGUE_SE26.pdf,confirm_scope_or_reject_record,"Is the claim independently corroborated, conflicting, or only single-source evidence?",src_search_2eb1c67db46f; event_013; anom_009; val_result_010,anomaly,Claim-level support is unresolved or depends on a single source.
,accept_anomaly; dismiss_anomaly; confirm_anomaly; mark_anomaly_resolved; mark_anomaly_needs_more_evidence,2024-01-01-2024-03-31,Dengue,"![Health Policy Watch](https://i0.wp.com/healthpolicy-watch.news/wp-content/uploads/2020/08/HPW-Logo-Full.png?fit=1099%2C206&ssl=1) ![](https://healthpolicy-watch.news/wp-content/themes/hpw2018/images/header-twitter.svg) ![](https://healthpolicy-watch.news/wp-content/themes/hpw2018/images/header-facebook.svg) ![](https://healthpolicy-watch.news/wp-content/themes/hpw2018/images/header-twitter.svg) ![](https://healthpolicy-watch.news/wp-content/themes/hpw2018/images/header-facebook.svg) ### Share this: ![Checking for standing water](https://healthpolicy-watch.news/wp-content/uploads/2024/02/Dengue-PAHO-1024x683.webp) In 2023, the Americas saw the highest recorded number of dengue cases of all time, with a total of 4,565,911 cases and 2,340 deaths, said the Pan American Health Organization...",claim_corroboration_review,anomaly,Brazil,P0_critical,10,human_review_items; record_inclusion_decisions; claims; claim_comparisons; corroborated_events; anomaly_results,claim corroboration review - review_anomaly_anom_010 - Brazil Tries New Vaccine As 'Exponential' Rise In Dengue Cases Plagues The America...,Brazil Tries New Vaccine As 'Exponential' Rise In Dengue Cases Plagues The Americas - Health Policy Watch,https://healthpolicy-watch.news/brazil-tries-new-vaccine-as-exponential-rise-in-dengue-cases-plagues-the-americas,confirm_scope_or_reject_record,"Is the claim independently corroborated, conflicting, or only single-source evidence?",src_search_df7c57966665; event_001; anom_010; val_result_014,anomaly,Claim-level support is unresolved or depends on a single source.
,accept_anomaly; dismiss_anomaly; confirm_anomaly; mark_anomaly_resolved; mark_anomaly_needs_more_evidence,2024-01-01-2024-03-31,Dengue,"![Health Policy Watch](https://i0.wp.com/healthpolicy-watch.news/wp-content/uploads/2020/08/HPW-Logo-Full.png?fit=1099%2C206&ssl=1) ![](https://healthpolicy-watch.news/wp-content/themes/hpw2018/images/header-twitter.svg) ![](https://healthpolicy-watch.news/wp-content/themes/hpw2018/images/header-facebook.svg) ![](https://healthpolicy-watch.news/wp-content/themes/hpw2018/images/header-twitter.svg) ![](https://healthpolicy-watch.news/wp-content/themes/hpw2018/images/header-facebook.svg) ### Share this: ![Checking for standing water](https://healthpolicy-watch.news/wp-content/uploads/2024/02/Dengue-PAHO-1024x683.webp) In 2023, the Americas saw the highest recorded number of dengue cases of all time, with a total of 4,565,911 cases and 2,340 deaths, said the Pan American Health Organization...",claim_corroboration_review,anomaly,Brazil,P0_critical,11,human_review_items; record_inclusion_decisions; claims; claim_comparisons; corroborated_events; anomaly_results,claim corroboration review - review_anomaly_anom_011 - Brazil Tries New Vaccine As 'Exponential' Rise In Dengue Cases Plagues The America...,Brazil Tries New Vaccine As 'Exponential' Rise In Dengue Cases Plagues The Americas - Health Policy Watch,https://healthpolicy-watch.news/brazil-tries-new-vaccine-as-exponential-rise-in-dengue-cases-plagues-the-americas,confirm_scope_or_reject_record,"Is the claim independently corroborated, conflicting, or only single-source evidence?",src_search_df7c57966665; event_002; anom_011; val_result_015,anomaly,Claim-level support is unresolved or depends on a single source.
,accept_anomaly; dismiss_anomaly; confirm_anomaly; mark_anomaly_resolved; mark_anomaly_needs_more_evidence,2024-01-01-2024-03-31,Dengue,"![](https://www.scielo.br/media/images/rsbmt_logo.png) # Open-access The greatest Dengue epidemic in Brazil: Surveillance, Prevention, and Control ![Open-access](https://ds.scielo.org/img/logo-open-access.svg) ## ABSTRACT In this review, we discuss dengue surveillance, prevention, and control measures in Brazil. Data on dengue epidemics between 2000 and 2024 indicates an increase in the number of dengue cases and deaths. Global climate change is a key driver of this growth. Over the past 25 years, nearly 18 million Brazilians have been infected with the dengue virus, and the highest number of dengue cases in Brazil's history is projected to reach 2024. Dengue mortality in Brazil increased geographically over time. As of June, there were approximately 6 million probable cases and 4,000 c...",claim_corroboration_review,anomaly,Brazil,P0_critical,12,human_review_items; record_inclusion_decisions; claims; claim_comparisons; corroborated_events; anomaly_results,"claim corroboration review - review_anomaly_anom_012 - Brasil - The greatest Dengue epidemic in Brazil: Surveillance, Prevention, and Con...","Brasil - The greatest Dengue epidemic in Brazil: Surveillance, Prevention, and Control The greatest Dengue epidemic in Brazil: Surveillance, Prevention, and Control",https://www.scielo.br/j/rsbmt/a/gTT8ZZVR8g4Xx9xQPyp4GBz?format=html&lang=en,confirm_scope_or_reject_record,"Is the claim independently corroborated, conflicting, or only single-source evidence?",src_search_6dae7aeadbda; event_003; anom_012; val_result_018,anomaly,Claim-level support is unresolved or depends on a single source.
,accept_as_is; correct_fields; reject_record; mark_requires_review; mark_review_resolved; mark_non_countable; mark_countable; mark_duplicate; mark_not_duplicate; needs_more_evidence; defer_decision,2024-03-31,Dengue,"![](https://www.scielo.br/media/images/rsbmt_logo.png) # Open-access The greatest Dengue epidemic in Brazil: Surveillance, Prevention, and Control ![Open-access](https://ds.scielo.org/img/logo-open-access.svg) ## ABSTRACT In this review, we discuss dengue surveillance, prevention, and control measures in Brazil. Data on dengue epidemics between 2000 and 2024 indicates an increase in the number of dengue cases and deaths. Global climate change is a key driver of this growth. Over the past 25 years, nearly 18 million Brazilians have been infected with the dengue virus, and the highest number of dengue cases in Brazil's history is projected to reach 2024. Dengue mortality in Brazil increased geographically over time. As of June, there were approximately 6 million probable cases and 4,000 c...",validation_conflict_review,duplicate_event_clustering,Brazil,P1_high,13,human_review_items; record_inclusion_decisions; quarantined_records; context_records; final_case_dataset; validation_results; validation_source_compatibility_summary,"validation conflict review - review_duplicate_event_004 - Brasil - The greatest Dengue epidemic in Brazil: Surveillance, Prevention, and...","Brasil - The greatest Dengue epidemic in Brazil: Surveillance, Prevention, and Control The greatest Dengue epidemic in Brazil: Surveillance, Prevention, and Control",https://www.scielo.br/j/rsbmt/a/gTT8ZZVR8g4Xx9xQPyp4GBz?format=html&lang=en,Inspect the linked artifacts and only then edit a decision file if needed.,"What decision, if any, should a human reviewer record?",rec_src_search_6dae7aeadbda_001; rec_src_search_6dae7aeadbda_002; event_004,record,This review item requires human inspection before it should affect downstream interpretation.
,needs_more_evidence; defer_decision,2024-01-01-2024-03-31,Dengue,Primary case claim has no independent corroborating source.,claim_corroboration_review,claim_corroboration_review,Brazil,P1_high,14,human_review_items; record_inclusion_decisions; claims; claim_comparisons; corroborated_events,claim corroboration review - review_claim_corroboration_review_corr_event_003 - [PDF] Boletim Epidemiológico - Secretaria de Saúde do Dis...,[PDF] Boletim Epidemiológico - Secretaria de Saúde do Distrito Federal,https://saude.df.gov.br/documents/37101/0/52_BOLETIM_SEMANAL_DENGUE_SE_52+DF+2024.pdf/93054779-dc46-bacf-24d2-39da8c85ecc7?t=1736196099692,review_claim_corroboration,"Is the claim independently corroborated, conflicting, or only single-source evidence?",claim_rec_src_search_9baddae323c5_001_cases_suspected; claim_rec_src_search_9baddae323c5_002_cases_probable; claim_rec_src_search_9baddae323c5_003_cases_probable; claim_rec_src_search_9baddae323c5_004_cases_probable; src_search_9baddae323c5; corr_event_003,claim,Claim-level support is unresolved or depends on a single source.
,needs_more_evidence; defer_decision,2024-01-01-2024-03-31,Dengue,Primary case claim has no independent corroborating source.,claim_corroboration_review,claim_corroboration_review,Brazil,P1_high,15,human_review_items; record_inclusion_decisions; claims; claim_comparisons; corroborated_events,"claim corroboration review - review_claim_corroboration_review_corr_event_004 - [PDF] Informe Epidemiológico DENGUE, CHIKUNGUNYA E ZIKA -...","[PDF] Informe Epidemiológico DENGUE, CHIKUNGUNYA E ZIKA - GHC",https://www.ghc.com.br/files/DENGUE_SE26.pdf,review_claim_corroboration,"Is the claim independently corroborated, conflicting, or only single-source evidence?",claim_rec_src_search_2eb1c67db46f_001_cases_confirmed; claim_rec_src_search_2eb1c67db46f_001_cases_suspected; claim_rec_src_search_2eb1c67db46f_001_deaths; src_search_2eb1c67db46f; corr_event_004,claim,Claim-level support is unresolved or depends on a single source.
,needs_more_evidence; defer_decision,2024-01-01-2024-03-31,Dengue,Primary case claim has no independent corroborating source.,claim_corroboration_review,claim_corroboration_review,Brazil,P1_high,16,human_review_items; record_inclusion_decisions; claims; claim_comparisons; corroborated_events,"claim corroboration review - review_claim_corroboration_review_corr_event_005 - [PDF] Informe Epidemiológico DENGUE, CHIKUNGUNYA E ZIKA -...","[PDF] Informe Epidemiológico DENGUE, CHIKUNGUNYA E ZIKA - GHC",https://www.ghc.com.br/files/DENGUE_SE26.pdf,review_claim_corroboration,"Is the claim independently corroborated, conflicting, or only single-source evidence?",claim_rec_src_search_2eb1c67db46f_002_cases_confirmed; claim_rec_src_search_2eb1c67db46f_002_cases_suspected; claim_rec_src_search_2eb1c67db46f_002_deaths; src_search_2eb1c67db46f; corr_event_005,claim,Claim-level support is unresolved or depends on a single source.
,needs_more_evidence; defer_decision,2024-01-01-2024-03-31,Dengue,Primary case claim has no independent corroborating source.,claim_corroboration_review,claim_corroboration_review,Brazil,P1_high,17,human_review_items; record_inclusion_decisions; claims; claim_comparisons; corroborated_events,claim corroboration review - review_claim_corroboration_review_corr_event_007 - Brazil Tries New Vaccine As 'Exponential' Rise In Dengue...,Brazil Tries New Vaccine As 'Exponential' Rise In Dengue Cases Plagues The Americas - Health Policy Watch,https://healthpolicy-watch.news/brazil-tries-new-vaccine-as-exponential-rise-in-dengue-cases-plagues-the-americas,review_claim_corroboration,"Is the claim independently corroborated, conflicting, or only single-source evidence?",claim_rec_src_search_df7c57966665_002_cases_unspecified; claim_rec_src_search_df7c57966665_002_deaths; claim_rec_src_search_df7c57966665_003_cases_unspecified; src_search_df7c57966665; corr_event_007,claim,Claim-level support is unresolved or depends on a single source.
,accept_anomaly; dismiss_anomaly; confirm_anomaly; mark_anomaly_resolved; mark_anomaly_needs_more_evidence,2024-03-31,Dengue,"![Health Policy Watch](https://i0.wp.com/healthpolicy-watch.news/wp-content/uploads/2020/08/HPW-Logo-Full.png?fit=1099%2C206&ssl=1) ![](https://healthpolicy-watch.news/wp-content/themes/hpw2018/images/header-twitter.svg) ![](https://healthpolicy-watch.news/wp-content/themes/hpw2018/images/header-facebook.svg) ![](https://healthpolicy-watch.news/wp-content/themes/hpw2018/images/header-twitter.svg) ![](https://healthpolicy-watch.news/wp-content/themes/hpw2018/images/header-facebook.svg) ### Share this: ![Checking for standing water](https://healthpolicy-watch.news/wp-content/uploads/2024/02/Dengue-PAHO-1024x683.webp) In 2023, the Americas saw the highest recorded number of dengue cases of all time, with a total of 4,565,911 cases and 2,340 deaths, said the Pan American Health Organization...",anomaly_review,anomaly,Brazil,P1_high,18,human_review_items; record_inclusion_decisions; anomaly_results,anomaly review - review_anomaly_anom_003 - Brazil Tries New Vaccine As 'Exponential' Rise In Dengue Cases Plagues The Americas - Health P...,Brazil Tries New Vaccine As 'Exponential' Rise In Dengue Cases Plagues The Americas - Health Policy Watch,https://healthpolicy-watch.news/brazil-tries-new-vaccine-as-exponential-rise-in-dengue-cases-plagues-the-americas,review_possible_spike_or_extraction_error,Is this a real public-health signal or an extraction/count-semantics problem?,rec_src_search_df7c57966665_002; src_search_df7c57966665; anom_003,anomaly,An anomaly rule flagged the item for expert inspection.
,approve_source_role; override_source_role; exclude_source; mark_source_needs_review,2024-01-01-2024-03-31,Dengue,,source_identity_review,source_credibility,Brazil,P1_high,19,human_review_items; record_inclusion_decisions; source_registry; source_identity_assessments,source identity review - review_source_credibility_src_search_1dbf2c45d0a6 - Brazil in state of emergency due to dengue fever: 1 million...,Brazil in state of emergency due to dengue fever: 1 million cases so ...,https://www.npr.org/sections/goatsandsoda/2024/03/04/1235795657/dengue-brazil-state-of-emergency-vaccine,Open source identity assessments and source registry metadata.,"Who is the actual publisher, and is it independent of other evidence?",src_search_1dbf2c45d0a6,source,Publisher or source identity uncertainty can affect source independence and credibility.
,approve_source_role; override_source_role; exclude_source; mark_source_needs_review,2024-01-01-2024-03-31,Dengue,,source_identity_review,source_credibility,Brazil,P1_high,20,human_review_items; record_inclusion_decisions; source_registry; source_identity_assessments,source identity review - review_source_credibility_src_search_2e8e30169e0b - Dengue outbreak in Brazil prompting emergency health measures,Dengue outbreak in Brazil prompting emergency health measures,https://www.youtube.com/watch?v=V3_rv56QgQw,Open source identity assessments and source registry metadata.,"Who is the actual publisher, and is it independent of other evidence?",src_search_2e8e30169e0b,source,Publisher or source identity uncertainty can affect source independence and credibility.
,approve_source_role; override_source_role; exclude_source; mark_source_needs_review,2024-01-01-2024-03-31,Dengue,,source_identity_review,source_credibility,Brazil,P1_high,21,human_review_items; record_inclusion_decisions; source_registry; source_identity_assessments,source identity review - review_source_credibility_src_search_3ab93461f77b - 2024 dengue outbreak in Latin America and the Caribbean,2024 dengue outbreak in Latin America and the Caribbean,https://en.wikipedia.org/wiki/2024_dengue_outbreak_in_Latin_America_and_the_Caribbean,Open source identity assessments and source registry metadata.,"Who is the actual publisher, and is it independent of other evidence?",src_search_3ab93461f77b,source,Publisher or source identity uncertainty can affect source independence and credibility.
,approve_source_role; override_source_role; exclude_source; mark_source_needs_review,2024-01-01-2024-03-31,Dengue,,source_identity_review,source_credibility,Brazil,P1_high,22,human_review_items; record_inclusion_decisions; source_registry; source_identity_assessments,"source identity review - review_source_credibility_src_search_da7ccbd13318 - Brazil Has a Dengue Emergency, Portending a Health Crisis fo...","Brazil Has a Dengue Emergency, Portending a Health Crisis for the Americas - The New York Times",https://www.nytimes.com/2024/02/10/health/dengue-brazil-americas.html,Open source identity assessments and source registry metadata.,"Who is the actual publisher, and is it independent of other evidence?",src_search_da7ccbd13318,source,Publisher or source identity uncertainty can affect source independence and credibility.
,accept_as_is; correct_fields; reject_record; mark_requires_review; mark_review_resolved; mark_non_countable; mark_countable; mark_duplicate; mark_not_duplicate; needs_more_evidence; defer_decision,2024-03-05,Dengue,"1 INDICADORES DE DENGUE (2024) 2024 2023 genda: º DE CASOS PROVÁVEIS DE DENGUE POR SEMANA EPIDEMIOLÓGICA, BRASIL, 2023 E 2024 Fonte: SINAN. CASOS/100 MIL HABITANTES CASOS PROVÁVEIS CASOS DE DENGUE GRAVE E DE DENGUE COM SINAIS DE ALARME ÓBITOS CONFIRMADOS ÓBITOS EM INVESTIGAÇÃO LETALIDADE USANDO CASOS GRAVES ATÉ SE 07 EM 2023 EM 2024 CENTRO DE OPERAÇÃODE EMERGENCIAS (COE) INFORME Edição Nº 04 | SE 01 a 9/2024 Atualizado em: 05/03/2024 SEMANAL Letalidade de óbito sobre o total de casos graves (SE 1 a 9) Letalidade de óbito sobre o total de casos prováveis (SE 1 a 9) O gráfico acima apresenta os casos prováveis de dengue de 2023 (por curva) e de 2024 (por colu-nas) ao longo das Semanas Epidemiológicas (SE). Observa-se que os casos do ano de 2024 apre-sentam aumento ao longo das semanas, co...",claim_corroboration_review,duplicate_event_clustering,Brazil,P1_high,23,human_review_items; record_inclusion_decisions; quarantined_records; context_records; final_case_dataset; claims; claim_comparisons; corroborated_events,claim corroboration review - review_duplicate_event_008 - [PDF] SEMANAL - Poder360,[PDF] SEMANAL - Poder360,https://static.poder360.com.br/2024/03/boletim-semanal-dengue-ministerio-saude-mar.2024.pdf,"Open claims, claim comparisons, and corroborated events.","Is the claim independently corroborated, conflicting, or only single-source evidence?",rec_src_search_86d6f702e073_001; rec_src_search_86d6f702e073_002; event_008,record,Claim-level support is unresolved or depends on a single source.
,accept_anomaly; dismiss_anomaly; confirm_anomaly; mark_anomaly_resolved; mark_anomaly_needs_more_evidence,2024-03-31,Dengue,"![](https://www.apm.org.br/wp-content/uploads/logo-apm-95-anos.png) ##### Pesquisa # Ministério da Saúde divulga novos dados da dengue e demais arboviroses Boletim Epidemiológico demonstra que impactos do El Niño contribuíram para alta no número de casos ![](https://www.apm.org.br/wp-content/uploads/aedes-3.jpg) A nova publicação do [Boletim Epidemiológico](https://www.gov.br/saude/pt-br/centrais-de-conteudo/publicacoes/boletins/epidemiologicos/edicoes/2024/boletim-epidemiologico-volume-55-no-11.pdf/view) da Secretaria de Vigilância em Saúde e Ambiente – órgão parte do Ministério da Saúde – traz informações sobre os casos de dengue, Chikungunya e Zika registrados entre 2023 e 2024. Segundo o documento, os impactos climáticos ocasionados pelo El Niño contribuíram para o aumento no número...",anomaly_review,anomaly,Brazil,P1_high,24,human_review_items; record_inclusion_decisions; anomaly_results,anomaly review - review_anomaly_anom_001 - Ministério da Saúde divulga novos dados da dengue e demais arboviroses - APM,Ministério da Saúde divulga novos dados da dengue e demais arboviroses - APM,https://www.apm.org.br/ministerio-da-saude-divulga-novos-dados-da-dengue-e-demais-arboviroses,review_possible_spike_or_extraction_error,Is this a real public-health signal or an extraction/count-semantics problem?,rec_src_search_5fd7d33501e8_001; src_search_5fd7d33501e8; anom_001,anomaly,An anomaly rule flagged the item for expert inspection.
,accept_anomaly; dismiss_anomaly; confirm_anomaly; mark_anomaly_resolved; mark_anomaly_needs_more_evidence,2024-03-31,Dengue,"![](https://www.apm.org.br/wp-content/uploads/logo-apm-95-anos.png) ##### Pesquisa # Ministério da Saúde divulga novos dados da dengue e demais arboviroses Boletim Epidemiológico demonstra que impactos do El Niño contribuíram para alta no número de casos ![](https://www.apm.org.br/wp-content/uploads/aedes-3.jpg) A nova publicação do [Boletim Epidemiológico](https://www.gov.br/saude/pt-br/centrais-de-conteudo/publicacoes/boletins/epidemiologicos/edicoes/2024/boletim-epidemiologico-volume-55-no-11.pdf/view) da Secretaria de Vigilância em Saúde e Ambiente – órgão parte do Ministério da Saúde – traz informações sobre os casos de dengue, Chikungunya e Zika registrados entre 2023 e 2024. Segundo o documento, os impactos climáticos ocasionados pelo El Niño contribuíram para o aumento no número...",anomaly_review,anomaly,Brazil,P1_high,25,human_review_items; record_inclusion_decisions; anomaly_results,anomaly review - review_anomaly_anom_002 - Ministério da Saúde divulga novos dados da dengue e demais arboviroses - APM,Ministério da Saúde divulga novos dados da dengue e demais arboviroses - APM,https://www.apm.org.br/ministerio-da-saude-divulga-novos-dados-da-dengue-e-demais-arboviroses,review_possible_spike_or_extraction_error,Is this a real public-health signal or an extraction/count-semantics problem?,rec_src_search_5fd7d33501e8_002; src_search_5fd7d33501e8; anom_002,anomaly,An anomaly rule flagged the item for expert inspection.
,accept_anomaly; dismiss_anomaly; confirm_anomaly; mark_anomaly_resolved; mark_anomaly_needs_more_evidence,2024-03-31,Dengue,"![](https://www.scielo.br/media/images/rsbmt_logo.png) # Open-access The greatest Dengue epidemic in Brazil: Surveillance, Prevention, and Control ![Open-access](https://ds.scielo.org/img/logo-open-access.svg) ## ABSTRACT In this review, we discuss dengue surveillance, prevention, and control measures in Brazil. Data on dengue epidemics between 2000 and 2024 indicates an increase in the number of dengue cases and deaths. Global climate change is a key driver of this growth. Over the past 25 years, nearly 18 million Brazilians have been infected with the dengue virus, and the highest number of dengue cases in Brazil's history is projected to reach 2024. Dengue mortality in Brazil increased geographically over time. As of June, there were approximately 6 million probable cases and 4,000 c...",anomaly_review,anomaly,Brazil,P1_high,26,human_review_items; record_inclusion_decisions; anomaly_results,"anomaly review - review_anomaly_anom_004 - Brasil - The greatest Dengue epidemic in Brazil: Surveillance, Prevention, and Control The gre...","Brasil - The greatest Dengue epidemic in Brazil: Surveillance, Prevention, and Control The greatest Dengue epidemic in Brazil: Surveillance, Prevention, and Control",https://www.scielo.br/j/rsbmt/a/gTT8ZZVR8g4Xx9xQPyp4GBz?format=html&lang=en,review_possible_spike_or_extraction_error,Is this a real public-health signal or an extraction/count-semantics problem?,rec_src_search_6dae7aeadbda_001; src_search_6dae7aeadbda; anom_004,anomaly,An anomaly rule flagged the item for expert inspection.
,accept_anomaly; dismiss_anomaly; confirm_anomaly; mark_anomaly_resolved; mark_anomaly_needs_more_evidence,2024-03-31,Dengue,"![](https://www.scielo.br/media/images/rsbmt_logo.png) # Open-access The greatest Dengue epidemic in Brazil: Surveillance, Prevention, and Control ![Open-access](https://ds.scielo.org/img/logo-open-access.svg) ## ABSTRACT In this review, we discuss dengue surveillance, prevention, and control measures in Brazil. Data on dengue epidemics between 2000 and 2024 indicates an increase in the number of dengue cases and deaths. Global climate change is a key driver of this growth. Over the past 25 years, nearly 18 million Brazilians have been infected with the dengue virus, and the highest number of dengue cases in Brazil's history is projected to reach 2024. Dengue mortality in Brazil increased geographically over time. As of June, there were approximately 6 million probable cases and 4,000 c...",anomaly_review,anomaly,Brazil,P1_high,27,human_review_items; record_inclusion_decisions; anomaly_results,"anomaly review - review_anomaly_anom_006 - Brasil - The greatest Dengue epidemic in Brazil: Surveillance, Prevention, and Control The gre...","Brasil - The greatest Dengue epidemic in Brazil: Surveillance, Prevention, and Control The greatest Dengue epidemic in Brazil: Surveillance, Prevention, and Control",https://www.scielo.br/j/rsbmt/a/gTT8ZZVR8g4Xx9xQPyp4GBz?format=html&lang=en,review_possible_spike_or_extraction_error,Is this a real public-health signal or an extraction/count-semantics problem?,rec_src_search_6dae7aeadbda_003; src_search_6dae7aeadbda; anom_006,anomaly,An anomaly rule flagged the item for expert inspection.
,accept_as_is; correct_fields; reject_record; mark_requires_review; mark_review_resolved; mark_non_countable; mark_countable; mark_duplicate; mark_not_duplicate; needs_more_evidence; defer_decision,2024-03-31,Dengue,"![Health Policy Watch](https://i0.wp.com/healthpolicy-watch.news/wp-content/uploads/2020/08/HPW-Logo-Full.png?fit=1099%2C206&ssl=1) ![](https://healthpolicy-watch.news/wp-content/themes/hpw2018/images/header-twitter.svg) ![](https://healthpolicy-watch.news/wp-content/themes/hpw2018/images/header-facebook.svg) ![](https://healthpolicy-watch.news/wp-content/themes/hpw2018/images/header-twitter.svg) ![](https://healthpolicy-watch.news/wp-content/themes/hpw2018/images/header-facebook.svg) ### Share this: ![Checking for standing water](https://healthpolicy-watch.news/wp-content/uploads/2024/02/Dengue-PAHO-1024x683.webp) In 2023, the Americas saw the highest recorded number of dengue cases of all time, with a total of 4,565,911 cases and 2,340 deaths, said the Pan American Health Organization...",outside_scope_review,record_linking,Brazil,P1_high,28,human_review_items; record_inclusion_decisions; quarantined_records; context_records; final_case_dataset,outside scope review - review_linking_event_001 - Brazil Tries New Vaccine As 'Exponential' Rise In Dengue Cases Plagues The Americas - H...,Brazil Tries New Vaccine As 'Exponential' Rise In Dengue Cases Plagues The Americas - Health Policy Watch,https://healthpolicy-watch.news/brazil-tries-new-vaccine-as-exponential-rise-in-dengue-cases-plagues-the-americas,Inspect the evidence quote and record inclusion decision.,Does the evidence actually match the requested scope?,rec_src_search_df7c57966665_002,record,"The item may be outside the requested disease, location, or time window."
,accept_as_is; correct_fields; reject_record; mark_requires_review; mark_review_resolved; mark_non_countable; mark_countable; mark_duplicate; mark_not_duplicate; needs_more_evidence; defer_decision,2024-03-31,Dengue,"![Health Policy Watch](https://i0.wp.com/healthpolicy-watch.news/wp-content/uploads/2020/08/HPW-Logo-Full.png?fit=1099%2C206&ssl=1) ![](https://healthpolicy-watch.news/wp-content/themes/hpw2018/images/header-twitter.svg) ![](https://healthpolicy-watch.news/wp-content/themes/hpw2018/images/header-facebook.svg) ![](https://healthpolicy-watch.news/wp-content/themes/hpw2018/images/header-twitter.svg) ![](https://healthpolicy-watch.news/wp-content/themes/hpw2018/images/header-facebook.svg) ### Share this: ![Checking for standing water](https://healthpolicy-watch.news/wp-content/uploads/2024/02/Dengue-PAHO-1024x683.webp) In 2023, the Americas saw the highest recorded number of dengue cases of all time, with a total of 4,565,911 cases and 2,340 deaths, said the Pan American Health Organization...",outside_scope_review,record_linking,Brazil,P1_high,29,human_review_items; record_inclusion_decisions; quarantined_records; context_records; final_case_dataset,outside scope review - review_linking_event_002 - Brazil Tries New Vaccine As 'Exponential' Rise In Dengue Cases Plagues The Americas - H...,Brazil Tries New Vaccine As 'Exponential' Rise In Dengue Cases Plagues The Americas - Health Policy Watch,https://healthpolicy-watch.news/brazil-tries-new-vaccine-as-exponential-rise-in-dengue-cases-plagues-the-americas,Inspect the evidence quote and record inclusion decision.,Does the evidence actually match the requested scope?,rec_src_search_df7c57966665_003,record,"The item may be outside the requested disease, location, or time window."
,accept_as_is; correct_fields; reject_record; mark_requires_review; mark_review_resolved; mark_non_countable; mark_countable; mark_duplicate; mark_not_duplicate; needs_more_evidence; defer_decision,2024-03-31,Dengue,"![Health Policy Watch](https://i0.wp.com/healthpolicy-watch.news/wp-content/uploads/2020/08/HPW-Logo-Full.png?fit=1099%2C206&ssl=1) ![](https://healthpolicy-watch.news/wp-content/themes/hpw2018/images/header-twitter.svg) ![](https://healthpolicy-watch.news/wp-content/themes/hpw2018/images/header-facebook.svg) ![](https://healthpolicy-watch.news/wp-content/themes/hpw2018/images/header-twitter.svg) ![](https://healthpolicy-watch.news/wp-content/themes/hpw2018/images/header-facebook.svg) ### Share this: ![Checking for standing water](https://healthpolicy-watch.news/wp-content/uploads/2024/02/Dengue-PAHO-1024x683.webp) In 2023, the Americas saw the highest recorded number of dengue cases of all time, with a total of 4,565,911 cases and 2,340 deaths, said the Pan American Health Organization...",outside_scope_review,record_normalization,Brazil,P1_high,30,human_review_items; record_inclusion_decisions; quarantined_records; context_records; final_case_dataset,outside scope review - review_normalization_rec_src_search_df7c57966665_002 - Brazil Tries New Vaccine As 'Exponential' Rise In Dengue Ca...,Brazil Tries New Vaccine As 'Exponential' Rise In Dengue Cases Plagues The Americas - Health Policy Watch,https://healthpolicy-watch.news/brazil-tries-new-vaccine-as-exponential-rise-in-dengue-cases-plagues-the-americas,Inspect the evidence quote and record inclusion decision.,Does the evidence actually match the requested scope?,rec_src_search_df7c57966665_002,record,"The item may be outside the requested disease, location, or time window."
,accept_as_is; correct_fields; reject_record; mark_requires_review; mark_review_resolved; mark_non_countable; mark_countable; mark_duplicate; mark_not_duplicate; needs_more_evidence; defer_decision,2024-03-31,Dengue,"![Health Policy Watch](https://i0.wp.com/healthpolicy-watch.news/wp-content/uploads/2020/08/HPW-Logo-Full.png?fit=1099%2C206&ssl=1) ![](https://healthpolicy-watch.news/wp-content/themes/hpw2018/images/header-twitter.svg) ![](https://healthpolicy-watch.news/wp-content/themes/hpw2018/images/header-facebook.svg) ![](https://healthpolicy-watch.news/wp-content/themes/hpw2018/images/header-twitter.svg) ![](https://healthpolicy-watch.news/wp-content/themes/hpw2018/images/header-facebook.svg) ### Share this: ![Checking for standing water](https://healthpolicy-watch.news/wp-content/uploads/2024/02/Dengue-PAHO-1024x683.webp) In 2023, the Americas saw the highest recorded number of dengue cases of all time, with a total of 4,565,911 cases and 2,340 deaths, said the Pan American Health Organization...",outside_scope_review,record_normalization,Brazil,P1_high,31,human_review_items; record_inclusion_decisions; quarantined_records; context_records; final_case_dataset,outside scope review - review_normalization_rec_src_search_df7c57966665_003 - Brazil Tries New Vaccine As 'Exponential' Rise In Dengue Ca...,Brazil Tries New Vaccine As 'Exponential' Rise In Dengue Cases Plagues The Americas - Health Policy Watch,https://healthpolicy-watch.news/brazil-tries-new-vaccine-as-exponential-rise-in-dengue-cases-plagues-the-americas,Inspect the evidence quote and record inclusion decision.,Does the evidence actually match the requested scope?,rec_src_search_df7c57966665_003,record,"The item may be outside the requested disease, location, or time window."
,accept_validation_result; mark_validation_result_not_applicable; confirm_conflict; resolve_conflict_as_left; resolve_conflict_as_right; mark_needs_more_evidence; override_validation_status,2024-03-31,Dengue,"Monit oramento dos casos de dengue até a Semana # Epidemiológica 52 de 2024 no Distrito Federal ## Apresentação Este Boletim Epidemiológico é produzido semanalmente pela Gerência de Vigilância das Doenças Transmissíveis (GVDT), da Diretoria de Vigilância E pidemiológica (DIVEP), da Subsecretaria de Vigilância à Saúde (SVS), da Secretaria de Estado de Saúde do Distrito Federal (SES -DF) – GVDT/DIVEP/SVS/SES - DF. As informações sobre dengue apresentadas neste Boletim são referentes às notificações no Distrito Fe deral (DF), ocorridas no ano de 2023 e até Semana Epidemiológica (SE) 51 de 2024 (31/12/2023 a 28/12 /2024 ), disponíveis no Sistema de Informação de Agravos de Notificação - SINAN Online. Todos os dados deste Boletim são parciais e provisórios, sujeitos à a lteração , podendo oc...",outside_scope_review,validation_scope_issue,Distrito Federal,P1_high,32,human_review_items; record_inclusion_decisions; validation_results; validation_source_compatibility_summary,outside scope review - review_validation_val_result_009 - [PDF] Boletim Epidemiológico - Secretaria de Saúde do Distrito Federal,[PDF] Boletim Epidemiológico - Secretaria de Saúde do Distrito Federal,https://saude.df.gov.br/documents/37101/0/52_BOLETIM_SEMANAL_DENGUE_SE_52+DF+2024.pdf/93054779-dc46-bacf-24d2-39da8c85ecc7?t=1736196099692,Inspect the evidence quote and record inclusion decision.,Does the evidence actually match the requested scope?,rec_src_search_9baddae323c5_004; val_result_009,validation_result,"The item may be outside the requested disease, location, or time window."
,accept_validation_result; mark_validation_result_not_applicable; confirm_conflict; resolve_conflict_as_left; resolve_conflict_as_right; mark_needs_more_evidence; override_validation_status,2024-03-31,Dengue,"![Health Policy Watch](https://i0.wp.com/healthpolicy-watch.news/wp-content/uploads/2020/08/HPW-Logo-Full.png?fit=1099%2C206&ssl=1) ![](https://healthpolicy-watch.news/wp-content/themes/hpw2018/images/header-twitter.svg) ![](https://healthpolicy-watch.news/wp-content/themes/hpw2018/images/header-facebook.svg) ![](https://healthpolicy-watch.news/wp-content/themes/hpw2018/images/header-twitter.svg) ![](https://healthpolicy-watch.news/wp-content/themes/hpw2018/images/header-facebook.svg) ### Share this: ![Checking for standing water](https://healthpolicy-watch.news/wp-content/uploads/2024/02/Dengue-PAHO-1024x683.webp) In 2023, the Americas saw the highest recorded number of dengue cases of all time, with a total of 4,565,911 cases and 2,340 deaths, said the Pan American Health Organization...",outside_scope_review,validation_scope_issue,Brazil,P1_high,33,human_review_items; record_inclusion_decisions; validation_results; validation_source_compatibility_summary,outside scope review - review_validation_val_result_014 - Brazil Tries New Vaccine As 'Exponential' Rise In Dengue Cases Plagues The Amer...,Brazil Tries New Vaccine As 'Exponential' Rise In Dengue Cases Plagues The Americas - Health Policy Watch,https://healthpolicy-watch.news/brazil-tries-new-vaccine-as-exponential-rise-in-dengue-cases-plagues-the-americas,Inspect the evidence quote and record inclusion decision.,Does the evidence actually match the requested scope?,rec_src_search_df7c57966665_002; val_result_014,validation_result,"The item may be outside the requested disease, location, or time window."
,accept_validation_result; mark_validation_result_not_applicable; confirm_conflict; resolve_conflict_as_left; resolve_conflict_as_right; mark_needs_more_evidence; override_validation_status,2024-03-31,Dengue,"![Health Policy Watch](https://i0.wp.com/healthpolicy-watch.news/wp-content/uploads/2020/08/HPW-Logo-Full.png?fit=1099%2C206&ssl=1) ![](https://healthpolicy-watch.news/wp-content/themes/hpw2018/images/header-twitter.svg) ![](https://healthpolicy-watch.news/wp-content/themes/hpw2018/images/header-facebook.svg) ![](https://healthpolicy-watch.news/wp-content/themes/hpw2018/images/header-twitter.svg) ![](https://healthpolicy-watch.news/wp-content/themes/hpw2018/images/header-facebook.svg) ### Share this: ![Checking for standing water](https://healthpolicy-watch.news/wp-content/uploads/2024/02/Dengue-PAHO-1024x683.webp) In 2023, the Americas saw the highest recorded number of dengue cases of all time, with a total of 4,565,911 cases and 2,340 deaths, said the Pan American Health Organization...",outside_scope_review,validation_scope_issue,Brazil,P1_high,34,human_review_items; record_inclusion_decisions; validation_results; validation_source_compatibility_summary,outside scope review - review_validation_val_result_015 - Brazil Tries New Vaccine As 'Exponential' Rise In Dengue Cases Plagues The Amer...,Brazil Tries New Vaccine As 'Exponential' Rise In Dengue Cases Plagues The Americas - Health Policy Watch,https://healthpolicy-watch.news/brazil-tries-new-vaccine-as-exponential-rise-in-dengue-cases-plagues-the-americas,Inspect the evidence quote and record inclusion decision.,Does the evidence actually match the requested scope?,rec_src_search_df7c57966665_003; val_result_015,validation_result,"The item may be outside the requested disease, location, or time window."
,approve_source_role; override_source_role; exclude_source; mark_source_needs_review,2024-01-01-2024-03-31,Dengue,,source_identity_review,source_credibility,Brazil,P1_high,35,human_review_items; record_inclusion_decisions; source_registry; source_identity_assessments,"source identity review - review_source_credibility_src_search_042037d6ca22 - Boletim Epidemiológico – Dengue, Chikungunya E Zika | Secret...","Boletim Epidemiológico – Dengue, Chikungunya E Zika | Secretaria De Estado De Saúde De Minas Gerais",https://www.saude.mg.gov.br/categoria/documentos/boletim-epidemiologico-dengue-chikungunya-e-zika,Open source identity assessments and source registry metadata.,"Who is the actual publisher, and is it independent of other evidence?",src_search_042037d6ca22,source,Publisher or source identity uncertainty can affect source independence and credibility.
,approve_source_role; override_source_role; exclude_source; mark_source_needs_review,2024-01-01-2024-03-31,Dengue,,source_identity_review,source_credibility,Brazil,P1_high,36,human_review_items; record_inclusion_decisions; source_registry; source_identity_assessments,source identity review - review_source_credibility_src_search_066d8ce49c2c - Boletins da Dengue | Paraná contra a Dengue: Mude sua atitude,Boletins da Dengue | Paraná contra a Dengue: Mude sua atitude,https://www.dengue.pr.gov.br/Pagina/Boletins-da-Dengue,Open source identity assessments and source registry metadata.,"Who is the actual publisher, and is it independent of other evidence?",src_search_066d8ce49c2c,source,Publisher or source identity uncertainty can affect source independence and credibility.
,approve_source_role; override_source_role; exclude_source; mark_source_needs_review,2024-01-01-2024-03-31,Dengue,,source_identity_review,source_credibility,Brazil,P1_high,37,human_review_items; record_inclusion_decisions; source_registry; source_identity_assessments,source identity review - review_source_credibility_src_search_17249087cee3 - Boletim epidemiológico - Ecologia e Saúde,Boletim epidemiológico - Ecologia e Saúde,https://www.ecologiaesaude.com/bolet%C3%ADm-epidemiol%C3%B3gico,Open source identity assessments and source registry metadata.,"Who is the actual publisher, and is it independent of other evidence?",src_search_17249087cee3,source,Publisher or source identity uncertainty can affect source independence and credibility.
,approve_source_role; override_source_role; exclude_source; mark_source_needs_review,2024-01-01-2024-03-31,Dengue,,source_identity_review,source_credibility,Brazil,P1_high,38,human_review_items; record_inclusion_decisions; source_registry; source_identity_assessments,source identity review - review_source_credibility_src_search_1e36efa321f9 - Dengue cases in Brazil drop by more than 70% in 2025 - BEACON,Dengue cases in Brazil drop by more than 70% in 2025 - BEACON,https://beaconbio.org/en/report?reportid=0db187f9-42b7-40ad-9530-7e094289df17&eventid=4a4130b0-6a6c-4f10-9859-e2297a985d27,Open source identity assessments and source registry metadata.,"Who is the actual publisher, and is it independent of other evidence?",src_search_1e36efa321f9,source,Publisher or source identity uncertainty can affect source independence and credibility.
,approve_source_role; override_source_role; exclude_source; mark_source_needs_review,2024-01-01-2024-03-31,Dengue,,source_identity_review,source_credibility,Brazil,P1_high,39,human_review_items; record_inclusion_decisions; source_registry; source_identity_assessments,source identity review - review_source_credibility_src_search_1e3a74a1fa2c - [PDF] INDICADORES DE DENGUE (2024) Nº DE CASOS PROVÁVEIS DE ...,[PDF] INDICADORES DE DENGUE (2024) Nº DE CASOS PROVÁVEIS DE ...,https://sindag.org.br/site-antigo/wp-content/uploads/2024/02/COE-Dengue-Informe-01-LEd_.pdf,Open source identity assessments and source registry metadata.,"Who is the actual publisher, and is it independent of other evidence?",src_search_1e3a74a1fa2c,source,Publisher or source identity uncertainty can affect source independence and credibility.
,approve_source_role; override_source_role; exclude_source; mark_source_needs_review,2024-01-01-2024-03-31,Dengue,,source_identity_review,source_credibility,Brazil,P1_high,40,human_review_items; record_inclusion_decisions; source_registry; source_identity_assessments,source identity review - review_source_credibility_src_search_2c14c05742aa - Painel de indicadores da Dengue - Rio de Janeiro,Painel de indicadores da Dengue - Rio de Janeiro,https://sistemas.saude.rj.gov.br/tabnetbd/dash/dash_dengue.htm,Open source identity assessments and source registry metadata.,"Who is the actual publisher, and is it independent of other evidence?",src_search_2c14c05742aa,source,Publisher or source identity uncertainty can affect source independence and credibility.
,approve_source_role; override_source_role; exclude_source; mark_source_needs_review,2024-01-01-2024-03-31,Dengue,,source_identity_review,source_credibility,Brazil,P1_high,41,human_review_items; record_inclusion_decisions; source_registry; source_identity_assessments,"source identity review - review_source_credibility_src_search_2eb1c67db46f - [PDF] Informe Epidemiológico DENGUE, CHIKUNGUNYA E ZIKA - GHC","[PDF] Informe Epidemiológico DENGUE, CHIKUNGUNYA E ZIKA - GHC",https://www.ghc.com.br/files/DENGUE_SE26.pdf,Open source identity assessments and source registry metadata.,"Who is the actual publisher, and is it independent of other evidence?",src_search_2eb1c67db46f,source,Publisher or source identity uncertainty can affect source independence and credibility.
,approve_source_role; override_source_role; exclude_source; mark_source_needs_review,2024-01-01-2024-03-31,Dengue,,source_identity_review,source_credibility,Brazil,P1_high,42,human_review_items; record_inclusion_decisions; source_registry; source_identity_assessments,source identity review - review_source_credibility_src_search_387675deae44 - Indicadores de Dengue Brasil 2024: Informe SE 06 | PDF - Scribd,Indicadores de Dengue Brasil 2024: Informe SE 06 | PDF - Scribd,https://pt.scribd.com/document/731861634/Informe-Semanal-n%C2%BA-06-COE,Open source identity assessments and source registry metadata.,"Who is the actual publisher, and is it independent of other evidence?",src_search_387675deae44,source,Publisher or source identity uncertainty can affect source independence and credibility.
,approve_source_role; override_source_role; exclude_source; mark_source_needs_review,2024-01-01-2024-03-31,Dengue,,source_identity_review,source_credibility,Brazil,P1_high,43,human_review_items; record_inclusion_decisions; source_registry; source_identity_assessments,source identity review - review_source_credibility_src_search_4520d2861241 - [PDF] 2024 - Boletim Epidemiológico,[PDF] 2024 - Boletim Epidemiológico,https://www.gov.br/saude/pt-br/centrais-de-conteudo/publicacoes/boletins/epidemiologicos/edicoes/2024/boletim-epidemiologico-volume-55-no-11.pdf,Open source identity assessments and source registry metadata.,"Who is the actual publisher, and is it independent of other evidence?",src_search_4520d2861241,source,Publisher or source identity uncertainty can affect source independence and credibility.
,approve_source_role; override_source_role; exclude_source; mark_source_needs_review,2024-01-01-2024-03-31,Dengue,,source_identity_review,source_credibility,Brazil,P1_high,44,human_review_items; record_inclusion_decisions; source_registry; source_identity_assessments,source identity review - review_source_credibility_src_search_4e6c9d96071d - Análise epidemiológica da Dengue no Brasil: uma série histór...,Análise epidemiológica da Dengue no Brasil: uma série histórica 10 ...,https://journalmbr.com.br/index.php/jmbr/article/view/427,Open source identity assessments and source registry metadata.,"Who is the actual publisher, and is it independent of other evidence?",src_search_4e6c9d96071d,source,Publisher or source identity uncertainty can affect source independence and credibility.
,approve_source_role; override_source_role; exclude_source; mark_source_needs_review,2024-01-01-2024-03-31,Dengue,,source_identity_review,source_credibility,Brazil,P1_high,45,human_review_items; record_inclusion_decisions; source_registry; source_identity_assessments,source identity review - review_source_credibility_src_search_5fd7d33501e8 - Ministério da Saúde divulga novos dados da dengue e demais a...,Ministério da Saúde divulga novos dados da dengue e demais arboviroses - APM,https://www.apm.org.br/ministerio-da-saude-divulga-novos-dados-da-dengue-e-demais-arboviroses,Open source identity assessments and source registry metadata.,"Who is the actual publisher, and is it independent of other evidence?",src_search_5fd7d33501e8,source,Publisher or source identity uncertainty can affect source independence and credibility.
,approve_source_role; override_source_role; exclude_source; mark_source_needs_review,2024-01-01-2024-03-31,Dengue,,source_identity_review,source_credibility,Brazil,P1_high,46,human_review_items; record_inclusion_decisions; source_registry; source_identity_assessments,source identity review - review_source_credibility_src_search_9056ec86ef3d - [PDF] Boletim Epidemiológico,[PDF] Boletim Epidemiológico,http://plataforma.saude.gov.br/anomalias-congenitas/boletim-epidemiologico-SVSA-05-2024.pdf,Open source identity assessments and source registry metadata.,"Who is the actual publisher, and is it independent of other evidence?",src_search_9056ec86ef3d,source,Publisher or source identity uncertainty can affect source independence and credibility.
,approve_source_role; override_source_role; exclude_source; mark_source_needs_review,2024-01-01-2024-03-31,Dengue,,source_identity_review,source_credibility,Brazil,P1_high,47,human_review_items; record_inclusion_decisions; source_registry; source_identity_assessments,source identity review - review_source_credibility_src_search_9baddae323c5 - [PDF] Boletim Epidemiológico - Secretaria de Saúde do Distri...,[PDF] Boletim Epidemiológico - Secretaria de Saúde do Distrito Federal,https://saude.df.gov.br/documents/37101/0/52_BOLETIM_SEMANAL_DENGUE_SE_52+DF+2024.pdf/93054779-dc46-bacf-24d2-39da8c85ecc7?t=1736196099692,Open source identity assessments and source registry metadata.,"Who is the actual publisher, and is it independent of other evidence?",src_search_9baddae323c5,source,Publisher or source identity uncertainty can affect source independence and credibility.
,approve_source_role; override_source_role; exclude_source; mark_source_needs_review,2024-01-01-2024-03-31,Dengue,,source_identity_review,source_credibility,Brazil,P1_high,48,human_review_items; record_inclusion_decisions; source_registry; source_identity_assessments,"source identity review - review_source_credibility_src_search_9f1bffa1139f - Casos de dengue em 2024 passam de 6,4 milhões; mortes somam...","Casos de dengue em 2024 passam de 6,4 milhões; mortes somam 5,9 mil | Agência Brasil",https://agenciabrasil.ebc.com.br/saude/noticia/2025-01/casos-de-dengue-em-2024-passam-de-64-milhoes-mortes-somam-59-mil,Open source identity assessments and source registry metadata.,"Who is the actual publisher, and is it independent of other evidence?",src_search_9f1bffa1139f,source,Publisher or source identity uncertainty can affect source independence and credibility.
,accept_as_is; correct_fields; reject_record; mark_requires_review; mark_review_resolved; mark_non_countable; mark_countable; mark_duplicate; mark_not_duplicate; needs_more_evidence; defer_decision,2024-03-31,Dengue,"![](https://www.apm.org.br/wp-content/uploads/logo-apm-95-anos.png) ##### Pesquisa # Ministério da Saúde divulga novos dados da dengue e demais arboviroses Boletim Epidemiológico demonstra que impactos do El Niño contribuíram para alta no número de casos ![](https://www.apm.org.br/wp-content/uploads/aedes-3.jpg) A nova publicação do [Boletim Epidemiológico](https://www.gov.br/saude/pt-br/centrais-de-conteudo/publicacoes/boletins/epidemiologicos/edicoes/2024/boletim-epidemiologico-volume-55-no-11.pdf/view) da Secretaria de Vigilância em Saúde e Ambiente – órgão parte do Ministério da Saúde – traz informações sobre os casos de dengue, Chikungunya e Zika registrados entre 2023 e 2024. Segundo o documento, os impactos climáticos ocasionados pelo El Niño contribuíram para o aumento no número...",outside_scope_review,record_linking,Brazil,P1_high,49,human_review_items; record_inclusion_decisions; quarantined_records; context_records; final_case_dataset,outside scope review - review_linking_event_005 - Ministério da Saúde divulga novos dados da dengue e demais arboviroses - APM,Ministério da Saúde divulga novos dados da dengue e demais arboviroses - APM,https://www.apm.org.br/ministerio-da-saude-divulga-novos-dados-da-dengue-e-demais-arboviroses,Inspect the evidence quote and record inclusion decision.,Does the evidence actually match the requested scope?,rec_src_search_5fd7d33501e8_001,record,"The item may be outside the requested disease, location, or time window."
,accept_as_is; correct_fields; reject_record; mark_requires_review; mark_review_resolved; mark_non_countable; mark_countable; mark_duplicate; mark_not_duplicate; needs_more_evidence; defer_decision,2024-03-31,Dengue,"![](https://www.apm.org.br/wp-content/uploads/logo-apm-95-anos.png) ##### Pesquisa # Ministério da Saúde divulga novos dados da dengue e demais arboviroses Boletim Epidemiológico demonstra que impactos do El Niño contribuíram para alta no número de casos ![](https://www.apm.org.br/wp-content/uploads/aedes-3.jpg) A nova publicação do [Boletim Epidemiológico](https://www.gov.br/saude/pt-br/centrais-de-conteudo/publicacoes/boletins/epidemiologicos/edicoes/2024/boletim-epidemiologico-volume-55-no-11.pdf/view) da Secretaria de Vigilância em Saúde e Ambiente – órgão parte do Ministério da Saúde – traz informações sobre os casos de dengue, Chikungunya e Zika registrados entre 2023 e 2024. Segundo o documento, os impactos climáticos ocasionados pelo El Niño contribuíram para o aumento no número...",outside_scope_review,record_normalization,Brazil,P1_high,50,human_review_items; record_inclusion_decisions; quarantined_records; context_records; final_case_dataset,outside scope review - review_normalization_rec_src_search_5fd7d33501e8_001 - Ministério da Saúde divulga novos dados da dengue e demais...,Ministério da Saúde divulga novos dados da dengue e demais arboviroses - APM,https://www.apm.org.br/ministerio-da-saude-divulga-novos-dados-da-dengue-e-demais-arboviroses,Inspect the evidence quote and record inclusion decision.,Does the evidence actually match the requested scope?,rec_src_search_5fd7d33501e8_001,record,"The item may be outside the requested disease, location, or time window."
,accept_validation_result; mark_validation_result_not_applicable; confirm_conflict; resolve_conflict_as_left; resolve_conflict_as_right; mark_needs_more_evidence; override_validation_status,2024-03-31,Dengue,"![Health Policy Watch](https://i0.wp.com/healthpolicy-watch.news/wp-content/uploads/2020/08/HPW-Logo-Full.png?fit=1099%2C206&ssl=1) ![](https://healthpolicy-watch.news/wp-content/themes/hpw2018/images/header-twitter.svg) ![](https://healthpolicy-watch.news/wp-content/themes/hpw2018/images/header-facebook.svg) ![](https://healthpolicy-watch.news/wp-content/themes/hpw2018/images/header-twitter.svg) ![](https://healthpolicy-watch.news/wp-content/themes/hpw2018/images/header-facebook.svg) ### Share this: ![Checking for standing water](https://healthpolicy-watch.news/wp-content/uploads/2024/02/Dengue-PAHO-1024x683.webp) In 2023, the Americas saw the highest recorded number of dengue cases of all time, with a total of 4,565,911 cases and 2,340 deaths, said the Pan American Health Organization...",missing_required_fields_review,record_schema_validation,Brazil,P1_high,51,human_review_items; record_inclusion_decisions; validation_results; validation_source_compatibility_summary,missing required fields review - review_record_rec_src_search_df7c57966665_002 - Brazil Tries New Vaccine As 'Exponential' Rise In Dengue...,Brazil Tries New Vaccine As 'Exponential' Rise In Dengue Cases Plagues The Americas - Health Policy Watch,https://healthpolicy-watch.news/brazil-tries-new-vaccine-as-exponential-rise-in-dengue-cases-plagues-the-americas,Inspect the linked artifacts and only then edit a decision file if needed.,"What decision, if any, should a human reviewer record?",rec_src_search_df7c57966665_002,validation_result,This review item requires human inspection before it should affect downstream interpretation.
,accept_validation_result; mark_validation_result_not_applicable; confirm_conflict; resolve_conflict_as_left; resolve_conflict_as_right; mark_needs_more_evidence; override_validation_status,2024-03-31,Dengue,"![Health Policy Watch](https://i0.wp.com/healthpolicy-watch.news/wp-content/uploads/2020/08/HPW-Logo-Full.png?fit=1099%2C206&ssl=1) ![](https://healthpolicy-watch.news/wp-content/themes/hpw2018/images/header-twitter.svg) ![](https://healthpolicy-watch.news/wp-content/themes/hpw2018/images/header-facebook.svg) ![](https://healthpolicy-watch.news/wp-content/themes/hpw2018/images/header-twitter.svg) ![](https://healthpolicy-watch.news/wp-content/themes/hpw2018/images/header-facebook.svg) ### Share this: ![Checking for standing water](https://healthpolicy-watch.news/wp-content/uploads/2024/02/Dengue-PAHO-1024x683.webp) In 2023, the Americas saw the highest recorded number of dengue cases of all time, with a total of 4,565,911 cases and 2,340 deaths, said the Pan American Health Organization...",missing_required_fields_review,record_schema_validation,Brazil,P1_high,52,human_review_items; record_inclusion_decisions; validation_results; validation_source_compatibility_summary,missing required fields review - review_record_rec_src_search_df7c57966665_003 - Brazil Tries New Vaccine As 'Exponential' Rise In Dengue...,Brazil Tries New Vaccine As 'Exponential' Rise In Dengue Cases Plagues The Americas - Health Policy Watch,https://healthpolicy-watch.news/brazil-tries-new-vaccine-as-exponential-rise-in-dengue-cases-plagues-the-americas,Inspect the linked artifacts and only then edit a decision file if needed.,"What decision, if any, should a human reviewer record?",rec_src_search_df7c57966665_003,validation_result,This review item requires human inspection before it should affect downstream interpretation.
,accept_validation_result; mark_validation_result_not_applicable; confirm_conflict; resolve_conflict_as_left; resolve_conflict_as_right; mark_needs_more_evidence; override_validation_status,2024-03-31,Dengue,"![](https://www.apm.org.br/wp-content/uploads/logo-apm-95-anos.png) ##### Pesquisa # Ministério da Saúde divulga novos dados da dengue e demais arboviroses Boletim Epidemiológico demonstra que impactos do El Niño contribuíram para alta no número de casos ![](https://www.apm.org.br/wp-content/uploads/aedes-3.jpg) A nova publicação do [Boletim Epidemiológico](https://www.gov.br/saude/pt-br/centrais-de-conteudo/publicacoes/boletins/epidemiologicos/edicoes/2024/boletim-epidemiologico-volume-55-no-11.pdf/view) da Secretaria de Vigilância em Saúde e Ambiente – órgão parte do Ministério da Saúde – traz informações sobre os casos de dengue, Chikungunya e Zika registrados entre 2023 e 2024. Segundo o documento, os impactos climáticos ocasionados pelo El Niño contribuíram para o aumento no número...",outside_scope_review,validation_scope_issue,Brazil,P1_high,53,human_review_items; record_inclusion_decisions; validation_results; validation_source_compatibility_summary,outside scope review - review_validation_val_result_003 - Ministério da Saúde divulga novos dados da dengue e demais arboviroses - APM,Ministério da Saúde divulga novos dados da dengue e demais arboviroses - APM,https://www.apm.org.br/ministerio-da-saude-divulga-novos-dados-da-dengue-e-demais-arboviroses,Inspect the evidence quote and record inclusion decision.,Does the evidence actually match the requested scope?,rec_src_search_5fd7d33501e8_001; val_result_003,validation_result,"The item may be outside the requested disease, location, or time window."
,accept_validation_result; mark_validation_result_not_applicable; confirm_conflict; resolve_conflict_as_left; resolve_conflict_as_right; mark_needs_more_evidence; override_validation_status,2024-03-31,Dengue,"INFORME EPIDEMIOLÓGICO DENGUE, CHIKUNGUNYA E ZIKA NÚCLEO HOSPITALAR DE EPIDEMIOLOGIA/HNSC-HCC 1 INTRODUÇÃO A Dengue, Chikungunya e Zika são arboviroses urbanas transmitidas pelo mosquito Aedes aegypti. A dengue é a arbovirose com maior relevância pela possibilidade de causar surtos, podendo acometer muitos indivíduos e criar uma grande demanda de atendimentos nos serviços de saúde. No Rio Grande do Sul até 03/07/2025 foram notificados 117.678 casos suspeitos de dengue, 35.143 foram confirmados (28.905 autóctones, 27.511 em investigação). Houve 44 óbitos por dengue no estado. Em Porto Alegre, até a semana epidemiológica 26 (29/12/2024 a 28/06/2025), foram notificados 54.473 casos suspeitos de dengue, 15.999 foram confirmados. Houve 20 óbitos por dengue. DEFINIÇÃO DE CASO DENGUE Indivíduo...",outside_scope_review,validation_scope_issue,Rio Grande do Sul,P1_high,54,human_review_items; record_inclusion_decisions; validation_results; validation_source_compatibility_summary,"outside scope review - review_validation_val_result_010 - [PDF] Informe Epidemiológico DENGUE, CHIKUNGUNYA E ZIKA - GHC","[PDF] Informe Epidemiológico DENGUE, CHIKUNGUNYA E ZIKA - GHC",https://www.ghc.com.br/files/DENGUE_SE26.pdf,Inspect the evidence quote and record inclusion decision.,Does the evidence actually match the requested scope?,rec_src_search_2eb1c67db46f_001; val_result_010,validation_result,"The item may be outside the requested disease, location, or time window."
,accept_validation_result; mark_validation_result_not_applicable; confirm_conflict; resolve_conflict_as_left; resolve_conflict_as_right; mark_needs_more_evidence; override_validation_status,2024-03-31,Dengue,"![](https://www.scielo.br/media/images/rsbmt_logo.png) # Open-access The greatest Dengue epidemic in Brazil: Surveillance, Prevention, and Control ![Open-access](https://ds.scielo.org/img/logo-open-access.svg) ## ABSTRACT In this review, we discuss dengue surveillance, prevention, and control measures in Brazil. Data on dengue epidemics between 2000 and 2024 indicates an increase in the number of dengue cases and deaths. Global climate change is a key driver of this growth. Over the past 25 years, nearly 18 million Brazilians have been infected with the dengue virus, and the highest number of dengue cases in Brazil's history is projected to reach 2024. Dengue mortality in Brazil increased geographically over time. As of June, there were approximately 6 million probable cases and 4,000 c...",outside_scope_review,validation_scope_issue,Brazil,P1_high,55,human_review_items; record_inclusion_decisions; validation_results; validation_source_compatibility_summary,"outside scope review - review_validation_val_result_018 - Brasil - The greatest Dengue epidemic in Brazil: Surveillance, Prevention, and...","Brasil - The greatest Dengue epidemic in Brazil: Surveillance, Prevention, and Control The greatest Dengue epidemic in Brazil: Surveillance, Prevention, and Control",https://www.scielo.br/j/rsbmt/a/gTT8ZZVR8g4Xx9xQPyp4GBz?format=html&lang=en,Inspect the evidence quote and record inclusion decision.,Does the evidence actually match the requested scope?,rec_src_search_6dae7aeadbda_003; val_result_018,validation_result,"The item may be outside the requested disease, location, or time window."
,accept_validation_result; mark_validation_result_not_applicable; confirm_conflict; resolve_conflict_as_left; resolve_conflict_as_right; mark_needs_more_evidence; override_validation_status,2024-03-31,Dengue,"![](https://www.apm.org.br/wp-content/uploads/logo-apm-95-anos.png) ##### Pesquisa # Ministério da Saúde divulga novos dados da dengue e demais arboviroses Boletim Epidemiológico demonstra que impactos do El Niño contribuíram para alta no número de casos ![](https://www.apm.org.br/wp-content/uploads/aedes-3.jpg) A nova publicação do [Boletim Epidemiológico](https://www.gov.br/saude/pt-br/centrais-de-conteudo/publicacoes/boletins/epidemiologicos/edicoes/2024/boletim-epidemiologico-volume-55-no-11.pdf/view) da Secretaria de Vigilância em Saúde e Ambiente – órgão parte do Ministério da Saúde – traz informações sobre os casos de dengue, Chikungunya e Zika registrados entre 2023 e 2024. Segundo o documento, os impactos climáticos ocasionados pelo El Niño contribuíram para o aumento no número...",missing_required_fields_review,record_schema_validation,Brazil,P2_medium,56,human_review_items; record_inclusion_decisions; validation_results; validation_source_compatibility_summary,missing required fields review - review_record_rec_src_search_5fd7d33501e8_001 - Ministério da Saúde divulga novos dados da dengue e dema...,Ministério da Saúde divulga novos dados da dengue e demais arboviroses - APM,https://www.apm.org.br/ministerio-da-saude-divulga-novos-dados-da-dengue-e-demais-arboviroses,Inspect the linked artifacts and only then edit a decision file if needed.,"What decision, if any, should a human reviewer record?",rec_src_search_5fd7d33501e8_001,validation_result,This review item requires human inspection before it should affect downstream interpretation.
Pan American Health Organization,approve_source_role; override_source_role; exclude_source; mark_source_needs_review,2024-01-01-2024-03-31,Dengue,"Task-relevant source text appeared to contain core epidemiology metric signals, but extraction produced no structured records.",general_review,core_metric_extraction_gap,Brazil,P3_low,57,human_review_items; record_inclusion_decisions; source_registry; source_identity_assessments,general review - review_core_metric_gap_src_search_29507a107a69 - Epidemiological Alert - Increase in dengue cases in the Region of ...,Epidemiological Alert - Increase in dengue cases in the Region of ...,https://www.paho.org/en/documents/epidemiological-alert-increase-dengue-cases-region-americas-16-february-2024,review_source_for_core_metric_extraction,"What decision, if any, should a human reviewer record?",src_search_29507a107a69,source,This review item requires human inspection before it should affect downstream interpretation.
,approve_source_role; override_source_role; exclude_source; mark_source_needs_review,2024-01-01-2024-03-31,Dengue,"Task-relevant source text appeared to contain core epidemiology metric signals, but extraction produced no structured records.",general_review,core_metric_extraction_gap,Brazil,P3_low,58,human_review_items; record_inclusion_decisions; source_registry; source_identity_assessments,general review - review_core_metric_gap_src_search_4520d2861241 - [PDF] 2024 - Boletim Epidemiológico,[PDF] 2024 - Boletim Epidemiológico,https://www.gov.br/saude/pt-br/centrais-de-conteudo/publicacoes/boletins/epidemiologicos/edicoes/2024/boletim-epidemiologico-volume-55-no-11.pdf,review_source_for_core_metric_extraction,"What decision, if any, should a human reviewer record?",src_search_4520d2861241,source,This review item requires human inspection before it should affect downstream interpretation.
,approve_source_role; override_source_role; exclude_source; mark_source_needs_review,2024-01-01-2024-03-31,Dengue,"Task-relevant source text appeared to contain core epidemiology metric signals, but extraction produced no structured records.",general_review,core_metric_extraction_gap,Brazil,P3_low,59,human_review_items; record_inclusion_decisions; source_registry; source_identity_assessments,"general review - review_core_metric_gap_src_search_4680c60f7257 - Dengue, Brazil - BEACON","Dengue, Brazil - BEACON",https://beaconbio.org/en/event?eventid=4a4130b0-6a6c-4f10-9859-e2297a985d27,review_source_for_core_metric_extraction,"What decision, if any, should a human reviewer record?",src_search_4680c60f7257,source,This review item requires human inspection before it should affect downstream interpretation.
Pan American Health Organization,approve_source_role; override_source_role; exclude_source; mark_source_needs_review,2024-01-01-2024-03-31,Dengue,"Task-relevant source text appeared to contain core epidemiology metric signals, but extraction produced no structured records.",general_review,core_metric_extraction_gap,Brazil,P3_low,60,human_review_items; record_inclusion_decisions; source_registry; source_identity_assessments,general review - review_core_metric_gap_src_search_60f9228c083d - Dengue Multi-Country Outbreak - PAHO/WHO | Pan American Health Organiza...,Dengue Multi-Country Outbreak - PAHO/WHO | Pan American Health Organization,https://www.paho.org/en/topics/dengue/dengue-multi-country-grade-3-outbreak,review_source_for_core_metric_extraction,"What decision, if any, should a human reviewer record?",src_search_60f9228c083d,source,This review item requires human inspection before it should affect downstream interpretation.
Pan American Health Organization,approve_source_role; override_source_role; exclude_source; mark_source_needs_review,2024-01-01-2024-03-31,Dengue,"Task-relevant source text appeared to contain core epidemiology metric signals, but extraction produced no structured records.",general_review,core_metric_extraction_gap,Brazil,P3_low,61,human_review_items; record_inclusion_decisions; source_registry; source_identity_assessments,general review - review_core_metric_gap_src_search_c19140f0ec24 - PAHO calls for collective action in response to record increase in deng...,PAHO calls for collective action in response to record increase in dengue cases in the Americas - PAHO/WHO | Pan American Health Organization,https://www.paho.org/en/news/28-3-2024-paho-calls-collective-action-response-record-increase-dengue-cases-americas,review_source_for_core_metric_extraction,"What decision, if any, should a human reviewer record?",src_search_c19140f0ec24,source,This review item requires human inspection before it should affect downstream interpretation.
,approve_source_role; override_source_role; exclude_source; mark_source_needs_review,2024-01-01-2024-03-31,Dengue,"Task-relevant source text appeared to contain core epidemiology metric signals, but extraction produced no structured records.",general_review,core_metric_extraction_gap,Brazil,P3_low,62,human_review_items; record_inclusion_decisions; source_registry; source_identity_assessments,"general review - review_core_metric_gap_src_search_d67b1bd84e67 - PAHO updates dengue situation in the Americas, recommends strengthened...","PAHO updates dengue situation in the Americas, recommends strengthened surveillance and health system preparedness",https://firstwordpharma.com/story/7112506,review_source_for_core_metric_extraction,"What decision, if any, should a human reviewer record?",src_search_d67b1bd84e67,source,This review item requires human inspection before it should affect downstream interpretation.
World Health Organization,approve_source_role; override_source_role; exclude_source; mark_source_needs_review,2024-01-01-2024-03-31,Dengue,"Task-relevant source text appeared to contain core epidemiology metric signals, but extraction produced no structured records.",general_review,core_metric_extraction_gap,Brazil,P3_low,63,human_review_items; record_inclusion_decisions; source_registry; source_identity_assessments,general review - review_core_metric_gap_src_search_e6a611dc2382 - Epidemiological Alert - Increase in dengue cases in the Americas Region...,Epidemiological Alert - Increase in dengue cases in the Americas Region - 7 October 2024 - Brazil | ReliefWeb,https://reliefweb.int/report/brazil/epidemiological-alert-increase-dengue-cases-americas-region-7-october-2024,review_source_for_core_metric_extraction,"What decision, if any, should a human reviewer record?",src_search_e6a611dc2382,source,This review item requires human inspection before it should affect downstream interpretation.
Pan American Health Organization,approve_source_role; override_source_role; exclude_source; mark_source_needs_review,2024-01-01-2024-03-31,Dengue,"Task-relevant source text appeared to contain core epidemiology metric signals, but extraction produced no structured records.",general_review,core_metric_extraction_gap,Brazil,P3_low,64,human_review_items; record_inclusion_decisions; source_registry; source_identity_assessments,general review - review_core_metric_gap_src_search_f4f555107be5 - Epidemiological Update - Increase in dengue cases in the Region of ...,Epidemiological Update - Increase in dengue cases in the Region of ...,https://www.paho.org/en/documents/epidemiological-update-increase-dengue-cases-region-americas-29-march-2024,review_source_for_core_metric_extraction,"What decision, if any, should a human reviewer record?",src_search_f4f555107be5,source,This review item requires human inspection before it should affect downstream interpretation.
,approve_source_role; override_source_role; exclude_source; mark_source_needs_review,2024-01-01-2024-03-31,Dengue,,general_review,source_screening,Brazil,P3_low,65,human_review_items; record_inclusion_decisions; source_registry; source_identity_assessments,"general review - review_source_src_search_042037d6ca22 - Boletim Epidemiológico – Dengue, Chikungunya E Zika | Secretaria De Estado De Sa...","Boletim Epidemiológico – Dengue, Chikungunya E Zika | Secretaria De Estado De Saúde De Minas Gerais",https://www.saude.mg.gov.br/categoria/documentos/boletim-epidemiologico-dengue-chikungunya-e-zika,Inspect the linked artifacts and only then edit a decision file if needed.,"What decision, if any, should a human reviewer record?",src_search_042037d6ca22,source,This review item requires human inspection before it should affect downstream interpretation.
,approve_source_role; override_source_role; exclude_source; mark_source_needs_review,2024-01-01-2024-03-31,Dengue,,general_review,source_screening,Brazil,P3_low,66,human_review_items; record_inclusion_decisions; source_registry; source_identity_assessments,general review - review_source_src_search_066d8ce49c2c - Boletins da Dengue | Paraná contra a Dengue: Mude sua atitude,Boletins da Dengue | Paraná contra a Dengue: Mude sua atitude,https://www.dengue.pr.gov.br/Pagina/Boletins-da-Dengue,Inspect the linked artifacts and only then edit a decision file if needed.,"What decision, if any, should a human reviewer record?",src_search_066d8ce49c2c,source,This review item requires human inspection before it should affect downstream interpretation.
,approve_source_role; override_source_role; exclude_source; mark_source_needs_review,2024-01-01-2024-03-31,Dengue,,general_review,source_screening,Brazil,P3_low,67,human_review_items; record_inclusion_decisions; source_registry; source_identity_assessments,general review - review_source_src_search_17249087cee3 - Boletim epidemiológico - Ecologia e Saúde,Boletim epidemiológico - Ecologia e Saúde,https://www.ecologiaesaude.com/bolet%C3%ADm-epidemiol%C3%B3gico,Inspect the linked artifacts and only then edit a decision file if needed.,"What decision, if any, should a human reviewer record?",src_search_17249087cee3,source,This review item requires human inspection before it should affect downstream interpretation.
,approve_source_role; override_source_role; exclude_source; mark_source_needs_review,2024-01-01-2024-03-31,Dengue,,general_review,source_screening,Brazil,P3_low,68,human_review_items; record_inclusion_decisions; source_registry; source_identity_assessments,general review - review_source_src_search_1dbf2c45d0a6 - Brazil in state of emergency due to dengue fever: 1 million cases so ...,Brazil in state of emergency due to dengue fever: 1 million cases so ...,https://www.npr.org/sections/goatsandsoda/2024/03/04/1235795657/dengue-brazil-state-of-emergency-vaccine,Inspect the linked artifacts and only then edit a decision file if needed.,"What decision, if any, should a human reviewer record?",src_search_1dbf2c45d0a6,source,This review item requires human inspection before it should affect downstream interpretation.
,approve_source_role; override_source_role; exclude_source; mark_source_needs_review,2024-01-01-2024-03-31,Dengue,,general_review,source_screening,Brazil,P3_low,69,human_review_items; record_inclusion_decisions; source_registry; source_identity_assessments,general review - review_source_src_search_1e36efa321f9 - Dengue cases in Brazil drop by more than 70% in 2025 - BEACON,Dengue cases in Brazil drop by more than 70% in 2025 - BEACON,https://beaconbio.org/en/report?reportid=0db187f9-42b7-40ad-9530-7e094289df17&eventid=4a4130b0-6a6c-4f10-9859-e2297a985d27,Inspect the linked artifacts and only then edit a decision file if needed.,"What decision, if any, should a human reviewer record?",src_search_1e36efa321f9,source,This review item requires human inspection before it should affect downstream interpretation.
,approve_source_role; override_source_role; exclude_source; mark_source_needs_review,2024-01-01-2024-03-31,Dengue,,general_review,source_screening,Brazil,P3_low,70,human_review_items; record_inclusion_decisions; source_registry; source_identity_assessments,general review - review_source_src_search_1e3a74a1fa2c - [PDF] INDICADORES DE DENGUE (2024) Nº DE CASOS PROVÁVEIS DE ...,[PDF] INDICADORES DE DENGUE (2024) Nº DE CASOS PROVÁVEIS DE ...,https://sindag.org.br/site-antigo/wp-content/uploads/2024/02/COE-Dengue-Informe-01-LEd_.pdf,Inspect the linked artifacts and only then edit a decision file if needed.,"What decision, if any, should a human reviewer record?",src_search_1e3a74a1fa2c,source,This review item requires human inspection before it should affect downstream interpretation.
,approve_source_role; override_source_role; exclude_source; mark_source_needs_review,2024-01-01-2024-03-31,Dengue,,general_review,source_screening,Brazil,P3_low,71,human_review_items; record_inclusion_decisions; source_registry; source_identity_assessments,general review - review_source_src_search_2c14c05742aa - Painel de indicadores da Dengue - Rio de Janeiro,Painel de indicadores da Dengue - Rio de Janeiro,https://sistemas.saude.rj.gov.br/tabnetbd/dash/dash_dengue.htm,Inspect the linked artifacts and only then edit a decision file if needed.,"What decision, if any, should a human reviewer record?",src_search_2c14c05742aa,source,This review item requires human inspection before it should affect downstream interpretation.
,approve_source_role; override_source_role; exclude_source; mark_source_needs_review,2024-01-01-2024-03-31,Dengue,,general_review,source_screening,Brazil,P3_low,72,human_review_items; record_inclusion_decisions; source_registry; source_identity_assessments,general review - review_source_src_search_2e8e30169e0b - Dengue outbreak in Brazil prompting emergency health measures,Dengue outbreak in Brazil prompting emergency health measures,https://www.youtube.com/watch?v=V3_rv56QgQw,Inspect the linked artifacts and only then edit a decision file if needed.,"What decision, if any, should a human reviewer record?",src_search_2e8e30169e0b,source,This review item requires human inspection before it should affect downstream interpretation.
,approve_source_role; override_source_role; exclude_source; mark_source_needs_review,2024-01-01-2024-03-31,Dengue,,general_review,source_screening,Brazil,P3_low,73,human_review_items; record_inclusion_decisions; source_registry; source_identity_assessments,"general review - review_source_src_search_2eb1c67db46f - [PDF] Informe Epidemiológico DENGUE, CHIKUNGUNYA E ZIKA - GHC","[PDF] Informe Epidemiológico DENGUE, CHIKUNGUNYA E ZIKA - GHC",https://www.ghc.com.br/files/DENGUE_SE26.pdf,Inspect the linked artifacts and only then edit a decision file if needed.,"What decision, if any, should a human reviewer record?",src_search_2eb1c67db46f,source,This review item requires human inspection before it should affect downstream interpretation.
,approve_source_role; override_source_role; exclude_source; mark_source_needs_review,2024-01-01-2024-03-31,Dengue,,general_review,source_screening,Brazil,P3_low,74,human_review_items; record_inclusion_decisions; source_registry; source_identity_assessments,general review - review_source_src_search_387675deae44 - Indicadores de Dengue Brasil 2024: Informe SE 06 | PDF - Scribd,Indicadores de Dengue Brasil 2024: Informe SE 06 | PDF - Scribd,https://pt.scribd.com/document/731861634/Informe-Semanal-n%C2%BA-06-COE,Inspect the linked artifacts and only then edit a decision file if needed.,"What decision, if any, should a human reviewer record?",src_search_387675deae44,source,This review item requires human inspection before it should affect downstream interpretation.
,approve_source_role; override_source_role; exclude_source; mark_source_needs_review,2024-01-01-2024-03-31,Dengue,,general_review,source_screening,Brazil,P3_low,75,human_review_items; record_inclusion_decisions; source_registry; source_identity_assessments,general review - review_source_src_search_3ab93461f77b - 2024 dengue outbreak in Latin America and the Caribbean,2024 dengue outbreak in Latin America and the Caribbean,https://en.wikipedia.org/wiki/2024_dengue_outbreak_in_Latin_America_and_the_Caribbean,Inspect the linked artifacts and only then edit a decision file if needed.,"What decision, if any, should a human reviewer record?",src_search_3ab93461f77b,source,This review item requires human inspection before it should affect downstream interpretation.
,approve_source_role; override_source_role; exclude_source; mark_source_needs_review,2024-01-01-2024-03-31,Dengue,,general_review,source_screening,Brazil,P3_low,76,human_review_items; record_inclusion_decisions; source_registry; source_identity_assessments,general review - review_source_src_search_4520d2861241 - [PDF] 2024 - Boletim Epidemiológico,[PDF] 2024 - Boletim Epidemiológico,https://www.gov.br/saude/pt-br/centrais-de-conteudo/publicacoes/boletins/epidemiologicos/edicoes/2024/boletim-epidemiologico-volume-55-no-11.pdf,Inspect the linked artifacts and only then edit a decision file if needed.,"What decision, if any, should a human reviewer record?",src_search_4520d2861241,source,This review item requires human inspection before it should affect downstream interpretation.
,approve_source_role; override_source_role; exclude_source; mark_source_needs_review,2024-01-01-2024-03-31,Dengue,,general_review,source_screening,Brazil,P3_low,77,human_review_items; record_inclusion_decisions; source_registry; source_identity_assessments,general review - review_source_src_search_4e6c9d96071d - Análise epidemiológica da Dengue no Brasil: uma série histórica 10 ...,Análise epidemiológica da Dengue no Brasil: uma série histórica 10 ...,https://journalmbr.com.br/index.php/jmbr/article/view/427,Inspect the linked artifacts and only then edit a decision file if needed.,"What decision, if any, should a human reviewer record?",src_search_4e6c9d96071d,source,This review item requires human inspection before it should affect downstream interpretation.
,approve_source_role; override_source_role; exclude_source; mark_source_needs_review,2024-01-01-2024-03-31,Dengue,,general_review,source_screening,Brazil,P3_low,78,human_review_items; record_inclusion_decisions; source_registry; source_identity_assessments,general review - review_source_src_search_52123c6cbbdd - Brazil 2024 Record-Breaking Dengue Outbreak | Dengue.com,Brazil 2024 Record-Breaking Dengue Outbreak | Dengue.com,https://www.dengue.com/Dengue-outbreak-in-Brazil-2024,Inspect the linked artifacts and only then edit a decision file if needed.,"What decision, if any, should a human reviewer record?",src_search_52123c6cbbdd,source,This review item requires human inspection before it should affect downstream interpretation.
,approve_source_role; override_source_role; exclude_source; mark_source_needs_review,2024-01-01-2024-03-31,Dengue,,general_review,source_screening,Brazil,P3_low,79,human_review_items; record_inclusion_decisions; source_registry; source_identity_assessments,general review - review_source_src_search_5fd7d33501e8 - Ministério da Saúde divulga novos dados da dengue e demais arboviroses - APM,Ministério da Saúde divulga novos dados da dengue e demais arboviroses - APM,https://www.apm.org.br/ministerio-da-saude-divulga-novos-dados-da-dengue-e-demais-arboviroses,Inspect the linked artifacts and only then edit a decision file if needed.,"What decision, if any, should a human reviewer record?",src_search_5fd7d33501e8,source,This review item requires human inspection before it should affect downstream interpretation.
,approve_source_role; override_source_role; exclude_source; mark_source_needs_review,2024-01-01-2024-03-31,Dengue,,general_review,source_screening,Brazil,P3_low,80,human_review_items; record_inclusion_decisions; source_registry; source_identity_assessments,general review - review_source_src_search_7e0b0805f573 - Dengue outbreaks in Brazil and Latin America,Dengue outbreaks in Brazil and Latin America,https://www.ijidonline.com/article/S1201-9712(24)00263-7/fulltext,Inspect the linked artifacts and only then edit a decision file if needed.,"What decision, if any, should a human reviewer record?",src_search_7e0b0805f573,source,This review item requires human inspection before it should affect downstream interpretation.
,approve_source_role; override_source_role; exclude_source; mark_source_needs_review,2024-01-01-2024-03-31,Dengue,,general_review,source_screening,Brazil,P3_low,81,human_review_items; record_inclusion_decisions; source_registry; source_identity_assessments,general review - review_source_src_search_87a1569617ed - Brazil|World Mosquito Program,Brazil|World Mosquito Program,https://www.worldmosquitoprogram.org/en/global-progress/brazil,Inspect the linked artifacts and only then edit a decision file if needed.,"What decision, if any, should a human reviewer record?",src_search_87a1569617ed,source,This review item requires human inspection before it should affect downstream interpretation.
,approve_source_role; override_source_role; exclude_source; mark_source_needs_review,2024-01-01-2024-03-31,Dengue,,general_review,source_screening,Brazil,P3_low,82,human_review_items; record_inclusion_decisions; source_registry; source_identity_assessments,general review - review_source_src_search_9056ec86ef3d - [PDF] Boletim Epidemiológico,[PDF] Boletim Epidemiológico,http://plataforma.saude.gov.br/anomalias-congenitas/boletim-epidemiologico-SVSA-05-2024.pdf,Inspect the linked artifacts and only then edit a decision file if needed.,"What decision, if any, should a human reviewer record?",src_search_9056ec86ef3d,source,This review item requires human inspection before it should affect downstream interpretation.
,approve_source_role; override_source_role; exclude_source; mark_source_needs_review,2024-01-01-2024-03-31,Dengue,,general_review,source_screening,Brazil,P3_low,83,human_review_items; record_inclusion_decisions; source_registry; source_identity_assessments,general review - review_source_src_search_9baddae323c5 - [PDF] Boletim Epidemiológico - Secretaria de Saúde do Distrito Federal,[PDF] Boletim Epidemiológico - Secretaria de Saúde do Distrito Federal,https://saude.df.gov.br/documents/37101/0/52_BOLETIM_SEMANAL_DENGUE_SE_52+DF+2024.pdf/93054779-dc46-bacf-24d2-39da8c85ecc7?t=1736196099692,Inspect the linked artifacts and only then edit a decision file if needed.,"What decision, if any, should a human reviewer record?",src_search_9baddae323c5,source,This review item requires human inspection before it should affect downstream interpretation.
,approve_source_role; override_source_role; exclude_source; mark_source_needs_review,2024-01-01-2024-03-31,Dengue,,general_review,source_screening,Brazil,P3_low,84,human_review_items; record_inclusion_decisions; source_registry; source_identity_assessments,"general review - review_source_src_search_9f1bffa1139f - Casos de dengue em 2024 passam de 6,4 milhões; mortes somam 5,9 mil | Agência Br...","Casos de dengue em 2024 passam de 6,4 milhões; mortes somam 5,9 mil | Agência Brasil",https://agenciabrasil.ebc.com.br/saude/noticia/2025-01/casos-de-dengue-em-2024-passam-de-64-milhoes-mortes-somam-59-mil,Inspect the linked artifacts and only then edit a decision file if needed.,"What decision, if any, should a human reviewer record?",src_search_9f1bffa1139f,source,This review item requires human inspection before it should affect downstream interpretation.
,approve_source_role; override_source_role; exclude_source; mark_source_needs_review,2024-01-01-2024-03-31,Dengue,,general_review,source_screening,Brazil,P3_low,85,human_review_items; record_inclusion_decisions; source_registry; source_identity_assessments,"general review - review_source_src_search_aa046585f404 - Brazil records more than 5,600 deaths from dengue in 2024 - YouTube","Brazil records more than 5,600 deaths from dengue in 2024 - YouTube",https://www.youtube.com/watch?v=QS7DQCK31Ms,Inspect the linked artifacts and only then edit a decision file if needed.,"What decision, if any, should a human reviewer record?",src_search_aa046585f404,source,This review item requires human inspection before it should affect downstream interpretation.
,approve_source_role; override_source_role; exclude_source; mark_source_needs_review,2024-01-01-2024-03-31,Dengue,,general_review,source_screening,Brazil,P3_low,86,human_review_items; record_inclusion_decisions; source_registry; source_identity_assessments,general review - review_source_src_search_beb2acd883bf - Reported cases of dengue in Brazil from 2015 to 2024 - MedCrave online,Reported cases of dengue in Brazil from 2015 to 2024 - MedCrave online,https://medcraveonline.com/MOJPH/reported-cases-of-dengue-in-brazil-from-2015-to-2024.html,Inspect the linked artifacts and only then edit a decision file if needed.,"What decision, if any, should a human reviewer record?",src_search_beb2acd883bf,source,This review item requires human inspection before it should affect downstream interpretation.
,approve_source_role; override_source_role; exclude_source; mark_source_needs_review,2024-01-01-2024-03-31,Dengue,,general_review,source_screening,Brazil,P3_low,87,human_review_items; record_inclusion_decisions; source_registry; source_identity_assessments,general review - review_source_src_search_c543063343d0 - Brazil MOH: Dengue cases in 2024 - Outbreak News Today,Brazil MOH: Dengue cases in 2024 - Outbreak News Today,https://outbreaknewstoday.substack.com/p/brazil-moh-dengue-cases-in-2024,Inspect the linked artifacts and only then edit a decision file if needed.,"What decision, if any, should a human reviewer record?",src_search_c543063343d0,source,This review item requires human inspection before it should affect downstream interpretation.
,approve_source_role; override_source_role; exclude_source; mark_source_needs_review,2024-01-01-2024-03-31,Dengue,,general_review,source_screening,Brazil,P3_low,88,human_review_items; record_inclusion_decisions; source_registry; source_identity_assessments,"general review - review_source_src_search_da7ccbd13318 - Brazil Has a Dengue Emergency, Portending a Health Crisis for the Americas - The...","Brazil Has a Dengue Emergency, Portending a Health Crisis for the Americas - The New York Times",https://www.nytimes.com/2024/02/10/health/dengue-brazil-americas.html,Inspect the linked artifacts and only then edit a decision file if needed.,"What decision, if any, should a human reviewer record?",src_search_da7ccbd13318,source,This review item requires human inspection before it should affect downstream interpretation.
,approve_source_role; override_source_role; exclude_source; mark_source_needs_review,2024-01-01-2024-03-31,Dengue,,general_review,source_screening,Brazil,P3_low,89,human_review_items; record_inclusion_decisions; source_registry; source_identity_assessments,general review - review_source_src_search_f70e61906754 - Dengue state of emergency declared in 21 cities in São Paulo state,Dengue state of emergency declared in 21 cities in São Paulo state,https://outbreaknewstoday.substack.com/p/dengue-state-of-emergency-declared,Inspect the linked artifacts and only then edit a decision file if needed.,"What decision, if any, should a human reviewer record?",src_search_f70e61906754,source,This review item requires human inspection before it should affect downstream interpretation.
