edge_type,reason,source,source_type,target,target_type,warnings
fetched_as,document.source_id links to source,source:src_search_55a815a5dfd8,source,document:doc_001,document,
fetched_as,document.source_id links to source,source:src_search_f28b6af274cc,source,document:doc_002,document,
fetched_as,document.source_id links to source,source:src_search_9f1bffa1139f,source,document:doc_003,document,
fetched_as,document.source_id links to source,source:src_search_0cb54d17a3e3,source,document:doc_004,document,
fetched_as,document.source_id links to source,source:src_search_4e6c9d96071d,source,document:doc_005,document,
fetched_as,document.source_id links to source,source:src_search_8a863e6c52f9,source,document:doc_006,document,
fetched_as,document.source_id links to source,source:src_search_422eae6f4cb9,source,document:doc_007,document,
fetched_as,document.source_id links to source,source:src_search_042037d6ca22,source,document:doc_008,document,
fetched_as,document.source_id links to source,source:src_search_066d8ce49c2c,source,document:doc_009,document,
fetched_as,document.source_id links to source,source:src_search_5f398ee9785b,source,document:doc_010,document,
fetched_as,document.source_id links to source,source:src_search_4520d2861241,source,document:doc_011,document,
fetched_as,document.source_id links to source,source:src_search_f58afbf42419,source,document:doc_012,document,
fetched_as,document.source_id links to source,source:src_search_9c7738debb9e,source,document:doc_013,document,
fetched_as,document.source_id links to source,source:src_search_e6a611dc2382,source,document:doc_014,document,
fetched_as,document.source_id links to source,source:src_search_89d26cc955fb,source,document:doc_015,document,
fetched_as,document.source_id links to source,source:src_search_fe4e8f3af932,source,document:doc_016,document,
fetched_as,document.source_id links to source,source:src_search_c23afe16a48a,source,document:doc_017,document,
fetched_as,document.source_id links to source,source:src_search_f4f555107be5,source,document:doc_018,document,
fetched_as,document.source_id links to source,source:src_search_7ace0ccbb60e,source,document:doc_019,document,
fetched_as,document.source_id links to source,source:src_search_90b5fc59aef2,source,document:doc_020,document,
fetched_as,document.source_id links to source,source:src_search_5bd1cae37e40,source,document:doc_021,document,
fetched_as,document.source_id links to source,source:src_search_1a6203f794f1,source,document:doc_022,document,
fetched_as,document.source_id links to source,source:src_search_b6376a8d9edc,source,document:doc_023,document,
fetched_as,document.source_id links to source,source:src_search_fc7158cd447e,source,document:doc_024,document,
fetched_as,document.source_id links to source,source:src_search_5fd7d33501e8,source,document:doc_025,document,
fetched_as,document.source_id links to source,source:src_search_9baddae323c5,source,document:doc_026,document,
fetched_as,document.source_id links to source,source:src_search_271588896c48,source,document:doc_027,document,
fetched_as,document.source_id links to source,source:src_search_8deb58866e68,source,document:doc_028,document,
fetched_as,document.source_id links to source,source:src_search_619f95867581,source,document:doc_029,document,
fetched_as,document.source_id links to source,source:src_search_52123c6cbbdd,source,document:doc_030,document,
fetched_as,document.source_id links to source,source:src_search_beb2acd883bf,source,document:doc_031,document,
fetched_as,document.source_id links to source,source:src_search_2e96f00ec58d,source,document:doc_032,document,
fetched_as,document.source_id links to source,source:src_search_1e36efa321f9,source,document:doc_033,document,
fetched_as,document.source_id links to source,source:src_search_1e7b9bff1f18,source,document:doc_034,document,
fetched_as,document.source_id links to source,source:src_search_c543063343d0,source,document:doc_035,document,
fetched_as,document.source_id links to source,source:src_search_9cacbefd56b5,source,document:doc_036,document,
fetched_as,document.source_id links to source,source:src_search_87a1569617ed,source,document:doc_037,document,
fetched_as,document.source_id links to source,source:src_search_55a815a5dfd8,source,document:doc_038,document,
fetched_as,document.source_id links to source,source:src_search_f28b6af274cc,source,document:doc_039,document,
fetched_as,document.source_id links to source,source:src_search_9f1bffa1139f,source,document:doc_040,document,
fetched_as,document.source_id links to source,source:src_search_0cb54d17a3e3,source,document:doc_041,document,
fetched_as,document.source_id links to source,source:src_search_4e6c9d96071d,source,document:doc_042,document,
fetched_as,document.source_id links to source,source:src_search_8a863e6c52f9,source,document:doc_043,document,
fetched_as,document.source_id links to source,source:src_search_422eae6f4cb9,source,document:doc_044,document,
fetched_as,document.source_id links to source,source:src_search_042037d6ca22,source,document:doc_045,document,
fetched_as,document.source_id links to source,source:src_search_066d8ce49c2c,source,document:doc_046,document,
fetched_as,document.source_id links to source,source:src_search_5f398ee9785b,source,document:doc_047,document,
fetched_as,document.source_id links to source,source:src_search_4520d2861241,source,document:doc_048,document,
fetched_as,document.source_id links to source,source:src_search_f58afbf42419,source,document:doc_049,document,
fetched_as,document.source_id links to source,source:src_search_9c7738debb9e,source,document:doc_050,document,
fetched_as,document.source_id links to source,source:src_search_e6a611dc2382,source,document:doc_051,document,
fetched_as,document.source_id links to source,source:src_search_89d26cc955fb,source,document:doc_052,document,
fetched_as,document.source_id links to source,source:src_search_fe4e8f3af932,source,document:doc_053,document,
fetched_as,document.source_id links to source,source:src_search_c23afe16a48a,source,document:doc_054,document,
fetched_as,document.source_id links to source,source:src_search_f4f555107be5,source,document:doc_055,document,
fetched_as,document.source_id links to source,source:src_search_7ace0ccbb60e,source,document:doc_056,document,
fetched_as,document.source_id links to source,source:src_search_90b5fc59aef2,source,document:doc_057,document,
fetched_as,document.source_id links to source,source:src_search_5bd1cae37e40,source,document:doc_058,document,
fetched_as,document.source_id links to source,source:src_search_1a6203f794f1,source,document:doc_059,document,
fetched_as,document.source_id links to source,source:src_search_b6376a8d9edc,source,document:doc_060,document,
fetched_as,document.source_id links to source,source:src_search_fc7158cd447e,source,document:doc_061,document,
fetched_as,document.source_id links to source,source:src_search_5fd7d33501e8,source,document:doc_062,document,
fetched_as,document.source_id links to source,source:src_search_9baddae323c5,source,document:doc_063,document,
fetched_as,document.source_id links to source,source:src_search_271588896c48,source,document:doc_064,document,
fetched_as,document.source_id links to source,source:src_search_8deb58866e68,source,document:doc_065,document,
fetched_as,document.source_id links to source,source:src_search_619f95867581,source,document:doc_066,document,
fetched_as,document.source_id links to source,source:src_search_52123c6cbbdd,source,document:doc_067,document,
fetched_as,document.source_id links to source,source:src_search_beb2acd883bf,source,document:doc_068,document,
fetched_as,document.source_id links to source,source:src_search_2e96f00ec58d,source,document:doc_069,document,
fetched_as,document.source_id links to source,source:src_search_1e36efa321f9,source,document:doc_070,document,
fetched_as,document.source_id links to source,source:src_search_1e7b9bff1f18,source,document:doc_071,document,
fetched_as,document.source_id links to source,source:src_search_c543063343d0,source,document:doc_072,document,
fetched_as,document.source_id links to source,source:src_search_9cacbefd56b5,source,document:doc_073,document,
fetched_as,document.source_id links to source,source:src_search_87a1569617ed,source,document:doc_074,document,
fetched_as,document.source_id links to source,source:src_search_6d0ae6050d3b,source,document:doc_075,document,
fetched_as,document.source_id links to source,source:src_search_5737ca939d71,source,document:doc_076,document,
fetched_as,document.source_id links to source,source:src_search_08f8dd56800e,source,document:doc_077,document,
fetched_as,document.source_id links to source,source:src_search_de67a8507994,source,document:doc_078,document,
fetched_as,document.source_id links to source,source:src_search_aefdcfcb3ad8,source,document:doc_079,document,
fetched_as,document.source_id links to source,source:src_search_f79ff78ee4b3,source,document:doc_080,document,
fetched_as,document.source_id links to source,source:src_search_8f2793bd15b1,source,document:doc_081,document,
extracted_into,record.supporting_chunk_id links to evidence chunk,evidence_chunk:chunk_src_search_619f95867581_004,evidence_chunk,raw_record:rec_src_search_619f95867581_001,raw_record,
extracted_into,record.supporting_chunk_id links to evidence chunk,evidence_chunk:chunk_src_search_c543063343d0_004,evidence_chunk,raw_record:rec_src_search_c543063343d0_001,raw_record,
extracted_into,record.supporting_chunk_id links to evidence chunk,evidence_chunk:chunk_src_search_c543063343d0_004,evidence_chunk,raw_record:rec_src_search_c543063343d0_002,raw_record,
extracted_into,record.supporting_chunk_id links to evidence chunk,evidence_chunk:chunk_src_search_89d26cc955fb_005,evidence_chunk,raw_record:rec_src_search_89d26cc955fb_001,raw_record,
extracted_into,record.supporting_chunk_id links to evidence chunk,evidence_chunk:chunk_src_search_89d26cc955fb_005,evidence_chunk,raw_record:rec_src_search_89d26cc955fb_002,raw_record,
extracted_into,record.supporting_chunk_id links to evidence chunk,evidence_chunk:chunk_src_search_89d26cc955fb_007,evidence_chunk,raw_record:rec_src_search_89d26cc955fb_003,raw_record,
extracted_into,record.supporting_chunk_id links to evidence chunk,evidence_chunk:chunk_src_search_89d26cc955fb_008,evidence_chunk,raw_record:rec_src_search_89d26cc955fb_004,raw_record,
extracted_into,record.supporting_chunk_id links to evidence chunk,evidence_chunk:chunk_src_search_89d26cc955fb_008,evidence_chunk,raw_record:rec_src_search_89d26cc955fb_005,raw_record,
extracted_into,record.supporting_chunk_id links to evidence chunk,evidence_chunk:chunk_src_search_89d26cc955fb_009,evidence_chunk,raw_record:rec_src_search_89d26cc955fb_006,raw_record,
extracted_into,record.supporting_chunk_id links to evidence chunk,evidence_chunk:chunk_src_search_89d26cc955fb_009,evidence_chunk,raw_record:rec_src_search_89d26cc955fb_007,raw_record,
extracted_into,record.supporting_chunk_id links to evidence chunk,evidence_chunk:chunk_src_search_89d26cc955fb_010,evidence_chunk,raw_record:rec_src_search_89d26cc955fb_008,raw_record,
extracted_into,record.supporting_chunk_id links to evidence chunk,evidence_chunk:chunk_src_search_89d26cc955fb_012,evidence_chunk,raw_record:rec_src_search_89d26cc955fb_009,raw_record,
extracted_into,record.supporting_chunk_id links to evidence chunk,evidence_chunk:chunk_src_search_9cacbefd56b5_005,evidence_chunk,raw_record:rec_src_search_9cacbefd56b5_001,raw_record,
extracted_into,record.supporting_chunk_id links to evidence chunk,evidence_chunk:chunk_src_search_9cacbefd56b5_005,evidence_chunk,raw_record:rec_src_search_9cacbefd56b5_002,raw_record,
extracted_into,record.supporting_chunk_id links to evidence chunk,evidence_chunk:chunk_src_search_f4f555107be5_009,evidence_chunk,raw_record:rec_src_search_f4f555107be5_001,raw_record,
extracted_into,record.supporting_chunk_id links to evidence chunk,evidence_chunk:chunk_src_search_f4f555107be5_009,evidence_chunk,raw_record:rec_src_search_f4f555107be5_002,raw_record,
extracted_into,record.supporting_chunk_id links to evidence chunk,evidence_chunk:chunk_src_search_f4f555107be5_009,evidence_chunk,raw_record:rec_src_search_f4f555107be5_003,raw_record,
extracted_into,record.supporting_chunk_id links to evidence chunk,evidence_chunk:chunk_src_search_f4f555107be5_009,evidence_chunk,raw_record:rec_src_search_f4f555107be5_004,raw_record,
extracted_into,record.supporting_chunk_id links to evidence chunk,evidence_chunk:chunk_src_search_f4f555107be5_009,evidence_chunk,raw_record:rec_src_search_f4f555107be5_005,raw_record,
extracted_into,record.supporting_chunk_id links to evidence chunk,evidence_chunk:chunk_src_search_52123c6cbbdd_018,evidence_chunk,raw_record:rec_src_search_52123c6cbbdd_001,raw_record,
extracted_into,record.supporting_chunk_id links to evidence chunk,evidence_chunk:chunk_src_search_0cb54d17a3e3_001,evidence_chunk,raw_record:rec_src_search_0cb54d17a3e3_001,raw_record,
extracted_into,record.supporting_chunk_id links to evidence chunk,evidence_chunk:chunk_src_search_0cb54d17a3e3_001,evidence_chunk,raw_record:rec_src_search_0cb54d17a3e3_002,raw_record,
extracted_into,record.supporting_chunk_id links to evidence chunk,evidence_chunk:chunk_src_search_0cb54d17a3e3_001,evidence_chunk,raw_record:rec_src_search_0cb54d17a3e3_003,raw_record,
extracted_into,record.supporting_chunk_id links to evidence chunk,evidence_chunk:chunk_src_search_0cb54d17a3e3_001,evidence_chunk,raw_record:rec_src_search_0cb54d17a3e3_004,raw_record,
extracted_into,record.supporting_chunk_id links to evidence chunk,evidence_chunk:chunk_src_search_0cb54d17a3e3_001,evidence_chunk,raw_record:rec_src_search_0cb54d17a3e3_005,raw_record,
extracted_into,record.supporting_chunk_id links to evidence chunk,evidence_chunk:chunk_src_search_8a863e6c52f9_001,evidence_chunk,raw_record:rec_src_search_8a863e6c52f9_001,raw_record,
extracted_into,record.supporting_chunk_id links to evidence chunk,evidence_chunk:chunk_src_search_8a863e6c52f9_001,evidence_chunk,raw_record:rec_src_search_8a863e6c52f9_002,raw_record,
extracted_into,record.supporting_chunk_id links to evidence chunk,evidence_chunk:chunk_src_search_619f95867581_004,evidence_chunk,validated_record:rec_src_search_619f95867581_001,validated_record,
extracted_into,record.supporting_chunk_id links to evidence chunk,evidence_chunk:chunk_src_search_c543063343d0_004,evidence_chunk,validated_record:rec_src_search_c543063343d0_001,validated_record,
extracted_into,record.supporting_chunk_id links to evidence chunk,evidence_chunk:chunk_src_search_c543063343d0_004,evidence_chunk,validated_record:rec_src_search_c543063343d0_002,validated_record,
extracted_into,record.supporting_chunk_id links to evidence chunk,evidence_chunk:chunk_src_search_89d26cc955fb_005,evidence_chunk,validated_record:rec_src_search_89d26cc955fb_001,validated_record,
extracted_into,record.supporting_chunk_id links to evidence chunk,evidence_chunk:chunk_src_search_89d26cc955fb_005,evidence_chunk,validated_record:rec_src_search_89d26cc955fb_002,validated_record,
extracted_into,record.supporting_chunk_id links to evidence chunk,evidence_chunk:chunk_src_search_89d26cc955fb_007,evidence_chunk,validated_record:rec_src_search_89d26cc955fb_003,validated_record,
extracted_into,record.supporting_chunk_id links to evidence chunk,evidence_chunk:chunk_src_search_89d26cc955fb_008,evidence_chunk,validated_record:rec_src_search_89d26cc955fb_004,validated_record,
extracted_into,record.supporting_chunk_id links to evidence chunk,evidence_chunk:chunk_src_search_89d26cc955fb_008,evidence_chunk,validated_record:rec_src_search_89d26cc955fb_005,validated_record,
extracted_into,record.supporting_chunk_id links to evidence chunk,evidence_chunk:chunk_src_search_89d26cc955fb_009,evidence_chunk,validated_record:rec_src_search_89d26cc955fb_006,validated_record,
extracted_into,record.supporting_chunk_id links to evidence chunk,evidence_chunk:chunk_src_search_89d26cc955fb_009,evidence_chunk,validated_record:rec_src_search_89d26cc955fb_007,validated_record,
extracted_into,record.supporting_chunk_id links to evidence chunk,evidence_chunk:chunk_src_search_89d26cc955fb_010,evidence_chunk,validated_record:rec_src_search_89d26cc955fb_008,validated_record,
extracted_into,record.supporting_chunk_id links to evidence chunk,evidence_chunk:chunk_src_search_89d26cc955fb_012,evidence_chunk,validated_record:rec_src_search_89d26cc955fb_009,validated_record,
extracted_into,record.supporting_chunk_id links to evidence chunk,evidence_chunk:chunk_src_search_9cacbefd56b5_005,evidence_chunk,validated_record:rec_src_search_9cacbefd56b5_001,validated_record,
extracted_into,record.supporting_chunk_id links to evidence chunk,evidence_chunk:chunk_src_search_9cacbefd56b5_005,evidence_chunk,validated_record:rec_src_search_9cacbefd56b5_002,validated_record,
extracted_into,record.supporting_chunk_id links to evidence chunk,evidence_chunk:chunk_src_search_f4f555107be5_009,evidence_chunk,validated_record:rec_src_search_f4f555107be5_001,validated_record,
extracted_into,record.supporting_chunk_id links to evidence chunk,evidence_chunk:chunk_src_search_f4f555107be5_009,evidence_chunk,validated_record:rec_src_search_f4f555107be5_002,validated_record,
extracted_into,record.supporting_chunk_id links to evidence chunk,evidence_chunk:chunk_src_search_f4f555107be5_009,evidence_chunk,validated_record:rec_src_search_f4f555107be5_003,validated_record,
extracted_into,record.supporting_chunk_id links to evidence chunk,evidence_chunk:chunk_src_search_f4f555107be5_009,evidence_chunk,validated_record:rec_src_search_f4f555107be5_004,validated_record,
extracted_into,record.supporting_chunk_id links to evidence chunk,evidence_chunk:chunk_src_search_f4f555107be5_009,evidence_chunk,validated_record:rec_src_search_f4f555107be5_005,validated_record,
extracted_into,record.supporting_chunk_id links to evidence chunk,evidence_chunk:chunk_src_search_52123c6cbbdd_018,evidence_chunk,validated_record:rec_src_search_52123c6cbbdd_001,validated_record,
extracted_into,record.supporting_chunk_id links to evidence chunk,evidence_chunk:chunk_src_search_0cb54d17a3e3_001,evidence_chunk,validated_record:rec_src_search_0cb54d17a3e3_001,validated_record,
extracted_into,record.supporting_chunk_id links to evidence chunk,evidence_chunk:chunk_src_search_0cb54d17a3e3_001,evidence_chunk,validated_record:rec_src_search_0cb54d17a3e3_002,validated_record,
extracted_into,record.supporting_chunk_id links to evidence chunk,evidence_chunk:chunk_src_search_0cb54d17a3e3_001,evidence_chunk,validated_record:rec_src_search_0cb54d17a3e3_003,validated_record,
extracted_into,record.supporting_chunk_id links to evidence chunk,evidence_chunk:chunk_src_search_0cb54d17a3e3_001,evidence_chunk,validated_record:rec_src_search_0cb54d17a3e3_005,validated_record,
extracted_into,record.supporting_chunk_id links to evidence chunk,evidence_chunk:chunk_src_search_8a863e6c52f9_001,evidence_chunk,validated_record:rec_src_search_8a863e6c52f9_001,validated_record,
extracted_into,record.supporting_chunk_id links to evidence chunk,evidence_chunk:chunk_src_search_8a863e6c52f9_001,evidence_chunk,validated_record:rec_src_search_8a863e6c52f9_002,validated_record,
extracted_into,record.supporting_chunk_id links to evidence chunk,evidence_chunk:chunk_src_search_619f95867581_004,evidence_chunk,normalized_record:rec_src_search_619f95867581_001,normalized_record,
extracted_into,record.supporting_chunk_id links to evidence chunk,evidence_chunk:chunk_src_search_c543063343d0_004,evidence_chunk,normalized_record:rec_src_search_c543063343d0_001,normalized_record,
extracted_into,record.supporting_chunk_id links to evidence chunk,evidence_chunk:chunk_src_search_c543063343d0_004,evidence_chunk,normalized_record:rec_src_search_c543063343d0_002,normalized_record,
extracted_into,record.supporting_chunk_id links to evidence chunk,evidence_chunk:chunk_src_search_89d26cc955fb_005,evidence_chunk,normalized_record:rec_src_search_89d26cc955fb_001,normalized_record,
extracted_into,record.supporting_chunk_id links to evidence chunk,evidence_chunk:chunk_src_search_89d26cc955fb_005,evidence_chunk,normalized_record:rec_src_search_89d26cc955fb_002,normalized_record,
extracted_into,record.supporting_chunk_id links to evidence chunk,evidence_chunk:chunk_src_search_89d26cc955fb_007,evidence_chunk,normalized_record:rec_src_search_89d26cc955fb_003,normalized_record,
extracted_into,record.supporting_chunk_id links to evidence chunk,evidence_chunk:chunk_src_search_89d26cc955fb_008,evidence_chunk,normalized_record:rec_src_search_89d26cc955fb_004,normalized_record,
extracted_into,record.supporting_chunk_id links to evidence chunk,evidence_chunk:chunk_src_search_89d26cc955fb_008,evidence_chunk,normalized_record:rec_src_search_89d26cc955fb_005,normalized_record,
extracted_into,record.supporting_chunk_id links to evidence chunk,evidence_chunk:chunk_src_search_89d26cc955fb_009,evidence_chunk,normalized_record:rec_src_search_89d26cc955fb_006,normalized_record,
extracted_into,record.supporting_chunk_id links to evidence chunk,evidence_chunk:chunk_src_search_89d26cc955fb_009,evidence_chunk,normalized_record:rec_src_search_89d26cc955fb_007,normalized_record,
extracted_into,record.supporting_chunk_id links to evidence chunk,evidence_chunk:chunk_src_search_89d26cc955fb_010,evidence_chunk,normalized_record:rec_src_search_89d26cc955fb_008,normalized_record,
extracted_into,record.supporting_chunk_id links to evidence chunk,evidence_chunk:chunk_src_search_89d26cc955fb_012,evidence_chunk,normalized_record:rec_src_search_89d26cc955fb_009,normalized_record,
extracted_into,record.supporting_chunk_id links to evidence chunk,evidence_chunk:chunk_src_search_9cacbefd56b5_005,evidence_chunk,normalized_record:rec_src_search_9cacbefd56b5_001,normalized_record,
extracted_into,record.supporting_chunk_id links to evidence chunk,evidence_chunk:chunk_src_search_9cacbefd56b5_005,evidence_chunk,normalized_record:rec_src_search_9cacbefd56b5_002,normalized_record,
extracted_into,record.supporting_chunk_id links to evidence chunk,evidence_chunk:chunk_src_search_f4f555107be5_009,evidence_chunk,normalized_record:rec_src_search_f4f555107be5_001,normalized_record,
extracted_into,record.supporting_chunk_id links to evidence chunk,evidence_chunk:chunk_src_search_f4f555107be5_009,evidence_chunk,normalized_record:rec_src_search_f4f555107be5_002,normalized_record,
extracted_into,record.supporting_chunk_id links to evidence chunk,evidence_chunk:chunk_src_search_f4f555107be5_009,evidence_chunk,normalized_record:rec_src_search_f4f555107be5_003,normalized_record,
extracted_into,record.supporting_chunk_id links to evidence chunk,evidence_chunk:chunk_src_search_f4f555107be5_009,evidence_chunk,normalized_record:rec_src_search_f4f555107be5_004,normalized_record,
extracted_into,record.supporting_chunk_id links to evidence chunk,evidence_chunk:chunk_src_search_f4f555107be5_009,evidence_chunk,normalized_record:rec_src_search_f4f555107be5_005,normalized_record,
extracted_into,record.supporting_chunk_id links to evidence chunk,evidence_chunk:chunk_src_search_52123c6cbbdd_018,evidence_chunk,normalized_record:rec_src_search_52123c6cbbdd_001,normalized_record,
extracted_into,record.supporting_chunk_id links to evidence chunk,evidence_chunk:chunk_src_search_0cb54d17a3e3_001,evidence_chunk,normalized_record:rec_src_search_0cb54d17a3e3_001,normalized_record,
extracted_into,record.supporting_chunk_id links to evidence chunk,evidence_chunk:chunk_src_search_0cb54d17a3e3_001,evidence_chunk,normalized_record:rec_src_search_0cb54d17a3e3_002,normalized_record,
extracted_into,record.supporting_chunk_id links to evidence chunk,evidence_chunk:chunk_src_search_0cb54d17a3e3_001,evidence_chunk,normalized_record:rec_src_search_0cb54d17a3e3_003,normalized_record,
extracted_into,record.supporting_chunk_id links to evidence chunk,evidence_chunk:chunk_src_search_0cb54d17a3e3_001,evidence_chunk,normalized_record:rec_src_search_0cb54d17a3e3_005,normalized_record,
extracted_into,record.supporting_chunk_id links to evidence chunk,evidence_chunk:chunk_src_search_8a863e6c52f9_001,evidence_chunk,normalized_record:rec_src_search_8a863e6c52f9_001,normalized_record,
extracted_into,record.supporting_chunk_id links to evidence chunk,evidence_chunk:chunk_src_search_8a863e6c52f9_001,evidence_chunk,normalized_record:rec_src_search_8a863e6c52f9_002,normalized_record,
validated_into,matched provenance identifier,raw_record:rec_src_search_f4f555107be5_002,raw_record,validated_record:rec_src_search_f4f555107be5_002,validated_record,
normalized_into,matched provenance identifier,validated_record:rec_src_search_f4f555107be5_002,validated_record,normalized_record:rec_src_search_f4f555107be5_002,normalized_record,
validated_into,matched provenance identifier,raw_record:rec_src_search_619f95867581_001,raw_record,validated_record:rec_src_search_619f95867581_001,validated_record,
normalized_into,matched provenance identifier,validated_record:rec_src_search_619f95867581_001,validated_record,normalized_record:rec_src_search_619f95867581_001,normalized_record,
validated_into,matched provenance identifier,raw_record:rec_src_search_f4f555107be5_005,raw_record,validated_record:rec_src_search_f4f555107be5_005,validated_record,
normalized_into,matched provenance identifier,validated_record:rec_src_search_f4f555107be5_005,validated_record,normalized_record:rec_src_search_f4f555107be5_005,normalized_record,
validated_into,matched provenance identifier,raw_record:rec_src_search_c543063343d0_002,raw_record,validated_record:rec_src_search_c543063343d0_002,validated_record,
normalized_into,matched provenance identifier,validated_record:rec_src_search_c543063343d0_002,validated_record,normalized_record:rec_src_search_c543063343d0_002,normalized_record,
validated_into,matched provenance identifier,raw_record:rec_src_search_9cacbefd56b5_002,raw_record,validated_record:rec_src_search_9cacbefd56b5_002,validated_record,
normalized_into,matched provenance identifier,validated_record:rec_src_search_9cacbefd56b5_002,validated_record,normalized_record:rec_src_search_9cacbefd56b5_002,normalized_record,
validated_into,matched provenance identifier,raw_record:rec_src_search_0cb54d17a3e3_002,raw_record,validated_record:rec_src_search_0cb54d17a3e3_002,validated_record,
normalized_into,matched provenance identifier,validated_record:rec_src_search_0cb54d17a3e3_002,validated_record,normalized_record:rec_src_search_0cb54d17a3e3_002,normalized_record,
validated_into,matched provenance identifier,raw_record:rec_src_search_0cb54d17a3e3_003,raw_record,validated_record:rec_src_search_0cb54d17a3e3_003,validated_record,
normalized_into,matched provenance identifier,validated_record:rec_src_search_0cb54d17a3e3_003,validated_record,normalized_record:rec_src_search_0cb54d17a3e3_003,normalized_record,
validated_into,matched provenance identifier,raw_record:rec_src_search_89d26cc955fb_007,raw_record,validated_record:rec_src_search_89d26cc955fb_007,validated_record,
normalized_into,matched provenance identifier,validated_record:rec_src_search_89d26cc955fb_007,validated_record,normalized_record:rec_src_search_89d26cc955fb_007,normalized_record,
validated_into,matched provenance identifier,raw_record:rec_src_search_f4f555107be5_001,raw_record,validated_record:rec_src_search_f4f555107be5_001,validated_record,
normalized_into,matched provenance identifier,validated_record:rec_src_search_f4f555107be5_001,validated_record,normalized_record:rec_src_search_f4f555107be5_001,normalized_record,
validated_into,matched provenance identifier,raw_record:rec_src_search_89d26cc955fb_005,raw_record,validated_record:rec_src_search_89d26cc955fb_005,validated_record,
normalized_into,matched provenance identifier,validated_record:rec_src_search_89d26cc955fb_005,validated_record,normalized_record:rec_src_search_89d26cc955fb_005,normalized_record,
validated_into,matched provenance identifier,raw_record:rec_src_search_89d26cc955fb_002,raw_record,validated_record:rec_src_search_89d26cc955fb_002,validated_record,
normalized_into,matched provenance identifier,validated_record:rec_src_search_89d26cc955fb_002,validated_record,normalized_record:rec_src_search_89d26cc955fb_002,normalized_record,
validated_into,matched provenance identifier,raw_record:rec_src_search_8a863e6c52f9_002,raw_record,validated_record:rec_src_search_8a863e6c52f9_002,validated_record,
normalized_into,matched provenance identifier,validated_record:rec_src_search_8a863e6c52f9_002,validated_record,normalized_record:rec_src_search_8a863e6c52f9_002,normalized_record,
validated_into,matched provenance identifier,raw_record:rec_src_search_89d26cc955fb_001,raw_record,validated_record:rec_src_search_89d26cc955fb_001,validated_record,
normalized_into,matched provenance identifier,validated_record:rec_src_search_89d26cc955fb_001,validated_record,normalized_record:rec_src_search_89d26cc955fb_001,normalized_record,
validated_into,matched provenance identifier,raw_record:rec_src_search_c543063343d0_001,raw_record,validated_record:rec_src_search_c543063343d0_001,validated_record,
normalized_into,matched provenance identifier,validated_record:rec_src_search_c543063343d0_001,validated_record,normalized_record:rec_src_search_c543063343d0_001,normalized_record,
validated_into,matched provenance identifier,raw_record:rec_src_search_0cb54d17a3e3_005,raw_record,validated_record:rec_src_search_0cb54d17a3e3_005,validated_record,
normalized_into,matched provenance identifier,validated_record:rec_src_search_0cb54d17a3e3_005,validated_record,normalized_record:rec_src_search_0cb54d17a3e3_005,normalized_record,
validated_into,matched provenance identifier,raw_record:rec_src_search_f4f555107be5_004,raw_record,validated_record:rec_src_search_f4f555107be5_004,validated_record,
normalized_into,matched provenance identifier,validated_record:rec_src_search_f4f555107be5_004,validated_record,normalized_record:rec_src_search_f4f555107be5_004,normalized_record,
validated_into,matched provenance identifier,raw_record:rec_src_search_89d26cc955fb_003,raw_record,validated_record:rec_src_search_89d26cc955fb_003,validated_record,
normalized_into,matched provenance identifier,validated_record:rec_src_search_89d26cc955fb_003,validated_record,normalized_record:rec_src_search_89d26cc955fb_003,normalized_record,
validated_into,matched provenance identifier,raw_record:rec_src_search_0cb54d17a3e3_001,raw_record,validated_record:rec_src_search_0cb54d17a3e3_001,validated_record,
normalized_into,matched provenance identifier,validated_record:rec_src_search_0cb54d17a3e3_001,validated_record,normalized_record:rec_src_search_0cb54d17a3e3_001,normalized_record,
validated_into,matched provenance identifier,raw_record:rec_src_search_9cacbefd56b5_001,raw_record,validated_record:rec_src_search_9cacbefd56b5_001,validated_record,
normalized_into,matched provenance identifier,validated_record:rec_src_search_9cacbefd56b5_001,validated_record,normalized_record:rec_src_search_9cacbefd56b5_001,normalized_record,
validated_into,matched provenance identifier,raw_record:rec_src_search_8a863e6c52f9_001,raw_record,validated_record:rec_src_search_8a863e6c52f9_001,validated_record,
normalized_into,matched provenance identifier,validated_record:rec_src_search_8a863e6c52f9_001,validated_record,normalized_record:rec_src_search_8a863e6c52f9_001,normalized_record,
validated_into,matched provenance identifier,raw_record:rec_src_search_89d26cc955fb_009,raw_record,validated_record:rec_src_search_89d26cc955fb_009,validated_record,
normalized_into,matched provenance identifier,validated_record:rec_src_search_89d26cc955fb_009,validated_record,normalized_record:rec_src_search_89d26cc955fb_009,normalized_record,
validated_into,matched provenance identifier,raw_record:rec_src_search_89d26cc955fb_004,raw_record,validated_record:rec_src_search_89d26cc955fb_004,validated_record,
normalized_into,matched provenance identifier,validated_record:rec_src_search_89d26cc955fb_004,validated_record,normalized_record:rec_src_search_89d26cc955fb_004,normalized_record,
validated_into,matched provenance identifier,raw_record:rec_src_search_f4f555107be5_003,raw_record,validated_record:rec_src_search_f4f555107be5_003,validated_record,
normalized_into,matched provenance identifier,validated_record:rec_src_search_f4f555107be5_003,validated_record,normalized_record:rec_src_search_f4f555107be5_003,normalized_record,
validated_into,matched provenance identifier,raw_record:rec_src_search_89d26cc955fb_006,raw_record,validated_record:rec_src_search_89d26cc955fb_006,validated_record,
normalized_into,matched provenance identifier,validated_record:rec_src_search_89d26cc955fb_006,validated_record,normalized_record:rec_src_search_89d26cc955fb_006,normalized_record,
validated_into,matched provenance identifier,raw_record:rec_src_search_52123c6cbbdd_001,raw_record,validated_record:rec_src_search_52123c6cbbdd_001,validated_record,
normalized_into,matched provenance identifier,validated_record:rec_src_search_52123c6cbbdd_001,validated_record,normalized_record:rec_src_search_52123c6cbbdd_001,normalized_record,
validated_into,matched provenance identifier,raw_record:rec_src_search_89d26cc955fb_008,raw_record,validated_record:rec_src_search_89d26cc955fb_008,validated_record,
normalized_into,matched provenance identifier,validated_record:rec_src_search_89d26cc955fb_008,validated_record,normalized_record:rec_src_search_89d26cc955fb_008,normalized_record,
produced_claim,matched provenance identifier,normalized_record:rec_src_search_619f95867581_001,normalized_record,claim:claim_rec_src_search_619f95867581_001_cases_unspecified,claim,
produced_claim,matched provenance identifier,normalized_record:rec_src_search_619f95867581_001,normalized_record,claim:claim_rec_src_search_619f95867581_001_deaths,claim,
produced_claim,matched provenance identifier,normalized_record:rec_src_search_c543063343d0_001,normalized_record,claim:claim_rec_src_search_c543063343d0_001_cases_probable,claim,
produced_claim,matched provenance identifier,normalized_record:rec_src_search_c543063343d0_002,normalized_record,claim:claim_rec_src_search_c543063343d0_002_observation,claim,
produced_claim,matched provenance identifier,normalized_record:rec_src_search_89d26cc955fb_001,normalized_record,claim:claim_rec_src_search_89d26cc955fb_001_cases_unspecified,claim,
produced_claim,matched provenance identifier,normalized_record:rec_src_search_89d26cc955fb_001,normalized_record,claim:claim_rec_src_search_89d26cc955fb_001_deaths,claim,
produced_claim,matched provenance identifier,normalized_record:rec_src_search_89d26cc955fb_002,normalized_record,claim:claim_rec_src_search_89d26cc955fb_002_deaths,claim,
produced_claim,matched provenance identifier,normalized_record:rec_src_search_89d26cc955fb_003,normalized_record,claim:claim_rec_src_search_89d26cc955fb_003_cases_confirmed,claim,
produced_claim,matched provenance identifier,normalized_record:rec_src_search_89d26cc955fb_004,normalized_record,claim:claim_rec_src_search_89d26cc955fb_004_cases_unspecified,claim,
produced_claim,matched provenance identifier,normalized_record:rec_src_search_89d26cc955fb_005,normalized_record,claim:claim_rec_src_search_89d26cc955fb_005_cases_unspecified,claim,
produced_claim,matched provenance identifier,normalized_record:rec_src_search_89d26cc955fb_006,normalized_record,claim:claim_rec_src_search_89d26cc955fb_006_deaths,claim,
produced_claim,matched provenance identifier,normalized_record:rec_src_search_89d26cc955fb_007,normalized_record,claim:claim_rec_src_search_89d26cc955fb_007_deaths,claim,
produced_claim,matched provenance identifier,normalized_record:rec_src_search_89d26cc955fb_008,normalized_record,claim:claim_rec_src_search_89d26cc955fb_008_observation,claim,
produced_claim,matched provenance identifier,normalized_record:rec_src_search_89d26cc955fb_009,normalized_record,claim:claim_rec_src_search_89d26cc955fb_009_cases_unspecified,claim,
produced_claim,matched provenance identifier,normalized_record:rec_src_search_9cacbefd56b5_001,normalized_record,claim:claim_rec_src_search_9cacbefd56b5_001_cases_probable,claim,
produced_claim,matched provenance identifier,normalized_record:rec_src_search_9cacbefd56b5_001,normalized_record,claim:claim_rec_src_search_9cacbefd56b5_001_deaths,claim,
produced_claim,matched provenance identifier,normalized_record:rec_src_search_9cacbefd56b5_002,normalized_record,claim:claim_rec_src_search_9cacbefd56b5_002_deaths,claim,
produced_claim,matched provenance identifier,normalized_record:rec_src_search_f4f555107be5_001,normalized_record,claim:claim_rec_src_search_f4f555107be5_001_cases_unspecified,claim,
produced_claim,matched provenance identifier,normalized_record:rec_src_search_f4f555107be5_002,normalized_record,claim:claim_rec_src_search_f4f555107be5_002_cases_unspecified,claim,
produced_claim,matched provenance identifier,normalized_record:rec_src_search_f4f555107be5_003,normalized_record,claim:claim_rec_src_search_f4f555107be5_003_deaths,claim,
produced_claim,matched provenance identifier,normalized_record:rec_src_search_f4f555107be5_004,normalized_record,claim:claim_rec_src_search_f4f555107be5_004_cases_unspecified,claim,
produced_claim,matched provenance identifier,normalized_record:rec_src_search_f4f555107be5_005,normalized_record,claim:claim_rec_src_search_f4f555107be5_005_cases_unspecified,claim,
produced_claim,matched provenance identifier,normalized_record:rec_src_search_52123c6cbbdd_001,normalized_record,claim:claim_rec_src_search_52123c6cbbdd_001_cases_unspecified,claim,
produced_claim,matched provenance identifier,normalized_record:rec_src_search_0cb54d17a3e3_001,normalized_record,claim:claim_rec_src_search_0cb54d17a3e3_001_cases_probable,claim,
produced_claim,matched provenance identifier,normalized_record:rec_src_search_0cb54d17a3e3_001,normalized_record,claim:claim_rec_src_search_0cb54d17a3e3_001_deaths,claim,
produced_claim,matched provenance identifier,normalized_record:rec_src_search_0cb54d17a3e3_002,normalized_record,claim:claim_rec_src_search_0cb54d17a3e3_002_deaths,claim,
produced_claim,matched provenance identifier,normalized_record:rec_src_search_0cb54d17a3e3_003,normalized_record,claim:claim_rec_src_search_0cb54d17a3e3_003_observation,claim,
produced_claim,matched provenance identifier,normalized_record:rec_src_search_0cb54d17a3e3_005,normalized_record,claim:claim_rec_src_search_0cb54d17a3e3_005_cases_unspecified,claim,
produced_claim,matched provenance identifier,normalized_record:rec_src_search_0cb54d17a3e3_005,normalized_record,claim:claim_rec_src_search_0cb54d17a3e3_005_deaths,claim,
produced_claim,matched provenance identifier,normalized_record:rec_src_search_8a863e6c52f9_001,normalized_record,claim:claim_rec_src_search_8a863e6c52f9_001_cases_probable,claim,
produced_claim,matched provenance identifier,normalized_record:rec_src_search_8a863e6c52f9_002,normalized_record,claim:claim_rec_src_search_8a863e6c52f9_002_cases_probable,claim,
compared_with,matched provenance identifier,claim:claim_rec_src_search_619f95867581_001_cases_unspecified,claim,claim_comparison:claim_cmp_001,claim_comparison,
compared_with,matched provenance identifier,claim:claim_rec_src_search_619f95867581_001_deaths,claim,claim_comparison:claim_cmp_001,claim_comparison,
compared_with,matched provenance identifier,claim:claim_rec_src_search_619f95867581_001_cases_unspecified,claim,claim_comparison:claim_cmp_002,claim_comparison,
compared_with,matched provenance identifier,claim:claim_rec_src_search_c543063343d0_001_cases_probable,claim,claim_comparison:claim_cmp_002,claim_comparison,
compared_with,matched provenance identifier,claim:claim_rec_src_search_619f95867581_001_cases_unspecified,claim,claim_comparison:claim_cmp_003,claim_comparison,
compared_with,matched provenance identifier,claim:claim_rec_src_search_c543063343d0_002_observation,claim,claim_comparison:claim_cmp_003,claim_comparison,
compared_with,matched provenance identifier,claim:claim_rec_src_search_619f95867581_001_cases_unspecified,claim,claim_comparison:claim_cmp_004,claim_comparison,
compared_with,matched provenance identifier,claim:claim_rec_src_search_89d26cc955fb_001_cases_unspecified,claim,claim_comparison:claim_cmp_004,claim_comparison,
compared_with,matched provenance identifier,claim:claim_rec_src_search_619f95867581_001_cases_unspecified,claim,claim_comparison:claim_cmp_005,claim_comparison,
compared_with,matched provenance identifier,claim:claim_rec_src_search_89d26cc955fb_001_deaths,claim,claim_comparison:claim_cmp_005,claim_comparison,
compared_with,matched provenance identifier,claim:claim_rec_src_search_619f95867581_001_cases_unspecified,claim,claim_comparison:claim_cmp_006,claim_comparison,
compared_with,matched provenance identifier,claim:claim_rec_src_search_89d26cc955fb_002_deaths,claim,claim_comparison:claim_cmp_006,claim_comparison,
compared_with,matched provenance identifier,claim:claim_rec_src_search_619f95867581_001_cases_unspecified,claim,claim_comparison:claim_cmp_007,claim_comparison,
compared_with,matched provenance identifier,claim:claim_rec_src_search_89d26cc955fb_003_cases_confirmed,claim,claim_comparison:claim_cmp_007,claim_comparison,
compared_with,matched provenance identifier,claim:claim_rec_src_search_619f95867581_001_cases_unspecified,claim,claim_comparison:claim_cmp_008,claim_comparison,
compared_with,matched provenance identifier,claim:claim_rec_src_search_89d26cc955fb_004_cases_unspecified,claim,claim_comparison:claim_cmp_008,claim_comparison,
compared_with,matched provenance identifier,claim:claim_rec_src_search_619f95867581_001_cases_unspecified,claim,claim_comparison:claim_cmp_009,claim_comparison,
compared_with,matched provenance identifier,claim:claim_rec_src_search_89d26cc955fb_005_cases_unspecified,claim,claim_comparison:claim_cmp_009,claim_comparison,
compared_with,matched provenance identifier,claim:claim_rec_src_search_619f95867581_001_cases_unspecified,claim,claim_comparison:claim_cmp_010,claim_comparison,
compared_with,matched provenance identifier,claim:claim_rec_src_search_89d26cc955fb_006_deaths,claim,claim_comparison:claim_cmp_010,claim_comparison,
compared_with,matched provenance identifier,claim:claim_rec_src_search_619f95867581_001_cases_unspecified,claim,claim_comparison:claim_cmp_011,claim_comparison,
compared_with,matched provenance identifier,claim:claim_rec_src_search_89d26cc955fb_007_deaths,claim,claim_comparison:claim_cmp_011,claim_comparison,
compared_with,matched provenance identifier,claim:claim_rec_src_search_619f95867581_001_cases_unspecified,claim,claim_comparison:claim_cmp_012,claim_comparison,
compared_with,matched provenance identifier,claim:claim_rec_src_search_89d26cc955fb_008_observation,claim,claim_comparison:claim_cmp_012,claim_comparison,
compared_with,matched provenance identifier,claim:claim_rec_src_search_619f95867581_001_cases_unspecified,claim,claim_comparison:claim_cmp_013,claim_comparison,
compared_with,matched provenance identifier,claim:claim_rec_src_search_89d26cc955fb_009_cases_unspecified,claim,claim_comparison:claim_cmp_013,claim_comparison,
compared_with,matched provenance identifier,claim:claim_rec_src_search_619f95867581_001_cases_unspecified,claim,claim_comparison:claim_cmp_014,claim_comparison,
compared_with,matched provenance identifier,claim:claim_rec_src_search_9cacbefd56b5_001_cases_probable,claim,claim_comparison:claim_cmp_014,claim_comparison,
compared_with,matched provenance identifier,claim:claim_rec_src_search_619f95867581_001_cases_unspecified,claim,claim_comparison:claim_cmp_015,claim_comparison,
compared_with,matched provenance identifier,claim:claim_rec_src_search_9cacbefd56b5_001_deaths,claim,claim_comparison:claim_cmp_015,claim_comparison,
compared_with,matched provenance identifier,claim:claim_rec_src_search_619f95867581_001_cases_unspecified,claim,claim_comparison:claim_cmp_016,claim_comparison,
compared_with,matched provenance identifier,claim:claim_rec_src_search_9cacbefd56b5_002_deaths,claim,claim_comparison:claim_cmp_016,claim_comparison,
compared_with,matched provenance identifier,claim:claim_rec_src_search_619f95867581_001_cases_unspecified,claim,claim_comparison:claim_cmp_017,claim_comparison,
compared_with,matched provenance identifier,claim:claim_rec_src_search_f4f555107be5_001_cases_unspecified,claim,claim_comparison:claim_cmp_017,claim_comparison,
compared_with,matched provenance identifier,claim:claim_rec_src_search_619f95867581_001_cases_unspecified,claim,claim_comparison:claim_cmp_018,claim_comparison,
compared_with,matched provenance identifier,claim:claim_rec_src_search_f4f555107be5_002_cases_unspecified,claim,claim_comparison:claim_cmp_018,claim_comparison,
compared_with,matched provenance identifier,claim:claim_rec_src_search_619f95867581_001_cases_unspecified,claim,claim_comparison:claim_cmp_019,claim_comparison,
compared_with,matched provenance identifier,claim:claim_rec_src_search_f4f555107be5_003_deaths,claim,claim_comparison:claim_cmp_019,claim_comparison,
compared_with,matched provenance identifier,claim:claim_rec_src_search_619f95867581_001_cases_unspecified,claim,claim_comparison:claim_cmp_020,claim_comparison,
compared_with,matched provenance identifier,claim:claim_rec_src_search_f4f555107be5_004_cases_unspecified,claim,claim_comparison:claim_cmp_020,claim_comparison,
compared_with,matched provenance identifier,claim:claim_rec_src_search_619f95867581_001_cases_unspecified,claim,claim_comparison:claim_cmp_021,claim_comparison,
compared_with,matched provenance identifier,claim:claim_rec_src_search_f4f555107be5_005_cases_unspecified,claim,claim_comparison:claim_cmp_021,claim_comparison,
compared_with,matched provenance identifier,claim:claim_rec_src_search_619f95867581_001_cases_unspecified,claim,claim_comparison:claim_cmp_022,claim_comparison,
compared_with,matched provenance identifier,claim:claim_rec_src_search_52123c6cbbdd_001_cases_unspecified,claim,claim_comparison:claim_cmp_022,claim_comparison,
compared_with,matched provenance identifier,claim:claim_rec_src_search_619f95867581_001_cases_unspecified,claim,claim_comparison:claim_cmp_023,claim_comparison,
compared_with,matched provenance identifier,claim:claim_rec_src_search_0cb54d17a3e3_001_cases_probable,claim,claim_comparison:claim_cmp_023,claim_comparison,
compared_with,matched provenance identifier,claim:claim_rec_src_search_619f95867581_001_cases_unspecified,claim,claim_comparison:claim_cmp_024,claim_comparison,
compared_with,matched provenance identifier,claim:claim_rec_src_search_0cb54d17a3e3_001_deaths,claim,claim_comparison:claim_cmp_024,claim_comparison,
compared_with,matched provenance identifier,claim:claim_rec_src_search_619f95867581_001_cases_unspecified,claim,claim_comparison:claim_cmp_025,claim_comparison,
compared_with,matched provenance identifier,claim:claim_rec_src_search_0cb54d17a3e3_002_deaths,claim,claim_comparison:claim_cmp_025,claim_comparison,
compared_with,matched provenance identifier,claim:claim_rec_src_search_619f95867581_001_cases_unspecified,claim,claim_comparison:claim_cmp_026,claim_comparison,
compared_with,matched provenance identifier,claim:claim_rec_src_search_0cb54d17a3e3_003_observation,claim,claim_comparison:claim_cmp_026,claim_comparison,
compared_with,matched provenance identifier,claim:claim_rec_src_search_619f95867581_001_cases_unspecified,claim,claim_comparison:claim_cmp_027,claim_comparison,
compared_with,matched provenance identifier,claim:claim_rec_src_search_0cb54d17a3e3_005_cases_unspecified,claim,claim_comparison:claim_cmp_027,claim_comparison,
compared_with,matched provenance identifier,claim:claim_rec_src_search_619f95867581_001_cases_unspecified,claim,claim_comparison:claim_cmp_028,claim_comparison,
compared_with,matched provenance identifier,claim:claim_rec_src_search_0cb54d17a3e3_005_deaths,claim,claim_comparison:claim_cmp_028,claim_comparison,
compared_with,matched provenance identifier,claim:claim_rec_src_search_619f95867581_001_cases_unspecified,claim,claim_comparison:claim_cmp_029,claim_comparison,
compared_with,matched provenance identifier,claim:claim_rec_src_search_8a863e6c52f9_001_cases_probable,claim,claim_comparison:claim_cmp_029,claim_comparison,
compared_with,matched provenance identifier,claim:claim_rec_src_search_619f95867581_001_cases_unspecified,claim,claim_comparison:claim_cmp_030,claim_comparison,
compared_with,matched provenance identifier,claim:claim_rec_src_search_8a863e6c52f9_002_cases_probable,claim,claim_comparison:claim_cmp_030,claim_comparison,
compared_with,matched provenance identifier,claim:claim_rec_src_search_619f95867581_001_deaths,claim,claim_comparison:claim_cmp_031,claim_comparison,
compared_with,matched provenance identifier,claim:claim_rec_src_search_c543063343d0_001_cases_probable,claim,claim_comparison:claim_cmp_031,claim_comparison,
compared_with,matched provenance identifier,claim:claim_rec_src_search_619f95867581_001_deaths,claim,claim_comparison:claim_cmp_032,claim_comparison,
compared_with,matched provenance identifier,claim:claim_rec_src_search_c543063343d0_002_observation,claim,claim_comparison:claim_cmp_032,claim_comparison,
compared_with,matched provenance identifier,claim:claim_rec_src_search_619f95867581_001_deaths,claim,claim_comparison:claim_cmp_033,claim_comparison,
compared_with,matched provenance identifier,claim:claim_rec_src_search_89d26cc955fb_001_cases_unspecified,claim,claim_comparison:claim_cmp_033,claim_comparison,
compared_with,matched provenance identifier,claim:claim_rec_src_search_619f95867581_001_deaths,claim,claim_comparison:claim_cmp_034,claim_comparison,
compared_with,matched provenance identifier,claim:claim_rec_src_search_89d26cc955fb_001_deaths,claim,claim_comparison:claim_cmp_034,claim_comparison,
compared_with,matched provenance identifier,claim:claim_rec_src_search_619f95867581_001_deaths,claim,claim_comparison:claim_cmp_035,claim_comparison,
compared_with,matched provenance identifier,claim:claim_rec_src_search_89d26cc955fb_002_deaths,claim,claim_comparison:claim_cmp_035,claim_comparison,
compared_with,matched provenance identifier,claim:claim_rec_src_search_619f95867581_001_deaths,claim,claim_comparison:claim_cmp_036,claim_comparison,
compared_with,matched provenance identifier,claim:claim_rec_src_search_89d26cc955fb_003_cases_confirmed,claim,claim_comparison:claim_cmp_036,claim_comparison,
compared_with,matched provenance identifier,claim:claim_rec_src_search_619f95867581_001_deaths,claim,claim_comparison:claim_cmp_037,claim_comparison,
compared_with,matched provenance identifier,claim:claim_rec_src_search_89d26cc955fb_004_cases_unspecified,claim,claim_comparison:claim_cmp_037,claim_comparison,
compared_with,matched provenance identifier,claim:claim_rec_src_search_619f95867581_001_deaths,claim,claim_comparison:claim_cmp_038,claim_comparison,
compared_with,matched provenance identifier,claim:claim_rec_src_search_89d26cc955fb_005_cases_unspecified,claim,claim_comparison:claim_cmp_038,claim_comparison,
compared_with,matched provenance identifier,claim:claim_rec_src_search_619f95867581_001_deaths,claim,claim_comparison:claim_cmp_039,claim_comparison,
compared_with,matched provenance identifier,claim:claim_rec_src_search_89d26cc955fb_006_deaths,claim,claim_comparison:claim_cmp_039,claim_comparison,
compared_with,matched provenance identifier,claim:claim_rec_src_search_619f95867581_001_deaths,claim,claim_comparison:claim_cmp_040,claim_comparison,
compared_with,matched provenance identifier,claim:claim_rec_src_search_89d26cc955fb_007_deaths,claim,claim_comparison:claim_cmp_040,claim_comparison,
compared_with,matched provenance identifier,claim:claim_rec_src_search_619f95867581_001_deaths,claim,claim_comparison:claim_cmp_041,claim_comparison,
compared_with,matched provenance identifier,claim:claim_rec_src_search_89d26cc955fb_008_observation,claim,claim_comparison:claim_cmp_041,claim_comparison,
compared_with,matched provenance identifier,claim:claim_rec_src_search_619f95867581_001_deaths,claim,claim_comparison:claim_cmp_042,claim_comparison,
compared_with,matched provenance identifier,claim:claim_rec_src_search_89d26cc955fb_009_cases_unspecified,claim,claim_comparison:claim_cmp_042,claim_comparison,
compared_with,matched provenance identifier,claim:claim_rec_src_search_619f95867581_001_deaths,claim,claim_comparison:claim_cmp_043,claim_comparison,
compared_with,matched provenance identifier,claim:claim_rec_src_search_9cacbefd56b5_001_cases_probable,claim,claim_comparison:claim_cmp_043,claim_comparison,
compared_with,matched provenance identifier,claim:claim_rec_src_search_619f95867581_001_deaths,claim,claim_comparison:claim_cmp_044,claim_comparison,
compared_with,matched provenance identifier,claim:claim_rec_src_search_9cacbefd56b5_001_deaths,claim,claim_comparison:claim_cmp_044,claim_comparison,
compared_with,matched provenance identifier,claim:claim_rec_src_search_619f95867581_001_deaths,claim,claim_comparison:claim_cmp_045,claim_comparison,
compared_with,matched provenance identifier,claim:claim_rec_src_search_9cacbefd56b5_002_deaths,claim,claim_comparison:claim_cmp_045,claim_comparison,
compared_with,matched provenance identifier,claim:claim_rec_src_search_619f95867581_001_deaths,claim,claim_comparison:claim_cmp_046,claim_comparison,
compared_with,matched provenance identifier,claim:claim_rec_src_search_f4f555107be5_001_cases_unspecified,claim,claim_comparison:claim_cmp_046,claim_comparison,
compared_with,matched provenance identifier,claim:claim_rec_src_search_619f95867581_001_deaths,claim,claim_comparison:claim_cmp_047,claim_comparison,
compared_with,matched provenance identifier,claim:claim_rec_src_search_f4f555107be5_002_cases_unspecified,claim,claim_comparison:claim_cmp_047,claim_comparison,
compared_with,matched provenance identifier,claim:claim_rec_src_search_619f95867581_001_deaths,claim,claim_comparison:claim_cmp_048,claim_comparison,
compared_with,matched provenance identifier,claim:claim_rec_src_search_f4f555107be5_003_deaths,claim,claim_comparison:claim_cmp_048,claim_comparison,
compared_with,matched provenance identifier,claim:claim_rec_src_search_619f95867581_001_deaths,claim,claim_comparison:claim_cmp_049,claim_comparison,
compared_with,matched provenance identifier,claim:claim_rec_src_search_f4f555107be5_004_cases_unspecified,claim,claim_comparison:claim_cmp_049,claim_comparison,
compared_with,matched provenance identifier,claim:claim_rec_src_search_619f95867581_001_deaths,claim,claim_comparison:claim_cmp_050,claim_comparison,
compared_with,matched provenance identifier,claim:claim_rec_src_search_f4f555107be5_005_cases_unspecified,claim,claim_comparison:claim_cmp_050,claim_comparison,
compared_with,matched provenance identifier,claim:claim_rec_src_search_619f95867581_001_deaths,claim,claim_comparison:claim_cmp_051,claim_comparison,
compared_with,matched provenance identifier,claim:claim_rec_src_search_52123c6cbbdd_001_cases_unspecified,claim,claim_comparison:claim_cmp_051,claim_comparison,
compared_with,matched provenance identifier,claim:claim_rec_src_search_619f95867581_001_deaths,claim,claim_comparison:claim_cmp_052,claim_comparison,
compared_with,matched provenance identifier,claim:claim_rec_src_search_0cb54d17a3e3_001_cases_probable,claim,claim_comparison:claim_cmp_052,claim_comparison,
compared_with,matched provenance identifier,claim:claim_rec_src_search_619f95867581_001_deaths,claim,claim_comparison:claim_cmp_053,claim_comparison,
compared_with,matched provenance identifier,claim:claim_rec_src_search_0cb54d17a3e3_001_deaths,claim,claim_comparison:claim_cmp_053,claim_comparison,
compared_with,matched provenance identifier,claim:claim_rec_src_search_619f95867581_001_deaths,claim,claim_comparison:claim_cmp_054,claim_comparison,
compared_with,matched provenance identifier,claim:claim_rec_src_search_0cb54d17a3e3_002_deaths,claim,claim_comparison:claim_cmp_054,claim_comparison,
compared_with,matched provenance identifier,claim:claim_rec_src_search_619f95867581_001_deaths,claim,claim_comparison:claim_cmp_055,claim_comparison,
compared_with,matched provenance identifier,claim:claim_rec_src_search_0cb54d17a3e3_003_observation,claim,claim_comparison:claim_cmp_055,claim_comparison,
compared_with,matched provenance identifier,claim:claim_rec_src_search_619f95867581_001_deaths,claim,claim_comparison:claim_cmp_056,claim_comparison,
compared_with,matched provenance identifier,claim:claim_rec_src_search_0cb54d17a3e3_005_cases_unspecified,claim,claim_comparison:claim_cmp_056,claim_comparison,
compared_with,matched provenance identifier,claim:claim_rec_src_search_619f95867581_001_deaths,claim,claim_comparison:claim_cmp_057,claim_comparison,
compared_with,matched provenance identifier,claim:claim_rec_src_search_0cb54d17a3e3_005_deaths,claim,claim_comparison:claim_cmp_057,claim_comparison,
compared_with,matched provenance identifier,claim:claim_rec_src_search_619f95867581_001_deaths,claim,claim_comparison:claim_cmp_058,claim_comparison,
compared_with,matched provenance identifier,claim:claim_rec_src_search_8a863e6c52f9_001_cases_probable,claim,claim_comparison:claim_cmp_058,claim_comparison,
compared_with,matched provenance identifier,claim:claim_rec_src_search_619f95867581_001_deaths,claim,claim_comparison:claim_cmp_059,claim_comparison,
compared_with,matched provenance identifier,claim:claim_rec_src_search_8a863e6c52f9_002_cases_probable,claim,claim_comparison:claim_cmp_059,claim_comparison,
compared_with,matched provenance identifier,claim:claim_rec_src_search_c543063343d0_001_cases_probable,claim,claim_comparison:claim_cmp_060,claim_comparison,
compared_with,matched provenance identifier,claim:claim_rec_src_search_c543063343d0_002_observation,claim,claim_comparison:claim_cmp_060,claim_comparison,
compared_with,matched provenance identifier,claim:claim_rec_src_search_c543063343d0_001_cases_probable,claim,claim_comparison:claim_cmp_061,claim_comparison,
compared_with,matched provenance identifier,claim:claim_rec_src_search_89d26cc955fb_001_cases_unspecified,claim,claim_comparison:claim_cmp_061,claim_comparison,
compared_with,matched provenance identifier,claim:claim_rec_src_search_c543063343d0_001_cases_probable,claim,claim_comparison:claim_cmp_062,claim_comparison,
compared_with,matched provenance identifier,claim:claim_rec_src_search_89d26cc955fb_001_deaths,claim,claim_comparison:claim_cmp_062,claim_comparison,
compared_with,matched provenance identifier,claim:claim_rec_src_search_c543063343d0_001_cases_probable,claim,claim_comparison:claim_cmp_063,claim_comparison,
compared_with,matched provenance identifier,claim:claim_rec_src_search_89d26cc955fb_002_deaths,claim,claim_comparison:claim_cmp_063,claim_comparison,
compared_with,matched provenance identifier,claim:claim_rec_src_search_c543063343d0_001_cases_probable,claim,claim_comparison:claim_cmp_064,claim_comparison,
compared_with,matched provenance identifier,claim:claim_rec_src_search_89d26cc955fb_003_cases_confirmed,claim,claim_comparison:claim_cmp_064,claim_comparison,
compared_with,matched provenance identifier,claim:claim_rec_src_search_c543063343d0_001_cases_probable,claim,claim_comparison:claim_cmp_065,claim_comparison,
compared_with,matched provenance identifier,claim:claim_rec_src_search_89d26cc955fb_004_cases_unspecified,claim,claim_comparison:claim_cmp_065,claim_comparison,
compared_with,matched provenance identifier,claim:claim_rec_src_search_c543063343d0_001_cases_probable,claim,claim_comparison:claim_cmp_066,claim_comparison,
compared_with,matched provenance identifier,claim:claim_rec_src_search_89d26cc955fb_005_cases_unspecified,claim,claim_comparison:claim_cmp_066,claim_comparison,
compared_with,matched provenance identifier,claim:claim_rec_src_search_c543063343d0_001_cases_probable,claim,claim_comparison:claim_cmp_067,claim_comparison,
compared_with,matched provenance identifier,claim:claim_rec_src_search_89d26cc955fb_006_deaths,claim,claim_comparison:claim_cmp_067,claim_comparison,
compared_with,matched provenance identifier,claim:claim_rec_src_search_c543063343d0_001_cases_probable,claim,claim_comparison:claim_cmp_068,claim_comparison,
compared_with,matched provenance identifier,claim:claim_rec_src_search_89d26cc955fb_007_deaths,claim,claim_comparison:claim_cmp_068,claim_comparison,
compared_with,matched provenance identifier,claim:claim_rec_src_search_c543063343d0_001_cases_probable,claim,claim_comparison:claim_cmp_069,claim_comparison,
compared_with,matched provenance identifier,claim:claim_rec_src_search_89d26cc955fb_008_observation,claim,claim_comparison:claim_cmp_069,claim_comparison,
compared_with,matched provenance identifier,claim:claim_rec_src_search_c543063343d0_001_cases_probable,claim,claim_comparison:claim_cmp_070,claim_comparison,
compared_with,matched provenance identifier,claim:claim_rec_src_search_89d26cc955fb_009_cases_unspecified,claim,claim_comparison:claim_cmp_070,claim_comparison,
compared_with,matched provenance identifier,claim:claim_rec_src_search_c543063343d0_001_cases_probable,claim,claim_comparison:claim_cmp_071,claim_comparison,
compared_with,matched provenance identifier,claim:claim_rec_src_search_9cacbefd56b5_001_cases_probable,claim,claim_comparison:claim_cmp_071,claim_comparison,
compared_with,matched provenance identifier,claim:claim_rec_src_search_c543063343d0_001_cases_probable,claim,claim_comparison:claim_cmp_072,claim_comparison,
compared_with,matched provenance identifier,claim:claim_rec_src_search_9cacbefd56b5_001_deaths,claim,claim_comparison:claim_cmp_072,claim_comparison,
compared_with,matched provenance identifier,claim:claim_rec_src_search_c543063343d0_001_cases_probable,claim,claim_comparison:claim_cmp_073,claim_comparison,
compared_with,matched provenance identifier,claim:claim_rec_src_search_9cacbefd56b5_002_deaths,claim,claim_comparison:claim_cmp_073,claim_comparison,
compared_with,matched provenance identifier,claim:claim_rec_src_search_c543063343d0_001_cases_probable,claim,claim_comparison:claim_cmp_074,claim_comparison,
compared_with,matched provenance identifier,claim:claim_rec_src_search_f4f555107be5_001_cases_unspecified,claim,claim_comparison:claim_cmp_074,claim_comparison,
compared_with,matched provenance identifier,claim:claim_rec_src_search_c543063343d0_001_cases_probable,claim,claim_comparison:claim_cmp_075,claim_comparison,
compared_with,matched provenance identifier,claim:claim_rec_src_search_f4f555107be5_002_cases_unspecified,claim,claim_comparison:claim_cmp_075,claim_comparison,
compared_with,matched provenance identifier,claim:claim_rec_src_search_c543063343d0_001_cases_probable,claim,claim_comparison:claim_cmp_076,claim_comparison,
compared_with,matched provenance identifier,claim:claim_rec_src_search_f4f555107be5_003_deaths,claim,claim_comparison:claim_cmp_076,claim_comparison,
compared_with,matched provenance identifier,claim:claim_rec_src_search_c543063343d0_001_cases_probable,claim,claim_comparison:claim_cmp_077,claim_comparison,
compared_with,matched provenance identifier,claim:claim_rec_src_search_f4f555107be5_004_cases_unspecified,claim,claim_comparison:claim_cmp_077,claim_comparison,
compared_with,matched provenance identifier,claim:claim_rec_src_search_c543063343d0_001_cases_probable,claim,claim_comparison:claim_cmp_078,claim_comparison,
compared_with,matched provenance identifier,claim:claim_rec_src_search_f4f555107be5_005_cases_unspecified,claim,claim_comparison:claim_cmp_078,claim_comparison,
compared_with,matched provenance identifier,claim:claim_rec_src_search_c543063343d0_001_cases_probable,claim,claim_comparison:claim_cmp_079,claim_comparison,
compared_with,matched provenance identifier,claim:claim_rec_src_search_52123c6cbbdd_001_cases_unspecified,claim,claim_comparison:claim_cmp_079,claim_comparison,
compared_with,matched provenance identifier,claim:claim_rec_src_search_c543063343d0_001_cases_probable,claim,claim_comparison:claim_cmp_080,claim_comparison,
compared_with,matched provenance identifier,claim:claim_rec_src_search_0cb54d17a3e3_001_cases_probable,claim,claim_comparison:claim_cmp_080,claim_comparison,
compared_with,matched provenance identifier,claim:claim_rec_src_search_c543063343d0_001_cases_probable,claim,claim_comparison:claim_cmp_081,claim_comparison,
compared_with,matched provenance identifier,claim:claim_rec_src_search_0cb54d17a3e3_001_deaths,claim,claim_comparison:claim_cmp_081,claim_comparison,
compared_with,matched provenance identifier,claim:claim_rec_src_search_c543063343d0_001_cases_probable,claim,claim_comparison:claim_cmp_082,claim_comparison,
compared_with,matched provenance identifier,claim:claim_rec_src_search_0cb54d17a3e3_002_deaths,claim,claim_comparison:claim_cmp_082,claim_comparison,
compared_with,matched provenance identifier,claim:claim_rec_src_search_c543063343d0_001_cases_probable,claim,claim_comparison:claim_cmp_083,claim_comparison,
compared_with,matched provenance identifier,claim:claim_rec_src_search_0cb54d17a3e3_003_observation,claim,claim_comparison:claim_cmp_083,claim_comparison,
compared_with,matched provenance identifier,claim:claim_rec_src_search_c543063343d0_001_cases_probable,claim,claim_comparison:claim_cmp_084,claim_comparison,
compared_with,matched provenance identifier,claim:claim_rec_src_search_0cb54d17a3e3_005_cases_unspecified,claim,claim_comparison:claim_cmp_084,claim_comparison,
compared_with,matched provenance identifier,claim:claim_rec_src_search_c543063343d0_001_cases_probable,claim,claim_comparison:claim_cmp_085,claim_comparison,
compared_with,matched provenance identifier,claim:claim_rec_src_search_0cb54d17a3e3_005_deaths,claim,claim_comparison:claim_cmp_085,claim_comparison,
compared_with,matched provenance identifier,claim:claim_rec_src_search_c543063343d0_001_cases_probable,claim,claim_comparison:claim_cmp_086,claim_comparison,
compared_with,matched provenance identifier,claim:claim_rec_src_search_8a863e6c52f9_001_cases_probable,claim,claim_comparison:claim_cmp_086,claim_comparison,
compared_with,matched provenance identifier,claim:claim_rec_src_search_c543063343d0_001_cases_probable,claim,claim_comparison:claim_cmp_087,claim_comparison,
compared_with,matched provenance identifier,claim:claim_rec_src_search_8a863e6c52f9_002_cases_probable,claim,claim_comparison:claim_cmp_087,claim_comparison,
compared_with,matched provenance identifier,claim:claim_rec_src_search_c543063343d0_002_observation,claim,claim_comparison:claim_cmp_088,claim_comparison,
compared_with,matched provenance identifier,claim:claim_rec_src_search_89d26cc955fb_001_cases_unspecified,claim,claim_comparison:claim_cmp_088,claim_comparison,
compared_with,matched provenance identifier,claim:claim_rec_src_search_c543063343d0_002_observation,claim,claim_comparison:claim_cmp_089,claim_comparison,
compared_with,matched provenance identifier,claim:claim_rec_src_search_89d26cc955fb_001_deaths,claim,claim_comparison:claim_cmp_089,claim_comparison,
compared_with,matched provenance identifier,claim:claim_rec_src_search_c543063343d0_002_observation,claim,claim_comparison:claim_cmp_090,claim_comparison,
compared_with,matched provenance identifier,claim:claim_rec_src_search_89d26cc955fb_002_deaths,claim,claim_comparison:claim_cmp_090,claim_comparison,
compared_with,matched provenance identifier,claim:claim_rec_src_search_c543063343d0_002_observation,claim,claim_comparison:claim_cmp_091,claim_comparison,
compared_with,matched provenance identifier,claim:claim_rec_src_search_89d26cc955fb_003_cases_confirmed,claim,claim_comparison:claim_cmp_091,claim_comparison,
compared_with,matched provenance identifier,claim:claim_rec_src_search_c543063343d0_002_observation,claim,claim_comparison:claim_cmp_092,claim_comparison,
compared_with,matched provenance identifier,claim:claim_rec_src_search_89d26cc955fb_004_cases_unspecified,claim,claim_comparison:claim_cmp_092,claim_comparison,
compared_with,matched provenance identifier,claim:claim_rec_src_search_c543063343d0_002_observation,claim,claim_comparison:claim_cmp_093,claim_comparison,
compared_with,matched provenance identifier,claim:claim_rec_src_search_89d26cc955fb_005_cases_unspecified,claim,claim_comparison:claim_cmp_093,claim_comparison,
compared_with,matched provenance identifier,claim:claim_rec_src_search_c543063343d0_002_observation,claim,claim_comparison:claim_cmp_094,claim_comparison,
compared_with,matched provenance identifier,claim:claim_rec_src_search_89d26cc955fb_006_deaths,claim,claim_comparison:claim_cmp_094,claim_comparison,
compared_with,matched provenance identifier,claim:claim_rec_src_search_c543063343d0_002_observation,claim,claim_comparison:claim_cmp_095,claim_comparison,
compared_with,matched provenance identifier,claim:claim_rec_src_search_89d26cc955fb_007_deaths,claim,claim_comparison:claim_cmp_095,claim_comparison,
compared_with,matched provenance identifier,claim:claim_rec_src_search_c543063343d0_002_observation,claim,claim_comparison:claim_cmp_096,claim_comparison,
compared_with,matched provenance identifier,claim:claim_rec_src_search_89d26cc955fb_008_observation,claim,claim_comparison:claim_cmp_096,claim_comparison,
compared_with,matched provenance identifier,claim:claim_rec_src_search_c543063343d0_002_observation,claim,claim_comparison:claim_cmp_097,claim_comparison,
compared_with,matched provenance identifier,claim:claim_rec_src_search_89d26cc955fb_009_cases_unspecified,claim,claim_comparison:claim_cmp_097,claim_comparison,
compared_with,matched provenance identifier,claim:claim_rec_src_search_c543063343d0_002_observation,claim,claim_comparison:claim_cmp_098,claim_comparison,
compared_with,matched provenance identifier,claim:claim_rec_src_search_9cacbefd56b5_001_cases_probable,claim,claim_comparison:claim_cmp_098,claim_comparison,
compared_with,matched provenance identifier,claim:claim_rec_src_search_c543063343d0_002_observation,claim,claim_comparison:claim_cmp_099,claim_comparison,
compared_with,matched provenance identifier,claim:claim_rec_src_search_9cacbefd56b5_001_deaths,claim,claim_comparison:claim_cmp_099,claim_comparison,
compared_with,matched provenance identifier,claim:claim_rec_src_search_c543063343d0_002_observation,claim,claim_comparison:claim_cmp_100,claim_comparison,
compared_with,matched provenance identifier,claim:claim_rec_src_search_9cacbefd56b5_002_deaths,claim,claim_comparison:claim_cmp_100,claim_comparison,
compared_with,matched provenance identifier,claim:claim_rec_src_search_c543063343d0_002_observation,claim,claim_comparison:claim_cmp_101,claim_comparison,
compared_with,matched provenance identifier,claim:claim_rec_src_search_f4f555107be5_001_cases_unspecified,claim,claim_comparison:claim_cmp_101,claim_comparison,
compared_with,matched provenance identifier,claim:claim_rec_src_search_c543063343d0_002_observation,claim,claim_comparison:claim_cmp_102,claim_comparison,
compared_with,matched provenance identifier,claim:claim_rec_src_search_f4f555107be5_002_cases_unspecified,claim,claim_comparison:claim_cmp_102,claim_comparison,
compared_with,matched provenance identifier,claim:claim_rec_src_search_c543063343d0_002_observation,claim,claim_comparison:claim_cmp_103,claim_comparison,
compared_with,matched provenance identifier,claim:claim_rec_src_search_f4f555107be5_003_deaths,claim,claim_comparison:claim_cmp_103,claim_comparison,
compared_with,matched provenance identifier,claim:claim_rec_src_search_c543063343d0_002_observation,claim,claim_comparison:claim_cmp_104,claim_comparison,
compared_with,matched provenance identifier,claim:claim_rec_src_search_f4f555107be5_004_cases_unspecified,claim,claim_comparison:claim_cmp_104,claim_comparison,
compared_with,matched provenance identifier,claim:claim_rec_src_search_c543063343d0_002_observation,claim,claim_comparison:claim_cmp_105,claim_comparison,
compared_with,matched provenance identifier,claim:claim_rec_src_search_f4f555107be5_005_cases_unspecified,claim,claim_comparison:claim_cmp_105,claim_comparison,
compared_with,matched provenance identifier,claim:claim_rec_src_search_c543063343d0_002_observation,claim,claim_comparison:claim_cmp_106,claim_comparison,
compared_with,matched provenance identifier,claim:claim_rec_src_search_52123c6cbbdd_001_cases_unspecified,claim,claim_comparison:claim_cmp_106,claim_comparison,
compared_with,matched provenance identifier,claim:claim_rec_src_search_c543063343d0_002_observation,claim,claim_comparison:claim_cmp_107,claim_comparison,
compared_with,matched provenance identifier,claim:claim_rec_src_search_0cb54d17a3e3_001_cases_probable,claim,claim_comparison:claim_cmp_107,claim_comparison,
compared_with,matched provenance identifier,claim:claim_rec_src_search_c543063343d0_002_observation,claim,claim_comparison:claim_cmp_108,claim_comparison,
compared_with,matched provenance identifier,claim:claim_rec_src_search_0cb54d17a3e3_001_deaths,claim,claim_comparison:claim_cmp_108,claim_comparison,
compared_with,matched provenance identifier,claim:claim_rec_src_search_c543063343d0_002_observation,claim,claim_comparison:claim_cmp_109,claim_comparison,
compared_with,matched provenance identifier,claim:claim_rec_src_search_0cb54d17a3e3_002_deaths,claim,claim_comparison:claim_cmp_109,claim_comparison,
compared_with,matched provenance identifier,claim:claim_rec_src_search_c543063343d0_002_observation,claim,claim_comparison:claim_cmp_110,claim_comparison,
compared_with,matched provenance identifier,claim:claim_rec_src_search_0cb54d17a3e3_003_observation,claim,claim_comparison:claim_cmp_110,claim_comparison,
compared_with,matched provenance identifier,claim:claim_rec_src_search_c543063343d0_002_observation,claim,claim_comparison:claim_cmp_111,claim_comparison,
compared_with,matched provenance identifier,claim:claim_rec_src_search_0cb54d17a3e3_005_cases_unspecified,claim,claim_comparison:claim_cmp_111,claim_comparison,
compared_with,matched provenance identifier,claim:claim_rec_src_search_c543063343d0_002_observation,claim,claim_comparison:claim_cmp_112,claim_comparison,
compared_with,matched provenance identifier,claim:claim_rec_src_search_0cb54d17a3e3_005_deaths,claim,claim_comparison:claim_cmp_112,claim_comparison,
compared_with,matched provenance identifier,claim:claim_rec_src_search_c543063343d0_002_observation,claim,claim_comparison:claim_cmp_113,claim_comparison,
compared_with,matched provenance identifier,claim:claim_rec_src_search_8a863e6c52f9_001_cases_probable,claim,claim_comparison:claim_cmp_113,claim_comparison,
compared_with,matched provenance identifier,claim:claim_rec_src_search_c543063343d0_002_observation,claim,claim_comparison:claim_cmp_114,claim_comparison,
compared_with,matched provenance identifier,claim:claim_rec_src_search_8a863e6c52f9_002_cases_probable,claim,claim_comparison:claim_cmp_114,claim_comparison,
compared_with,matched provenance identifier,claim:claim_rec_src_search_89d26cc955fb_001_cases_unspecified,claim,claim_comparison:claim_cmp_115,claim_comparison,
compared_with,matched provenance identifier,claim:claim_rec_src_search_89d26cc955fb_001_deaths,claim,claim_comparison:claim_cmp_115,claim_comparison,
compared_with,matched provenance identifier,claim:claim_rec_src_search_89d26cc955fb_001_cases_unspecified,claim,claim_comparison:claim_cmp_116,claim_comparison,
compared_with,matched provenance identifier,claim:claim_rec_src_search_89d26cc955fb_002_deaths,claim,claim_comparison:claim_cmp_116,claim_comparison,
compared_with,matched provenance identifier,claim:claim_rec_src_search_89d26cc955fb_001_cases_unspecified,claim,claim_comparison:claim_cmp_117,claim_comparison,
compared_with,matched provenance identifier,claim:claim_rec_src_search_89d26cc955fb_003_cases_confirmed,claim,claim_comparison:claim_cmp_117,claim_comparison,
compared_with,matched provenance identifier,claim:claim_rec_src_search_89d26cc955fb_001_cases_unspecified,claim,claim_comparison:claim_cmp_118,claim_comparison,
compared_with,matched provenance identifier,claim:claim_rec_src_search_89d26cc955fb_004_cases_unspecified,claim,claim_comparison:claim_cmp_118,claim_comparison,
compared_with,matched provenance identifier,claim:claim_rec_src_search_89d26cc955fb_001_cases_unspecified,claim,claim_comparison:claim_cmp_119,claim_comparison,
compared_with,matched provenance identifier,claim:claim_rec_src_search_89d26cc955fb_005_cases_unspecified,claim,claim_comparison:claim_cmp_119,claim_comparison,
compared_with,matched provenance identifier,claim:claim_rec_src_search_89d26cc955fb_001_cases_unspecified,claim,claim_comparison:claim_cmp_120,claim_comparison,
compared_with,matched provenance identifier,claim:claim_rec_src_search_89d26cc955fb_006_deaths,claim,claim_comparison:claim_cmp_120,claim_comparison,
compared_with,matched provenance identifier,claim:claim_rec_src_search_89d26cc955fb_001_cases_unspecified,claim,claim_comparison:claim_cmp_121,claim_comparison,
compared_with,matched provenance identifier,claim:claim_rec_src_search_89d26cc955fb_007_deaths,claim,claim_comparison:claim_cmp_121,claim_comparison,
compared_with,matched provenance identifier,claim:claim_rec_src_search_89d26cc955fb_001_cases_unspecified,claim,claim_comparison:claim_cmp_122,claim_comparison,
compared_with,matched provenance identifier,claim:claim_rec_src_search_89d26cc955fb_008_observation,claim,claim_comparison:claim_cmp_122,claim_comparison,
compared_with,matched provenance identifier,claim:claim_rec_src_search_89d26cc955fb_001_cases_unspecified,claim,claim_comparison:claim_cmp_123,claim_comparison,
compared_with,matched provenance identifier,claim:claim_rec_src_search_89d26cc955fb_009_cases_unspecified,claim,claim_comparison:claim_cmp_123,claim_comparison,
compared_with,matched provenance identifier,claim:claim_rec_src_search_89d26cc955fb_001_cases_unspecified,claim,claim_comparison:claim_cmp_124,claim_comparison,
compared_with,matched provenance identifier,claim:claim_rec_src_search_9cacbefd56b5_001_cases_probable,claim,claim_comparison:claim_cmp_124,claim_comparison,
compared_with,matched provenance identifier,claim:claim_rec_src_search_89d26cc955fb_001_cases_unspecified,claim,claim_comparison:claim_cmp_125,claim_comparison,
compared_with,matched provenance identifier,claim:claim_rec_src_search_9cacbefd56b5_001_deaths,claim,claim_comparison:claim_cmp_125,claim_comparison,
compared_with,matched provenance identifier,claim:claim_rec_src_search_89d26cc955fb_001_cases_unspecified,claim,claim_comparison:claim_cmp_126,claim_comparison,
compared_with,matched provenance identifier,claim:claim_rec_src_search_9cacbefd56b5_002_deaths,claim,claim_comparison:claim_cmp_126,claim_comparison,
compared_with,matched provenance identifier,claim:claim_rec_src_search_89d26cc955fb_001_cases_unspecified,claim,claim_comparison:claim_cmp_127,claim_comparison,
compared_with,matched provenance identifier,claim:claim_rec_src_search_f4f555107be5_001_cases_unspecified,claim,claim_comparison:claim_cmp_127,claim_comparison,
compared_with,matched provenance identifier,claim:claim_rec_src_search_89d26cc955fb_001_cases_unspecified,claim,claim_comparison:claim_cmp_128,claim_comparison,
compared_with,matched provenance identifier,claim:claim_rec_src_search_f4f555107be5_002_cases_unspecified,claim,claim_comparison:claim_cmp_128,claim_comparison,
compared_with,matched provenance identifier,claim:claim_rec_src_search_89d26cc955fb_001_cases_unspecified,claim,claim_comparison:claim_cmp_129,claim_comparison,
compared_with,matched provenance identifier,claim:claim_rec_src_search_f4f555107be5_003_deaths,claim,claim_comparison:claim_cmp_129,claim_comparison,
compared_with,matched provenance identifier,claim:claim_rec_src_search_89d26cc955fb_001_cases_unspecified,claim,claim_comparison:claim_cmp_130,claim_comparison,
compared_with,matched provenance identifier,claim:claim_rec_src_search_f4f555107be5_004_cases_unspecified,claim,claim_comparison:claim_cmp_130,claim_comparison,
compared_with,matched provenance identifier,claim:claim_rec_src_search_89d26cc955fb_001_cases_unspecified,claim,claim_comparison:claim_cmp_131,claim_comparison,
compared_with,matched provenance identifier,claim:claim_rec_src_search_f4f555107be5_005_cases_unspecified,claim,claim_comparison:claim_cmp_131,claim_comparison,
compared_with,matched provenance identifier,claim:claim_rec_src_search_89d26cc955fb_001_cases_unspecified,claim,claim_comparison:claim_cmp_132,claim_comparison,
compared_with,matched provenance identifier,claim:claim_rec_src_search_52123c6cbbdd_001_cases_unspecified,claim,claim_comparison:claim_cmp_132,claim_comparison,
compared_with,matched provenance identifier,claim:claim_rec_src_search_89d26cc955fb_001_cases_unspecified,claim,claim_comparison:claim_cmp_133,claim_comparison,
compared_with,matched provenance identifier,claim:claim_rec_src_search_0cb54d17a3e3_001_cases_probable,claim,claim_comparison:claim_cmp_133,claim_comparison,
compared_with,matched provenance identifier,claim:claim_rec_src_search_89d26cc955fb_001_cases_unspecified,claim,claim_comparison:claim_cmp_134,claim_comparison,
compared_with,matched provenance identifier,claim:claim_rec_src_search_0cb54d17a3e3_001_deaths,claim,claim_comparison:claim_cmp_134,claim_comparison,
compared_with,matched provenance identifier,claim:claim_rec_src_search_89d26cc955fb_001_cases_unspecified,claim,claim_comparison:claim_cmp_135,claim_comparison,
compared_with,matched provenance identifier,claim:claim_rec_src_search_0cb54d17a3e3_002_deaths,claim,claim_comparison:claim_cmp_135,claim_comparison,
compared_with,matched provenance identifier,claim:claim_rec_src_search_89d26cc955fb_001_cases_unspecified,claim,claim_comparison:claim_cmp_136,claim_comparison,
compared_with,matched provenance identifier,claim:claim_rec_src_search_0cb54d17a3e3_003_observation,claim,claim_comparison:claim_cmp_136,claim_comparison,
compared_with,matched provenance identifier,claim:claim_rec_src_search_89d26cc955fb_001_cases_unspecified,claim,claim_comparison:claim_cmp_137,claim_comparison,
compared_with,matched provenance identifier,claim:claim_rec_src_search_0cb54d17a3e3_005_cases_unspecified,claim,claim_comparison:claim_cmp_137,claim_comparison,
compared_with,matched provenance identifier,claim:claim_rec_src_search_89d26cc955fb_001_cases_unspecified,claim,claim_comparison:claim_cmp_138,claim_comparison,
compared_with,matched provenance identifier,claim:claim_rec_src_search_0cb54d17a3e3_005_deaths,claim,claim_comparison:claim_cmp_138,claim_comparison,
compared_with,matched provenance identifier,claim:claim_rec_src_search_89d26cc955fb_001_cases_unspecified,claim,claim_comparison:claim_cmp_139,claim_comparison,
compared_with,matched provenance identifier,claim:claim_rec_src_search_8a863e6c52f9_001_cases_probable,claim,claim_comparison:claim_cmp_139,claim_comparison,
compared_with,matched provenance identifier,claim:claim_rec_src_search_89d26cc955fb_001_cases_unspecified,claim,claim_comparison:claim_cmp_140,claim_comparison,
compared_with,matched provenance identifier,claim:claim_rec_src_search_8a863e6c52f9_002_cases_probable,claim,claim_comparison:claim_cmp_140,claim_comparison,
compared_with,matched provenance identifier,claim:claim_rec_src_search_89d26cc955fb_001_deaths,claim,claim_comparison:claim_cmp_141,claim_comparison,
compared_with,matched provenance identifier,claim:claim_rec_src_search_89d26cc955fb_002_deaths,claim,claim_comparison:claim_cmp_141,claim_comparison,
compared_with,matched provenance identifier,claim:claim_rec_src_search_89d26cc955fb_001_deaths,claim,claim_comparison:claim_cmp_142,claim_comparison,
compared_with,matched provenance identifier,claim:claim_rec_src_search_89d26cc955fb_003_cases_confirmed,claim,claim_comparison:claim_cmp_142,claim_comparison,
compared_with,matched provenance identifier,claim:claim_rec_src_search_89d26cc955fb_001_deaths,claim,claim_comparison:claim_cmp_143,claim_comparison,
compared_with,matched provenance identifier,claim:claim_rec_src_search_89d26cc955fb_004_cases_unspecified,claim,claim_comparison:claim_cmp_143,claim_comparison,
compared_with,matched provenance identifier,claim:claim_rec_src_search_89d26cc955fb_001_deaths,claim,claim_comparison:claim_cmp_144,claim_comparison,
compared_with,matched provenance identifier,claim:claim_rec_src_search_89d26cc955fb_005_cases_unspecified,claim,claim_comparison:claim_cmp_144,claim_comparison,
compared_with,matched provenance identifier,claim:claim_rec_src_search_89d26cc955fb_001_deaths,claim,claim_comparison:claim_cmp_145,claim_comparison,
compared_with,matched provenance identifier,claim:claim_rec_src_search_89d26cc955fb_006_deaths,claim,claim_comparison:claim_cmp_145,claim_comparison,
compared_with,matched provenance identifier,claim:claim_rec_src_search_89d26cc955fb_001_deaths,claim,claim_comparison:claim_cmp_146,claim_comparison,
compared_with,matched provenance identifier,claim:claim_rec_src_search_89d26cc955fb_007_deaths,claim,claim_comparison:claim_cmp_146,claim_comparison,
compared_with,matched provenance identifier,claim:claim_rec_src_search_89d26cc955fb_001_deaths,claim,claim_comparison:claim_cmp_147,claim_comparison,
compared_with,matched provenance identifier,claim:claim_rec_src_search_89d26cc955fb_008_observation,claim,claim_comparison:claim_cmp_147,claim_comparison,
compared_with,matched provenance identifier,claim:claim_rec_src_search_89d26cc955fb_001_deaths,claim,claim_comparison:claim_cmp_148,claim_comparison,
compared_with,matched provenance identifier,claim:claim_rec_src_search_89d26cc955fb_009_cases_unspecified,claim,claim_comparison:claim_cmp_148,claim_comparison,
compared_with,matched provenance identifier,claim:claim_rec_src_search_89d26cc955fb_001_deaths,claim,claim_comparison:claim_cmp_149,claim_comparison,
compared_with,matched provenance identifier,claim:claim_rec_src_search_9cacbefd56b5_001_cases_probable,claim,claim_comparison:claim_cmp_149,claim_comparison,
compared_with,matched provenance identifier,claim:claim_rec_src_search_89d26cc955fb_001_deaths,claim,claim_comparison:claim_cmp_150,claim_comparison,
compared_with,matched provenance identifier,claim:claim_rec_src_search_9cacbefd56b5_001_deaths,claim,claim_comparison:claim_cmp_150,claim_comparison,
compared_with,matched provenance identifier,claim:claim_rec_src_search_89d26cc955fb_001_deaths,claim,claim_comparison:claim_cmp_151,claim_comparison,
compared_with,matched provenance identifier,claim:claim_rec_src_search_9cacbefd56b5_002_deaths,claim,claim_comparison:claim_cmp_151,claim_comparison,
compared_with,matched provenance identifier,claim:claim_rec_src_search_89d26cc955fb_001_deaths,claim,claim_comparison:claim_cmp_152,claim_comparison,
compared_with,matched provenance identifier,claim:claim_rec_src_search_f4f555107be5_001_cases_unspecified,claim,claim_comparison:claim_cmp_152,claim_comparison,
compared_with,matched provenance identifier,claim:claim_rec_src_search_89d26cc955fb_001_deaths,claim,claim_comparison:claim_cmp_153,claim_comparison,
compared_with,matched provenance identifier,claim:claim_rec_src_search_f4f555107be5_002_cases_unspecified,claim,claim_comparison:claim_cmp_153,claim_comparison,
compared_with,matched provenance identifier,claim:claim_rec_src_search_89d26cc955fb_001_deaths,claim,claim_comparison:claim_cmp_154,claim_comparison,
compared_with,matched provenance identifier,claim:claim_rec_src_search_f4f555107be5_003_deaths,claim,claim_comparison:claim_cmp_154,claim_comparison,
compared_with,matched provenance identifier,claim:claim_rec_src_search_89d26cc955fb_001_deaths,claim,claim_comparison:claim_cmp_155,claim_comparison,
compared_with,matched provenance identifier,claim:claim_rec_src_search_f4f555107be5_004_cases_unspecified,claim,claim_comparison:claim_cmp_155,claim_comparison,
compared_with,matched provenance identifier,claim:claim_rec_src_search_89d26cc955fb_001_deaths,claim,claim_comparison:claim_cmp_156,claim_comparison,
compared_with,matched provenance identifier,claim:claim_rec_src_search_f4f555107be5_005_cases_unspecified,claim,claim_comparison:claim_cmp_156,claim_comparison,
compared_with,matched provenance identifier,claim:claim_rec_src_search_89d26cc955fb_001_deaths,claim,claim_comparison:claim_cmp_157,claim_comparison,
compared_with,matched provenance identifier,claim:claim_rec_src_search_52123c6cbbdd_001_cases_unspecified,claim,claim_comparison:claim_cmp_157,claim_comparison,
compared_with,matched provenance identifier,claim:claim_rec_src_search_89d26cc955fb_001_deaths,claim,claim_comparison:claim_cmp_158,claim_comparison,
compared_with,matched provenance identifier,claim:claim_rec_src_search_0cb54d17a3e3_001_cases_probable,claim,claim_comparison:claim_cmp_158,claim_comparison,
compared_with,matched provenance identifier,claim:claim_rec_src_search_89d26cc955fb_001_deaths,claim,claim_comparison:claim_cmp_159,claim_comparison,
compared_with,matched provenance identifier,claim:claim_rec_src_search_0cb54d17a3e3_001_deaths,claim,claim_comparison:claim_cmp_159,claim_comparison,
compared_with,matched provenance identifier,claim:claim_rec_src_search_89d26cc955fb_001_deaths,claim,claim_comparison:claim_cmp_160,claim_comparison,
compared_with,matched provenance identifier,claim:claim_rec_src_search_0cb54d17a3e3_002_deaths,claim,claim_comparison:claim_cmp_160,claim_comparison,
compared_with,matched provenance identifier,claim:claim_rec_src_search_89d26cc955fb_001_deaths,claim,claim_comparison:claim_cmp_161,claim_comparison,
compared_with,matched provenance identifier,claim:claim_rec_src_search_0cb54d17a3e3_003_observation,claim,claim_comparison:claim_cmp_161,claim_comparison,
compared_with,matched provenance identifier,claim:claim_rec_src_search_89d26cc955fb_001_deaths,claim,claim_comparison:claim_cmp_162,claim_comparison,
compared_with,matched provenance identifier,claim:claim_rec_src_search_0cb54d17a3e3_005_cases_unspecified,claim,claim_comparison:claim_cmp_162,claim_comparison,
compared_with,matched provenance identifier,claim:claim_rec_src_search_89d26cc955fb_001_deaths,claim,claim_comparison:claim_cmp_163,claim_comparison,
compared_with,matched provenance identifier,claim:claim_rec_src_search_0cb54d17a3e3_005_deaths,claim,claim_comparison:claim_cmp_163,claim_comparison,
compared_with,matched provenance identifier,claim:claim_rec_src_search_89d26cc955fb_001_deaths,claim,claim_comparison:claim_cmp_164,claim_comparison,
compared_with,matched provenance identifier,claim:claim_rec_src_search_8a863e6c52f9_001_cases_probable,claim,claim_comparison:claim_cmp_164,claim_comparison,
compared_with,matched provenance identifier,claim:claim_rec_src_search_89d26cc955fb_001_deaths,claim,claim_comparison:claim_cmp_165,claim_comparison,
compared_with,matched provenance identifier,claim:claim_rec_src_search_8a863e6c52f9_002_cases_probable,claim,claim_comparison:claim_cmp_165,claim_comparison,
compared_with,matched provenance identifier,claim:claim_rec_src_search_89d26cc955fb_002_deaths,claim,claim_comparison:claim_cmp_166,claim_comparison,
compared_with,matched provenance identifier,claim:claim_rec_src_search_89d26cc955fb_003_cases_confirmed,claim,claim_comparison:claim_cmp_166,claim_comparison,
compared_with,matched provenance identifier,claim:claim_rec_src_search_89d26cc955fb_002_deaths,claim,claim_comparison:claim_cmp_167,claim_comparison,
compared_with,matched provenance identifier,claim:claim_rec_src_search_89d26cc955fb_004_cases_unspecified,claim,claim_comparison:claim_cmp_167,claim_comparison,
compared_with,matched provenance identifier,claim:claim_rec_src_search_89d26cc955fb_002_deaths,claim,claim_comparison:claim_cmp_168,claim_comparison,
compared_with,matched provenance identifier,claim:claim_rec_src_search_89d26cc955fb_005_cases_unspecified,claim,claim_comparison:claim_cmp_168,claim_comparison,
compared_with,matched provenance identifier,claim:claim_rec_src_search_89d26cc955fb_002_deaths,claim,claim_comparison:claim_cmp_169,claim_comparison,
compared_with,matched provenance identifier,claim:claim_rec_src_search_89d26cc955fb_006_deaths,claim,claim_comparison:claim_cmp_169,claim_comparison,
compared_with,matched provenance identifier,claim:claim_rec_src_search_89d26cc955fb_002_deaths,claim,claim_comparison:claim_cmp_170,claim_comparison,
compared_with,matched provenance identifier,claim:claim_rec_src_search_89d26cc955fb_007_deaths,claim,claim_comparison:claim_cmp_170,claim_comparison,
compared_with,matched provenance identifier,claim:claim_rec_src_search_89d26cc955fb_002_deaths,claim,claim_comparison:claim_cmp_171,claim_comparison,
compared_with,matched provenance identifier,claim:claim_rec_src_search_89d26cc955fb_008_observation,claim,claim_comparison:claim_cmp_171,claim_comparison,
compared_with,matched provenance identifier,claim:claim_rec_src_search_89d26cc955fb_002_deaths,claim,claim_comparison:claim_cmp_172,claim_comparison,
compared_with,matched provenance identifier,claim:claim_rec_src_search_89d26cc955fb_009_cases_unspecified,claim,claim_comparison:claim_cmp_172,claim_comparison,
compared_with,matched provenance identifier,claim:claim_rec_src_search_89d26cc955fb_002_deaths,claim,claim_comparison:claim_cmp_173,claim_comparison,
compared_with,matched provenance identifier,claim:claim_rec_src_search_9cacbefd56b5_001_cases_probable,claim,claim_comparison:claim_cmp_173,claim_comparison,
compared_with,matched provenance identifier,claim:claim_rec_src_search_89d26cc955fb_002_deaths,claim,claim_comparison:claim_cmp_174,claim_comparison,
compared_with,matched provenance identifier,claim:claim_rec_src_search_9cacbefd56b5_001_deaths,claim,claim_comparison:claim_cmp_174,claim_comparison,
compared_with,matched provenance identifier,claim:claim_rec_src_search_89d26cc955fb_002_deaths,claim,claim_comparison:claim_cmp_175,claim_comparison,
compared_with,matched provenance identifier,claim:claim_rec_src_search_9cacbefd56b5_002_deaths,claim,claim_comparison:claim_cmp_175,claim_comparison,
compared_with,matched provenance identifier,claim:claim_rec_src_search_89d26cc955fb_002_deaths,claim,claim_comparison:claim_cmp_176,claim_comparison,
compared_with,matched provenance identifier,claim:claim_rec_src_search_f4f555107be5_001_cases_unspecified,claim,claim_comparison:claim_cmp_176,claim_comparison,
compared_with,matched provenance identifier,claim:claim_rec_src_search_89d26cc955fb_002_deaths,claim,claim_comparison:claim_cmp_177,claim_comparison,
compared_with,matched provenance identifier,claim:claim_rec_src_search_f4f555107be5_002_cases_unspecified,claim,claim_comparison:claim_cmp_177,claim_comparison,
compared_with,matched provenance identifier,claim:claim_rec_src_search_89d26cc955fb_002_deaths,claim,claim_comparison:claim_cmp_178,claim_comparison,
compared_with,matched provenance identifier,claim:claim_rec_src_search_f4f555107be5_003_deaths,claim,claim_comparison:claim_cmp_178,claim_comparison,
compared_with,matched provenance identifier,claim:claim_rec_src_search_89d26cc955fb_002_deaths,claim,claim_comparison:claim_cmp_179,claim_comparison,
compared_with,matched provenance identifier,claim:claim_rec_src_search_f4f555107be5_004_cases_unspecified,claim,claim_comparison:claim_cmp_179,claim_comparison,
compared_with,matched provenance identifier,claim:claim_rec_src_search_89d26cc955fb_002_deaths,claim,claim_comparison:claim_cmp_180,claim_comparison,
compared_with,matched provenance identifier,claim:claim_rec_src_search_f4f555107be5_005_cases_unspecified,claim,claim_comparison:claim_cmp_180,claim_comparison,
compared_with,matched provenance identifier,claim:claim_rec_src_search_89d26cc955fb_002_deaths,claim,claim_comparison:claim_cmp_181,claim_comparison,
compared_with,matched provenance identifier,claim:claim_rec_src_search_52123c6cbbdd_001_cases_unspecified,claim,claim_comparison:claim_cmp_181,claim_comparison,
compared_with,matched provenance identifier,claim:claim_rec_src_search_89d26cc955fb_002_deaths,claim,claim_comparison:claim_cmp_182,claim_comparison,
compared_with,matched provenance identifier,claim:claim_rec_src_search_0cb54d17a3e3_001_cases_probable,claim,claim_comparison:claim_cmp_182,claim_comparison,
compared_with,matched provenance identifier,claim:claim_rec_src_search_89d26cc955fb_002_deaths,claim,claim_comparison:claim_cmp_183,claim_comparison,
compared_with,matched provenance identifier,claim:claim_rec_src_search_0cb54d17a3e3_001_deaths,claim,claim_comparison:claim_cmp_183,claim_comparison,
compared_with,matched provenance identifier,claim:claim_rec_src_search_89d26cc955fb_002_deaths,claim,claim_comparison:claim_cmp_184,claim_comparison,
compared_with,matched provenance identifier,claim:claim_rec_src_search_0cb54d17a3e3_002_deaths,claim,claim_comparison:claim_cmp_184,claim_comparison,
compared_with,matched provenance identifier,claim:claim_rec_src_search_89d26cc955fb_002_deaths,claim,claim_comparison:claim_cmp_185,claim_comparison,
compared_with,matched provenance identifier,claim:claim_rec_src_search_0cb54d17a3e3_003_observation,claim,claim_comparison:claim_cmp_185,claim_comparison,
compared_with,matched provenance identifier,claim:claim_rec_src_search_89d26cc955fb_002_deaths,claim,claim_comparison:claim_cmp_186,claim_comparison,
compared_with,matched provenance identifier,claim:claim_rec_src_search_0cb54d17a3e3_005_cases_unspecified,claim,claim_comparison:claim_cmp_186,claim_comparison,
compared_with,matched provenance identifier,claim:claim_rec_src_search_89d26cc955fb_002_deaths,claim,claim_comparison:claim_cmp_187,claim_comparison,
compared_with,matched provenance identifier,claim:claim_rec_src_search_0cb54d17a3e3_005_deaths,claim,claim_comparison:claim_cmp_187,claim_comparison,
compared_with,matched provenance identifier,claim:claim_rec_src_search_89d26cc955fb_002_deaths,claim,claim_comparison:claim_cmp_188,claim_comparison,
compared_with,matched provenance identifier,claim:claim_rec_src_search_8a863e6c52f9_001_cases_probable,claim,claim_comparison:claim_cmp_188,claim_comparison,
compared_with,matched provenance identifier,claim:claim_rec_src_search_89d26cc955fb_002_deaths,claim,claim_comparison:claim_cmp_189,claim_comparison,
compared_with,matched provenance identifier,claim:claim_rec_src_search_8a863e6c52f9_002_cases_probable,claim,claim_comparison:claim_cmp_189,claim_comparison,
compared_with,matched provenance identifier,claim:claim_rec_src_search_89d26cc955fb_003_cases_confirmed,claim,claim_comparison:claim_cmp_190,claim_comparison,
compared_with,matched provenance identifier,claim:claim_rec_src_search_89d26cc955fb_004_cases_unspecified,claim,claim_comparison:claim_cmp_190,claim_comparison,
compared_with,matched provenance identifier,claim:claim_rec_src_search_89d26cc955fb_003_cases_confirmed,claim,claim_comparison:claim_cmp_191,claim_comparison,
compared_with,matched provenance identifier,claim:claim_rec_src_search_89d26cc955fb_005_cases_unspecified,claim,claim_comparison:claim_cmp_191,claim_comparison,
compared_with,matched provenance identifier,claim:claim_rec_src_search_89d26cc955fb_003_cases_confirmed,claim,claim_comparison:claim_cmp_192,claim_comparison,
compared_with,matched provenance identifier,claim:claim_rec_src_search_89d26cc955fb_006_deaths,claim,claim_comparison:claim_cmp_192,claim_comparison,
compared_with,matched provenance identifier,claim:claim_rec_src_search_89d26cc955fb_003_cases_confirmed,claim,claim_comparison:claim_cmp_193,claim_comparison,
compared_with,matched provenance identifier,claim:claim_rec_src_search_89d26cc955fb_007_deaths,claim,claim_comparison:claim_cmp_193,claim_comparison,
compared_with,matched provenance identifier,claim:claim_rec_src_search_89d26cc955fb_003_cases_confirmed,claim,claim_comparison:claim_cmp_194,claim_comparison,
compared_with,matched provenance identifier,claim:claim_rec_src_search_89d26cc955fb_008_observation,claim,claim_comparison:claim_cmp_194,claim_comparison,
compared_with,matched provenance identifier,claim:claim_rec_src_search_89d26cc955fb_003_cases_confirmed,claim,claim_comparison:claim_cmp_195,claim_comparison,
compared_with,matched provenance identifier,claim:claim_rec_src_search_89d26cc955fb_009_cases_unspecified,claim,claim_comparison:claim_cmp_195,claim_comparison,
compared_with,matched provenance identifier,claim:claim_rec_src_search_89d26cc955fb_003_cases_confirmed,claim,claim_comparison:claim_cmp_196,claim_comparison,
compared_with,matched provenance identifier,claim:claim_rec_src_search_9cacbefd56b5_001_cases_probable,claim,claim_comparison:claim_cmp_196,claim_comparison,
compared_with,matched provenance identifier,claim:claim_rec_src_search_89d26cc955fb_003_cases_confirmed,claim,claim_comparison:claim_cmp_197,claim_comparison,
compared_with,matched provenance identifier,claim:claim_rec_src_search_9cacbefd56b5_001_deaths,claim,claim_comparison:claim_cmp_197,claim_comparison,
compared_with,matched provenance identifier,claim:claim_rec_src_search_89d26cc955fb_003_cases_confirmed,claim,claim_comparison:claim_cmp_198,claim_comparison,
compared_with,matched provenance identifier,claim:claim_rec_src_search_9cacbefd56b5_002_deaths,claim,claim_comparison:claim_cmp_198,claim_comparison,
compared_with,matched provenance identifier,claim:claim_rec_src_search_89d26cc955fb_003_cases_confirmed,claim,claim_comparison:claim_cmp_199,claim_comparison,
compared_with,matched provenance identifier,claim:claim_rec_src_search_f4f555107be5_001_cases_unspecified,claim,claim_comparison:claim_cmp_199,claim_comparison,
compared_with,matched provenance identifier,claim:claim_rec_src_search_89d26cc955fb_003_cases_confirmed,claim,claim_comparison:claim_cmp_200,claim_comparison,
compared_with,matched provenance identifier,claim:claim_rec_src_search_f4f555107be5_002_cases_unspecified,claim,claim_comparison:claim_cmp_200,claim_comparison,
compared_with,matched provenance identifier,claim:claim_rec_src_search_89d26cc955fb_003_cases_confirmed,claim,claim_comparison:claim_cmp_201,claim_comparison,
compared_with,matched provenance identifier,claim:claim_rec_src_search_f4f555107be5_003_deaths,claim,claim_comparison:claim_cmp_201,claim_comparison,
compared_with,matched provenance identifier,claim:claim_rec_src_search_89d26cc955fb_003_cases_confirmed,claim,claim_comparison:claim_cmp_202,claim_comparison,
compared_with,matched provenance identifier,claim:claim_rec_src_search_f4f555107be5_004_cases_unspecified,claim,claim_comparison:claim_cmp_202,claim_comparison,
compared_with,matched provenance identifier,claim:claim_rec_src_search_89d26cc955fb_003_cases_confirmed,claim,claim_comparison:claim_cmp_203,claim_comparison,
compared_with,matched provenance identifier,claim:claim_rec_src_search_f4f555107be5_005_cases_unspecified,claim,claim_comparison:claim_cmp_203,claim_comparison,
compared_with,matched provenance identifier,claim:claim_rec_src_search_89d26cc955fb_003_cases_confirmed,claim,claim_comparison:claim_cmp_204,claim_comparison,
compared_with,matched provenance identifier,claim:claim_rec_src_search_52123c6cbbdd_001_cases_unspecified,claim,claim_comparison:claim_cmp_204,claim_comparison,
compared_with,matched provenance identifier,claim:claim_rec_src_search_89d26cc955fb_003_cases_confirmed,claim,claim_comparison:claim_cmp_205,claim_comparison,
compared_with,matched provenance identifier,claim:claim_rec_src_search_0cb54d17a3e3_001_cases_probable,claim,claim_comparison:claim_cmp_205,claim_comparison,
compared_with,matched provenance identifier,claim:claim_rec_src_search_89d26cc955fb_003_cases_confirmed,claim,claim_comparison:claim_cmp_206,claim_comparison,
compared_with,matched provenance identifier,claim:claim_rec_src_search_0cb54d17a3e3_001_deaths,claim,claim_comparison:claim_cmp_206,claim_comparison,
compared_with,matched provenance identifier,claim:claim_rec_src_search_89d26cc955fb_003_cases_confirmed,claim,claim_comparison:claim_cmp_207,claim_comparison,
compared_with,matched provenance identifier,claim:claim_rec_src_search_0cb54d17a3e3_002_deaths,claim,claim_comparison:claim_cmp_207,claim_comparison,
compared_with,matched provenance identifier,claim:claim_rec_src_search_89d26cc955fb_003_cases_confirmed,claim,claim_comparison:claim_cmp_208,claim_comparison,
compared_with,matched provenance identifier,claim:claim_rec_src_search_0cb54d17a3e3_003_observation,claim,claim_comparison:claim_cmp_208,claim_comparison,
compared_with,matched provenance identifier,claim:claim_rec_src_search_89d26cc955fb_003_cases_confirmed,claim,claim_comparison:claim_cmp_209,claim_comparison,
compared_with,matched provenance identifier,claim:claim_rec_src_search_0cb54d17a3e3_005_cases_unspecified,claim,claim_comparison:claim_cmp_209,claim_comparison,
compared_with,matched provenance identifier,claim:claim_rec_src_search_89d26cc955fb_003_cases_confirmed,claim,claim_comparison:claim_cmp_210,claim_comparison,
compared_with,matched provenance identifier,claim:claim_rec_src_search_0cb54d17a3e3_005_deaths,claim,claim_comparison:claim_cmp_210,claim_comparison,
compared_with,matched provenance identifier,claim:claim_rec_src_search_89d26cc955fb_003_cases_confirmed,claim,claim_comparison:claim_cmp_211,claim_comparison,
compared_with,matched provenance identifier,claim:claim_rec_src_search_8a863e6c52f9_001_cases_probable,claim,claim_comparison:claim_cmp_211,claim_comparison,
compared_with,matched provenance identifier,claim:claim_rec_src_search_89d26cc955fb_003_cases_confirmed,claim,claim_comparison:claim_cmp_212,claim_comparison,
compared_with,matched provenance identifier,claim:claim_rec_src_search_8a863e6c52f9_002_cases_probable,claim,claim_comparison:claim_cmp_212,claim_comparison,
compared_with,matched provenance identifier,claim:claim_rec_src_search_89d26cc955fb_004_cases_unspecified,claim,claim_comparison:claim_cmp_213,claim_comparison,
compared_with,matched provenance identifier,claim:claim_rec_src_search_89d26cc955fb_005_cases_unspecified,claim,claim_comparison:claim_cmp_213,claim_comparison,
compared_with,matched provenance identifier,claim:claim_rec_src_search_89d26cc955fb_004_cases_unspecified,claim,claim_comparison:claim_cmp_214,claim_comparison,
compared_with,matched provenance identifier,claim:claim_rec_src_search_89d26cc955fb_006_deaths,claim,claim_comparison:claim_cmp_214,claim_comparison,
compared_with,matched provenance identifier,claim:claim_rec_src_search_89d26cc955fb_004_cases_unspecified,claim,claim_comparison:claim_cmp_215,claim_comparison,
compared_with,matched provenance identifier,claim:claim_rec_src_search_89d26cc955fb_007_deaths,claim,claim_comparison:claim_cmp_215,claim_comparison,
compared_with,matched provenance identifier,claim:claim_rec_src_search_89d26cc955fb_004_cases_unspecified,claim,claim_comparison:claim_cmp_216,claim_comparison,
compared_with,matched provenance identifier,claim:claim_rec_src_search_89d26cc955fb_008_observation,claim,claim_comparison:claim_cmp_216,claim_comparison,
compared_with,matched provenance identifier,claim:claim_rec_src_search_89d26cc955fb_004_cases_unspecified,claim,claim_comparison:claim_cmp_217,claim_comparison,
compared_with,matched provenance identifier,claim:claim_rec_src_search_89d26cc955fb_009_cases_unspecified,claim,claim_comparison:claim_cmp_217,claim_comparison,
compared_with,matched provenance identifier,claim:claim_rec_src_search_89d26cc955fb_004_cases_unspecified,claim,claim_comparison:claim_cmp_218,claim_comparison,
compared_with,matched provenance identifier,claim:claim_rec_src_search_9cacbefd56b5_001_cases_probable,claim,claim_comparison:claim_cmp_218,claim_comparison,
compared_with,matched provenance identifier,claim:claim_rec_src_search_89d26cc955fb_004_cases_unspecified,claim,claim_comparison:claim_cmp_219,claim_comparison,
compared_with,matched provenance identifier,claim:claim_rec_src_search_9cacbefd56b5_001_deaths,claim,claim_comparison:claim_cmp_219,claim_comparison,
compared_with,matched provenance identifier,claim:claim_rec_src_search_89d26cc955fb_004_cases_unspecified,claim,claim_comparison:claim_cmp_220,claim_comparison,
compared_with,matched provenance identifier,claim:claim_rec_src_search_9cacbefd56b5_002_deaths,claim,claim_comparison:claim_cmp_220,claim_comparison,
compared_with,matched provenance identifier,claim:claim_rec_src_search_89d26cc955fb_004_cases_unspecified,claim,claim_comparison:claim_cmp_221,claim_comparison,
compared_with,matched provenance identifier,claim:claim_rec_src_search_f4f555107be5_001_cases_unspecified,claim,claim_comparison:claim_cmp_221,claim_comparison,
compared_with,matched provenance identifier,claim:claim_rec_src_search_89d26cc955fb_004_cases_unspecified,claim,claim_comparison:claim_cmp_222,claim_comparison,
compared_with,matched provenance identifier,claim:claim_rec_src_search_f4f555107be5_002_cases_unspecified,claim,claim_comparison:claim_cmp_222,claim_comparison,
compared_with,matched provenance identifier,claim:claim_rec_src_search_89d26cc955fb_004_cases_unspecified,claim,claim_comparison:claim_cmp_223,claim_comparison,
compared_with,matched provenance identifier,claim:claim_rec_src_search_f4f555107be5_003_deaths,claim,claim_comparison:claim_cmp_223,claim_comparison,
compared_with,matched provenance identifier,claim:claim_rec_src_search_89d26cc955fb_004_cases_unspecified,claim,claim_comparison:claim_cmp_224,claim_comparison,
compared_with,matched provenance identifier,claim:claim_rec_src_search_f4f555107be5_004_cases_unspecified,claim,claim_comparison:claim_cmp_224,claim_comparison,
compared_with,matched provenance identifier,claim:claim_rec_src_search_89d26cc955fb_004_cases_unspecified,claim,claim_comparison:claim_cmp_225,claim_comparison,
compared_with,matched provenance identifier,claim:claim_rec_src_search_f4f555107be5_005_cases_unspecified,claim,claim_comparison:claim_cmp_225,claim_comparison,
compared_with,matched provenance identifier,claim:claim_rec_src_search_89d26cc955fb_004_cases_unspecified,claim,claim_comparison:claim_cmp_226,claim_comparison,
compared_with,matched provenance identifier,claim:claim_rec_src_search_52123c6cbbdd_001_cases_unspecified,claim,claim_comparison:claim_cmp_226,claim_comparison,
compared_with,matched provenance identifier,claim:claim_rec_src_search_89d26cc955fb_004_cases_unspecified,claim,claim_comparison:claim_cmp_227,claim_comparison,
compared_with,matched provenance identifier,claim:claim_rec_src_search_0cb54d17a3e3_001_cases_probable,claim,claim_comparison:claim_cmp_227,claim_comparison,
compared_with,matched provenance identifier,claim:claim_rec_src_search_89d26cc955fb_004_cases_unspecified,claim,claim_comparison:claim_cmp_228,claim_comparison,
compared_with,matched provenance identifier,claim:claim_rec_src_search_0cb54d17a3e3_001_deaths,claim,claim_comparison:claim_cmp_228,claim_comparison,
compared_with,matched provenance identifier,claim:claim_rec_src_search_89d26cc955fb_004_cases_unspecified,claim,claim_comparison:claim_cmp_229,claim_comparison,
compared_with,matched provenance identifier,claim:claim_rec_src_search_0cb54d17a3e3_002_deaths,claim,claim_comparison:claim_cmp_229,claim_comparison,
compared_with,matched provenance identifier,claim:claim_rec_src_search_89d26cc955fb_004_cases_unspecified,claim,claim_comparison:claim_cmp_230,claim_comparison,
compared_with,matched provenance identifier,claim:claim_rec_src_search_0cb54d17a3e3_003_observation,claim,claim_comparison:claim_cmp_230,claim_comparison,
compared_with,matched provenance identifier,claim:claim_rec_src_search_89d26cc955fb_004_cases_unspecified,claim,claim_comparison:claim_cmp_231,claim_comparison,
compared_with,matched provenance identifier,claim:claim_rec_src_search_0cb54d17a3e3_005_cases_unspecified,claim,claim_comparison:claim_cmp_231,claim_comparison,
compared_with,matched provenance identifier,claim:claim_rec_src_search_89d26cc955fb_004_cases_unspecified,claim,claim_comparison:claim_cmp_232,claim_comparison,
compared_with,matched provenance identifier,claim:claim_rec_src_search_0cb54d17a3e3_005_deaths,claim,claim_comparison:claim_cmp_232,claim_comparison,
compared_with,matched provenance identifier,claim:claim_rec_src_search_89d26cc955fb_004_cases_unspecified,claim,claim_comparison:claim_cmp_233,claim_comparison,
compared_with,matched provenance identifier,claim:claim_rec_src_search_8a863e6c52f9_001_cases_probable,claim,claim_comparison:claim_cmp_233,claim_comparison,
compared_with,matched provenance identifier,claim:claim_rec_src_search_89d26cc955fb_004_cases_unspecified,claim,claim_comparison:claim_cmp_234,claim_comparison,
compared_with,matched provenance identifier,claim:claim_rec_src_search_8a863e6c52f9_002_cases_probable,claim,claim_comparison:claim_cmp_234,claim_comparison,
compared_with,matched provenance identifier,claim:claim_rec_src_search_89d26cc955fb_005_cases_unspecified,claim,claim_comparison:claim_cmp_235,claim_comparison,
compared_with,matched provenance identifier,claim:claim_rec_src_search_89d26cc955fb_006_deaths,claim,claim_comparison:claim_cmp_235,claim_comparison,
compared_with,matched provenance identifier,claim:claim_rec_src_search_89d26cc955fb_005_cases_unspecified,claim,claim_comparison:claim_cmp_236,claim_comparison,
compared_with,matched provenance identifier,claim:claim_rec_src_search_89d26cc955fb_007_deaths,claim,claim_comparison:claim_cmp_236,claim_comparison,
compared_with,matched provenance identifier,claim:claim_rec_src_search_89d26cc955fb_005_cases_unspecified,claim,claim_comparison:claim_cmp_237,claim_comparison,
compared_with,matched provenance identifier,claim:claim_rec_src_search_89d26cc955fb_008_observation,claim,claim_comparison:claim_cmp_237,claim_comparison,
compared_with,matched provenance identifier,claim:claim_rec_src_search_89d26cc955fb_005_cases_unspecified,claim,claim_comparison:claim_cmp_238,claim_comparison,
compared_with,matched provenance identifier,claim:claim_rec_src_search_89d26cc955fb_009_cases_unspecified,claim,claim_comparison:claim_cmp_238,claim_comparison,
compared_with,matched provenance identifier,claim:claim_rec_src_search_89d26cc955fb_005_cases_unspecified,claim,claim_comparison:claim_cmp_239,claim_comparison,
compared_with,matched provenance identifier,claim:claim_rec_src_search_9cacbefd56b5_001_cases_probable,claim,claim_comparison:claim_cmp_239,claim_comparison,
compared_with,matched provenance identifier,claim:claim_rec_src_search_89d26cc955fb_005_cases_unspecified,claim,claim_comparison:claim_cmp_240,claim_comparison,
compared_with,matched provenance identifier,claim:claim_rec_src_search_9cacbefd56b5_001_deaths,claim,claim_comparison:claim_cmp_240,claim_comparison,
compared_with,matched provenance identifier,claim:claim_rec_src_search_89d26cc955fb_005_cases_unspecified,claim,claim_comparison:claim_cmp_241,claim_comparison,
compared_with,matched provenance identifier,claim:claim_rec_src_search_9cacbefd56b5_002_deaths,claim,claim_comparison:claim_cmp_241,claim_comparison,
compared_with,matched provenance identifier,claim:claim_rec_src_search_89d26cc955fb_005_cases_unspecified,claim,claim_comparison:claim_cmp_242,claim_comparison,
compared_with,matched provenance identifier,claim:claim_rec_src_search_f4f555107be5_001_cases_unspecified,claim,claim_comparison:claim_cmp_242,claim_comparison,
compared_with,matched provenance identifier,claim:claim_rec_src_search_89d26cc955fb_005_cases_unspecified,claim,claim_comparison:claim_cmp_243,claim_comparison,
compared_with,matched provenance identifier,claim:claim_rec_src_search_f4f555107be5_002_cases_unspecified,claim,claim_comparison:claim_cmp_243,claim_comparison,
compared_with,matched provenance identifier,claim:claim_rec_src_search_89d26cc955fb_005_cases_unspecified,claim,claim_comparison:claim_cmp_244,claim_comparison,
compared_with,matched provenance identifier,claim:claim_rec_src_search_f4f555107be5_003_deaths,claim,claim_comparison:claim_cmp_244,claim_comparison,
compared_with,matched provenance identifier,claim:claim_rec_src_search_89d26cc955fb_005_cases_unspecified,claim,claim_comparison:claim_cmp_245,claim_comparison,
compared_with,matched provenance identifier,claim:claim_rec_src_search_f4f555107be5_004_cases_unspecified,claim,claim_comparison:claim_cmp_245,claim_comparison,
compared_with,matched provenance identifier,claim:claim_rec_src_search_89d26cc955fb_005_cases_unspecified,claim,claim_comparison:claim_cmp_246,claim_comparison,
compared_with,matched provenance identifier,claim:claim_rec_src_search_f4f555107be5_005_cases_unspecified,claim,claim_comparison:claim_cmp_246,claim_comparison,
compared_with,matched provenance identifier,claim:claim_rec_src_search_89d26cc955fb_005_cases_unspecified,claim,claim_comparison:claim_cmp_247,claim_comparison,
compared_with,matched provenance identifier,claim:claim_rec_src_search_52123c6cbbdd_001_cases_unspecified,claim,claim_comparison:claim_cmp_247,claim_comparison,
compared_with,matched provenance identifier,claim:claim_rec_src_search_89d26cc955fb_005_cases_unspecified,claim,claim_comparison:claim_cmp_248,claim_comparison,
compared_with,matched provenance identifier,claim:claim_rec_src_search_0cb54d17a3e3_001_cases_probable,claim,claim_comparison:claim_cmp_248,claim_comparison,
compared_with,matched provenance identifier,claim:claim_rec_src_search_89d26cc955fb_005_cases_unspecified,claim,claim_comparison:claim_cmp_249,claim_comparison,
compared_with,matched provenance identifier,claim:claim_rec_src_search_0cb54d17a3e3_001_deaths,claim,claim_comparison:claim_cmp_249,claim_comparison,
compared_with,matched provenance identifier,claim:claim_rec_src_search_89d26cc955fb_005_cases_unspecified,claim,claim_comparison:claim_cmp_250,claim_comparison,
compared_with,matched provenance identifier,claim:claim_rec_src_search_0cb54d17a3e3_002_deaths,claim,claim_comparison:claim_cmp_250,claim_comparison,
compared_with,matched provenance identifier,claim:claim_rec_src_search_89d26cc955fb_005_cases_unspecified,claim,claim_comparison:claim_cmp_251,claim_comparison,
compared_with,matched provenance identifier,claim:claim_rec_src_search_0cb54d17a3e3_003_observation,claim,claim_comparison:claim_cmp_251,claim_comparison,
compared_with,matched provenance identifier,claim:claim_rec_src_search_89d26cc955fb_005_cases_unspecified,claim,claim_comparison:claim_cmp_252,claim_comparison,
compared_with,matched provenance identifier,claim:claim_rec_src_search_0cb54d17a3e3_005_cases_unspecified,claim,claim_comparison:claim_cmp_252,claim_comparison,
compared_with,matched provenance identifier,claim:claim_rec_src_search_89d26cc955fb_005_cases_unspecified,claim,claim_comparison:claim_cmp_253,claim_comparison,
compared_with,matched provenance identifier,claim:claim_rec_src_search_0cb54d17a3e3_005_deaths,claim,claim_comparison:claim_cmp_253,claim_comparison,
compared_with,matched provenance identifier,claim:claim_rec_src_search_89d26cc955fb_005_cases_unspecified,claim,claim_comparison:claim_cmp_254,claim_comparison,
compared_with,matched provenance identifier,claim:claim_rec_src_search_8a863e6c52f9_001_cases_probable,claim,claim_comparison:claim_cmp_254,claim_comparison,
compared_with,matched provenance identifier,claim:claim_rec_src_search_89d26cc955fb_005_cases_unspecified,claim,claim_comparison:claim_cmp_255,claim_comparison,
compared_with,matched provenance identifier,claim:claim_rec_src_search_8a863e6c52f9_002_cases_probable,claim,claim_comparison:claim_cmp_255,claim_comparison,
compared_with,matched provenance identifier,claim:claim_rec_src_search_89d26cc955fb_006_deaths,claim,claim_comparison:claim_cmp_256,claim_comparison,
compared_with,matched provenance identifier,claim:claim_rec_src_search_89d26cc955fb_007_deaths,claim,claim_comparison:claim_cmp_256,claim_comparison,
compared_with,matched provenance identifier,claim:claim_rec_src_search_89d26cc955fb_006_deaths,claim,claim_comparison:claim_cmp_257,claim_comparison,
compared_with,matched provenance identifier,claim:claim_rec_src_search_89d26cc955fb_008_observation,claim,claim_comparison:claim_cmp_257,claim_comparison,
compared_with,matched provenance identifier,claim:claim_rec_src_search_89d26cc955fb_006_deaths,claim,claim_comparison:claim_cmp_258,claim_comparison,
compared_with,matched provenance identifier,claim:claim_rec_src_search_89d26cc955fb_009_cases_unspecified,claim,claim_comparison:claim_cmp_258,claim_comparison,
compared_with,matched provenance identifier,claim:claim_rec_src_search_89d26cc955fb_006_deaths,claim,claim_comparison:claim_cmp_259,claim_comparison,
compared_with,matched provenance identifier,claim:claim_rec_src_search_9cacbefd56b5_001_cases_probable,claim,claim_comparison:claim_cmp_259,claim_comparison,
compared_with,matched provenance identifier,claim:claim_rec_src_search_89d26cc955fb_006_deaths,claim,claim_comparison:claim_cmp_260,claim_comparison,
compared_with,matched provenance identifier,claim:claim_rec_src_search_9cacbefd56b5_001_deaths,claim,claim_comparison:claim_cmp_260,claim_comparison,
compared_with,matched provenance identifier,claim:claim_rec_src_search_89d26cc955fb_006_deaths,claim,claim_comparison:claim_cmp_261,claim_comparison,
compared_with,matched provenance identifier,claim:claim_rec_src_search_9cacbefd56b5_002_deaths,claim,claim_comparison:claim_cmp_261,claim_comparison,
compared_with,matched provenance identifier,claim:claim_rec_src_search_89d26cc955fb_006_deaths,claim,claim_comparison:claim_cmp_262,claim_comparison,
compared_with,matched provenance identifier,claim:claim_rec_src_search_f4f555107be5_001_cases_unspecified,claim,claim_comparison:claim_cmp_262,claim_comparison,
compared_with,matched provenance identifier,claim:claim_rec_src_search_89d26cc955fb_006_deaths,claim,claim_comparison:claim_cmp_263,claim_comparison,
compared_with,matched provenance identifier,claim:claim_rec_src_search_f4f555107be5_002_cases_unspecified,claim,claim_comparison:claim_cmp_263,claim_comparison,
compared_with,matched provenance identifier,claim:claim_rec_src_search_89d26cc955fb_006_deaths,claim,claim_comparison:claim_cmp_264,claim_comparison,
compared_with,matched provenance identifier,claim:claim_rec_src_search_f4f555107be5_003_deaths,claim,claim_comparison:claim_cmp_264,claim_comparison,
compared_with,matched provenance identifier,claim:claim_rec_src_search_89d26cc955fb_006_deaths,claim,claim_comparison:claim_cmp_265,claim_comparison,
compared_with,matched provenance identifier,claim:claim_rec_src_search_f4f555107be5_004_cases_unspecified,claim,claim_comparison:claim_cmp_265,claim_comparison,
compared_with,matched provenance identifier,claim:claim_rec_src_search_89d26cc955fb_006_deaths,claim,claim_comparison:claim_cmp_266,claim_comparison,
compared_with,matched provenance identifier,claim:claim_rec_src_search_f4f555107be5_005_cases_unspecified,claim,claim_comparison:claim_cmp_266,claim_comparison,
compared_with,matched provenance identifier,claim:claim_rec_src_search_89d26cc955fb_006_deaths,claim,claim_comparison:claim_cmp_267,claim_comparison,
compared_with,matched provenance identifier,claim:claim_rec_src_search_52123c6cbbdd_001_cases_unspecified,claim,claim_comparison:claim_cmp_267,claim_comparison,
compared_with,matched provenance identifier,claim:claim_rec_src_search_89d26cc955fb_006_deaths,claim,claim_comparison:claim_cmp_268,claim_comparison,
compared_with,matched provenance identifier,claim:claim_rec_src_search_0cb54d17a3e3_001_cases_probable,claim,claim_comparison:claim_cmp_268,claim_comparison,
compared_with,matched provenance identifier,claim:claim_rec_src_search_89d26cc955fb_006_deaths,claim,claim_comparison:claim_cmp_269,claim_comparison,
compared_with,matched provenance identifier,claim:claim_rec_src_search_0cb54d17a3e3_001_deaths,claim,claim_comparison:claim_cmp_269,claim_comparison,
compared_with,matched provenance identifier,claim:claim_rec_src_search_89d26cc955fb_006_deaths,claim,claim_comparison:claim_cmp_270,claim_comparison,
compared_with,matched provenance identifier,claim:claim_rec_src_search_0cb54d17a3e3_002_deaths,claim,claim_comparison:claim_cmp_270,claim_comparison,
compared_with,matched provenance identifier,claim:claim_rec_src_search_89d26cc955fb_006_deaths,claim,claim_comparison:claim_cmp_271,claim_comparison,
compared_with,matched provenance identifier,claim:claim_rec_src_search_0cb54d17a3e3_003_observation,claim,claim_comparison:claim_cmp_271,claim_comparison,
compared_with,matched provenance identifier,claim:claim_rec_src_search_89d26cc955fb_006_deaths,claim,claim_comparison:claim_cmp_272,claim_comparison,
compared_with,matched provenance identifier,claim:claim_rec_src_search_0cb54d17a3e3_005_cases_unspecified,claim,claim_comparison:claim_cmp_272,claim_comparison,
compared_with,matched provenance identifier,claim:claim_rec_src_search_89d26cc955fb_006_deaths,claim,claim_comparison:claim_cmp_273,claim_comparison,
compared_with,matched provenance identifier,claim:claim_rec_src_search_0cb54d17a3e3_005_deaths,claim,claim_comparison:claim_cmp_273,claim_comparison,
compared_with,matched provenance identifier,claim:claim_rec_src_search_89d26cc955fb_006_deaths,claim,claim_comparison:claim_cmp_274,claim_comparison,
compared_with,matched provenance identifier,claim:claim_rec_src_search_8a863e6c52f9_001_cases_probable,claim,claim_comparison:claim_cmp_274,claim_comparison,
compared_with,matched provenance identifier,claim:claim_rec_src_search_89d26cc955fb_006_deaths,claim,claim_comparison:claim_cmp_275,claim_comparison,
compared_with,matched provenance identifier,claim:claim_rec_src_search_8a863e6c52f9_002_cases_probable,claim,claim_comparison:claim_cmp_275,claim_comparison,
compared_with,matched provenance identifier,claim:claim_rec_src_search_89d26cc955fb_007_deaths,claim,claim_comparison:claim_cmp_276,claim_comparison,
compared_with,matched provenance identifier,claim:claim_rec_src_search_89d26cc955fb_008_observation,claim,claim_comparison:claim_cmp_276,claim_comparison,
compared_with,matched provenance identifier,claim:claim_rec_src_search_89d26cc955fb_007_deaths,claim,claim_comparison:claim_cmp_277,claim_comparison,
compared_with,matched provenance identifier,claim:claim_rec_src_search_89d26cc955fb_009_cases_unspecified,claim,claim_comparison:claim_cmp_277,claim_comparison,
compared_with,matched provenance identifier,claim:claim_rec_src_search_89d26cc955fb_007_deaths,claim,claim_comparison:claim_cmp_278,claim_comparison,
compared_with,matched provenance identifier,claim:claim_rec_src_search_9cacbefd56b5_001_cases_probable,claim,claim_comparison:claim_cmp_278,claim_comparison,
compared_with,matched provenance identifier,claim:claim_rec_src_search_89d26cc955fb_007_deaths,claim,claim_comparison:claim_cmp_279,claim_comparison,
compared_with,matched provenance identifier,claim:claim_rec_src_search_9cacbefd56b5_001_deaths,claim,claim_comparison:claim_cmp_279,claim_comparison,
compared_with,matched provenance identifier,claim:claim_rec_src_search_89d26cc955fb_007_deaths,claim,claim_comparison:claim_cmp_280,claim_comparison,
compared_with,matched provenance identifier,claim:claim_rec_src_search_9cacbefd56b5_002_deaths,claim,claim_comparison:claim_cmp_280,claim_comparison,
compared_with,matched provenance identifier,claim:claim_rec_src_search_89d26cc955fb_007_deaths,claim,claim_comparison:claim_cmp_281,claim_comparison,
compared_with,matched provenance identifier,claim:claim_rec_src_search_f4f555107be5_001_cases_unspecified,claim,claim_comparison:claim_cmp_281,claim_comparison,
compared_with,matched provenance identifier,claim:claim_rec_src_search_89d26cc955fb_007_deaths,claim,claim_comparison:claim_cmp_282,claim_comparison,
compared_with,matched provenance identifier,claim:claim_rec_src_search_f4f555107be5_002_cases_unspecified,claim,claim_comparison:claim_cmp_282,claim_comparison,
compared_with,matched provenance identifier,claim:claim_rec_src_search_89d26cc955fb_007_deaths,claim,claim_comparison:claim_cmp_283,claim_comparison,
compared_with,matched provenance identifier,claim:claim_rec_src_search_f4f555107be5_003_deaths,claim,claim_comparison:claim_cmp_283,claim_comparison,
compared_with,matched provenance identifier,claim:claim_rec_src_search_89d26cc955fb_007_deaths,claim,claim_comparison:claim_cmp_284,claim_comparison,
compared_with,matched provenance identifier,claim:claim_rec_src_search_f4f555107be5_004_cases_unspecified,claim,claim_comparison:claim_cmp_284,claim_comparison,
compared_with,matched provenance identifier,claim:claim_rec_src_search_89d26cc955fb_007_deaths,claim,claim_comparison:claim_cmp_285,claim_comparison,
compared_with,matched provenance identifier,claim:claim_rec_src_search_f4f555107be5_005_cases_unspecified,claim,claim_comparison:claim_cmp_285,claim_comparison,
compared_with,matched provenance identifier,claim:claim_rec_src_search_89d26cc955fb_007_deaths,claim,claim_comparison:claim_cmp_286,claim_comparison,
compared_with,matched provenance identifier,claim:claim_rec_src_search_52123c6cbbdd_001_cases_unspecified,claim,claim_comparison:claim_cmp_286,claim_comparison,
compared_with,matched provenance identifier,claim:claim_rec_src_search_89d26cc955fb_007_deaths,claim,claim_comparison:claim_cmp_287,claim_comparison,
compared_with,matched provenance identifier,claim:claim_rec_src_search_0cb54d17a3e3_001_cases_probable,claim,claim_comparison:claim_cmp_287,claim_comparison,
compared_with,matched provenance identifier,claim:claim_rec_src_search_89d26cc955fb_007_deaths,claim,claim_comparison:claim_cmp_288,claim_comparison,
compared_with,matched provenance identifier,claim:claim_rec_src_search_0cb54d17a3e3_001_deaths,claim,claim_comparison:claim_cmp_288,claim_comparison,
compared_with,matched provenance identifier,claim:claim_rec_src_search_89d26cc955fb_007_deaths,claim,claim_comparison:claim_cmp_289,claim_comparison,
compared_with,matched provenance identifier,claim:claim_rec_src_search_0cb54d17a3e3_002_deaths,claim,claim_comparison:claim_cmp_289,claim_comparison,
compared_with,matched provenance identifier,claim:claim_rec_src_search_89d26cc955fb_007_deaths,claim,claim_comparison:claim_cmp_290,claim_comparison,
compared_with,matched provenance identifier,claim:claim_rec_src_search_0cb54d17a3e3_003_observation,claim,claim_comparison:claim_cmp_290,claim_comparison,
compared_with,matched provenance identifier,claim:claim_rec_src_search_89d26cc955fb_007_deaths,claim,claim_comparison:claim_cmp_291,claim_comparison,
compared_with,matched provenance identifier,claim:claim_rec_src_search_0cb54d17a3e3_005_cases_unspecified,claim,claim_comparison:claim_cmp_291,claim_comparison,
compared_with,matched provenance identifier,claim:claim_rec_src_search_89d26cc955fb_007_deaths,claim,claim_comparison:claim_cmp_292,claim_comparison,
compared_with,matched provenance identifier,claim:claim_rec_src_search_0cb54d17a3e3_005_deaths,claim,claim_comparison:claim_cmp_292,claim_comparison,
compared_with,matched provenance identifier,claim:claim_rec_src_search_89d26cc955fb_007_deaths,claim,claim_comparison:claim_cmp_293,claim_comparison,
compared_with,matched provenance identifier,claim:claim_rec_src_search_8a863e6c52f9_001_cases_probable,claim,claim_comparison:claim_cmp_293,claim_comparison,
compared_with,matched provenance identifier,claim:claim_rec_src_search_89d26cc955fb_007_deaths,claim,claim_comparison:claim_cmp_294,claim_comparison,
compared_with,matched provenance identifier,claim:claim_rec_src_search_8a863e6c52f9_002_cases_probable,claim,claim_comparison:claim_cmp_294,claim_comparison,
compared_with,matched provenance identifier,claim:claim_rec_src_search_89d26cc955fb_008_observation,claim,claim_comparison:claim_cmp_295,claim_comparison,
compared_with,matched provenance identifier,claim:claim_rec_src_search_89d26cc955fb_009_cases_unspecified,claim,claim_comparison:claim_cmp_295,claim_comparison,
compared_with,matched provenance identifier,claim:claim_rec_src_search_89d26cc955fb_008_observation,claim,claim_comparison:claim_cmp_296,claim_comparison,
compared_with,matched provenance identifier,claim:claim_rec_src_search_9cacbefd56b5_001_cases_probable,claim,claim_comparison:claim_cmp_296,claim_comparison,
compared_with,matched provenance identifier,claim:claim_rec_src_search_89d26cc955fb_008_observation,claim,claim_comparison:claim_cmp_297,claim_comparison,
compared_with,matched provenance identifier,claim:claim_rec_src_search_9cacbefd56b5_001_deaths,claim,claim_comparison:claim_cmp_297,claim_comparison,
compared_with,matched provenance identifier,claim:claim_rec_src_search_89d26cc955fb_008_observation,claim,claim_comparison:claim_cmp_298,claim_comparison,
compared_with,matched provenance identifier,claim:claim_rec_src_search_9cacbefd56b5_002_deaths,claim,claim_comparison:claim_cmp_298,claim_comparison,
compared_with,matched provenance identifier,claim:claim_rec_src_search_89d26cc955fb_008_observation,claim,claim_comparison:claim_cmp_299,claim_comparison,
compared_with,matched provenance identifier,claim:claim_rec_src_search_f4f555107be5_001_cases_unspecified,claim,claim_comparison:claim_cmp_299,claim_comparison,
compared_with,matched provenance identifier,claim:claim_rec_src_search_89d26cc955fb_008_observation,claim,claim_comparison:claim_cmp_300,claim_comparison,
compared_with,matched provenance identifier,claim:claim_rec_src_search_f4f555107be5_002_cases_unspecified,claim,claim_comparison:claim_cmp_300,claim_comparison,
compared_with,matched provenance identifier,claim:claim_rec_src_search_89d26cc955fb_008_observation,claim,claim_comparison:claim_cmp_301,claim_comparison,
compared_with,matched provenance identifier,claim:claim_rec_src_search_f4f555107be5_003_deaths,claim,claim_comparison:claim_cmp_301,claim_comparison,
compared_with,matched provenance identifier,claim:claim_rec_src_search_89d26cc955fb_008_observation,claim,claim_comparison:claim_cmp_302,claim_comparison,
compared_with,matched provenance identifier,claim:claim_rec_src_search_f4f555107be5_004_cases_unspecified,claim,claim_comparison:claim_cmp_302,claim_comparison,
compared_with,matched provenance identifier,claim:claim_rec_src_search_89d26cc955fb_008_observation,claim,claim_comparison:claim_cmp_303,claim_comparison,
compared_with,matched provenance identifier,claim:claim_rec_src_search_f4f555107be5_005_cases_unspecified,claim,claim_comparison:claim_cmp_303,claim_comparison,
compared_with,matched provenance identifier,claim:claim_rec_src_search_89d26cc955fb_008_observation,claim,claim_comparison:claim_cmp_304,claim_comparison,
compared_with,matched provenance identifier,claim:claim_rec_src_search_52123c6cbbdd_001_cases_unspecified,claim,claim_comparison:claim_cmp_304,claim_comparison,
compared_with,matched provenance identifier,claim:claim_rec_src_search_89d26cc955fb_008_observation,claim,claim_comparison:claim_cmp_305,claim_comparison,
compared_with,matched provenance identifier,claim:claim_rec_src_search_0cb54d17a3e3_001_cases_probable,claim,claim_comparison:claim_cmp_305,claim_comparison,
compared_with,matched provenance identifier,claim:claim_rec_src_search_89d26cc955fb_008_observation,claim,claim_comparison:claim_cmp_306,claim_comparison,
compared_with,matched provenance identifier,claim:claim_rec_src_search_0cb54d17a3e3_001_deaths,claim,claim_comparison:claim_cmp_306,claim_comparison,
compared_with,matched provenance identifier,claim:claim_rec_src_search_89d26cc955fb_008_observation,claim,claim_comparison:claim_cmp_307,claim_comparison,
compared_with,matched provenance identifier,claim:claim_rec_src_search_0cb54d17a3e3_002_deaths,claim,claim_comparison:claim_cmp_307,claim_comparison,
compared_with,matched provenance identifier,claim:claim_rec_src_search_89d26cc955fb_008_observation,claim,claim_comparison:claim_cmp_308,claim_comparison,
compared_with,matched provenance identifier,claim:claim_rec_src_search_0cb54d17a3e3_003_observation,claim,claim_comparison:claim_cmp_308,claim_comparison,
compared_with,matched provenance identifier,claim:claim_rec_src_search_89d26cc955fb_008_observation,claim,claim_comparison:claim_cmp_309,claim_comparison,
compared_with,matched provenance identifier,claim:claim_rec_src_search_0cb54d17a3e3_005_cases_unspecified,claim,claim_comparison:claim_cmp_309,claim_comparison,
compared_with,matched provenance identifier,claim:claim_rec_src_search_89d26cc955fb_008_observation,claim,claim_comparison:claim_cmp_310,claim_comparison,
compared_with,matched provenance identifier,claim:claim_rec_src_search_0cb54d17a3e3_005_deaths,claim,claim_comparison:claim_cmp_310,claim_comparison,
compared_with,matched provenance identifier,claim:claim_rec_src_search_89d26cc955fb_008_observation,claim,claim_comparison:claim_cmp_311,claim_comparison,
compared_with,matched provenance identifier,claim:claim_rec_src_search_8a863e6c52f9_001_cases_probable,claim,claim_comparison:claim_cmp_311,claim_comparison,
compared_with,matched provenance identifier,claim:claim_rec_src_search_89d26cc955fb_008_observation,claim,claim_comparison:claim_cmp_312,claim_comparison,
compared_with,matched provenance identifier,claim:claim_rec_src_search_8a863e6c52f9_002_cases_probable,claim,claim_comparison:claim_cmp_312,claim_comparison,
compared_with,matched provenance identifier,claim:claim_rec_src_search_89d26cc955fb_009_cases_unspecified,claim,claim_comparison:claim_cmp_313,claim_comparison,
compared_with,matched provenance identifier,claim:claim_rec_src_search_9cacbefd56b5_001_cases_probable,claim,claim_comparison:claim_cmp_313,claim_comparison,
compared_with,matched provenance identifier,claim:claim_rec_src_search_89d26cc955fb_009_cases_unspecified,claim,claim_comparison:claim_cmp_314,claim_comparison,
compared_with,matched provenance identifier,claim:claim_rec_src_search_9cacbefd56b5_001_deaths,claim,claim_comparison:claim_cmp_314,claim_comparison,
compared_with,matched provenance identifier,claim:claim_rec_src_search_89d26cc955fb_009_cases_unspecified,claim,claim_comparison:claim_cmp_315,claim_comparison,
compared_with,matched provenance identifier,claim:claim_rec_src_search_9cacbefd56b5_002_deaths,claim,claim_comparison:claim_cmp_315,claim_comparison,
compared_with,matched provenance identifier,claim:claim_rec_src_search_89d26cc955fb_009_cases_unspecified,claim,claim_comparison:claim_cmp_316,claim_comparison,
compared_with,matched provenance identifier,claim:claim_rec_src_search_f4f555107be5_001_cases_unspecified,claim,claim_comparison:claim_cmp_316,claim_comparison,
compared_with,matched provenance identifier,claim:claim_rec_src_search_89d26cc955fb_009_cases_unspecified,claim,claim_comparison:claim_cmp_317,claim_comparison,
compared_with,matched provenance identifier,claim:claim_rec_src_search_f4f555107be5_002_cases_unspecified,claim,claim_comparison:claim_cmp_317,claim_comparison,
compared_with,matched provenance identifier,claim:claim_rec_src_search_89d26cc955fb_009_cases_unspecified,claim,claim_comparison:claim_cmp_318,claim_comparison,
compared_with,matched provenance identifier,claim:claim_rec_src_search_f4f555107be5_003_deaths,claim,claim_comparison:claim_cmp_318,claim_comparison,
compared_with,matched provenance identifier,claim:claim_rec_src_search_89d26cc955fb_009_cases_unspecified,claim,claim_comparison:claim_cmp_319,claim_comparison,
compared_with,matched provenance identifier,claim:claim_rec_src_search_f4f555107be5_004_cases_unspecified,claim,claim_comparison:claim_cmp_319,claim_comparison,
compared_with,matched provenance identifier,claim:claim_rec_src_search_89d26cc955fb_009_cases_unspecified,claim,claim_comparison:claim_cmp_320,claim_comparison,
compared_with,matched provenance identifier,claim:claim_rec_src_search_f4f555107be5_005_cases_unspecified,claim,claim_comparison:claim_cmp_320,claim_comparison,
compared_with,matched provenance identifier,claim:claim_rec_src_search_89d26cc955fb_009_cases_unspecified,claim,claim_comparison:claim_cmp_321,claim_comparison,
compared_with,matched provenance identifier,claim:claim_rec_src_search_52123c6cbbdd_001_cases_unspecified,claim,claim_comparison:claim_cmp_321,claim_comparison,
compared_with,matched provenance identifier,claim:claim_rec_src_search_89d26cc955fb_009_cases_unspecified,claim,claim_comparison:claim_cmp_322,claim_comparison,
compared_with,matched provenance identifier,claim:claim_rec_src_search_0cb54d17a3e3_001_cases_probable,claim,claim_comparison:claim_cmp_322,claim_comparison,
compared_with,matched provenance identifier,claim:claim_rec_src_search_89d26cc955fb_009_cases_unspecified,claim,claim_comparison:claim_cmp_323,claim_comparison,
compared_with,matched provenance identifier,claim:claim_rec_src_search_0cb54d17a3e3_001_deaths,claim,claim_comparison:claim_cmp_323,claim_comparison,
compared_with,matched provenance identifier,claim:claim_rec_src_search_89d26cc955fb_009_cases_unspecified,claim,claim_comparison:claim_cmp_324,claim_comparison,
compared_with,matched provenance identifier,claim:claim_rec_src_search_0cb54d17a3e3_002_deaths,claim,claim_comparison:claim_cmp_324,claim_comparison,
compared_with,matched provenance identifier,claim:claim_rec_src_search_89d26cc955fb_009_cases_unspecified,claim,claim_comparison:claim_cmp_325,claim_comparison,
compared_with,matched provenance identifier,claim:claim_rec_src_search_0cb54d17a3e3_003_observation,claim,claim_comparison:claim_cmp_325,claim_comparison,
compared_with,matched provenance identifier,claim:claim_rec_src_search_89d26cc955fb_009_cases_unspecified,claim,claim_comparison:claim_cmp_326,claim_comparison,
compared_with,matched provenance identifier,claim:claim_rec_src_search_0cb54d17a3e3_005_cases_unspecified,claim,claim_comparison:claim_cmp_326,claim_comparison,
compared_with,matched provenance identifier,claim:claim_rec_src_search_89d26cc955fb_009_cases_unspecified,claim,claim_comparison:claim_cmp_327,claim_comparison,
compared_with,matched provenance identifier,claim:claim_rec_src_search_0cb54d17a3e3_005_deaths,claim,claim_comparison:claim_cmp_327,claim_comparison,
compared_with,matched provenance identifier,claim:claim_rec_src_search_89d26cc955fb_009_cases_unspecified,claim,claim_comparison:claim_cmp_328,claim_comparison,
compared_with,matched provenance identifier,claim:claim_rec_src_search_8a863e6c52f9_001_cases_probable,claim,claim_comparison:claim_cmp_328,claim_comparison,
compared_with,matched provenance identifier,claim:claim_rec_src_search_89d26cc955fb_009_cases_unspecified,claim,claim_comparison:claim_cmp_329,claim_comparison,
compared_with,matched provenance identifier,claim:claim_rec_src_search_8a863e6c52f9_002_cases_probable,claim,claim_comparison:claim_cmp_329,claim_comparison,
compared_with,matched provenance identifier,claim:claim_rec_src_search_9cacbefd56b5_001_cases_probable,claim,claim_comparison:claim_cmp_330,claim_comparison,
compared_with,matched provenance identifier,claim:claim_rec_src_search_9cacbefd56b5_001_deaths,claim,claim_comparison:claim_cmp_330,claim_comparison,
compared_with,matched provenance identifier,claim:claim_rec_src_search_9cacbefd56b5_001_cases_probable,claim,claim_comparison:claim_cmp_331,claim_comparison,
compared_with,matched provenance identifier,claim:claim_rec_src_search_9cacbefd56b5_002_deaths,claim,claim_comparison:claim_cmp_331,claim_comparison,
compared_with,matched provenance identifier,claim:claim_rec_src_search_9cacbefd56b5_001_cases_probable,claim,claim_comparison:claim_cmp_332,claim_comparison,
compared_with,matched provenance identifier,claim:claim_rec_src_search_f4f555107be5_001_cases_unspecified,claim,claim_comparison:claim_cmp_332,claim_comparison,
compared_with,matched provenance identifier,claim:claim_rec_src_search_9cacbefd56b5_001_cases_probable,claim,claim_comparison:claim_cmp_333,claim_comparison,
compared_with,matched provenance identifier,claim:claim_rec_src_search_f4f555107be5_002_cases_unspecified,claim,claim_comparison:claim_cmp_333,claim_comparison,
compared_with,matched provenance identifier,claim:claim_rec_src_search_9cacbefd56b5_001_cases_probable,claim,claim_comparison:claim_cmp_334,claim_comparison,
compared_with,matched provenance identifier,claim:claim_rec_src_search_f4f555107be5_003_deaths,claim,claim_comparison:claim_cmp_334,claim_comparison,
compared_with,matched provenance identifier,claim:claim_rec_src_search_9cacbefd56b5_001_cases_probable,claim,claim_comparison:claim_cmp_335,claim_comparison,
compared_with,matched provenance identifier,claim:claim_rec_src_search_f4f555107be5_004_cases_unspecified,claim,claim_comparison:claim_cmp_335,claim_comparison,
compared_with,matched provenance identifier,claim:claim_rec_src_search_9cacbefd56b5_001_cases_probable,claim,claim_comparison:claim_cmp_336,claim_comparison,
compared_with,matched provenance identifier,claim:claim_rec_src_search_f4f555107be5_005_cases_unspecified,claim,claim_comparison:claim_cmp_336,claim_comparison,
compared_with,matched provenance identifier,claim:claim_rec_src_search_9cacbefd56b5_001_cases_probable,claim,claim_comparison:claim_cmp_337,claim_comparison,
compared_with,matched provenance identifier,claim:claim_rec_src_search_52123c6cbbdd_001_cases_unspecified,claim,claim_comparison:claim_cmp_337,claim_comparison,
compared_with,matched provenance identifier,claim:claim_rec_src_search_9cacbefd56b5_001_cases_probable,claim,claim_comparison:claim_cmp_338,claim_comparison,
compared_with,matched provenance identifier,claim:claim_rec_src_search_0cb54d17a3e3_001_cases_probable,claim,claim_comparison:claim_cmp_338,claim_comparison,
compared_with,matched provenance identifier,claim:claim_rec_src_search_9cacbefd56b5_001_cases_probable,claim,claim_comparison:claim_cmp_339,claim_comparison,
compared_with,matched provenance identifier,claim:claim_rec_src_search_0cb54d17a3e3_001_deaths,claim,claim_comparison:claim_cmp_339,claim_comparison,
compared_with,matched provenance identifier,claim:claim_rec_src_search_9cacbefd56b5_001_cases_probable,claim,claim_comparison:claim_cmp_340,claim_comparison,
compared_with,matched provenance identifier,claim:claim_rec_src_search_0cb54d17a3e3_002_deaths,claim,claim_comparison:claim_cmp_340,claim_comparison,
compared_with,matched provenance identifier,claim:claim_rec_src_search_9cacbefd56b5_001_cases_probable,claim,claim_comparison:claim_cmp_341,claim_comparison,
compared_with,matched provenance identifier,claim:claim_rec_src_search_0cb54d17a3e3_003_observation,claim,claim_comparison:claim_cmp_341,claim_comparison,
compared_with,matched provenance identifier,claim:claim_rec_src_search_9cacbefd56b5_001_cases_probable,claim,claim_comparison:claim_cmp_342,claim_comparison,
compared_with,matched provenance identifier,claim:claim_rec_src_search_0cb54d17a3e3_005_cases_unspecified,claim,claim_comparison:claim_cmp_342,claim_comparison,
compared_with,matched provenance identifier,claim:claim_rec_src_search_9cacbefd56b5_001_cases_probable,claim,claim_comparison:claim_cmp_343,claim_comparison,
compared_with,matched provenance identifier,claim:claim_rec_src_search_0cb54d17a3e3_005_deaths,claim,claim_comparison:claim_cmp_343,claim_comparison,
compared_with,matched provenance identifier,claim:claim_rec_src_search_9cacbefd56b5_001_cases_probable,claim,claim_comparison:claim_cmp_344,claim_comparison,
compared_with,matched provenance identifier,claim:claim_rec_src_search_8a863e6c52f9_001_cases_probable,claim,claim_comparison:claim_cmp_344,claim_comparison,
compared_with,matched provenance identifier,claim:claim_rec_src_search_9cacbefd56b5_001_cases_probable,claim,claim_comparison:claim_cmp_345,claim_comparison,
compared_with,matched provenance identifier,claim:claim_rec_src_search_8a863e6c52f9_002_cases_probable,claim,claim_comparison:claim_cmp_345,claim_comparison,
compared_with,matched provenance identifier,claim:claim_rec_src_search_9cacbefd56b5_001_deaths,claim,claim_comparison:claim_cmp_346,claim_comparison,
compared_with,matched provenance identifier,claim:claim_rec_src_search_9cacbefd56b5_002_deaths,claim,claim_comparison:claim_cmp_346,claim_comparison,
compared_with,matched provenance identifier,claim:claim_rec_src_search_9cacbefd56b5_001_deaths,claim,claim_comparison:claim_cmp_347,claim_comparison,
compared_with,matched provenance identifier,claim:claim_rec_src_search_f4f555107be5_001_cases_unspecified,claim,claim_comparison:claim_cmp_347,claim_comparison,
compared_with,matched provenance identifier,claim:claim_rec_src_search_9cacbefd56b5_001_deaths,claim,claim_comparison:claim_cmp_348,claim_comparison,
compared_with,matched provenance identifier,claim:claim_rec_src_search_f4f555107be5_002_cases_unspecified,claim,claim_comparison:claim_cmp_348,claim_comparison,
compared_with,matched provenance identifier,claim:claim_rec_src_search_9cacbefd56b5_001_deaths,claim,claim_comparison:claim_cmp_349,claim_comparison,
compared_with,matched provenance identifier,claim:claim_rec_src_search_f4f555107be5_003_deaths,claim,claim_comparison:claim_cmp_349,claim_comparison,
compared_with,matched provenance identifier,claim:claim_rec_src_search_9cacbefd56b5_001_deaths,claim,claim_comparison:claim_cmp_350,claim_comparison,
compared_with,matched provenance identifier,claim:claim_rec_src_search_f4f555107be5_004_cases_unspecified,claim,claim_comparison:claim_cmp_350,claim_comparison,
compared_with,matched provenance identifier,claim:claim_rec_src_search_9cacbefd56b5_001_deaths,claim,claim_comparison:claim_cmp_351,claim_comparison,
compared_with,matched provenance identifier,claim:claim_rec_src_search_f4f555107be5_005_cases_unspecified,claim,claim_comparison:claim_cmp_351,claim_comparison,
compared_with,matched provenance identifier,claim:claim_rec_src_search_9cacbefd56b5_001_deaths,claim,claim_comparison:claim_cmp_352,claim_comparison,
compared_with,matched provenance identifier,claim:claim_rec_src_search_52123c6cbbdd_001_cases_unspecified,claim,claim_comparison:claim_cmp_352,claim_comparison,
compared_with,matched provenance identifier,claim:claim_rec_src_search_9cacbefd56b5_001_deaths,claim,claim_comparison:claim_cmp_353,claim_comparison,
compared_with,matched provenance identifier,claim:claim_rec_src_search_0cb54d17a3e3_001_cases_probable,claim,claim_comparison:claim_cmp_353,claim_comparison,
compared_with,matched provenance identifier,claim:claim_rec_src_search_9cacbefd56b5_001_deaths,claim,claim_comparison:claim_cmp_354,claim_comparison,
compared_with,matched provenance identifier,claim:claim_rec_src_search_0cb54d17a3e3_001_deaths,claim,claim_comparison:claim_cmp_354,claim_comparison,
compared_with,matched provenance identifier,claim:claim_rec_src_search_9cacbefd56b5_001_deaths,claim,claim_comparison:claim_cmp_355,claim_comparison,
compared_with,matched provenance identifier,claim:claim_rec_src_search_0cb54d17a3e3_002_deaths,claim,claim_comparison:claim_cmp_355,claim_comparison,
compared_with,matched provenance identifier,claim:claim_rec_src_search_9cacbefd56b5_001_deaths,claim,claim_comparison:claim_cmp_356,claim_comparison,
compared_with,matched provenance identifier,claim:claim_rec_src_search_0cb54d17a3e3_003_observation,claim,claim_comparison:claim_cmp_356,claim_comparison,
compared_with,matched provenance identifier,claim:claim_rec_src_search_9cacbefd56b5_001_deaths,claim,claim_comparison:claim_cmp_357,claim_comparison,
compared_with,matched provenance identifier,claim:claim_rec_src_search_0cb54d17a3e3_005_cases_unspecified,claim,claim_comparison:claim_cmp_357,claim_comparison,
compared_with,matched provenance identifier,claim:claim_rec_src_search_9cacbefd56b5_001_deaths,claim,claim_comparison:claim_cmp_358,claim_comparison,
compared_with,matched provenance identifier,claim:claim_rec_src_search_0cb54d17a3e3_005_deaths,claim,claim_comparison:claim_cmp_358,claim_comparison,
compared_with,matched provenance identifier,claim:claim_rec_src_search_9cacbefd56b5_001_deaths,claim,claim_comparison:claim_cmp_359,claim_comparison,
compared_with,matched provenance identifier,claim:claim_rec_src_search_8a863e6c52f9_001_cases_probable,claim,claim_comparison:claim_cmp_359,claim_comparison,
compared_with,matched provenance identifier,claim:claim_rec_src_search_9cacbefd56b5_001_deaths,claim,claim_comparison:claim_cmp_360,claim_comparison,
compared_with,matched provenance identifier,claim:claim_rec_src_search_8a863e6c52f9_002_cases_probable,claim,claim_comparison:claim_cmp_360,claim_comparison,
compared_with,matched provenance identifier,claim:claim_rec_src_search_9cacbefd56b5_002_deaths,claim,claim_comparison:claim_cmp_361,claim_comparison,
compared_with,matched provenance identifier,claim:claim_rec_src_search_f4f555107be5_001_cases_unspecified,claim,claim_comparison:claim_cmp_361,claim_comparison,
compared_with,matched provenance identifier,claim:claim_rec_src_search_9cacbefd56b5_002_deaths,claim,claim_comparison:claim_cmp_362,claim_comparison,
compared_with,matched provenance identifier,claim:claim_rec_src_search_f4f555107be5_002_cases_unspecified,claim,claim_comparison:claim_cmp_362,claim_comparison,
compared_with,matched provenance identifier,claim:claim_rec_src_search_9cacbefd56b5_002_deaths,claim,claim_comparison:claim_cmp_363,claim_comparison,
compared_with,matched provenance identifier,claim:claim_rec_src_search_f4f555107be5_003_deaths,claim,claim_comparison:claim_cmp_363,claim_comparison,
compared_with,matched provenance identifier,claim:claim_rec_src_search_9cacbefd56b5_002_deaths,claim,claim_comparison:claim_cmp_364,claim_comparison,
compared_with,matched provenance identifier,claim:claim_rec_src_search_f4f555107be5_004_cases_unspecified,claim,claim_comparison:claim_cmp_364,claim_comparison,
compared_with,matched provenance identifier,claim:claim_rec_src_search_9cacbefd56b5_002_deaths,claim,claim_comparison:claim_cmp_365,claim_comparison,
compared_with,matched provenance identifier,claim:claim_rec_src_search_f4f555107be5_005_cases_unspecified,claim,claim_comparison:claim_cmp_365,claim_comparison,
compared_with,matched provenance identifier,claim:claim_rec_src_search_9cacbefd56b5_002_deaths,claim,claim_comparison:claim_cmp_366,claim_comparison,
compared_with,matched provenance identifier,claim:claim_rec_src_search_52123c6cbbdd_001_cases_unspecified,claim,claim_comparison:claim_cmp_366,claim_comparison,
compared_with,matched provenance identifier,claim:claim_rec_src_search_9cacbefd56b5_002_deaths,claim,claim_comparison:claim_cmp_367,claim_comparison,
compared_with,matched provenance identifier,claim:claim_rec_src_search_0cb54d17a3e3_001_cases_probable,claim,claim_comparison:claim_cmp_367,claim_comparison,
compared_with,matched provenance identifier,claim:claim_rec_src_search_9cacbefd56b5_002_deaths,claim,claim_comparison:claim_cmp_368,claim_comparison,
compared_with,matched provenance identifier,claim:claim_rec_src_search_0cb54d17a3e3_001_deaths,claim,claim_comparison:claim_cmp_368,claim_comparison,
compared_with,matched provenance identifier,claim:claim_rec_src_search_9cacbefd56b5_002_deaths,claim,claim_comparison:claim_cmp_369,claim_comparison,
compared_with,matched provenance identifier,claim:claim_rec_src_search_0cb54d17a3e3_002_deaths,claim,claim_comparison:claim_cmp_369,claim_comparison,
compared_with,matched provenance identifier,claim:claim_rec_src_search_9cacbefd56b5_002_deaths,claim,claim_comparison:claim_cmp_370,claim_comparison,
compared_with,matched provenance identifier,claim:claim_rec_src_search_0cb54d17a3e3_003_observation,claim,claim_comparison:claim_cmp_370,claim_comparison,
compared_with,matched provenance identifier,claim:claim_rec_src_search_9cacbefd56b5_002_deaths,claim,claim_comparison:claim_cmp_371,claim_comparison,
compared_with,matched provenance identifier,claim:claim_rec_src_search_0cb54d17a3e3_005_cases_unspecified,claim,claim_comparison:claim_cmp_371,claim_comparison,
compared_with,matched provenance identifier,claim:claim_rec_src_search_9cacbefd56b5_002_deaths,claim,claim_comparison:claim_cmp_372,claim_comparison,
compared_with,matched provenance identifier,claim:claim_rec_src_search_0cb54d17a3e3_005_deaths,claim,claim_comparison:claim_cmp_372,claim_comparison,
compared_with,matched provenance identifier,claim:claim_rec_src_search_9cacbefd56b5_002_deaths,claim,claim_comparison:claim_cmp_373,claim_comparison,
compared_with,matched provenance identifier,claim:claim_rec_src_search_8a863e6c52f9_001_cases_probable,claim,claim_comparison:claim_cmp_373,claim_comparison,
compared_with,matched provenance identifier,claim:claim_rec_src_search_9cacbefd56b5_002_deaths,claim,claim_comparison:claim_cmp_374,claim_comparison,
compared_with,matched provenance identifier,claim:claim_rec_src_search_8a863e6c52f9_002_cases_probable,claim,claim_comparison:claim_cmp_374,claim_comparison,
compared_with,matched provenance identifier,claim:claim_rec_src_search_f4f555107be5_001_cases_unspecified,claim,claim_comparison:claim_cmp_375,claim_comparison,
compared_with,matched provenance identifier,claim:claim_rec_src_search_f4f555107be5_002_cases_unspecified,claim,claim_comparison:claim_cmp_375,claim_comparison,
compared_with,matched provenance identifier,claim:claim_rec_src_search_f4f555107be5_001_cases_unspecified,claim,claim_comparison:claim_cmp_376,claim_comparison,
compared_with,matched provenance identifier,claim:claim_rec_src_search_f4f555107be5_003_deaths,claim,claim_comparison:claim_cmp_376,claim_comparison,
compared_with,matched provenance identifier,claim:claim_rec_src_search_f4f555107be5_001_cases_unspecified,claim,claim_comparison:claim_cmp_377,claim_comparison,
compared_with,matched provenance identifier,claim:claim_rec_src_search_f4f555107be5_004_cases_unspecified,claim,claim_comparison:claim_cmp_377,claim_comparison,
compared_with,matched provenance identifier,claim:claim_rec_src_search_f4f555107be5_001_cases_unspecified,claim,claim_comparison:claim_cmp_378,claim_comparison,
compared_with,matched provenance identifier,claim:claim_rec_src_search_f4f555107be5_005_cases_unspecified,claim,claim_comparison:claim_cmp_378,claim_comparison,
compared_with,matched provenance identifier,claim:claim_rec_src_search_f4f555107be5_001_cases_unspecified,claim,claim_comparison:claim_cmp_379,claim_comparison,
compared_with,matched provenance identifier,claim:claim_rec_src_search_52123c6cbbdd_001_cases_unspecified,claim,claim_comparison:claim_cmp_379,claim_comparison,
compared_with,matched provenance identifier,claim:claim_rec_src_search_f4f555107be5_001_cases_unspecified,claim,claim_comparison:claim_cmp_380,claim_comparison,
compared_with,matched provenance identifier,claim:claim_rec_src_search_0cb54d17a3e3_001_cases_probable,claim,claim_comparison:claim_cmp_380,claim_comparison,
compared_with,matched provenance identifier,claim:claim_rec_src_search_f4f555107be5_001_cases_unspecified,claim,claim_comparison:claim_cmp_381,claim_comparison,
compared_with,matched provenance identifier,claim:claim_rec_src_search_0cb54d17a3e3_001_deaths,claim,claim_comparison:claim_cmp_381,claim_comparison,
compared_with,matched provenance identifier,claim:claim_rec_src_search_f4f555107be5_001_cases_unspecified,claim,claim_comparison:claim_cmp_382,claim_comparison,
compared_with,matched provenance identifier,claim:claim_rec_src_search_0cb54d17a3e3_002_deaths,claim,claim_comparison:claim_cmp_382,claim_comparison,
compared_with,matched provenance identifier,claim:claim_rec_src_search_f4f555107be5_001_cases_unspecified,claim,claim_comparison:claim_cmp_383,claim_comparison,
compared_with,matched provenance identifier,claim:claim_rec_src_search_0cb54d17a3e3_003_observation,claim,claim_comparison:claim_cmp_383,claim_comparison,
compared_with,matched provenance identifier,claim:claim_rec_src_search_f4f555107be5_001_cases_unspecified,claim,claim_comparison:claim_cmp_384,claim_comparison,
compared_with,matched provenance identifier,claim:claim_rec_src_search_0cb54d17a3e3_005_cases_unspecified,claim,claim_comparison:claim_cmp_384,claim_comparison,
compared_with,matched provenance identifier,claim:claim_rec_src_search_f4f555107be5_001_cases_unspecified,claim,claim_comparison:claim_cmp_385,claim_comparison,
compared_with,matched provenance identifier,claim:claim_rec_src_search_0cb54d17a3e3_005_deaths,claim,claim_comparison:claim_cmp_385,claim_comparison,
compared_with,matched provenance identifier,claim:claim_rec_src_search_f4f555107be5_001_cases_unspecified,claim,claim_comparison:claim_cmp_386,claim_comparison,
compared_with,matched provenance identifier,claim:claim_rec_src_search_8a863e6c52f9_001_cases_probable,claim,claim_comparison:claim_cmp_386,claim_comparison,
compared_with,matched provenance identifier,claim:claim_rec_src_search_f4f555107be5_001_cases_unspecified,claim,claim_comparison:claim_cmp_387,claim_comparison,
compared_with,matched provenance identifier,claim:claim_rec_src_search_8a863e6c52f9_002_cases_probable,claim,claim_comparison:claim_cmp_387,claim_comparison,
compared_with,matched provenance identifier,claim:claim_rec_src_search_f4f555107be5_002_cases_unspecified,claim,claim_comparison:claim_cmp_388,claim_comparison,
compared_with,matched provenance identifier,claim:claim_rec_src_search_f4f555107be5_003_deaths,claim,claim_comparison:claim_cmp_388,claim_comparison,
compared_with,matched provenance identifier,claim:claim_rec_src_search_f4f555107be5_002_cases_unspecified,claim,claim_comparison:claim_cmp_389,claim_comparison,
compared_with,matched provenance identifier,claim:claim_rec_src_search_f4f555107be5_004_cases_unspecified,claim,claim_comparison:claim_cmp_389,claim_comparison,
compared_with,matched provenance identifier,claim:claim_rec_src_search_f4f555107be5_002_cases_unspecified,claim,claim_comparison:claim_cmp_390,claim_comparison,
compared_with,matched provenance identifier,claim:claim_rec_src_search_f4f555107be5_005_cases_unspecified,claim,claim_comparison:claim_cmp_390,claim_comparison,
compared_with,matched provenance identifier,claim:claim_rec_src_search_f4f555107be5_002_cases_unspecified,claim,claim_comparison:claim_cmp_391,claim_comparison,
compared_with,matched provenance identifier,claim:claim_rec_src_search_52123c6cbbdd_001_cases_unspecified,claim,claim_comparison:claim_cmp_391,claim_comparison,
compared_with,matched provenance identifier,claim:claim_rec_src_search_f4f555107be5_002_cases_unspecified,claim,claim_comparison:claim_cmp_392,claim_comparison,
compared_with,matched provenance identifier,claim:claim_rec_src_search_0cb54d17a3e3_001_cases_probable,claim,claim_comparison:claim_cmp_392,claim_comparison,
compared_with,matched provenance identifier,claim:claim_rec_src_search_f4f555107be5_002_cases_unspecified,claim,claim_comparison:claim_cmp_393,claim_comparison,
compared_with,matched provenance identifier,claim:claim_rec_src_search_0cb54d17a3e3_001_deaths,claim,claim_comparison:claim_cmp_393,claim_comparison,
compared_with,matched provenance identifier,claim:claim_rec_src_search_f4f555107be5_002_cases_unspecified,claim,claim_comparison:claim_cmp_394,claim_comparison,
compared_with,matched provenance identifier,claim:claim_rec_src_search_0cb54d17a3e3_002_deaths,claim,claim_comparison:claim_cmp_394,claim_comparison,
compared_with,matched provenance identifier,claim:claim_rec_src_search_f4f555107be5_002_cases_unspecified,claim,claim_comparison:claim_cmp_395,claim_comparison,
compared_with,matched provenance identifier,claim:claim_rec_src_search_0cb54d17a3e3_003_observation,claim,claim_comparison:claim_cmp_395,claim_comparison,
compared_with,matched provenance identifier,claim:claim_rec_src_search_f4f555107be5_002_cases_unspecified,claim,claim_comparison:claim_cmp_396,claim_comparison,
compared_with,matched provenance identifier,claim:claim_rec_src_search_0cb54d17a3e3_005_cases_unspecified,claim,claim_comparison:claim_cmp_396,claim_comparison,
compared_with,matched provenance identifier,claim:claim_rec_src_search_f4f555107be5_002_cases_unspecified,claim,claim_comparison:claim_cmp_397,claim_comparison,
compared_with,matched provenance identifier,claim:claim_rec_src_search_0cb54d17a3e3_005_deaths,claim,claim_comparison:claim_cmp_397,claim_comparison,
compared_with,matched provenance identifier,claim:claim_rec_src_search_f4f555107be5_002_cases_unspecified,claim,claim_comparison:claim_cmp_398,claim_comparison,
compared_with,matched provenance identifier,claim:claim_rec_src_search_8a863e6c52f9_001_cases_probable,claim,claim_comparison:claim_cmp_398,claim_comparison,
compared_with,matched provenance identifier,claim:claim_rec_src_search_f4f555107be5_002_cases_unspecified,claim,claim_comparison:claim_cmp_399,claim_comparison,
compared_with,matched provenance identifier,claim:claim_rec_src_search_8a863e6c52f9_002_cases_probable,claim,claim_comparison:claim_cmp_399,claim_comparison,
compared_with,matched provenance identifier,claim:claim_rec_src_search_f4f555107be5_003_deaths,claim,claim_comparison:claim_cmp_400,claim_comparison,
compared_with,matched provenance identifier,claim:claim_rec_src_search_f4f555107be5_004_cases_unspecified,claim,claim_comparison:claim_cmp_400,claim_comparison,
compared_with,matched provenance identifier,claim:claim_rec_src_search_f4f555107be5_003_deaths,claim,claim_comparison:claim_cmp_401,claim_comparison,
compared_with,matched provenance identifier,claim:claim_rec_src_search_f4f555107be5_005_cases_unspecified,claim,claim_comparison:claim_cmp_401,claim_comparison,
compared_with,matched provenance identifier,claim:claim_rec_src_search_f4f555107be5_003_deaths,claim,claim_comparison:claim_cmp_402,claim_comparison,
compared_with,matched provenance identifier,claim:claim_rec_src_search_52123c6cbbdd_001_cases_unspecified,claim,claim_comparison:claim_cmp_402,claim_comparison,
compared_with,matched provenance identifier,claim:claim_rec_src_search_f4f555107be5_003_deaths,claim,claim_comparison:claim_cmp_403,claim_comparison,
compared_with,matched provenance identifier,claim:claim_rec_src_search_0cb54d17a3e3_001_cases_probable,claim,claim_comparison:claim_cmp_403,claim_comparison,
compared_with,matched provenance identifier,claim:claim_rec_src_search_f4f555107be5_003_deaths,claim,claim_comparison:claim_cmp_404,claim_comparison,
compared_with,matched provenance identifier,claim:claim_rec_src_search_0cb54d17a3e3_001_deaths,claim,claim_comparison:claim_cmp_404,claim_comparison,
compared_with,matched provenance identifier,claim:claim_rec_src_search_f4f555107be5_003_deaths,claim,claim_comparison:claim_cmp_405,claim_comparison,
compared_with,matched provenance identifier,claim:claim_rec_src_search_0cb54d17a3e3_002_deaths,claim,claim_comparison:claim_cmp_405,claim_comparison,
compared_with,matched provenance identifier,claim:claim_rec_src_search_f4f555107be5_003_deaths,claim,claim_comparison:claim_cmp_406,claim_comparison,
compared_with,matched provenance identifier,claim:claim_rec_src_search_0cb54d17a3e3_003_observation,claim,claim_comparison:claim_cmp_406,claim_comparison,
compared_with,matched provenance identifier,claim:claim_rec_src_search_f4f555107be5_003_deaths,claim,claim_comparison:claim_cmp_407,claim_comparison,
compared_with,matched provenance identifier,claim:claim_rec_src_search_0cb54d17a3e3_005_cases_unspecified,claim,claim_comparison:claim_cmp_407,claim_comparison,
compared_with,matched provenance identifier,claim:claim_rec_src_search_f4f555107be5_003_deaths,claim,claim_comparison:claim_cmp_408,claim_comparison,
compared_with,matched provenance identifier,claim:claim_rec_src_search_0cb54d17a3e3_005_deaths,claim,claim_comparison:claim_cmp_408,claim_comparison,
compared_with,matched provenance identifier,claim:claim_rec_src_search_f4f555107be5_003_deaths,claim,claim_comparison:claim_cmp_409,claim_comparison,
compared_with,matched provenance identifier,claim:claim_rec_src_search_8a863e6c52f9_001_cases_probable,claim,claim_comparison:claim_cmp_409,claim_comparison,
compared_with,matched provenance identifier,claim:claim_rec_src_search_f4f555107be5_003_deaths,claim,claim_comparison:claim_cmp_410,claim_comparison,
compared_with,matched provenance identifier,claim:claim_rec_src_search_8a863e6c52f9_002_cases_probable,claim,claim_comparison:claim_cmp_410,claim_comparison,
compared_with,matched provenance identifier,claim:claim_rec_src_search_f4f555107be5_004_cases_unspecified,claim,claim_comparison:claim_cmp_411,claim_comparison,
compared_with,matched provenance identifier,claim:claim_rec_src_search_f4f555107be5_005_cases_unspecified,claim,claim_comparison:claim_cmp_411,claim_comparison,
compared_with,matched provenance identifier,claim:claim_rec_src_search_f4f555107be5_004_cases_unspecified,claim,claim_comparison:claim_cmp_412,claim_comparison,
compared_with,matched provenance identifier,claim:claim_rec_src_search_52123c6cbbdd_001_cases_unspecified,claim,claim_comparison:claim_cmp_412,claim_comparison,
compared_with,matched provenance identifier,claim:claim_rec_src_search_f4f555107be5_004_cases_unspecified,claim,claim_comparison:claim_cmp_413,claim_comparison,
compared_with,matched provenance identifier,claim:claim_rec_src_search_0cb54d17a3e3_001_cases_probable,claim,claim_comparison:claim_cmp_413,claim_comparison,
compared_with,matched provenance identifier,claim:claim_rec_src_search_f4f555107be5_004_cases_unspecified,claim,claim_comparison:claim_cmp_414,claim_comparison,
compared_with,matched provenance identifier,claim:claim_rec_src_search_0cb54d17a3e3_001_deaths,claim,claim_comparison:claim_cmp_414,claim_comparison,
compared_with,matched provenance identifier,claim:claim_rec_src_search_f4f555107be5_004_cases_unspecified,claim,claim_comparison:claim_cmp_415,claim_comparison,
compared_with,matched provenance identifier,claim:claim_rec_src_search_0cb54d17a3e3_002_deaths,claim,claim_comparison:claim_cmp_415,claim_comparison,
compared_with,matched provenance identifier,claim:claim_rec_src_search_f4f555107be5_004_cases_unspecified,claim,claim_comparison:claim_cmp_416,claim_comparison,
compared_with,matched provenance identifier,claim:claim_rec_src_search_0cb54d17a3e3_003_observation,claim,claim_comparison:claim_cmp_416,claim_comparison,
compared_with,matched provenance identifier,claim:claim_rec_src_search_f4f555107be5_004_cases_unspecified,claim,claim_comparison:claim_cmp_417,claim_comparison,
compared_with,matched provenance identifier,claim:claim_rec_src_search_0cb54d17a3e3_005_cases_unspecified,claim,claim_comparison:claim_cmp_417,claim_comparison,
compared_with,matched provenance identifier,claim:claim_rec_src_search_f4f555107be5_004_cases_unspecified,claim,claim_comparison:claim_cmp_418,claim_comparison,
compared_with,matched provenance identifier,claim:claim_rec_src_search_0cb54d17a3e3_005_deaths,claim,claim_comparison:claim_cmp_418,claim_comparison,
compared_with,matched provenance identifier,claim:claim_rec_src_search_f4f555107be5_004_cases_unspecified,claim,claim_comparison:claim_cmp_419,claim_comparison,
compared_with,matched provenance identifier,claim:claim_rec_src_search_8a863e6c52f9_001_cases_probable,claim,claim_comparison:claim_cmp_419,claim_comparison,
compared_with,matched provenance identifier,claim:claim_rec_src_search_f4f555107be5_004_cases_unspecified,claim,claim_comparison:claim_cmp_420,claim_comparison,
compared_with,matched provenance identifier,claim:claim_rec_src_search_8a863e6c52f9_002_cases_probable,claim,claim_comparison:claim_cmp_420,claim_comparison,
compared_with,matched provenance identifier,claim:claim_rec_src_search_f4f555107be5_005_cases_unspecified,claim,claim_comparison:claim_cmp_421,claim_comparison,
compared_with,matched provenance identifier,claim:claim_rec_src_search_52123c6cbbdd_001_cases_unspecified,claim,claim_comparison:claim_cmp_421,claim_comparison,
compared_with,matched provenance identifier,claim:claim_rec_src_search_f4f555107be5_005_cases_unspecified,claim,claim_comparison:claim_cmp_422,claim_comparison,
compared_with,matched provenance identifier,claim:claim_rec_src_search_0cb54d17a3e3_001_cases_probable,claim,claim_comparison:claim_cmp_422,claim_comparison,
compared_with,matched provenance identifier,claim:claim_rec_src_search_f4f555107be5_005_cases_unspecified,claim,claim_comparison:claim_cmp_423,claim_comparison,
compared_with,matched provenance identifier,claim:claim_rec_src_search_0cb54d17a3e3_001_deaths,claim,claim_comparison:claim_cmp_423,claim_comparison,
compared_with,matched provenance identifier,claim:claim_rec_src_search_f4f555107be5_005_cases_unspecified,claim,claim_comparison:claim_cmp_424,claim_comparison,
compared_with,matched provenance identifier,claim:claim_rec_src_search_0cb54d17a3e3_002_deaths,claim,claim_comparison:claim_cmp_424,claim_comparison,
compared_with,matched provenance identifier,claim:claim_rec_src_search_f4f555107be5_005_cases_unspecified,claim,claim_comparison:claim_cmp_425,claim_comparison,
compared_with,matched provenance identifier,claim:claim_rec_src_search_0cb54d17a3e3_003_observation,claim,claim_comparison:claim_cmp_425,claim_comparison,
compared_with,matched provenance identifier,claim:claim_rec_src_search_f4f555107be5_005_cases_unspecified,claim,claim_comparison:claim_cmp_426,claim_comparison,
compared_with,matched provenance identifier,claim:claim_rec_src_search_0cb54d17a3e3_005_cases_unspecified,claim,claim_comparison:claim_cmp_426,claim_comparison,
compared_with,matched provenance identifier,claim:claim_rec_src_search_f4f555107be5_005_cases_unspecified,claim,claim_comparison:claim_cmp_427,claim_comparison,
compared_with,matched provenance identifier,claim:claim_rec_src_search_0cb54d17a3e3_005_deaths,claim,claim_comparison:claim_cmp_427,claim_comparison,
compared_with,matched provenance identifier,claim:claim_rec_src_search_f4f555107be5_005_cases_unspecified,claim,claim_comparison:claim_cmp_428,claim_comparison,
compared_with,matched provenance identifier,claim:claim_rec_src_search_8a863e6c52f9_001_cases_probable,claim,claim_comparison:claim_cmp_428,claim_comparison,
compared_with,matched provenance identifier,claim:claim_rec_src_search_f4f555107be5_005_cases_unspecified,claim,claim_comparison:claim_cmp_429,claim_comparison,
compared_with,matched provenance identifier,claim:claim_rec_src_search_8a863e6c52f9_002_cases_probable,claim,claim_comparison:claim_cmp_429,claim_comparison,
compared_with,matched provenance identifier,claim:claim_rec_src_search_52123c6cbbdd_001_cases_unspecified,claim,claim_comparison:claim_cmp_430,claim_comparison,
compared_with,matched provenance identifier,claim:claim_rec_src_search_0cb54d17a3e3_001_cases_probable,claim,claim_comparison:claim_cmp_430,claim_comparison,
compared_with,matched provenance identifier,claim:claim_rec_src_search_52123c6cbbdd_001_cases_unspecified,claim,claim_comparison:claim_cmp_431,claim_comparison,
compared_with,matched provenance identifier,claim:claim_rec_src_search_0cb54d17a3e3_001_deaths,claim,claim_comparison:claim_cmp_431,claim_comparison,
compared_with,matched provenance identifier,claim:claim_rec_src_search_52123c6cbbdd_001_cases_unspecified,claim,claim_comparison:claim_cmp_432,claim_comparison,
compared_with,matched provenance identifier,claim:claim_rec_src_search_0cb54d17a3e3_002_deaths,claim,claim_comparison:claim_cmp_432,claim_comparison,
compared_with,matched provenance identifier,claim:claim_rec_src_search_52123c6cbbdd_001_cases_unspecified,claim,claim_comparison:claim_cmp_433,claim_comparison,
compared_with,matched provenance identifier,claim:claim_rec_src_search_0cb54d17a3e3_003_observation,claim,claim_comparison:claim_cmp_433,claim_comparison,
compared_with,matched provenance identifier,claim:claim_rec_src_search_52123c6cbbdd_001_cases_unspecified,claim,claim_comparison:claim_cmp_434,claim_comparison,
compared_with,matched provenance identifier,claim:claim_rec_src_search_0cb54d17a3e3_005_cases_unspecified,claim,claim_comparison:claim_cmp_434,claim_comparison,
compared_with,matched provenance identifier,claim:claim_rec_src_search_52123c6cbbdd_001_cases_unspecified,claim,claim_comparison:claim_cmp_435,claim_comparison,
compared_with,matched provenance identifier,claim:claim_rec_src_search_0cb54d17a3e3_005_deaths,claim,claim_comparison:claim_cmp_435,claim_comparison,
compared_with,matched provenance identifier,claim:claim_rec_src_search_52123c6cbbdd_001_cases_unspecified,claim,claim_comparison:claim_cmp_436,claim_comparison,
compared_with,matched provenance identifier,claim:claim_rec_src_search_8a863e6c52f9_001_cases_probable,claim,claim_comparison:claim_cmp_436,claim_comparison,
compared_with,matched provenance identifier,claim:claim_rec_src_search_52123c6cbbdd_001_cases_unspecified,claim,claim_comparison:claim_cmp_437,claim_comparison,
compared_with,matched provenance identifier,claim:claim_rec_src_search_8a863e6c52f9_002_cases_probable,claim,claim_comparison:claim_cmp_437,claim_comparison,
compared_with,matched provenance identifier,claim:claim_rec_src_search_0cb54d17a3e3_001_cases_probable,claim,claim_comparison:claim_cmp_438,claim_comparison,
compared_with,matched provenance identifier,claim:claim_rec_src_search_0cb54d17a3e3_001_deaths,claim,claim_comparison:claim_cmp_438,claim_comparison,
compared_with,matched provenance identifier,claim:claim_rec_src_search_0cb54d17a3e3_001_cases_probable,claim,claim_comparison:claim_cmp_439,claim_comparison,
compared_with,matched provenance identifier,claim:claim_rec_src_search_0cb54d17a3e3_002_deaths,claim,claim_comparison:claim_cmp_439,claim_comparison,
compared_with,matched provenance identifier,claim:claim_rec_src_search_0cb54d17a3e3_001_cases_probable,claim,claim_comparison:claim_cmp_440,claim_comparison,
compared_with,matched provenance identifier,claim:claim_rec_src_search_0cb54d17a3e3_003_observation,claim,claim_comparison:claim_cmp_440,claim_comparison,
compared_with,matched provenance identifier,claim:claim_rec_src_search_0cb54d17a3e3_001_cases_probable,claim,claim_comparison:claim_cmp_441,claim_comparison,
compared_with,matched provenance identifier,claim:claim_rec_src_search_0cb54d17a3e3_005_cases_unspecified,claim,claim_comparison:claim_cmp_441,claim_comparison,
compared_with,matched provenance identifier,claim:claim_rec_src_search_0cb54d17a3e3_001_cases_probable,claim,claim_comparison:claim_cmp_442,claim_comparison,
compared_with,matched provenance identifier,claim:claim_rec_src_search_0cb54d17a3e3_005_deaths,claim,claim_comparison:claim_cmp_442,claim_comparison,
compared_with,matched provenance identifier,claim:claim_rec_src_search_0cb54d17a3e3_001_cases_probable,claim,claim_comparison:claim_cmp_443,claim_comparison,
compared_with,matched provenance identifier,claim:claim_rec_src_search_8a863e6c52f9_001_cases_probable,claim,claim_comparison:claim_cmp_443,claim_comparison,
compared_with,matched provenance identifier,claim:claim_rec_src_search_0cb54d17a3e3_001_cases_probable,claim,claim_comparison:claim_cmp_444,claim_comparison,
compared_with,matched provenance identifier,claim:claim_rec_src_search_8a863e6c52f9_002_cases_probable,claim,claim_comparison:claim_cmp_444,claim_comparison,
compared_with,matched provenance identifier,claim:claim_rec_src_search_0cb54d17a3e3_001_deaths,claim,claim_comparison:claim_cmp_445,claim_comparison,
compared_with,matched provenance identifier,claim:claim_rec_src_search_0cb54d17a3e3_002_deaths,claim,claim_comparison:claim_cmp_445,claim_comparison,
compared_with,matched provenance identifier,claim:claim_rec_src_search_0cb54d17a3e3_001_deaths,claim,claim_comparison:claim_cmp_446,claim_comparison,
compared_with,matched provenance identifier,claim:claim_rec_src_search_0cb54d17a3e3_003_observation,claim,claim_comparison:claim_cmp_446,claim_comparison,
compared_with,matched provenance identifier,claim:claim_rec_src_search_0cb54d17a3e3_001_deaths,claim,claim_comparison:claim_cmp_447,claim_comparison,
compared_with,matched provenance identifier,claim:claim_rec_src_search_0cb54d17a3e3_005_cases_unspecified,claim,claim_comparison:claim_cmp_447,claim_comparison,
compared_with,matched provenance identifier,claim:claim_rec_src_search_0cb54d17a3e3_001_deaths,claim,claim_comparison:claim_cmp_448,claim_comparison,
compared_with,matched provenance identifier,claim:claim_rec_src_search_0cb54d17a3e3_005_deaths,claim,claim_comparison:claim_cmp_448,claim_comparison,
compared_with,matched provenance identifier,claim:claim_rec_src_search_0cb54d17a3e3_001_deaths,claim,claim_comparison:claim_cmp_449,claim_comparison,
compared_with,matched provenance identifier,claim:claim_rec_src_search_8a863e6c52f9_001_cases_probable,claim,claim_comparison:claim_cmp_449,claim_comparison,
compared_with,matched provenance identifier,claim:claim_rec_src_search_0cb54d17a3e3_001_deaths,claim,claim_comparison:claim_cmp_450,claim_comparison,
compared_with,matched provenance identifier,claim:claim_rec_src_search_8a863e6c52f9_002_cases_probable,claim,claim_comparison:claim_cmp_450,claim_comparison,
compared_with,matched provenance identifier,claim:claim_rec_src_search_0cb54d17a3e3_002_deaths,claim,claim_comparison:claim_cmp_451,claim_comparison,
compared_with,matched provenance identifier,claim:claim_rec_src_search_0cb54d17a3e3_003_observation,claim,claim_comparison:claim_cmp_451,claim_comparison,
compared_with,matched provenance identifier,claim:claim_rec_src_search_0cb54d17a3e3_002_deaths,claim,claim_comparison:claim_cmp_452,claim_comparison,
compared_with,matched provenance identifier,claim:claim_rec_src_search_0cb54d17a3e3_005_cases_unspecified,claim,claim_comparison:claim_cmp_452,claim_comparison,
compared_with,matched provenance identifier,claim:claim_rec_src_search_0cb54d17a3e3_002_deaths,claim,claim_comparison:claim_cmp_453,claim_comparison,
compared_with,matched provenance identifier,claim:claim_rec_src_search_0cb54d17a3e3_005_deaths,claim,claim_comparison:claim_cmp_453,claim_comparison,
compared_with,matched provenance identifier,claim:claim_rec_src_search_0cb54d17a3e3_002_deaths,claim,claim_comparison:claim_cmp_454,claim_comparison,
compared_with,matched provenance identifier,claim:claim_rec_src_search_8a863e6c52f9_001_cases_probable,claim,claim_comparison:claim_cmp_454,claim_comparison,
compared_with,matched provenance identifier,claim:claim_rec_src_search_0cb54d17a3e3_002_deaths,claim,claim_comparison:claim_cmp_455,claim_comparison,
compared_with,matched provenance identifier,claim:claim_rec_src_search_8a863e6c52f9_002_cases_probable,claim,claim_comparison:claim_cmp_455,claim_comparison,
compared_with,matched provenance identifier,claim:claim_rec_src_search_0cb54d17a3e3_003_observation,claim,claim_comparison:claim_cmp_456,claim_comparison,
compared_with,matched provenance identifier,claim:claim_rec_src_search_0cb54d17a3e3_005_cases_unspecified,claim,claim_comparison:claim_cmp_456,claim_comparison,
compared_with,matched provenance identifier,claim:claim_rec_src_search_0cb54d17a3e3_003_observation,claim,claim_comparison:claim_cmp_457,claim_comparison,
compared_with,matched provenance identifier,claim:claim_rec_src_search_0cb54d17a3e3_005_deaths,claim,claim_comparison:claim_cmp_457,claim_comparison,
compared_with,matched provenance identifier,claim:claim_rec_src_search_0cb54d17a3e3_003_observation,claim,claim_comparison:claim_cmp_458,claim_comparison,
compared_with,matched provenance identifier,claim:claim_rec_src_search_8a863e6c52f9_001_cases_probable,claim,claim_comparison:claim_cmp_458,claim_comparison,
compared_with,matched provenance identifier,claim:claim_rec_src_search_0cb54d17a3e3_003_observation,claim,claim_comparison:claim_cmp_459,claim_comparison,
compared_with,matched provenance identifier,claim:claim_rec_src_search_8a863e6c52f9_002_cases_probable,claim,claim_comparison:claim_cmp_459,claim_comparison,
compared_with,matched provenance identifier,claim:claim_rec_src_search_0cb54d17a3e3_005_cases_unspecified,claim,claim_comparison:claim_cmp_460,claim_comparison,
compared_with,matched provenance identifier,claim:claim_rec_src_search_0cb54d17a3e3_005_deaths,claim,claim_comparison:claim_cmp_460,claim_comparison,
compared_with,matched provenance identifier,claim:claim_rec_src_search_0cb54d17a3e3_005_cases_unspecified,claim,claim_comparison:claim_cmp_461,claim_comparison,
compared_with,matched provenance identifier,claim:claim_rec_src_search_8a863e6c52f9_001_cases_probable,claim,claim_comparison:claim_cmp_461,claim_comparison,
compared_with,matched provenance identifier,claim:claim_rec_src_search_0cb54d17a3e3_005_cases_unspecified,claim,claim_comparison:claim_cmp_462,claim_comparison,
compared_with,matched provenance identifier,claim:claim_rec_src_search_8a863e6c52f9_002_cases_probable,claim,claim_comparison:claim_cmp_462,claim_comparison,
compared_with,matched provenance identifier,claim:claim_rec_src_search_0cb54d17a3e3_005_deaths,claim,claim_comparison:claim_cmp_463,claim_comparison,
compared_with,matched provenance identifier,claim:claim_rec_src_search_8a863e6c52f9_001_cases_probable,claim,claim_comparison:claim_cmp_463,claim_comparison,
compared_with,matched provenance identifier,claim:claim_rec_src_search_0cb54d17a3e3_005_deaths,claim,claim_comparison:claim_cmp_464,claim_comparison,
compared_with,matched provenance identifier,claim:claim_rec_src_search_8a863e6c52f9_002_cases_probable,claim,claim_comparison:claim_cmp_464,claim_comparison,
compared_with,matched provenance identifier,claim:claim_rec_src_search_8a863e6c52f9_001_cases_probable,claim,claim_comparison:claim_cmp_465,claim_comparison,
compared_with,matched provenance identifier,claim:claim_rec_src_search_8a863e6c52f9_002_cases_probable,claim,claim_comparison:claim_cmp_465,claim_comparison,
grouped_into_event,matched provenance identifier,claim:claim_rec_src_search_619f95867581_001_cases_unspecified,claim,corroborated_event:event_001,corroborated_event,
grouped_into_event,matched provenance identifier,claim:claim_rec_src_search_619f95867581_001_deaths,claim,corroborated_event:event_001,corroborated_event,
grouped_into_event,matched provenance identifier,claim:claim_rec_src_search_89d26cc955fb_003_cases_confirmed,claim,corroborated_event:event_002,corroborated_event,
grouped_into_event,matched provenance identifier,claim:claim_rec_src_search_89d26cc955fb_004_cases_unspecified,claim,corroborated_event:event_002,corroborated_event,
grouped_into_event,matched provenance identifier,claim:claim_rec_src_search_0cb54d17a3e3_001_cases_probable,claim,corroborated_event:event_002,corroborated_event,
grouped_into_event,matched provenance identifier,claim:claim_rec_src_search_0cb54d17a3e3_003_observation,claim,corroborated_event:event_002,corroborated_event,
grouped_into_event,matched provenance identifier,claim:claim_rec_src_search_0cb54d17a3e3_005_deaths,claim,corroborated_event:event_002,corroborated_event,
grouped_into_event,matched provenance identifier,claim:claim_rec_src_search_9cacbefd56b5_002_deaths,claim,corroborated_event:event_002,corroborated_event,
grouped_into_event,matched provenance identifier,claim:claim_rec_src_search_9cacbefd56b5_001_cases_probable,claim,corroborated_event:event_002,corroborated_event,
grouped_into_event,matched provenance identifier,claim:claim_rec_src_search_c543063343d0_001_cases_probable,claim,corroborated_event:event_002,corroborated_event,
grouped_into_event,matched provenance identifier,claim:claim_rec_src_search_0cb54d17a3e3_005_cases_unspecified,claim,corroborated_event:event_002,corroborated_event,
grouped_into_event,matched provenance identifier,claim:claim_rec_src_search_89d26cc955fb_001_cases_unspecified,claim,corroborated_event:event_002,corroborated_event,
grouped_into_event,matched provenance identifier,claim:claim_rec_src_search_8a863e6c52f9_002_cases_probable,claim,corroborated_event:event_002,corroborated_event,
grouped_into_event,matched provenance identifier,claim:claim_rec_src_search_9cacbefd56b5_001_deaths,claim,corroborated_event:event_002,corroborated_event,
grouped_into_event,matched provenance identifier,claim:claim_rec_src_search_89d26cc955fb_006_deaths,claim,corroborated_event:event_002,corroborated_event,
grouped_into_event,matched provenance identifier,claim:claim_rec_src_search_8a863e6c52f9_001_cases_probable,claim,corroborated_event:event_002,corroborated_event,
grouped_into_event,matched provenance identifier,claim:claim_rec_src_search_89d26cc955fb_002_deaths,claim,corroborated_event:event_002,corroborated_event,
grouped_into_event,matched provenance identifier,claim:claim_rec_src_search_89d26cc955fb_001_deaths,claim,corroborated_event:event_002,corroborated_event,
grouped_into_event,matched provenance identifier,claim:claim_rec_src_search_52123c6cbbdd_001_cases_unspecified,claim,corroborated_event:event_002,corroborated_event,
grouped_into_event,matched provenance identifier,claim:claim_rec_src_search_0cb54d17a3e3_001_deaths,claim,corroborated_event:event_002,corroborated_event,
grouped_into_event,matched provenance identifier,claim:claim_rec_src_search_0cb54d17a3e3_002_deaths,claim,corroborated_event:event_002,corroborated_event,
grouped_into_event,matched provenance identifier,claim:claim_rec_src_search_c543063343d0_002_observation,claim,corroborated_event:event_003,corroborated_event,
grouped_into_event,matched provenance identifier,claim:claim_rec_src_search_89d26cc955fb_007_deaths,claim,corroborated_event:event_004,corroborated_event,
grouped_into_event,matched provenance identifier,claim:claim_rec_src_search_89d26cc955fb_005_cases_unspecified,claim,corroborated_event:event_004,corroborated_event,
grouped_into_event,matched provenance identifier,claim:claim_rec_src_search_89d26cc955fb_008_observation,claim,corroborated_event:event_005,corroborated_event,
grouped_into_event,matched provenance identifier,claim:claim_rec_src_search_89d26cc955fb_009_cases_unspecified,claim,corroborated_event:event_006,corroborated_event,
grouped_into_event,matched provenance identifier,claim:claim_rec_src_search_f4f555107be5_004_cases_unspecified,claim,corroborated_event:event_007,corroborated_event,
grouped_into_event,matched provenance identifier,claim:claim_rec_src_search_f4f555107be5_005_cases_unspecified,claim,corroborated_event:event_007,corroborated_event,
grouped_into_event,matched provenance identifier,claim:claim_rec_src_search_f4f555107be5_003_deaths,claim,corroborated_event:event_007,corroborated_event,
grouped_into_event,matched provenance identifier,claim:claim_rec_src_search_f4f555107be5_001_cases_unspecified,claim,corroborated_event:event_007,corroborated_event,
grouped_into_event,matched provenance identifier,claim:claim_rec_src_search_f4f555107be5_002_cases_unspecified,claim,corroborated_event:event_007,corroborated_event,
included_in_dataset_view,record appears in final_dataset_pre_quality_gate,normalized_record:rec_src_search_619f95867581_001,normalized_record,dataset_view:final_dataset_pre_quality_gate,dataset_view,
included_in_dataset_view,record appears in final_dataset_pre_quality_gate,normalized_record:rec_src_search_c543063343d0_001,normalized_record,dataset_view:final_dataset_pre_quality_gate,dataset_view,
included_in_dataset_view,record appears in final_dataset_pre_quality_gate,normalized_record:rec_src_search_c543063343d0_002,normalized_record,dataset_view:final_dataset_pre_quality_gate,dataset_view,
included_in_dataset_view,record appears in final_dataset_pre_quality_gate,normalized_record:rec_src_search_89d26cc955fb_001,normalized_record,dataset_view:final_dataset_pre_quality_gate,dataset_view,
included_in_dataset_view,record appears in final_dataset_pre_quality_gate,normalized_record:rec_src_search_89d26cc955fb_002,normalized_record,dataset_view:final_dataset_pre_quality_gate,dataset_view,
included_in_dataset_view,record appears in final_dataset_pre_quality_gate,normalized_record:rec_src_search_89d26cc955fb_003,normalized_record,dataset_view:final_dataset_pre_quality_gate,dataset_view,
included_in_dataset_view,record appears in final_dataset_pre_quality_gate,normalized_record:rec_src_search_89d26cc955fb_004,normalized_record,dataset_view:final_dataset_pre_quality_gate,dataset_view,
included_in_dataset_view,record appears in final_dataset_pre_quality_gate,normalized_record:rec_src_search_89d26cc955fb_005,normalized_record,dataset_view:final_dataset_pre_quality_gate,dataset_view,
included_in_dataset_view,record appears in final_dataset_pre_quality_gate,normalized_record:rec_src_search_89d26cc955fb_006,normalized_record,dataset_view:final_dataset_pre_quality_gate,dataset_view,
included_in_dataset_view,record appears in final_dataset_pre_quality_gate,normalized_record:rec_src_search_89d26cc955fb_007,normalized_record,dataset_view:final_dataset_pre_quality_gate,dataset_view,
included_in_dataset_view,record appears in final_dataset_pre_quality_gate,normalized_record:rec_src_search_89d26cc955fb_008,normalized_record,dataset_view:final_dataset_pre_quality_gate,dataset_view,
included_in_dataset_view,record appears in final_dataset_pre_quality_gate,normalized_record:rec_src_search_89d26cc955fb_009,normalized_record,dataset_view:final_dataset_pre_quality_gate,dataset_view,
included_in_dataset_view,record appears in final_dataset_pre_quality_gate,normalized_record:rec_src_search_9cacbefd56b5_001,normalized_record,dataset_view:final_dataset_pre_quality_gate,dataset_view,
included_in_dataset_view,record appears in final_dataset_pre_quality_gate,normalized_record:rec_src_search_9cacbefd56b5_002,normalized_record,dataset_view:final_dataset_pre_quality_gate,dataset_view,
included_in_dataset_view,record appears in final_dataset_pre_quality_gate,normalized_record:rec_src_search_f4f555107be5_001,normalized_record,dataset_view:final_dataset_pre_quality_gate,dataset_view,
included_in_dataset_view,record appears in final_dataset_pre_quality_gate,normalized_record:rec_src_search_f4f555107be5_002,normalized_record,dataset_view:final_dataset_pre_quality_gate,dataset_view,
included_in_dataset_view,record appears in final_dataset_pre_quality_gate,normalized_record:rec_src_search_f4f555107be5_003,normalized_record,dataset_view:final_dataset_pre_quality_gate,dataset_view,
included_in_dataset_view,record appears in final_dataset_pre_quality_gate,normalized_record:rec_src_search_f4f555107be5_004,normalized_record,dataset_view:final_dataset_pre_quality_gate,dataset_view,
included_in_dataset_view,record appears in final_dataset_pre_quality_gate,normalized_record:rec_src_search_f4f555107be5_005,normalized_record,dataset_view:final_dataset_pre_quality_gate,dataset_view,
included_in_dataset_view,record appears in final_dataset_pre_quality_gate,normalized_record:rec_src_search_52123c6cbbdd_001,normalized_record,dataset_view:final_dataset_pre_quality_gate,dataset_view,
included_in_dataset_view,record appears in final_dataset_pre_quality_gate,normalized_record:rec_src_search_0cb54d17a3e3_001,normalized_record,dataset_view:final_dataset_pre_quality_gate,dataset_view,
included_in_dataset_view,record appears in final_dataset_pre_quality_gate,normalized_record:rec_src_search_0cb54d17a3e3_002,normalized_record,dataset_view:final_dataset_pre_quality_gate,dataset_view,
included_in_dataset_view,record appears in final_dataset_pre_quality_gate,normalized_record:rec_src_search_0cb54d17a3e3_003,normalized_record,dataset_view:final_dataset_pre_quality_gate,dataset_view,
included_in_dataset_view,record appears in final_dataset_pre_quality_gate,normalized_record:rec_src_search_0cb54d17a3e3_005,normalized_record,dataset_view:final_dataset_pre_quality_gate,dataset_view,
included_in_dataset_view,record appears in final_dataset_pre_quality_gate,normalized_record:rec_src_search_8a863e6c52f9_001,normalized_record,dataset_view:final_dataset_pre_quality_gate,dataset_view,
included_in_dataset_view,record appears in final_dataset_pre_quality_gate,normalized_record:rec_src_search_8a863e6c52f9_002,normalized_record,dataset_view:final_dataset_pre_quality_gate,dataset_view,
included_in_dataset_view,record appears in surveillance_summary_records,normalized_record:rec_src_search_0cb54d17a3e3_003,normalized_record,dataset_view:surveillance_summary_records,dataset_view,
included_in_dataset_view,record appears in surveillance_summary_records,normalized_record:rec_src_search_89d26cc955fb_008,normalized_record,dataset_view:surveillance_summary_records,dataset_view,
included_in_dataset_view,record appears in surveillance_summary_records,normalized_record:rec_src_search_8a863e6c52f9_001,normalized_record,dataset_view:surveillance_summary_records,dataset_view,
included_in_dataset_view,record appears in surveillance_summary_records,normalized_record:rec_src_search_8a863e6c52f9_002,normalized_record,dataset_view:surveillance_summary_records,dataset_view,
included_in_dataset_view,record appears in surveillance_summary_records,normalized_record:rec_src_search_c543063343d0_002,normalized_record,dataset_view:surveillance_summary_records,dataset_view,
context_for,record appears in context_records,normalized_record:rec_src_search_0cb54d17a3e3_001,normalized_record,dataset_view:context_records,dataset_view,
context_for,record appears in context_records,normalized_record:rec_src_search_0cb54d17a3e3_002,normalized_record,dataset_view:context_records,dataset_view,
context_for,record appears in context_records,normalized_record:rec_src_search_0cb54d17a3e3_003,normalized_record,dataset_view:context_records,dataset_view,
context_for,record appears in context_records,normalized_record:rec_src_search_0cb54d17a3e3_005,normalized_record,dataset_view:context_records,dataset_view,
context_for,record appears in context_records,normalized_record:rec_src_search_8a863e6c52f9_001,normalized_record,dataset_view:context_records,dataset_view,
context_for,record appears in context_records,normalized_record:rec_src_search_8a863e6c52f9_002,normalized_record,dataset_view:context_records,dataset_view,
included_in_dataset_view,record appears in unclassified_observation_records,normalized_record:rec_src_search_0cb54d17a3e3_003,normalized_record,dataset_view:unclassified_observation_records,dataset_view,
included_in_dataset_view,record appears in unclassified_observation_records,normalized_record:rec_src_search_89d26cc955fb_008,normalized_record,dataset_view:unclassified_observation_records,dataset_view,
included_in_dataset_view,record appears in unclassified_observation_records,normalized_record:rec_src_search_c543063343d0_002,normalized_record,dataset_view:unclassified_observation_records,dataset_view,
included_in_dataset_view,record appears in non_primary_observations,normalized_record:rec_src_search_c543063343d0_002,normalized_record,dataset_view:non_primary_observations,dataset_view,
included_in_dataset_view,record appears in non_primary_observations,normalized_record:rec_src_search_89d26cc955fb_008,normalized_record,dataset_view:non_primary_observations,dataset_view,
included_in_dataset_view,record appears in non_primary_observations,normalized_record:rec_src_search_0cb54d17a3e3_003,normalized_record,dataset_view:non_primary_observations,dataset_view,
included_in_dataset_view,record appears in non_primary_observations,normalized_record:rec_src_search_8a863e6c52f9_001,normalized_record,dataset_view:non_primary_observations,dataset_view,
included_in_dataset_view,record appears in non_primary_observations,normalized_record:rec_src_search_8a863e6c52f9_002,normalized_record,dataset_view:non_primary_observations,dataset_view,
quarantined_as,record appears in quarantined_records,normalized_record:rec_src_search_619f95867581_001,normalized_record,dataset_view:quarantined_records,dataset_view,
quarantined_as,record appears in quarantined_records,normalized_record:rec_src_search_f4f555107be5_001,normalized_record,dataset_view:quarantined_records,dataset_view,
quarantined_as,record appears in quarantined_records,normalized_record:rec_src_search_f4f555107be5_002,normalized_record,dataset_view:quarantined_records,dataset_view,
quarantined_as,record appears in quarantined_records,normalized_record:rec_src_search_f4f555107be5_003,normalized_record,dataset_view:quarantined_records,dataset_view,
quarantined_as,record appears in quarantined_records,normalized_record:rec_src_search_f4f555107be5_004,normalized_record,dataset_view:quarantined_records,dataset_view,
quarantined_as,record appears in quarantined_records,normalized_record:rec_src_search_f4f555107be5_005,normalized_record,dataset_view:quarantined_records,dataset_view,
quarantined_as,record appears in quarantined_records,normalized_record:rec_src_search_52123c6cbbdd_001,normalized_record,dataset_view:quarantined_records,dataset_view,
quarantined_as,record appears in quarantined_records,normalized_record:rec_src_search_0cb54d17a3e3_001,normalized_record,dataset_view:quarantined_records,dataset_view,
quarantined_as,record appears in quarantined_records,normalized_record:rec_src_search_0cb54d17a3e3_002,normalized_record,dataset_view:quarantined_records,dataset_view,
quarantined_as,record appears in quarantined_records,normalized_record:rec_src_search_0cb54d17a3e3_003,normalized_record,dataset_view:quarantined_records,dataset_view,
quarantined_as,record appears in quarantined_records,normalized_record:rec_src_search_0cb54d17a3e3_005,normalized_record,dataset_view:quarantined_records,dataset_view,
pending_review_as,record appears in pending_review_records,normalized_record:rec_src_search_c543063343d0_001,normalized_record,dataset_view:pending_review_records,dataset_view,
pending_review_as,record appears in pending_review_records,normalized_record:rec_src_search_c543063343d0_002,normalized_record,dataset_view:pending_review_records,dataset_view,
pending_review_as,record appears in pending_review_records,normalized_record:rec_src_search_89d26cc955fb_001,normalized_record,dataset_view:pending_review_records,dataset_view,
pending_review_as,record appears in pending_review_records,normalized_record:rec_src_search_89d26cc955fb_002,normalized_record,dataset_view:pending_review_records,dataset_view,
pending_review_as,record appears in pending_review_records,normalized_record:rec_src_search_89d26cc955fb_003,normalized_record,dataset_view:pending_review_records,dataset_view,
pending_review_as,record appears in pending_review_records,normalized_record:rec_src_search_89d26cc955fb_004,normalized_record,dataset_view:pending_review_records,dataset_view,
pending_review_as,record appears in pending_review_records,normalized_record:rec_src_search_89d26cc955fb_005,normalized_record,dataset_view:pending_review_records,dataset_view,
pending_review_as,record appears in pending_review_records,normalized_record:rec_src_search_89d26cc955fb_006,normalized_record,dataset_view:pending_review_records,dataset_view,
pending_review_as,record appears in pending_review_records,normalized_record:rec_src_search_89d26cc955fb_007,normalized_record,dataset_view:pending_review_records,dataset_view,
pending_review_as,record appears in pending_review_records,normalized_record:rec_src_search_89d26cc955fb_008,normalized_record,dataset_view:pending_review_records,dataset_view,
pending_review_as,record appears in pending_review_records,normalized_record:rec_src_search_89d26cc955fb_009,normalized_record,dataset_view:pending_review_records,dataset_view,
pending_review_as,record appears in pending_review_records,normalized_record:rec_src_search_9cacbefd56b5_001,normalized_record,dataset_view:pending_review_records,dataset_view,
pending_review_as,record appears in pending_review_records,normalized_record:rec_src_search_9cacbefd56b5_002,normalized_record,dataset_view:pending_review_records,dataset_view,
pending_review_as,record appears in pending_review_records,normalized_record:rec_src_search_8a863e6c52f9_001,normalized_record,dataset_view:pending_review_records,dataset_view,
pending_review_as,record appears in pending_review_records,normalized_record:rec_src_search_8a863e6c52f9_002,normalized_record,dataset_view:pending_review_records,dataset_view,
requires_review,matched provenance identifier,claim:claim_rec_src_search_89d26cc955fb_003_cases_confirmed,claim,human_review_item:review_claim_corroboration_conflict_corr_event_002,human_review_item,
requires_review,matched provenance identifier,source:src_search_0cb54d17a3e3,source,human_review_item:review_claim_corroboration_conflict_corr_event_002,human_review_item,
requires_review,matched provenance identifier,claim:claim_rec_src_search_89d26cc955fb_004_cases_unspecified,claim,human_review_item:review_claim_corroboration_conflict_corr_event_002,human_review_item,
requires_review,matched provenance identifier,claim:claim_rec_src_search_0cb54d17a3e3_001_cases_probable,claim,human_review_item:review_claim_corroboration_conflict_corr_event_002,human_review_item,
requires_review,matched provenance identifier,claim:claim_rec_src_search_0cb54d17a3e3_003_observation,claim,human_review_item:review_claim_corroboration_conflict_corr_event_002,human_review_item,
requires_review,matched provenance identifier,claim:claim_rec_src_search_0cb54d17a3e3_005_deaths,claim,human_review_item:review_claim_corroboration_conflict_corr_event_002,human_review_item,
requires_review,matched provenance identifier,source:src_search_8a863e6c52f9,source,human_review_item:review_claim_corroboration_conflict_corr_event_002,human_review_item,
requires_review,matched provenance identifier,claim:claim_rec_src_search_9cacbefd56b5_002_deaths,claim,human_review_item:review_claim_corroboration_conflict_corr_event_002,human_review_item,
requires_review,matched provenance identifier,claim:claim_rec_src_search_9cacbefd56b5_001_cases_probable,claim,human_review_item:review_claim_corroboration_conflict_corr_event_002,human_review_item,
requires_review,matched provenance identifier,claim:claim_rec_src_search_c543063343d0_001_cases_probable,claim,human_review_item:review_claim_corroboration_conflict_corr_event_002,human_review_item,
requires_review,matched provenance identifier,claim:claim_rec_src_search_0cb54d17a3e3_005_cases_unspecified,claim,human_review_item:review_claim_corroboration_conflict_corr_event_002,human_review_item,
requires_review,matched provenance identifier,source:src_search_c543063343d0,source,human_review_item:review_claim_corroboration_conflict_corr_event_002,human_review_item,
requires_review,matched provenance identifier,claim:claim_rec_src_search_89d26cc955fb_001_cases_unspecified,claim,human_review_item:review_claim_corroboration_conflict_corr_event_002,human_review_item,
requires_review,matched provenance identifier,source:src_search_89d26cc955fb,source,human_review_item:review_claim_corroboration_conflict_corr_event_002,human_review_item,
requires_review,matched provenance identifier,claim:claim_rec_src_search_8a863e6c52f9_002_cases_probable,claim,human_review_item:review_claim_corroboration_conflict_corr_event_002,human_review_item,
requires_review,matched provenance identifier,source:src_search_52123c6cbbdd,source,human_review_item:review_claim_corroboration_conflict_corr_event_002,human_review_item,
requires_review,matched provenance identifier,claim:claim_rec_src_search_9cacbefd56b5_001_deaths,claim,human_review_item:review_claim_corroboration_conflict_corr_event_002,human_review_item,
requires_review,matched provenance identifier,claim:claim_rec_src_search_89d26cc955fb_006_deaths,claim,human_review_item:review_claim_corroboration_conflict_corr_event_002,human_review_item,
requires_review,matched provenance identifier,claim:claim_rec_src_search_8a863e6c52f9_001_cases_probable,claim,human_review_item:review_claim_corroboration_conflict_corr_event_002,human_review_item,
requires_review,matched provenance identifier,source:src_search_9cacbefd56b5,source,human_review_item:review_claim_corroboration_conflict_corr_event_002,human_review_item,
requires_review,matched provenance identifier,claim:claim_rec_src_search_89d26cc955fb_002_deaths,claim,human_review_item:review_claim_corroboration_conflict_corr_event_002,human_review_item,
requires_review,matched provenance identifier,claim:claim_rec_src_search_89d26cc955fb_001_deaths,claim,human_review_item:review_claim_corroboration_conflict_corr_event_002,human_review_item,
requires_review,matched provenance identifier,claim:claim_rec_src_search_52123c6cbbdd_001_cases_unspecified,claim,human_review_item:review_claim_corroboration_conflict_corr_event_002,human_review_item,
requires_review,matched provenance identifier,claim:claim_rec_src_search_0cb54d17a3e3_001_deaths,claim,human_review_item:review_claim_corroboration_conflict_corr_event_002,human_review_item,
requires_review,matched provenance identifier,claim:claim_rec_src_search_0cb54d17a3e3_002_deaths,claim,human_review_item:review_claim_corroboration_conflict_corr_event_002,human_review_item,
requires_review,matched provenance identifier,corroborated_event:event_001,corroborated_event,human_review_item:review_duplicate_event_001,human_review_item,
requires_review,matched provenance identifier,normalized_record:rec_src_search_9cacbefd56b5_002,normalized_record,human_review_item:review_duplicate_event_001,human_review_item,
requires_review,matched provenance identifier,normalized_record:rec_src_search_9cacbefd56b5_001,normalized_record,human_review_item:review_duplicate_event_001,human_review_item,
requires_review,matched provenance identifier,corroborated_event:event_002,corroborated_event,human_review_item:review_duplicate_event_002,human_review_item,
requires_review,matched provenance identifier,normalized_record:rec_src_search_619f95867581_001,normalized_record,human_review_item:review_duplicate_event_002,human_review_item,
requires_review,matched provenance identifier,normalized_record:rec_src_search_89d26cc955fb_009,normalized_record,human_review_item:review_duplicate_event_003,human_review_item,
requires_review,matched provenance identifier,corroborated_event:event_003,corroborated_event,human_review_item:review_duplicate_event_003,human_review_item,
requires_review,matched provenance identifier,corroborated_event:event_004,corroborated_event,human_review_item:review_duplicate_event_004,human_review_item,
requires_review,matched provenance identifier,normalized_record:rec_src_search_f4f555107be5_004,normalized_record,human_review_item:review_duplicate_event_004,human_review_item,
requires_review,matched provenance identifier,normalized_record:rec_src_search_f4f555107be5_001,normalized_record,human_review_item:review_duplicate_event_005,human_review_item,
requires_review,matched provenance identifier,normalized_record:rec_src_search_f4f555107be5_003,normalized_record,human_review_item:review_duplicate_event_005,human_review_item,
requires_review,matched provenance identifier,corroborated_event:event_005,corroborated_event,human_review_item:review_duplicate_event_005,human_review_item,
requires_review,matched provenance identifier,normalized_record:rec_src_search_0cb54d17a3e3_001,normalized_record,human_review_item:review_duplicate_event_009,human_review_item,
requires_review,matched provenance identifier,normalized_record:rec_src_search_0cb54d17a3e3_002,normalized_record,human_review_item:review_duplicate_event_009,human_review_item,
requires_review,matched provenance identifier,normalized_record:rec_src_search_0cb54d17a3e3_003,normalized_record,human_review_item:review_duplicate_event_009,human_review_item,
requires_review,matched provenance identifier,normalized_record:rec_src_search_f4f555107be5_005,normalized_record,human_review_item:review_duplicate_event_017,human_review_item,
requires_review,matched provenance identifier,normalized_record:rec_src_search_f4f555107be5_002,normalized_record,human_review_item:review_duplicate_event_018,human_review_item,
requires_review,matched provenance identifier,source:src_search_89d26cc955fb,source,human_review_item:review_anomaly_anom_029,human_review_item,
requires_review,matched provenance identifier,source:src_search_0cb54d17a3e3,source,human_review_item:review_anomaly_anom_030,human_review_item,
requires_review,matched provenance identifier,source:src_search_0cb54d17a3e3,source,human_review_item:review_anomaly_anom_031,human_review_item,
requires_review,matched provenance identifier,normalized_record:rec_src_search_0cb54d17a3e3_001,normalized_record,human_review_item:review_conflict_conf_002,human_review_item,
requires_review,matched provenance identifier,normalized_record:rec_src_search_0cb54d17a3e3_002,normalized_record,human_review_item:review_conflict_conf_002,human_review_item,
requires_review,matched provenance identifier,normalized_record:rec_src_search_89d26cc955fb_002,normalized_record,human_review_item:review_duplicate_event_008,human_review_item,
requires_review,matched provenance identifier,normalized_record:rec_src_search_89d26cc955fb_001,normalized_record,human_review_item:review_duplicate_event_008,human_review_item,
requires_review,matched provenance identifier,normalized_record:rec_src_search_89d26cc955fb_003,normalized_record,human_review_item:review_duplicate_event_008,human_review_item,
requires_review,matched provenance identifier,normalized_record:rec_src_search_89d26cc955fb_007,normalized_record,human_review_item:review_duplicate_event_013,human_review_item,
requires_review,matched provenance identifier,normalized_record:rec_src_search_89d26cc955fb_005,normalized_record,human_review_item:review_duplicate_event_013,human_review_item,
requires_review,matched provenance identifier,normalized_record:rec_src_search_89d26cc955fb_006,normalized_record,human_review_item:review_duplicate_event_015,human_review_item,
requires_review,matched provenance identifier,normalized_record:rec_src_search_89d26cc955fb_004,normalized_record,human_review_item:review_duplicate_event_015,human_review_item,
requires_review,matched provenance identifier,normalized_record:rec_src_search_0cb54d17a3e3_001,normalized_record,human_review_item:review_validation_val_result_036,human_review_item,
requires_review,matched provenance identifier,normalized_record:rec_src_search_0cb54d17a3e3_002,normalized_record,human_review_item:review_validation_val_result_036,human_review_item,
requires_review,matched provenance identifier,normalized_record:rec_src_search_0cb54d17a3e3_003,normalized_record,human_review_item:review_validation_val_result_036,human_review_item,
requires_review,matched provenance identifier,corroborated_event:event_002,corroborated_event,human_review_item:review_anomaly_anom_021,human_review_item,
requires_review,matched provenance identifier,source:src_search_619f95867581,source,human_review_item:review_anomaly_anom_021,human_review_item,
requires_review,matched provenance identifier,source:src_search_89d26cc955fb,source,human_review_item:review_anomaly_anom_022,human_review_item,
requires_review,matched provenance identifier,corroborated_event:event_003,corroborated_event,human_review_item:review_anomaly_anom_022,human_review_item,
requires_review,matched provenance identifier,source:src_search_f4f555107be5,source,human_review_item:review_anomaly_anom_023,human_review_item,
requires_review,matched provenance identifier,corroborated_event:event_005,corroborated_event,human_review_item:review_anomaly_anom_023,human_review_item,
requires_review,matched provenance identifier,source:src_search_f4f555107be5,source,human_review_item:review_anomaly_anom_024,human_review_item,
requires_review,matched provenance identifier,source:src_search_f4f555107be5,source,human_review_item:review_anomaly_anom_025,human_review_item,
requires_review,matched provenance identifier,corroborated_event:event_005,corroborated_event,human_review_item:review_anomaly_anom_025,human_review_item,
requires_review,matched provenance identifier,source:src_search_f4f555107be5,source,human_review_item:review_anomaly_anom_026,human_review_item,
requires_review,matched provenance identifier,corroborated_event:event_004,corroborated_event,human_review_item:review_anomaly_anom_026,human_review_item,
requires_review,matched provenance identifier,source:src_search_f4f555107be5,source,human_review_item:review_anomaly_anom_027,human_review_item,
requires_review,matched provenance identifier,source:src_search_8a863e6c52f9,source,human_review_item:review_anomaly_anom_028,human_review_item,
requires_review,matched provenance identifier,claim:claim_rec_src_search_619f95867581_001_cases_unspecified,claim,human_review_item:review_claim_corroboration_review_corr_event_001,human_review_item,
requires_review,matched provenance identifier,source:src_search_619f95867581,source,human_review_item:review_claim_corroboration_review_corr_event_001,human_review_item,
requires_review,matched provenance identifier,claim:claim_rec_src_search_619f95867581_001_deaths,claim,human_review_item:review_claim_corroboration_review_corr_event_001,human_review_item,
requires_review,matched provenance identifier,claim:claim_rec_src_search_89d26cc955fb_007_deaths,claim,human_review_item:review_claim_corroboration_review_corr_event_004,human_review_item,
requires_review,matched provenance identifier,source:src_search_89d26cc955fb,source,human_review_item:review_claim_corroboration_review_corr_event_004,human_review_item,
requires_review,matched provenance identifier,claim:claim_rec_src_search_89d26cc955fb_005_cases_unspecified,claim,human_review_item:review_claim_corroboration_review_corr_event_004,human_review_item,
requires_review,matched provenance identifier,source:src_search_89d26cc955fb,source,human_review_item:review_claim_corroboration_review_corr_event_006,human_review_item,
requires_review,matched provenance identifier,claim:claim_rec_src_search_89d26cc955fb_009_cases_unspecified,claim,human_review_item:review_claim_corroboration_review_corr_event_006,human_review_item,
requires_review,matched provenance identifier,claim:claim_rec_src_search_f4f555107be5_004_cases_unspecified,claim,human_review_item:review_claim_corroboration_review_corr_event_007,human_review_item,
requires_review,matched provenance identifier,claim:claim_rec_src_search_f4f555107be5_005_cases_unspecified,claim,human_review_item:review_claim_corroboration_review_corr_event_007,human_review_item,
requires_review,matched provenance identifier,claim:claim_rec_src_search_f4f555107be5_003_deaths,claim,human_review_item:review_claim_corroboration_review_corr_event_007,human_review_item,
requires_review,matched provenance identifier,source:src_search_f4f555107be5,source,human_review_item:review_claim_corroboration_review_corr_event_007,human_review_item,
requires_review,matched provenance identifier,claim:claim_rec_src_search_f4f555107be5_001_cases_unspecified,claim,human_review_item:review_claim_corroboration_review_corr_event_007,human_review_item,
requires_review,matched provenance identifier,claim:claim_rec_src_search_f4f555107be5_002_cases_unspecified,claim,human_review_item:review_claim_corroboration_review_corr_event_007,human_review_item,
requires_review,matched provenance identifier,source:src_search_619f95867581,source,human_review_item:review_anomaly_anom_001,human_review_item,
requires_review,matched provenance identifier,normalized_record:rec_src_search_619f95867581_001,normalized_record,human_review_item:review_anomaly_anom_001,human_review_item,
requires_review,matched provenance identifier,normalized_record:rec_src_search_c543063343d0_001,normalized_record,human_review_item:review_anomaly_anom_002,human_review_item,
requires_review,matched provenance identifier,source:src_search_c543063343d0,source,human_review_item:review_anomaly_anom_002,human_review_item,
requires_review,matched provenance identifier,source:src_search_89d26cc955fb,source,human_review_item:review_anomaly_anom_003,human_review_item,
requires_review,matched provenance identifier,normalized_record:rec_src_search_89d26cc955fb_001,normalized_record,human_review_item:review_anomaly_anom_003,human_review_item,
requires_review,matched provenance identifier,source:src_search_89d26cc955fb,source,human_review_item:review_anomaly_anom_005,human_review_item,
requires_review,matched provenance identifier,normalized_record:rec_src_search_89d26cc955fb_003,normalized_record,human_review_item:review_anomaly_anom_005,human_review_item,
requires_review,matched provenance identifier,normalized_record:rec_src_search_89d26cc955fb_009,normalized_record,human_review_item:review_anomaly_anom_010,human_review_item,
requires_review,matched provenance identifier,source:src_search_89d26cc955fb,source,human_review_item:review_anomaly_anom_010,human_review_item,
requires_review,matched provenance identifier,source:src_search_9cacbefd56b5,source,human_review_item:review_anomaly_anom_011,human_review_item,
requires_review,matched provenance identifier,normalized_record:rec_src_search_9cacbefd56b5_001,normalized_record,human_review_item:review_anomaly_anom_011,human_review_item,
requires_review,matched provenance identifier,normalized_record:rec_src_search_f4f555107be5_001,normalized_record,human_review_item:review_anomaly_anom_013,human_review_item,
requires_review,matched provenance identifier,source:src_search_f4f555107be5,source,human_review_item:review_anomaly_anom_013,human_review_item,
requires_review,matched provenance identifier,source:src_search_f4f555107be5,source,human_review_item:review_anomaly_anom_015,human_review_item,
requires_review,matched provenance identifier,normalized_record:rec_src_search_f4f555107be5_004,normalized_record,human_review_item:review_anomaly_anom_015,human_review_item,
requires_review,matched provenance identifier,source:src_search_52123c6cbbdd,source,human_review_item:review_anomaly_anom_016,human_review_item,
requires_review,matched provenance identifier,normalized_record:rec_src_search_52123c6cbbdd_001,normalized_record,human_review_item:review_anomaly_anom_016,human_review_item,
requires_review,matched provenance identifier,normalized_record:rec_src_search_0cb54d17a3e3_001,normalized_record,human_review_item:review_anomaly_anom_017,human_review_item,
requires_review,matched provenance identifier,source:src_search_0cb54d17a3e3,source,human_review_item:review_anomaly_anom_017,human_review_item,
requires_review,matched provenance identifier,normalized_record:rec_src_search_0cb54d17a3e3_005,normalized_record,human_review_item:review_anomaly_anom_019,human_review_item,
requires_review,matched provenance identifier,source:src_search_0cb54d17a3e3,source,human_review_item:review_anomaly_anom_019,human_review_item,
requires_review,matched provenance identifier,source:src_search_08f8dd56800e,source,human_review_item:review_source_credibility_src_search_08f8dd56800e,human_review_item,
requires_review,matched provenance identifier,source:src_search_8f2793bd15b1,source,human_review_item:review_source_credibility_src_search_8f2793bd15b1,human_review_item,
requires_review,matched provenance identifier,source:src_search_aefdcfcb3ad8,source,human_review_item:review_source_credibility_src_search_aefdcfcb3ad8,human_review_item,
requires_review,matched provenance identifier,source:src_search_de67a8507994,source,human_review_item:review_source_credibility_src_search_de67a8507994,human_review_item,
requires_review,matched provenance identifier,corroborated_event:event_001,corroborated_event,human_review_item:review_anomaly_anom_032,human_review_item,
requires_review,matched provenance identifier,normalized_record:rec_src_search_8a863e6c52f9_001,normalized_record,human_review_item:review_duplicate_event_006,human_review_item,
requires_review,matched provenance identifier,corroborated_event:event_006,corroborated_event,human_review_item:review_duplicate_event_006,human_review_item,
requires_review,matched provenance identifier,normalized_record:rec_src_search_619f95867581_001,normalized_record,human_review_item:review_linking_event_002,human_review_item,
requires_review,matched provenance identifier,normalized_record:rec_src_search_89d26cc955fb_009,normalized_record,human_review_item:review_linking_event_003,human_review_item,
requires_review,matched provenance identifier,normalized_record:rec_src_search_f4f555107be5_004,normalized_record,human_review_item:review_linking_event_004,human_review_item,
requires_review,matched provenance identifier,normalized_record:rec_src_search_f4f555107be5_001,normalized_record,human_review_item:review_linking_event_005,human_review_item,
requires_review,matched provenance identifier,normalized_record:rec_src_search_f4f555107be5_003,normalized_record,human_review_item:review_linking_event_005,human_review_item,
requires_review,matched provenance identifier,normalized_record:rec_src_search_f4f555107be5_005,normalized_record,human_review_item:review_linking_event_017,human_review_item,
requires_review,matched provenance identifier,normalized_record:rec_src_search_f4f555107be5_002,normalized_record,human_review_item:review_linking_event_018,human_review_item,
requires_review,matched provenance identifier,normalized_record:rec_src_search_619f95867581_001,normalized_record,human_review_item:review_normalization_rec_src_search_619f95867581_001,human_review_item,
requires_review,matched provenance identifier,normalized_record:rec_src_search_89d26cc955fb_009,normalized_record,human_review_item:review_normalization_rec_src_search_89d26cc955fb_009,human_review_item,
requires_review,matched provenance identifier,normalized_record:rec_src_search_f4f555107be5_001,normalized_record,human_review_item:review_normalization_rec_src_search_f4f555107be5_001,human_review_item,
requires_review,matched provenance identifier,normalized_record:rec_src_search_f4f555107be5_002,normalized_record,human_review_item:review_normalization_rec_src_search_f4f555107be5_002,human_review_item,
requires_review,matched provenance identifier,normalized_record:rec_src_search_f4f555107be5_003,normalized_record,human_review_item:review_normalization_rec_src_search_f4f555107be5_003,human_review_item,
requires_review,matched provenance identifier,normalized_record:rec_src_search_f4f555107be5_004,normalized_record,human_review_item:review_normalization_rec_src_search_f4f555107be5_004,human_review_item,
requires_review,matched provenance identifier,normalized_record:rec_src_search_f4f555107be5_005,normalized_record,human_review_item:review_normalization_rec_src_search_f4f555107be5_005,human_review_item,
requires_review,matched provenance identifier,normalized_record:rec_src_search_619f95867581_001,normalized_record,human_review_item:review_validation_val_result_001,human_review_item,
requires_review,matched provenance identifier,normalized_record:rec_src_search_89d26cc955fb_009,normalized_record,human_review_item:review_validation_val_result_012,human_review_item,
requires_review,matched provenance identifier,normalized_record:rec_src_search_f4f555107be5_001,normalized_record,human_review_item:review_validation_val_result_015,human_review_item,
requires_review,matched provenance identifier,normalized_record:rec_src_search_f4f555107be5_002,normalized_record,human_review_item:review_validation_val_result_016,human_review_item,
requires_review,matched provenance identifier,normalized_record:rec_src_search_f4f555107be5_003,normalized_record,human_review_item:review_validation_val_result_017,human_review_item,
requires_review,matched provenance identifier,normalized_record:rec_src_search_f4f555107be5_004,normalized_record,human_review_item:review_validation_val_result_018,human_review_item,
requires_review,matched provenance identifier,normalized_record:rec_src_search_f4f555107be5_005,normalized_record,human_review_item:review_validation_val_result_019,human_review_item,
requires_review,matched provenance identifier,source:src_search_89d26cc955fb,source,human_review_item:review_anomaly_anom_006,human_review_item,
requires_review,matched provenance identifier,normalized_record:rec_src_search_89d26cc955fb_004,normalized_record,human_review_item:review_anomaly_anom_006,human_review_item,
requires_review,matched provenance identifier,normalized_record:rec_src_search_89d26cc955fb_005,normalized_record,human_review_item:review_anomaly_anom_007,human_review_item,
requires_review,matched provenance identifier,source:src_search_89d26cc955fb,source,human_review_item:review_anomaly_anom_007,human_review_item,
requires_review,matched provenance identifier,source:src_search_042037d6ca22,source,human_review_item:review_source_credibility_src_search_042037d6ca22,human_review_item,
requires_review,matched provenance identifier,source:src_search_066d8ce49c2c,source,human_review_item:review_source_credibility_src_search_066d8ce49c2c,human_review_item,
requires_review,matched provenance identifier,source:src_search_0cb54d17a3e3,source,human_review_item:review_source_credibility_src_search_0cb54d17a3e3,human_review_item,
requires_review,matched provenance identifier,source:src_search_271588896c48,source,human_review_item:review_source_credibility_src_search_271588896c48,human_review_item,
requires_review,matched provenance identifier,source:src_search_422eae6f4cb9,source,human_review_item:review_source_credibility_src_search_422eae6f4cb9,human_review_item,
requires_review,matched provenance identifier,source:src_search_4520d2861241,source,human_review_item:review_source_credibility_src_search_4520d2861241,human_review_item,
requires_review,matched provenance identifier,source:src_search_4e6c9d96071d,source,human_review_item:review_source_credibility_src_search_4e6c9d96071d,human_review_item,
requires_review,matched provenance identifier,source:src_search_5f398ee9785b,source,human_review_item:review_source_credibility_src_search_5f398ee9785b,human_review_item,
requires_review,matched provenance identifier,source:src_search_5fd7d33501e8,source,human_review_item:review_source_credibility_src_search_5fd7d33501e8,human_review_item,
requires_review,matched provenance identifier,source:src_search_8a863e6c52f9,source,human_review_item:review_source_credibility_src_search_8a863e6c52f9,human_review_item,
requires_review,matched provenance identifier,source:src_search_9baddae323c5,source,human_review_item:review_source_credibility_src_search_9baddae323c5,human_review_item,
requires_review,matched provenance identifier,source:src_search_9f1bffa1139f,source,human_review_item:review_source_credibility_src_search_9f1bffa1139f,human_review_item,
requires_review,matched provenance identifier,source:src_search_f58afbf42419,source,human_review_item:review_source_credibility_src_search_f58afbf42419,human_review_item,
requires_review,matched provenance identifier,source:src_search_fc7158cd447e,source,human_review_item:review_source_credibility_src_search_fc7158cd447e,human_review_item,
requires_review,matched provenance identifier,normalized_record:rec_src_search_619f95867581_001,normalized_record,human_review_item:review_record_rec_src_search_619f95867581_001,human_review_item,
requires_review,matched provenance identifier,normalized_record:rec_src_search_89d26cc955fb_009,normalized_record,human_review_item:review_record_rec_src_search_89d26cc955fb_009,human_review_item,
requires_review,matched provenance identifier,normalized_record:rec_src_search_f4f555107be5_001,normalized_record,human_review_item:review_record_rec_src_search_f4f555107be5_001,human_review_item,
requires_review,matched provenance identifier,normalized_record:rec_src_search_f4f555107be5_002,normalized_record,human_review_item:review_record_rec_src_search_f4f555107be5_002,human_review_item,
requires_review,matched provenance identifier,normalized_record:rec_src_search_f4f555107be5_003,normalized_record,human_review_item:review_record_rec_src_search_f4f555107be5_003,human_review_item,
requires_review,matched provenance identifier,normalized_record:rec_src_search_f4f555107be5_004,normalized_record,human_review_item:review_record_rec_src_search_f4f555107be5_004,human_review_item,
requires_review,matched provenance identifier,normalized_record:rec_src_search_f4f555107be5_005,normalized_record,human_review_item:review_record_rec_src_search_f4f555107be5_005,human_review_item,
requires_review,matched provenance identifier,normalized_record:rec_src_search_8a863e6c52f9_002,normalized_record,human_review_item:review_validation_val_result_026,human_review_item,
requires_review,matched provenance identifier,normalized_record:rec_src_search_8a863e6c52f9_001,normalized_record,human_review_item:review_anomaly_anom_020,human_review_item,
requires_review,matched provenance identifier,source:src_search_8a863e6c52f9,source,human_review_item:review_anomaly_anom_020,human_review_item,
requires_review,matched provenance identifier,source:src_search_2e96f00ec58d,source,human_review_item:review_core_metric_gap_src_search_2e96f00ec58d,human_review_item,
requires_review,matched provenance identifier,source:src_search_4520d2861241,source,human_review_item:review_core_metric_gap_src_search_4520d2861241,human_review_item,
requires_review,matched provenance identifier,source:src_search_4e6c9d96071d,source,human_review_item:review_core_metric_gap_src_search_4e6c9d96071d,human_review_item,
requires_review,matched provenance identifier,source:src_search_5bd1cae37e40,source,human_review_item:review_core_metric_gap_src_search_5bd1cae37e40,human_review_item,
requires_review,matched provenance identifier,source:src_search_5f398ee9785b,source,human_review_item:review_core_metric_gap_src_search_5f398ee9785b,human_review_item,
requires_review,matched provenance identifier,source:src_search_87a1569617ed,source,human_review_item:review_core_metric_gap_src_search_87a1569617ed,human_review_item,
requires_review,matched provenance identifier,source:src_search_b6376a8d9edc,source,human_review_item:review_core_metric_gap_src_search_b6376a8d9edc,human_review_item,
requires_review,matched provenance identifier,source:src_search_beb2acd883bf,source,human_review_item:review_core_metric_gap_src_search_beb2acd883bf,human_review_item,
requires_review,matched provenance identifier,source:src_search_c23afe16a48a,source,human_review_item:review_core_metric_gap_src_search_c23afe16a48a,human_review_item,
requires_review,matched provenance identifier,source:src_search_e6a611dc2382,source,human_review_item:review_core_metric_gap_src_search_e6a611dc2382,human_review_item,
requires_review,matched provenance identifier,source:src_search_fe4e8f3af932,source,human_review_item:review_core_metric_gap_src_search_fe4e8f3af932,human_review_item,
requires_review,matched provenance identifier,source:src_search_042037d6ca22,source,human_review_item:review_source_src_search_042037d6ca22,human_review_item,
requires_review,matched provenance identifier,source:src_search_066d8ce49c2c,source,human_review_item:review_source_src_search_066d8ce49c2c,human_review_item,
requires_review,matched provenance identifier,source:src_search_08f8dd56800e,source,human_review_item:review_source_src_search_08f8dd56800e,human_review_item,
requires_review,matched provenance identifier,source:src_search_0cb54d17a3e3,source,human_review_item:review_source_src_search_0cb54d17a3e3,human_review_item,
requires_review,matched provenance identifier,source:src_search_271588896c48,source,human_review_item:review_source_src_search_271588896c48,human_review_item,
requires_review,matched provenance identifier,source:src_search_422eae6f4cb9,source,human_review_item:review_source_src_search_422eae6f4cb9,human_review_item,
requires_review,matched provenance identifier,source:src_search_4520d2861241,source,human_review_item:review_source_src_search_4520d2861241,human_review_item,
requires_review,matched provenance identifier,source:src_search_4e6c9d96071d,source,human_review_item:review_source_src_search_4e6c9d96071d,human_review_item,
requires_review,matched provenance identifier,source:src_search_5737ca939d71,source,human_review_item:review_source_src_search_5737ca939d71,human_review_item,
requires_review,matched provenance identifier,source:src_search_5f398ee9785b,source,human_review_item:review_source_src_search_5f398ee9785b,human_review_item,
requires_review,matched provenance identifier,source:src_search_5fd7d33501e8,source,human_review_item:review_source_src_search_5fd7d33501e8,human_review_item,
requires_review,matched provenance identifier,source:src_search_6d0ae6050d3b,source,human_review_item:review_source_src_search_6d0ae6050d3b,human_review_item,
requires_review,matched provenance identifier,source:src_search_8a863e6c52f9,source,human_review_item:review_source_src_search_8a863e6c52f9,human_review_item,
requires_review,matched provenance identifier,source:src_search_8f2793bd15b1,source,human_review_item:review_source_src_search_8f2793bd15b1,human_review_item,
requires_review,matched provenance identifier,source:src_search_9baddae323c5,source,human_review_item:review_source_src_search_9baddae323c5,human_review_item,
requires_review,matched provenance identifier,source:src_search_9f1bffa1139f,source,human_review_item:review_source_src_search_9f1bffa1139f,human_review_item,
requires_review,matched provenance identifier,source:src_search_aefdcfcb3ad8,source,human_review_item:review_source_src_search_aefdcfcb3ad8,human_review_item,
requires_review,matched provenance identifier,source:src_search_de67a8507994,source,human_review_item:review_source_src_search_de67a8507994,human_review_item,
requires_review,matched provenance identifier,source:src_search_f28b6af274cc,source,human_review_item:review_source_src_search_f28b6af274cc,human_review_item,
requires_review,matched provenance identifier,source:src_search_f58afbf42419,source,human_review_item:review_source_src_search_f58afbf42419,human_review_item,
requires_review,matched provenance identifier,source:src_search_f79ff78ee4b3,source,human_review_item:review_source_src_search_f79ff78ee4b3,human_review_item,
requires_review,matched provenance identifier,source:src_search_fc7158cd447e,source,human_review_item:review_source_src_search_fc7158cd447e,human_review_item,
