actual_publisher,allowed_decision_types,date_or_period,disease,evidence_quote,issue_category,issue_type,location,priority_level,priority_rank,recommended_artifacts_to_open,short_title,source_title,source_url,suggested_action,suggested_reviewer_question,target_ids,target_type,why_it_matters
Centers for Disease Control and Prevention,needs_more_evidence; defer_decision,2025-01-01-2025-03-31,Measles,Comparable public-health claims conflict and require review.,conflicting_claims_review,claim_corroboration_conflict,United States,P0_critical,1,human_review_items; record_inclusion_decisions; claims; claim_comparisons; corroborated_events,conflicting claims review - review_claim_corroboration_conflict_corr_event_006 - Notes from the Field: Initial Public Health Response to...,Notes from the Field: Initial Public Health Response to a Measles Outbreak in a Close-Knit West Texas Community — January−February 2025  | MMWR,https://www.cdc.gov/mmwr/volumes/75/wr/mm7523a2.htm,review_claim_corroboration,Which claim should be treated as comparable evidence after review?,claim_rec_src_search_fede8be6ac1e_003_deaths; claim_rec_src_search_831265159816_001_cases_unspecified; claim_rec_src_search_831265159816_001_deaths; claim_rec_src_search_831265159816_001_hospitalizations; claim_rec_src_search_831265159816_002_deaths; claim_rec_src_search_831265159816_003_hospitalizations; claim_rec_src_search_831265159816_004_cases_unspecified; claim_rec_src_search_831265159816_006_observation; claim_rec_src_search_831265159816_010_observation; claim_rec_src_search_831265159816_011_observation; claim_rec_src_search_831265159816_012_cases_confirmed; claim_rec_src_search_831265159816_012_deaths; claim_rec_src_search_831265159816_012_hospitalizations; claim_rec_src_search_831265159816_013_hospitalizations; claim_rec_src_search_831265159816_014_deaths; claim_rec_src_search_831265159816_015_cases_confirmed; claim_rec_src_search_831265159816_020_observation; claim_rec_src_search_831265159816_022_deaths; claim_rec_src_search_831265159816_028_observation; claim_rec_src_search_831265159816_040_deaths; claim_rec_src_search_831265159816_044_observation; claim_rec_src_search_831265159816_063_cases_unspecified; claim_rec_src_search_fede8be6ac1e_001_cases_confirmed; claim_rec_src_search_fede8be6ac1e_002_hospitalizations; claim_rec_src_search_831265159816_007_cases_confirmed; claim_rec_src_search_831265159816_016_cases_confirmed; claim_rec_src_search_831265159816_019_cases_unspecified; claim_rec_src_search_831265159816_024_cases_unspecified; claim_rec_src_search_831265159816_025_cases_unspecified; claim_rec_src_search_831265159816_026_cases_unspecified; claim_rec_src_search_831265159816_027_cases_unspecified; claim_rec_src_search_831265159816_029_cases_unspecified; claim_rec_src_search_831265159816_031_cases_unspecified; claim_rec_src_search_831265159816_033_cases_unspecified; claim_rec_src_search_831265159816_035_cases_confirmed; claim_rec_src_search_831265159816_037_cases_unspecified; claim_rec_src_search_831265159816_038_cases_unspecified; claim_rec_src_search_831265159816_043_cases_unspecified; claim_rec_src_search_831265159816_049_cases_confirmed; claim_rec_src_search_831265159816_050_cases_unspecified; claim_rec_src_search_831265159816_051_cases_unspecified; claim_rec_src_search_831265159816_052_cases_unspecified; claim_rec_src_search_831265159816_053_cases_unspecified; claim_rec_src_search_831265159816_055_cases_unspecified; claim_rec_src_search_831265159816_056_cases_confirmed; claim_rec_src_search_831265159816_057_cases_unspecified; claim_rec_src_search_831265159816_059_cases_unspecified; claim_rec_src_search_831265159816_060_cases_unspecified; claim_rec_src_search_831265159816_061_cases_unspecified; claim_rec_src_search_831265159816_062_cases_unspecified; claim_rec_src_search_831265159816_005_hospitalizations; claim_rec_src_search_831265159816_008_hospitalizations; claim_rec_src_search_831265159816_017_hospitalizations; claim_rec_src_search_831265159816_018_hospitalizations; claim_rec_src_search_831265159816_021_hospitalizations; claim_rec_src_search_831265159816_023_hospitalizations; claim_rec_src_search_831265159816_029_hospitalizations; claim_rec_src_search_831265159816_030_hospitalizations; claim_rec_src_search_831265159816_032_hospitalizations; claim_rec_src_search_831265159816_036_hospitalizations; claim_rec_src_search_831265159816_039_hospitalizations; claim_rec_src_search_831265159816_053_hospitalizations; claim_rec_src_search_831265159816_054_hospitalizations; claim_rec_src_search_831265159816_059_hospitalizations; src_search_fede8be6ac1e; src_search_831265159816; corr_event_006,claim,"Comparable claims conflict and may affect cases, date, location, or count semantics."
Centers for Disease Control and Prevention,needs_more_evidence; defer_decision,2025-01-01-2025-03-31,Measles,Comparable public-health claims conflict and require review.,conflicting_claims_review,claim_corroboration_conflict,United States,P0_critical,2,human_review_items; record_inclusion_decisions; claims; claim_comparisons; corroborated_events,"conflicting claims review - review_claim_corroboration_conflict_corr_event_007 - Measles Update — United States, January 1–April 17, 2025...","Measles Update — United States, January 1–April 17, 2025 | MMWR",https://www.cdc.gov/mmwr/volumes/74/wr/mm7414a1.htm,review_claim_corroboration,Which claim should be treated as comparable evidence after review?,claim_rec_src_search_3109afb35d90_001_cases_confirmed; claim_rec_src_search_3109afb35d90_002_cases_unspecified; claim_rec_src_search_3109afb35d90_003_cases_unspecified; claim_rec_src_search_3109afb35d90_004_cases_unspecified; claim_rec_src_search_831265159816_034_cases_unspecified; claim_rec_src_search_831265159816_048_cases_unspecified; src_search_3109afb35d90; src_search_831265159816; corr_event_007,claim,"Comparable claims conflict and may affect cases, date, location, or count semantics."
,accept_as_is; correct_fields; reject_record; mark_requires_review; mark_review_resolved; mark_non_countable; mark_countable; mark_duplicate; mark_not_duplicate; needs_more_evidence; defer_decision,2025-03-31,Measles,"By comparison, there were 285 measles cases in the United States in all of 2024.",possible_primary_case_evidence,duplicate_event_clustering,United States,P0_critical,3,human_review_items; record_inclusion_decisions; quarantined_records; context_records; final_case_dataset; claims; claim_comparisons; corroborated_events,possible primary case evidence - review_duplicate_event_002 - Texas Measles Outbreak: 2025 | RT,Texas Measles Outbreak: 2025 | RT,https://respiratory-therapy.com/disorders-diseases/infectious-diseases/other-infections/texas-measles-outbreak-2025,Inspect corroboration and source identity before deciding whether a structured human decision is warranted.,Is this a task-compatible primary case observation or only context/secondary evidence?,rec_src_search_831265159816_034; event_002,record,"No accepted primary case dataset records exist, and this item may contain possible primary case evidence."
Pan American Health Organization,accept_as_is; correct_fields; reject_record; mark_requires_review; mark_review_resolved; mark_non_countable; mark_countable; mark_duplicate; mark_not_duplicate; needs_more_evidence; defer_decision,2025-03-31,Measles,"| [Download](/sites/default/files/2026/04/pahomeaslessitrep1engupdated_0.pdf ""Situation Report #1: Measles in the Americas Region"") | Between epidemiological weeks (EW) 1 and EW 12 of 2026, countries in the Region of the Americas reported 14,465 confirmed measles cases. In 2025, 14,503 measles cases were reported, including 32 deaths. This follows a marked rise in cases during 2025, with continued acceleration observed in early 2026. Genotyping information indicate that the D8 lineage has been identified across multiple countries and is associated with outbreaks in at least ten countries, suggesting widespread circulation of this strain in the Region. The highest number of cases in 2026 have been reported in Mexico (n= 8,315), Guatemala (n= 3,687), the United States of America (n= 1,664...",possible_primary_case_evidence,duplicate_event_clustering,United States,P0_critical,4,human_review_items; record_inclusion_decisions; quarantined_records; context_records; final_case_dataset; claims; claim_comparisons; corroborated_events,possible primary case evidence - review_duplicate_event_003 - Situation Report #1: Measles in the Americas Region - PAHO/WHO,Situation Report #1: Measles in the Americas Region - PAHO/WHO,https://www.paho.org/en/documents/situation-report-1-measles-americas-region,Inspect corroboration and source identity before deciding whether a structured human decision is warranted.,Is this a task-compatible primary case observation or only context/secondary evidence?,rec_src_search_6e578fc529e9_001; rec_src_search_6e578fc529e9_002; event_003,record,"No accepted primary case dataset records exist, and this item may contain possible primary case evidence."
Pan American Health Organization,accept_as_is; correct_fields; reject_record; mark_requires_review; mark_review_resolved; mark_non_countable; mark_countable; mark_duplicate; mark_not_duplicate; needs_more_evidence; defer_decision,2025-03-31,Measles,"| [Download](/sites/default/files/2026/05/measles-outbreak-situation-report-7may-2026.pdf ""Situation Report #2: Measles in the Americas Region"") | Between epidemiological weeks (EW) 1 and EW 16 of 2026, countries in the Region of the Americas reported 18,352 confirmed measles cases including 15 deaths. In 2025, 14,503 measles cases were reported, including 32 deaths. This follows a marked rise in cases during 2025, with continued acceleration observed in early 2026. Since the publication of Situation Report No. 1 (EW 12, 2026), an additional 3,887 confirmed cases including six deaths have been reported, reflecting continued expansion of outbreaks in Mexico and Guatemala, sustained transmission in Canada, and newly reported cases in Peru. The highest number of confirmed cases in 2026 hav...",possible_primary_case_evidence,duplicate_event_clustering,United States,P0_critical,5,human_review_items; record_inclusion_decisions; quarantined_records; context_records; final_case_dataset; claims; claim_comparisons; corroborated_events,possible primary case evidence - review_duplicate_event_004 - Situation Report #2: Measles in the Americas Region - PAHO/WHO,Situation Report #2: Measles in the Americas Region - PAHO/WHO,https://www.paho.org/en/documents/situation-report-2-measles-americas-region,Inspect corroboration and source identity before deciding whether a structured human decision is warranted.,Is this a task-compatible primary case observation or only context/secondary evidence?,rec_src_search_8242cbb785a1_001; rec_src_search_8242cbb785a1_002; event_004,record,"No accepted primary case dataset records exist, and this item may contain possible primary case evidence."
,accept_as_is; correct_fields; reject_record; mark_requires_review; mark_review_resolved; mark_non_countable; mark_countable; mark_duplicate; mark_not_duplicate; needs_more_evidence; defer_decision,2025-03-31,Measles,2025 Confirmed Measles Deaths:** 2,possible_primary_case_evidence,duplicate_event_clustering,United States,P0_critical,6,human_review_items; record_inclusion_decisions; quarantined_records; context_records; final_case_dataset; claims; claim_comparisons; corroborated_events,possible primary case evidence - review_duplicate_event_005 - 2025-2026 US Measles Map,2025-2026 US Measles Map,https://www.arcgis.com/apps/dashboards/dd314001921f4d2eac160f89ded0b49a,Inspect corroboration and source identity before deciding whether a structured human decision is warranted.,Is this a task-compatible primary case observation or only context/secondary evidence?,rec_src_search_78fdd46eb63c_001; rec_src_search_78fdd46eb63c_002; rec_src_search_78fdd46eb63c_004; rec_src_search_831265159816_048; event_005,record,"No accepted primary case dataset records exist, and this item may contain possible primary case evidence."
Pan American Health Organization,accept_as_is; correct_fields; reject_record; mark_requires_review; mark_review_resolved; mark_non_countable; mark_countable; mark_duplicate; mark_not_duplicate; needs_more_evidence; defer_decision,2025-03-31,Measles,"| [Download](/sites/default/files/2026/04/pahomeaslessitrep1engupdated_0.pdf ""Situation Report #1: Measles in the Americas Region"") | Between epidemiological weeks (EW) 1 and EW 12 of 2026, countries in the Region of the Americas reported 14,465 confirmed measles cases. In 2025, 14,503 measles cases were reported, including 32 deaths. This follows a marked rise in cases during 2025, with continued acceleration observed in early 2026. Genotyping information indicate that the D8 lineage has been identified across multiple countries and is associated with outbreaks in at least ten countries, suggesting widespread circulation of this strain in the Region. The highest number of cases in 2026 have been reported in Mexico (n= 8,315), Guatemala (n= 3,687), the United States of America (n= 1,664...",possible_primary_case_evidence,duplicate_event_clustering,United States,P0_critical,7,human_review_items; record_inclusion_decisions; quarantined_records; context_records; final_case_dataset; claims; claim_comparisons; corroborated_events,possible primary case evidence - review_duplicate_event_006 - Situation Report #1: Measles in the Americas Region - PAHO/WHO,Situation Report #1: Measles in the Americas Region - PAHO/WHO,https://www.paho.org/en/documents/situation-report-1-measles-americas-region,Inspect corroboration and source identity before deciding whether a structured human decision is warranted.,Is this a task-compatible primary case observation or only context/secondary evidence?,rec_src_search_6e578fc529e9_003; event_006,record,"No accepted primary case dataset records exist, and this item may contain possible primary case evidence."
Pan American Health Organization,accept_as_is; correct_fields; reject_record; mark_requires_review; mark_review_resolved; mark_non_countable; mark_countable; mark_duplicate; mark_not_duplicate; needs_more_evidence; defer_decision,2025-03-31,Measles,"| [Download](/sites/default/files/2026/05/measles-outbreak-situation-report-7may-2026.pdf ""Situation Report #2: Measles in the Americas Region"") | Between epidemiological weeks (EW) 1 and EW 16 of 2026, countries in the Region of the Americas reported 18,352 confirmed measles cases including 15 deaths. In 2025, 14,503 measles cases were reported, including 32 deaths. This follows a marked rise in cases during 2025, with continued acceleration observed in early 2026. Since the publication of Situation Report No. 1 (EW 12, 2026), an additional 3,887 confirmed cases including six deaths have been reported, reflecting continued expansion of outbreaks in Mexico and Guatemala, sustained transmission in Canada, and newly reported cases in Peru. The highest number of confirmed cases in 2026 hav...",possible_primary_case_evidence,duplicate_event_clustering,United States,P0_critical,8,human_review_items; record_inclusion_decisions; quarantined_records; context_records; final_case_dataset; claims; claim_comparisons; corroborated_events,possible primary case evidence - review_duplicate_event_007 - Situation Report #2: Measles in the Americas Region - PAHO/WHO,Situation Report #2: Measles in the Americas Region - PAHO/WHO,https://www.paho.org/en/documents/situation-report-2-measles-americas-region,Inspect corroboration and source identity before deciding whether a structured human decision is warranted.,Is this a task-compatible primary case observation or only context/secondary evidence?,rec_src_search_8242cbb785a1_003; event_007,record,"No accepted primary case dataset records exist, and this item may contain possible primary case evidence."
Centers for Disease Control and Prevention,accept_as_is; correct_fields; reject_record; mark_requires_review; mark_review_resolved; mark_non_countable; mark_countable; mark_duplicate; mark_not_duplicate; needs_more_evidence; defer_decision,2025-03-31,Measles,| ****Total measles cases**** | ****800 (100)**** | ****48 (6)**** | ****752 (94)**** |,possible_primary_case_evidence,duplicate_event_clustering,United States,P0_critical,9,human_review_items; record_inclusion_decisions; quarantined_records; context_records; final_case_dataset; claims; claim_comparisons; corroborated_events,"possible primary case evidence - review_duplicate_event_008 - Measles Update — United States, January 1–April 17, 2025 | MMWR","Measles Update — United States, January 1–April 17, 2025 | MMWR",https://www.cdc.gov/mmwr/volumes/74/wr/mm7414a1.htm,Inspect corroboration and source identity before deciding whether a structured human decision is warranted.,Is this a task-compatible primary case observation or only context/secondary evidence?,rec_src_search_3109afb35d90_002; rec_src_search_3109afb35d90_003; rec_src_search_3109afb35d90_004; event_008,record,"No accepted primary case dataset records exist, and this item may contain possible primary case evidence."
,accept_as_is; correct_fields; reject_record; mark_requires_review; mark_review_resolved; mark_non_countable; mark_countable; mark_duplicate; mark_not_duplicate; needs_more_evidence; defer_decision,2025-03-31,Measles,"Meanwhile, New Mexico’s measles outbreak has grown to 35 cases, and Oklahoma remains at two cases, all related to the Texas outbreak.",possible_primary_case_evidence,duplicate_event_clustering,New Mexico,P0_critical,10,human_review_items; record_inclusion_decisions; quarantined_records; context_records; final_case_dataset; claims; claim_comparisons; corroborated_events,possible primary case evidence - review_duplicate_event_013 - Texas Measles Outbreak: 2025 | RT,Texas Measles Outbreak: 2025 | RT,https://respiratory-therapy.com/disorders-diseases/infectious-diseases/other-infections/texas-measles-outbreak-2025,Inspect corroboration and source identity before deciding whether a structured human decision is warranted.,Is this a task-compatible primary case observation or only context/secondary evidence?,rec_src_search_831265159816_045; event_013,record,"No accepted primary case dataset records exist, and this item may contain possible primary case evidence."
,accept_as_is; correct_fields; reject_record; mark_requires_review; mark_review_resolved; mark_non_countable; mark_countable; mark_duplicate; mark_not_duplicate; needs_more_evidence; defer_decision,2025-03-21,Measles,"The number of measles cases in the current Texas outbreak has hit 309, according to March 21 data released by The [Texas Department of State Health Services](https://www.dshs.texas.gov/news-alerts/measles-outbreak-feb-28-2025).",possible_primary_case_evidence,duplicate_event_clustering,Texas,P0_critical,11,human_review_items; record_inclusion_decisions; quarantined_records; context_records; final_case_dataset; claims; claim_comparisons; corroborated_events,possible primary case evidence - review_duplicate_event_020 - Texas Measles Outbreak: 2025 | RT,Texas Measles Outbreak: 2025 | RT,https://respiratory-therapy.com/disorders-diseases/infectious-diseases/other-infections/texas-measles-outbreak-2025,Inspect corroboration and source identity before deciding whether a structured human decision is warranted.,Is this a task-compatible primary case observation or only context/secondary evidence?,rec_src_search_831265159816_031; event_020,record,"No accepted primary case dataset records exist, and this item may contain possible primary case evidence."
,accept_as_is; correct_fields; reject_record; mark_requires_review; mark_review_resolved; mark_non_countable; mark_countable; mark_duplicate; mark_not_duplicate; needs_more_evidence; defer_decision,2025-03-28,Measles,"The number of measles cases in the current Texas outbreak has reached 400, according to March 28 data released by The [Texas Department of State Health Services](https://www.dshs.texas.gov/news-alerts/measles-outbreak-feb-28-2025).",possible_primary_case_evidence,duplicate_event_clustering,Texas,P0_critical,12,human_review_items; record_inclusion_decisions; quarantined_records; context_records; final_case_dataset; claims; claim_comparisons; corroborated_events,possible primary case evidence - review_duplicate_event_021 - Texas Measles Outbreak: 2025 | RT,Texas Measles Outbreak: 2025 | RT,https://respiratory-therapy.com/disorders-diseases/infectious-diseases/other-infections/texas-measles-outbreak-2025,Inspect corroboration and source identity before deciding whether a structured human decision is warranted.,Is this a task-compatible primary case observation or only context/secondary evidence?,rec_src_search_831265159816_029; rec_src_search_831265159816_030; event_021,record,"No accepted primary case dataset records exist, and this item may contain possible primary case evidence."
,accept_as_is; correct_fields; reject_record; mark_requires_review; mark_review_resolved; mark_non_countable; mark_countable; mark_duplicate; mark_not_duplicate; needs_more_evidence; defer_decision,2025-03-04,Measles,"An update from The [Texas Department of State Health Services](https://www.dshs.texas.gov/news-alerts/measles-outbreak-feb-28-2025) reports the state’s measles outbreak has grown to 159 cases, as of Mar 4, 2025.",possible_primary_case_evidence,duplicate_event_clustering,Texas,P0_critical,13,human_review_items; record_inclusion_decisions; quarantined_records; context_records; final_case_dataset; claims; claim_comparisons; corroborated_events,possible primary case evidence - review_duplicate_event_024 - Texas Measles Outbreak: 2025 | RT,Texas Measles Outbreak: 2025 | RT,https://respiratory-therapy.com/disorders-diseases/infectious-diseases/other-infections/texas-measles-outbreak-2025,Inspect corroboration and source identity before deciding whether a structured human decision is warranted.,Is this a task-compatible primary case observation or only context/secondary evidence?,rec_src_search_831265159816_059; event_024,record,"No accepted primary case dataset records exist, and this item may contain possible primary case evidence."
,accept_as_is; correct_fields; reject_record; mark_requires_review; mark_review_resolved; mark_non_countable; mark_countable; mark_duplicate; mark_not_duplicate; needs_more_evidence; defer_decision,2025-03-04,Measles,"According to information released by the department, 127 of the 154 cases with known age data have occurred in children under age 18.",possible_primary_case_evidence,duplicate_event_clustering,Texas,P0_critical,14,human_review_items; record_inclusion_decisions; quarantined_records; context_records; final_case_dataset; claims; claim_comparisons; corroborated_events,possible primary case evidence - review_duplicate_event_025 - Texas Measles Outbreak: 2025 | RT,Texas Measles Outbreak: 2025 | RT,https://respiratory-therapy.com/disorders-diseases/infectious-diseases/other-infections/texas-measles-outbreak-2025,Inspect corroboration and source identity before deciding whether a structured human decision is warranted.,Is this a task-compatible primary case observation or only context/secondary evidence?,rec_src_search_831265159816_060; rec_src_search_831265159816_061; rec_src_search_831265159816_062; event_025,record,"No accepted primary case dataset records exist, and this item may contain possible primary case evidence."
,accept_as_is; correct_fields; reject_record; mark_requires_review; mark_review_resolved; mark_non_countable; mark_countable; mark_duplicate; mark_not_duplicate; needs_more_evidence; defer_decision,2025-03-07,Measles,## Texas Measles Outbreak Reaches 198 Cases,possible_primary_case_evidence,duplicate_event_clustering,Texas,P0_critical,15,human_review_items; record_inclusion_decisions; quarantined_records; context_records; final_case_dataset; claims; claim_comparisons; corroborated_events,possible primary case evidence - review_duplicate_event_026 - Texas Measles Outbreak: 2025 | RT,Texas Measles Outbreak: 2025 | RT,https://respiratory-therapy.com/disorders-diseases/infectious-diseases/other-infections/texas-measles-outbreak-2025,Inspect corroboration and source identity before deciding whether a structured human decision is warranted.,Is this a task-compatible primary case observation or only context/secondary evidence?,rec_src_search_831265159816_053; rec_src_search_831265159816_054; event_026,record,"No accepted primary case dataset records exist, and this item may contain possible primary case evidence."
,accept_as_is; correct_fields; reject_record; mark_requires_review; mark_review_resolved; mark_non_countable; mark_countable; mark_duplicate; mark_not_duplicate; needs_more_evidence; defer_decision,2025-03-07,Measles,"According to the state’s data, 153 of the cases have occurred in children under the age of 18. Eighty of the 85 confirmed cases with a known vaccination status have occurred in unvaccinated persons, or 94%.",possible_primary_case_evidence,duplicate_event_clustering,Texas,P0_critical,16,human_review_items; record_inclusion_decisions; quarantined_records; context_records; final_case_dataset; claims; claim_comparisons; corroborated_events,possible primary case evidence - review_duplicate_event_027 - Texas Measles Outbreak: 2025 | RT,Texas Measles Outbreak: 2025 | RT,https://respiratory-therapy.com/disorders-diseases/infectious-diseases/other-infections/texas-measles-outbreak-2025,Inspect corroboration and source identity before deciding whether a structured human decision is warranted.,Is this a task-compatible primary case observation or only context/secondary evidence?,rec_src_search_831265159816_055; rec_src_search_831265159816_056; event_027,record,"No accepted primary case dataset records exist, and this item may contain possible primary case evidence."
,accept_as_is; correct_fields; reject_record; mark_requires_review; mark_review_resolved; mark_non_countable; mark_countable; mark_duplicate; mark_not_duplicate; needs_more_evidence; defer_decision,2025-03-11,Measles,"The current Texas outbreak of measles has surpassed the 200 mark and now sits at 223 confirmed cases, according to March 11 data released by The [Texas Department of State Health Services](https://www.dshs.texas.gov/news-alerts/measles-outbreak-feb-28-2025).",possible_primary_case_evidence,duplicate_event_clustering,Texas,P0_critical,17,human_review_items; record_inclusion_decisions; quarantined_records; context_records; final_case_dataset; claims; claim_comparisons; corroborated_events,possible primary case evidence - review_duplicate_event_028 - Texas Measles Outbreak: 2025 | RT,Texas Measles Outbreak: 2025 | RT,https://respiratory-therapy.com/disorders-diseases/infectious-diseases/other-infections/texas-measles-outbreak-2025,Inspect corroboration and source identity before deciding whether a structured human decision is warranted.,Is this a task-compatible primary case observation or only context/secondary evidence?,rec_src_search_831265159816_049; event_028,record,"No accepted primary case dataset records exist, and this item may contain possible primary case evidence."
,accept_as_is; correct_fields; reject_record; mark_requires_review; mark_review_resolved; mark_non_countable; mark_countable; mark_duplicate; mark_not_duplicate; needs_more_evidence; defer_decision,2025-03-11,Measles,"One hundred seventy-four of the cases have been confirmed in children under age 18, and 80 of the cases in unvaccinated individuals compared to five in those vaccinated with one dose of the MMR vaccine.",possible_primary_case_evidence,duplicate_event_clustering,Texas,P0_critical,18,human_review_items; record_inclusion_decisions; quarantined_records; context_records; final_case_dataset; claims; claim_comparisons; corroborated_events,possible primary case evidence - review_duplicate_event_029 - Texas Measles Outbreak: 2025 | RT,Texas Measles Outbreak: 2025 | RT,https://respiratory-therapy.com/disorders-diseases/infectious-diseases/other-infections/texas-measles-outbreak-2025,Inspect corroboration and source identity before deciding whether a structured human decision is warranted.,Is this a task-compatible primary case observation or only context/secondary evidence?,rec_src_search_831265159816_050; rec_src_search_831265159816_051; rec_src_search_831265159816_052; event_029,record,"No accepted primary case dataset records exist, and this item may contain possible primary case evidence."
,accept_as_is; correct_fields; reject_record; mark_requires_review; mark_review_resolved; mark_non_countable; mark_countable; mark_duplicate; mark_not_duplicate; needs_more_evidence; defer_decision,2025-03-14,Measles,"The number of measles cases in the current Texas outbreak has hit 259, according to March 14 data released by The [Texas Department of State Health Services](https://www.dshs.texas.gov/news-alerts/measles-outbreak-feb-28-2025).",possible_primary_case_evidence,duplicate_event_clustering,Texas,P0_critical,19,human_review_items; record_inclusion_decisions; quarantined_records; context_records; final_case_dataset; claims; claim_comparisons; corroborated_events,possible primary case evidence - review_duplicate_event_030 - Texas Measles Outbreak: 2025 | RT,Texas Measles Outbreak: 2025 | RT,https://respiratory-therapy.com/disorders-diseases/infectious-diseases/other-infections/texas-measles-outbreak-2025,Inspect corroboration and source identity before deciding whether a structured human decision is warranted.,Is this a task-compatible primary case observation or only context/secondary evidence?,rec_src_search_831265159816_038; rec_src_search_831265159816_039; event_030,record,"No accepted primary case dataset records exist, and this item may contain possible primary case evidence."
,accept_as_is; correct_fields; reject_record; mark_requires_review; mark_review_resolved; mark_non_countable; mark_countable; mark_duplicate; mark_not_duplicate; needs_more_evidence; defer_decision,2025-03-14,Measles,The department reports only two cases (out of 259) have occurred in vaccinated persons (zero in patients with one-dose and two in patients with 2+ doses).,possible_primary_case_evidence,duplicate_event_clustering,Texas,P0_critical,20,human_review_items; record_inclusion_decisions; quarantined_records; context_records; final_case_dataset; claims; claim_comparisons; corroborated_events,possible primary case evidence - review_duplicate_event_031 - Texas Measles Outbreak: 2025 | RT,Texas Measles Outbreak: 2025 | RT,https://respiratory-therapy.com/disorders-diseases/infectious-diseases/other-infections/texas-measles-outbreak-2025,Inspect corroboration and source identity before deciding whether a structured human decision is warranted.,Is this a task-compatible primary case observation or only context/secondary evidence?,rec_src_search_831265159816_043; rec_src_search_831265159816_044; event_031,record,"No accepted primary case dataset records exist, and this item may contain possible primary case evidence."
,accept_as_is; correct_fields; reject_record; mark_requires_review; mark_review_resolved; mark_non_countable; mark_countable; mark_duplicate; mark_not_duplicate; needs_more_evidence; defer_decision,2025-03-20,Measles,"Per a March 18 update from the [Texas Department of State Health Services](https://www.dshs.texas.gov/news-alerts/measles-outbreak-2025), the total number of confirmed measles cases in the state is now 279, an increase of 20 cases since Friday’s update.",possible_primary_case_evidence,duplicate_event_clustering,Texas,P0_critical,21,human_review_items; record_inclusion_decisions; quarantined_records; context_records; final_case_dataset; claims; claim_comparisons; corroborated_events,possible primary case evidence - review_duplicate_event_032 - Texas Measles Outbreak: 2025 | RT,Texas Measles Outbreak: 2025 | RT,https://respiratory-therapy.com/disorders-diseases/infectious-diseases/other-infections/texas-measles-outbreak-2025,Inspect corroboration and source identity before deciding whether a structured human decision is warranted.,Is this a task-compatible primary case observation or only context/secondary evidence?,rec_src_search_831265159816_035; rec_src_search_831265159816_036; event_032,record,"No accepted primary case dataset records exist, and this item may contain possible primary case evidence."
,accept_as_is; correct_fields; reject_record; mark_requires_review; mark_review_resolved; mark_non_countable; mark_countable; mark_duplicate; mark_not_duplicate; needs_more_evidence; defer_decision,2025-03-20,Measles,"According to the department’s data, 40 patients have been hospitalized, and no additional deaths have been reported.",possible_primary_case_evidence,duplicate_event_clustering,Texas,P0_critical,22,human_review_items; record_inclusion_decisions; quarantined_records; context_records; final_case_dataset; claims; claim_comparisons; corroborated_events,possible primary case evidence - review_duplicate_event_033 - Texas Measles Outbreak: 2025 | RT,Texas Measles Outbreak: 2025 | RT,https://respiratory-therapy.com/disorders-diseases/infectious-diseases/other-infections/texas-measles-outbreak-2025,Inspect corroboration and source identity before deciding whether a structured human decision is warranted.,Is this a task-compatible primary case observation or only context/secondary evidence?,rec_src_search_831265159816_032; event_033,record,"No accepted primary case dataset records exist, and this item may contain possible primary case evidence."
,accept_as_is; correct_fields; reject_record; mark_requires_review; mark_review_resolved; mark_non_countable; mark_countable; mark_duplicate; mark_not_duplicate; needs_more_evidence; defer_decision,2025-03-20,Measles,"According to the department’s data, 36 patients have been hospitalized, and no additional deaths have been reported. Of the 260 cases with age data available, 208 have occurred in children under age 18 (80%).",possible_primary_case_evidence,duplicate_event_clustering,Texas,P0_critical,23,human_review_items; record_inclusion_decisions; quarantined_records; context_records; final_case_dataset; claims; claim_comparisons; corroborated_events,possible primary case evidence - review_duplicate_event_034 - Texas Measles Outbreak: 2025 | RT,Texas Measles Outbreak: 2025 | RT,https://respiratory-therapy.com/disorders-diseases/infectious-diseases/other-infections/texas-measles-outbreak-2025,Inspect corroboration and source identity before deciding whether a structured human decision is warranted.,Is this a task-compatible primary case observation or only context/secondary evidence?,rec_src_search_831265159816_037; event_034,record,"No accepted primary case dataset records exist, and this item may contain possible primary case evidence."
,accept_as_is; correct_fields; reject_record; mark_requires_review; mark_review_resolved; mark_non_countable; mark_countable; mark_duplicate; mark_not_duplicate; needs_more_evidence; defer_decision,2025-03-20,Measles,"Of the 260 cases with age data available, 232 have occurred in children under age 18 (80%).",possible_primary_case_evidence,duplicate_event_clustering,Texas,P0_critical,24,human_review_items; record_inclusion_decisions; quarantined_records; context_records; final_case_dataset; claims; claim_comparisons; corroborated_events,possible primary case evidence - review_duplicate_event_035 - Texas Measles Outbreak: 2025 | RT,Texas Measles Outbreak: 2025 | RT,https://respiratory-therapy.com/disorders-diseases/infectious-diseases/other-infections/texas-measles-outbreak-2025,Inspect corroboration and source identity before deciding whether a structured human decision is warranted.,Is this a task-compatible primary case observation or only context/secondary evidence?,rec_src_search_831265159816_033; event_035,record,"No accepted primary case dataset records exist, and this item may contain possible primary case evidence."
,accept_as_is; correct_fields; reject_record; mark_requires_review; mark_review_resolved; mark_non_countable; mark_countable; mark_duplicate; mark_not_duplicate; needs_more_evidence; defer_decision,2025-03-31,Measles,"Per a May 9 update from the [Texas Department of State Health Services](https://www.dshs.texas.gov/news-alerts/measles-outbreak-2025), the total number of confirmed measles cases in the state is now 709.",possible_primary_case_evidence,duplicate_event_clustering,Texas,P0_critical,25,human_review_items; record_inclusion_decisions; quarantined_records; context_records; final_case_dataset; claims; claim_comparisons; corroborated_events,possible primary case evidence - review_duplicate_event_036 - Texas Measles Outbreak: 2025 | RT,Texas Measles Outbreak: 2025 | RT,https://respiratory-therapy.com/disorders-diseases/infectious-diseases/other-infections/texas-measles-outbreak-2025,Inspect corroboration and source identity before deciding whether a structured human decision is warranted.,Is this a task-compatible primary case observation or only context/secondary evidence?,rec_src_search_831265159816_007; rec_src_search_831265159816_008; event_036,record,"No accepted primary case dataset records exist, and this item may contain possible primary case evidence."
,accept_as_is; correct_fields; reject_record; mark_requires_review; mark_review_resolved; mark_non_countable; mark_countable; mark_duplicate; mark_not_duplicate; needs_more_evidence; defer_decision,2025-03-31,Measles,"# Texas Declares Measles Outbreak ‘Over’ After 762 Cases, Two Child Deaths",possible_primary_case_evidence,duplicate_event_clustering,Texas,P0_critical,26,human_review_items; record_inclusion_decisions; quarantined_records; context_records; final_case_dataset; claims; claim_comparisons; corroborated_events,possible primary case evidence - review_duplicate_event_037 - Texas Measles Outbreak: 2025 | RT,Texas Measles Outbreak: 2025 | RT,https://respiratory-therapy.com/disorders-diseases/infectious-diseases/other-infections/texas-measles-outbreak-2025,Inspect corroboration and source identity before deciding whether a structured human decision is warranted.,Is this a task-compatible primary case observation or only context/secondary evidence?,rec_src_search_831265159816_001; event_037,record,"No accepted primary case dataset records exist, and this item may contain possible primary case evidence."
,accept_as_is; correct_fields; reject_record; mark_requires_review; mark_review_resolved; mark_non_countable; mark_countable; mark_duplicate; mark_not_duplicate; needs_more_evidence; defer_decision,2025-03-31,Measles,## Texas Measles Outbreak: 738 Cases,possible_primary_case_evidence,duplicate_event_clustering,Texas,P0_critical,27,human_review_items; record_inclusion_decisions; quarantined_records; context_records; final_case_dataset; claims; claim_comparisons; corroborated_events,possible primary case evidence - review_duplicate_event_038 - Texas Measles Outbreak: 2025 | RT,Texas Measles Outbreak: 2025 | RT,https://respiratory-therapy.com/disorders-diseases/infectious-diseases/other-infections/texas-measles-outbreak-2025,Inspect corroboration and source identity before deciding whether a structured human decision is warranted.,Is this a task-compatible primary case observation or only context/secondary evidence?,rec_src_search_831265159816_004; rec_src_search_831265159816_005; event_038,record,"No accepted primary case dataset records exist, and this item may contain possible primary case evidence."
,accept_as_is; correct_fields; reject_record; mark_requires_review; mark_review_resolved; mark_non_countable; mark_countable; mark_duplicate; mark_not_duplicate; needs_more_evidence; defer_decision,2025-03-31,Measles,"# Texas Declares Measles Outbreak ‘Over’ After 762 Cases, Two Child Deaths",possible_primary_case_evidence,duplicate_event_clustering,Texas,P0_critical,28,human_review_items; record_inclusion_decisions; quarantined_records; context_records; final_case_dataset; claims; claim_comparisons; corroborated_events,possible primary case evidence - review_duplicate_event_039 - Texas Measles Outbreak: 2025 | RT,Texas Measles Outbreak: 2025 | RT,https://respiratory-therapy.com/disorders-diseases/infectious-diseases/other-infections/texas-measles-outbreak-2025,Inspect corroboration and source identity before deciding whether a structured human decision is warranted.,Is this a task-compatible primary case observation or only context/secondary evidence?,rec_src_search_831265159816_002; rec_src_search_831265159816_003; event_039,record,"No accepted primary case dataset records exist, and this item may contain possible primary case evidence."
,accept_as_is; correct_fields; reject_record; mark_requires_review; mark_review_resolved; mark_non_countable; mark_countable; mark_duplicate; mark_not_duplicate; needs_more_evidence; defer_decision,2025-03-31,Measles,"The vast majority of cases continue to be centralized in Gaines County, Texas, with 355 cases reported (65.6% of the state total).",possible_primary_case_evidence,duplicate_event_clustering,Texas,P0_critical,29,human_review_items; record_inclusion_decisions; quarantined_records; context_records; final_case_dataset; claims; claim_comparisons; corroborated_events,possible primary case evidence - review_duplicate_event_040 - Texas Measles Outbreak: 2025 | RT,Texas Measles Outbreak: 2025 | RT,https://respiratory-therapy.com/disorders-diseases/infectious-diseases/other-infections/texas-measles-outbreak-2025,Inspect corroboration and source identity before deciding whether a structured human decision is warranted.,Is this a task-compatible primary case observation or only context/secondary evidence?,rec_src_search_831265159816_024; event_040,record,"No accepted primary case dataset records exist, and this item may contain possible primary case evidence."
,accept_as_is; correct_fields; reject_record; mark_requires_review; mark_review_resolved; mark_non_countable; mark_countable; mark_duplicate; mark_not_duplicate; needs_more_evidence; defer_decision,2025-03-31,Measles,No additional deaths have been reported since a [second Texas child died](https://respiratory-therapy.com/disorders-diseases/infectious-diseases/other-infections/second-child-dies-of-measles-in-texas/) of “measles pulmonary failure” on April 6.,possible_primary_case_evidence,duplicate_event_clustering,Texas,P0_critical,30,human_review_items; record_inclusion_decisions; quarantined_records; context_records; final_case_dataset; claims; claim_comparisons; corroborated_events,possible primary case evidence - review_duplicate_event_041 - Texas Measles Outbreak: 2025 | RT,Texas Measles Outbreak: 2025 | RT,https://respiratory-therapy.com/disorders-diseases/infectious-diseases/other-infections/texas-measles-outbreak-2025,Inspect corroboration and source identity before deciding whether a structured human decision is warranted.,Is this a task-compatible primary case observation or only context/secondary evidence?,rec_src_search_831265159816_022; rec_src_search_831265159816_023; rec_src_search_831265159816_025; rec_src_search_831265159816_057; event_041,record,"No accepted primary case dataset records exist, and this item may contain possible primary case evidence."
,accept_as_is; correct_fields; reject_record; mark_requires_review; mark_review_resolved; mark_non_countable; mark_countable; mark_duplicate; mark_not_duplicate; needs_more_evidence; defer_decision,2025-03-31,Measles,"Per an April 18 update from the [Texas Department of State Health Services](https://www.dshs.texas.gov/news-alerts/measles-outbreak-2025), the total number of confirmed measles cases in the state is now 597, an increase of 56 cases in the last week (+10%).",possible_primary_case_evidence,duplicate_event_clustering,Texas,P0_critical,31,human_review_items; record_inclusion_decisions; quarantined_records; context_records; final_case_dataset; claims; claim_comparisons; corroborated_events,possible primary case evidence - review_duplicate_event_042 - Texas Measles Outbreak: 2025 | RT,Texas Measles Outbreak: 2025 | RT,https://respiratory-therapy.com/disorders-diseases/infectious-diseases/other-infections/texas-measles-outbreak-2025,Inspect corroboration and source identity before deciding whether a structured human decision is warranted.,Is this a task-compatible primary case observation or only context/secondary evidence?,rec_src_search_831265159816_016; event_042,record,"No accepted primary case dataset records exist, and this item may contain possible primary case evidence."
,accept_as_is; correct_fields; reject_record; mark_requires_review; mark_review_resolved; mark_non_countable; mark_countable; mark_duplicate; mark_not_duplicate; needs_more_evidence; defer_decision,2025-03-31,Measles,"According to the department’s data, 56 patients have been hospitalized.",possible_primary_case_evidence,duplicate_event_clustering,Texas,P0_critical,32,human_review_items; record_inclusion_decisions; quarantined_records; context_records; final_case_dataset; claims; claim_comparisons; corroborated_events,possible primary case evidence - review_duplicate_event_043 - Texas Measles Outbreak: 2025 | RT,Texas Measles Outbreak: 2025 | RT,https://respiratory-therapy.com/disorders-diseases/infectious-diseases/other-infections/texas-measles-outbreak-2025,Inspect corroboration and source identity before deciding whether a structured human decision is warranted.,Is this a task-compatible primary case observation or only context/secondary evidence?,rec_src_search_831265159816_021; event_043,record,"No accepted primary case dataset records exist, and this item may contain possible primary case evidence."
,accept_as_is; correct_fields; reject_record; mark_requires_review; mark_review_resolved; mark_non_countable; mark_countable; mark_duplicate; mark_not_duplicate; needs_more_evidence; defer_decision,2025-03-31,Measles,"According to the department’s data, 56 patients have been hospitalized.",possible_primary_case_evidence,duplicate_event_clustering,Texas,P0_critical,33,human_review_items; record_inclusion_decisions; quarantined_records; context_records; final_case_dataset; claims; claim_comparisons; corroborated_events,possible primary case evidence - review_duplicate_event_044 - Texas Measles Outbreak: 2025 | RT,Texas Measles Outbreak: 2025 | RT,https://respiratory-therapy.com/disorders-diseases/infectious-diseases/other-infections/texas-measles-outbreak-2025,Inspect corroboration and source identity before deciding whether a structured human decision is warranted.,Is this a task-compatible primary case observation or only context/secondary evidence?,rec_src_search_831265159816_018; event_044,record,"No accepted primary case dataset records exist, and this item may contain possible primary case evidence."
,accept_as_is; correct_fields; reject_record; mark_requires_review; mark_review_resolved; mark_non_countable; mark_countable; mark_duplicate; mark_not_duplicate; needs_more_evidence; defer_decision,2025-03-31,Measles,"According to the department’s data, 56 patients have been hospitalized.",possible_primary_case_evidence,duplicate_event_clustering,Texas,P0_critical,34,human_review_items; record_inclusion_decisions; quarantined_records; context_records; final_case_dataset; claims; claim_comparisons; corroborated_events,possible primary case evidence - review_duplicate_event_045 - Texas Measles Outbreak: 2025 | RT,Texas Measles Outbreak: 2025 | RT,https://respiratory-therapy.com/disorders-diseases/infectious-diseases/other-infections/texas-measles-outbreak-2025,Inspect corroboration and source identity before deciding whether a structured human decision is warranted.,Is this a task-compatible primary case observation or only context/secondary evidence?,rec_src_search_831265159816_017; event_045,record,"No accepted primary case dataset records exist, and this item may contain possible primary case evidence."
,accept_as_is; correct_fields; reject_record; mark_requires_review; mark_review_resolved; mark_non_countable; mark_countable; mark_duplicate; mark_not_duplicate; needs_more_evidence; defer_decision,2025-03-31,Measles,"Of the 517 infections with age data available, 374 have occurred in children under age 18 (72.3%).",possible_primary_case_evidence,duplicate_event_clustering,Texas,P0_critical,35,human_review_items; record_inclusion_decisions; quarantined_records; context_records; final_case_dataset; claims; claim_comparisons; corroborated_events,possible primary case evidence - review_duplicate_event_048 - Texas Measles Outbreak: 2025 | RT,Texas Measles Outbreak: 2025 | RT,https://respiratory-therapy.com/disorders-diseases/infectious-diseases/other-infections/texas-measles-outbreak-2025,Inspect corroboration and source identity before deciding whether a structured human decision is warranted.,Is this a task-compatible primary case observation or only context/secondary evidence?,rec_src_search_831265159816_026; rec_src_search_831265159816_027; event_048,record,"No accepted primary case dataset records exist, and this item may contain possible primary case evidence."
,accept_as_is; correct_fields; reject_record; mark_requires_review; mark_review_resolved; mark_non_countable; mark_countable; mark_duplicate; mark_not_duplicate; needs_more_evidence; defer_decision,2025-03-31,Measles,"Of the 573 infections with age data available, 401 have occurred in children under age 18 (70%).",possible_primary_case_evidence,duplicate_event_clustering,Texas,P0_critical,36,human_review_items; record_inclusion_decisions; quarantined_records; context_records; final_case_dataset; claims; claim_comparisons; corroborated_events,possible primary case evidence - review_duplicate_event_049 - Texas Measles Outbreak: 2025 | RT,Texas Measles Outbreak: 2025 | RT,https://respiratory-therapy.com/disorders-diseases/infectious-diseases/other-infections/texas-measles-outbreak-2025,Inspect corroboration and source identity before deciding whether a structured human decision is warranted.,Is this a task-compatible primary case observation or only context/secondary evidence?,rec_src_search_831265159816_019; rec_src_search_831265159816_020; event_049,record,"No accepted primary case dataset records exist, and this item may contain possible primary case evidence."
,accept_anomaly; dismiss_anomaly; confirm_anomaly; mark_anomaly_resolved; mark_anomaly_needs_more_evidence,2025-01-01-2025-03-31,Measles,2025 Confirmed Measles Deaths:** 2,validation_conflict_review,anomaly,United States,P0_critical,37,human_review_items; record_inclusion_decisions; validation_results; validation_source_compatibility_summary; anomaly_results,validation conflict review - review_anomaly_anom_015 - 2025-2026 US Measles Map,2025-2026 US Measles Map,https://www.arcgis.com/apps/dashboards/dd314001921f4d2eac160f89ded0b49a,resolve_validation_conflict,"What decision, if any, should a human reviewer record?",src_search_78fdd46eb63c; src_search_831265159816; event_005; anom_015; val_result_093,anomaly,This review item requires human inspection before it should affect downstream interpretation.
Centers for Disease Control and Prevention,accept_anomaly; dismiss_anomaly; confirm_anomaly; mark_anomaly_resolved; mark_anomaly_needs_more_evidence,2025-01-01-2025-03-31,Measles,| ****Total measles cases**** | ****800 (100)**** | ****48 (6)**** | ****752 (94)**** |,validation_conflict_review,anomaly,United States,P0_critical,38,human_review_items; record_inclusion_decisions; validation_results; validation_source_compatibility_summary; anomaly_results,"validation conflict review - review_anomaly_anom_016 - Measles Update — United States, January 1–April 17, 2025 | MMWR","Measles Update — United States, January 1–April 17, 2025 | MMWR",https://www.cdc.gov/mmwr/volumes/74/wr/mm7414a1.htm,resolve_validation_conflict,"What decision, if any, should a human reviewer record?",src_search_3109afb35d90; event_008; anom_016; val_result_097,anomaly,This review item requires human inspection before it should affect downstream interpretation.
,accept_anomaly; dismiss_anomaly; confirm_anomaly; mark_anomaly_resolved; mark_anomaly_needs_more_evidence,2025-01-01-2025-03-31,Measles,"According to information released by the department, 127 of the 154 cases with known age data have occurred in children under age 18.",validation_conflict_review,anomaly,United States,P0_critical,39,human_review_items; record_inclusion_decisions; validation_results; validation_source_compatibility_summary; anomaly_results,validation conflict review - review_anomaly_anom_017 - Texas Measles Outbreak: 2025 | RT,Texas Measles Outbreak: 2025 | RT,https://respiratory-therapy.com/disorders-diseases/infectious-diseases/other-infections/texas-measles-outbreak-2025,resolve_validation_conflict,"What decision, if any, should a human reviewer record?",src_search_831265159816; event_025; anom_017; val_result_115,anomaly,This review item requires human inspection before it should affect downstream interpretation.
,accept_anomaly; dismiss_anomaly; confirm_anomaly; mark_anomaly_resolved; mark_anomaly_needs_more_evidence,2025-01-01-2025-03-31,Measles,"According to the state’s data, 153 of the cases have occurred in children under the age of 18. Eighty of the 85 confirmed cases with a known vaccination status have occurred in unvaccinated persons, or 94%.",validation_conflict_review,anomaly,United States,P0_critical,40,human_review_items; record_inclusion_decisions; validation_results; validation_source_compatibility_summary; anomaly_results,validation conflict review - review_anomaly_anom_018 - Texas Measles Outbreak: 2025 | RT,Texas Measles Outbreak: 2025 | RT,https://respiratory-therapy.com/disorders-diseases/infectious-diseases/other-infections/texas-measles-outbreak-2025,resolve_validation_conflict,"What decision, if any, should a human reviewer record?",src_search_831265159816; event_027; anom_018; val_result_118,anomaly,This review item requires human inspection before it should affect downstream interpretation.
,accept_anomaly; dismiss_anomaly; confirm_anomaly; mark_anomaly_resolved; mark_anomaly_needs_more_evidence,2025-01-01-2025-03-31,Measles,"One hundred seventy-four of the cases have been confirmed in children under age 18, and 80 of the cases in unvaccinated individuals compared to five in those vaccinated with one dose of the MMR vaccine.",validation_conflict_review,anomaly,United States,P0_critical,41,human_review_items; record_inclusion_decisions; validation_results; validation_source_compatibility_summary; anomaly_results,validation conflict review - review_anomaly_anom_019 - Texas Measles Outbreak: 2025 | RT,Texas Measles Outbreak: 2025 | RT,https://respiratory-therapy.com/disorders-diseases/infectious-diseases/other-infections/texas-measles-outbreak-2025,resolve_validation_conflict,"What decision, if any, should a human reviewer record?",src_search_831265159816; event_029; anom_019; val_result_121,anomaly,This review item requires human inspection before it should affect downstream interpretation.
,accept_anomaly; dismiss_anomaly; confirm_anomaly; mark_anomaly_resolved; mark_anomaly_needs_more_evidence,2025-01-01-2025-03-31,Measles,No additional deaths have been reported since a [second Texas child died](https://respiratory-therapy.com/disorders-diseases/infectious-diseases/other-infections/second-child-dies-of-measles-in-texas/) of “measles pulmonary failure” on April 6.,validation_conflict_review,anomaly,United States,P0_critical,42,human_review_items; record_inclusion_decisions; validation_results; validation_source_compatibility_summary; anomaly_results,validation conflict review - review_anomaly_anom_020 - Texas Measles Outbreak: 2025 | RT,Texas Measles Outbreak: 2025 | RT,https://respiratory-therapy.com/disorders-diseases/infectious-diseases/other-infections/texas-measles-outbreak-2025,resolve_validation_conflict,"What decision, if any, should a human reviewer record?",src_search_831265159816; event_041; anom_020; val_result_134,anomaly,This review item requires human inspection before it should affect downstream interpretation.
,accept_anomaly; dismiss_anomaly; confirm_anomaly; mark_anomaly_resolved; mark_anomaly_needs_more_evidence,2025-01-01-2025-03-31,Measles,"Of the 517 infections with age data available, 374 have occurred in children under age 18 (72.3%).",validation_conflict_review,anomaly,United States,P0_critical,43,human_review_items; record_inclusion_decisions; validation_results; validation_source_compatibility_summary; anomaly_results,validation conflict review - review_anomaly_anom_021 - Texas Measles Outbreak: 2025 | RT,Texas Measles Outbreak: 2025 | RT,https://respiratory-therapy.com/disorders-diseases/infectious-diseases/other-infections/texas-measles-outbreak-2025,resolve_validation_conflict,"What decision, if any, should a human reviewer record?",src_search_831265159816; event_048; anom_021; val_result_142,anomaly,This review item requires human inspection before it should affect downstream interpretation.
,accept_as_is; correct_fields; reject_record; mark_requires_review; mark_review_resolved; mark_non_countable; mark_countable; mark_duplicate; mark_not_duplicate; needs_more_evidence; defer_decision,2025-03-31,Measles,2025 Confirmed Measles Deaths:** 2,validation_conflict_review,cross_source_conflict,United States,P0_critical,44,human_review_items; record_inclusion_decisions; quarantined_records; context_records; final_case_dataset; validation_results; validation_source_compatibility_summary,validation conflict review - review_conflict_conf_001 - 2025-2026 US Measles Map,2025-2026 US Measles Map,https://www.arcgis.com/apps/dashboards/dd314001921f4d2eac160f89ded0b49a,Inspect the linked artifacts and only then edit a decision file if needed.,"What decision, if any, should a human reviewer record?",rec_src_search_78fdd46eb63c_001; rec_src_search_78fdd46eb63c_002; rec_src_search_78fdd46eb63c_004; conf_001,record,This review item requires human inspection before it should affect downstream interpretation.
Centers for Disease Control and Prevention,accept_as_is; correct_fields; reject_record; mark_requires_review; mark_review_resolved; mark_non_countable; mark_countable; mark_duplicate; mark_not_duplicate; needs_more_evidence; defer_decision,2025-03-31,Measles,| ****Total measles cases**** | ****800 (100)**** | ****48 (6)**** | ****752 (94)**** |,validation_conflict_review,cross_source_conflict,United States,P0_critical,45,human_review_items; record_inclusion_decisions; quarantined_records; context_records; final_case_dataset; validation_results; validation_source_compatibility_summary,"validation conflict review - review_conflict_conf_002 - Measles Update — United States, January 1–April 17, 2025 | MMWR","Measles Update — United States, January 1–April 17, 2025 | MMWR",https://www.cdc.gov/mmwr/volumes/74/wr/mm7414a1.htm,Inspect the linked artifacts and only then edit a decision file if needed.,"What decision, if any, should a human reviewer record?",rec_src_search_3109afb35d90_002; rec_src_search_3109afb35d90_003; rec_src_search_3109afb35d90_004; conf_002,record,This review item requires human inspection before it should affect downstream interpretation.
,accept_as_is; correct_fields; reject_record; mark_requires_review; mark_review_resolved; mark_non_countable; mark_countable; mark_duplicate; mark_not_duplicate; needs_more_evidence; defer_decision,2025-03-04,Measles,"According to information released by the department, 127 of the 154 cases with known age data have occurred in children under age 18.",validation_conflict_review,cross_source_conflict,Texas,P0_critical,46,human_review_items; record_inclusion_decisions; quarantined_records; context_records; final_case_dataset; validation_results; validation_source_compatibility_summary,validation conflict review - review_conflict_conf_003 - Texas Measles Outbreak: 2025 | RT,Texas Measles Outbreak: 2025 | RT,https://respiratory-therapy.com/disorders-diseases/infectious-diseases/other-infections/texas-measles-outbreak-2025,Inspect the linked artifacts and only then edit a decision file if needed.,"What decision, if any, should a human reviewer record?",rec_src_search_831265159816_060; rec_src_search_831265159816_061; rec_src_search_831265159816_062; conf_003,record,This review item requires human inspection before it should affect downstream interpretation.
,accept_as_is; correct_fields; reject_record; mark_requires_review; mark_review_resolved; mark_non_countable; mark_countable; mark_duplicate; mark_not_duplicate; needs_more_evidence; defer_decision,2025-03-11,Measles,"One hundred seventy-four of the cases have been confirmed in children under age 18, and 80 of the cases in unvaccinated individuals compared to five in those vaccinated with one dose of the MMR vaccine.",validation_conflict_review,cross_source_conflict,Texas,P0_critical,47,human_review_items; record_inclusion_decisions; quarantined_records; context_records; final_case_dataset; validation_results; validation_source_compatibility_summary,validation conflict review - review_conflict_conf_005 - Texas Measles Outbreak: 2025 | RT,Texas Measles Outbreak: 2025 | RT,https://respiratory-therapy.com/disorders-diseases/infectious-diseases/other-infections/texas-measles-outbreak-2025,Inspect the linked artifacts and only then edit a decision file if needed.,"What decision, if any, should a human reviewer record?",rec_src_search_831265159816_050; rec_src_search_831265159816_051; rec_src_search_831265159816_052; conf_005,record,This review item requires human inspection before it should affect downstream interpretation.
,accept_as_is; correct_fields; reject_record; mark_requires_review; mark_review_resolved; mark_non_countable; mark_countable; mark_duplicate; mark_not_duplicate; needs_more_evidence; defer_decision,2025-03-31,Measles,## Texas Measles Outbreak at 481 Cases,validation_conflict_review,cross_source_conflict,Texas,P0_critical,48,human_review_items; record_inclusion_decisions; quarantined_records; context_records; final_case_dataset; validation_results; validation_source_compatibility_summary,validation conflict review - review_conflict_conf_006 - Texas Measles Outbreak: 2025 | RT,Texas Measles Outbreak: 2025 | RT,https://respiratory-therapy.com/disorders-diseases/infectious-diseases/other-infections/texas-measles-outbreak-2025,Inspect the linked artifacts and only then edit a decision file if needed.,"What decision, if any, should a human reviewer record?",rec_src_search_831265159816_025; rec_src_search_831265159816_057; conf_006,record,This review item requires human inspection before it should affect downstream interpretation.
,accept_as_is; correct_fields; reject_record; mark_requires_review; mark_review_resolved; mark_non_countable; mark_countable; mark_duplicate; mark_not_duplicate; needs_more_evidence; defer_decision,2025-03-31,Measles,"Of the 517 infections with age data available, 374 have occurred in children under age 18 (72.3%).",validation_conflict_review,cross_source_conflict,Texas,P0_critical,49,human_review_items; record_inclusion_decisions; quarantined_records; context_records; final_case_dataset; validation_results; validation_source_compatibility_summary,validation conflict review - review_conflict_conf_007 - Texas Measles Outbreak: 2025 | RT,Texas Measles Outbreak: 2025 | RT,https://respiratory-therapy.com/disorders-diseases/infectious-diseases/other-infections/texas-measles-outbreak-2025,Inspect the linked artifacts and only then edit a decision file if needed.,"What decision, if any, should a human reviewer record?",rec_src_search_831265159816_026; rec_src_search_831265159816_027; conf_007,record,This review item requires human inspection before it should affect downstream interpretation.
Centers for Disease Control and Prevention,accept_as_is; correct_fields; reject_record; mark_requires_review; mark_review_resolved; mark_non_countable; mark_countable; mark_duplicate; mark_not_duplicate; needs_more_evidence; defer_decision,2025-03-31,Measles,"Decreases in measles vaccination coverage worldwide have increased the risk for larger measles outbreaks, especially in undervaccinated communities ([About Measles | CDC](https://www.cdc.gov/measles/about/index.html#cdc_disease_basics_population-who-is-at-risk)). On August 18, 2025, the [Texas measles outbreak was declared over](https://www.dshs.texas.gov/news-alerts/texas-announces-end-west-texas-measles-outbreak), having comprised 762 confirmed cases, 99 hospitalizations, and a second measles-associated death. Although the source of this outbreak remains unknown, internationally imported cases have been associated with outbreaks among other close-knit U.S. communities with low vaccination coverage (*3*,*4*). High population coverage with 2 MMR vaccine doses is the most effective publi...",validation_conflict_review,duplicate_event_clustering,Texas,P0_critical,50,human_review_items; record_inclusion_decisions; quarantined_records; context_records; final_case_dataset; validation_results; validation_source_compatibility_summary,validation conflict review - review_duplicate_event_018 - Notes from the Field: Initial Public Health Response to a Measles Outbreak in a...,Notes from the Field: Initial Public Health Response to a Measles Outbreak in a Close-Knit West Texas Community — January−February 2025  | MMWR,https://www.cdc.gov/mmwr/volumes/75/wr/mm7523a2.htm,Inspect the linked artifacts and only then edit a decision file if needed.,"What decision, if any, should a human reviewer record?",rec_src_search_fede8be6ac1e_001; rec_src_search_fede8be6ac1e_002; rec_src_search_fede8be6ac1e_003; event_018,record,This review item requires human inspection before it should affect downstream interpretation.
,accept_as_is; correct_fields; reject_record; mark_requires_review; mark_review_resolved; mark_non_countable; mark_countable; mark_duplicate; mark_not_duplicate; needs_more_evidence; defer_decision,2025-04-25,Measles,## Confirmed Measles Cases Reach 646 in Texas,validation_conflict_review,duplicate_event_clustering,Texas,P0_critical,51,human_review_items; record_inclusion_decisions; quarantined_records; context_records; final_case_dataset; validation_results; validation_source_compatibility_summary,validation conflict review - review_duplicate_event_051 - Texas Measles Outbreak: 2025 | RT,Texas Measles Outbreak: 2025 | RT,https://respiratory-therapy.com/disorders-diseases/infectious-diseases/other-infections/texas-measles-outbreak-2025,Inspect the linked artifacts and only then edit a decision file if needed.,"What decision, if any, should a human reviewer record?",rec_src_search_831265159816_012; rec_src_search_831265159816_014; event_051,record,This review item requires human inspection before it should affect downstream interpretation.
,accept_validation_result; mark_validation_result_not_applicable; confirm_conflict; resolve_conflict_as_left; resolve_conflict_as_right; mark_needs_more_evidence; override_validation_status,2025-03-31,Measles,2025 Confirmed Measles Deaths:** 2,validation_conflict_review,validation_conflict,United States,P0_critical,52,human_review_items; record_inclusion_decisions; validation_results; validation_source_compatibility_summary,validation conflict review - review_validation_val_result_093 - 2025-2026 US Measles Map,2025-2026 US Measles Map,https://www.arcgis.com/apps/dashboards/dd314001921f4d2eac160f89ded0b49a,Inspect the linked artifacts and only then edit a decision file if needed.,"What decision, if any, should a human reviewer record?",rec_src_search_78fdd46eb63c_001; rec_src_search_78fdd46eb63c_002; rec_src_search_78fdd46eb63c_004; rec_src_search_831265159816_048; val_result_093,validation_result,This review item requires human inspection before it should affect downstream interpretation.
Centers for Disease Control and Prevention,accept_validation_result; mark_validation_result_not_applicable; confirm_conflict; resolve_conflict_as_left; resolve_conflict_as_right; mark_needs_more_evidence; override_validation_status,2025-03-31,Measles,| ****Total measles cases**** | ****800 (100)**** | ****48 (6)**** | ****752 (94)**** |,validation_conflict_review,validation_conflict,United States,P0_critical,53,human_review_items; record_inclusion_decisions; validation_results; validation_source_compatibility_summary,"validation conflict review - review_validation_val_result_097 - Measles Update — United States, January 1–April 17, 2025 | MMWR","Measles Update — United States, January 1–April 17, 2025 | MMWR",https://www.cdc.gov/mmwr/volumes/74/wr/mm7414a1.htm,Inspect the linked artifacts and only then edit a decision file if needed.,"What decision, if any, should a human reviewer record?",rec_src_search_3109afb35d90_002; rec_src_search_3109afb35d90_003; rec_src_search_3109afb35d90_004; val_result_097,validation_result,This review item requires human inspection before it should affect downstream interpretation.
,accept_validation_result; mark_validation_result_not_applicable; confirm_conflict; resolve_conflict_as_left; resolve_conflict_as_right; mark_needs_more_evidence; override_validation_status,2025-03-04,Measles,"According to information released by the department, 127 of the 154 cases with known age data have occurred in children under age 18.",validation_conflict_review,validation_conflict,Texas,P0_critical,54,human_review_items; record_inclusion_decisions; validation_results; validation_source_compatibility_summary,validation conflict review - review_validation_val_result_115 - Texas Measles Outbreak: 2025 | RT,Texas Measles Outbreak: 2025 | RT,https://respiratory-therapy.com/disorders-diseases/infectious-diseases/other-infections/texas-measles-outbreak-2025,Inspect the linked artifacts and only then edit a decision file if needed.,"What decision, if any, should a human reviewer record?",rec_src_search_831265159816_060; rec_src_search_831265159816_061; rec_src_search_831265159816_062; val_result_115,validation_result,This review item requires human inspection before it should affect downstream interpretation.
,accept_validation_result; mark_validation_result_not_applicable; confirm_conflict; resolve_conflict_as_left; resolve_conflict_as_right; mark_needs_more_evidence; override_validation_status,2025-03-11,Measles,"One hundred seventy-four of the cases have been confirmed in children under age 18, and 80 of the cases in unvaccinated individuals compared to five in those vaccinated with one dose of the MMR vaccine.",validation_conflict_review,validation_conflict,Texas,P0_critical,55,human_review_items; record_inclusion_decisions; validation_results; validation_source_compatibility_summary,validation conflict review - review_validation_val_result_121 - Texas Measles Outbreak: 2025 | RT,Texas Measles Outbreak: 2025 | RT,https://respiratory-therapy.com/disorders-diseases/infectious-diseases/other-infections/texas-measles-outbreak-2025,Inspect the linked artifacts and only then edit a decision file if needed.,"What decision, if any, should a human reviewer record?",rec_src_search_831265159816_050; rec_src_search_831265159816_051; rec_src_search_831265159816_052; val_result_121,validation_result,This review item requires human inspection before it should affect downstream interpretation.
,accept_validation_result; mark_validation_result_not_applicable; confirm_conflict; resolve_conflict_as_left; resolve_conflict_as_right; mark_needs_more_evidence; override_validation_status,2025-03-31,Measles,No additional deaths have been reported since a [second Texas child died](https://respiratory-therapy.com/disorders-diseases/infectious-diseases/other-infections/second-child-dies-of-measles-in-texas/) of “measles pulmonary failure” on April 6.,validation_conflict_review,validation_conflict,Texas,P0_critical,56,human_review_items; record_inclusion_decisions; validation_results; validation_source_compatibility_summary,validation conflict review - review_validation_val_result_134 - Texas Measles Outbreak: 2025 | RT,Texas Measles Outbreak: 2025 | RT,https://respiratory-therapy.com/disorders-diseases/infectious-diseases/other-infections/texas-measles-outbreak-2025,Inspect the linked artifacts and only then edit a decision file if needed.,"What decision, if any, should a human reviewer record?",rec_src_search_831265159816_022; rec_src_search_831265159816_023; rec_src_search_831265159816_025; rec_src_search_831265159816_057; val_result_134,validation_result,This review item requires human inspection before it should affect downstream interpretation.
,accept_validation_result; mark_validation_result_not_applicable; confirm_conflict; resolve_conflict_as_left; resolve_conflict_as_right; mark_needs_more_evidence; override_validation_status,2025-03-31,Measles,"Of the 517 infections with age data available, 374 have occurred in children under age 18 (72.3%).",validation_conflict_review,validation_conflict,Texas,P0_critical,57,human_review_items; record_inclusion_decisions; validation_results; validation_source_compatibility_summary,validation conflict review - review_validation_val_result_142 - Texas Measles Outbreak: 2025 | RT,Texas Measles Outbreak: 2025 | RT,https://respiratory-therapy.com/disorders-diseases/infectious-diseases/other-infections/texas-measles-outbreak-2025,Inspect the linked artifacts and only then edit a decision file if needed.,"What decision, if any, should a human reviewer record?",rec_src_search_831265159816_026; rec_src_search_831265159816_027; val_result_142,validation_result,This review item requires human inspection before it should affect downstream interpretation.
Pan American Health Organization,accept_anomaly; dismiss_anomaly; confirm_anomaly; mark_anomaly_resolved; mark_anomaly_needs_more_evidence,2025-01-01-2025-03-31,Measles,"| [Download](/sites/default/files/2026/05/measles-outbreak-situation-report-7may-2026.pdf ""Situation Report #2: Measles in the Americas Region"") | Between epidemiological weeks (EW) 1 and EW 16 of 2026, countries in the Region of the Americas reported 18,352 confirmed measles cases including 15 deaths. In 2025, 14,503 measles cases were reported, including 32 deaths. This follows a marked rise in cases during 2025, with continued acceleration observed in early 2026. Since the publication of Situation Report No. 1 (EW 12, 2026), an additional 3,887 confirmed cases including six deaths have been reported, reflecting continued expansion of outbreaks in Mexico and Guatemala, sustained transmission in Canada, and newly reported cases in Peru. The highest number of confirmed cases in 2026 hav...",claim_corroboration_review,anomaly,United States,P0_critical,58,human_review_items; record_inclusion_decisions; claims; claim_comparisons; corroborated_events; anomaly_results,claim corroboration review - review_anomaly_anom_012 - Situation Report #2: Measles in the Americas Region - PAHO/WHO,Situation Report #2: Measles in the Americas Region - PAHO/WHO,https://www.paho.org/en/documents/situation-report-2-measles-americas-region,confirm_scope_or_reject_record,"Is the claim independently corroborated, conflicting, or only single-source evidence?",src_search_8242cbb785a1; event_007; anom_012; val_result_006,anomaly,Claim-level support is unresolved or depends on a single source.
Pan American Health Organization,accept_anomaly; dismiss_anomaly; confirm_anomaly; mark_anomaly_resolved; mark_anomaly_needs_more_evidence,2025-01-01-2025-03-31,Measles,"| [Download](/sites/default/files/2026/04/pahomeaslessitrep1engupdated_0.pdf ""Situation Report #1: Measles in the Americas Region"") | Between epidemiological weeks (EW) 1 and EW 12 of 2026, countries in the Region of the Americas reported 14,465 confirmed measles cases. In 2025, 14,503 measles cases were reported, including 32 deaths. This follows a marked rise in cases during 2025, with continued acceleration observed in early 2026. Genotyping information indicate that the D8 lineage has been identified across multiple countries and is associated with outbreaks in at least ten countries, suggesting widespread circulation of this strain in the Region. The highest number of cases in 2026 have been reported in Mexico (n= 8,315), Guatemala (n= 3,687), the United States of America (n= 1,664...",claim_corroboration_review,anomaly,United States,P0_critical,59,human_review_items; record_inclusion_decisions; claims; claim_comparisons; corroborated_events; anomaly_results,claim corroboration review - review_anomaly_anom_013 - Situation Report #1: Measles in the Americas Region - PAHO/WHO,Situation Report #1: Measles in the Americas Region - PAHO/WHO,https://www.paho.org/en/documents/situation-report-1-measles-americas-region,confirm_scope_or_reject_record,"Is the claim independently corroborated, conflicting, or only single-source evidence?",src_search_6e578fc529e9; event_006; anom_013; val_result_009,anomaly,Claim-level support is unresolved or depends on a single source.
,accept_anomaly; dismiss_anomaly; confirm_anomaly; mark_anomaly_resolved; mark_anomaly_needs_more_evidence,2025-01-01-2025-03-31,Measles,"By comparison, there were 285 measles cases in the United States in all of 2024.",claim_corroboration_review,anomaly,United States,P0_critical,60,human_review_items; record_inclusion_decisions; claims; claim_comparisons; corroborated_events; anomaly_results,claim corroboration review - review_anomaly_anom_014 - Texas Measles Outbreak: 2025 | RT,Texas Measles Outbreak: 2025 | RT,https://respiratory-therapy.com/disorders-diseases/infectious-diseases/other-infections/texas-measles-outbreak-2025,confirm_scope_or_reject_record,"Is the claim independently corroborated, conflicting, or only single-source evidence?",src_search_831265159816; event_002; anom_014; val_result_054,anomaly,Claim-level support is unresolved or depends on a single source.
Centers for Disease Control and Prevention,needs_more_evidence; defer_decision,2025-01-01-2025-03-31,Measles,Primary case claim has no independent corroborating source.,claim_corroboration_review,claim_corroboration_review,United States,P1_high,61,human_review_items; record_inclusion_decisions; claims; claim_comparisons; corroborated_events,claim corroboration review - review_claim_corroboration_review_corr_event_002 - Measles Cases This Year Are Outpacing 2025 - Forbes,Measles Cases This Year Are Outpacing 2025 - Forbes,https://www.forbes.com/sites/antoniopequenoiv/2026/01/30/measles-cases-this-year-are-outpacing-2025---the-worst-recent-year-on-record,review_claim_corroboration,"Is the claim independently corroborated, conflicting, or only single-source evidence?",claim_rec_src_search_cd5fb2750261_001_cases_confirmed; claim_rec_src_search_cd5fb2750261_002_cases_confirmed; src_search_cd5fb2750261; corr_event_002,claim,Claim-level support is unresolved or depends on a single source.
Pan American Health Organization,needs_more_evidence; defer_decision,2025-01-01-2025-03-31,Measles,Primary case claim has no independent corroborating source.,claim_corroboration_review,claim_corroboration_review,United States,P1_high,62,human_review_items; record_inclusion_decisions; claims; claim_comparisons; corroborated_events,claim corroboration review - review_claim_corroboration_review_corr_event_003 - Situation Report #2: Measles in the Americas Region - PAH...,Situation Report #2: Measles in the Americas Region - PAHO/WHO,https://www.paho.org/en/documents/situation-report-2-measles-americas-region,review_claim_corroboration,"Is the claim independently corroborated, conflicting, or only single-source evidence?",claim_rec_src_search_8242cbb785a1_001_cases_confirmed; claim_rec_src_search_8242cbb785a1_001_deaths; claim_rec_src_search_8242cbb785a1_002_deaths; src_search_8242cbb785a1; corr_event_003,claim,Claim-level support is unresolved or depends on a single source.
Pan American Health Organization,needs_more_evidence; defer_decision,2025-01-01-2025-03-31,Measles,Primary case claim has no independent corroborating source.,claim_corroboration_review,claim_corroboration_review,United States,P1_high,63,human_review_items; record_inclusion_decisions; claims; claim_comparisons; corroborated_events,claim corroboration review - review_claim_corroboration_review_corr_event_004 - Situation Report #2: Measles in the Americas Region - PAH...,Situation Report #2: Measles in the Americas Region - PAHO/WHO,https://www.paho.org/en/documents/situation-report-2-measles-americas-region,review_claim_corroboration,"Is the claim independently corroborated, conflicting, or only single-source evidence?",claim_rec_src_search_8242cbb785a1_003_cases_confirmed; claim_rec_src_search_6e578fc529e9_003_cases_confirmed; src_search_8242cbb785a1; src_search_6e578fc529e9; corr_event_004,claim,Claim-level support is unresolved or depends on a single source.
Pan American Health Organization,needs_more_evidence; defer_decision,2025-01-01-2025-03-31,Measles,Primary case claim has no independent corroborating source.,claim_corroboration_review,claim_corroboration_review,United States,P1_high,64,human_review_items; record_inclusion_decisions; claims; claim_comparisons; corroborated_events,claim corroboration review - review_claim_corroboration_review_corr_event_005 - Situation Report #1: Measles in the Americas Region - PAH...,Situation Report #1: Measles in the Americas Region - PAHO/WHO,https://www.paho.org/en/documents/situation-report-1-measles-americas-region,review_claim_corroboration,"Is the claim independently corroborated, conflicting, or only single-source evidence?",claim_rec_src_search_6e578fc529e9_001_cases_confirmed; claim_rec_src_search_6e578fc529e9_001_deaths; claim_rec_src_search_6e578fc529e9_002_deaths; src_search_6e578fc529e9; corr_event_005,claim,Claim-level support is unresolved or depends on a single source.
,needs_more_evidence; defer_decision,2025-01-01-2025-03-31,Measles,Primary case claim has no independent corroborating source.,claim_corroboration_review,claim_corroboration_review,United States,P1_high,65,human_review_items; record_inclusion_decisions; claims; claim_comparisons; corroborated_events,claim corroboration review - review_claim_corroboration_review_corr_event_008 - 2025-2026 US Measles Map,2025-2026 US Measles Map,https://www.arcgis.com/apps/dashboards/dd314001921f4d2eac160f89ded0b49a,review_claim_corroboration,"Is the claim independently corroborated, conflicting, or only single-source evidence?",claim_rec_src_search_78fdd46eb63c_001_deaths; claim_rec_src_search_78fdd46eb63c_002_deaths; claim_rec_src_search_78fdd46eb63c_004_deaths; src_search_78fdd46eb63c; corr_event_008,claim,Claim-level support is unresolved or depends on a single source.
,needs_more_evidence; defer_decision,2025-01-01-2025-03-31,Measles,Primary case claim has no independent corroborating source.,claim_corroboration_review,claim_corroboration_review,United States,P1_high,66,human_review_items; record_inclusion_decisions; claims; claim_comparisons; corroborated_events,claim corroboration review - review_claim_corroboration_review_corr_event_009 - 2025-2026 US Measles Map,2025-2026 US Measles Map,https://www.arcgis.com/apps/dashboards/dd314001921f4d2eac160f89ded0b49a,review_claim_corroboration,"Is the claim independently corroborated, conflicting, or only single-source evidence?",claim_rec_src_search_78fdd46eb63c_003_deaths; src_search_78fdd46eb63c; corr_event_009,claim,Claim-level support is unresolved or depends on a single source.
,needs_more_evidence; defer_decision,2025-01-01-2025-03-31,Measles,Primary case claim has no independent corroborating source.,claim_corroboration_review,claim_corroboration_review,United States,P1_high,67,human_review_items; record_inclusion_decisions; claims; claim_comparisons; corroborated_events,claim corroboration review - review_claim_corroboration_review_corr_event_010 - Texas Measles Outbreak: 2025 | RT,Texas Measles Outbreak: 2025 | RT,https://respiratory-therapy.com/disorders-diseases/infectious-diseases/other-infections/texas-measles-outbreak-2025,review_claim_corroboration,"Is the claim independently corroborated, conflicting, or only single-source evidence?",claim_rec_src_search_831265159816_009_cases_confirmed; src_search_831265159816; corr_event_010,claim,Claim-level support is unresolved or depends on a single source.
,needs_more_evidence; defer_decision,2025-01-01-2025-03-31,Measles,Primary case claim has no independent corroborating source.,claim_corroboration_review,claim_corroboration_review,United States,P1_high,68,human_review_items; record_inclusion_decisions; claims; claim_comparisons; corroborated_events,claim corroboration review - review_claim_corroboration_review_corr_event_011 - Texas Measles Outbreak: 2025 | RT,Texas Measles Outbreak: 2025 | RT,https://respiratory-therapy.com/disorders-diseases/infectious-diseases/other-infections/texas-measles-outbreak-2025,review_claim_corroboration,"Is the claim independently corroborated, conflicting, or only single-source evidence?",claim_rec_src_search_831265159816_041_cases_unspecified; claim_rec_src_search_831265159816_045_cases_unspecified; src_search_831265159816; corr_event_011,claim,Claim-level support is unresolved or depends on a single source.
,needs_more_evidence; defer_decision,2025-01-01-2025-03-31,Measles,Primary case claim has no independent corroborating source.,claim_corroboration_review,claim_corroboration_review,United States,P1_high,69,human_review_items; record_inclusion_decisions; claims; claim_comparisons; corroborated_events,claim corroboration review - review_claim_corroboration_review_corr_event_012 - Texas Measles Outbreak: 2025 | RT,Texas Measles Outbreak: 2025 | RT,https://respiratory-therapy.com/disorders-diseases/infectious-diseases/other-infections/texas-measles-outbreak-2025,review_claim_corroboration,"Is the claim independently corroborated, conflicting, or only single-source evidence?",claim_rec_src_search_831265159816_042_cases_unspecified; claim_rec_src_search_831265159816_046_cases_unspecified; claim_rec_src_search_831265159816_058_cases_unspecified; src_search_831265159816; corr_event_012,claim,Claim-level support is unresolved or depends on a single source.
,needs_more_evidence; defer_decision,2025-01-01-2025-03-31,Measles,Primary case claim has no independent corroborating source.,claim_corroboration_review,claim_corroboration_review,United States,P1_high,70,human_review_items; record_inclusion_decisions; claims; claim_comparisons; corroborated_events,claim corroboration review - review_claim_corroboration_review_corr_event_013 - Texas Measles Outbreak: 2025 | RT,Texas Measles Outbreak: 2025 | RT,https://respiratory-therapy.com/disorders-diseases/infectious-diseases/other-infections/texas-measles-outbreak-2025,review_claim_corroboration,"Is the claim independently corroborated, conflicting, or only single-source evidence?",claim_rec_src_search_831265159816_047_cases_unspecified; src_search_831265159816; corr_event_013,claim,Claim-level support is unresolved or depends on a single source.
,approve_source_role; override_source_role; exclude_source; mark_source_needs_review,2025-01-01-2025-03-31,Measles,,source_identity_review,source_credibility,United States,P1_high,71,human_review_items; record_inclusion_decisions; source_registry; source_identity_assessments,source identity review - review_source_credibility_src_search_296bf3da1bef - 2025 measles cases highest since 1991 - AAP Publications,2025 measles cases highest since 1991 - AAP Publications,https://publications.aap.org/aapnews/news/34124/2025-measles-cases-highest-since-1991,Open source identity assessments and source registry metadata.,"Who is the actual publisher, and is it independent of other evidence?",src_search_296bf3da1bef,source,Publisher or source identity uncertainty can affect source independence and credibility.
,approve_source_role; override_source_role; exclude_source; mark_source_needs_review,2025-01-01-2025-03-31,Measles,,source_identity_review,source_credibility,United States,P1_high,72,human_review_items; record_inclusion_decisions; source_registry; source_identity_assessments,source identity review - review_source_credibility_src_search_aabc350f7aa0 - [PDF] MEASLES – THE AMERICAS 2025 - 2026 - Yale Health,[PDF] MEASLES – THE AMERICAS 2025 - 2026 - Yale Health,https://yalehealth.yale.edu/sites/default/files/2026-02/ysph%20vmoc%20special%20report%20-%20measles%20-%20the%20americas%202-15-2026%20final.pdf,Open source identity assessments and source registry metadata.,"Who is the actual publisher, and is it independent of other evidence?",src_search_aabc350f7aa0,source,Publisher or source identity uncertainty can affect source independence and credibility.
National Center for Biotechnology Information,approve_source_role; override_source_role; exclude_source; mark_source_needs_review,2025-01-01-2025-03-31,Measles,,source_identity_review,source_credibility,United States,P1_high,73,human_review_items; record_inclusion_decisions; source_registry; source_identity_assessments,source identity review - review_source_credibility_src_search_eec8c3f3b772 - Measles resurgence in the United States: epidemiological and...,Measles resurgence in the United States: epidemiological and ...,https://pmc.ncbi.nlm.nih.gov/articles/PMC12825560,Open source identity assessments and source registry metadata.,"Who is the actual publisher, and is it independent of other evidence?",src_search_eec8c3f3b772,source,Publisher or source identity uncertainty can affect source independence and credibility.
,accept_anomaly; dismiss_anomaly; confirm_anomaly; mark_anomaly_resolved; mark_anomaly_needs_more_evidence,2025-01-01-2025-03-31,Measles,,claim_corroboration_review,anomaly,United States,P1_high,74,human_review_items; record_inclusion_decisions; claims; claim_comparisons; corroborated_events; anomaly_results,claim corroboration review - review_anomaly_anom_022 - event_003,,,review_cluster_canonical_count,"Is the claim independently corroborated, conflicting, or only single-source evidence?",event_003; anom_022,anomaly,Claim-level support is unresolved or depends on a single source.
,accept_anomaly; dismiss_anomaly; confirm_anomaly; mark_anomaly_resolved; mark_anomaly_needs_more_evidence,2025-01-01-2025-03-31,Measles,,claim_corroboration_review,anomaly,United States,P1_high,75,human_review_items; record_inclusion_decisions; claims; claim_comparisons; corroborated_events; anomaly_results,claim corroboration review - review_anomaly_anom_023 - event_004,,,review_cluster_canonical_count,"Is the claim independently corroborated, conflicting, or only single-source evidence?",event_004; anom_023,anomaly,Claim-level support is unresolved or depends on a single source.
,accept_anomaly; dismiss_anomaly; confirm_anomaly; mark_anomaly_resolved; mark_anomaly_needs_more_evidence,2025-01-01-2025-03-31,Measles,,claim_corroboration_review,anomaly,United States,P1_high,76,human_review_items; record_inclusion_decisions; claims; claim_comparisons; corroborated_events; anomaly_results,claim corroboration review - review_anomaly_anom_024 - event_005,,,review_cluster_canonical_count,"Is the claim independently corroborated, conflicting, or only single-source evidence?",event_005; anom_024,anomaly,Claim-level support is unresolved or depends on a single source.
,accept_anomaly; dismiss_anomaly; confirm_anomaly; mark_anomaly_resolved; mark_anomaly_needs_more_evidence,2025-01-01-2025-03-31,Measles,,claim_corroboration_review,anomaly,United States,P1_high,77,human_review_items; record_inclusion_decisions; claims; claim_comparisons; corroborated_events; anomaly_results,claim corroboration review - review_anomaly_anom_025 - event_008,,,review_cluster_canonical_count,"Is the claim independently corroborated, conflicting, or only single-source evidence?",event_008; anom_025,anomaly,Claim-level support is unresolved or depends on a single source.
,accept_anomaly; dismiss_anomaly; confirm_anomaly; mark_anomaly_resolved; mark_anomaly_needs_more_evidence,2025-01-01-2025-03-31,Measles,,claim_corroboration_review,anomaly,United States,P1_high,78,human_review_items; record_inclusion_decisions; claims; claim_comparisons; corroborated_events; anomaly_results,claim corroboration review - review_anomaly_anom_026 - event_021,,,review_cluster_canonical_count,"Is the claim independently corroborated, conflicting, or only single-source evidence?",event_021; anom_026,anomaly,Claim-level support is unresolved or depends on a single source.
,accept_anomaly; dismiss_anomaly; confirm_anomaly; mark_anomaly_resolved; mark_anomaly_needs_more_evidence,2025-01-01-2025-03-31,Measles,,claim_corroboration_review,anomaly,United States,P1_high,79,human_review_items; record_inclusion_decisions; claims; claim_comparisons; corroborated_events; anomaly_results,claim corroboration review - review_anomaly_anom_027 - event_025,,,review_cluster_canonical_count,"Is the claim independently corroborated, conflicting, or only single-source evidence?",event_025; anom_027,anomaly,Claim-level support is unresolved or depends on a single source.
,accept_anomaly; dismiss_anomaly; confirm_anomaly; mark_anomaly_resolved; mark_anomaly_needs_more_evidence,2025-01-01-2025-03-31,Measles,,claim_corroboration_review,anomaly,United States,P1_high,80,human_review_items; record_inclusion_decisions; claims; claim_comparisons; corroborated_events; anomaly_results,claim corroboration review - review_anomaly_anom_028 - event_026,,,review_cluster_canonical_count,"Is the claim independently corroborated, conflicting, or only single-source evidence?",event_026; anom_028,anomaly,Claim-level support is unresolved or depends on a single source.
,accept_anomaly; dismiss_anomaly; confirm_anomaly; mark_anomaly_resolved; mark_anomaly_needs_more_evidence,2025-01-01-2025-03-31,Measles,,claim_corroboration_review,anomaly,United States,P1_high,81,human_review_items; record_inclusion_decisions; claims; claim_comparisons; corroborated_events; anomaly_results,claim corroboration review - review_anomaly_anom_029 - event_029,,,review_cluster_canonical_count,"Is the claim independently corroborated, conflicting, or only single-source evidence?",event_029; anom_029,anomaly,Claim-level support is unresolved or depends on a single source.
,accept_anomaly; dismiss_anomaly; confirm_anomaly; mark_anomaly_resolved; mark_anomaly_needs_more_evidence,2025-01-01-2025-03-31,Measles,,claim_corroboration_review,anomaly,United States,P1_high,82,human_review_items; record_inclusion_decisions; claims; claim_comparisons; corroborated_events; anomaly_results,claim corroboration review - review_anomaly_anom_030 - event_048,,,review_cluster_canonical_count,"Is the claim independently corroborated, conflicting, or only single-source evidence?",event_048; anom_030,anomaly,Claim-level support is unresolved or depends on a single source.
,accept_anomaly; dismiss_anomaly; confirm_anomaly; mark_anomaly_resolved; mark_anomaly_needs_more_evidence,2025-01-01-2025-03-31,Measles,,claim_corroboration_review,anomaly,United States,P1_high,83,human_review_items; record_inclusion_decisions; claims; claim_comparisons; corroborated_events; anomaly_results,claim corroboration review - review_anomaly_anom_031 - event_051,,,review_cluster_canonical_count,"Is the claim independently corroborated, conflicting, or only single-source evidence?",event_051; anom_031,anomaly,Claim-level support is unresolved or depends on a single source.
Centers for Disease Control and Prevention,accept_as_is; correct_fields; reject_record; mark_requires_review; mark_review_resolved; mark_non_countable; mark_countable; mark_duplicate; mark_not_duplicate; needs_more_evidence; defer_decision,2025-03-31,Measles,"Measles Outbreak — New Mexico, 2025",claim_corroboration_review,duplicate_event_clustering,New Mexico,P1_high,84,human_review_items; record_inclusion_decisions; quarantined_records; context_records; final_case_dataset; claims; claim_comparisons; corroborated_events,claim corroboration review - review_duplicate_event_012 - MMWR Home Page | MMWR,MMWR Home Page  | MMWR,https://www.cdc.gov/mmwr/index.html,"Open claims, claim comparisons, and corroborated events.","Is the claim independently corroborated, conflicting, or only single-source evidence?",rec_src_search_eaa906b768dd_001; event_012,record,Claim-level support is unresolved or depends on a single source.
,accept_as_is; correct_fields; reject_record; mark_requires_review; mark_review_resolved; mark_non_countable; mark_countable; mark_duplicate; mark_not_duplicate; needs_more_evidence; defer_decision,2025-03-31,Measles,"Per the department’s data, the first known case in the current outbreak was detected on January 20, 2025.",claim_corroboration_review,duplicate_event_clustering,Texas,P1_high,85,human_review_items; record_inclusion_decisions; quarantined_records; context_records; final_case_dataset; claims; claim_comparisons; corroborated_events,claim corroboration review - review_duplicate_event_019 - Texas Measles Outbreak: 2025 | RT,Texas Measles Outbreak: 2025 | RT,https://respiratory-therapy.com/disorders-diseases/infectious-diseases/other-infections/texas-measles-outbreak-2025,"Open claims, claim comparisons, and corroborated events.","Is the claim independently corroborated, conflicting, or only single-source evidence?",rec_src_search_831265159816_028; event_019,record,Claim-level support is unresolved or depends on a single source.
,accept_as_is; correct_fields; reject_record; mark_requires_review; mark_review_resolved; mark_non_countable; mark_countable; mark_duplicate; mark_not_duplicate; needs_more_evidence; defer_decision,2025-03-31,Measles,Only 4.2% of confirmed measles cases have occurred in vaccinated individuals.,claim_corroboration_review,duplicate_event_clustering,Texas,P1_high,86,human_review_items; record_inclusion_decisions; quarantined_records; context_records; final_case_dataset; claims; claim_comparisons; corroborated_events,claim corroboration review - review_duplicate_event_046 - Texas Measles Outbreak: 2025 | RT,Texas Measles Outbreak: 2025 | RT,https://respiratory-therapy.com/disorders-diseases/infectious-diseases/other-infections/texas-measles-outbreak-2025,"Open claims, claim comparisons, and corroborated events.","Is the claim independently corroborated, conflicting, or only single-source evidence?",rec_src_search_831265159816_010; rec_src_search_831265159816_011; event_046,record,Claim-level support is unresolved or depends on a single source.
,accept_as_is; correct_fields; reject_record; mark_requires_review; mark_review_resolved; mark_non_countable; mark_countable; mark_duplicate; mark_not_duplicate; needs_more_evidence; defer_decision,2025-03-31,Measles,Only 5.0% of confirmed measles cases have occurred in vaccinated individuals.,claim_corroboration_review,duplicate_event_clustering,Texas,P1_high,87,human_review_items; record_inclusion_decisions; quarantined_records; context_records; final_case_dataset; claims; claim_comparisons; corroborated_events,claim corroboration review - review_duplicate_event_047 - Texas Measles Outbreak: 2025 | RT,Texas Measles Outbreak: 2025 | RT,https://respiratory-therapy.com/disorders-diseases/infectious-diseases/other-infections/texas-measles-outbreak-2025,"Open claims, claim comparisons, and corroborated events.","Is the claim independently corroborated, conflicting, or only single-source evidence?",rec_src_search_831265159816_006; event_047,record,Claim-level support is unresolved or depends on a single source.
Centers for Disease Control and Prevention,accept_as_is; correct_fields; reject_record; mark_requires_review; mark_review_resolved; mark_non_countable; mark_countable; mark_duplicate; mark_not_duplicate; needs_more_evidence; defer_decision,2025-03-31,Measles,"Complications were common: 39 patients (72.2%) developed pneumonia, 25 (46.3%) experienced dehydration, one (1.9%) developed hepatitis [liver inflammation], and one experienced febrile seizures. Seventy percent required supplemental oxygen.",claim_corroboration_review,duplicate_event_clustering,Texas,P1_high,88,human_review_items; record_inclusion_decisions; quarantined_records; context_records; final_case_dataset; claims; claim_comparisons; corroborated_events,claim corroboration review - review_duplicate_event_054 - CDC: Only 1 in 10 hospital patients early in the West Texas measles outbreak ha...,CDC: Only 1 in 10 hospital patients early in the West Texas measles outbreak had underlying conditions | CIDRAP,https://www.cidrap.umn.edu/measles/cdc-only-1-10-hospital-patients-early-west-texas-measles-outbreak-had-underlying-conditions,"Open claims, claim comparisons, and corroborated events.","Is the claim independently corroborated, conflicting, or only single-source evidence?",rec_src_search_4ea030a47321_001; rec_src_search_4ea030a47321_002; rec_src_search_4ea030a47321_003; rec_src_search_4ea030a47321_004; rec_src_search_4ea030a47321_005; event_054,record,Claim-level support is unresolved or depends on a single source.
Pan American Health Organization,accept_validation_result; mark_validation_result_not_applicable; confirm_conflict; resolve_conflict_as_left; resolve_conflict_as_right; mark_needs_more_evidence; override_validation_status,2025-03-31,Measles,"| [Download](/sites/default/files/2026/05/measles-outbreak-situation-report-7may-2026.pdf ""Situation Report #2: Measles in the Americas Region"") | Between epidemiological weeks (EW) 1 and EW 16 of 2026, countries in the Region of the Americas reported 18,352 confirmed measles cases including 15 deaths. In 2025, 14,503 measles cases were reported, including 32 deaths. This follows a marked rise in cases during 2025, with continued acceleration observed in early 2026. Since the publication of Situation Report No. 1 (EW 12, 2026), an additional 3,887 confirmed cases including six deaths have been reported, reflecting continued expansion of outbreaks in Mexico and Guatemala, sustained transmission in Canada, and newly reported cases in Peru. The highest number of confirmed cases in 2026 hav...",outside_scope_review,validation_scope_issue,United States,P1_high,89,human_review_items; record_inclusion_decisions; validation_results; validation_source_compatibility_summary,outside scope review - review_validation_val_result_006 - Situation Report #2: Measles in the Americas Region - PAHO/WHO,Situation Report #2: Measles in the Americas Region - PAHO/WHO,https://www.paho.org/en/documents/situation-report-2-measles-americas-region,Inspect the evidence quote and record inclusion decision.,Does the evidence actually match the requested scope?,rec_src_search_8242cbb785a1_003; val_result_006,validation_result,"The item may be outside the requested disease, location, or time window."
Pan American Health Organization,accept_validation_result; mark_validation_result_not_applicable; confirm_conflict; resolve_conflict_as_left; resolve_conflict_as_right; mark_needs_more_evidence; override_validation_status,2025-03-31,Measles,"| [Download](/sites/default/files/2026/04/pahomeaslessitrep1engupdated_0.pdf ""Situation Report #1: Measles in the Americas Region"") | Between epidemiological weeks (EW) 1 and EW 12 of 2026, countries in the Region of the Americas reported 14,465 confirmed measles cases. In 2025, 14,503 measles cases were reported, including 32 deaths. This follows a marked rise in cases during 2025, with continued acceleration observed in early 2026. Genotyping information indicate that the D8 lineage has been identified across multiple countries and is associated with outbreaks in at least ten countries, suggesting widespread circulation of this strain in the Region. The highest number of cases in 2026 have been reported in Mexico (n= 8,315), Guatemala (n= 3,687), the United States of America (n= 1,664...",outside_scope_review,validation_scope_issue,United States,P1_high,90,human_review_items; record_inclusion_decisions; validation_results; validation_source_compatibility_summary,outside scope review - review_validation_val_result_009 - Situation Report #1: Measles in the Americas Region - PAHO/WHO,Situation Report #1: Measles in the Americas Region - PAHO/WHO,https://www.paho.org/en/documents/situation-report-1-measles-americas-region,Inspect the evidence quote and record inclusion decision.,Does the evidence actually match the requested scope?,rec_src_search_6e578fc529e9_003; val_result_009,validation_result,"The item may be outside the requested disease, location, or time window."
,accept_validation_result; mark_validation_result_not_applicable; confirm_conflict; resolve_conflict_as_left; resolve_conflict_as_right; mark_needs_more_evidence; override_validation_status,2025-04-25,Measles,"According to the department’s data, a total of 64 hospitalizations have occurred since the start of the outbreak.",outside_scope_review,validation_scope_issue,Texas,P1_high,91,human_review_items; record_inclusion_decisions; validation_results; validation_source_compatibility_summary,outside scope review - review_validation_val_result_033 - Texas Measles Outbreak: 2025 | RT,Texas Measles Outbreak: 2025 | RT,https://respiratory-therapy.com/disorders-diseases/infectious-diseases/other-infections/texas-measles-outbreak-2025,Inspect the evidence quote and record inclusion decision.,Does the evidence actually match the requested scope?,rec_src_search_831265159816_013; val_result_033,validation_result,"The item may be outside the requested disease, location, or time window."
,accept_validation_result; mark_validation_result_not_applicable; confirm_conflict; resolve_conflict_as_left; resolve_conflict_as_right; mark_needs_more_evidence; override_validation_status,2025-03-31,Measles,"Per an April 18 update from the [Texas Department of State Health Services](https://www.dshs.texas.gov/news-alerts/measles-outbreak-2025), the total number of confirmed measles cases in the state is now 597, an increase of 56 cases in the last week (+10%).",outside_scope_review,validation_scope_issue,Texas,P1_high,92,human_review_items; record_inclusion_decisions; validation_results; validation_source_compatibility_summary,outside scope review - review_validation_val_result_036 - Texas Measles Outbreak: 2025 | RT,Texas Measles Outbreak: 2025 | RT,https://respiratory-therapy.com/disorders-diseases/infectious-diseases/other-infections/texas-measles-outbreak-2025,Inspect the evidence quote and record inclusion decision.,Does the evidence actually match the requested scope?,rec_src_search_831265159816_016; val_result_036,validation_result,"The item may be outside the requested disease, location, or time window."
,accept_validation_result; mark_validation_result_not_applicable; confirm_conflict; resolve_conflict_as_left; resolve_conflict_as_right; mark_needs_more_evidence; override_validation_status,2025-03-31,Measles,"According to the department’s data, 56 patients have been hospitalized.",outside_scope_review,validation_scope_issue,Texas,P1_high,93,human_review_items; record_inclusion_decisions; validation_results; validation_source_compatibility_summary,outside scope review - review_validation_val_result_037 - Texas Measles Outbreak: 2025 | RT,Texas Measles Outbreak: 2025 | RT,https://respiratory-therapy.com/disorders-diseases/infectious-diseases/other-infections/texas-measles-outbreak-2025,Inspect the evidence quote and record inclusion decision.,Does the evidence actually match the requested scope?,rec_src_search_831265159816_017; val_result_037,validation_result,"The item may be outside the requested disease, location, or time window."
,accept_validation_result; mark_validation_result_not_applicable; confirm_conflict; resolve_conflict_as_left; resolve_conflict_as_right; mark_needs_more_evidence; override_validation_status,2025-03-31,Measles,"According to the department’s data, 56 patients have been hospitalized.",outside_scope_review,validation_scope_issue,Texas,P1_high,94,human_review_items; record_inclusion_decisions; validation_results; validation_source_compatibility_summary,outside scope review - review_validation_val_result_038 - Texas Measles Outbreak: 2025 | RT,Texas Measles Outbreak: 2025 | RT,https://respiratory-therapy.com/disorders-diseases/infectious-diseases/other-infections/texas-measles-outbreak-2025,Inspect the evidence quote and record inclusion decision.,Does the evidence actually match the requested scope?,rec_src_search_831265159816_018; val_result_038,validation_result,"The item may be outside the requested disease, location, or time window."
,accept_validation_result; mark_validation_result_not_applicable; confirm_conflict; resolve_conflict_as_left; resolve_conflict_as_right; mark_needs_more_evidence; override_validation_status,2025-03-31,Measles,"Of the 573 infections with age data available, 401 have occurred in children under age 18 (70%).",outside_scope_review,validation_scope_issue,Texas,P1_high,95,human_review_items; record_inclusion_decisions; validation_results; validation_source_compatibility_summary,outside scope review - review_validation_val_result_039 - Texas Measles Outbreak: 2025 | RT,Texas Measles Outbreak: 2025 | RT,https://respiratory-therapy.com/disorders-diseases/infectious-diseases/other-infections/texas-measles-outbreak-2025,Inspect the evidence quote and record inclusion decision.,Does the evidence actually match the requested scope?,rec_src_search_831265159816_019; val_result_039,validation_result,"The item may be outside the requested disease, location, or time window."
,accept_validation_result; mark_validation_result_not_applicable; confirm_conflict; resolve_conflict_as_left; resolve_conflict_as_right; mark_needs_more_evidence; override_validation_status,2025-03-31,Measles,"According to the department’s data, 56 patients have been hospitalized.",outside_scope_review,validation_scope_issue,Texas,P1_high,96,human_review_items; record_inclusion_decisions; validation_results; validation_source_compatibility_summary,outside scope review - review_validation_val_result_041 - Texas Measles Outbreak: 2025 | RT,Texas Measles Outbreak: 2025 | RT,https://respiratory-therapy.com/disorders-diseases/infectious-diseases/other-infections/texas-measles-outbreak-2025,Inspect the evidence quote and record inclusion decision.,Does the evidence actually match the requested scope?,rec_src_search_831265159816_021; val_result_041,validation_result,"The item may be outside the requested disease, location, or time window."
,accept_validation_result; mark_validation_result_not_applicable; confirm_conflict; resolve_conflict_as_left; resolve_conflict_as_right; mark_needs_more_evidence; override_validation_status,2025-03-31,Measles,"By comparison, there were 285 measles cases in the United States in all of 2024.",outside_scope_review,validation_scope_issue,United States,P1_high,97,human_review_items; record_inclusion_decisions; validation_results; validation_source_compatibility_summary,outside scope review - review_validation_val_result_054 - Texas Measles Outbreak: 2025 | RT,Texas Measles Outbreak: 2025 | RT,https://respiratory-therapy.com/disorders-diseases/infectious-diseases/other-infections/texas-measles-outbreak-2025,Inspect the evidence quote and record inclusion decision.,Does the evidence actually match the requested scope?,rec_src_search_831265159816_034; val_result_054,validation_result,"The item may be outside the requested disease, location, or time window."
,approve_source_role; override_source_role; exclude_source; mark_source_needs_review,2025-01-01-2025-03-31,Measles,,source_identity_review,source_credibility,United States,P1_high,98,human_review_items; record_inclusion_decisions; source_registry; source_identity_assessments,source identity review - review_source_credibility_src_search_0132cfa4f779 - 2025-2026 Measles Outbreaks: Where Are We Now? Resources ...,2025-2026 Measles Outbreaks: Where Are We Now? Resources ...,https://www.naccho.org/blog/articles/2025-2026-measles-resources-updates-for-local-health-departments,Open source identity assessments and source registry metadata.,"Who is the actual publisher, and is it independent of other evidence?",src_search_0132cfa4f779,source,Publisher or source identity uncertainty can affect source independence and credibility.
,approve_source_role; override_source_role; exclude_source; mark_source_needs_review,2025-01-01-2025-03-31,Measles,,source_identity_review,source_credibility,United States,P1_high,99,human_review_items; record_inclusion_decisions; source_registry; source_identity_assessments,source identity review - review_source_credibility_src_search_0dac63a18578 - Measles is spreading in multiple U.S. states. Experts warn c...,Measles is spreading in multiple U.S. states. Experts warn cases are going unreported. - Healthbeat,https://www.healthbeat.org/2026/04/09/where-measles-is-spreading-april-2026,Open source identity assessments and source registry metadata.,"Who is the actual publisher, and is it independent of other evidence?",src_search_0dac63a18578,source,Publisher or source identity uncertainty can affect source independence and credibility.
,approve_source_role; override_source_role; exclude_source; mark_source_needs_review,2025-01-01-2025-03-31,Measles,,source_identity_review,source_credibility,United States,P1_high,100,human_review_items; record_inclusion_decisions; source_registry; source_identity_assessments,source identity review - review_source_credibility_src_search_10eb05b1063d - Risk and Spatial Spread of a Measles Outbreak in Texas | med...,Risk and Spatial Spread of a Measles Outbreak in Texas | medRxiv,https://www.medrxiv.org/content/10.1101/2025.09.01.25334576v1.full-text,Open source identity assessments and source registry metadata.,"Who is the actual publisher, and is it independent of other evidence?",src_search_10eb05b1063d,source,Publisher or source identity uncertainty can affect source independence and credibility.
Centers for Disease Control and Prevention,approve_source_role; override_source_role; exclude_source; mark_source_needs_review,2025-01-01-2025-03-31,Measles,,source_identity_review,source_credibility,United States,P1_high,101,human_review_items; record_inclusion_decisions; source_registry; source_identity_assessments,"source identity review - review_source_credibility_src_search_3c843cdae62c - CDC reports over 2,000 US measles cases after recent outbreaks","CDC reports over 2,000 US measles cases after recent outbreaks",https://thehill.com/policy/healthcare/5912110-us-measles-cases-2026-exceeds-2000,Open source identity assessments and source registry metadata.,"Who is the actual publisher, and is it independent of other evidence?",src_search_3c843cdae62c,source,Publisher or source identity uncertainty can affect source independence and credibility.
,approve_source_role; override_source_role; exclude_source; mark_source_needs_review,2025-01-01-2025-03-31,Measles,,source_identity_review,source_credibility,United States,P1_high,102,human_review_items; record_inclusion_decisions; source_registry; source_identity_assessments,source identity review - review_source_credibility_src_search_78fdd46eb63c - 2025-2026 US Measles Map,2025-2026 US Measles Map,https://www.arcgis.com/apps/dashboards/dd314001921f4d2eac160f89ded0b49a,Open source identity assessments and source registry metadata.,"Who is the actual publisher, and is it independent of other evidence?",src_search_78fdd46eb63c,source,Publisher or source identity uncertainty can affect source independence and credibility.
,approve_source_role; override_source_role; exclude_source; mark_source_needs_review,2025-01-01-2025-03-31,Measles,,source_identity_review,source_credibility,United States,P1_high,103,human_review_items; record_inclusion_decisions; source_registry; source_identity_assessments,source identity review - review_source_credibility_src_search_831265159816 - Texas Measles Outbreak: 2025 | RT,Texas Measles Outbreak: 2025 | RT,https://respiratory-therapy.com/disorders-diseases/infectious-diseases/other-infections/texas-measles-outbreak-2025,Open source identity assessments and source registry metadata.,"Who is the actual publisher, and is it independent of other evidence?",src_search_831265159816,source,Publisher or source identity uncertainty can affect source independence and credibility.
Centers for Disease Control and Prevention,approve_source_role; override_source_role; exclude_source; mark_source_needs_review,2025-01-01-2025-03-31,Measles,,source_identity_review,source_credibility,United States,P1_high,104,human_review_items; record_inclusion_decisions; source_registry; source_identity_assessments,source identity review - review_source_credibility_src_search_cd5fb2750261 - Measles Cases This Year Are Outpacing 2025 - Forbes,Measles Cases This Year Are Outpacing 2025 - Forbes,https://www.forbes.com/sites/antoniopequenoiv/2026/01/30/measles-cases-this-year-are-outpacing-2025---the-worst-recent-year-on-record,Open source identity assessments and source registry metadata.,"Who is the actual publisher, and is it independent of other evidence?",src_search_cd5fb2750261,source,Publisher or source identity uncertainty can affect source independence and credibility.
Centers for Disease Control and Prevention,approve_source_role; override_source_role; exclude_source; mark_source_needs_review,2025-01-01-2025-03-31,Measles,,source_identity_review,source_credibility,United States,P1_high,105,human_review_items; record_inclusion_decisions; source_registry; source_identity_assessments,source identity review - review_source_credibility_src_search_f259b36c3067 - Measles cases in the United States,Measles cases in the United States,https://ourworldindata.org/grapher/number-of-measles-cases,Open source identity assessments and source registry metadata.,"Who is the actual publisher, and is it independent of other evidence?",src_search_f259b36c3067,source,Publisher or source identity uncertainty can affect source independence and credibility.
Centers for Disease Control and Prevention,approve_source_role; override_source_role; exclude_source; mark_source_needs_review,2025-01-01-2025-03-31,Measles,"Task-relevant source text appeared to contain core epidemiology metric signals, but extraction produced no structured records.",general_review,core_metric_extraction_gap,United States,P3_low,106,human_review_items; record_inclusion_decisions; source_registry; source_identity_assessments,"general review - review_core_metric_gap_src_search_1be284797a9b - Map: Track measles outbreaks, cases and vaccination rates by state acro...","Map: Track measles outbreaks, cases and vaccination rates by state across the U.S.",https://www.nbcnews.com/data-graphics/track-measles-outbreak-cases-us-map-rcna198932,review_source_for_core_metric_extraction,"What decision, if any, should a human reviewer record?",src_search_1be284797a9b,source,This review item requires human inspection before it should affect downstream interpretation.
Pan American Health Organization,approve_source_role; override_source_role; exclude_source; mark_source_needs_review,2025-01-01-2025-03-31,Measles,"Task-relevant source text appeared to contain core epidemiology metric signals, but extraction produced no structured records.",general_review,core_metric_extraction_gap,United States,P3_low,107,human_review_items; record_inclusion_decisions; source_registry; source_identity_assessments,general review - review_core_metric_gap_src_search_200d5531b1f1 - Situation Report #4: Measles in the Americas Region. 4 June 2026 - PAHO...,Situation Report #4: Measles in the Americas Region. 4 June 2026 - PAHO/WHO | Pan American Health Organization,https://www.paho.org/en/documents/situation-report-4-measles-americas-region-4-june-2026,review_source_for_core_metric_extraction,"What decision, if any, should a human reviewer record?",src_search_200d5531b1f1,source,This review item requires human inspection before it should affect downstream interpretation.
,approve_source_role; override_source_role; exclude_source; mark_source_needs_review,2025-01-01-2025-03-31,Measles,,general_review,source_screening,United States,P3_low,108,human_review_items; record_inclusion_decisions; source_registry; source_identity_assessments,general review - review_source_src_search_0132cfa4f779 - 2025-2026 Measles Outbreaks: Where Are We Now? Resources ...,2025-2026 Measles Outbreaks: Where Are We Now? Resources ...,https://www.naccho.org/blog/articles/2025-2026-measles-resources-updates-for-local-health-departments,Inspect the linked artifacts and only then edit a decision file if needed.,"What decision, if any, should a human reviewer record?",src_search_0132cfa4f779,source,This review item requires human inspection before it should affect downstream interpretation.
,approve_source_role; override_source_role; exclude_source; mark_source_needs_review,2025-01-01-2025-03-31,Measles,,general_review,source_screening,United States,P3_low,109,human_review_items; record_inclusion_decisions; source_registry; source_identity_assessments,general review - review_source_src_search_0dac63a18578 - Measles is spreading in multiple U.S. states. Experts warn cases are going unrep...,Measles is spreading in multiple U.S. states. Experts warn cases are going unreported. - Healthbeat,https://www.healthbeat.org/2026/04/09/where-measles-is-spreading-april-2026,Inspect the linked artifacts and only then edit a decision file if needed.,"What decision, if any, should a human reviewer record?",src_search_0dac63a18578,source,This review item requires human inspection before it should affect downstream interpretation.
,approve_source_role; override_source_role; exclude_source; mark_source_needs_review,2025-01-01-2025-03-31,Measles,,general_review,source_screening,United States,P3_low,110,human_review_items; record_inclusion_decisions; source_registry; source_identity_assessments,general review - review_source_src_search_10eb05b1063d - Risk and Spatial Spread of a Measles Outbreak in Texas | medRxiv,Risk and Spatial Spread of a Measles Outbreak in Texas | medRxiv,https://www.medrxiv.org/content/10.1101/2025.09.01.25334576v1.full-text,Inspect the linked artifacts and only then edit a decision file if needed.,"What decision, if any, should a human reviewer record?",src_search_10eb05b1063d,source,This review item requires human inspection before it should affect downstream interpretation.
,approve_source_role; override_source_role; exclude_source; mark_source_needs_review,2025-01-01-2025-03-31,Measles,,general_review,source_screening,United States,P3_low,111,human_review_items; record_inclusion_decisions; source_registry; source_identity_assessments,general review - review_source_src_search_1639787c4334 - Communicating About the Ongoing Measles Outbreak - Public Health Communications...,Communicating About the Ongoing Measles Outbreak - Public Health Communications Collaborative,https://publichealthcollaborative.org/communication-tools/communicating-about-the-2025-measles-outbreak,Inspect the linked artifacts and only then edit a decision file if needed.,"What decision, if any, should a human reviewer record?",src_search_1639787c4334,source,This review item requires human inspection before it should affect downstream interpretation.
,approve_source_role; override_source_role; exclude_source; mark_source_needs_review,2025-01-01-2025-03-31,Measles,,general_review,source_screening,United States,P3_low,112,human_review_items; record_inclusion_decisions; source_registry; source_identity_assessments,general review - review_source_src_search_296bf3da1bef - 2025 measles cases highest since 1991 - AAP Publications,2025 measles cases highest since 1991 - AAP Publications,https://publications.aap.org/aapnews/news/34124/2025-measles-cases-highest-since-1991,Inspect the linked artifacts and only then edit a decision file if needed.,"What decision, if any, should a human reviewer record?",src_search_296bf3da1bef,source,This review item requires human inspection before it should affect downstream interpretation.
Centers for Disease Control and Prevention,approve_source_role; override_source_role; exclude_source; mark_source_needs_review,2025-01-01-2025-03-31,Measles,,general_review,source_screening,United States,P3_low,113,human_review_items; record_inclusion_decisions; source_registry; source_identity_assessments,"general review - review_source_src_search_3c843cdae62c - CDC reports over 2,000 US measles cases after recent outbreaks","CDC reports over 2,000 US measles cases after recent outbreaks",https://thehill.com/policy/healthcare/5912110-us-measles-cases-2026-exceeds-2000,Inspect the linked artifacts and only then edit a decision file if needed.,"What decision, if any, should a human reviewer record?",src_search_3c843cdae62c,source,This review item requires human inspection before it should affect downstream interpretation.
Centers for Disease Control and Prevention,approve_source_role; override_source_role; exclude_source; mark_source_needs_review,2025-01-01-2025-03-31,Measles,,general_review,source_screening,United States,P3_low,114,human_review_items; record_inclusion_decisions; source_registry; source_identity_assessments,"general review - review_source_src_search_3d2f6cacf3f7 - As US measles cases top 1,300, report details last year’s outbreak in New Mexico...","As US measles cases top 1,300, report details last year’s outbreak in New Mexico | CIDRAP",https://www.cidrap.umn.edu/measles/us-measles-cases-top-1300-report-details-last-year-s-outbreak-new-mexico,Inspect the linked artifacts and only then edit a decision file if needed.,"What decision, if any, should a human reviewer record?",src_search_3d2f6cacf3f7,source,This review item requires human inspection before it should affect downstream interpretation.
,approve_source_role; override_source_role; exclude_source; mark_source_needs_review,2025-01-01-2025-03-31,Measles,,general_review,source_screening,United States,P3_low,115,human_review_items; record_inclusion_decisions; source_registry; source_identity_assessments,general review - review_source_src_search_78fdd46eb63c - 2025-2026 US Measles Map,2025-2026 US Measles Map,https://www.arcgis.com/apps/dashboards/dd314001921f4d2eac160f89ded0b49a,Inspect the linked artifacts and only then edit a decision file if needed.,"What decision, if any, should a human reviewer record?",src_search_78fdd46eb63c,source,This review item requires human inspection before it should affect downstream interpretation.
,approve_source_role; override_source_role; exclude_source; mark_source_needs_review,2025-01-01-2025-03-31,Measles,,general_review,source_screening,United States,P3_low,116,human_review_items; record_inclusion_decisions; source_registry; source_identity_assessments,general review - review_source_src_search_831265159816 - Texas Measles Outbreak: 2025 | RT,Texas Measles Outbreak: 2025 | RT,https://respiratory-therapy.com/disorders-diseases/infectious-diseases/other-infections/texas-measles-outbreak-2025,Inspect the linked artifacts and only then edit a decision file if needed.,"What decision, if any, should a human reviewer record?",src_search_831265159816,source,This review item requires human inspection before it should affect downstream interpretation.
,approve_source_role; override_source_role; exclude_source; mark_source_needs_review,2025-01-01-2025-03-31,Measles,,general_review,source_screening,United States,P3_low,117,human_review_items; record_inclusion_decisions; source_registry; source_identity_assessments,general review - review_source_src_search_aabc350f7aa0 - [PDF] MEASLES – THE AMERICAS 2025 - 2026 - Yale Health,[PDF] MEASLES – THE AMERICAS 2025 - 2026 - Yale Health,https://yalehealth.yale.edu/sites/default/files/2026-02/ysph%20vmoc%20special%20report%20-%20measles%20-%20the%20americas%202-15-2026%20final.pdf,Inspect the linked artifacts and only then edit a decision file if needed.,"What decision, if any, should a human reviewer record?",src_search_aabc350f7aa0,source,This review item requires human inspection before it should affect downstream interpretation.
,approve_source_role; override_source_role; exclude_source; mark_source_needs_review,2025-01-01-2025-03-31,Measles,,general_review,source_screening,United States,P3_low,118,human_review_items; record_inclusion_decisions; source_registry; source_identity_assessments,general review - review_source_src_search_c4a96c8b3aa2 - [PDF] MEASLES OUTBREAK - SOUTHWEST U.S. - 2025 - Campus Health,[PDF] MEASLES OUTBREAK - SOUTHWEST U.S. - 2025 - Campus Health,https://campushealth.yale.edu/sites/default/files/2025-07/YSPH%20VMOC%20Special%20Report%20-%20Measles%20Outbreak%20%20Southwest%20US%207-6-2025.pdf,Inspect the linked artifacts and only then edit a decision file if needed.,"What decision, if any, should a human reviewer record?",src_search_c4a96c8b3aa2,source,This review item requires human inspection before it should affect downstream interpretation.
Centers for Disease Control and Prevention,approve_source_role; override_source_role; exclude_source; mark_source_needs_review,2025-01-01-2025-03-31,Measles,,general_review,source_screening,United States,P3_low,119,human_review_items; record_inclusion_decisions; source_registry; source_identity_assessments,general review - review_source_src_search_cd5fb2750261 - Measles Cases This Year Are Outpacing 2025 - Forbes,Measles Cases This Year Are Outpacing 2025 - Forbes,https://www.forbes.com/sites/antoniopequenoiv/2026/01/30/measles-cases-this-year-are-outpacing-2025---the-worst-recent-year-on-record,Inspect the linked artifacts and only then edit a decision file if needed.,"What decision, if any, should a human reviewer record?",src_search_cd5fb2750261,source,This review item requires human inspection before it should affect downstream interpretation.
National Center for Biotechnology Information,approve_source_role; override_source_role; exclude_source; mark_source_needs_review,2025-01-01-2025-03-31,Measles,,general_review,source_screening,United States,P3_low,120,human_review_items; record_inclusion_decisions; source_registry; source_identity_assessments,general review - review_source_src_search_eec8c3f3b772 - Measles resurgence in the United States: epidemiological and ...,Measles resurgence in the United States: epidemiological and ...,https://pmc.ncbi.nlm.nih.gov/articles/PMC12825560,Inspect the linked artifacts and only then edit a decision file if needed.,"What decision, if any, should a human reviewer record?",src_search_eec8c3f3b772,source,This review item requires human inspection before it should affect downstream interpretation.
Centers for Disease Control and Prevention,approve_source_role; override_source_role; exclude_source; mark_source_needs_review,2025-01-01-2025-03-31,Measles,,general_review,source_screening,United States,P3_low,121,human_review_items; record_inclusion_decisions; source_registry; source_identity_assessments,general review - review_source_src_search_f259b36c3067 - Measles cases in the United States,Measles cases in the United States,https://ourworldindata.org/grapher/number-of-measles-cases,Inspect the linked artifacts and only then edit a decision file if needed.,"What decision, if any, should a human reviewer record?",src_search_f259b36c3067,source,This review item requires human inspection before it should affect downstream interpretation.
