actual_publisher,actual_publisher_normalized,as_of_date,cases_confirmed,cases_probable,cases_suspected,cases_unspecified,claim_id,claim_status,claim_support_role,claim_type,confidence,count_field,count_semantics,count_unit,count_value,country,credibility_level,credibility_score,date_or_period,date_reported,deaths,discovery_method,disease,disease_standard_name,document_id,event_cluster_id,event_end_date,event_start_date,evidence_context,evidence_quote,extraction_method,geographic_scope,hospitalizations,human_review_reason,is_background_context_claim,is_case_claim,is_death_claim,is_exposure_monitoring_claim,is_zero_case_statement,likely_syndicated_or_aggregated,linked_event_id,locality,observation_semantics_reason,observation_type,pathogen_or_syndrome,primary_case_dataset_eligible,publisher,query_used,recommended_extraction_use,recommended_fetch_use,recommended_source_role,reporting_period,requires_human_review,search_provider,source_id,source_independence_group,source_record_id,source_role_final,source_title,source_type,source_type_final,source_url,statistical_count_type,subnational_location,supporting_chunk_id,upstream_source_mentions,warnings
,,2025-08-25,,,,112.0,claim_rec_src_search_9d8411eba09d_001_cases_unspecified,active,primary_case_claim_support,public_health_observation,0.85,cases_unspecified,case_count,,112.0,United States of America,high,0.8823,2025-08-25,2025-08-25,6.0,live_search_result,Legionnaires' disease,Legionnaires' disease,,event_005,,,,"MONDAY, Aug. 25, 2025 (HealthDay News) — New York City health officials confirmed a sixth death linked to a Legionnaires’ disease outbreak in Harlem where 112 people have now been diagnosed.",llm_structured_output_extractor,"Harlem, New York City",,,False,True,False,False,False,False,event_005,,record reports unspecified case count,unspecified_case_record,LD,True,,Legionnaires disease New York City August 2025 cases deaths outbreak DOHMH,extract_primary_case_claims,fetch_for_extraction,collection,as of 2025-08-25,False,tavily,src_search_9d8411eba09d,domain:powershealth_org,rec_src_search_9d8411eba09d_001,collection,NYC Legionnaires Outbreak 6 Deaths 112 Cases - Powers Health,official_public_health_agency,official_public_health_agency,https://www.powershealth.org/about-us/newsroom/health-library/2025/08/25/nyc-legionnaires-outbreak-6-deaths-112-cases,cumulative,"New York City, New York",chunk_src_search_9d8411eba09d_004,[],"[""filled_metric_period_from_source_reporting_period"", ""ambiguous_metric_column_semantics""]"
,,2025-08-25,,,,112.0,claim_rec_src_search_9d8411eba09d_001_deaths,active,primary_case_claim_support,public_health_observation,0.85,deaths,case_count,,6.0,United States of America,high,0.8823,2025-08-25,2025-08-25,6.0,live_search_result,Legionnaires' disease,Legionnaires' disease,,event_005,,,,"MONDAY, Aug. 25, 2025 (HealthDay News) — New York City health officials confirmed a sixth death linked to a Legionnaires’ disease outbreak in Harlem where 112 people have now been diagnosed.",llm_structured_output_extractor,"Harlem, New York City",,,False,False,True,False,False,False,event_005,,record reports death count,death_record,LD,True,,Legionnaires disease New York City August 2025 cases deaths outbreak DOHMH,extract_primary_case_claims,fetch_for_extraction,collection,as of 2025-08-25,False,tavily,src_search_9d8411eba09d,domain:powershealth_org,rec_src_search_9d8411eba09d_001,collection,NYC Legionnaires Outbreak 6 Deaths 112 Cases - Powers Health,official_public_health_agency,official_public_health_agency,https://www.powershealth.org/about-us/newsroom/health-library/2025/08/25/nyc-legionnaires-outbreak-6-deaths-112-cases,cumulative,"New York City, New York",chunk_src_search_9d8411eba09d_004,[],"[""filled_metric_period_from_source_reporting_period"", ""ambiguous_metric_column_semantics""]"
,,2025-08-25,,,,,claim_rec_src_search_9d8411eba09d_002_deaths,active,primary_case_claim_support,public_health_observation,0.85,deaths,death_count,,6.0,United States of America,high,0.8823,2025-08-25,2025-08-25,6.0,live_search_result,Legionnaires' disease,Legionnaires' disease,,event_005,,,,"MONDAY, Aug. 25, 2025 (HealthDay News) — New York City health officials confirmed a sixth death linked to a Legionnaires’ disease outbreak in Harlem where 112 people have now been diagnosed.",llm_structured_output_extractor,"Harlem, New York City",,,False,False,True,False,False,False,event_005,,record reports death count,death_record,LD,True,,Legionnaires disease New York City August 2025 cases deaths outbreak DOHMH,extract_primary_case_claims,fetch_for_extraction,collection,as of 2025-08-25,False,tavily,src_search_9d8411eba09d,domain:powershealth_org,rec_src_search_9d8411eba09d_002,collection,NYC Legionnaires Outbreak 6 Deaths 112 Cases - Powers Health,official_public_health_agency,official_public_health_agency,https://www.powershealth.org/about-us/newsroom/health-library/2025/08/25/nyc-legionnaires-outbreak-6-deaths-112-cases,cumulative,"New York City, New York",chunk_src_search_9d8411eba09d_004,[],"[""filled_metric_period_from_source_reporting_period"", ""ambiguous_metric_column_semantics""]"
,,,,,,67.0,claim_rec_src_search_ee3c4e1dc1cd_001_cases_unspecified,active,primary_case_claim_support,public_health_observation,0.7,cases_unspecified,case_count,,67.0,United States of America,high,0.8639,2025-08-31,2025-08-31,,live_search_result,Legionnaires' disease,Legionnaires' disease,,event_015,,,,"HealthDay News — A Legionnaires’ disease outbreak in New York City has infected 67 people and caused three deaths, health officials say.",llm_structured_output_extractor,New York City,,,False,True,False,False,False,False,event_015,,record reports unspecified case count,unspecified_case_record,LEG,True,,Legionnaires disease New York City August 2025 cases deaths outbreak DOHMH,extract_primary_case_claims,fetch_for_extraction,collection,2025-08-01 to 2025-08-31,False,tavily,src_search_ee3c4e1dc1cd,domain:infectiousdiseaseadvisor_com,rec_src_search_ee3c4e1dc1cd_001,collection,"Three Deaths, 67 People in NYC Diagnosed With Legionnaires' Disease - Infectious Disease Advisor",official_public_health_agency,official_public_health_agency,https://www.infectiousdiseaseadvisor.com/news/three-deaths-67-people-in-nyc-diagnosed-with-legionnaires-disease,cumulative,New York City,chunk_src_search_ee3c4e1dc1cd_006,[],"[""filled_metric_period_from_source_reporting_period"", ""ambiguous_metric_column_semantics""]"
,,,,,,,claim_rec_src_search_ee3c4e1dc1cd_002_deaths,active,primary_case_claim_support,public_health_observation,0.7,deaths,death_count,,3.0,United States of America,high,0.8639,2025-08-31,2025-08-31,3.0,live_search_result,Legionnaires' disease,Legionnaires' disease,,event_015,,,,"HealthDay News — A Legionnaires’ disease outbreak in New York City has infected 67 people and caused three deaths, health officials say.",llm_structured_output_extractor,New York City,,,False,False,True,False,False,False,event_015,,record reports death count,death_record,LEG,True,,Legionnaires disease New York City August 2025 cases deaths outbreak DOHMH,extract_primary_case_claims,fetch_for_extraction,collection,2025-08-01 to 2025-08-31,False,tavily,src_search_ee3c4e1dc1cd,domain:infectiousdiseaseadvisor_com,rec_src_search_ee3c4e1dc1cd_002,collection,"Three Deaths, 67 People in NYC Diagnosed With Legionnaires' Disease - Infectious Disease Advisor",official_public_health_agency,official_public_health_agency,https://www.infectiousdiseaseadvisor.com/news/three-deaths-67-people-in-nyc-diagnosed-with-legionnaires-disease,cumulative,New York City,chunk_src_search_ee3c4e1dc1cd_006,[],"[""filled_metric_period_from_source_reporting_period"", ""ambiguous_metric_column_semantics""]"
,,,,,,,claim_rec_src_search_5b7e6dfb326c_001_observation,active,primary_case_claim_support,public_health_observation,0.65,,environmental_positive_count,,,United States of America,high,0.6823,2025-08-31,2025-08-31,,live_search_result,Legionnaires' disease,Legionnaires' disease,,event_007,,,,Eleven of the twelve cooling towers have been remediated; the final tower is required to be completed by August 15,llm_structured_output_extractor,New York City,,,False,False,False,False,False,False,event_007,,record lacks a deterministic case/death/hospitalization claim,ambiguous_public_health_observation,Legionella bacteria,False,,Legionnaires disease New York City August 2025 cases deaths outbreak DOHMH,extract_primary_case_claims,fetch_for_extraction,collection,2025-08-01 to 2025-08-31,False,tavily,src_search_5b7e6dfb326c,domain:nyc_gov,rec_src_search_5b7e6dfb326c_001,collection,New York City Health Department Provides Update on Community Cluster of Legionnaires' Disease - NYC Health,official_public_health_agency,official_public_health_agency,https://www.nyc.gov/site/doh/about/press/pr2025/nyc-health-provides-third-legionnaires-cluster-update.page,cumulative,New York City,chunk_src_search_5b7e6dfb326c_005,[],"[""filled_metric_period_from_source_reporting_period"", ""ambiguous_metric_column_semantics""]"
,,,,,,,claim_rec_src_search_5b7e6dfb326c_002_observation,active,primary_case_claim_support,public_health_observation,0.65,,other,,,United States of America,high,0.6823,2025-08-31,2025-08-31,,live_search_result,Legionnaires' disease,Legionnaires' disease,,event_007,,,,Eleven of the twelve cooling towers have been remediated; the final tower is required to be completed by August 15,llm_structured_output_extractor,New York City,,,False,False,False,False,False,False,event_007,,record lacks a deterministic case/death/hospitalization claim,ambiguous_public_health_observation,Legionella bacteria,False,,Legionnaires disease New York City August 2025 cases deaths outbreak DOHMH,extract_primary_case_claims,fetch_for_extraction,collection,2025-08-01 to 2025-08-31,False,tavily,src_search_5b7e6dfb326c,domain:nyc_gov,rec_src_search_5b7e6dfb326c_002,collection,New York City Health Department Provides Update on Community Cluster of Legionnaires' Disease - NYC Health,official_public_health_agency,official_public_health_agency,https://www.nyc.gov/site/doh/about/press/pr2025/nyc-health-provides-third-legionnaires-cluster-update.page,cumulative,New York City,chunk_src_search_5b7e6dfb326c_005,[],"[""filled_metric_period_from_source_reporting_period"", ""ambiguous_metric_column_semantics""]"
,,,,,,101.0,claim_rec_src_search_743df961a25b_001_cases_unspecified,active,primary_case_claim_support,public_health_observation,0.7,cases_unspecified,case_count,,101.0,United States of America,high,0.6639,2025-08-31,2025-08-31,4.0,live_search_result,Legionnaires' disease,Legionnaires' disease,,event_014,,2025-07-25,,"HealthDay News — A Legionnaires’ disease outbreak in Central Harlem has now caused four deaths and sickened 101 people, New York City health officials confirmed.",llm_structured_output_extractor,"Central Harlem, New York City",,,False,True,False,False,False,False,event_014,,record reports unspecified case count,unspecified_case_record,Legionella pneumophila,True,,Legionnaires disease New York City August 2025 cases deaths outbreak DOHMH,extract_primary_case_claims,fetch_for_extraction,collection,2025-08-01 to 2025-08-31,False,tavily,src_search_743df961a25b,domain:vaccineadvisor_com,rec_src_search_743df961a25b_001,collection,"NYC Legionnaires' Outbreak: Fourth Death Confirmed, 101 Sickened - Vaccine Advisor",official_public_health_agency,official_public_health_agency,https://www.vaccineadvisor.com/news/nyc-legionnaires-outbreak-fourth-death-confirmed-101-sickened,cumulative,New York City,chunk_src_search_743df961a25b_006,[],"[""filled_metric_period_from_source_reporting_period"", ""ambiguous_metric_column_semantics""]"
,,,,,,101.0,claim_rec_src_search_743df961a25b_001_deaths,active,primary_case_claim_support,public_health_observation,0.7,deaths,case_count,,4.0,United States of America,high,0.6639,2025-08-31,2025-08-31,4.0,live_search_result,Legionnaires' disease,Legionnaires' disease,,event_014,,2025-07-25,,"HealthDay News — A Legionnaires’ disease outbreak in Central Harlem has now caused four deaths and sickened 101 people, New York City health officials confirmed.",llm_structured_output_extractor,"Central Harlem, New York City",,,False,False,True,False,False,False,event_014,,record reports death count,death_record,Legionella pneumophila,True,,Legionnaires disease New York City August 2025 cases deaths outbreak DOHMH,extract_primary_case_claims,fetch_for_extraction,collection,2025-08-01 to 2025-08-31,False,tavily,src_search_743df961a25b,domain:vaccineadvisor_com,rec_src_search_743df961a25b_001,collection,"NYC Legionnaires' Outbreak: Fourth Death Confirmed, 101 Sickened - Vaccine Advisor",official_public_health_agency,official_public_health_agency,https://www.vaccineadvisor.com/news/nyc-legionnaires-outbreak-fourth-death-confirmed-101-sickened,cumulative,New York City,chunk_src_search_743df961a25b_006,[],"[""filled_metric_period_from_source_reporting_period"", ""ambiguous_metric_column_semantics""]"
,,,,,,,claim_rec_src_search_743df961a25b_002_deaths,active,primary_case_claim_support,public_health_observation,0.7,deaths,death_count,,4.0,United States of America,high,0.6639,2025-08-31,2025-08-31,4.0,live_search_result,Legionnaires' disease,Legionnaires' disease,,event_014,,2025-07-25,,"HealthDay News — A Legionnaires’ disease outbreak in Central Harlem has now caused four deaths and sickened 101 people, New York City health officials confirmed.",llm_structured_output_extractor,"Central Harlem, New York City",,,False,False,True,False,False,False,event_014,,record reports death count,death_record,Legionella pneumophila,True,,Legionnaires disease New York City August 2025 cases deaths outbreak DOHMH,extract_primary_case_claims,fetch_for_extraction,collection,2025-08-01 to 2025-08-31,False,tavily,src_search_743df961a25b,domain:vaccineadvisor_com,rec_src_search_743df961a25b_002,collection,"NYC Legionnaires' Outbreak: Fourth Death Confirmed, 101 Sickened - Vaccine Advisor",official_public_health_agency,official_public_health_agency,https://www.vaccineadvisor.com/news/nyc-legionnaires-outbreak-fourth-death-confirmed-101-sickened,cumulative,New York City,chunk_src_search_743df961a25b_006,[],"[""filled_metric_period_from_source_reporting_period"", ""ambiguous_metric_column_semantics""]"
,,2025-08-26,113.0,,,,claim_rec_src_search_b74bccc017c5_001_cases_confirmed,active,primary_case_claim_support,public_health_observation,0.85,cases_confirmed,case_count,,113.0,United States of America,high,0.6823,2025-08-26,2025-08-26,,live_search_result,Legionnaires' disease,Legionnaires' disease,,event_001,,,,"### On August 26, the DOH reported more than 113 confirmed cases of the disease, with six deaths and seven people currently hospitalized",llm_structured_output_extractor,New York City,,,False,True,False,False,False,False,event_001,,record reports confirmed case count,confirmed_case_record,,True,,Legionnaires disease New York City August 2025 cases deaths outbreak DOHMH,extract_primary_case_claims,fetch_for_extraction,collection,"as of August 26, 2025",False,tavily,src_search_b74bccc017c5,domain:goldbergsegalla_com,rec_src_search_b74bccc017c5_001,collection,2025 Legionnaires’ Disease Community Cluster in New York City: Ongoing Public Health Investigation - Goldberg Segalla,official_public_health_agency,official_public_health_agency,https://www.goldbergsegalla.com/news-and-knowledge/knowledge/2025-legionnaires-disease-community-cluster-in-new-york-city-ongoing-public-health-investigation,cumulative,New York City,chunk_src_search_b74bccc017c5_006,[],"[""filled_metric_period_from_source_reporting_period"", ""ambiguous_metric_column_semantics""]"
,,2025-08-26,,,,,claim_rec_src_search_b74bccc017c5_002_deaths,active,primary_case_claim_support,public_health_observation,0.85,deaths,death_count,,6.0,United States of America,high,0.6823,2025-08-26,2025-08-26,6.0,live_search_result,Legionnaires' disease,Legionnaires' disease,,event_001,,,,"### On August 26, the DOH reported more than 113 confirmed cases of the disease, with six deaths and seven people currently hospitalized",llm_structured_output_extractor,New York City,,,False,False,True,False,False,False,event_001,,record reports death count,death_record,,True,,Legionnaires disease New York City August 2025 cases deaths outbreak DOHMH,extract_primary_case_claims,fetch_for_extraction,collection,"as of August 26, 2025",False,tavily,src_search_b74bccc017c5,domain:goldbergsegalla_com,rec_src_search_b74bccc017c5_002,collection,2025 Legionnaires’ Disease Community Cluster in New York City: Ongoing Public Health Investigation - Goldberg Segalla,official_public_health_agency,official_public_health_agency,https://www.goldbergsegalla.com/news-and-knowledge/knowledge/2025-legionnaires-disease-community-cluster-in-new-york-city-ongoing-public-health-investigation,cumulative,New York City,chunk_src_search_b74bccc017c5_006,[],"[""filled_metric_period_from_source_reporting_period"", ""ambiguous_metric_column_semantics""]"
,,2025-08-26,,,,,claim_rec_src_search_b74bccc017c5_003_hospitalizations,active,primary_case_claim_support,public_health_observation,0.85,hospitalizations,hospitalization_count,,7.0,United States of America,high,0.6823,2025-08-26,2025-08-26,,live_search_result,Legionnaires' disease,Legionnaires' disease,,event_002,,,,"### On August 26, the DOH reported more than 113 confirmed cases of the disease, with six deaths and seven people currently hospitalized",llm_structured_output_extractor,New York City,7.0,,False,False,False,False,False,False,event_002,,record reports hospitalization count,hospitalization_record,,True,,Legionnaires disease New York City August 2025 cases deaths outbreak DOHMH,extract_primary_case_claims,fetch_for_extraction,collection,"as of August 26, 2025",False,tavily,src_search_b74bccc017c5,domain:goldbergsegalla_com,rec_src_search_b74bccc017c5_003,collection,2025 Legionnaires’ Disease Community Cluster in New York City: Ongoing Public Health Investigation - Goldberg Segalla,official_public_health_agency,official_public_health_agency,https://www.goldbergsegalla.com/news-and-knowledge/knowledge/2025-legionnaires-disease-community-cluster-in-new-york-city-ongoing-public-health-investigation,subset,New York City,chunk_src_search_b74bccc017c5_006,[],"[""filled_metric_period_from_source_reporting_period"", ""ambiguous_metric_column_semantics""]"
,,2025-08-14,100.0,,,,claim_rec_src_search_f0add2a7316b_001_cases_confirmed,active,insufficient_information,public_health_observation,0.85,cases_confirmed,case_count,,100.0,United States of America,medium,0.6343,2025-08-14,2025-08-14,,live_search_result,Legionnaires' disease,Legionnaires' disease,,event_019,,,,"As of Thursday afternoon, the Legionnaires’ outbreak in Harlem has resulted in nearly 100 confirmed cases, including four deaths. (Getty Images)",llm_structured_output_extractor,"Harlem, New York City",,,False,True,False,False,False,False,event_019,,record reports confirmed case count,confirmed_case_record,LD,True,,Legionella pneumophila New York City 2025 surveillance data cases open data health department,needs_human_review,fetch_only_after_review,needs_human_review,"as of Thursday afternoon, 2025-08-14",False,tavily,src_search_f0add2a7316b,domain:healthbeat_org,rec_src_search_f0add2a7316b_001,collection,"NYC reports fourth death in Legionnaires' outbreak, IDs buildings ...",structured_database,unknown,https://www.healthbeat.org/newyork/2025/08/14/legionnaires-disease-locations-harlem-deaths,cumulative,New York City,chunk_src_search_f0add2a7316b_011,[],"[""filled_metric_period_from_source_reporting_period"", ""ambiguous_metric_column_semantics""]"
,,2025-08-14,,,,,claim_rec_src_search_f0add2a7316b_002_deaths,active,insufficient_information,public_health_observation,0.85,deaths,death_count,,4.0,United States of America,medium,0.6343,2025-08-14,2025-08-14,4.0,live_search_result,Legionnaires' disease,Legionnaires' disease,,event_019,,,,"As of Thursday afternoon, the Legionnaires’ outbreak in Harlem has resulted in nearly 100 confirmed cases, including four deaths. (Getty Images)",llm_structured_output_extractor,"Harlem, New York City",,,False,False,True,False,False,False,event_019,,record reports death count,death_record,LD,True,,Legionella pneumophila New York City 2025 surveillance data cases open data health department,needs_human_review,fetch_only_after_review,needs_human_review,"as of Thursday afternoon, 2025-08-14",False,tavily,src_search_f0add2a7316b,domain:healthbeat_org,rec_src_search_f0add2a7316b_002,collection,"NYC reports fourth death in Legionnaires' outbreak, IDs buildings ...",structured_database,unknown,https://www.healthbeat.org/newyork/2025/08/14/legionnaires-disease-locations-harlem-deaths,cumulative,New York City,chunk_src_search_f0add2a7316b_011,[],"[""filled_metric_period_from_source_reporting_period"", ""ambiguous_metric_column_semantics""]"
,,2025-08-14,100.0,,,,claim_rec_src_search_f0add2a7316b_003_cases_confirmed,active,insufficient_information,public_health_observation,0.2,cases_confirmed,cumulative,,100.0,United States of America,medium,0.6343,2025-08-14,2025-08-14,4.0,live_search_result,Legionnaires' disease,Legionnaires' disease,,event_012,,2025-07-26,,"As of Thursday afternoon, the Legionnaires’ outbreak has resulted in nearly 100 confirmed cases, including four deaths. But officials said they believe the outbreak is starting to slow down.",llm_structured_output_extractor,New York City,,,False,True,False,False,False,False,event_012,,record reports confirmed case count,confirmed_case_record,LD,True,,Legionella pneumophila New York City 2025 surveillance data cases open data health department,needs_human_review,fetch_only_after_review,needs_human_review,"cumulative confirmed cases through As of Thursday afternoon, 2025-08-14",False,tavily,src_search_f0add2a7316b,domain:healthbeat_org,rec_src_search_f0add2a7316b_003,collection,"NYC reports fourth death in Legionnaires' outbreak, IDs buildings ...",structured_database,unknown,https://www.healthbeat.org/newyork/2025/08/14/legionnaires-disease-locations-harlem-deaths,cumulative,"New York City, NY",chunk_src_search_f0add2a7316b_024,[],"[""filled_metric_period_from_source_reporting_period"", ""inferred_cumulative_metric_from_column_label""]"
,,2025-08-14,100.0,,,,claim_rec_src_search_f0add2a7316b_003_deaths,active,insufficient_information,public_health_observation,0.2,deaths,cumulative,,4.0,United States of America,medium,0.6343,2025-08-14,2025-08-14,4.0,live_search_result,Legionnaires' disease,Legionnaires' disease,,event_012,,2025-07-26,,"As of Thursday afternoon, the Legionnaires’ outbreak has resulted in nearly 100 confirmed cases, including four deaths. But officials said they believe the outbreak is starting to slow down.",llm_structured_output_extractor,New York City,,,False,False,True,False,False,False,event_012,,record reports death count,death_record,LD,True,,Legionella pneumophila New York City 2025 surveillance data cases open data health department,needs_human_review,fetch_only_after_review,needs_human_review,"cumulative confirmed cases through As of Thursday afternoon, 2025-08-14",False,tavily,src_search_f0add2a7316b,domain:healthbeat_org,rec_src_search_f0add2a7316b_003,collection,"NYC reports fourth death in Legionnaires' outbreak, IDs buildings ...",structured_database,unknown,https://www.healthbeat.org/newyork/2025/08/14/legionnaires-disease-locations-harlem-deaths,cumulative,"New York City, NY",chunk_src_search_f0add2a7316b_024,[],"[""filled_metric_period_from_source_reporting_period"", ""inferred_cumulative_metric_from_column_label""]"
,,2025-08-14,,,,,claim_rec_src_search_f0add2a7316b_004_deaths,active,insufficient_information,public_health_observation,0.2,deaths,cumulative,,4.0,United States of America,medium,0.6343,2025-08-14,2025-08-14,4.0,live_search_result,Legionnaires' disease,Legionnaires' disease,,event_013,,2025-07-26,,"As of Thursday afternoon, the Legionnaires’ outbreak has resulted in nearly 100 confirmed cases, including four deaths. But officials said they believe the outbreak is starting to slow down.",llm_structured_output_extractor,New York City,,,False,False,True,False,False,False,event_013,,record reports death count,death_record,LD,True,,Legionella pneumophila New York City 2025 surveillance data cases open data health department,needs_human_review,fetch_only_after_review,needs_human_review,"cumulative deaths through As of Thursday afternoon, 2025-08-14",False,tavily,src_search_f0add2a7316b,domain:healthbeat_org,rec_src_search_f0add2a7316b_004,collection,"NYC reports fourth death in Legionnaires' outbreak, IDs buildings ...",structured_database,unknown,https://www.healthbeat.org/newyork/2025/08/14/legionnaires-disease-locations-harlem-deaths,cumulative,"New York City, NY",chunk_src_search_f0add2a7316b_024,[],"[""filled_metric_period_from_source_reporting_period"", ""inferred_cumulative_metric_from_column_label""]"
,,2025-08-20,,,,100.0,claim_rec_src_search_72af26a33522_001_cases_unspecified,active,insufficient_information,public_health_observation,0.6,cases_unspecified,case_count,,100.0,United States of America,high,0.5448,2025-08-20,2025-08-20,5.0,live_search_result,Legionnaires' disease,Legionnaires' disease,,event_016,,,,3. Legionnaires’ outbreak kills five and infects over 100 in New York,llm_structured_output_extractor,New York,,,False,True,False,False,False,False,event_016,,record reports unspecified case count,unspecified_case_record,LD,True,,Legionella pneumophila New York City 2025 surveillance data cases open data health department,needs_human_review,fetch_only_after_review,needs_human_review,2025-08-01 to 2025-08-31,False,tavily,src_search_72af26a33522,domain:bmj_com,rec_src_search_72af26a33522_001,collection,Legionnaires’ outbreak kills five and infects over 100 in New York,structured_database,unknown,https://www.bmj.com/content/390/bmj.r1785,cumulative,New York,chunk_src_search_72af26a33522_023,[],"[""filled_metric_period_from_source_reporting_period"", ""metric_row_rebound_from_llm_source_row_id"", ""ambiguous_metric_column_semantics""]"
,,2025-08-20,,,,100.0,claim_rec_src_search_72af26a33522_001_deaths,active,insufficient_information,public_health_observation,0.6,deaths,case_count,,5.0,United States of America,high,0.5448,2025-08-20,2025-08-20,5.0,live_search_result,Legionnaires' disease,Legionnaires' disease,,event_016,,,,3. Legionnaires’ outbreak kills five and infects over 100 in New York,llm_structured_output_extractor,New York,,,False,False,True,False,False,False,event_016,,record reports death count,death_record,LD,True,,Legionella pneumophila New York City 2025 surveillance data cases open data health department,needs_human_review,fetch_only_after_review,needs_human_review,2025-08-01 to 2025-08-31,False,tavily,src_search_72af26a33522,domain:bmj_com,rec_src_search_72af26a33522_001,collection,Legionnaires’ outbreak kills five and infects over 100 in New York,structured_database,unknown,https://www.bmj.com/content/390/bmj.r1785,cumulative,New York,chunk_src_search_72af26a33522_023,[],"[""filled_metric_period_from_source_reporting_period"", ""metric_row_rebound_from_llm_source_row_id"", ""ambiguous_metric_column_semantics""]"
,,2025-08-20,,,,,claim_rec_src_search_72af26a33522_002_deaths,active,insufficient_information,public_health_observation,0.6,deaths,death_count,,5.0,United States of America,high,0.5448,2025-08-20,2025-08-20,5.0,live_search_result,Legionnaires' disease,Legionnaires' disease,,event_016,,,,The health department told _The BMJ_ that as of 20 August 14 people remained in hospital but that no new cases or deaths had been reported. The department has sampled and …,llm_structured_output_extractor,New York,,,False,False,True,False,False,False,event_016,,record reports death count,death_record,LD,True,,Legionella pneumophila New York City 2025 surveillance data cases open data health department,needs_human_review,fetch_only_after_review,needs_human_review,2025-08-01 to 2025-08-31,False,tavily,src_search_72af26a33522,domain:bmj_com,rec_src_search_72af26a33522_002,collection,Legionnaires’ outbreak kills five and infects over 100 in New York,structured_database,unknown,https://www.bmj.com/content/390/bmj.r1785,cumulative,New York,chunk_src_search_72af26a33522_025,[],"[""filled_metric_period_from_source_reporting_period"", ""metric_row_rebound_from_llm_source_row_id"", ""ambiguous_metric_column_semantics""]"
,,2025-08-20,,,,,claim_rec_src_search_72af26a33522_003_hospitalizations,active,insufficient_information,public_health_observation,0.6,hospitalizations,hospitalization_count,,14.0,United States of America,high,0.5448,2025-08-20,2025-08-20,,live_search_result,Legionnaires' disease,Legionnaires' disease,,event_017,,,,The health department told _The BMJ_ that as of 20 August 14 people remained in hospital but that no new cases or deaths had been reported. The department has sampled and …,llm_structured_output_extractor,New York,14.0,,False,False,False,False,False,False,event_017,,record reports hospitalization count,hospitalization_record,LD,True,,Legionella pneumophila New York City 2025 surveillance data cases open data health department,needs_human_review,fetch_only_after_review,needs_human_review,2025-08-01 to 2025-08-31,False,tavily,src_search_72af26a33522,domain:bmj_com,rec_src_search_72af26a33522_003,collection,Legionnaires’ outbreak kills five and infects over 100 in New York,structured_database,unknown,https://www.bmj.com/content/390/bmj.r1785,subset,New York,chunk_src_search_72af26a33522_025,[],"[""filled_metric_period_from_source_reporting_period"", ""metric_row_rebound_from_llm_source_row_id"", ""ambiguous_metric_column_semantics""]"
Centers for Disease Control and Prevention,centers_for_disease_control_and_prevention,,2.0,,,,claim_rec_src_search_b8ca758c1979_001_cases_confirmed,active,context_only,public_health_observation,0.85,cases_confirmed,case_count,,2.0,United States of America,medium,0.6092,2025-08-31,2025-08-31,,live_search_result,Legionnaires' disease,Legionnaires' disease,,event_018,2024-10-31,2024-10-01,,"**Investigation of the rental property (patients A and B).** After identification of the common exposures of patients A and B, and because Legionnaires disease has been associated with hot tub use (*1*,*2*), an investigation of the rental property was conducted. A confirmed case of Legionnaires disease associated with the rental property was defined as receipt of a positive UAT or *Legionella* species culture result in a person with a clinically compatible illness who reported a stay at the rental property in October 2024. Patient A and patient B experienced cough, fever, and chills. Patient A, who had comorbid conditions, was hospitalized and received antibiotics and invasive mechanical ventilation ([Clinical Guidance for Legionella Infections | CDC](https://www.cdc.gov/legionella/hcp/clinical-guidance/index.html)) (Table 1). Patient A survived but the hospital discharge date is not known. Patient B visited an emergency department and was prescribed antibiotics but was not admitted. The results from a sputum sample collected from patient A were initially negative at a commercial laboratory. NYSDOH requested that the specimen be forwarded to the Wadsworth Center David Axelrod Institute (WC-DAI), a public health laboratory operated by NYSDOH, for further testing. No clinical specimen was collected from patient B. A line list of patients with Legionnaires disease associated with the rental property was developed by NYSDOH, which included demographic characteristics, signs and symptoms, underlying medical conditions, symptom onset date, travel and exposure history, and diagnostic testing results. Retrospective and prospective reviews of case exposure histories did not identify any additional cases associated with the rental property.\*",llm_structured_output_extractor,New York State,1.0,,False,True,False,False,False,False,event_018,,record reports confirmed case count,confirmed_case_record,LEG,True,Centers for Disease Control and Prevention,Legionnaires disease New York 2025 ProMED MMWR CDC outbreak report August,extract_context_only,fetch_for_context,context,October 2024,False,tavily,src_search_b8ca758c1979,publisher:centers_for_disease_control_and_prevention,rec_src_search_b8ca758c1979_001,collection,"Legionnaires Disease Associated with a Private-Use Hot Tub in a Vacation Rental Property — New York, October 2024–April 2025  | MMWR",international_organization_report,national_public_health_agency,https://www.cdc.gov/mmwr/volumes/75/wr/mm7522a1.htm,cumulative,New York,chunk_src_search_b8ca758c1979_020,[],"[""ambiguous_metric_column_semantics""]"
Centers for Disease Control and Prevention,centers_for_disease_control_and_prevention,,2.0,,,,claim_rec_src_search_b8ca758c1979_001_hospitalizations,active,context_only,public_health_observation,0.85,hospitalizations,case_count,,1.0,United States of America,medium,0.6092,2025-08-31,2025-08-31,,live_search_result,Legionnaires' disease,Legionnaires' disease,,event_018,2024-10-31,2024-10-01,,"**Investigation of the rental property (patients A and B).** After identification of the common exposures of patients A and B, and because Legionnaires disease has been associated with hot tub use (*1*,*2*), an investigation of the rental property was conducted. A confirmed case of Legionnaires disease associated with the rental property was defined as receipt of a positive UAT or *Legionella* species culture result in a person with a clinically compatible illness who reported a stay at the rental property in October 2024. Patient A and patient B experienced cough, fever, and chills. Patient A, who had comorbid conditions, was hospitalized and received antibiotics and invasive mechanical ventilation ([Clinical Guidance for Legionella Infections | CDC](https://www.cdc.gov/legionella/hcp/clinical-guidance/index.html)) (Table 1). Patient A survived but the hospital discharge date is not known. Patient B visited an emergency department and was prescribed antibiotics but was not admitted. The results from a sputum sample collected from patient A were initially negative at a commercial laboratory. NYSDOH requested that the specimen be forwarded to the Wadsworth Center David Axelrod Institute (WC-DAI), a public health laboratory operated by NYSDOH, for further testing. No clinical specimen was collected from patient B. A line list of patients with Legionnaires disease associated with the rental property was developed by NYSDOH, which included demographic characteristics, signs and symptoms, underlying medical conditions, symptom onset date, travel and exposure history, and diagnostic testing results. Retrospective and prospective reviews of case exposure histories did not identify any additional cases associated with the rental property.\*",llm_structured_output_extractor,New York State,1.0,,False,False,False,False,False,False,event_018,,record reports hospitalization count,hospitalization_record,LEG,True,Centers for Disease Control and Prevention,Legionnaires disease New York 2025 ProMED MMWR CDC outbreak report August,extract_context_only,fetch_for_context,context,October 2024,False,tavily,src_search_b8ca758c1979,publisher:centers_for_disease_control_and_prevention,rec_src_search_b8ca758c1979_001,collection,"Legionnaires Disease Associated with a Private-Use Hot Tub in a Vacation Rental Property — New York, October 2024–April 2025  | MMWR",international_organization_report,national_public_health_agency,https://www.cdc.gov/mmwr/volumes/75/wr/mm7522a1.htm,cumulative,New York,chunk_src_search_b8ca758c1979_020,[],"[""ambiguous_metric_column_semantics""]"
,,2025-08-25,112.0,,,,claim_rec_src_search_9d8411eba09d_003_cases_confirmed,active,primary_case_claim_support,public_health_observation,0.85,cases_confirmed,case_count,,112.0,United States of America,high,0.8823,2025-08-25,2025-08-25,6.0,live_search_result,Legionnaires' disease,Legionnaires' disease,,event_003,,2025-07-01,,"[Skip to Main Content](#mainContent) * [Home](https://www.powershealth.org/) * [About Us](https://www.powershealth.org/about-us) * [Newsroom](https://www.powershealth.org/about-us/newsroom) * [Health Library](https://www.powershealth.org/about-us/newsroom/health-library) * News Article [Doctors](https://www.powershealth.org/find-a-doctor) [Locations](https://www.powershealth.org/locations) Share # NYC Legionnaires' Outbreak: 6 Deaths, 112 Cases News Article 8/25/2025 ![](/-/media/images/import/health day/image_olb9cd4q.ashx?h=801&w=1200&la=en&hash=F312C283006554B0695AA731A91301EE) Adobe Stock MONDAY, Aug. 25, 2025 (HealthDay News) — New York City health officials confirmed a sixth death linked to a Legionnaires’ disease outbreak in Harlem where 112 people have now been diagnosed. The latest death occurred earlier this month outside the city and was discovered during the health department’s ongoing investigation, which began in late July, *The Associated Press* reported. Seven people are hospitalized, according to the most recent update from the city’s health department. Health officials said the *Legionella* bacteria were found in 12 cooling towers across 10 buildings, including a city-run hospital and a sexual health clinic, *The AP* said. All towers have since been cleaned and treated. Legionnaires’ disease is a type of [pneumonia](https://www.healthday.com/a-to-z-health/infectious-disease/pneumonia-648250.html), the U.S. Centers for Disease Control and Prevention (CDC) says. Symptoms can include: Cough, fever, headaches, muscles aches and shortness of breath. The infection can be treated with antibiotics. Left untreated, it may lead to serious complications like lung failure or death.",llm_structured_output_extractor,New York City - Harlem,7.0,,False,True,False,False,False,False,event_003,,record reports confirmed case count,confirmed_case_record,LD,True,,Legionnaires disease New York City August 2025 cases deaths outbreak DOHMH,extract_primary_case_claims,fetch_for_extraction,collection,"Late July 2025 through August 25, 2025",False,tavily,src_search_9d8411eba09d,domain:powershealth_org,rec_src_search_9d8411eba09d_003,collection,NYC Legionnaires Outbreak 6 Deaths 112 Cases - Powers Health,official_public_health_agency,official_public_health_agency,https://www.powershealth.org/about-us/newsroom/health-library/2025/08/25/nyc-legionnaires-outbreak-6-deaths-112-cases,cumulative,"New York City, New York",chunk_src_search_9d8411eba09d_001,[],"[""ambiguous_metric_column_semantics""]"
,,2025-08-25,112.0,,,,claim_rec_src_search_9d8411eba09d_003_deaths,active,primary_case_claim_support,public_health_observation,0.85,deaths,case_count,,6.0,United States of America,high,0.8823,2025-08-25,2025-08-25,6.0,live_search_result,Legionnaires' disease,Legionnaires' disease,,event_003,,2025-07-01,,"[Skip to Main Content](#mainContent) * [Home](https://www.powershealth.org/) * [About Us](https://www.powershealth.org/about-us) * [Newsroom](https://www.powershealth.org/about-us/newsroom) * [Health Library](https://www.powershealth.org/about-us/newsroom/health-library) * News Article [Doctors](https://www.powershealth.org/find-a-doctor) [Locations](https://www.powershealth.org/locations) Share # NYC Legionnaires' Outbreak: 6 Deaths, 112 Cases News Article 8/25/2025 ![](/-/media/images/import/health day/image_olb9cd4q.ashx?h=801&w=1200&la=en&hash=F312C283006554B0695AA731A91301EE) Adobe Stock MONDAY, Aug. 25, 2025 (HealthDay News) — New York City health officials confirmed a sixth death linked to a Legionnaires’ disease outbreak in Harlem where 112 people have now been diagnosed. The latest death occurred earlier this month outside the city and was discovered during the health department’s ongoing investigation, which began in late July, *The Associated Press* reported. Seven people are hospitalized, according to the most recent update from the city’s health department. Health officials said the *Legionella* bacteria were found in 12 cooling towers across 10 buildings, including a city-run hospital and a sexual health clinic, *The AP* said. All towers have since been cleaned and treated. Legionnaires’ disease is a type of [pneumonia](https://www.healthday.com/a-to-z-health/infectious-disease/pneumonia-648250.html), the U.S. Centers for Disease Control and Prevention (CDC) says. Symptoms can include: Cough, fever, headaches, muscles aches and shortness of breath. The infection can be treated with antibiotics. Left untreated, it may lead to serious complications like lung failure or death.",llm_structured_output_extractor,New York City - Harlem,7.0,,False,False,True,False,False,False,event_003,,record reports death count,death_record,LD,True,,Legionnaires disease New York City August 2025 cases deaths outbreak DOHMH,extract_primary_case_claims,fetch_for_extraction,collection,"Late July 2025 through August 25, 2025",False,tavily,src_search_9d8411eba09d,domain:powershealth_org,rec_src_search_9d8411eba09d_003,collection,NYC Legionnaires Outbreak 6 Deaths 112 Cases - Powers Health,official_public_health_agency,official_public_health_agency,https://www.powershealth.org/about-us/newsroom/health-library/2025/08/25/nyc-legionnaires-outbreak-6-deaths-112-cases,cumulative,"New York City, New York",chunk_src_search_9d8411eba09d_001,[],"[""ambiguous_metric_column_semantics""]"
,,2025-08-25,112.0,,,,claim_rec_src_search_9d8411eba09d_003_hospitalizations,active,primary_case_claim_support,public_health_observation,0.85,hospitalizations,case_count,,7.0,United States of America,high,0.8823,2025-08-25,2025-08-25,6.0,live_search_result,Legionnaires' disease,Legionnaires' disease,,event_003,,2025-07-01,,"[Skip to Main Content](#mainContent) * [Home](https://www.powershealth.org/) * [About Us](https://www.powershealth.org/about-us) * [Newsroom](https://www.powershealth.org/about-us/newsroom) * [Health Library](https://www.powershealth.org/about-us/newsroom/health-library) * News Article [Doctors](https://www.powershealth.org/find-a-doctor) [Locations](https://www.powershealth.org/locations) Share # NYC Legionnaires' Outbreak: 6 Deaths, 112 Cases News Article 8/25/2025 ![](/-/media/images/import/health day/image_olb9cd4q.ashx?h=801&w=1200&la=en&hash=F312C283006554B0695AA731A91301EE) Adobe Stock MONDAY, Aug. 25, 2025 (HealthDay News) — New York City health officials confirmed a sixth death linked to a Legionnaires’ disease outbreak in Harlem where 112 people have now been diagnosed. The latest death occurred earlier this month outside the city and was discovered during the health department’s ongoing investigation, which began in late July, *The Associated Press* reported. Seven people are hospitalized, according to the most recent update from the city’s health department. Health officials said the *Legionella* bacteria were found in 12 cooling towers across 10 buildings, including a city-run hospital and a sexual health clinic, *The AP* said. All towers have since been cleaned and treated. Legionnaires’ disease is a type of [pneumonia](https://www.healthday.com/a-to-z-health/infectious-disease/pneumonia-648250.html), the U.S. Centers for Disease Control and Prevention (CDC) says. Symptoms can include: Cough, fever, headaches, muscles aches and shortness of breath. The infection can be treated with antibiotics. Left untreated, it may lead to serious complications like lung failure or death.",llm_structured_output_extractor,New York City - Harlem,7.0,,False,False,False,False,False,False,event_003,,record reports hospitalization count,hospitalization_record,LD,True,,Legionnaires disease New York City August 2025 cases deaths outbreak DOHMH,extract_primary_case_claims,fetch_for_extraction,collection,"Late July 2025 through August 25, 2025",False,tavily,src_search_9d8411eba09d,domain:powershealth_org,rec_src_search_9d8411eba09d_003,collection,NYC Legionnaires Outbreak 6 Deaths 112 Cases - Powers Health,official_public_health_agency,official_public_health_agency,https://www.powershealth.org/about-us/newsroom/health-library/2025/08/25/nyc-legionnaires-outbreak-6-deaths-112-cases,cumulative,"New York City, New York",chunk_src_search_9d8411eba09d_001,[],"[""ambiguous_metric_column_semantics""]"
,,2025-08-25,,,,,claim_rec_src_search_9d8411eba09d_004_deaths,active,primary_case_claim_support,public_health_observation,0.85,deaths,death_count,,6.0,United States of America,high,0.8823,2025-08-25,2025-08-25,6.0,live_search_result,Legionnaires' disease,Legionnaires' disease,,event_003,,2025-07-01,,"[Skip to Main Content](#mainContent) * [Home](https://www.powershealth.org/) * [About Us](https://www.powershealth.org/about-us) * [Newsroom](https://www.powershealth.org/about-us/newsroom) * [Health Library](https://www.powershealth.org/about-us/newsroom/health-library) * News Article [Doctors](https://www.powershealth.org/find-a-doctor) [Locations](https://www.powershealth.org/locations) Share # NYC Legionnaires' Outbreak: 6 Deaths, 112 Cases News Article 8/25/2025 ![](/-/media/images/import/health day/image_olb9cd4q.ashx?h=801&w=1200&la=en&hash=F312C283006554B0695AA731A91301EE) Adobe Stock MONDAY, Aug. 25, 2025 (HealthDay News) — New York City health officials confirmed a sixth death linked to a Legionnaires’ disease outbreak in Harlem where 112 people have now been diagnosed. The latest death occurred earlier this month outside the city and was discovered during the health department’s ongoing investigation, which began in late July, *The Associated Press* reported. Seven people are hospitalized, according to the most recent update from the city’s health department. Health officials said the *Legionella* bacteria were found in 12 cooling towers across 10 buildings, including a city-run hospital and a sexual health clinic, *The AP* said. All towers have since been cleaned and treated. Legionnaires’ disease is a type of [pneumonia](https://www.healthday.com/a-to-z-health/infectious-disease/pneumonia-648250.html), the U.S. Centers for Disease Control and Prevention (CDC) says. Symptoms can include: Cough, fever, headaches, muscles aches and shortness of breath. The infection can be treated with antibiotics. Left untreated, it may lead to serious complications like lung failure or death.",llm_structured_output_extractor,New York City - Harlem,,,False,False,True,False,False,False,event_003,,record reports death count,death_record,LD,True,,Legionnaires disease New York City August 2025 cases deaths outbreak DOHMH,extract_primary_case_claims,fetch_for_extraction,collection,"Late July 2025 through August 25, 2025",False,tavily,src_search_9d8411eba09d,domain:powershealth_org,rec_src_search_9d8411eba09d_004,collection,NYC Legionnaires Outbreak 6 Deaths 112 Cases - Powers Health,official_public_health_agency,official_public_health_agency,https://www.powershealth.org/about-us/newsroom/health-library/2025/08/25/nyc-legionnaires-outbreak-6-deaths-112-cases,cumulative,"New York City, New York",chunk_src_search_9d8411eba09d_001,[],"[""ambiguous_metric_column_semantics""]"
,,2025-08-25,,,,,claim_rec_src_search_9d8411eba09d_005_hospitalizations,active,primary_case_claim_support,public_health_observation,0.85,hospitalizations,hospitalization_count,,7.0,United States of America,high,0.8823,2025-08-25,2025-08-25,,live_search_result,Legionnaires' disease,Legionnaires' disease,,event_003,,2025-07-01,,"[Skip to Main Content](#mainContent) * [Home](https://www.powershealth.org/) * [About Us](https://www.powershealth.org/about-us) * [Newsroom](https://www.powershealth.org/about-us/newsroom) * [Health Library](https://www.powershealth.org/about-us/newsroom/health-library) * News Article [Doctors](https://www.powershealth.org/find-a-doctor) [Locations](https://www.powershealth.org/locations) Share # NYC Legionnaires' Outbreak: 6 Deaths, 112 Cases News Article 8/25/2025 ![](/-/media/images/import/health day/image_olb9cd4q.ashx?h=801&w=1200&la=en&hash=F312C283006554B0695AA731A91301EE) Adobe Stock MONDAY, Aug. 25, 2025 (HealthDay News) — New York City health officials confirmed a sixth death linked to a Legionnaires’ disease outbreak in Harlem where 112 people have now been diagnosed. The latest death occurred earlier this month outside the city and was discovered during the health department’s ongoing investigation, which began in late July, *The Associated Press* reported. Seven people are hospitalized, according to the most recent update from the city’s health department. Health officials said the *Legionella* bacteria were found in 12 cooling towers across 10 buildings, including a city-run hospital and a sexual health clinic, *The AP* said. All towers have since been cleaned and treated. Legionnaires’ disease is a type of [pneumonia](https://www.healthday.com/a-to-z-health/infectious-disease/pneumonia-648250.html), the U.S. Centers for Disease Control and Prevention (CDC) says. Symptoms can include: Cough, fever, headaches, muscles aches and shortness of breath. The infection can be treated with antibiotics. Left untreated, it may lead to serious complications like lung failure or death.",llm_structured_output_extractor,New York City - Harlem,7.0,,False,False,False,False,False,False,event_003,,record reports hospitalization count,hospitalization_record,LD,True,,Legionnaires disease New York City August 2025 cases deaths outbreak DOHMH,extract_primary_case_claims,fetch_for_extraction,collection,"Late July 2025 through August 25, 2025",False,tavily,src_search_9d8411eba09d,domain:powershealth_org,rec_src_search_9d8411eba09d_005,collection,NYC Legionnaires Outbreak 6 Deaths 112 Cases - Powers Health,official_public_health_agency,official_public_health_agency,https://www.powershealth.org/about-us/newsroom/health-library/2025/08/25/nyc-legionnaires-outbreak-6-deaths-112-cases,cumulative,"New York City, New York",chunk_src_search_9d8411eba09d_001,[],"[""ambiguous_metric_column_semantics""]"
,,,,,,67.0,claim_rec_src_search_ee3c4e1dc1cd_003_cases_unspecified,active,primary_case_claim_support,public_health_observation,0.85,cases_unspecified,case_count,,67.0,United States of America,high,0.8639,July 25,July 25,3.0,live_search_result,Legionnaires' disease,Legionnaires' disease,,event_008,,,,"![infectiousdiseaseadvisor logo](https://www.infectiousdiseaseadvisor.com/wp-content/themes/hm-advisor-child/assets/svg/logos/infectiousdiseaseadvisor.svg) ![HMN logo](https://www.infectiousdiseaseadvisor.com/wp-content/themes/hm-advisor-child/assets/svg/HMN-logo-1line.svg) # Three Deaths, 67 People in NYC Diagnosed With Legionnaires’ Disease ![](https://www.infectiousdiseaseadvisor.com/wp-content/themes/hm-advisor-child/assets/svg/key-point_icon.svg) HealthDay News — A Legionnaires’ disease outbreak in New York City has infected 67 people and caused three deaths, health officials say. The cases have been reported in Central Harlem. Officials believe the source of the outbreak is cooling towers on nearby buildings, according to the New York City Department of Health and Mental Hygiene. Cooling towers are large rooftop devices that release mist into the air to help cool buildings. But if the water inside the tower becomes too warm or isn’t disinfected properly, bacteria called *Legionella* can grow. People can get sick when they inhale this contaminated mist. The disease does not spread from person to person. The city announced the outbreak on July 25. Since then, 11 cooling towers in the area tested positive for *Legionella pneumophila*, a strain of the [bacteria](https://www.infectiousdiseaseadvisor.com/ddi/naegleria-fowleri/). Those towers have now been remediated, the officials said. “Anyone in these Zip codes with [flu](https://www.healthday.com/a-to-z-health/pulmonology/influenza-2665039558.html)-like symptoms should contact a health care provider as soon as possible,” Acting Health Commissioner [Dr.",llm_structured_output_extractor,New York City,,,False,True,False,False,False,False,event_008,,record reports unspecified case count,unspecified_case_record,Legionella pneumophila,True,,Legionnaires disease New York City August 2025 cases deaths outbreak DOHMH,extract_primary_case_claims,fetch_for_extraction,collection,As of outbreak announcement on July 25,False,tavily,src_search_ee3c4e1dc1cd,domain:infectiousdiseaseadvisor_com,rec_src_search_ee3c4e1dc1cd_003,collection,"Three Deaths, 67 People in NYC Diagnosed With Legionnaires' Disease - Infectious Disease Advisor",official_public_health_agency,official_public_health_agency,https://www.infectiousdiseaseadvisor.com/news/three-deaths-67-people-in-nyc-diagnosed-with-legionnaires-disease,cumulative,"New York City, Central Harlem",chunk_src_search_ee3c4e1dc1cd_001,[],"[""filled_metric_period_from_source_reporting_period"", ""ambiguous_metric_column_semantics""]"
,,,,,,67.0,claim_rec_src_search_ee3c4e1dc1cd_003_deaths,active,primary_case_claim_support,public_health_observation,0.85,deaths,case_count,,3.0,United States of America,high,0.8639,July 25,July 25,3.0,live_search_result,Legionnaires' disease,Legionnaires' disease,,event_008,,,,"![infectiousdiseaseadvisor logo](https://www.infectiousdiseaseadvisor.com/wp-content/themes/hm-advisor-child/assets/svg/logos/infectiousdiseaseadvisor.svg) ![HMN logo](https://www.infectiousdiseaseadvisor.com/wp-content/themes/hm-advisor-child/assets/svg/HMN-logo-1line.svg) # Three Deaths, 67 People in NYC Diagnosed With Legionnaires’ Disease ![](https://www.infectiousdiseaseadvisor.com/wp-content/themes/hm-advisor-child/assets/svg/key-point_icon.svg) HealthDay News — A Legionnaires’ disease outbreak in New York City has infected 67 people and caused three deaths, health officials say. The cases have been reported in Central Harlem. Officials believe the source of the outbreak is cooling towers on nearby buildings, according to the New York City Department of Health and Mental Hygiene. Cooling towers are large rooftop devices that release mist into the air to help cool buildings. But if the water inside the tower becomes too warm or isn’t disinfected properly, bacteria called *Legionella* can grow. People can get sick when they inhale this contaminated mist. The disease does not spread from person to person. The city announced the outbreak on July 25. Since then, 11 cooling towers in the area tested positive for *Legionella pneumophila*, a strain of the [bacteria](https://www.infectiousdiseaseadvisor.com/ddi/naegleria-fowleri/). Those towers have now been remediated, the officials said. “Anyone in these Zip codes with [flu](https://www.healthday.com/a-to-z-health/pulmonology/influenza-2665039558.html)-like symptoms should contact a health care provider as soon as possible,” Acting Health Commissioner [Dr.",llm_structured_output_extractor,New York City,,,False,False,True,False,False,False,event_008,,record reports death count,death_record,Legionella pneumophila,True,,Legionnaires disease New York City August 2025 cases deaths outbreak DOHMH,extract_primary_case_claims,fetch_for_extraction,collection,As of outbreak announcement on July 25,False,tavily,src_search_ee3c4e1dc1cd,domain:infectiousdiseaseadvisor_com,rec_src_search_ee3c4e1dc1cd_003,collection,"Three Deaths, 67 People in NYC Diagnosed With Legionnaires' Disease - Infectious Disease Advisor",official_public_health_agency,official_public_health_agency,https://www.infectiousdiseaseadvisor.com/news/three-deaths-67-people-in-nyc-diagnosed-with-legionnaires-disease,cumulative,"New York City, Central Harlem",chunk_src_search_ee3c4e1dc1cd_001,[],"[""filled_metric_period_from_source_reporting_period"", ""ambiguous_metric_column_semantics""]"
,,,,,,,claim_rec_src_search_ee3c4e1dc1cd_004_deaths,active,primary_case_claim_support,public_health_observation,0.85,deaths,death_count,,3.0,United States of America,high,0.8639,July 25,July 25,3.0,live_search_result,Legionnaires' disease,Legionnaires' disease,,event_008,,,,"![infectiousdiseaseadvisor logo](https://www.infectiousdiseaseadvisor.com/wp-content/themes/hm-advisor-child/assets/svg/logos/infectiousdiseaseadvisor.svg) ![HMN logo](https://www.infectiousdiseaseadvisor.com/wp-content/themes/hm-advisor-child/assets/svg/HMN-logo-1line.svg) # Three Deaths, 67 People in NYC Diagnosed With Legionnaires’ Disease ![](https://www.infectiousdiseaseadvisor.com/wp-content/themes/hm-advisor-child/assets/svg/key-point_icon.svg) HealthDay News — A Legionnaires’ disease outbreak in New York City has infected 67 people and caused three deaths, health officials say. The cases have been reported in Central Harlem. Officials believe the source of the outbreak is cooling towers on nearby buildings, according to the New York City Department of Health and Mental Hygiene. Cooling towers are large rooftop devices that release mist into the air to help cool buildings. But if the water inside the tower becomes too warm or isn’t disinfected properly, bacteria called *Legionella* can grow. People can get sick when they inhale this contaminated mist. The disease does not spread from person to person. The city announced the outbreak on July 25. Since then, 11 cooling towers in the area tested positive for *Legionella pneumophila*, a strain of the [bacteria](https://www.infectiousdiseaseadvisor.com/ddi/naegleria-fowleri/). Those towers have now been remediated, the officials said. “Anyone in these Zip codes with [flu](https://www.healthday.com/a-to-z-health/pulmonology/influenza-2665039558.html)-like symptoms should contact a health care provider as soon as possible,” Acting Health Commissioner [Dr.",llm_structured_output_extractor,New York City,,,False,False,True,False,False,False,event_008,,record reports death count,death_record,Legionella pneumophila,True,,Legionnaires disease New York City August 2025 cases deaths outbreak DOHMH,extract_primary_case_claims,fetch_for_extraction,collection,As of outbreak announcement on July 25,False,tavily,src_search_ee3c4e1dc1cd,domain:infectiousdiseaseadvisor_com,rec_src_search_ee3c4e1dc1cd_004,collection,"Three Deaths, 67 People in NYC Diagnosed With Legionnaires' Disease - Infectious Disease Advisor",official_public_health_agency,official_public_health_agency,https://www.infectiousdiseaseadvisor.com/news/three-deaths-67-people-in-nyc-diagnosed-with-legionnaires-disease,cumulative,"New York City, Central Harlem",chunk_src_search_ee3c4e1dc1cd_001,[],"[""filled_metric_period_from_source_reporting_period"", ""ambiguous_metric_column_semantics""]"
,,2025-08-04,,,,58.0,claim_rec_src_search_f72980cd3634_001_cases_unspecified,active,context_only,public_health_observation,0.85,cases_unspecified,case_count,,58.0,United States of America,high,0.6823,2025-08-04,2025-08-04,2.0,live_search_result,Legionnaires' disease,Legionnaires' disease,,event_010,,2025-07-25,,"![NYC](/assets/home/images/global/nyc_white.png) ![](/assets/home/images/global/upper-header-divider.gif) ![](/assets/home/images/global/upper-header-divider.gif) ![NYC Health](/assets/doh/images/content/header/logo.png) ![Language](/assets/home/images/global/language.gif) ## Promoting and Protecting the City's Health ![Print icon](/assets/home/images/global/print.png) # New York City Health Department Provides Update on Community Cluster of Legionnaires' Disease in Central Harlem *Fifty-eight people have been diagnosed with Legionnaires’ disease since July 25, 2025 and two people have died.* People who have been in the affected area since late July who have flu-like symptoms, fever, cough, or difficulty breathing should seek immediate medical attention **August 4, 2025 —** Today, the NYC Health Department provided an update on the investigation into a community cluster of Legionnaires’ disease in Central Harlem (ZIP codes 10027, 10030, 10035, 10037, and 10039) and bordering communities. Fifty-eight people have been diagnosed with Legionnaires’ disease since July 25, 2025 and two people have died. The remediation required by the Department has been completed for the 11 cooling towers with initial positive screening results showing the presence of *Legionella pneumophila*, a type of bacteria that causes Legionnaires’ disease. People living or working in the area with flu-like symptoms, such as cough, fever, chills, muscle aches, or difficulty breathing should contact a health care provider immediately. It is especially important for people at higher risk — including those ages 50 and older, cigarette smokers, and people with chronic lung disease or compromised immune systems — to get care if they have symptoms.",llm_structured_output_extractor,"Central Harlem (ZIP codes 10027, 10030, 10035, 10037, 10039) and bordering communities",,,False,True,False,False,False,False,event_010,,record reports unspecified case count,unspecified_case_record,Legionella pneumophila,True,,site:nyc.gov Legionnaires disease Central Harlem 2025 outbreak press release,extract_context_only,fetch_for_context,context,"July 25, 2025 through August 4, 2025",False,tavily,src_search_f72980cd3634,domain:nyc_gov,rec_src_search_f72980cd3634_001,collection,NYC Health Department Provides Update on Community Cluster of Legionnaires' Disease in Central Harlem - NYC Health,official_public_health_agency,official_public_health_agency,https://www.nyc.gov/site/doh/about/press/pr2025/nyc-health-provides-second-legionnaires-cluster-update.page,cumulative,"New York City, New York",chunk_src_search_f72980cd3634_001,[],"[""ambiguous_metric_column_semantics""]"
,,2025-08-04,,,,58.0,claim_rec_src_search_f72980cd3634_001_deaths,active,context_only,public_health_observation,0.85,deaths,case_count,,2.0,United States of America,high,0.6823,2025-08-04,2025-08-04,2.0,live_search_result,Legionnaires' disease,Legionnaires' disease,,event_010,,2025-07-25,,"![NYC](/assets/home/images/global/nyc_white.png) ![](/assets/home/images/global/upper-header-divider.gif) ![](/assets/home/images/global/upper-header-divider.gif) ![NYC Health](/assets/doh/images/content/header/logo.png) ![Language](/assets/home/images/global/language.gif) ## Promoting and Protecting the City's Health ![Print icon](/assets/home/images/global/print.png) # New York City Health Department Provides Update on Community Cluster of Legionnaires' Disease in Central Harlem *Fifty-eight people have been diagnosed with Legionnaires’ disease since July 25, 2025 and two people have died.* People who have been in the affected area since late July who have flu-like symptoms, fever, cough, or difficulty breathing should seek immediate medical attention **August 4, 2025 —** Today, the NYC Health Department provided an update on the investigation into a community cluster of Legionnaires’ disease in Central Harlem (ZIP codes 10027, 10030, 10035, 10037, and 10039) and bordering communities. Fifty-eight people have been diagnosed with Legionnaires’ disease since July 25, 2025 and two people have died. The remediation required by the Department has been completed for the 11 cooling towers with initial positive screening results showing the presence of *Legionella pneumophila*, a type of bacteria that causes Legionnaires’ disease. People living or working in the area with flu-like symptoms, such as cough, fever, chills, muscle aches, or difficulty breathing should contact a health care provider immediately. It is especially important for people at higher risk — including those ages 50 and older, cigarette smokers, and people with chronic lung disease or compromised immune systems — to get care if they have symptoms.",llm_structured_output_extractor,"Central Harlem (ZIP codes 10027, 10030, 10035, 10037, 10039) and bordering communities",,,False,False,True,False,False,False,event_010,,record reports death count,death_record,Legionella pneumophila,True,,site:nyc.gov Legionnaires disease Central Harlem 2025 outbreak press release,extract_context_only,fetch_for_context,context,"July 25, 2025 through August 4, 2025",False,tavily,src_search_f72980cd3634,domain:nyc_gov,rec_src_search_f72980cd3634_001,collection,NYC Health Department Provides Update on Community Cluster of Legionnaires' Disease in Central Harlem - NYC Health,official_public_health_agency,official_public_health_agency,https://www.nyc.gov/site/doh/about/press/pr2025/nyc-health-provides-second-legionnaires-cluster-update.page,cumulative,"New York City, New York",chunk_src_search_f72980cd3634_001,[],"[""ambiguous_metric_column_semantics""]"
,,2025-08-04,,,,,claim_rec_src_search_f72980cd3634_002_deaths,active,context_only,public_health_observation,0.85,deaths,death_count,,2.0,United States of America,high,0.6823,2025-08-04,2025-08-04,2.0,live_search_result,Legionnaires' disease,Legionnaires' disease,,event_010,,2025-07-25,,"![NYC](/assets/home/images/global/nyc_white.png) ![](/assets/home/images/global/upper-header-divider.gif) ![](/assets/home/images/global/upper-header-divider.gif) ![NYC Health](/assets/doh/images/content/header/logo.png) ![Language](/assets/home/images/global/language.gif) ## Promoting and Protecting the City's Health ![Print icon](/assets/home/images/global/print.png) # New York City Health Department Provides Update on Community Cluster of Legionnaires' Disease in Central Harlem *Fifty-eight people have been diagnosed with Legionnaires’ disease since July 25, 2025 and two people have died.* People who have been in the affected area since late July who have flu-like symptoms, fever, cough, or difficulty breathing should seek immediate medical attention **August 4, 2025 —** Today, the NYC Health Department provided an update on the investigation into a community cluster of Legionnaires’ disease in Central Harlem (ZIP codes 10027, 10030, 10035, 10037, and 10039) and bordering communities. Fifty-eight people have been diagnosed with Legionnaires’ disease since July 25, 2025 and two people have died. The remediation required by the Department has been completed for the 11 cooling towers with initial positive screening results showing the presence of *Legionella pneumophila*, a type of bacteria that causes Legionnaires’ disease. People living or working in the area with flu-like symptoms, such as cough, fever, chills, muscle aches, or difficulty breathing should contact a health care provider immediately. It is especially important for people at higher risk — including those ages 50 and older, cigarette smokers, and people with chronic lung disease or compromised immune systems — to get care if they have symptoms.",llm_structured_output_extractor,"Central Harlem (ZIP codes 10027, 10030, 10035, 10037, 10039) and bordering communities",,,False,False,True,False,False,False,event_010,,record reports death count,death_record,Legionella pneumophila,True,,site:nyc.gov Legionnaires disease Central Harlem 2025 outbreak press release,extract_context_only,fetch_for_context,context,"July 25, 2025 through August 4, 2025",False,tavily,src_search_f72980cd3634,domain:nyc_gov,rec_src_search_f72980cd3634_002,collection,NYC Health Department Provides Update on Community Cluster of Legionnaires' Disease in Central Harlem - NYC Health,official_public_health_agency,official_public_health_agency,https://www.nyc.gov/site/doh/about/press/pr2025/nyc-health-provides-second-legionnaires-cluster-update.page,cumulative,"New York City, New York",chunk_src_search_f72980cd3634_001,[],"[""ambiguous_metric_column_semantics""]"
,,2025-08-26,113.0,,,,claim_rec_src_search_b74bccc017c5_004_cases_confirmed,active,primary_case_claim_support,public_health_observation,0.85,cases_confirmed,case_count,,113.0,United States of America,high,0.6823,2025-08-27,2025-08-27,6.0,live_search_result,Legionnaires' disease,Legionnaires' disease,,event_009,,2025-07-01,,"[Skip to content](#main) ![Goldberg Segalla logo](https://www.goldbergsegalla.com/app/uploads/2026/04/GS-Anniversary-Tagline-Horizonal-Logo-gray-and-red-1-1.svg) ![](https://www.goldbergsegalla.com/app/uploads/2023/07/NewsKnowledge_HEAD.jpg) # News & Knowledge 2025 Legionnaires’ Disease Community Cluster in New York City: Ongoing Public Health Investigation [Home](/) News & Knowledge Knowledge # 2025 Legionnaires’ Disease Community Cluster in New York City: Ongoing Public Health Investigation August 27, 2025 [Andrew J. Scholz](https://www.goldbergsegalla.com/our-team/andrew-j-scholz/) [Michael D. Shalhoub](https://www.goldbergsegalla.com/our-team/michael-d-shalhoub/) [Karen Cullinane](https://www.goldbergsegalla.com/our-team/karen-cullinane/) ## **Key Takeaways:** * ### The New York City Department of Health continues to investigate “a community cluster of Legionnaires’ disease” in the Central Harlem ZIP Codes of 10027, 10030, 10035, 10037 and 10039 * ### On August 26, the DOH reported more than 113 confirmed cases of the disease, with six deaths and seven people currently hospitalized * ### Litigation has reportedly already commenced; additional lawsuits are expected As has been widely reported by the media, in late July the New York City Department of Health (DOH) began “investigating a community cluster of Legionnaires’ disease in Central Harlem.” According to the [DOH website](https://www.nyc.gov/site/doh/health/health-topics/legionnaires-disease.page), as of August 26 there have been over 113 confirmed cases of the disease. According to the DOH, six people had died and seven people were hospitalized as of that date. The DOH website outlines five ZIP Codes where the DOH is investigating: 10027, 10030, 10035, 10037 and 10039.",llm_structured_output_extractor,"Central Harlem, New York City",7.0,,False,True,False,False,False,False,event_009,,record reports confirmed case count,confirmed_case_record,LD,True,,Legionnaires disease New York City August 2025 cases deaths outbreak DOHMH,extract_primary_case_claims,fetch_for_extraction,collection,"late July 2025 through August 26, 2025",False,tavily,src_search_b74bccc017c5,domain:goldbergsegalla_com,rec_src_search_b74bccc017c5_004,collection,2025 Legionnaires’ Disease Community Cluster in New York City: Ongoing Public Health Investigation - Goldberg Segalla,official_public_health_agency,official_public_health_agency,https://www.goldbergsegalla.com/news-and-knowledge/knowledge/2025-legionnaires-disease-community-cluster-in-new-york-city-ongoing-public-health-investigation,cumulative,"New York City, New York",chunk_src_search_b74bccc017c5_001,[],"[""filled_metric_period_from_source_reporting_period"", ""ambiguous_metric_column_semantics""]"
,,2025-08-26,113.0,,,,claim_rec_src_search_b74bccc017c5_004_deaths,active,primary_case_claim_support,public_health_observation,0.85,deaths,case_count,,6.0,United States of America,high,0.6823,2025-08-27,2025-08-27,6.0,live_search_result,Legionnaires' disease,Legionnaires' disease,,event_009,,2025-07-01,,"[Skip to content](#main) ![Goldberg Segalla logo](https://www.goldbergsegalla.com/app/uploads/2026/04/GS-Anniversary-Tagline-Horizonal-Logo-gray-and-red-1-1.svg) ![](https://www.goldbergsegalla.com/app/uploads/2023/07/NewsKnowledge_HEAD.jpg) # News & Knowledge 2025 Legionnaires’ Disease Community Cluster in New York City: Ongoing Public Health Investigation [Home](/) News & Knowledge Knowledge # 2025 Legionnaires’ Disease Community Cluster in New York City: Ongoing Public Health Investigation August 27, 2025 [Andrew J. Scholz](https://www.goldbergsegalla.com/our-team/andrew-j-scholz/) [Michael D. Shalhoub](https://www.goldbergsegalla.com/our-team/michael-d-shalhoub/) [Karen Cullinane](https://www.goldbergsegalla.com/our-team/karen-cullinane/) ## **Key Takeaways:** * ### The New York City Department of Health continues to investigate “a community cluster of Legionnaires’ disease” in the Central Harlem ZIP Codes of 10027, 10030, 10035, 10037 and 10039 * ### On August 26, the DOH reported more than 113 confirmed cases of the disease, with six deaths and seven people currently hospitalized * ### Litigation has reportedly already commenced; additional lawsuits are expected As has been widely reported by the media, in late July the New York City Department of Health (DOH) began “investigating a community cluster of Legionnaires’ disease in Central Harlem.” According to the [DOH website](https://www.nyc.gov/site/doh/health/health-topics/legionnaires-disease.page), as of August 26 there have been over 113 confirmed cases of the disease. According to the DOH, six people had died and seven people were hospitalized as of that date. The DOH website outlines five ZIP Codes where the DOH is investigating: 10027, 10030, 10035, 10037 and 10039.",llm_structured_output_extractor,"Central Harlem, New York City",7.0,,False,False,True,False,False,False,event_009,,record reports death count,death_record,LD,True,,Legionnaires disease New York City August 2025 cases deaths outbreak DOHMH,extract_primary_case_claims,fetch_for_extraction,collection,"late July 2025 through August 26, 2025",False,tavily,src_search_b74bccc017c5,domain:goldbergsegalla_com,rec_src_search_b74bccc017c5_004,collection,2025 Legionnaires’ Disease Community Cluster in New York City: Ongoing Public Health Investigation - Goldberg Segalla,official_public_health_agency,official_public_health_agency,https://www.goldbergsegalla.com/news-and-knowledge/knowledge/2025-legionnaires-disease-community-cluster-in-new-york-city-ongoing-public-health-investigation,cumulative,"New York City, New York",chunk_src_search_b74bccc017c5_001,[],"[""filled_metric_period_from_source_reporting_period"", ""ambiguous_metric_column_semantics""]"
,,2025-08-26,113.0,,,,claim_rec_src_search_b74bccc017c5_004_hospitalizations,active,primary_case_claim_support,public_health_observation,0.85,hospitalizations,case_count,,7.0,United States of America,high,0.6823,2025-08-27,2025-08-27,6.0,live_search_result,Legionnaires' disease,Legionnaires' disease,,event_009,,2025-07-01,,"[Skip to content](#main) ![Goldberg Segalla logo](https://www.goldbergsegalla.com/app/uploads/2026/04/GS-Anniversary-Tagline-Horizonal-Logo-gray-and-red-1-1.svg) ![](https://www.goldbergsegalla.com/app/uploads/2023/07/NewsKnowledge_HEAD.jpg) # News & Knowledge 2025 Legionnaires’ Disease Community Cluster in New York City: Ongoing Public Health Investigation [Home](/) News & Knowledge Knowledge # 2025 Legionnaires’ Disease Community Cluster in New York City: Ongoing Public Health Investigation August 27, 2025 [Andrew J. Scholz](https://www.goldbergsegalla.com/our-team/andrew-j-scholz/) [Michael D. Shalhoub](https://www.goldbergsegalla.com/our-team/michael-d-shalhoub/) [Karen Cullinane](https://www.goldbergsegalla.com/our-team/karen-cullinane/) ## **Key Takeaways:** * ### The New York City Department of Health continues to investigate “a community cluster of Legionnaires’ disease” in the Central Harlem ZIP Codes of 10027, 10030, 10035, 10037 and 10039 * ### On August 26, the DOH reported more than 113 confirmed cases of the disease, with six deaths and seven people currently hospitalized * ### Litigation has reportedly already commenced; additional lawsuits are expected As has been widely reported by the media, in late July the New York City Department of Health (DOH) began “investigating a community cluster of Legionnaires’ disease in Central Harlem.” According to the [DOH website](https://www.nyc.gov/site/doh/health/health-topics/legionnaires-disease.page), as of August 26 there have been over 113 confirmed cases of the disease. According to the DOH, six people had died and seven people were hospitalized as of that date. The DOH website outlines five ZIP Codes where the DOH is investigating: 10027, 10030, 10035, 10037 and 10039.",llm_structured_output_extractor,"Central Harlem, New York City",7.0,,False,False,False,False,False,False,event_009,,record reports hospitalization count,hospitalization_record,LD,True,,Legionnaires disease New York City August 2025 cases deaths outbreak DOHMH,extract_primary_case_claims,fetch_for_extraction,collection,"late July 2025 through August 26, 2025",False,tavily,src_search_b74bccc017c5,domain:goldbergsegalla_com,rec_src_search_b74bccc017c5_004,collection,2025 Legionnaires’ Disease Community Cluster in New York City: Ongoing Public Health Investigation - Goldberg Segalla,official_public_health_agency,official_public_health_agency,https://www.goldbergsegalla.com/news-and-knowledge/knowledge/2025-legionnaires-disease-community-cluster-in-new-york-city-ongoing-public-health-investigation,cumulative,"New York City, New York",chunk_src_search_b74bccc017c5_001,[],"[""filled_metric_period_from_source_reporting_period"", ""ambiguous_metric_column_semantics""]"
,,2025-07-25,,,,5.0,claim_rec_src_search_c72bcb75c75a_001_cases_unspecified,active,context_only,public_health_observation,0.85,cases_unspecified,case_count,,5.0,United States of America,high,0.6823,2025-07-25,2025-07-25,0.0,live_search_result,Legionnaires' disease,Legionnaires' disease,,event_004,,2025-07-25,,"![NYC](/assets/home/images/global/nyc_white.png) ![](/assets/home/images/global/upper-header-divider.gif) ![](/assets/home/images/global/upper-header-divider.gif) ![NYC Health](/assets/doh/images/content/header/logo.png) ![Language](/assets/home/images/global/language.gif) ## Promoting and Protecting the City's Health ![Print icon](/assets/home/images/global/print.png) # New York City Health Department Investigating a Community Cluster of Legionnaires' Disease in Central Harlem Neighborhood *Legionnaires’ disease is not contagious and is treatable when caught early* Adults who have been in the affected area since late July with flu-like symptoms, fever, cough, or difficulty breathing should seek immediate medical attention **July 25, 2025 —** Today, the New York City Health Department (Health Department) announced an investigation into a community cluster of [Legionnaires’ disease](https://www.nyc.gov/site/doh/health/health-topics/legionnaires-disease.page) in Central Harlem (ZIP codes 10027, 10030, 10035 and 10037) and bordering communities. Five people have been diagnosed with Legionnaires’ disease within this cluster since July 25, 2025, and results for other individuals are pending. To date, there have been no deaths associated with this cluster. The Health Department is actively investigating these cases and is sampling and testing water from all cooling tower systems in the area of the cluster. New Yorkers with flu-like symptoms, cough, fever, or difficulty breathing should contact a health care provider immediately. People can get Legionnaires’ disease by breathing in water vapor that contains Legionella bacteria. Legionnaires’ disease is not contagious and can be treated with antibiotics when caught early.",llm_structured_output_extractor,"Central Harlem (ZIP codes 10027, 10030, 10035, 10037) and bordering communities",,,False,True,False,False,False,False,event_004,,record reports unspecified case count,unspecified_case_record,Legionella bacteria,True,,site:nyc.gov Legionnaires disease Central Harlem 2025 outbreak press release,extract_context_only,fetch_for_context,context,"Since July 25, 2025",False,tavily,src_search_c72bcb75c75a,domain:nyc_gov,rec_src_search_c72bcb75c75a_001,collection,NYC Health Department Investigating a Community Cluster of Legionnaires' Disease in Central Harlem - NYC Health,official_public_health_agency,official_public_health_agency,https://www.nyc.gov/site/doh/about/press/pr2025/nyc-health-investigating-legionnaires-disease-in-harlem.page,cumulative,"New York City, New York",chunk_src_search_c72bcb75c75a_001,[],"[""ambiguous_metric_column_semantics""]"
,,2025-07-25,,,,5.0,claim_rec_src_search_c72bcb75c75a_001_deaths,active,context_only,public_health_observation,0.85,deaths,case_count,,0.0,United States of America,high,0.6823,2025-07-25,2025-07-25,0.0,live_search_result,Legionnaires' disease,Legionnaires' disease,,event_004,,2025-07-25,,"![NYC](/assets/home/images/global/nyc_white.png) ![](/assets/home/images/global/upper-header-divider.gif) ![](/assets/home/images/global/upper-header-divider.gif) ![NYC Health](/assets/doh/images/content/header/logo.png) ![Language](/assets/home/images/global/language.gif) ## Promoting and Protecting the City's Health ![Print icon](/assets/home/images/global/print.png) # New York City Health Department Investigating a Community Cluster of Legionnaires' Disease in Central Harlem Neighborhood *Legionnaires’ disease is not contagious and is treatable when caught early* Adults who have been in the affected area since late July with flu-like symptoms, fever, cough, or difficulty breathing should seek immediate medical attention **July 25, 2025 —** Today, the New York City Health Department (Health Department) announced an investigation into a community cluster of [Legionnaires’ disease](https://www.nyc.gov/site/doh/health/health-topics/legionnaires-disease.page) in Central Harlem (ZIP codes 10027, 10030, 10035 and 10037) and bordering communities. Five people have been diagnosed with Legionnaires’ disease within this cluster since July 25, 2025, and results for other individuals are pending. To date, there have been no deaths associated with this cluster. The Health Department is actively investigating these cases and is sampling and testing water from all cooling tower systems in the area of the cluster. New Yorkers with flu-like symptoms, cough, fever, or difficulty breathing should contact a health care provider immediately. People can get Legionnaires’ disease by breathing in water vapor that contains Legionella bacteria. Legionnaires’ disease is not contagious and can be treated with antibiotics when caught early.",llm_structured_output_extractor,"Central Harlem (ZIP codes 10027, 10030, 10035, 10037) and bordering communities",,,False,False,True,False,False,False,event_004,,record reports death count,death_record,Legionella bacteria,False,,site:nyc.gov Legionnaires disease Central Harlem 2025 outbreak press release,extract_context_only,fetch_for_context,context,"Since July 25, 2025",False,tavily,src_search_c72bcb75c75a,domain:nyc_gov,rec_src_search_c72bcb75c75a_001,collection,NYC Health Department Investigating a Community Cluster of Legionnaires' Disease in Central Harlem - NYC Health,official_public_health_agency,official_public_health_agency,https://www.nyc.gov/site/doh/about/press/pr2025/nyc-health-investigating-legionnaires-disease-in-harlem.page,cumulative,"New York City, New York",chunk_src_search_c72bcb75c75a_001,[],"[""ambiguous_metric_column_semantics""]"
,,2025-07-25,,,,,claim_rec_src_search_c72bcb75c75a_002_deaths,active,context_only,public_health_observation,0.85,deaths,death_count,,0.0,United States of America,high,0.6823,2025-07-25,2025-07-25,0.0,live_search_result,Legionnaires' disease,Legionnaires' disease,,event_004,,2025-07-25,,"![NYC](/assets/home/images/global/nyc_white.png) ![](/assets/home/images/global/upper-header-divider.gif) ![](/assets/home/images/global/upper-header-divider.gif) ![NYC Health](/assets/doh/images/content/header/logo.png) ![Language](/assets/home/images/global/language.gif) ## Promoting and Protecting the City's Health ![Print icon](/assets/home/images/global/print.png) # New York City Health Department Investigating a Community Cluster of Legionnaires' Disease in Central Harlem Neighborhood *Legionnaires’ disease is not contagious and is treatable when caught early* Adults who have been in the affected area since late July with flu-like symptoms, fever, cough, or difficulty breathing should seek immediate medical attention **July 25, 2025 —** Today, the New York City Health Department (Health Department) announced an investigation into a community cluster of [Legionnaires’ disease](https://www.nyc.gov/site/doh/health/health-topics/legionnaires-disease.page) in Central Harlem (ZIP codes 10027, 10030, 10035 and 10037) and bordering communities. Five people have been diagnosed with Legionnaires’ disease within this cluster since July 25, 2025, and results for other individuals are pending. To date, there have been no deaths associated with this cluster. The Health Department is actively investigating these cases and is sampling and testing water from all cooling tower systems in the area of the cluster. New Yorkers with flu-like symptoms, cough, fever, or difficulty breathing should contact a health care provider immediately. People can get Legionnaires’ disease by breathing in water vapor that contains Legionella bacteria. Legionnaires’ disease is not contagious and can be treated with antibiotics when caught early.",llm_structured_output_extractor,"Central Harlem (ZIP codes 10027, 10030, 10035, 10037) and bordering communities",,,False,False,True,False,False,False,event_004,,record reports death count,death_record,Legionella bacteria,False,,site:nyc.gov Legionnaires disease Central Harlem 2025 outbreak press release,extract_context_only,fetch_for_context,context,"Since July 25, 2025",False,tavily,src_search_c72bcb75c75a,domain:nyc_gov,rec_src_search_c72bcb75c75a_002,collection,NYC Health Department Investigating a Community Cluster of Legionnaires' Disease in Central Harlem - NYC Health,official_public_health_agency,official_public_health_agency,https://www.nyc.gov/site/doh/about/press/pr2025/nyc-health-investigating-legionnaires-disease-in-harlem.page,cumulative,"New York City, New York",chunk_src_search_c72bcb75c75a_001,[],"[""ambiguous_metric_column_semantics""]"
,,2025-07-30,22.0,,,,claim_rec_src_search_fd4c39b5e976_001_cases_confirmed,active,context_only,public_health_observation,0.85,cases_confirmed,case_count,,22.0,United States of America,high,0.6823,2025-07-30,2025-07-30,,live_search_result,Legionnaires' disease,Legionnaires' disease,,event_011,,2025-07-25,,"![NYC](/assets/home/images/global/nyc_white.png) ![](/assets/home/images/global/upper-header-divider.gif) ![](/assets/home/images/global/upper-header-divider.gif) ![NYC Health](/assets/doh/images/content/header/logo.png) ![Language](/assets/home/images/global/language.gif) ## Promoting and Protecting the City's Health ![Print icon](/assets/home/images/global/print.png) # New York City Health Department Provides Update on Legionnaires' Disease Community Cluster in Central Harlem *Twenty-two New Yorkers with Legionnaires’ Disease have been identified as part of the cluster, one death has occurred* People who have been in the affected area since late July with flu-like symptoms, fever, cough, or difficulty breathing should seek immediate medical attention **July 30, 2025 —**The New York City Health Department today provided an update on the investigation into a community cluster of [Legionnaires’ disease](https://www.nyc.gov/site/doh/health/health-topics/legionnaires-disease.page) in the Central Harlem neighborhood (ZIP codes 10027, 10030,10035, 10037, and 10039) and bordering communities. Twenty-two people have been diagnosed with Legionnaires’ disease since July 25, 2025. One person has died. All operable cooling towers in the investigation area have been sampled, and the Health Department has directed building owners with initial positive screening results to initiate remediation within 24 hours. People living or working in the area with flu-like symptoms, such as cough, fever, chills, muscle aches, or difficulty breathing should contact a health care provider immediately. It is especially important for people at higher risk — including those ages 50 and older, cigarette smokers, and people with chronic lung disease or compromised immune systems — to get care if they ha",llm_structured_output_extractor,"Central Harlem, New York City",,,False,True,False,False,False,False,event_011,,record reports confirmed case count,confirmed_case_record,LD,True,,site:nyc.gov Legionnaires disease Central Harlem 2025 outbreak press release,extract_context_only,fetch_for_context,context,"July 25, 2025 through July 30, 2025",False,tavily,src_search_fd4c39b5e976,domain:nyc_gov,rec_src_search_fd4c39b5e976_001,collection,NYC Health Department Provides Update on Legionnaires' Disease Community Cluster in Central Harlem - NYC Health,official_public_health_agency,official_public_health_agency,https://www.nyc.gov/site/doh/about/press/pr2025/nyc-health-provides-update-on-legionnaires-cluster.page,cumulative,"New York City, New York",chunk_src_search_fd4c39b5e976_001,[],"[""ambiguous_metric_column_semantics""]"
,,2025-07-30,,,,,claim_rec_src_search_fd4c39b5e976_002_deaths,active,context_only,public_health_observation,0.85,deaths,death_count,,1.0,United States of America,high,0.6823,2025-07-30,2025-07-30,1.0,live_search_result,Legionnaires' disease,Legionnaires' disease,,event_011,,2025-07-25,,"![NYC](/assets/home/images/global/nyc_white.png) ![](/assets/home/images/global/upper-header-divider.gif) ![](/assets/home/images/global/upper-header-divider.gif) ![NYC Health](/assets/doh/images/content/header/logo.png) ![Language](/assets/home/images/global/language.gif) ## Promoting and Protecting the City's Health ![Print icon](/assets/home/images/global/print.png) # New York City Health Department Provides Update on Legionnaires' Disease Community Cluster in Central Harlem *Twenty-two New Yorkers with Legionnaires’ Disease have been identified as part of the cluster, one death has occurred* People who have been in the affected area since late July with flu-like symptoms, fever, cough, or difficulty breathing should seek immediate medical attention **July 30, 2025 —**The New York City Health Department today provided an update on the investigation into a community cluster of [Legionnaires’ disease](https://www.nyc.gov/site/doh/health/health-topics/legionnaires-disease.page) in the Central Harlem neighborhood (ZIP codes 10027, 10030,10035, 10037, and 10039) and bordering communities. Twenty-two people have been diagnosed with Legionnaires’ disease since July 25, 2025. One person has died. All operable cooling towers in the investigation area have been sampled, and the Health Department has directed building owners with initial positive screening results to initiate remediation within 24 hours. People living or working in the area with flu-like symptoms, such as cough, fever, chills, muscle aches, or difficulty breathing should contact a health care provider immediately. It is especially important for people at higher risk — including those ages 50 and older, cigarette smokers, and people with chronic lung disease or compromised immune systems — to get care if they ha",llm_structured_output_extractor,"Central Harlem, New York City",,,False,False,True,False,False,False,event_011,,record reports death count,death_record,LD,True,,site:nyc.gov Legionnaires disease Central Harlem 2025 outbreak press release,extract_context_only,fetch_for_context,context,"July 25, 2025 through July 30, 2025",False,tavily,src_search_fd4c39b5e976,domain:nyc_gov,rec_src_search_fd4c39b5e976_002,collection,NYC Health Department Provides Update on Legionnaires' Disease Community Cluster in Central Harlem - NYC Health,official_public_health_agency,official_public_health_agency,https://www.nyc.gov/site/doh/about/press/pr2025/nyc-health-provides-update-on-legionnaires-cluster.page,cumulative,"New York City, New York",chunk_src_search_fd4c39b5e976_001,[],"[""ambiguous_metric_column_semantics""]"
,,2025-08-29,,,,,claim_rec_src_search_a9306f6e1687_001_observation,active,context_only,public_health_observation,0.85,,newly_reported,,,United States of America,high,0.6823,2025-08-29,2025-08-29,,live_search_result,Legionnaires' disease,Legionnaires' disease,,event_020,2025-08-09,,,"#### Official website. How you know ##### **Official websites use .gov** A .gov website belongs to an official government organization in the United States. ##### **Secure .gov websites use HTTPS** A lock (🔒) or https:// means you’ve safely connected to the .gov website. Share sensitive information only on official, secure websites. ![NYC Logo](/content/experience-fragments/global/us/en/site/header/master/_jcr_content/root/globalheader/image.coreimg.svg/1781024686028/nyc-logo.svg) ### Top languages ### More languages [Office of the Mayor](/mayors-office) # Transcript: First Deputy Mayor Mastro, NYC Health + Hospitals, and NYC Health Department Provides Update on Central Harlem Legionnaires’ Cluster August 29, 2025 **William Fowler, Deputy Press Secretary, Office of the Mayor:** Thank you all for joining this morning. My name is William. I'm with the City Hall press team. We're going to do a briefing here from Dr. Morse, who's going to open things up. We also have First Deputy Mayor Randy Mastro. And then we have some representatives from Dr. Katz from H+H as well, who will be here to take some questions at the end. But why don't we go ahead and have Dr. Morse give some brief remarks before we get started. **Acting Commissioner Dr. Michelle Morse, Department of Health and Mental Hygiene:** Good morning, everyone. So as New York City's doctor and as a licensed health professional, I'm grateful to announce that our Harlem cluster of Legionnaires' disease has ended. There have been no new cases of Legionnaires' disease among New Yorkers who live or work in Central Harlem since August the 9th, which is more than two weeks ago. While today marks a hopeful step forward for our city, I recognize that we are also grieving.",llm_structured_output_extractor,"Central Harlem, New York City",,,False,False,False,False,False,False,event_020,,record lacks a deterministic case/death/hospitalization claim,ambiguous_public_health_observation,LEG,False,,site:nyc.gov Legionnaires disease Central Harlem 2025 outbreak press release,extract_context_only,fetch_for_context,context,Cluster declared ended as of 2025-08-29; no new cases since 2025-08-09,False,tavily,src_search_a9306f6e1687,domain:nyc_gov,rec_src_search_a9306f6e1687_001,collection,"Transcript: First Deputy Mayor Mastro, NYC Health + Hospitals, and NYC Health Department Provides Update on Central Harlem Legionnaires’ Cluster - NYC Mayor's Office",official_public_health_agency,official_public_health_agency,https://www.nyc.gov/mayors-office/news/2025/08/transcript--first-deputy-mayor-mastro--nyc-health---hospitals--a,newly_reported,New York City,chunk_src_search_a9306f6e1687_001,[],"[""inferred_statistical_count_type_from_text"", ""filled_metric_period_from_source_reporting_period"", ""ambiguous_metric_column_semantics""]"
,,2025-08-14,,,,92.0,claim_rec_src_search_5b7e6dfb326c_003_cases_unspecified,active,primary_case_claim_support,public_health_observation,0.85,cases_unspecified,case_count,,92.0,United States of America,high,0.6823,2025-08-14,2025-08-14,3.0,live_search_result,Legionnaires' disease,Legionnaires' disease,,event_006,,2025-07-25,,"![NYC](/assets/home/images/global/nyc_white.png) ![](/assets/home/images/global/upper-header-divider.gif) ![](/assets/home/images/global/upper-header-divider.gif) ![NYC Health](/assets/doh/images/content/header/logo.png) ![Language](/assets/home/images/global/language.gif) ## Promoting and Protecting the City's Health ![Print icon](/assets/home/images/global/print.png) # New York City Health Department Provides Update on Community Cluster of Legionnaires' Disease in Central Harlem *Ninety-two cases have been identified in the area; three deaths have occurred* Twelve cooling towers have tested culture positive for live Legionella bacteria Eleven of the twelve cooling towers have been remediated; the final tower is required to be completed by August 15 **August 14, 2025 —** Today, the New York City Health Department provided an update on the investigation into a community cluster of Legionnaires’ disease in Central Harlem (ZIP codes 10027, 10030, 10035, 10037, and 10039). Ninety-two people have been diagnosed with Legionnaires’ disease since July 25 when the cluster was first identified. Three people have died, and 15 people are currently hospitalized. The NYC Health Department has confirmed that **12 cooling towers have tested culture positive** on 10 buildings for live Legionella bacteria. Eleven of the 12 cooling towers have completed remediation. The final cooling tower remediation is required to be completed August 15. These cooling towers are located at: “Our hearts go out to everyone impacted by this cluster of Legionnaires, in particulate the friends and loved ones of the three New Yorkers we lost to this disease,” said **New York City Mayor Eric Adams**.",llm_structured_output_extractor,"Central Harlem, New York City",15.0,,False,True,False,False,False,False,event_006,,record reports unspecified case count,unspecified_case_record,Legionella bacteria,True,,Legionnaires disease New York City August 2025 cases deaths outbreak DOHMH,extract_primary_case_claims,fetch_for_extraction,collection,2025-07-25 to 2025-08-14,False,tavily,src_search_5b7e6dfb326c,domain:nyc_gov,rec_src_search_5b7e6dfb326c_003,collection,New York City Health Department Provides Update on Community Cluster of Legionnaires' Disease - NYC Health,official_public_health_agency,official_public_health_agency,https://www.nyc.gov/site/doh/about/press/pr2025/nyc-health-provides-third-legionnaires-cluster-update.page,cumulative,New York City,chunk_src_search_5b7e6dfb326c_001,[],"[""ambiguous_metric_column_semantics""]"
,,2025-08-14,,,,92.0,claim_rec_src_search_5b7e6dfb326c_003_deaths,active,primary_case_claim_support,public_health_observation,0.85,deaths,case_count,,3.0,United States of America,high,0.6823,2025-08-14,2025-08-14,3.0,live_search_result,Legionnaires' disease,Legionnaires' disease,,event_006,,2025-07-25,,"![NYC](/assets/home/images/global/nyc_white.png) ![](/assets/home/images/global/upper-header-divider.gif) ![](/assets/home/images/global/upper-header-divider.gif) ![NYC Health](/assets/doh/images/content/header/logo.png) ![Language](/assets/home/images/global/language.gif) ## Promoting and Protecting the City's Health ![Print icon](/assets/home/images/global/print.png) # New York City Health Department Provides Update on Community Cluster of Legionnaires' Disease in Central Harlem *Ninety-two cases have been identified in the area; three deaths have occurred* Twelve cooling towers have tested culture positive for live Legionella bacteria Eleven of the twelve cooling towers have been remediated; the final tower is required to be completed by August 15 **August 14, 2025 —** Today, the New York City Health Department provided an update on the investigation into a community cluster of Legionnaires’ disease in Central Harlem (ZIP codes 10027, 10030, 10035, 10037, and 10039). Ninety-two people have been diagnosed with Legionnaires’ disease since July 25 when the cluster was first identified. Three people have died, and 15 people are currently hospitalized. The NYC Health Department has confirmed that **12 cooling towers have tested culture positive** on 10 buildings for live Legionella bacteria. Eleven of the 12 cooling towers have completed remediation. The final cooling tower remediation is required to be completed August 15. These cooling towers are located at: “Our hearts go out to everyone impacted by this cluster of Legionnaires, in particulate the friends and loved ones of the three New Yorkers we lost to this disease,” said **New York City Mayor Eric Adams**.",llm_structured_output_extractor,"Central Harlem, New York City",15.0,,False,False,True,False,False,False,event_006,,record reports death count,death_record,Legionella bacteria,True,,Legionnaires disease New York City August 2025 cases deaths outbreak DOHMH,extract_primary_case_claims,fetch_for_extraction,collection,2025-07-25 to 2025-08-14,False,tavily,src_search_5b7e6dfb326c,domain:nyc_gov,rec_src_search_5b7e6dfb326c_003,collection,New York City Health Department Provides Update on Community Cluster of Legionnaires' Disease - NYC Health,official_public_health_agency,official_public_health_agency,https://www.nyc.gov/site/doh/about/press/pr2025/nyc-health-provides-third-legionnaires-cluster-update.page,cumulative,New York City,chunk_src_search_5b7e6dfb326c_001,[],"[""ambiguous_metric_column_semantics""]"
,,2025-08-14,,,,92.0,claim_rec_src_search_5b7e6dfb326c_003_hospitalizations,active,primary_case_claim_support,public_health_observation,0.85,hospitalizations,case_count,,15.0,United States of America,high,0.6823,2025-08-14,2025-08-14,3.0,live_search_result,Legionnaires' disease,Legionnaires' disease,,event_006,,2025-07-25,,"![NYC](/assets/home/images/global/nyc_white.png) ![](/assets/home/images/global/upper-header-divider.gif) ![](/assets/home/images/global/upper-header-divider.gif) ![NYC Health](/assets/doh/images/content/header/logo.png) ![Language](/assets/home/images/global/language.gif) ## Promoting and Protecting the City's Health ![Print icon](/assets/home/images/global/print.png) # New York City Health Department Provides Update on Community Cluster of Legionnaires' Disease in Central Harlem *Ninety-two cases have been identified in the area; three deaths have occurred* Twelve cooling towers have tested culture positive for live Legionella bacteria Eleven of the twelve cooling towers have been remediated; the final tower is required to be completed by August 15 **August 14, 2025 —** Today, the New York City Health Department provided an update on the investigation into a community cluster of Legionnaires’ disease in Central Harlem (ZIP codes 10027, 10030, 10035, 10037, and 10039). Ninety-two people have been diagnosed with Legionnaires’ disease since July 25 when the cluster was first identified. Three people have died, and 15 people are currently hospitalized. The NYC Health Department has confirmed that **12 cooling towers have tested culture positive** on 10 buildings for live Legionella bacteria. Eleven of the 12 cooling towers have completed remediation. The final cooling tower remediation is required to be completed August 15. These cooling towers are located at: “Our hearts go out to everyone impacted by this cluster of Legionnaires, in particulate the friends and loved ones of the three New Yorkers we lost to this disease,” said **New York City Mayor Eric Adams**.",llm_structured_output_extractor,"Central Harlem, New York City",15.0,,False,False,False,False,False,False,event_006,,record reports hospitalization count,hospitalization_record,Legionella bacteria,True,,Legionnaires disease New York City August 2025 cases deaths outbreak DOHMH,extract_primary_case_claims,fetch_for_extraction,collection,2025-07-25 to 2025-08-14,False,tavily,src_search_5b7e6dfb326c,domain:nyc_gov,rec_src_search_5b7e6dfb326c_003,collection,New York City Health Department Provides Update on Community Cluster of Legionnaires' Disease - NYC Health,official_public_health_agency,official_public_health_agency,https://www.nyc.gov/site/doh/about/press/pr2025/nyc-health-provides-third-legionnaires-cluster-update.page,cumulative,New York City,chunk_src_search_5b7e6dfb326c_001,[],"[""ambiguous_metric_column_semantics""]"
