edge_type,reason,source,source_type,target,target_type,warnings
fetched_as,document.source_id links to source,source:src_search_9f1bffa1139f,source,document:doc_001,document,
fetched_as,document.source_id links to source,source:src_search_4e6c9d96071d,source,document:doc_002,document,
fetched_as,document.source_id links to source,source:src_search_5fd7d33501e8,source,document:doc_003,document,
fetched_as,document.source_id links to source,source:src_search_17249087cee3,source,document:doc_004,document,
fetched_as,document.source_id links to source,source:src_search_042037d6ca22,source,document:doc_005,document,
fetched_as,document.source_id links to source,source:src_search_066d8ce49c2c,source,document:doc_006,document,
fetched_as,document.source_id links to source,source:src_search_387675deae44,source,document:doc_007,document,
fetched_as,document.source_id links to source,source:src_search_4520d2861241,source,document:doc_008,document,
fetched_as,document.source_id links to source,source:src_search_1e3a74a1fa2c,source,document:doc_009,document,
fetched_as,document.source_id links to source,source:src_search_9baddae323c5,source,document:doc_010,document,
fetched_as,document.source_id links to source,source:src_search_9056ec86ef3d,source,document:doc_011,document,
fetched_as,document.source_id links to source,source:src_search_2eb1c67db46f,source,document:doc_012,document,
fetched_as,document.source_id links to source,source:src_search_86d6f702e073,source,document:doc_013,document,
fetched_as,document.source_id links to source,source:src_search_9c7738debb9e,source,document:doc_014,document,
fetched_as,document.source_id links to source,source:src_search_e6a611dc2382,source,document:doc_015,document,
fetched_as,document.source_id links to source,source:src_search_df7c57966665,source,document:doc_016,document,
fetched_as,document.source_id links to source,source:src_search_6dae7aeadbda,source,document:doc_017,document,
fetched_as,document.source_id links to source,source:src_search_fe4e8f3af932,source,document:doc_018,document,
fetched_as,document.source_id links to source,source:src_search_c19140f0ec24,source,document:doc_019,document,
fetched_as,document.source_id links to source,source:src_search_f4f555107be5,source,document:doc_020,document,
fetched_as,document.source_id links to source,source:src_search_29507a107a69,source,document:doc_021,document,
fetched_as,document.source_id links to source,source:src_search_4680c60f7257,source,document:doc_022,document,
fetched_as,document.source_id links to source,source:src_search_90b5fc59aef2,source,document:doc_023,document,
fetched_as,document.source_id links to source,source:src_search_60f9228c083d,source,document:doc_024,document,
fetched_as,document.source_id links to source,source:src_search_d67b1bd84e67,source,document:doc_025,document,
fetched_as,document.source_id links to source,source:src_search_bda921ee5182,source,document:doc_026,document,
fetched_as,document.source_id links to source,source:src_search_1a6203f794f1,source,document:doc_027,document,
fetched_as,document.source_id links to source,source:src_search_1e36efa321f9,source,document:doc_028,document,
fetched_as,document.source_id links to source,source:src_search_aa046585f404,source,document:doc_029,document,
fetched_as,document.source_id links to source,source:src_search_2c14c05742aa,source,document:doc_030,document,
fetched_as,document.source_id links to source,source:src_search_bca377d72697,source,document:doc_031,document,
fetched_as,document.source_id links to source,source:src_search_0cb54d17a3e3,source,document:doc_032,document,
fetched_as,document.source_id links to source,source:src_search_5f0c9a8b5245,source,document:doc_033,document,
fetched_as,document.source_id links to source,source:src_search_5f398ee9785b,source,document:doc_034,document,
fetched_as,document.source_id links to source,source:src_search_bc5de45a99e4,source,document:doc_035,document,
fetched_as,document.source_id links to source,source:src_search_4ac3da6a3dca,source,document:doc_036,document,
fetched_as,document.source_id links to source,source:src_search_f79ff78ee4b3,source,document:doc_037,document,
fetched_as,document.source_id links to source,source:src_search_ecf0b5d00c07,source,document:doc_038,document,
fetched_as,document.source_id links to source,source:src_search_9f1bffa1139f,source,document:doc_039,document,
fetched_as,document.source_id links to source,source:src_search_4e6c9d96071d,source,document:doc_040,document,
fetched_as,document.source_id links to source,source:src_search_5fd7d33501e8,source,document:doc_041,document,
fetched_as,document.source_id links to source,source:src_search_17249087cee3,source,document:doc_042,document,
fetched_as,document.source_id links to source,source:src_search_042037d6ca22,source,document:doc_043,document,
fetched_as,document.source_id links to source,source:src_search_066d8ce49c2c,source,document:doc_044,document,
fetched_as,document.source_id links to source,source:src_search_387675deae44,source,document:doc_045,document,
fetched_as,document.source_id links to source,source:src_search_4520d2861241,source,document:doc_046,document,
fetched_as,document.source_id links to source,source:src_search_1e3a74a1fa2c,source,document:doc_047,document,
fetched_as,document.source_id links to source,source:src_search_9baddae323c5,source,document:doc_048,document,
fetched_as,document.source_id links to source,source:src_search_9056ec86ef3d,source,document:doc_049,document,
fetched_as,document.source_id links to source,source:src_search_2eb1c67db46f,source,document:doc_050,document,
fetched_as,document.source_id links to source,source:src_search_86d6f702e073,source,document:doc_051,document,
fetched_as,document.source_id links to source,source:src_search_9c7738debb9e,source,document:doc_052,document,
fetched_as,document.source_id links to source,source:src_search_e6a611dc2382,source,document:doc_053,document,
fetched_as,document.source_id links to source,source:src_search_df7c57966665,source,document:doc_054,document,
fetched_as,document.source_id links to source,source:src_search_6dae7aeadbda,source,document:doc_055,document,
fetched_as,document.source_id links to source,source:src_search_fe4e8f3af932,source,document:doc_056,document,
fetched_as,document.source_id links to source,source:src_search_c19140f0ec24,source,document:doc_057,document,
fetched_as,document.source_id links to source,source:src_search_f4f555107be5,source,document:doc_058,document,
fetched_as,document.source_id links to source,source:src_search_29507a107a69,source,document:doc_059,document,
fetched_as,document.source_id links to source,source:src_search_4680c60f7257,source,document:doc_060,document,
fetched_as,document.source_id links to source,source:src_search_90b5fc59aef2,source,document:doc_061,document,
fetched_as,document.source_id links to source,source:src_search_60f9228c083d,source,document:doc_062,document,
fetched_as,document.source_id links to source,source:src_search_d67b1bd84e67,source,document:doc_063,document,
fetched_as,document.source_id links to source,source:src_search_bda921ee5182,source,document:doc_064,document,
fetched_as,document.source_id links to source,source:src_search_1a6203f794f1,source,document:doc_065,document,
fetched_as,document.source_id links to source,source:src_search_1e36efa321f9,source,document:doc_066,document,
fetched_as,document.source_id links to source,source:src_search_aa046585f404,source,document:doc_067,document,
fetched_as,document.source_id links to source,source:src_search_2c14c05742aa,source,document:doc_068,document,
fetched_as,document.source_id links to source,source:src_search_bca377d72697,source,document:doc_069,document,
fetched_as,document.source_id links to source,source:src_search_0cb54d17a3e3,source,document:doc_070,document,
fetched_as,document.source_id links to source,source:src_search_5f0c9a8b5245,source,document:doc_071,document,
fetched_as,document.source_id links to source,source:src_search_5f398ee9785b,source,document:doc_072,document,
fetched_as,document.source_id links to source,source:src_search_bc5de45a99e4,source,document:doc_073,document,
fetched_as,document.source_id links to source,source:src_search_4ac3da6a3dca,source,document:doc_074,document,
fetched_as,document.source_id links to source,source:src_search_f79ff78ee4b3,source,document:doc_075,document,
fetched_as,document.source_id links to source,source:src_search_ecf0b5d00c07,source,document:doc_076,document,
fetched_as,document.source_id links to source,source:src_search_1dbf2c45d0a6,source,document:doc_077,document,
fetched_as,document.source_id links to source,source:src_search_52123c6cbbdd,source,document:doc_078,document,
fetched_as,document.source_id links to source,source:src_search_beb2acd883bf,source,document:doc_079,document,
fetched_as,document.source_id links to source,source:src_search_da7ccbd13318,source,document:doc_080,document,
fetched_as,document.source_id links to source,source:src_search_7e0b0805f573,source,document:doc_081,document,
fetched_as,document.source_id links to source,source:src_search_87a1569617ed,source,document:doc_082,document,
fetched_as,document.source_id links to source,source:src_search_c543063343d0,source,document:doc_083,document,
fetched_as,document.source_id links to source,source:src_search_3ab93461f77b,source,document:doc_084,document,
fetched_as,document.source_id links to source,source:src_search_f70e61906754,source,document:doc_085,document,
fetched_as,document.source_id links to source,source:src_search_2e8e30169e0b,source,document:doc_086,document,
extracted_into,record.supporting_chunk_id links to evidence chunk,evidence_chunk:chunk_src_search_df7c57966665_007,evidence_chunk,raw_record:rec_src_search_df7c57966665_001,raw_record,
extracted_into,record.supporting_chunk_id links to evidence chunk,evidence_chunk:chunk_src_search_4e6c9d96071d_001,evidence_chunk,raw_record:rec_src_search_4e6c9d96071d_001,raw_record,
extracted_into,record.supporting_chunk_id links to evidence chunk,evidence_chunk:chunk_src_search_5fd7d33501e8_001,evidence_chunk,raw_record:rec_src_search_5fd7d33501e8_001,raw_record,
extracted_into,record.supporting_chunk_id links to evidence chunk,evidence_chunk:chunk_src_search_5fd7d33501e8_001,evidence_chunk,raw_record:rec_src_search_5fd7d33501e8_002,raw_record,
extracted_into,record.supporting_chunk_id links to evidence chunk,evidence_chunk:chunk_src_search_5fd7d33501e8_001,evidence_chunk,raw_record:rec_src_search_5fd7d33501e8_003,raw_record,
extracted_into,record.supporting_chunk_id links to evidence chunk,evidence_chunk:chunk_src_search_9baddae323c5_001,evidence_chunk,raw_record:rec_src_search_9baddae323c5_001,raw_record,
extracted_into,record.supporting_chunk_id links to evidence chunk,evidence_chunk:chunk_src_search_9baddae323c5_001,evidence_chunk,raw_record:rec_src_search_9baddae323c5_002,raw_record,
extracted_into,record.supporting_chunk_id links to evidence chunk,evidence_chunk:chunk_src_search_9baddae323c5_001,evidence_chunk,raw_record:rec_src_search_9baddae323c5_003,raw_record,
extracted_into,record.supporting_chunk_id links to evidence chunk,evidence_chunk:chunk_src_search_9baddae323c5_001,evidence_chunk,raw_record:rec_src_search_9baddae323c5_004,raw_record,
extracted_into,record.supporting_chunk_id links to evidence chunk,evidence_chunk:chunk_src_search_2eb1c67db46f_001,evidence_chunk,raw_record:rec_src_search_2eb1c67db46f_001,raw_record,
extracted_into,record.supporting_chunk_id links to evidence chunk,evidence_chunk:chunk_src_search_2eb1c67db46f_001,evidence_chunk,raw_record:rec_src_search_2eb1c67db46f_002,raw_record,
extracted_into,record.supporting_chunk_id links to evidence chunk,evidence_chunk:chunk_src_search_86d6f702e073_001,evidence_chunk,raw_record:rec_src_search_86d6f702e073_001,raw_record,
extracted_into,record.supporting_chunk_id links to evidence chunk,evidence_chunk:chunk_src_search_86d6f702e073_001,evidence_chunk,raw_record:rec_src_search_86d6f702e073_002,raw_record,
extracted_into,record.supporting_chunk_id links to evidence chunk,evidence_chunk:chunk_src_search_df7c57966665_001,evidence_chunk,raw_record:rec_src_search_df7c57966665_002,raw_record,
extracted_into,record.supporting_chunk_id links to evidence chunk,evidence_chunk:chunk_src_search_df7c57966665_001,evidence_chunk,raw_record:rec_src_search_df7c57966665_003,raw_record,
extracted_into,record.supporting_chunk_id links to evidence chunk,evidence_chunk:chunk_src_search_6dae7aeadbda_001,evidence_chunk,raw_record:rec_src_search_6dae7aeadbda_001,raw_record,
extracted_into,record.supporting_chunk_id links to evidence chunk,evidence_chunk:chunk_src_search_6dae7aeadbda_001,evidence_chunk,raw_record:rec_src_search_6dae7aeadbda_002,raw_record,
extracted_into,record.supporting_chunk_id links to evidence chunk,evidence_chunk:chunk_src_search_6dae7aeadbda_001,evidence_chunk,raw_record:rec_src_search_6dae7aeadbda_003,raw_record,
extracted_into,record.supporting_chunk_id links to evidence chunk,evidence_chunk:chunk_src_search_df7c57966665_007,evidence_chunk,validated_record:rec_src_search_df7c57966665_001,validated_record,
extracted_into,record.supporting_chunk_id links to evidence chunk,evidence_chunk:chunk_src_search_4e6c9d96071d_001,evidence_chunk,validated_record:rec_src_search_4e6c9d96071d_001,validated_record,
extracted_into,record.supporting_chunk_id links to evidence chunk,evidence_chunk:chunk_src_search_5fd7d33501e8_001,evidence_chunk,validated_record:rec_src_search_5fd7d33501e8_001,validated_record,
extracted_into,record.supporting_chunk_id links to evidence chunk,evidence_chunk:chunk_src_search_5fd7d33501e8_001,evidence_chunk,validated_record:rec_src_search_5fd7d33501e8_002,validated_record,
extracted_into,record.supporting_chunk_id links to evidence chunk,evidence_chunk:chunk_src_search_5fd7d33501e8_001,evidence_chunk,validated_record:rec_src_search_5fd7d33501e8_003,validated_record,
extracted_into,record.supporting_chunk_id links to evidence chunk,evidence_chunk:chunk_src_search_9baddae323c5_001,evidence_chunk,validated_record:rec_src_search_9baddae323c5_001,validated_record,
extracted_into,record.supporting_chunk_id links to evidence chunk,evidence_chunk:chunk_src_search_9baddae323c5_001,evidence_chunk,validated_record:rec_src_search_9baddae323c5_002,validated_record,
extracted_into,record.supporting_chunk_id links to evidence chunk,evidence_chunk:chunk_src_search_9baddae323c5_001,evidence_chunk,validated_record:rec_src_search_9baddae323c5_003,validated_record,
extracted_into,record.supporting_chunk_id links to evidence chunk,evidence_chunk:chunk_src_search_9baddae323c5_001,evidence_chunk,validated_record:rec_src_search_9baddae323c5_004,validated_record,
extracted_into,record.supporting_chunk_id links to evidence chunk,evidence_chunk:chunk_src_search_2eb1c67db46f_001,evidence_chunk,validated_record:rec_src_search_2eb1c67db46f_001,validated_record,
extracted_into,record.supporting_chunk_id links to evidence chunk,evidence_chunk:chunk_src_search_2eb1c67db46f_001,evidence_chunk,validated_record:rec_src_search_2eb1c67db46f_002,validated_record,
extracted_into,record.supporting_chunk_id links to evidence chunk,evidence_chunk:chunk_src_search_86d6f702e073_001,evidence_chunk,validated_record:rec_src_search_86d6f702e073_001,validated_record,
extracted_into,record.supporting_chunk_id links to evidence chunk,evidence_chunk:chunk_src_search_86d6f702e073_001,evidence_chunk,validated_record:rec_src_search_86d6f702e073_002,validated_record,
extracted_into,record.supporting_chunk_id links to evidence chunk,evidence_chunk:chunk_src_search_df7c57966665_001,evidence_chunk,validated_record:rec_src_search_df7c57966665_002,validated_record,
extracted_into,record.supporting_chunk_id links to evidence chunk,evidence_chunk:chunk_src_search_df7c57966665_001,evidence_chunk,validated_record:rec_src_search_df7c57966665_003,validated_record,
extracted_into,record.supporting_chunk_id links to evidence chunk,evidence_chunk:chunk_src_search_6dae7aeadbda_001,evidence_chunk,validated_record:rec_src_search_6dae7aeadbda_001,validated_record,
extracted_into,record.supporting_chunk_id links to evidence chunk,evidence_chunk:chunk_src_search_6dae7aeadbda_001,evidence_chunk,validated_record:rec_src_search_6dae7aeadbda_002,validated_record,
extracted_into,record.supporting_chunk_id links to evidence chunk,evidence_chunk:chunk_src_search_6dae7aeadbda_001,evidence_chunk,validated_record:rec_src_search_6dae7aeadbda_003,validated_record,
extracted_into,record.supporting_chunk_id links to evidence chunk,evidence_chunk:chunk_src_search_df7c57966665_007,evidence_chunk,normalized_record:rec_src_search_df7c57966665_001,normalized_record,
extracted_into,record.supporting_chunk_id links to evidence chunk,evidence_chunk:chunk_src_search_4e6c9d96071d_001,evidence_chunk,normalized_record:rec_src_search_4e6c9d96071d_001,normalized_record,
extracted_into,record.supporting_chunk_id links to evidence chunk,evidence_chunk:chunk_src_search_5fd7d33501e8_001,evidence_chunk,normalized_record:rec_src_search_5fd7d33501e8_001,normalized_record,
extracted_into,record.supporting_chunk_id links to evidence chunk,evidence_chunk:chunk_src_search_5fd7d33501e8_001,evidence_chunk,normalized_record:rec_src_search_5fd7d33501e8_002,normalized_record,
extracted_into,record.supporting_chunk_id links to evidence chunk,evidence_chunk:chunk_src_search_5fd7d33501e8_001,evidence_chunk,normalized_record:rec_src_search_5fd7d33501e8_003,normalized_record,
extracted_into,record.supporting_chunk_id links to evidence chunk,evidence_chunk:chunk_src_search_9baddae323c5_001,evidence_chunk,normalized_record:rec_src_search_9baddae323c5_001,normalized_record,
extracted_into,record.supporting_chunk_id links to evidence chunk,evidence_chunk:chunk_src_search_9baddae323c5_001,evidence_chunk,normalized_record:rec_src_search_9baddae323c5_002,normalized_record,
extracted_into,record.supporting_chunk_id links to evidence chunk,evidence_chunk:chunk_src_search_9baddae323c5_001,evidence_chunk,normalized_record:rec_src_search_9baddae323c5_003,normalized_record,
extracted_into,record.supporting_chunk_id links to evidence chunk,evidence_chunk:chunk_src_search_9baddae323c5_001,evidence_chunk,normalized_record:rec_src_search_9baddae323c5_004,normalized_record,
extracted_into,record.supporting_chunk_id links to evidence chunk,evidence_chunk:chunk_src_search_2eb1c67db46f_001,evidence_chunk,normalized_record:rec_src_search_2eb1c67db46f_001,normalized_record,
extracted_into,record.supporting_chunk_id links to evidence chunk,evidence_chunk:chunk_src_search_2eb1c67db46f_001,evidence_chunk,normalized_record:rec_src_search_2eb1c67db46f_002,normalized_record,
extracted_into,record.supporting_chunk_id links to evidence chunk,evidence_chunk:chunk_src_search_86d6f702e073_001,evidence_chunk,normalized_record:rec_src_search_86d6f702e073_001,normalized_record,
extracted_into,record.supporting_chunk_id links to evidence chunk,evidence_chunk:chunk_src_search_86d6f702e073_001,evidence_chunk,normalized_record:rec_src_search_86d6f702e073_002,normalized_record,
extracted_into,record.supporting_chunk_id links to evidence chunk,evidence_chunk:chunk_src_search_df7c57966665_001,evidence_chunk,normalized_record:rec_src_search_df7c57966665_002,normalized_record,
extracted_into,record.supporting_chunk_id links to evidence chunk,evidence_chunk:chunk_src_search_df7c57966665_001,evidence_chunk,normalized_record:rec_src_search_df7c57966665_003,normalized_record,
extracted_into,record.supporting_chunk_id links to evidence chunk,evidence_chunk:chunk_src_search_6dae7aeadbda_001,evidence_chunk,normalized_record:rec_src_search_6dae7aeadbda_001,normalized_record,
extracted_into,record.supporting_chunk_id links to evidence chunk,evidence_chunk:chunk_src_search_6dae7aeadbda_001,evidence_chunk,normalized_record:rec_src_search_6dae7aeadbda_002,normalized_record,
extracted_into,record.supporting_chunk_id links to evidence chunk,evidence_chunk:chunk_src_search_6dae7aeadbda_001,evidence_chunk,normalized_record:rec_src_search_6dae7aeadbda_003,normalized_record,
validated_into,matched provenance identifier,raw_record:rec_src_search_5fd7d33501e8_002,raw_record,validated_record:rec_src_search_5fd7d33501e8_002,validated_record,
normalized_into,matched provenance identifier,validated_record:rec_src_search_5fd7d33501e8_002,validated_record,normalized_record:rec_src_search_5fd7d33501e8_002,normalized_record,
validated_into,matched provenance identifier,raw_record:rec_src_search_9baddae323c5_002,raw_record,validated_record:rec_src_search_9baddae323c5_002,validated_record,
normalized_into,matched provenance identifier,validated_record:rec_src_search_9baddae323c5_002,validated_record,normalized_record:rec_src_search_9baddae323c5_002,normalized_record,
validated_into,matched provenance identifier,raw_record:rec_src_search_4e6c9d96071d_001,raw_record,validated_record:rec_src_search_4e6c9d96071d_001,validated_record,
normalized_into,matched provenance identifier,validated_record:rec_src_search_4e6c9d96071d_001,validated_record,normalized_record:rec_src_search_4e6c9d96071d_001,normalized_record,
validated_into,matched provenance identifier,raw_record:rec_src_search_6dae7aeadbda_003,raw_record,validated_record:rec_src_search_6dae7aeadbda_003,validated_record,
normalized_into,matched provenance identifier,validated_record:rec_src_search_6dae7aeadbda_003,validated_record,normalized_record:rec_src_search_6dae7aeadbda_003,normalized_record,
validated_into,matched provenance identifier,raw_record:rec_src_search_86d6f702e073_001,raw_record,validated_record:rec_src_search_86d6f702e073_001,validated_record,
normalized_into,matched provenance identifier,validated_record:rec_src_search_86d6f702e073_001,validated_record,normalized_record:rec_src_search_86d6f702e073_001,normalized_record,
validated_into,matched provenance identifier,raw_record:rec_src_search_5fd7d33501e8_001,raw_record,validated_record:rec_src_search_5fd7d33501e8_001,validated_record,
normalized_into,matched provenance identifier,validated_record:rec_src_search_5fd7d33501e8_001,validated_record,normalized_record:rec_src_search_5fd7d33501e8_001,normalized_record,
validated_into,matched provenance identifier,raw_record:rec_src_search_9baddae323c5_003,raw_record,validated_record:rec_src_search_9baddae323c5_003,validated_record,
normalized_into,matched provenance identifier,validated_record:rec_src_search_9baddae323c5_003,validated_record,normalized_record:rec_src_search_9baddae323c5_003,normalized_record,
validated_into,matched provenance identifier,raw_record:rec_src_search_6dae7aeadbda_002,raw_record,validated_record:rec_src_search_6dae7aeadbda_002,validated_record,
normalized_into,matched provenance identifier,validated_record:rec_src_search_6dae7aeadbda_002,validated_record,normalized_record:rec_src_search_6dae7aeadbda_002,normalized_record,
validated_into,matched provenance identifier,raw_record:rec_src_search_5fd7d33501e8_003,raw_record,validated_record:rec_src_search_5fd7d33501e8_003,validated_record,
normalized_into,matched provenance identifier,validated_record:rec_src_search_5fd7d33501e8_003,validated_record,normalized_record:rec_src_search_5fd7d33501e8_003,normalized_record,
validated_into,matched provenance identifier,raw_record:rec_src_search_9baddae323c5_004,raw_record,validated_record:rec_src_search_9baddae323c5_004,validated_record,
normalized_into,matched provenance identifier,validated_record:rec_src_search_9baddae323c5_004,validated_record,normalized_record:rec_src_search_9baddae323c5_004,normalized_record,
validated_into,matched provenance identifier,raw_record:rec_src_search_6dae7aeadbda_001,raw_record,validated_record:rec_src_search_6dae7aeadbda_001,validated_record,
normalized_into,matched provenance identifier,validated_record:rec_src_search_6dae7aeadbda_001,validated_record,normalized_record:rec_src_search_6dae7aeadbda_001,normalized_record,
validated_into,matched provenance identifier,raw_record:rec_src_search_2eb1c67db46f_002,raw_record,validated_record:rec_src_search_2eb1c67db46f_002,validated_record,
normalized_into,matched provenance identifier,validated_record:rec_src_search_2eb1c67db46f_002,validated_record,normalized_record:rec_src_search_2eb1c67db46f_002,normalized_record,
validated_into,matched provenance identifier,raw_record:rec_src_search_df7c57966665_003,raw_record,validated_record:rec_src_search_df7c57966665_003,validated_record,
normalized_into,matched provenance identifier,validated_record:rec_src_search_df7c57966665_003,validated_record,normalized_record:rec_src_search_df7c57966665_003,normalized_record,
validated_into,matched provenance identifier,raw_record:rec_src_search_2eb1c67db46f_001,raw_record,validated_record:rec_src_search_2eb1c67db46f_001,validated_record,
normalized_into,matched provenance identifier,validated_record:rec_src_search_2eb1c67db46f_001,validated_record,normalized_record:rec_src_search_2eb1c67db46f_001,normalized_record,
validated_into,matched provenance identifier,raw_record:rec_src_search_86d6f702e073_002,raw_record,validated_record:rec_src_search_86d6f702e073_002,validated_record,
normalized_into,matched provenance identifier,validated_record:rec_src_search_86d6f702e073_002,validated_record,normalized_record:rec_src_search_86d6f702e073_002,normalized_record,
validated_into,matched provenance identifier,raw_record:rec_src_search_df7c57966665_002,raw_record,validated_record:rec_src_search_df7c57966665_002,validated_record,
normalized_into,matched provenance identifier,validated_record:rec_src_search_df7c57966665_002,validated_record,normalized_record:rec_src_search_df7c57966665_002,normalized_record,
validated_into,matched provenance identifier,raw_record:rec_src_search_df7c57966665_001,raw_record,validated_record:rec_src_search_df7c57966665_001,validated_record,
normalized_into,matched provenance identifier,validated_record:rec_src_search_df7c57966665_001,validated_record,normalized_record:rec_src_search_df7c57966665_001,normalized_record,
validated_into,matched provenance identifier,raw_record:rec_src_search_9baddae323c5_001,raw_record,validated_record:rec_src_search_9baddae323c5_001,validated_record,
normalized_into,matched provenance identifier,validated_record:rec_src_search_9baddae323c5_001,validated_record,normalized_record:rec_src_search_9baddae323c5_001,normalized_record,
produced_claim,matched provenance identifier,normalized_record:rec_src_search_df7c57966665_001,normalized_record,claim:claim_rec_src_search_df7c57966665_001_cases_unspecified,claim,
produced_claim,matched provenance identifier,normalized_record:rec_src_search_4e6c9d96071d_001,normalized_record,claim:claim_rec_src_search_4e6c9d96071d_001_observation,claim,
produced_claim,matched provenance identifier,normalized_record:rec_src_search_5fd7d33501e8_001,normalized_record,claim:claim_rec_src_search_5fd7d33501e8_001_cases_suspected,claim,
produced_claim,matched provenance identifier,normalized_record:rec_src_search_5fd7d33501e8_001,normalized_record,claim:claim_rec_src_search_5fd7d33501e8_001_deaths,claim,
produced_claim,matched provenance identifier,normalized_record:rec_src_search_5fd7d33501e8_002,normalized_record,claim:claim_rec_src_search_5fd7d33501e8_002_cases_unspecified,claim,
produced_claim,matched provenance identifier,normalized_record:rec_src_search_5fd7d33501e8_003,normalized_record,claim:claim_rec_src_search_5fd7d33501e8_003_observation,claim,
produced_claim,matched provenance identifier,normalized_record:rec_src_search_9baddae323c5_001,normalized_record,claim:claim_rec_src_search_9baddae323c5_001_cases_suspected,claim,
produced_claim,matched provenance identifier,normalized_record:rec_src_search_9baddae323c5_002,normalized_record,claim:claim_rec_src_search_9baddae323c5_002_cases_probable,claim,
produced_claim,matched provenance identifier,normalized_record:rec_src_search_9baddae323c5_003,normalized_record,claim:claim_rec_src_search_9baddae323c5_003_cases_probable,claim,
produced_claim,matched provenance identifier,normalized_record:rec_src_search_9baddae323c5_004,normalized_record,claim:claim_rec_src_search_9baddae323c5_004_cases_probable,claim,
produced_claim,matched provenance identifier,normalized_record:rec_src_search_2eb1c67db46f_001,normalized_record,claim:claim_rec_src_search_2eb1c67db46f_001_cases_confirmed,claim,
produced_claim,matched provenance identifier,normalized_record:rec_src_search_2eb1c67db46f_001,normalized_record,claim:claim_rec_src_search_2eb1c67db46f_001_cases_suspected,claim,
produced_claim,matched provenance identifier,normalized_record:rec_src_search_2eb1c67db46f_001,normalized_record,claim:claim_rec_src_search_2eb1c67db46f_001_deaths,claim,
produced_claim,matched provenance identifier,normalized_record:rec_src_search_2eb1c67db46f_002,normalized_record,claim:claim_rec_src_search_2eb1c67db46f_002_cases_confirmed,claim,
produced_claim,matched provenance identifier,normalized_record:rec_src_search_2eb1c67db46f_002,normalized_record,claim:claim_rec_src_search_2eb1c67db46f_002_cases_suspected,claim,
produced_claim,matched provenance identifier,normalized_record:rec_src_search_2eb1c67db46f_002,normalized_record,claim:claim_rec_src_search_2eb1c67db46f_002_deaths,claim,
produced_claim,matched provenance identifier,normalized_record:rec_src_search_86d6f702e073_001,normalized_record,claim:claim_rec_src_search_86d6f702e073_001_observation,claim,
produced_claim,matched provenance identifier,normalized_record:rec_src_search_86d6f702e073_002,normalized_record,claim:claim_rec_src_search_86d6f702e073_002_observation,claim,
produced_claim,matched provenance identifier,normalized_record:rec_src_search_df7c57966665_002,normalized_record,claim:claim_rec_src_search_df7c57966665_002_cases_unspecified,claim,
produced_claim,matched provenance identifier,normalized_record:rec_src_search_df7c57966665_002,normalized_record,claim:claim_rec_src_search_df7c57966665_002_deaths,claim,
produced_claim,matched provenance identifier,normalized_record:rec_src_search_df7c57966665_003,normalized_record,claim:claim_rec_src_search_df7c57966665_003_cases_unspecified,claim,
produced_claim,matched provenance identifier,normalized_record:rec_src_search_6dae7aeadbda_001,normalized_record,claim:claim_rec_src_search_6dae7aeadbda_001_cases_probable,claim,
produced_claim,matched provenance identifier,normalized_record:rec_src_search_6dae7aeadbda_002,normalized_record,claim:claim_rec_src_search_6dae7aeadbda_002_deaths,claim,
produced_claim,matched provenance identifier,normalized_record:rec_src_search_6dae7aeadbda_003,normalized_record,claim:claim_rec_src_search_6dae7aeadbda_003_cases_unspecified,claim,
compared_with,matched provenance identifier,claim:claim_rec_src_search_df7c57966665_001_cases_unspecified,claim,claim_comparison:claim_cmp_001,claim_comparison,
compared_with,matched provenance identifier,claim:claim_rec_src_search_4e6c9d96071d_001_observation,claim,claim_comparison:claim_cmp_001,claim_comparison,
compared_with,matched provenance identifier,claim:claim_rec_src_search_df7c57966665_001_cases_unspecified,claim,claim_comparison:claim_cmp_002,claim_comparison,
compared_with,matched provenance identifier,claim:claim_rec_src_search_5fd7d33501e8_001_cases_suspected,claim,claim_comparison:claim_cmp_002,claim_comparison,
compared_with,matched provenance identifier,claim:claim_rec_src_search_df7c57966665_001_cases_unspecified,claim,claim_comparison:claim_cmp_003,claim_comparison,
compared_with,matched provenance identifier,claim:claim_rec_src_search_5fd7d33501e8_001_deaths,claim,claim_comparison:claim_cmp_003,claim_comparison,
compared_with,matched provenance identifier,claim:claim_rec_src_search_df7c57966665_001_cases_unspecified,claim,claim_comparison:claim_cmp_004,claim_comparison,
compared_with,matched provenance identifier,claim:claim_rec_src_search_5fd7d33501e8_002_cases_unspecified,claim,claim_comparison:claim_cmp_004,claim_comparison,
compared_with,matched provenance identifier,claim:claim_rec_src_search_df7c57966665_001_cases_unspecified,claim,claim_comparison:claim_cmp_005,claim_comparison,
compared_with,matched provenance identifier,claim:claim_rec_src_search_5fd7d33501e8_003_observation,claim,claim_comparison:claim_cmp_005,claim_comparison,
compared_with,matched provenance identifier,claim:claim_rec_src_search_df7c57966665_001_cases_unspecified,claim,claim_comparison:claim_cmp_006,claim_comparison,
compared_with,matched provenance identifier,claim:claim_rec_src_search_9baddae323c5_001_cases_suspected,claim,claim_comparison:claim_cmp_006,claim_comparison,
compared_with,matched provenance identifier,claim:claim_rec_src_search_df7c57966665_001_cases_unspecified,claim,claim_comparison:claim_cmp_007,claim_comparison,
compared_with,matched provenance identifier,claim:claim_rec_src_search_9baddae323c5_002_cases_probable,claim,claim_comparison:claim_cmp_007,claim_comparison,
compared_with,matched provenance identifier,claim:claim_rec_src_search_df7c57966665_001_cases_unspecified,claim,claim_comparison:claim_cmp_008,claim_comparison,
compared_with,matched provenance identifier,claim:claim_rec_src_search_9baddae323c5_003_cases_probable,claim,claim_comparison:claim_cmp_008,claim_comparison,
compared_with,matched provenance identifier,claim:claim_rec_src_search_df7c57966665_001_cases_unspecified,claim,claim_comparison:claim_cmp_009,claim_comparison,
compared_with,matched provenance identifier,claim:claim_rec_src_search_9baddae323c5_004_cases_probable,claim,claim_comparison:claim_cmp_009,claim_comparison,
compared_with,matched provenance identifier,claim:claim_rec_src_search_df7c57966665_001_cases_unspecified,claim,claim_comparison:claim_cmp_010,claim_comparison,
compared_with,matched provenance identifier,claim:claim_rec_src_search_2eb1c67db46f_001_cases_confirmed,claim,claim_comparison:claim_cmp_010,claim_comparison,
compared_with,matched provenance identifier,claim:claim_rec_src_search_df7c57966665_001_cases_unspecified,claim,claim_comparison:claim_cmp_011,claim_comparison,
compared_with,matched provenance identifier,claim:claim_rec_src_search_2eb1c67db46f_001_cases_suspected,claim,claim_comparison:claim_cmp_011,claim_comparison,
compared_with,matched provenance identifier,claim:claim_rec_src_search_df7c57966665_001_cases_unspecified,claim,claim_comparison:claim_cmp_012,claim_comparison,
compared_with,matched provenance identifier,claim:claim_rec_src_search_2eb1c67db46f_001_deaths,claim,claim_comparison:claim_cmp_012,claim_comparison,
compared_with,matched provenance identifier,claim:claim_rec_src_search_df7c57966665_001_cases_unspecified,claim,claim_comparison:claim_cmp_013,claim_comparison,
compared_with,matched provenance identifier,claim:claim_rec_src_search_2eb1c67db46f_002_cases_confirmed,claim,claim_comparison:claim_cmp_013,claim_comparison,
compared_with,matched provenance identifier,claim:claim_rec_src_search_df7c57966665_001_cases_unspecified,claim,claim_comparison:claim_cmp_014,claim_comparison,
compared_with,matched provenance identifier,claim:claim_rec_src_search_2eb1c67db46f_002_cases_suspected,claim,claim_comparison:claim_cmp_014,claim_comparison,
compared_with,matched provenance identifier,claim:claim_rec_src_search_df7c57966665_001_cases_unspecified,claim,claim_comparison:claim_cmp_015,claim_comparison,
compared_with,matched provenance identifier,claim:claim_rec_src_search_2eb1c67db46f_002_deaths,claim,claim_comparison:claim_cmp_015,claim_comparison,
compared_with,matched provenance identifier,claim:claim_rec_src_search_df7c57966665_001_cases_unspecified,claim,claim_comparison:claim_cmp_016,claim_comparison,
compared_with,matched provenance identifier,claim:claim_rec_src_search_86d6f702e073_001_observation,claim,claim_comparison:claim_cmp_016,claim_comparison,
compared_with,matched provenance identifier,claim:claim_rec_src_search_df7c57966665_001_cases_unspecified,claim,claim_comparison:claim_cmp_017,claim_comparison,
compared_with,matched provenance identifier,claim:claim_rec_src_search_86d6f702e073_002_observation,claim,claim_comparison:claim_cmp_017,claim_comparison,
compared_with,matched provenance identifier,claim:claim_rec_src_search_df7c57966665_001_cases_unspecified,claim,claim_comparison:claim_cmp_018,claim_comparison,
compared_with,matched provenance identifier,claim:claim_rec_src_search_df7c57966665_002_cases_unspecified,claim,claim_comparison:claim_cmp_018,claim_comparison,
compared_with,matched provenance identifier,claim:claim_rec_src_search_df7c57966665_001_cases_unspecified,claim,claim_comparison:claim_cmp_019,claim_comparison,
compared_with,matched provenance identifier,claim:claim_rec_src_search_df7c57966665_002_deaths,claim,claim_comparison:claim_cmp_019,claim_comparison,
compared_with,matched provenance identifier,claim:claim_rec_src_search_df7c57966665_001_cases_unspecified,claim,claim_comparison:claim_cmp_020,claim_comparison,
compared_with,matched provenance identifier,claim:claim_rec_src_search_df7c57966665_003_cases_unspecified,claim,claim_comparison:claim_cmp_020,claim_comparison,
compared_with,matched provenance identifier,claim:claim_rec_src_search_df7c57966665_001_cases_unspecified,claim,claim_comparison:claim_cmp_021,claim_comparison,
compared_with,matched provenance identifier,claim:claim_rec_src_search_6dae7aeadbda_001_cases_probable,claim,claim_comparison:claim_cmp_021,claim_comparison,
compared_with,matched provenance identifier,claim:claim_rec_src_search_df7c57966665_001_cases_unspecified,claim,claim_comparison:claim_cmp_022,claim_comparison,
compared_with,matched provenance identifier,claim:claim_rec_src_search_6dae7aeadbda_002_deaths,claim,claim_comparison:claim_cmp_022,claim_comparison,
compared_with,matched provenance identifier,claim:claim_rec_src_search_df7c57966665_001_cases_unspecified,claim,claim_comparison:claim_cmp_023,claim_comparison,
compared_with,matched provenance identifier,claim:claim_rec_src_search_6dae7aeadbda_003_cases_unspecified,claim,claim_comparison:claim_cmp_023,claim_comparison,
compared_with,matched provenance identifier,claim:claim_rec_src_search_4e6c9d96071d_001_observation,claim,claim_comparison:claim_cmp_024,claim_comparison,
compared_with,matched provenance identifier,claim:claim_rec_src_search_5fd7d33501e8_001_cases_suspected,claim,claim_comparison:claim_cmp_024,claim_comparison,
compared_with,matched provenance identifier,claim:claim_rec_src_search_4e6c9d96071d_001_observation,claim,claim_comparison:claim_cmp_025,claim_comparison,
compared_with,matched provenance identifier,claim:claim_rec_src_search_5fd7d33501e8_001_deaths,claim,claim_comparison:claim_cmp_025,claim_comparison,
compared_with,matched provenance identifier,claim:claim_rec_src_search_4e6c9d96071d_001_observation,claim,claim_comparison:claim_cmp_026,claim_comparison,
compared_with,matched provenance identifier,claim:claim_rec_src_search_5fd7d33501e8_002_cases_unspecified,claim,claim_comparison:claim_cmp_026,claim_comparison,
compared_with,matched provenance identifier,claim:claim_rec_src_search_4e6c9d96071d_001_observation,claim,claim_comparison:claim_cmp_027,claim_comparison,
compared_with,matched provenance identifier,claim:claim_rec_src_search_5fd7d33501e8_003_observation,claim,claim_comparison:claim_cmp_027,claim_comparison,
compared_with,matched provenance identifier,claim:claim_rec_src_search_4e6c9d96071d_001_observation,claim,claim_comparison:claim_cmp_028,claim_comparison,
compared_with,matched provenance identifier,claim:claim_rec_src_search_9baddae323c5_001_cases_suspected,claim,claim_comparison:claim_cmp_028,claim_comparison,
compared_with,matched provenance identifier,claim:claim_rec_src_search_4e6c9d96071d_001_observation,claim,claim_comparison:claim_cmp_029,claim_comparison,
compared_with,matched provenance identifier,claim:claim_rec_src_search_9baddae323c5_002_cases_probable,claim,claim_comparison:claim_cmp_029,claim_comparison,
compared_with,matched provenance identifier,claim:claim_rec_src_search_4e6c9d96071d_001_observation,claim,claim_comparison:claim_cmp_030,claim_comparison,
compared_with,matched provenance identifier,claim:claim_rec_src_search_9baddae323c5_003_cases_probable,claim,claim_comparison:claim_cmp_030,claim_comparison,
compared_with,matched provenance identifier,claim:claim_rec_src_search_4e6c9d96071d_001_observation,claim,claim_comparison:claim_cmp_031,claim_comparison,
compared_with,matched provenance identifier,claim:claim_rec_src_search_9baddae323c5_004_cases_probable,claim,claim_comparison:claim_cmp_031,claim_comparison,
compared_with,matched provenance identifier,claim:claim_rec_src_search_4e6c9d96071d_001_observation,claim,claim_comparison:claim_cmp_032,claim_comparison,
compared_with,matched provenance identifier,claim:claim_rec_src_search_2eb1c67db46f_001_cases_confirmed,claim,claim_comparison:claim_cmp_032,claim_comparison,
compared_with,matched provenance identifier,claim:claim_rec_src_search_4e6c9d96071d_001_observation,claim,claim_comparison:claim_cmp_033,claim_comparison,
compared_with,matched provenance identifier,claim:claim_rec_src_search_2eb1c67db46f_001_cases_suspected,claim,claim_comparison:claim_cmp_033,claim_comparison,
compared_with,matched provenance identifier,claim:claim_rec_src_search_4e6c9d96071d_001_observation,claim,claim_comparison:claim_cmp_034,claim_comparison,
compared_with,matched provenance identifier,claim:claim_rec_src_search_2eb1c67db46f_001_deaths,claim,claim_comparison:claim_cmp_034,claim_comparison,
compared_with,matched provenance identifier,claim:claim_rec_src_search_4e6c9d96071d_001_observation,claim,claim_comparison:claim_cmp_035,claim_comparison,
compared_with,matched provenance identifier,claim:claim_rec_src_search_2eb1c67db46f_002_cases_confirmed,claim,claim_comparison:claim_cmp_035,claim_comparison,
compared_with,matched provenance identifier,claim:claim_rec_src_search_4e6c9d96071d_001_observation,claim,claim_comparison:claim_cmp_036,claim_comparison,
compared_with,matched provenance identifier,claim:claim_rec_src_search_2eb1c67db46f_002_cases_suspected,claim,claim_comparison:claim_cmp_036,claim_comparison,
compared_with,matched provenance identifier,claim:claim_rec_src_search_4e6c9d96071d_001_observation,claim,claim_comparison:claim_cmp_037,claim_comparison,
compared_with,matched provenance identifier,claim:claim_rec_src_search_2eb1c67db46f_002_deaths,claim,claim_comparison:claim_cmp_037,claim_comparison,
compared_with,matched provenance identifier,claim:claim_rec_src_search_4e6c9d96071d_001_observation,claim,claim_comparison:claim_cmp_038,claim_comparison,
compared_with,matched provenance identifier,claim:claim_rec_src_search_86d6f702e073_001_observation,claim,claim_comparison:claim_cmp_038,claim_comparison,
compared_with,matched provenance identifier,claim:claim_rec_src_search_4e6c9d96071d_001_observation,claim,claim_comparison:claim_cmp_039,claim_comparison,
compared_with,matched provenance identifier,claim:claim_rec_src_search_86d6f702e073_002_observation,claim,claim_comparison:claim_cmp_039,claim_comparison,
compared_with,matched provenance identifier,claim:claim_rec_src_search_4e6c9d96071d_001_observation,claim,claim_comparison:claim_cmp_040,claim_comparison,
compared_with,matched provenance identifier,claim:claim_rec_src_search_df7c57966665_002_cases_unspecified,claim,claim_comparison:claim_cmp_040,claim_comparison,
compared_with,matched provenance identifier,claim:claim_rec_src_search_4e6c9d96071d_001_observation,claim,claim_comparison:claim_cmp_041,claim_comparison,
compared_with,matched provenance identifier,claim:claim_rec_src_search_df7c57966665_002_deaths,claim,claim_comparison:claim_cmp_041,claim_comparison,
compared_with,matched provenance identifier,claim:claim_rec_src_search_4e6c9d96071d_001_observation,claim,claim_comparison:claim_cmp_042,claim_comparison,
compared_with,matched provenance identifier,claim:claim_rec_src_search_df7c57966665_003_cases_unspecified,claim,claim_comparison:claim_cmp_042,claim_comparison,
compared_with,matched provenance identifier,claim:claim_rec_src_search_4e6c9d96071d_001_observation,claim,claim_comparison:claim_cmp_043,claim_comparison,
compared_with,matched provenance identifier,claim:claim_rec_src_search_6dae7aeadbda_001_cases_probable,claim,claim_comparison:claim_cmp_043,claim_comparison,
compared_with,matched provenance identifier,claim:claim_rec_src_search_4e6c9d96071d_001_observation,claim,claim_comparison:claim_cmp_044,claim_comparison,
compared_with,matched provenance identifier,claim:claim_rec_src_search_6dae7aeadbda_002_deaths,claim,claim_comparison:claim_cmp_044,claim_comparison,
compared_with,matched provenance identifier,claim:claim_rec_src_search_4e6c9d96071d_001_observation,claim,claim_comparison:claim_cmp_045,claim_comparison,
compared_with,matched provenance identifier,claim:claim_rec_src_search_6dae7aeadbda_003_cases_unspecified,claim,claim_comparison:claim_cmp_045,claim_comparison,
compared_with,matched provenance identifier,claim:claim_rec_src_search_5fd7d33501e8_001_cases_suspected,claim,claim_comparison:claim_cmp_046,claim_comparison,
compared_with,matched provenance identifier,claim:claim_rec_src_search_5fd7d33501e8_001_deaths,claim,claim_comparison:claim_cmp_046,claim_comparison,
compared_with,matched provenance identifier,claim:claim_rec_src_search_5fd7d33501e8_001_cases_suspected,claim,claim_comparison:claim_cmp_047,claim_comparison,
compared_with,matched provenance identifier,claim:claim_rec_src_search_5fd7d33501e8_002_cases_unspecified,claim,claim_comparison:claim_cmp_047,claim_comparison,
compared_with,matched provenance identifier,claim:claim_rec_src_search_5fd7d33501e8_001_cases_suspected,claim,claim_comparison:claim_cmp_048,claim_comparison,
compared_with,matched provenance identifier,claim:claim_rec_src_search_5fd7d33501e8_003_observation,claim,claim_comparison:claim_cmp_048,claim_comparison,
compared_with,matched provenance identifier,claim:claim_rec_src_search_5fd7d33501e8_001_cases_suspected,claim,claim_comparison:claim_cmp_049,claim_comparison,
compared_with,matched provenance identifier,claim:claim_rec_src_search_9baddae323c5_001_cases_suspected,claim,claim_comparison:claim_cmp_049,claim_comparison,
compared_with,matched provenance identifier,claim:claim_rec_src_search_5fd7d33501e8_001_cases_suspected,claim,claim_comparison:claim_cmp_050,claim_comparison,
compared_with,matched provenance identifier,claim:claim_rec_src_search_9baddae323c5_002_cases_probable,claim,claim_comparison:claim_cmp_050,claim_comparison,
compared_with,matched provenance identifier,claim:claim_rec_src_search_5fd7d33501e8_001_cases_suspected,claim,claim_comparison:claim_cmp_051,claim_comparison,
compared_with,matched provenance identifier,claim:claim_rec_src_search_9baddae323c5_003_cases_probable,claim,claim_comparison:claim_cmp_051,claim_comparison,
compared_with,matched provenance identifier,claim:claim_rec_src_search_5fd7d33501e8_001_cases_suspected,claim,claim_comparison:claim_cmp_052,claim_comparison,
compared_with,matched provenance identifier,claim:claim_rec_src_search_9baddae323c5_004_cases_probable,claim,claim_comparison:claim_cmp_052,claim_comparison,
compared_with,matched provenance identifier,claim:claim_rec_src_search_5fd7d33501e8_001_cases_suspected,claim,claim_comparison:claim_cmp_053,claim_comparison,
compared_with,matched provenance identifier,claim:claim_rec_src_search_2eb1c67db46f_001_cases_confirmed,claim,claim_comparison:claim_cmp_053,claim_comparison,
compared_with,matched provenance identifier,claim:claim_rec_src_search_5fd7d33501e8_001_cases_suspected,claim,claim_comparison:claim_cmp_054,claim_comparison,
compared_with,matched provenance identifier,claim:claim_rec_src_search_2eb1c67db46f_001_cases_suspected,claim,claim_comparison:claim_cmp_054,claim_comparison,
compared_with,matched provenance identifier,claim:claim_rec_src_search_5fd7d33501e8_001_cases_suspected,claim,claim_comparison:claim_cmp_055,claim_comparison,
compared_with,matched provenance identifier,claim:claim_rec_src_search_2eb1c67db46f_001_deaths,claim,claim_comparison:claim_cmp_055,claim_comparison,
compared_with,matched provenance identifier,claim:claim_rec_src_search_5fd7d33501e8_001_cases_suspected,claim,claim_comparison:claim_cmp_056,claim_comparison,
compared_with,matched provenance identifier,claim:claim_rec_src_search_2eb1c67db46f_002_cases_confirmed,claim,claim_comparison:claim_cmp_056,claim_comparison,
compared_with,matched provenance identifier,claim:claim_rec_src_search_5fd7d33501e8_001_cases_suspected,claim,claim_comparison:claim_cmp_057,claim_comparison,
compared_with,matched provenance identifier,claim:claim_rec_src_search_2eb1c67db46f_002_cases_suspected,claim,claim_comparison:claim_cmp_057,claim_comparison,
compared_with,matched provenance identifier,claim:claim_rec_src_search_5fd7d33501e8_001_cases_suspected,claim,claim_comparison:claim_cmp_058,claim_comparison,
compared_with,matched provenance identifier,claim:claim_rec_src_search_2eb1c67db46f_002_deaths,claim,claim_comparison:claim_cmp_058,claim_comparison,
compared_with,matched provenance identifier,claim:claim_rec_src_search_5fd7d33501e8_001_cases_suspected,claim,claim_comparison:claim_cmp_059,claim_comparison,
compared_with,matched provenance identifier,claim:claim_rec_src_search_86d6f702e073_001_observation,claim,claim_comparison:claim_cmp_059,claim_comparison,
compared_with,matched provenance identifier,claim:claim_rec_src_search_5fd7d33501e8_001_cases_suspected,claim,claim_comparison:claim_cmp_060,claim_comparison,
compared_with,matched provenance identifier,claim:claim_rec_src_search_86d6f702e073_002_observation,claim,claim_comparison:claim_cmp_060,claim_comparison,
compared_with,matched provenance identifier,claim:claim_rec_src_search_5fd7d33501e8_001_cases_suspected,claim,claim_comparison:claim_cmp_061,claim_comparison,
compared_with,matched provenance identifier,claim:claim_rec_src_search_df7c57966665_002_cases_unspecified,claim,claim_comparison:claim_cmp_061,claim_comparison,
compared_with,matched provenance identifier,claim:claim_rec_src_search_5fd7d33501e8_001_cases_suspected,claim,claim_comparison:claim_cmp_062,claim_comparison,
compared_with,matched provenance identifier,claim:claim_rec_src_search_df7c57966665_002_deaths,claim,claim_comparison:claim_cmp_062,claim_comparison,
compared_with,matched provenance identifier,claim:claim_rec_src_search_5fd7d33501e8_001_cases_suspected,claim,claim_comparison:claim_cmp_063,claim_comparison,
compared_with,matched provenance identifier,claim:claim_rec_src_search_df7c57966665_003_cases_unspecified,claim,claim_comparison:claim_cmp_063,claim_comparison,
compared_with,matched provenance identifier,claim:claim_rec_src_search_5fd7d33501e8_001_cases_suspected,claim,claim_comparison:claim_cmp_064,claim_comparison,
compared_with,matched provenance identifier,claim:claim_rec_src_search_6dae7aeadbda_001_cases_probable,claim,claim_comparison:claim_cmp_064,claim_comparison,
compared_with,matched provenance identifier,claim:claim_rec_src_search_5fd7d33501e8_001_cases_suspected,claim,claim_comparison:claim_cmp_065,claim_comparison,
compared_with,matched provenance identifier,claim:claim_rec_src_search_6dae7aeadbda_002_deaths,claim,claim_comparison:claim_cmp_065,claim_comparison,
compared_with,matched provenance identifier,claim:claim_rec_src_search_5fd7d33501e8_001_cases_suspected,claim,claim_comparison:claim_cmp_066,claim_comparison,
compared_with,matched provenance identifier,claim:claim_rec_src_search_6dae7aeadbda_003_cases_unspecified,claim,claim_comparison:claim_cmp_066,claim_comparison,
compared_with,matched provenance identifier,claim:claim_rec_src_search_5fd7d33501e8_001_deaths,claim,claim_comparison:claim_cmp_067,claim_comparison,
compared_with,matched provenance identifier,claim:claim_rec_src_search_5fd7d33501e8_002_cases_unspecified,claim,claim_comparison:claim_cmp_067,claim_comparison,
compared_with,matched provenance identifier,claim:claim_rec_src_search_5fd7d33501e8_001_deaths,claim,claim_comparison:claim_cmp_068,claim_comparison,
compared_with,matched provenance identifier,claim:claim_rec_src_search_5fd7d33501e8_003_observation,claim,claim_comparison:claim_cmp_068,claim_comparison,
compared_with,matched provenance identifier,claim:claim_rec_src_search_5fd7d33501e8_001_deaths,claim,claim_comparison:claim_cmp_069,claim_comparison,
compared_with,matched provenance identifier,claim:claim_rec_src_search_9baddae323c5_001_cases_suspected,claim,claim_comparison:claim_cmp_069,claim_comparison,
compared_with,matched provenance identifier,claim:claim_rec_src_search_5fd7d33501e8_001_deaths,claim,claim_comparison:claim_cmp_070,claim_comparison,
compared_with,matched provenance identifier,claim:claim_rec_src_search_9baddae323c5_002_cases_probable,claim,claim_comparison:claim_cmp_070,claim_comparison,
compared_with,matched provenance identifier,claim:claim_rec_src_search_5fd7d33501e8_001_deaths,claim,claim_comparison:claim_cmp_071,claim_comparison,
compared_with,matched provenance identifier,claim:claim_rec_src_search_9baddae323c5_003_cases_probable,claim,claim_comparison:claim_cmp_071,claim_comparison,
compared_with,matched provenance identifier,claim:claim_rec_src_search_5fd7d33501e8_001_deaths,claim,claim_comparison:claim_cmp_072,claim_comparison,
compared_with,matched provenance identifier,claim:claim_rec_src_search_9baddae323c5_004_cases_probable,claim,claim_comparison:claim_cmp_072,claim_comparison,
compared_with,matched provenance identifier,claim:claim_rec_src_search_5fd7d33501e8_001_deaths,claim,claim_comparison:claim_cmp_073,claim_comparison,
compared_with,matched provenance identifier,claim:claim_rec_src_search_2eb1c67db46f_001_cases_confirmed,claim,claim_comparison:claim_cmp_073,claim_comparison,
compared_with,matched provenance identifier,claim:claim_rec_src_search_5fd7d33501e8_001_deaths,claim,claim_comparison:claim_cmp_074,claim_comparison,
compared_with,matched provenance identifier,claim:claim_rec_src_search_2eb1c67db46f_001_cases_suspected,claim,claim_comparison:claim_cmp_074,claim_comparison,
compared_with,matched provenance identifier,claim:claim_rec_src_search_5fd7d33501e8_001_deaths,claim,claim_comparison:claim_cmp_075,claim_comparison,
compared_with,matched provenance identifier,claim:claim_rec_src_search_2eb1c67db46f_001_deaths,claim,claim_comparison:claim_cmp_075,claim_comparison,
compared_with,matched provenance identifier,claim:claim_rec_src_search_5fd7d33501e8_001_deaths,claim,claim_comparison:claim_cmp_076,claim_comparison,
compared_with,matched provenance identifier,claim:claim_rec_src_search_2eb1c67db46f_002_cases_confirmed,claim,claim_comparison:claim_cmp_076,claim_comparison,
compared_with,matched provenance identifier,claim:claim_rec_src_search_5fd7d33501e8_001_deaths,claim,claim_comparison:claim_cmp_077,claim_comparison,
compared_with,matched provenance identifier,claim:claim_rec_src_search_2eb1c67db46f_002_cases_suspected,claim,claim_comparison:claim_cmp_077,claim_comparison,
compared_with,matched provenance identifier,claim:claim_rec_src_search_5fd7d33501e8_001_deaths,claim,claim_comparison:claim_cmp_078,claim_comparison,
compared_with,matched provenance identifier,claim:claim_rec_src_search_2eb1c67db46f_002_deaths,claim,claim_comparison:claim_cmp_078,claim_comparison,
compared_with,matched provenance identifier,claim:claim_rec_src_search_5fd7d33501e8_001_deaths,claim,claim_comparison:claim_cmp_079,claim_comparison,
compared_with,matched provenance identifier,claim:claim_rec_src_search_86d6f702e073_001_observation,claim,claim_comparison:claim_cmp_079,claim_comparison,
compared_with,matched provenance identifier,claim:claim_rec_src_search_5fd7d33501e8_001_deaths,claim,claim_comparison:claim_cmp_080,claim_comparison,
compared_with,matched provenance identifier,claim:claim_rec_src_search_86d6f702e073_002_observation,claim,claim_comparison:claim_cmp_080,claim_comparison,
compared_with,matched provenance identifier,claim:claim_rec_src_search_5fd7d33501e8_001_deaths,claim,claim_comparison:claim_cmp_081,claim_comparison,
compared_with,matched provenance identifier,claim:claim_rec_src_search_df7c57966665_002_cases_unspecified,claim,claim_comparison:claim_cmp_081,claim_comparison,
compared_with,matched provenance identifier,claim:claim_rec_src_search_5fd7d33501e8_001_deaths,claim,claim_comparison:claim_cmp_082,claim_comparison,
compared_with,matched provenance identifier,claim:claim_rec_src_search_df7c57966665_002_deaths,claim,claim_comparison:claim_cmp_082,claim_comparison,
compared_with,matched provenance identifier,claim:claim_rec_src_search_5fd7d33501e8_001_deaths,claim,claim_comparison:claim_cmp_083,claim_comparison,
compared_with,matched provenance identifier,claim:claim_rec_src_search_df7c57966665_003_cases_unspecified,claim,claim_comparison:claim_cmp_083,claim_comparison,
compared_with,matched provenance identifier,claim:claim_rec_src_search_5fd7d33501e8_001_deaths,claim,claim_comparison:claim_cmp_084,claim_comparison,
compared_with,matched provenance identifier,claim:claim_rec_src_search_6dae7aeadbda_001_cases_probable,claim,claim_comparison:claim_cmp_084,claim_comparison,
compared_with,matched provenance identifier,claim:claim_rec_src_search_5fd7d33501e8_001_deaths,claim,claim_comparison:claim_cmp_085,claim_comparison,
compared_with,matched provenance identifier,claim:claim_rec_src_search_6dae7aeadbda_002_deaths,claim,claim_comparison:claim_cmp_085,claim_comparison,
compared_with,matched provenance identifier,claim:claim_rec_src_search_5fd7d33501e8_001_deaths,claim,claim_comparison:claim_cmp_086,claim_comparison,
compared_with,matched provenance identifier,claim:claim_rec_src_search_6dae7aeadbda_003_cases_unspecified,claim,claim_comparison:claim_cmp_086,claim_comparison,
compared_with,matched provenance identifier,claim:claim_rec_src_search_5fd7d33501e8_002_cases_unspecified,claim,claim_comparison:claim_cmp_087,claim_comparison,
compared_with,matched provenance identifier,claim:claim_rec_src_search_5fd7d33501e8_003_observation,claim,claim_comparison:claim_cmp_087,claim_comparison,
compared_with,matched provenance identifier,claim:claim_rec_src_search_5fd7d33501e8_002_cases_unspecified,claim,claim_comparison:claim_cmp_088,claim_comparison,
compared_with,matched provenance identifier,claim:claim_rec_src_search_9baddae323c5_001_cases_suspected,claim,claim_comparison:claim_cmp_088,claim_comparison,
compared_with,matched provenance identifier,claim:claim_rec_src_search_5fd7d33501e8_002_cases_unspecified,claim,claim_comparison:claim_cmp_089,claim_comparison,
compared_with,matched provenance identifier,claim:claim_rec_src_search_9baddae323c5_002_cases_probable,claim,claim_comparison:claim_cmp_089,claim_comparison,
compared_with,matched provenance identifier,claim:claim_rec_src_search_5fd7d33501e8_002_cases_unspecified,claim,claim_comparison:claim_cmp_090,claim_comparison,
compared_with,matched provenance identifier,claim:claim_rec_src_search_9baddae323c5_003_cases_probable,claim,claim_comparison:claim_cmp_090,claim_comparison,
compared_with,matched provenance identifier,claim:claim_rec_src_search_5fd7d33501e8_002_cases_unspecified,claim,claim_comparison:claim_cmp_091,claim_comparison,
compared_with,matched provenance identifier,claim:claim_rec_src_search_9baddae323c5_004_cases_probable,claim,claim_comparison:claim_cmp_091,claim_comparison,
compared_with,matched provenance identifier,claim:claim_rec_src_search_5fd7d33501e8_002_cases_unspecified,claim,claim_comparison:claim_cmp_092,claim_comparison,
compared_with,matched provenance identifier,claim:claim_rec_src_search_2eb1c67db46f_001_cases_confirmed,claim,claim_comparison:claim_cmp_092,claim_comparison,
compared_with,matched provenance identifier,claim:claim_rec_src_search_5fd7d33501e8_002_cases_unspecified,claim,claim_comparison:claim_cmp_093,claim_comparison,
compared_with,matched provenance identifier,claim:claim_rec_src_search_2eb1c67db46f_001_cases_suspected,claim,claim_comparison:claim_cmp_093,claim_comparison,
compared_with,matched provenance identifier,claim:claim_rec_src_search_5fd7d33501e8_002_cases_unspecified,claim,claim_comparison:claim_cmp_094,claim_comparison,
compared_with,matched provenance identifier,claim:claim_rec_src_search_2eb1c67db46f_001_deaths,claim,claim_comparison:claim_cmp_094,claim_comparison,
compared_with,matched provenance identifier,claim:claim_rec_src_search_5fd7d33501e8_002_cases_unspecified,claim,claim_comparison:claim_cmp_095,claim_comparison,
compared_with,matched provenance identifier,claim:claim_rec_src_search_2eb1c67db46f_002_cases_confirmed,claim,claim_comparison:claim_cmp_095,claim_comparison,
compared_with,matched provenance identifier,claim:claim_rec_src_search_5fd7d33501e8_002_cases_unspecified,claim,claim_comparison:claim_cmp_096,claim_comparison,
compared_with,matched provenance identifier,claim:claim_rec_src_search_2eb1c67db46f_002_cases_suspected,claim,claim_comparison:claim_cmp_096,claim_comparison,
compared_with,matched provenance identifier,claim:claim_rec_src_search_5fd7d33501e8_002_cases_unspecified,claim,claim_comparison:claim_cmp_097,claim_comparison,
compared_with,matched provenance identifier,claim:claim_rec_src_search_2eb1c67db46f_002_deaths,claim,claim_comparison:claim_cmp_097,claim_comparison,
compared_with,matched provenance identifier,claim:claim_rec_src_search_5fd7d33501e8_002_cases_unspecified,claim,claim_comparison:claim_cmp_098,claim_comparison,
compared_with,matched provenance identifier,claim:claim_rec_src_search_86d6f702e073_001_observation,claim,claim_comparison:claim_cmp_098,claim_comparison,
compared_with,matched provenance identifier,claim:claim_rec_src_search_5fd7d33501e8_002_cases_unspecified,claim,claim_comparison:claim_cmp_099,claim_comparison,
compared_with,matched provenance identifier,claim:claim_rec_src_search_86d6f702e073_002_observation,claim,claim_comparison:claim_cmp_099,claim_comparison,
compared_with,matched provenance identifier,claim:claim_rec_src_search_5fd7d33501e8_002_cases_unspecified,claim,claim_comparison:claim_cmp_100,claim_comparison,
compared_with,matched provenance identifier,claim:claim_rec_src_search_df7c57966665_002_cases_unspecified,claim,claim_comparison:claim_cmp_100,claim_comparison,
compared_with,matched provenance identifier,claim:claim_rec_src_search_5fd7d33501e8_002_cases_unspecified,claim,claim_comparison:claim_cmp_101,claim_comparison,
compared_with,matched provenance identifier,claim:claim_rec_src_search_df7c57966665_002_deaths,claim,claim_comparison:claim_cmp_101,claim_comparison,
compared_with,matched provenance identifier,claim:claim_rec_src_search_5fd7d33501e8_002_cases_unspecified,claim,claim_comparison:claim_cmp_102,claim_comparison,
compared_with,matched provenance identifier,claim:claim_rec_src_search_df7c57966665_003_cases_unspecified,claim,claim_comparison:claim_cmp_102,claim_comparison,
compared_with,matched provenance identifier,claim:claim_rec_src_search_5fd7d33501e8_002_cases_unspecified,claim,claim_comparison:claim_cmp_103,claim_comparison,
compared_with,matched provenance identifier,claim:claim_rec_src_search_6dae7aeadbda_001_cases_probable,claim,claim_comparison:claim_cmp_103,claim_comparison,
compared_with,matched provenance identifier,claim:claim_rec_src_search_5fd7d33501e8_002_cases_unspecified,claim,claim_comparison:claim_cmp_104,claim_comparison,
compared_with,matched provenance identifier,claim:claim_rec_src_search_6dae7aeadbda_002_deaths,claim,claim_comparison:claim_cmp_104,claim_comparison,
compared_with,matched provenance identifier,claim:claim_rec_src_search_5fd7d33501e8_002_cases_unspecified,claim,claim_comparison:claim_cmp_105,claim_comparison,
compared_with,matched provenance identifier,claim:claim_rec_src_search_6dae7aeadbda_003_cases_unspecified,claim,claim_comparison:claim_cmp_105,claim_comparison,
compared_with,matched provenance identifier,claim:claim_rec_src_search_5fd7d33501e8_003_observation,claim,claim_comparison:claim_cmp_106,claim_comparison,
compared_with,matched provenance identifier,claim:claim_rec_src_search_9baddae323c5_001_cases_suspected,claim,claim_comparison:claim_cmp_106,claim_comparison,
compared_with,matched provenance identifier,claim:claim_rec_src_search_5fd7d33501e8_003_observation,claim,claim_comparison:claim_cmp_107,claim_comparison,
compared_with,matched provenance identifier,claim:claim_rec_src_search_9baddae323c5_002_cases_probable,claim,claim_comparison:claim_cmp_107,claim_comparison,
compared_with,matched provenance identifier,claim:claim_rec_src_search_5fd7d33501e8_003_observation,claim,claim_comparison:claim_cmp_108,claim_comparison,
compared_with,matched provenance identifier,claim:claim_rec_src_search_9baddae323c5_003_cases_probable,claim,claim_comparison:claim_cmp_108,claim_comparison,
compared_with,matched provenance identifier,claim:claim_rec_src_search_5fd7d33501e8_003_observation,claim,claim_comparison:claim_cmp_109,claim_comparison,
compared_with,matched provenance identifier,claim:claim_rec_src_search_9baddae323c5_004_cases_probable,claim,claim_comparison:claim_cmp_109,claim_comparison,
compared_with,matched provenance identifier,claim:claim_rec_src_search_5fd7d33501e8_003_observation,claim,claim_comparison:claim_cmp_110,claim_comparison,
compared_with,matched provenance identifier,claim:claim_rec_src_search_2eb1c67db46f_001_cases_confirmed,claim,claim_comparison:claim_cmp_110,claim_comparison,
compared_with,matched provenance identifier,claim:claim_rec_src_search_5fd7d33501e8_003_observation,claim,claim_comparison:claim_cmp_111,claim_comparison,
compared_with,matched provenance identifier,claim:claim_rec_src_search_2eb1c67db46f_001_cases_suspected,claim,claim_comparison:claim_cmp_111,claim_comparison,
compared_with,matched provenance identifier,claim:claim_rec_src_search_5fd7d33501e8_003_observation,claim,claim_comparison:claim_cmp_112,claim_comparison,
compared_with,matched provenance identifier,claim:claim_rec_src_search_2eb1c67db46f_001_deaths,claim,claim_comparison:claim_cmp_112,claim_comparison,
compared_with,matched provenance identifier,claim:claim_rec_src_search_5fd7d33501e8_003_observation,claim,claim_comparison:claim_cmp_113,claim_comparison,
compared_with,matched provenance identifier,claim:claim_rec_src_search_2eb1c67db46f_002_cases_confirmed,claim,claim_comparison:claim_cmp_113,claim_comparison,
compared_with,matched provenance identifier,claim:claim_rec_src_search_5fd7d33501e8_003_observation,claim,claim_comparison:claim_cmp_114,claim_comparison,
compared_with,matched provenance identifier,claim:claim_rec_src_search_2eb1c67db46f_002_cases_suspected,claim,claim_comparison:claim_cmp_114,claim_comparison,
compared_with,matched provenance identifier,claim:claim_rec_src_search_5fd7d33501e8_003_observation,claim,claim_comparison:claim_cmp_115,claim_comparison,
compared_with,matched provenance identifier,claim:claim_rec_src_search_2eb1c67db46f_002_deaths,claim,claim_comparison:claim_cmp_115,claim_comparison,
compared_with,matched provenance identifier,claim:claim_rec_src_search_5fd7d33501e8_003_observation,claim,claim_comparison:claim_cmp_116,claim_comparison,
compared_with,matched provenance identifier,claim:claim_rec_src_search_86d6f702e073_001_observation,claim,claim_comparison:claim_cmp_116,claim_comparison,
compared_with,matched provenance identifier,claim:claim_rec_src_search_5fd7d33501e8_003_observation,claim,claim_comparison:claim_cmp_117,claim_comparison,
compared_with,matched provenance identifier,claim:claim_rec_src_search_86d6f702e073_002_observation,claim,claim_comparison:claim_cmp_117,claim_comparison,
compared_with,matched provenance identifier,claim:claim_rec_src_search_5fd7d33501e8_003_observation,claim,claim_comparison:claim_cmp_118,claim_comparison,
compared_with,matched provenance identifier,claim:claim_rec_src_search_df7c57966665_002_cases_unspecified,claim,claim_comparison:claim_cmp_118,claim_comparison,
compared_with,matched provenance identifier,claim:claim_rec_src_search_5fd7d33501e8_003_observation,claim,claim_comparison:claim_cmp_119,claim_comparison,
compared_with,matched provenance identifier,claim:claim_rec_src_search_df7c57966665_002_deaths,claim,claim_comparison:claim_cmp_119,claim_comparison,
compared_with,matched provenance identifier,claim:claim_rec_src_search_5fd7d33501e8_003_observation,claim,claim_comparison:claim_cmp_120,claim_comparison,
compared_with,matched provenance identifier,claim:claim_rec_src_search_df7c57966665_003_cases_unspecified,claim,claim_comparison:claim_cmp_120,claim_comparison,
compared_with,matched provenance identifier,claim:claim_rec_src_search_5fd7d33501e8_003_observation,claim,claim_comparison:claim_cmp_121,claim_comparison,
compared_with,matched provenance identifier,claim:claim_rec_src_search_6dae7aeadbda_001_cases_probable,claim,claim_comparison:claim_cmp_121,claim_comparison,
compared_with,matched provenance identifier,claim:claim_rec_src_search_5fd7d33501e8_003_observation,claim,claim_comparison:claim_cmp_122,claim_comparison,
compared_with,matched provenance identifier,claim:claim_rec_src_search_6dae7aeadbda_002_deaths,claim,claim_comparison:claim_cmp_122,claim_comparison,
compared_with,matched provenance identifier,claim:claim_rec_src_search_5fd7d33501e8_003_observation,claim,claim_comparison:claim_cmp_123,claim_comparison,
compared_with,matched provenance identifier,claim:claim_rec_src_search_6dae7aeadbda_003_cases_unspecified,claim,claim_comparison:claim_cmp_123,claim_comparison,
compared_with,matched provenance identifier,claim:claim_rec_src_search_9baddae323c5_001_cases_suspected,claim,claim_comparison:claim_cmp_124,claim_comparison,
compared_with,matched provenance identifier,claim:claim_rec_src_search_9baddae323c5_002_cases_probable,claim,claim_comparison:claim_cmp_124,claim_comparison,
compared_with,matched provenance identifier,claim:claim_rec_src_search_9baddae323c5_001_cases_suspected,claim,claim_comparison:claim_cmp_125,claim_comparison,
compared_with,matched provenance identifier,claim:claim_rec_src_search_9baddae323c5_003_cases_probable,claim,claim_comparison:claim_cmp_125,claim_comparison,
compared_with,matched provenance identifier,claim:claim_rec_src_search_9baddae323c5_001_cases_suspected,claim,claim_comparison:claim_cmp_126,claim_comparison,
compared_with,matched provenance identifier,claim:claim_rec_src_search_9baddae323c5_004_cases_probable,claim,claim_comparison:claim_cmp_126,claim_comparison,
compared_with,matched provenance identifier,claim:claim_rec_src_search_9baddae323c5_001_cases_suspected,claim,claim_comparison:claim_cmp_127,claim_comparison,
compared_with,matched provenance identifier,claim:claim_rec_src_search_2eb1c67db46f_001_cases_confirmed,claim,claim_comparison:claim_cmp_127,claim_comparison,
compared_with,matched provenance identifier,claim:claim_rec_src_search_9baddae323c5_001_cases_suspected,claim,claim_comparison:claim_cmp_128,claim_comparison,
compared_with,matched provenance identifier,claim:claim_rec_src_search_2eb1c67db46f_001_cases_suspected,claim,claim_comparison:claim_cmp_128,claim_comparison,
compared_with,matched provenance identifier,claim:claim_rec_src_search_9baddae323c5_001_cases_suspected,claim,claim_comparison:claim_cmp_129,claim_comparison,
compared_with,matched provenance identifier,claim:claim_rec_src_search_2eb1c67db46f_001_deaths,claim,claim_comparison:claim_cmp_129,claim_comparison,
compared_with,matched provenance identifier,claim:claim_rec_src_search_9baddae323c5_001_cases_suspected,claim,claim_comparison:claim_cmp_130,claim_comparison,
compared_with,matched provenance identifier,claim:claim_rec_src_search_2eb1c67db46f_002_cases_confirmed,claim,claim_comparison:claim_cmp_130,claim_comparison,
compared_with,matched provenance identifier,claim:claim_rec_src_search_9baddae323c5_001_cases_suspected,claim,claim_comparison:claim_cmp_131,claim_comparison,
compared_with,matched provenance identifier,claim:claim_rec_src_search_2eb1c67db46f_002_cases_suspected,claim,claim_comparison:claim_cmp_131,claim_comparison,
compared_with,matched provenance identifier,claim:claim_rec_src_search_9baddae323c5_001_cases_suspected,claim,claim_comparison:claim_cmp_132,claim_comparison,
compared_with,matched provenance identifier,claim:claim_rec_src_search_2eb1c67db46f_002_deaths,claim,claim_comparison:claim_cmp_132,claim_comparison,
compared_with,matched provenance identifier,claim:claim_rec_src_search_9baddae323c5_001_cases_suspected,claim,claim_comparison:claim_cmp_133,claim_comparison,
compared_with,matched provenance identifier,claim:claim_rec_src_search_86d6f702e073_001_observation,claim,claim_comparison:claim_cmp_133,claim_comparison,
compared_with,matched provenance identifier,claim:claim_rec_src_search_9baddae323c5_001_cases_suspected,claim,claim_comparison:claim_cmp_134,claim_comparison,
compared_with,matched provenance identifier,claim:claim_rec_src_search_86d6f702e073_002_observation,claim,claim_comparison:claim_cmp_134,claim_comparison,
compared_with,matched provenance identifier,claim:claim_rec_src_search_9baddae323c5_001_cases_suspected,claim,claim_comparison:claim_cmp_135,claim_comparison,
compared_with,matched provenance identifier,claim:claim_rec_src_search_df7c57966665_002_cases_unspecified,claim,claim_comparison:claim_cmp_135,claim_comparison,
compared_with,matched provenance identifier,claim:claim_rec_src_search_9baddae323c5_001_cases_suspected,claim,claim_comparison:claim_cmp_136,claim_comparison,
compared_with,matched provenance identifier,claim:claim_rec_src_search_df7c57966665_002_deaths,claim,claim_comparison:claim_cmp_136,claim_comparison,
compared_with,matched provenance identifier,claim:claim_rec_src_search_9baddae323c5_001_cases_suspected,claim,claim_comparison:claim_cmp_137,claim_comparison,
compared_with,matched provenance identifier,claim:claim_rec_src_search_df7c57966665_003_cases_unspecified,claim,claim_comparison:claim_cmp_137,claim_comparison,
compared_with,matched provenance identifier,claim:claim_rec_src_search_9baddae323c5_001_cases_suspected,claim,claim_comparison:claim_cmp_138,claim_comparison,
compared_with,matched provenance identifier,claim:claim_rec_src_search_6dae7aeadbda_001_cases_probable,claim,claim_comparison:claim_cmp_138,claim_comparison,
compared_with,matched provenance identifier,claim:claim_rec_src_search_9baddae323c5_001_cases_suspected,claim,claim_comparison:claim_cmp_139,claim_comparison,
compared_with,matched provenance identifier,claim:claim_rec_src_search_6dae7aeadbda_002_deaths,claim,claim_comparison:claim_cmp_139,claim_comparison,
compared_with,matched provenance identifier,claim:claim_rec_src_search_9baddae323c5_001_cases_suspected,claim,claim_comparison:claim_cmp_140,claim_comparison,
compared_with,matched provenance identifier,claim:claim_rec_src_search_6dae7aeadbda_003_cases_unspecified,claim,claim_comparison:claim_cmp_140,claim_comparison,
compared_with,matched provenance identifier,claim:claim_rec_src_search_9baddae323c5_002_cases_probable,claim,claim_comparison:claim_cmp_141,claim_comparison,
compared_with,matched provenance identifier,claim:claim_rec_src_search_9baddae323c5_003_cases_probable,claim,claim_comparison:claim_cmp_141,claim_comparison,
compared_with,matched provenance identifier,claim:claim_rec_src_search_9baddae323c5_002_cases_probable,claim,claim_comparison:claim_cmp_142,claim_comparison,
compared_with,matched provenance identifier,claim:claim_rec_src_search_9baddae323c5_004_cases_probable,claim,claim_comparison:claim_cmp_142,claim_comparison,
compared_with,matched provenance identifier,claim:claim_rec_src_search_9baddae323c5_002_cases_probable,claim,claim_comparison:claim_cmp_143,claim_comparison,
compared_with,matched provenance identifier,claim:claim_rec_src_search_2eb1c67db46f_001_cases_confirmed,claim,claim_comparison:claim_cmp_143,claim_comparison,
compared_with,matched provenance identifier,claim:claim_rec_src_search_9baddae323c5_002_cases_probable,claim,claim_comparison:claim_cmp_144,claim_comparison,
compared_with,matched provenance identifier,claim:claim_rec_src_search_2eb1c67db46f_001_cases_suspected,claim,claim_comparison:claim_cmp_144,claim_comparison,
compared_with,matched provenance identifier,claim:claim_rec_src_search_9baddae323c5_002_cases_probable,claim,claim_comparison:claim_cmp_145,claim_comparison,
compared_with,matched provenance identifier,claim:claim_rec_src_search_2eb1c67db46f_001_deaths,claim,claim_comparison:claim_cmp_145,claim_comparison,
compared_with,matched provenance identifier,claim:claim_rec_src_search_9baddae323c5_002_cases_probable,claim,claim_comparison:claim_cmp_146,claim_comparison,
compared_with,matched provenance identifier,claim:claim_rec_src_search_2eb1c67db46f_002_cases_confirmed,claim,claim_comparison:claim_cmp_146,claim_comparison,
compared_with,matched provenance identifier,claim:claim_rec_src_search_9baddae323c5_002_cases_probable,claim,claim_comparison:claim_cmp_147,claim_comparison,
compared_with,matched provenance identifier,claim:claim_rec_src_search_2eb1c67db46f_002_cases_suspected,claim,claim_comparison:claim_cmp_147,claim_comparison,
compared_with,matched provenance identifier,claim:claim_rec_src_search_9baddae323c5_002_cases_probable,claim,claim_comparison:claim_cmp_148,claim_comparison,
compared_with,matched provenance identifier,claim:claim_rec_src_search_2eb1c67db46f_002_deaths,claim,claim_comparison:claim_cmp_148,claim_comparison,
compared_with,matched provenance identifier,claim:claim_rec_src_search_9baddae323c5_002_cases_probable,claim,claim_comparison:claim_cmp_149,claim_comparison,
compared_with,matched provenance identifier,claim:claim_rec_src_search_86d6f702e073_001_observation,claim,claim_comparison:claim_cmp_149,claim_comparison,
compared_with,matched provenance identifier,claim:claim_rec_src_search_9baddae323c5_002_cases_probable,claim,claim_comparison:claim_cmp_150,claim_comparison,
compared_with,matched provenance identifier,claim:claim_rec_src_search_86d6f702e073_002_observation,claim,claim_comparison:claim_cmp_150,claim_comparison,
compared_with,matched provenance identifier,claim:claim_rec_src_search_9baddae323c5_002_cases_probable,claim,claim_comparison:claim_cmp_151,claim_comparison,
compared_with,matched provenance identifier,claim:claim_rec_src_search_df7c57966665_002_cases_unspecified,claim,claim_comparison:claim_cmp_151,claim_comparison,
compared_with,matched provenance identifier,claim:claim_rec_src_search_9baddae323c5_002_cases_probable,claim,claim_comparison:claim_cmp_152,claim_comparison,
compared_with,matched provenance identifier,claim:claim_rec_src_search_df7c57966665_002_deaths,claim,claim_comparison:claim_cmp_152,claim_comparison,
compared_with,matched provenance identifier,claim:claim_rec_src_search_9baddae323c5_002_cases_probable,claim,claim_comparison:claim_cmp_153,claim_comparison,
compared_with,matched provenance identifier,claim:claim_rec_src_search_df7c57966665_003_cases_unspecified,claim,claim_comparison:claim_cmp_153,claim_comparison,
compared_with,matched provenance identifier,claim:claim_rec_src_search_9baddae323c5_002_cases_probable,claim,claim_comparison:claim_cmp_154,claim_comparison,
compared_with,matched provenance identifier,claim:claim_rec_src_search_6dae7aeadbda_001_cases_probable,claim,claim_comparison:claim_cmp_154,claim_comparison,
compared_with,matched provenance identifier,claim:claim_rec_src_search_9baddae323c5_002_cases_probable,claim,claim_comparison:claim_cmp_155,claim_comparison,
compared_with,matched provenance identifier,claim:claim_rec_src_search_6dae7aeadbda_002_deaths,claim,claim_comparison:claim_cmp_155,claim_comparison,
compared_with,matched provenance identifier,claim:claim_rec_src_search_9baddae323c5_002_cases_probable,claim,claim_comparison:claim_cmp_156,claim_comparison,
compared_with,matched provenance identifier,claim:claim_rec_src_search_6dae7aeadbda_003_cases_unspecified,claim,claim_comparison:claim_cmp_156,claim_comparison,
compared_with,matched provenance identifier,claim:claim_rec_src_search_9baddae323c5_003_cases_probable,claim,claim_comparison:claim_cmp_157,claim_comparison,
compared_with,matched provenance identifier,claim:claim_rec_src_search_9baddae323c5_004_cases_probable,claim,claim_comparison:claim_cmp_157,claim_comparison,
compared_with,matched provenance identifier,claim:claim_rec_src_search_9baddae323c5_003_cases_probable,claim,claim_comparison:claim_cmp_158,claim_comparison,
compared_with,matched provenance identifier,claim:claim_rec_src_search_2eb1c67db46f_001_cases_confirmed,claim,claim_comparison:claim_cmp_158,claim_comparison,
compared_with,matched provenance identifier,claim:claim_rec_src_search_9baddae323c5_003_cases_probable,claim,claim_comparison:claim_cmp_159,claim_comparison,
compared_with,matched provenance identifier,claim:claim_rec_src_search_2eb1c67db46f_001_cases_suspected,claim,claim_comparison:claim_cmp_159,claim_comparison,
compared_with,matched provenance identifier,claim:claim_rec_src_search_9baddae323c5_003_cases_probable,claim,claim_comparison:claim_cmp_160,claim_comparison,
compared_with,matched provenance identifier,claim:claim_rec_src_search_2eb1c67db46f_001_deaths,claim,claim_comparison:claim_cmp_160,claim_comparison,
compared_with,matched provenance identifier,claim:claim_rec_src_search_9baddae323c5_003_cases_probable,claim,claim_comparison:claim_cmp_161,claim_comparison,
compared_with,matched provenance identifier,claim:claim_rec_src_search_2eb1c67db46f_002_cases_confirmed,claim,claim_comparison:claim_cmp_161,claim_comparison,
compared_with,matched provenance identifier,claim:claim_rec_src_search_9baddae323c5_003_cases_probable,claim,claim_comparison:claim_cmp_162,claim_comparison,
compared_with,matched provenance identifier,claim:claim_rec_src_search_2eb1c67db46f_002_cases_suspected,claim,claim_comparison:claim_cmp_162,claim_comparison,
compared_with,matched provenance identifier,claim:claim_rec_src_search_9baddae323c5_003_cases_probable,claim,claim_comparison:claim_cmp_163,claim_comparison,
compared_with,matched provenance identifier,claim:claim_rec_src_search_2eb1c67db46f_002_deaths,claim,claim_comparison:claim_cmp_163,claim_comparison,
compared_with,matched provenance identifier,claim:claim_rec_src_search_9baddae323c5_003_cases_probable,claim,claim_comparison:claim_cmp_164,claim_comparison,
compared_with,matched provenance identifier,claim:claim_rec_src_search_86d6f702e073_001_observation,claim,claim_comparison:claim_cmp_164,claim_comparison,
compared_with,matched provenance identifier,claim:claim_rec_src_search_9baddae323c5_003_cases_probable,claim,claim_comparison:claim_cmp_165,claim_comparison,
compared_with,matched provenance identifier,claim:claim_rec_src_search_86d6f702e073_002_observation,claim,claim_comparison:claim_cmp_165,claim_comparison,
compared_with,matched provenance identifier,claim:claim_rec_src_search_9baddae323c5_003_cases_probable,claim,claim_comparison:claim_cmp_166,claim_comparison,
compared_with,matched provenance identifier,claim:claim_rec_src_search_df7c57966665_002_cases_unspecified,claim,claim_comparison:claim_cmp_166,claim_comparison,
compared_with,matched provenance identifier,claim:claim_rec_src_search_9baddae323c5_003_cases_probable,claim,claim_comparison:claim_cmp_167,claim_comparison,
compared_with,matched provenance identifier,claim:claim_rec_src_search_df7c57966665_002_deaths,claim,claim_comparison:claim_cmp_167,claim_comparison,
compared_with,matched provenance identifier,claim:claim_rec_src_search_9baddae323c5_003_cases_probable,claim,claim_comparison:claim_cmp_168,claim_comparison,
compared_with,matched provenance identifier,claim:claim_rec_src_search_df7c57966665_003_cases_unspecified,claim,claim_comparison:claim_cmp_168,claim_comparison,
compared_with,matched provenance identifier,claim:claim_rec_src_search_9baddae323c5_003_cases_probable,claim,claim_comparison:claim_cmp_169,claim_comparison,
compared_with,matched provenance identifier,claim:claim_rec_src_search_6dae7aeadbda_001_cases_probable,claim,claim_comparison:claim_cmp_169,claim_comparison,
compared_with,matched provenance identifier,claim:claim_rec_src_search_9baddae323c5_003_cases_probable,claim,claim_comparison:claim_cmp_170,claim_comparison,
compared_with,matched provenance identifier,claim:claim_rec_src_search_6dae7aeadbda_002_deaths,claim,claim_comparison:claim_cmp_170,claim_comparison,
compared_with,matched provenance identifier,claim:claim_rec_src_search_9baddae323c5_003_cases_probable,claim,claim_comparison:claim_cmp_171,claim_comparison,
compared_with,matched provenance identifier,claim:claim_rec_src_search_6dae7aeadbda_003_cases_unspecified,claim,claim_comparison:claim_cmp_171,claim_comparison,
compared_with,matched provenance identifier,claim:claim_rec_src_search_9baddae323c5_004_cases_probable,claim,claim_comparison:claim_cmp_172,claim_comparison,
compared_with,matched provenance identifier,claim:claim_rec_src_search_2eb1c67db46f_001_cases_confirmed,claim,claim_comparison:claim_cmp_172,claim_comparison,
compared_with,matched provenance identifier,claim:claim_rec_src_search_9baddae323c5_004_cases_probable,claim,claim_comparison:claim_cmp_173,claim_comparison,
compared_with,matched provenance identifier,claim:claim_rec_src_search_2eb1c67db46f_001_cases_suspected,claim,claim_comparison:claim_cmp_173,claim_comparison,
compared_with,matched provenance identifier,claim:claim_rec_src_search_9baddae323c5_004_cases_probable,claim,claim_comparison:claim_cmp_174,claim_comparison,
compared_with,matched provenance identifier,claim:claim_rec_src_search_2eb1c67db46f_001_deaths,claim,claim_comparison:claim_cmp_174,claim_comparison,
compared_with,matched provenance identifier,claim:claim_rec_src_search_9baddae323c5_004_cases_probable,claim,claim_comparison:claim_cmp_175,claim_comparison,
compared_with,matched provenance identifier,claim:claim_rec_src_search_2eb1c67db46f_002_cases_confirmed,claim,claim_comparison:claim_cmp_175,claim_comparison,
compared_with,matched provenance identifier,claim:claim_rec_src_search_9baddae323c5_004_cases_probable,claim,claim_comparison:claim_cmp_176,claim_comparison,
compared_with,matched provenance identifier,claim:claim_rec_src_search_2eb1c67db46f_002_cases_suspected,claim,claim_comparison:claim_cmp_176,claim_comparison,
compared_with,matched provenance identifier,claim:claim_rec_src_search_9baddae323c5_004_cases_probable,claim,claim_comparison:claim_cmp_177,claim_comparison,
compared_with,matched provenance identifier,claim:claim_rec_src_search_2eb1c67db46f_002_deaths,claim,claim_comparison:claim_cmp_177,claim_comparison,
compared_with,matched provenance identifier,claim:claim_rec_src_search_9baddae323c5_004_cases_probable,claim,claim_comparison:claim_cmp_178,claim_comparison,
compared_with,matched provenance identifier,claim:claim_rec_src_search_86d6f702e073_001_observation,claim,claim_comparison:claim_cmp_178,claim_comparison,
compared_with,matched provenance identifier,claim:claim_rec_src_search_9baddae323c5_004_cases_probable,claim,claim_comparison:claim_cmp_179,claim_comparison,
compared_with,matched provenance identifier,claim:claim_rec_src_search_86d6f702e073_002_observation,claim,claim_comparison:claim_cmp_179,claim_comparison,
compared_with,matched provenance identifier,claim:claim_rec_src_search_9baddae323c5_004_cases_probable,claim,claim_comparison:claim_cmp_180,claim_comparison,
compared_with,matched provenance identifier,claim:claim_rec_src_search_df7c57966665_002_cases_unspecified,claim,claim_comparison:claim_cmp_180,claim_comparison,
compared_with,matched provenance identifier,claim:claim_rec_src_search_9baddae323c5_004_cases_probable,claim,claim_comparison:claim_cmp_181,claim_comparison,
compared_with,matched provenance identifier,claim:claim_rec_src_search_df7c57966665_002_deaths,claim,claim_comparison:claim_cmp_181,claim_comparison,
compared_with,matched provenance identifier,claim:claim_rec_src_search_9baddae323c5_004_cases_probable,claim,claim_comparison:claim_cmp_182,claim_comparison,
compared_with,matched provenance identifier,claim:claim_rec_src_search_df7c57966665_003_cases_unspecified,claim,claim_comparison:claim_cmp_182,claim_comparison,
compared_with,matched provenance identifier,claim:claim_rec_src_search_9baddae323c5_004_cases_probable,claim,claim_comparison:claim_cmp_183,claim_comparison,
compared_with,matched provenance identifier,claim:claim_rec_src_search_6dae7aeadbda_001_cases_probable,claim,claim_comparison:claim_cmp_183,claim_comparison,
compared_with,matched provenance identifier,claim:claim_rec_src_search_9baddae323c5_004_cases_probable,claim,claim_comparison:claim_cmp_184,claim_comparison,
compared_with,matched provenance identifier,claim:claim_rec_src_search_6dae7aeadbda_002_deaths,claim,claim_comparison:claim_cmp_184,claim_comparison,
compared_with,matched provenance identifier,claim:claim_rec_src_search_9baddae323c5_004_cases_probable,claim,claim_comparison:claim_cmp_185,claim_comparison,
compared_with,matched provenance identifier,claim:claim_rec_src_search_6dae7aeadbda_003_cases_unspecified,claim,claim_comparison:claim_cmp_185,claim_comparison,
compared_with,matched provenance identifier,claim:claim_rec_src_search_2eb1c67db46f_001_cases_confirmed,claim,claim_comparison:claim_cmp_186,claim_comparison,
compared_with,matched provenance identifier,claim:claim_rec_src_search_2eb1c67db46f_001_cases_suspected,claim,claim_comparison:claim_cmp_186,claim_comparison,
compared_with,matched provenance identifier,claim:claim_rec_src_search_2eb1c67db46f_001_cases_confirmed,claim,claim_comparison:claim_cmp_187,claim_comparison,
compared_with,matched provenance identifier,claim:claim_rec_src_search_2eb1c67db46f_001_deaths,claim,claim_comparison:claim_cmp_187,claim_comparison,
compared_with,matched provenance identifier,claim:claim_rec_src_search_2eb1c67db46f_001_cases_confirmed,claim,claim_comparison:claim_cmp_188,claim_comparison,
compared_with,matched provenance identifier,claim:claim_rec_src_search_2eb1c67db46f_002_cases_confirmed,claim,claim_comparison:claim_cmp_188,claim_comparison,
compared_with,matched provenance identifier,claim:claim_rec_src_search_2eb1c67db46f_001_cases_confirmed,claim,claim_comparison:claim_cmp_189,claim_comparison,
compared_with,matched provenance identifier,claim:claim_rec_src_search_2eb1c67db46f_002_cases_suspected,claim,claim_comparison:claim_cmp_189,claim_comparison,
compared_with,matched provenance identifier,claim:claim_rec_src_search_2eb1c67db46f_001_cases_confirmed,claim,claim_comparison:claim_cmp_190,claim_comparison,
compared_with,matched provenance identifier,claim:claim_rec_src_search_2eb1c67db46f_002_deaths,claim,claim_comparison:claim_cmp_190,claim_comparison,
compared_with,matched provenance identifier,claim:claim_rec_src_search_2eb1c67db46f_001_cases_confirmed,claim,claim_comparison:claim_cmp_191,claim_comparison,
compared_with,matched provenance identifier,claim:claim_rec_src_search_86d6f702e073_001_observation,claim,claim_comparison:claim_cmp_191,claim_comparison,
compared_with,matched provenance identifier,claim:claim_rec_src_search_2eb1c67db46f_001_cases_confirmed,claim,claim_comparison:claim_cmp_192,claim_comparison,
compared_with,matched provenance identifier,claim:claim_rec_src_search_86d6f702e073_002_observation,claim,claim_comparison:claim_cmp_192,claim_comparison,
compared_with,matched provenance identifier,claim:claim_rec_src_search_2eb1c67db46f_001_cases_confirmed,claim,claim_comparison:claim_cmp_193,claim_comparison,
compared_with,matched provenance identifier,claim:claim_rec_src_search_df7c57966665_002_cases_unspecified,claim,claim_comparison:claim_cmp_193,claim_comparison,
compared_with,matched provenance identifier,claim:claim_rec_src_search_2eb1c67db46f_001_cases_confirmed,claim,claim_comparison:claim_cmp_194,claim_comparison,
compared_with,matched provenance identifier,claim:claim_rec_src_search_df7c57966665_002_deaths,claim,claim_comparison:claim_cmp_194,claim_comparison,
compared_with,matched provenance identifier,claim:claim_rec_src_search_2eb1c67db46f_001_cases_confirmed,claim,claim_comparison:claim_cmp_195,claim_comparison,
compared_with,matched provenance identifier,claim:claim_rec_src_search_df7c57966665_003_cases_unspecified,claim,claim_comparison:claim_cmp_195,claim_comparison,
compared_with,matched provenance identifier,claim:claim_rec_src_search_2eb1c67db46f_001_cases_confirmed,claim,claim_comparison:claim_cmp_196,claim_comparison,
compared_with,matched provenance identifier,claim:claim_rec_src_search_6dae7aeadbda_001_cases_probable,claim,claim_comparison:claim_cmp_196,claim_comparison,
compared_with,matched provenance identifier,claim:claim_rec_src_search_2eb1c67db46f_001_cases_confirmed,claim,claim_comparison:claim_cmp_197,claim_comparison,
compared_with,matched provenance identifier,claim:claim_rec_src_search_6dae7aeadbda_002_deaths,claim,claim_comparison:claim_cmp_197,claim_comparison,
compared_with,matched provenance identifier,claim:claim_rec_src_search_2eb1c67db46f_001_cases_confirmed,claim,claim_comparison:claim_cmp_198,claim_comparison,
compared_with,matched provenance identifier,claim:claim_rec_src_search_6dae7aeadbda_003_cases_unspecified,claim,claim_comparison:claim_cmp_198,claim_comparison,
compared_with,matched provenance identifier,claim:claim_rec_src_search_2eb1c67db46f_001_cases_suspected,claim,claim_comparison:claim_cmp_199,claim_comparison,
compared_with,matched provenance identifier,claim:claim_rec_src_search_2eb1c67db46f_001_deaths,claim,claim_comparison:claim_cmp_199,claim_comparison,
compared_with,matched provenance identifier,claim:claim_rec_src_search_2eb1c67db46f_001_cases_suspected,claim,claim_comparison:claim_cmp_200,claim_comparison,
compared_with,matched provenance identifier,claim:claim_rec_src_search_2eb1c67db46f_002_cases_confirmed,claim,claim_comparison:claim_cmp_200,claim_comparison,
compared_with,matched provenance identifier,claim:claim_rec_src_search_2eb1c67db46f_001_cases_suspected,claim,claim_comparison:claim_cmp_201,claim_comparison,
compared_with,matched provenance identifier,claim:claim_rec_src_search_2eb1c67db46f_002_cases_suspected,claim,claim_comparison:claim_cmp_201,claim_comparison,
compared_with,matched provenance identifier,claim:claim_rec_src_search_2eb1c67db46f_001_cases_suspected,claim,claim_comparison:claim_cmp_202,claim_comparison,
compared_with,matched provenance identifier,claim:claim_rec_src_search_2eb1c67db46f_002_deaths,claim,claim_comparison:claim_cmp_202,claim_comparison,
compared_with,matched provenance identifier,claim:claim_rec_src_search_2eb1c67db46f_001_cases_suspected,claim,claim_comparison:claim_cmp_203,claim_comparison,
compared_with,matched provenance identifier,claim:claim_rec_src_search_86d6f702e073_001_observation,claim,claim_comparison:claim_cmp_203,claim_comparison,
compared_with,matched provenance identifier,claim:claim_rec_src_search_2eb1c67db46f_001_cases_suspected,claim,claim_comparison:claim_cmp_204,claim_comparison,
compared_with,matched provenance identifier,claim:claim_rec_src_search_86d6f702e073_002_observation,claim,claim_comparison:claim_cmp_204,claim_comparison,
compared_with,matched provenance identifier,claim:claim_rec_src_search_2eb1c67db46f_001_cases_suspected,claim,claim_comparison:claim_cmp_205,claim_comparison,
compared_with,matched provenance identifier,claim:claim_rec_src_search_df7c57966665_002_cases_unspecified,claim,claim_comparison:claim_cmp_205,claim_comparison,
compared_with,matched provenance identifier,claim:claim_rec_src_search_2eb1c67db46f_001_cases_suspected,claim,claim_comparison:claim_cmp_206,claim_comparison,
compared_with,matched provenance identifier,claim:claim_rec_src_search_df7c57966665_002_deaths,claim,claim_comparison:claim_cmp_206,claim_comparison,
compared_with,matched provenance identifier,claim:claim_rec_src_search_2eb1c67db46f_001_cases_suspected,claim,claim_comparison:claim_cmp_207,claim_comparison,
compared_with,matched provenance identifier,claim:claim_rec_src_search_df7c57966665_003_cases_unspecified,claim,claim_comparison:claim_cmp_207,claim_comparison,
compared_with,matched provenance identifier,claim:claim_rec_src_search_2eb1c67db46f_001_cases_suspected,claim,claim_comparison:claim_cmp_208,claim_comparison,
compared_with,matched provenance identifier,claim:claim_rec_src_search_6dae7aeadbda_001_cases_probable,claim,claim_comparison:claim_cmp_208,claim_comparison,
compared_with,matched provenance identifier,claim:claim_rec_src_search_2eb1c67db46f_001_cases_suspected,claim,claim_comparison:claim_cmp_209,claim_comparison,
compared_with,matched provenance identifier,claim:claim_rec_src_search_6dae7aeadbda_002_deaths,claim,claim_comparison:claim_cmp_209,claim_comparison,
compared_with,matched provenance identifier,claim:claim_rec_src_search_2eb1c67db46f_001_cases_suspected,claim,claim_comparison:claim_cmp_210,claim_comparison,
compared_with,matched provenance identifier,claim:claim_rec_src_search_6dae7aeadbda_003_cases_unspecified,claim,claim_comparison:claim_cmp_210,claim_comparison,
compared_with,matched provenance identifier,claim:claim_rec_src_search_2eb1c67db46f_001_deaths,claim,claim_comparison:claim_cmp_211,claim_comparison,
compared_with,matched provenance identifier,claim:claim_rec_src_search_2eb1c67db46f_002_cases_confirmed,claim,claim_comparison:claim_cmp_211,claim_comparison,
compared_with,matched provenance identifier,claim:claim_rec_src_search_2eb1c67db46f_001_deaths,claim,claim_comparison:claim_cmp_212,claim_comparison,
compared_with,matched provenance identifier,claim:claim_rec_src_search_2eb1c67db46f_002_cases_suspected,claim,claim_comparison:claim_cmp_212,claim_comparison,
compared_with,matched provenance identifier,claim:claim_rec_src_search_2eb1c67db46f_001_deaths,claim,claim_comparison:claim_cmp_213,claim_comparison,
compared_with,matched provenance identifier,claim:claim_rec_src_search_2eb1c67db46f_002_deaths,claim,claim_comparison:claim_cmp_213,claim_comparison,
compared_with,matched provenance identifier,claim:claim_rec_src_search_2eb1c67db46f_001_deaths,claim,claim_comparison:claim_cmp_214,claim_comparison,
compared_with,matched provenance identifier,claim:claim_rec_src_search_86d6f702e073_001_observation,claim,claim_comparison:claim_cmp_214,claim_comparison,
compared_with,matched provenance identifier,claim:claim_rec_src_search_2eb1c67db46f_001_deaths,claim,claim_comparison:claim_cmp_215,claim_comparison,
compared_with,matched provenance identifier,claim:claim_rec_src_search_86d6f702e073_002_observation,claim,claim_comparison:claim_cmp_215,claim_comparison,
compared_with,matched provenance identifier,claim:claim_rec_src_search_2eb1c67db46f_001_deaths,claim,claim_comparison:claim_cmp_216,claim_comparison,
compared_with,matched provenance identifier,claim:claim_rec_src_search_df7c57966665_002_cases_unspecified,claim,claim_comparison:claim_cmp_216,claim_comparison,
compared_with,matched provenance identifier,claim:claim_rec_src_search_2eb1c67db46f_001_deaths,claim,claim_comparison:claim_cmp_217,claim_comparison,
compared_with,matched provenance identifier,claim:claim_rec_src_search_df7c57966665_002_deaths,claim,claim_comparison:claim_cmp_217,claim_comparison,
compared_with,matched provenance identifier,claim:claim_rec_src_search_2eb1c67db46f_001_deaths,claim,claim_comparison:claim_cmp_218,claim_comparison,
compared_with,matched provenance identifier,claim:claim_rec_src_search_df7c57966665_003_cases_unspecified,claim,claim_comparison:claim_cmp_218,claim_comparison,
compared_with,matched provenance identifier,claim:claim_rec_src_search_2eb1c67db46f_001_deaths,claim,claim_comparison:claim_cmp_219,claim_comparison,
compared_with,matched provenance identifier,claim:claim_rec_src_search_6dae7aeadbda_001_cases_probable,claim,claim_comparison:claim_cmp_219,claim_comparison,
compared_with,matched provenance identifier,claim:claim_rec_src_search_2eb1c67db46f_001_deaths,claim,claim_comparison:claim_cmp_220,claim_comparison,
compared_with,matched provenance identifier,claim:claim_rec_src_search_6dae7aeadbda_002_deaths,claim,claim_comparison:claim_cmp_220,claim_comparison,
compared_with,matched provenance identifier,claim:claim_rec_src_search_2eb1c67db46f_001_deaths,claim,claim_comparison:claim_cmp_221,claim_comparison,
compared_with,matched provenance identifier,claim:claim_rec_src_search_6dae7aeadbda_003_cases_unspecified,claim,claim_comparison:claim_cmp_221,claim_comparison,
compared_with,matched provenance identifier,claim:claim_rec_src_search_2eb1c67db46f_002_cases_confirmed,claim,claim_comparison:claim_cmp_222,claim_comparison,
compared_with,matched provenance identifier,claim:claim_rec_src_search_2eb1c67db46f_002_cases_suspected,claim,claim_comparison:claim_cmp_222,claim_comparison,
compared_with,matched provenance identifier,claim:claim_rec_src_search_2eb1c67db46f_002_cases_confirmed,claim,claim_comparison:claim_cmp_223,claim_comparison,
compared_with,matched provenance identifier,claim:claim_rec_src_search_2eb1c67db46f_002_deaths,claim,claim_comparison:claim_cmp_223,claim_comparison,
compared_with,matched provenance identifier,claim:claim_rec_src_search_2eb1c67db46f_002_cases_confirmed,claim,claim_comparison:claim_cmp_224,claim_comparison,
compared_with,matched provenance identifier,claim:claim_rec_src_search_86d6f702e073_001_observation,claim,claim_comparison:claim_cmp_224,claim_comparison,
compared_with,matched provenance identifier,claim:claim_rec_src_search_2eb1c67db46f_002_cases_confirmed,claim,claim_comparison:claim_cmp_225,claim_comparison,
compared_with,matched provenance identifier,claim:claim_rec_src_search_86d6f702e073_002_observation,claim,claim_comparison:claim_cmp_225,claim_comparison,
compared_with,matched provenance identifier,claim:claim_rec_src_search_2eb1c67db46f_002_cases_confirmed,claim,claim_comparison:claim_cmp_226,claim_comparison,
compared_with,matched provenance identifier,claim:claim_rec_src_search_df7c57966665_002_cases_unspecified,claim,claim_comparison:claim_cmp_226,claim_comparison,
compared_with,matched provenance identifier,claim:claim_rec_src_search_2eb1c67db46f_002_cases_confirmed,claim,claim_comparison:claim_cmp_227,claim_comparison,
compared_with,matched provenance identifier,claim:claim_rec_src_search_df7c57966665_002_deaths,claim,claim_comparison:claim_cmp_227,claim_comparison,
compared_with,matched provenance identifier,claim:claim_rec_src_search_2eb1c67db46f_002_cases_confirmed,claim,claim_comparison:claim_cmp_228,claim_comparison,
compared_with,matched provenance identifier,claim:claim_rec_src_search_df7c57966665_003_cases_unspecified,claim,claim_comparison:claim_cmp_228,claim_comparison,
compared_with,matched provenance identifier,claim:claim_rec_src_search_2eb1c67db46f_002_cases_confirmed,claim,claim_comparison:claim_cmp_229,claim_comparison,
compared_with,matched provenance identifier,claim:claim_rec_src_search_6dae7aeadbda_001_cases_probable,claim,claim_comparison:claim_cmp_229,claim_comparison,
compared_with,matched provenance identifier,claim:claim_rec_src_search_2eb1c67db46f_002_cases_confirmed,claim,claim_comparison:claim_cmp_230,claim_comparison,
compared_with,matched provenance identifier,claim:claim_rec_src_search_6dae7aeadbda_002_deaths,claim,claim_comparison:claim_cmp_230,claim_comparison,
compared_with,matched provenance identifier,claim:claim_rec_src_search_2eb1c67db46f_002_cases_confirmed,claim,claim_comparison:claim_cmp_231,claim_comparison,
compared_with,matched provenance identifier,claim:claim_rec_src_search_6dae7aeadbda_003_cases_unspecified,claim,claim_comparison:claim_cmp_231,claim_comparison,
compared_with,matched provenance identifier,claim:claim_rec_src_search_2eb1c67db46f_002_cases_suspected,claim,claim_comparison:claim_cmp_232,claim_comparison,
compared_with,matched provenance identifier,claim:claim_rec_src_search_2eb1c67db46f_002_deaths,claim,claim_comparison:claim_cmp_232,claim_comparison,
compared_with,matched provenance identifier,claim:claim_rec_src_search_2eb1c67db46f_002_cases_suspected,claim,claim_comparison:claim_cmp_233,claim_comparison,
compared_with,matched provenance identifier,claim:claim_rec_src_search_86d6f702e073_001_observation,claim,claim_comparison:claim_cmp_233,claim_comparison,
compared_with,matched provenance identifier,claim:claim_rec_src_search_2eb1c67db46f_002_cases_suspected,claim,claim_comparison:claim_cmp_234,claim_comparison,
compared_with,matched provenance identifier,claim:claim_rec_src_search_86d6f702e073_002_observation,claim,claim_comparison:claim_cmp_234,claim_comparison,
compared_with,matched provenance identifier,claim:claim_rec_src_search_2eb1c67db46f_002_cases_suspected,claim,claim_comparison:claim_cmp_235,claim_comparison,
compared_with,matched provenance identifier,claim:claim_rec_src_search_df7c57966665_002_cases_unspecified,claim,claim_comparison:claim_cmp_235,claim_comparison,
compared_with,matched provenance identifier,claim:claim_rec_src_search_2eb1c67db46f_002_cases_suspected,claim,claim_comparison:claim_cmp_236,claim_comparison,
compared_with,matched provenance identifier,claim:claim_rec_src_search_df7c57966665_002_deaths,claim,claim_comparison:claim_cmp_236,claim_comparison,
compared_with,matched provenance identifier,claim:claim_rec_src_search_2eb1c67db46f_002_cases_suspected,claim,claim_comparison:claim_cmp_237,claim_comparison,
compared_with,matched provenance identifier,claim:claim_rec_src_search_df7c57966665_003_cases_unspecified,claim,claim_comparison:claim_cmp_237,claim_comparison,
compared_with,matched provenance identifier,claim:claim_rec_src_search_2eb1c67db46f_002_cases_suspected,claim,claim_comparison:claim_cmp_238,claim_comparison,
compared_with,matched provenance identifier,claim:claim_rec_src_search_6dae7aeadbda_001_cases_probable,claim,claim_comparison:claim_cmp_238,claim_comparison,
compared_with,matched provenance identifier,claim:claim_rec_src_search_2eb1c67db46f_002_cases_suspected,claim,claim_comparison:claim_cmp_239,claim_comparison,
compared_with,matched provenance identifier,claim:claim_rec_src_search_6dae7aeadbda_002_deaths,claim,claim_comparison:claim_cmp_239,claim_comparison,
compared_with,matched provenance identifier,claim:claim_rec_src_search_2eb1c67db46f_002_cases_suspected,claim,claim_comparison:claim_cmp_240,claim_comparison,
compared_with,matched provenance identifier,claim:claim_rec_src_search_6dae7aeadbda_003_cases_unspecified,claim,claim_comparison:claim_cmp_240,claim_comparison,
compared_with,matched provenance identifier,claim:claim_rec_src_search_2eb1c67db46f_002_deaths,claim,claim_comparison:claim_cmp_241,claim_comparison,
compared_with,matched provenance identifier,claim:claim_rec_src_search_86d6f702e073_001_observation,claim,claim_comparison:claim_cmp_241,claim_comparison,
compared_with,matched provenance identifier,claim:claim_rec_src_search_2eb1c67db46f_002_deaths,claim,claim_comparison:claim_cmp_242,claim_comparison,
compared_with,matched provenance identifier,claim:claim_rec_src_search_86d6f702e073_002_observation,claim,claim_comparison:claim_cmp_242,claim_comparison,
compared_with,matched provenance identifier,claim:claim_rec_src_search_2eb1c67db46f_002_deaths,claim,claim_comparison:claim_cmp_243,claim_comparison,
compared_with,matched provenance identifier,claim:claim_rec_src_search_df7c57966665_002_cases_unspecified,claim,claim_comparison:claim_cmp_243,claim_comparison,
compared_with,matched provenance identifier,claim:claim_rec_src_search_2eb1c67db46f_002_deaths,claim,claim_comparison:claim_cmp_244,claim_comparison,
compared_with,matched provenance identifier,claim:claim_rec_src_search_df7c57966665_002_deaths,claim,claim_comparison:claim_cmp_244,claim_comparison,
compared_with,matched provenance identifier,claim:claim_rec_src_search_2eb1c67db46f_002_deaths,claim,claim_comparison:claim_cmp_245,claim_comparison,
compared_with,matched provenance identifier,claim:claim_rec_src_search_df7c57966665_003_cases_unspecified,claim,claim_comparison:claim_cmp_245,claim_comparison,
compared_with,matched provenance identifier,claim:claim_rec_src_search_2eb1c67db46f_002_deaths,claim,claim_comparison:claim_cmp_246,claim_comparison,
compared_with,matched provenance identifier,claim:claim_rec_src_search_6dae7aeadbda_001_cases_probable,claim,claim_comparison:claim_cmp_246,claim_comparison,
compared_with,matched provenance identifier,claim:claim_rec_src_search_2eb1c67db46f_002_deaths,claim,claim_comparison:claim_cmp_247,claim_comparison,
compared_with,matched provenance identifier,claim:claim_rec_src_search_6dae7aeadbda_002_deaths,claim,claim_comparison:claim_cmp_247,claim_comparison,
compared_with,matched provenance identifier,claim:claim_rec_src_search_2eb1c67db46f_002_deaths,claim,claim_comparison:claim_cmp_248,claim_comparison,
compared_with,matched provenance identifier,claim:claim_rec_src_search_6dae7aeadbda_003_cases_unspecified,claim,claim_comparison:claim_cmp_248,claim_comparison,
compared_with,matched provenance identifier,claim:claim_rec_src_search_86d6f702e073_001_observation,claim,claim_comparison:claim_cmp_249,claim_comparison,
compared_with,matched provenance identifier,claim:claim_rec_src_search_86d6f702e073_002_observation,claim,claim_comparison:claim_cmp_249,claim_comparison,
compared_with,matched provenance identifier,claim:claim_rec_src_search_86d6f702e073_001_observation,claim,claim_comparison:claim_cmp_250,claim_comparison,
compared_with,matched provenance identifier,claim:claim_rec_src_search_df7c57966665_002_cases_unspecified,claim,claim_comparison:claim_cmp_250,claim_comparison,
compared_with,matched provenance identifier,claim:claim_rec_src_search_86d6f702e073_001_observation,claim,claim_comparison:claim_cmp_251,claim_comparison,
compared_with,matched provenance identifier,claim:claim_rec_src_search_df7c57966665_002_deaths,claim,claim_comparison:claim_cmp_251,claim_comparison,
compared_with,matched provenance identifier,claim:claim_rec_src_search_86d6f702e073_001_observation,claim,claim_comparison:claim_cmp_252,claim_comparison,
compared_with,matched provenance identifier,claim:claim_rec_src_search_df7c57966665_003_cases_unspecified,claim,claim_comparison:claim_cmp_252,claim_comparison,
compared_with,matched provenance identifier,claim:claim_rec_src_search_86d6f702e073_001_observation,claim,claim_comparison:claim_cmp_253,claim_comparison,
compared_with,matched provenance identifier,claim:claim_rec_src_search_6dae7aeadbda_001_cases_probable,claim,claim_comparison:claim_cmp_253,claim_comparison,
compared_with,matched provenance identifier,claim:claim_rec_src_search_86d6f702e073_001_observation,claim,claim_comparison:claim_cmp_254,claim_comparison,
compared_with,matched provenance identifier,claim:claim_rec_src_search_6dae7aeadbda_002_deaths,claim,claim_comparison:claim_cmp_254,claim_comparison,
compared_with,matched provenance identifier,claim:claim_rec_src_search_86d6f702e073_001_observation,claim,claim_comparison:claim_cmp_255,claim_comparison,
compared_with,matched provenance identifier,claim:claim_rec_src_search_6dae7aeadbda_003_cases_unspecified,claim,claim_comparison:claim_cmp_255,claim_comparison,
compared_with,matched provenance identifier,claim:claim_rec_src_search_86d6f702e073_002_observation,claim,claim_comparison:claim_cmp_256,claim_comparison,
compared_with,matched provenance identifier,claim:claim_rec_src_search_df7c57966665_002_cases_unspecified,claim,claim_comparison:claim_cmp_256,claim_comparison,
compared_with,matched provenance identifier,claim:claim_rec_src_search_86d6f702e073_002_observation,claim,claim_comparison:claim_cmp_257,claim_comparison,
compared_with,matched provenance identifier,claim:claim_rec_src_search_df7c57966665_002_deaths,claim,claim_comparison:claim_cmp_257,claim_comparison,
compared_with,matched provenance identifier,claim:claim_rec_src_search_86d6f702e073_002_observation,claim,claim_comparison:claim_cmp_258,claim_comparison,
compared_with,matched provenance identifier,claim:claim_rec_src_search_df7c57966665_003_cases_unspecified,claim,claim_comparison:claim_cmp_258,claim_comparison,
compared_with,matched provenance identifier,claim:claim_rec_src_search_86d6f702e073_002_observation,claim,claim_comparison:claim_cmp_259,claim_comparison,
compared_with,matched provenance identifier,claim:claim_rec_src_search_6dae7aeadbda_001_cases_probable,claim,claim_comparison:claim_cmp_259,claim_comparison,
compared_with,matched provenance identifier,claim:claim_rec_src_search_86d6f702e073_002_observation,claim,claim_comparison:claim_cmp_260,claim_comparison,
compared_with,matched provenance identifier,claim:claim_rec_src_search_6dae7aeadbda_002_deaths,claim,claim_comparison:claim_cmp_260,claim_comparison,
compared_with,matched provenance identifier,claim:claim_rec_src_search_86d6f702e073_002_observation,claim,claim_comparison:claim_cmp_261,claim_comparison,
compared_with,matched provenance identifier,claim:claim_rec_src_search_6dae7aeadbda_003_cases_unspecified,claim,claim_comparison:claim_cmp_261,claim_comparison,
compared_with,matched provenance identifier,claim:claim_rec_src_search_df7c57966665_002_cases_unspecified,claim,claim_comparison:claim_cmp_262,claim_comparison,
compared_with,matched provenance identifier,claim:claim_rec_src_search_df7c57966665_002_deaths,claim,claim_comparison:claim_cmp_262,claim_comparison,
compared_with,matched provenance identifier,claim:claim_rec_src_search_df7c57966665_002_cases_unspecified,claim,claim_comparison:claim_cmp_263,claim_comparison,
compared_with,matched provenance identifier,claim:claim_rec_src_search_df7c57966665_003_cases_unspecified,claim,claim_comparison:claim_cmp_263,claim_comparison,
compared_with,matched provenance identifier,claim:claim_rec_src_search_df7c57966665_002_cases_unspecified,claim,claim_comparison:claim_cmp_264,claim_comparison,
compared_with,matched provenance identifier,claim:claim_rec_src_search_6dae7aeadbda_001_cases_probable,claim,claim_comparison:claim_cmp_264,claim_comparison,
compared_with,matched provenance identifier,claim:claim_rec_src_search_df7c57966665_002_cases_unspecified,claim,claim_comparison:claim_cmp_265,claim_comparison,
compared_with,matched provenance identifier,claim:claim_rec_src_search_6dae7aeadbda_002_deaths,claim,claim_comparison:claim_cmp_265,claim_comparison,
compared_with,matched provenance identifier,claim:claim_rec_src_search_df7c57966665_002_cases_unspecified,claim,claim_comparison:claim_cmp_266,claim_comparison,
compared_with,matched provenance identifier,claim:claim_rec_src_search_6dae7aeadbda_003_cases_unspecified,claim,claim_comparison:claim_cmp_266,claim_comparison,
compared_with,matched provenance identifier,claim:claim_rec_src_search_df7c57966665_002_deaths,claim,claim_comparison:claim_cmp_267,claim_comparison,
compared_with,matched provenance identifier,claim:claim_rec_src_search_df7c57966665_003_cases_unspecified,claim,claim_comparison:claim_cmp_267,claim_comparison,
compared_with,matched provenance identifier,claim:claim_rec_src_search_df7c57966665_002_deaths,claim,claim_comparison:claim_cmp_268,claim_comparison,
compared_with,matched provenance identifier,claim:claim_rec_src_search_6dae7aeadbda_001_cases_probable,claim,claim_comparison:claim_cmp_268,claim_comparison,
compared_with,matched provenance identifier,claim:claim_rec_src_search_df7c57966665_002_deaths,claim,claim_comparison:claim_cmp_269,claim_comparison,
compared_with,matched provenance identifier,claim:claim_rec_src_search_6dae7aeadbda_002_deaths,claim,claim_comparison:claim_cmp_269,claim_comparison,
compared_with,matched provenance identifier,claim:claim_rec_src_search_df7c57966665_002_deaths,claim,claim_comparison:claim_cmp_270,claim_comparison,
compared_with,matched provenance identifier,claim:claim_rec_src_search_6dae7aeadbda_003_cases_unspecified,claim,claim_comparison:claim_cmp_270,claim_comparison,
compared_with,matched provenance identifier,claim:claim_rec_src_search_df7c57966665_003_cases_unspecified,claim,claim_comparison:claim_cmp_271,claim_comparison,
compared_with,matched provenance identifier,claim:claim_rec_src_search_6dae7aeadbda_001_cases_probable,claim,claim_comparison:claim_cmp_271,claim_comparison,
compared_with,matched provenance identifier,claim:claim_rec_src_search_df7c57966665_003_cases_unspecified,claim,claim_comparison:claim_cmp_272,claim_comparison,
compared_with,matched provenance identifier,claim:claim_rec_src_search_6dae7aeadbda_002_deaths,claim,claim_comparison:claim_cmp_272,claim_comparison,
compared_with,matched provenance identifier,claim:claim_rec_src_search_df7c57966665_003_cases_unspecified,claim,claim_comparison:claim_cmp_273,claim_comparison,
compared_with,matched provenance identifier,claim:claim_rec_src_search_6dae7aeadbda_003_cases_unspecified,claim,claim_comparison:claim_cmp_273,claim_comparison,
compared_with,matched provenance identifier,claim:claim_rec_src_search_6dae7aeadbda_001_cases_probable,claim,claim_comparison:claim_cmp_274,claim_comparison,
compared_with,matched provenance identifier,claim:claim_rec_src_search_6dae7aeadbda_002_deaths,claim,claim_comparison:claim_cmp_274,claim_comparison,
compared_with,matched provenance identifier,claim:claim_rec_src_search_6dae7aeadbda_001_cases_probable,claim,claim_comparison:claim_cmp_275,claim_comparison,
compared_with,matched provenance identifier,claim:claim_rec_src_search_6dae7aeadbda_003_cases_unspecified,claim,claim_comparison:claim_cmp_275,claim_comparison,
compared_with,matched provenance identifier,claim:claim_rec_src_search_6dae7aeadbda_002_deaths,claim,claim_comparison:claim_cmp_276,claim_comparison,
compared_with,matched provenance identifier,claim:claim_rec_src_search_6dae7aeadbda_003_cases_unspecified,claim,claim_comparison:claim_cmp_276,claim_comparison,
grouped_into_event,matched provenance identifier,claim:claim_rec_src_search_6dae7aeadbda_003_cases_unspecified,claim,corroborated_event:event_001,corroborated_event,
grouped_into_event,matched provenance identifier,claim:claim_rec_src_search_6dae7aeadbda_001_cases_probable,claim,corroborated_event:event_001,corroborated_event,
grouped_into_event,matched provenance identifier,claim:claim_rec_src_search_5fd7d33501e8_002_cases_unspecified,claim,corroborated_event:event_001,corroborated_event,
grouped_into_event,matched provenance identifier,claim:claim_rec_src_search_df7c57966665_001_cases_unspecified,claim,corroborated_event:event_001,corroborated_event,
grouped_into_event,matched provenance identifier,claim:claim_rec_src_search_5fd7d33501e8_001_cases_suspected,claim,corroborated_event:event_001,corroborated_event,
grouped_into_event,matched provenance identifier,claim:claim_rec_src_search_6dae7aeadbda_002_deaths,claim,corroborated_event:event_001,corroborated_event,
grouped_into_event,matched provenance identifier,claim:claim_rec_src_search_5fd7d33501e8_001_deaths,claim,corroborated_event:event_001,corroborated_event,
grouped_into_event,matched provenance identifier,claim:claim_rec_src_search_5fd7d33501e8_003_observation,claim,corroborated_event:event_001,corroborated_event,
grouped_into_event,matched provenance identifier,claim:claim_rec_src_search_4e6c9d96071d_001_observation,claim,corroborated_event:event_002,corroborated_event,
grouped_into_event,matched provenance identifier,claim:claim_rec_src_search_9baddae323c5_004_cases_probable,claim,corroborated_event:event_003,corroborated_event,
grouped_into_event,matched provenance identifier,claim:claim_rec_src_search_9baddae323c5_003_cases_probable,claim,corroborated_event:event_003,corroborated_event,
grouped_into_event,matched provenance identifier,claim:claim_rec_src_search_9baddae323c5_001_cases_suspected,claim,corroborated_event:event_003,corroborated_event,
grouped_into_event,matched provenance identifier,claim:claim_rec_src_search_9baddae323c5_002_cases_probable,claim,corroborated_event:event_003,corroborated_event,
grouped_into_event,matched provenance identifier,claim:claim_rec_src_search_2eb1c67db46f_001_cases_confirmed,claim,corroborated_event:event_004,corroborated_event,
grouped_into_event,matched provenance identifier,claim:claim_rec_src_search_2eb1c67db46f_001_cases_suspected,claim,corroborated_event:event_004,corroborated_event,
grouped_into_event,matched provenance identifier,claim:claim_rec_src_search_2eb1c67db46f_001_deaths,claim,corroborated_event:event_004,corroborated_event,
grouped_into_event,matched provenance identifier,claim:claim_rec_src_search_2eb1c67db46f_002_cases_confirmed,claim,corroborated_event:event_005,corroborated_event,
grouped_into_event,matched provenance identifier,claim:claim_rec_src_search_2eb1c67db46f_002_deaths,claim,corroborated_event:event_005,corroborated_event,
grouped_into_event,matched provenance identifier,claim:claim_rec_src_search_2eb1c67db46f_002_cases_suspected,claim,corroborated_event:event_005,corroborated_event,
grouped_into_event,matched provenance identifier,claim:claim_rec_src_search_86d6f702e073_002_observation,claim,corroborated_event:event_006,corroborated_event,
grouped_into_event,matched provenance identifier,claim:claim_rec_src_search_86d6f702e073_001_observation,claim,corroborated_event:event_006,corroborated_event,
grouped_into_event,matched provenance identifier,claim:claim_rec_src_search_df7c57966665_002_deaths,claim,corroborated_event:event_007,corroborated_event,
grouped_into_event,matched provenance identifier,claim:claim_rec_src_search_df7c57966665_002_cases_unspecified,claim,corroborated_event:event_007,corroborated_event,
grouped_into_event,matched provenance identifier,claim:claim_rec_src_search_df7c57966665_003_cases_unspecified,claim,corroborated_event:event_007,corroborated_event,
included_in_dataset_view,record appears in final_dataset_pre_quality_gate,normalized_record:rec_src_search_df7c57966665_001,normalized_record,dataset_view:final_dataset_pre_quality_gate,dataset_view,
included_in_dataset_view,record appears in final_dataset_pre_quality_gate,normalized_record:rec_src_search_4e6c9d96071d_001,normalized_record,dataset_view:final_dataset_pre_quality_gate,dataset_view,
included_in_dataset_view,record appears in final_dataset_pre_quality_gate,normalized_record:rec_src_search_5fd7d33501e8_001,normalized_record,dataset_view:final_dataset_pre_quality_gate,dataset_view,
included_in_dataset_view,record appears in final_dataset_pre_quality_gate,normalized_record:rec_src_search_5fd7d33501e8_002,normalized_record,dataset_view:final_dataset_pre_quality_gate,dataset_view,
included_in_dataset_view,record appears in final_dataset_pre_quality_gate,normalized_record:rec_src_search_5fd7d33501e8_003,normalized_record,dataset_view:final_dataset_pre_quality_gate,dataset_view,
included_in_dataset_view,record appears in final_dataset_pre_quality_gate,normalized_record:rec_src_search_9baddae323c5_001,normalized_record,dataset_view:final_dataset_pre_quality_gate,dataset_view,
included_in_dataset_view,record appears in final_dataset_pre_quality_gate,normalized_record:rec_src_search_9baddae323c5_002,normalized_record,dataset_view:final_dataset_pre_quality_gate,dataset_view,
included_in_dataset_view,record appears in final_dataset_pre_quality_gate,normalized_record:rec_src_search_9baddae323c5_003,normalized_record,dataset_view:final_dataset_pre_quality_gate,dataset_view,
included_in_dataset_view,record appears in final_dataset_pre_quality_gate,normalized_record:rec_src_search_9baddae323c5_004,normalized_record,dataset_view:final_dataset_pre_quality_gate,dataset_view,
included_in_dataset_view,record appears in final_dataset_pre_quality_gate,normalized_record:rec_src_search_2eb1c67db46f_001,normalized_record,dataset_view:final_dataset_pre_quality_gate,dataset_view,
included_in_dataset_view,record appears in final_dataset_pre_quality_gate,normalized_record:rec_src_search_2eb1c67db46f_002,normalized_record,dataset_view:final_dataset_pre_quality_gate,dataset_view,
included_in_dataset_view,record appears in final_dataset_pre_quality_gate,normalized_record:rec_src_search_86d6f702e073_001,normalized_record,dataset_view:final_dataset_pre_quality_gate,dataset_view,
included_in_dataset_view,record appears in final_dataset_pre_quality_gate,normalized_record:rec_src_search_86d6f702e073_002,normalized_record,dataset_view:final_dataset_pre_quality_gate,dataset_view,
included_in_dataset_view,record appears in final_dataset_pre_quality_gate,normalized_record:rec_src_search_df7c57966665_002,normalized_record,dataset_view:final_dataset_pre_quality_gate,dataset_view,
included_in_dataset_view,record appears in final_dataset_pre_quality_gate,normalized_record:rec_src_search_df7c57966665_003,normalized_record,dataset_view:final_dataset_pre_quality_gate,dataset_view,
included_in_dataset_view,record appears in final_dataset_pre_quality_gate,normalized_record:rec_src_search_6dae7aeadbda_001,normalized_record,dataset_view:final_dataset_pre_quality_gate,dataset_view,
included_in_dataset_view,record appears in final_dataset_pre_quality_gate,normalized_record:rec_src_search_6dae7aeadbda_002,normalized_record,dataset_view:final_dataset_pre_quality_gate,dataset_view,
included_in_dataset_view,record appears in final_dataset_pre_quality_gate,normalized_record:rec_src_search_6dae7aeadbda_003,normalized_record,dataset_view:final_dataset_pre_quality_gate,dataset_view,
included_in_dataset_view,record appears in exposure_monitoring_records,normalized_record:rec_src_search_4e6c9d96071d_001,normalized_record,dataset_view:exposure_monitoring_records,dataset_view,
included_in_dataset_view,record appears in surveillance_summary_records,normalized_record:rec_src_search_2eb1c67db46f_001,normalized_record,dataset_view:surveillance_summary_records,dataset_view,
included_in_dataset_view,record appears in surveillance_summary_records,normalized_record:rec_src_search_2eb1c67db46f_002,normalized_record,dataset_view:surveillance_summary_records,dataset_view,
included_in_dataset_view,record appears in surveillance_summary_records,normalized_record:rec_src_search_4e6c9d96071d_001,normalized_record,dataset_view:surveillance_summary_records,dataset_view,
included_in_dataset_view,record appears in surveillance_summary_records,normalized_record:rec_src_search_5fd7d33501e8_001,normalized_record,dataset_view:surveillance_summary_records,dataset_view,
included_in_dataset_view,record appears in surveillance_summary_records,normalized_record:rec_src_search_5fd7d33501e8_002,normalized_record,dataset_view:surveillance_summary_records,dataset_view,
included_in_dataset_view,record appears in surveillance_summary_records,normalized_record:rec_src_search_5fd7d33501e8_003,normalized_record,dataset_view:surveillance_summary_records,dataset_view,
included_in_dataset_view,record appears in surveillance_summary_records,normalized_record:rec_src_search_6dae7aeadbda_001,normalized_record,dataset_view:surveillance_summary_records,dataset_view,
included_in_dataset_view,record appears in surveillance_summary_records,normalized_record:rec_src_search_6dae7aeadbda_002,normalized_record,dataset_view:surveillance_summary_records,dataset_view,
included_in_dataset_view,record appears in surveillance_summary_records,normalized_record:rec_src_search_6dae7aeadbda_003,normalized_record,dataset_view:surveillance_summary_records,dataset_view,
included_in_dataset_view,record appears in outbreak_summary_records,normalized_record:rec_src_search_4e6c9d96071d_001,normalized_record,dataset_view:outbreak_summary_records,dataset_view,
context_for,record appears in context_records,normalized_record:rec_src_search_2eb1c67db46f_001,normalized_record,dataset_view:context_records,dataset_view,
context_for,record appears in context_records,normalized_record:rec_src_search_2eb1c67db46f_002,normalized_record,dataset_view:context_records,dataset_view,
context_for,record appears in context_records,normalized_record:rec_src_search_4e6c9d96071d_001,normalized_record,dataset_view:context_records,dataset_view,
context_for,record appears in context_records,normalized_record:rec_src_search_5fd7d33501e8_001,normalized_record,dataset_view:context_records,dataset_view,
context_for,record appears in context_records,normalized_record:rec_src_search_5fd7d33501e8_002,normalized_record,dataset_view:context_records,dataset_view,
context_for,record appears in context_records,normalized_record:rec_src_search_5fd7d33501e8_003,normalized_record,dataset_view:context_records,dataset_view,
context_for,record appears in context_records,normalized_record:rec_src_search_6dae7aeadbda_001,normalized_record,dataset_view:context_records,dataset_view,
context_for,record appears in context_records,normalized_record:rec_src_search_6dae7aeadbda_002,normalized_record,dataset_view:context_records,dataset_view,
context_for,record appears in context_records,normalized_record:rec_src_search_6dae7aeadbda_003,normalized_record,dataset_view:context_records,dataset_view,
context_for,record appears in context_records,normalized_record:rec_src_search_86d6f702e073_001,normalized_record,dataset_view:context_records,dataset_view,
context_for,record appears in context_records,normalized_record:rec_src_search_86d6f702e073_002,normalized_record,dataset_view:context_records,dataset_view,
context_for,record appears in context_records,normalized_record:rec_src_search_9baddae323c5_001,normalized_record,dataset_view:context_records,dataset_view,
context_for,record appears in context_records,normalized_record:rec_src_search_9baddae323c5_002,normalized_record,dataset_view:context_records,dataset_view,
context_for,record appears in context_records,normalized_record:rec_src_search_9baddae323c5_003,normalized_record,dataset_view:context_records,dataset_view,
context_for,record appears in context_records,normalized_record:rec_src_search_9baddae323c5_004,normalized_record,dataset_view:context_records,dataset_view,
included_in_dataset_view,record appears in unclassified_observation_records,normalized_record:rec_src_search_5fd7d33501e8_003,normalized_record,dataset_view:unclassified_observation_records,dataset_view,
included_in_dataset_view,record appears in unclassified_observation_records,normalized_record:rec_src_search_86d6f702e073_001,normalized_record,dataset_view:unclassified_observation_records,dataset_view,
included_in_dataset_view,record appears in unclassified_observation_records,normalized_record:rec_src_search_86d6f702e073_002,normalized_record,dataset_view:unclassified_observation_records,dataset_view,
included_in_dataset_view,record appears in non_primary_observations,normalized_record:rec_src_search_4e6c9d96071d_001,normalized_record,dataset_view:non_primary_observations,dataset_view,
included_in_dataset_view,record appears in non_primary_observations,normalized_record:rec_src_search_5fd7d33501e8_001,normalized_record,dataset_view:non_primary_observations,dataset_view,
included_in_dataset_view,record appears in non_primary_observations,normalized_record:rec_src_search_5fd7d33501e8_002,normalized_record,dataset_view:non_primary_observations,dataset_view,
included_in_dataset_view,record appears in non_primary_observations,normalized_record:rec_src_search_5fd7d33501e8_003,normalized_record,dataset_view:non_primary_observations,dataset_view,
included_in_dataset_view,record appears in non_primary_observations,normalized_record:rec_src_search_2eb1c67db46f_001,normalized_record,dataset_view:non_primary_observations,dataset_view,
included_in_dataset_view,record appears in non_primary_observations,normalized_record:rec_src_search_2eb1c67db46f_002,normalized_record,dataset_view:non_primary_observations,dataset_view,
included_in_dataset_view,record appears in non_primary_observations,normalized_record:rec_src_search_86d6f702e073_001,normalized_record,dataset_view:non_primary_observations,dataset_view,
included_in_dataset_view,record appears in non_primary_observations,normalized_record:rec_src_search_86d6f702e073_002,normalized_record,dataset_view:non_primary_observations,dataset_view,
included_in_dataset_view,record appears in non_primary_observations,normalized_record:rec_src_search_6dae7aeadbda_001,normalized_record,dataset_view:non_primary_observations,dataset_view,
included_in_dataset_view,record appears in non_primary_observations,normalized_record:rec_src_search_6dae7aeadbda_002,normalized_record,dataset_view:non_primary_observations,dataset_view,
included_in_dataset_view,record appears in non_primary_observations,normalized_record:rec_src_search_6dae7aeadbda_003,normalized_record,dataset_view:non_primary_observations,dataset_view,
quarantined_as,record appears in quarantined_records,normalized_record:rec_src_search_9baddae323c5_001,normalized_record,dataset_view:quarantined_records,dataset_view,
quarantined_as,record appears in quarantined_records,normalized_record:rec_src_search_9baddae323c5_002,normalized_record,dataset_view:quarantined_records,dataset_view,
quarantined_as,record appears in quarantined_records,normalized_record:rec_src_search_9baddae323c5_003,normalized_record,dataset_view:quarantined_records,dataset_view,
quarantined_as,record appears in quarantined_records,normalized_record:rec_src_search_9baddae323c5_004,normalized_record,dataset_view:quarantined_records,dataset_view,
quarantined_as,record appears in quarantined_records,normalized_record:rec_src_search_6dae7aeadbda_001,normalized_record,dataset_view:quarantined_records,dataset_view,
quarantined_as,record appears in quarantined_records,normalized_record:rec_src_search_6dae7aeadbda_002,normalized_record,dataset_view:quarantined_records,dataset_view,
pending_review_as,record appears in pending_review_records,normalized_record:rec_src_search_df7c57966665_001,normalized_record,dataset_view:pending_review_records,dataset_view,
pending_review_as,record appears in pending_review_records,normalized_record:rec_src_search_4e6c9d96071d_001,normalized_record,dataset_view:pending_review_records,dataset_view,
pending_review_as,record appears in pending_review_records,normalized_record:rec_src_search_5fd7d33501e8_001,normalized_record,dataset_view:pending_review_records,dataset_view,
pending_review_as,record appears in pending_review_records,normalized_record:rec_src_search_5fd7d33501e8_002,normalized_record,dataset_view:pending_review_records,dataset_view,
pending_review_as,record appears in pending_review_records,normalized_record:rec_src_search_5fd7d33501e8_003,normalized_record,dataset_view:pending_review_records,dataset_view,
pending_review_as,record appears in pending_review_records,normalized_record:rec_src_search_2eb1c67db46f_001,normalized_record,dataset_view:pending_review_records,dataset_view,
pending_review_as,record appears in pending_review_records,normalized_record:rec_src_search_2eb1c67db46f_002,normalized_record,dataset_view:pending_review_records,dataset_view,
pending_review_as,record appears in pending_review_records,normalized_record:rec_src_search_86d6f702e073_001,normalized_record,dataset_view:pending_review_records,dataset_view,
pending_review_as,record appears in pending_review_records,normalized_record:rec_src_search_86d6f702e073_002,normalized_record,dataset_view:pending_review_records,dataset_view,
pending_review_as,record appears in pending_review_records,normalized_record:rec_src_search_df7c57966665_002,normalized_record,dataset_view:pending_review_records,dataset_view,
pending_review_as,record appears in pending_review_records,normalized_record:rec_src_search_df7c57966665_003,normalized_record,dataset_view:pending_review_records,dataset_view,
pending_review_as,record appears in pending_review_records,normalized_record:rec_src_search_6dae7aeadbda_003,normalized_record,dataset_view:pending_review_records,dataset_view,
requires_review,matched provenance identifier,claim:claim_rec_src_search_6dae7aeadbda_003_cases_unspecified,claim,human_review_item:review_claim_corroboration_conflict_corr_event_001,human_review_item,
requires_review,matched provenance identifier,claim:claim_rec_src_search_6dae7aeadbda_001_cases_probable,claim,human_review_item:review_claim_corroboration_conflict_corr_event_001,human_review_item,
requires_review,matched provenance identifier,claim:claim_rec_src_search_5fd7d33501e8_002_cases_unspecified,claim,human_review_item:review_claim_corroboration_conflict_corr_event_001,human_review_item,
requires_review,matched provenance identifier,source:src_search_5fd7d33501e8,source,human_review_item:review_claim_corroboration_conflict_corr_event_001,human_review_item,
requires_review,matched provenance identifier,claim:claim_rec_src_search_df7c57966665_001_cases_unspecified,claim,human_review_item:review_claim_corroboration_conflict_corr_event_001,human_review_item,
requires_review,matched provenance identifier,claim:claim_rec_src_search_5fd7d33501e8_001_cases_suspected,claim,human_review_item:review_claim_corroboration_conflict_corr_event_001,human_review_item,
requires_review,matched provenance identifier,source:src_search_6dae7aeadbda,source,human_review_item:review_claim_corroboration_conflict_corr_event_001,human_review_item,
requires_review,matched provenance identifier,claim:claim_rec_src_search_6dae7aeadbda_002_deaths,claim,human_review_item:review_claim_corroboration_conflict_corr_event_001,human_review_item,
requires_review,matched provenance identifier,claim:claim_rec_src_search_5fd7d33501e8_001_deaths,claim,human_review_item:review_claim_corroboration_conflict_corr_event_001,human_review_item,
requires_review,matched provenance identifier,source:src_search_df7c57966665,source,human_review_item:review_claim_corroboration_conflict_corr_event_001,human_review_item,
requires_review,matched provenance identifier,claim:claim_rec_src_search_5fd7d33501e8_003_observation,claim,human_review_item:review_claim_corroboration_conflict_corr_event_001,human_review_item,
requires_review,matched provenance identifier,normalized_record:rec_src_search_9baddae323c5_004,normalized_record,human_review_item:review_duplicate_event_009,human_review_item,
requires_review,matched provenance identifier,normalized_record:rec_src_search_9baddae323c5_002,normalized_record,human_review_item:review_duplicate_event_010,human_review_item,
requires_review,matched provenance identifier,normalized_record:rec_src_search_9baddae323c5_001,normalized_record,human_review_item:review_duplicate_event_010,human_review_item,
requires_review,matched provenance identifier,normalized_record:rec_src_search_9baddae323c5_003,normalized_record,human_review_item:review_duplicate_event_011,human_review_item,
requires_review,matched provenance identifier,corroborated_event:event_004,corroborated_event,human_review_item:review_anomaly_anom_013,human_review_item,
requires_review,matched provenance identifier,source:src_search_6dae7aeadbda,source,human_review_item:review_anomaly_anom_013,human_review_item,
requires_review,matched provenance identifier,source:src_search_9baddae323c5,source,human_review_item:review_anomaly_anom_014,human_review_item,
requires_review,matched provenance identifier,source:src_search_5fd7d33501e8,source,human_review_item:review_anomaly_anom_007,human_review_item,
requires_review,matched provenance identifier,corroborated_event:event_005,corroborated_event,human_review_item:review_anomaly_anom_007,human_review_item,
requires_review,matched provenance identifier,source:src_search_9baddae323c5,source,human_review_item:review_anomaly_anom_008,human_review_item,
requires_review,matched provenance identifier,source:src_search_2eb1c67db46f,source,human_review_item:review_anomaly_anom_009,human_review_item,
requires_review,matched provenance identifier,source:src_search_df7c57966665,source,human_review_item:review_anomaly_anom_010,human_review_item,
requires_review,matched provenance identifier,corroborated_event:event_001,corroborated_event,human_review_item:review_anomaly_anom_010,human_review_item,
requires_review,matched provenance identifier,corroborated_event:event_002,corroborated_event,human_review_item:review_anomaly_anom_011,human_review_item,
requires_review,matched provenance identifier,source:src_search_df7c57966665,source,human_review_item:review_anomaly_anom_011,human_review_item,
requires_review,matched provenance identifier,source:src_search_6dae7aeadbda,source,human_review_item:review_anomaly_anom_012,human_review_item,
requires_review,matched provenance identifier,corroborated_event:event_003,corroborated_event,human_review_item:review_anomaly_anom_012,human_review_item,
requires_review,matched provenance identifier,normalized_record:rec_src_search_6dae7aeadbda_002,normalized_record,human_review_item:review_duplicate_event_004,human_review_item,
requires_review,matched provenance identifier,normalized_record:rec_src_search_6dae7aeadbda_001,normalized_record,human_review_item:review_duplicate_event_004,human_review_item,
requires_review,matched provenance identifier,corroborated_event:event_004,corroborated_event,human_review_item:review_duplicate_event_004,human_review_item,
requires_review,matched provenance identifier,claim:claim_rec_src_search_9baddae323c5_002_cases_probable,claim,human_review_item:review_claim_corroboration_review_corr_event_003,human_review_item,
requires_review,matched provenance identifier,claim:claim_rec_src_search_9baddae323c5_001_cases_suspected,claim,human_review_item:review_claim_corroboration_review_corr_event_003,human_review_item,
requires_review,matched provenance identifier,claim:claim_rec_src_search_9baddae323c5_003_cases_probable,claim,human_review_item:review_claim_corroboration_review_corr_event_003,human_review_item,
requires_review,matched provenance identifier,claim:claim_rec_src_search_9baddae323c5_004_cases_probable,claim,human_review_item:review_claim_corroboration_review_corr_event_003,human_review_item,
requires_review,matched provenance identifier,source:src_search_9baddae323c5,source,human_review_item:review_claim_corroboration_review_corr_event_003,human_review_item,
requires_review,matched provenance identifier,claim:claim_rec_src_search_2eb1c67db46f_001_cases_suspected,claim,human_review_item:review_claim_corroboration_review_corr_event_004,human_review_item,
requires_review,matched provenance identifier,source:src_search_2eb1c67db46f,source,human_review_item:review_claim_corroboration_review_corr_event_004,human_review_item,
requires_review,matched provenance identifier,claim:claim_rec_src_search_2eb1c67db46f_001_cases_confirmed,claim,human_review_item:review_claim_corroboration_review_corr_event_004,human_review_item,
requires_review,matched provenance identifier,claim:claim_rec_src_search_2eb1c67db46f_001_deaths,claim,human_review_item:review_claim_corroboration_review_corr_event_004,human_review_item,
requires_review,matched provenance identifier,claim:claim_rec_src_search_2eb1c67db46f_002_cases_confirmed,claim,human_review_item:review_claim_corroboration_review_corr_event_005,human_review_item,
requires_review,matched provenance identifier,claim:claim_rec_src_search_2eb1c67db46f_002_deaths,claim,human_review_item:review_claim_corroboration_review_corr_event_005,human_review_item,
requires_review,matched provenance identifier,source:src_search_2eb1c67db46f,source,human_review_item:review_claim_corroboration_review_corr_event_005,human_review_item,
requires_review,matched provenance identifier,claim:claim_rec_src_search_2eb1c67db46f_002_cases_suspected,claim,human_review_item:review_claim_corroboration_review_corr_event_005,human_review_item,
requires_review,matched provenance identifier,claim:claim_rec_src_search_df7c57966665_002_cases_unspecified,claim,human_review_item:review_claim_corroboration_review_corr_event_007,human_review_item,
requires_review,matched provenance identifier,claim:claim_rec_src_search_df7c57966665_002_deaths,claim,human_review_item:review_claim_corroboration_review_corr_event_007,human_review_item,
requires_review,matched provenance identifier,claim:claim_rec_src_search_df7c57966665_003_cases_unspecified,claim,human_review_item:review_claim_corroboration_review_corr_event_007,human_review_item,
requires_review,matched provenance identifier,source:src_search_df7c57966665,source,human_review_item:review_claim_corroboration_review_corr_event_007,human_review_item,
requires_review,matched provenance identifier,normalized_record:rec_src_search_df7c57966665_002,normalized_record,human_review_item:review_anomaly_anom_003,human_review_item,
requires_review,matched provenance identifier,source:src_search_df7c57966665,source,human_review_item:review_anomaly_anom_003,human_review_item,
requires_review,matched provenance identifier,source:src_search_1dbf2c45d0a6,source,human_review_item:review_source_credibility_src_search_1dbf2c45d0a6,human_review_item,
requires_review,matched provenance identifier,source:src_search_2e8e30169e0b,source,human_review_item:review_source_credibility_src_search_2e8e30169e0b,human_review_item,
requires_review,matched provenance identifier,source:src_search_3ab93461f77b,source,human_review_item:review_source_credibility_src_search_3ab93461f77b,human_review_item,
requires_review,matched provenance identifier,source:src_search_da7ccbd13318,source,human_review_item:review_source_credibility_src_search_da7ccbd13318,human_review_item,
requires_review,matched provenance identifier,normalized_record:rec_src_search_86d6f702e073_002,normalized_record,human_review_item:review_duplicate_event_008,human_review_item,
requires_review,matched provenance identifier,normalized_record:rec_src_search_86d6f702e073_001,normalized_record,human_review_item:review_duplicate_event_008,human_review_item,
requires_review,matched provenance identifier,source:src_search_5fd7d33501e8,source,human_review_item:review_anomaly_anom_001,human_review_item,
requires_review,matched provenance identifier,normalized_record:rec_src_search_5fd7d33501e8_001,normalized_record,human_review_item:review_anomaly_anom_001,human_review_item,
requires_review,matched provenance identifier,source:src_search_5fd7d33501e8,source,human_review_item:review_anomaly_anom_002,human_review_item,
requires_review,matched provenance identifier,normalized_record:rec_src_search_5fd7d33501e8_002,normalized_record,human_review_item:review_anomaly_anom_002,human_review_item,
requires_review,matched provenance identifier,normalized_record:rec_src_search_6dae7aeadbda_001,normalized_record,human_review_item:review_anomaly_anom_004,human_review_item,
requires_review,matched provenance identifier,source:src_search_6dae7aeadbda,source,human_review_item:review_anomaly_anom_004,human_review_item,
requires_review,matched provenance identifier,normalized_record:rec_src_search_6dae7aeadbda_003,normalized_record,human_review_item:review_anomaly_anom_006,human_review_item,
requires_review,matched provenance identifier,source:src_search_6dae7aeadbda,source,human_review_item:review_anomaly_anom_006,human_review_item,
requires_review,matched provenance identifier,normalized_record:rec_src_search_df7c57966665_002,normalized_record,human_review_item:review_linking_event_001,human_review_item,
requires_review,matched provenance identifier,normalized_record:rec_src_search_df7c57966665_003,normalized_record,human_review_item:review_linking_event_002,human_review_item,
requires_review,matched provenance identifier,normalized_record:rec_src_search_df7c57966665_002,normalized_record,human_review_item:review_normalization_rec_src_search_df7c57966665_002,human_review_item,
requires_review,matched provenance identifier,normalized_record:rec_src_search_df7c57966665_003,normalized_record,human_review_item:review_normalization_rec_src_search_df7c57966665_003,human_review_item,
requires_review,matched provenance identifier,normalized_record:rec_src_search_9baddae323c5_004,normalized_record,human_review_item:review_validation_val_result_009,human_review_item,
requires_review,matched provenance identifier,normalized_record:rec_src_search_df7c57966665_002,normalized_record,human_review_item:review_validation_val_result_014,human_review_item,
requires_review,matched provenance identifier,normalized_record:rec_src_search_df7c57966665_003,normalized_record,human_review_item:review_validation_val_result_015,human_review_item,
requires_review,matched provenance identifier,source:src_search_042037d6ca22,source,human_review_item:review_source_credibility_src_search_042037d6ca22,human_review_item,
requires_review,matched provenance identifier,source:src_search_066d8ce49c2c,source,human_review_item:review_source_credibility_src_search_066d8ce49c2c,human_review_item,
requires_review,matched provenance identifier,source:src_search_17249087cee3,source,human_review_item:review_source_credibility_src_search_17249087cee3,human_review_item,
requires_review,matched provenance identifier,source:src_search_1e36efa321f9,source,human_review_item:review_source_credibility_src_search_1e36efa321f9,human_review_item,
requires_review,matched provenance identifier,source:src_search_1e3a74a1fa2c,source,human_review_item:review_source_credibility_src_search_1e3a74a1fa2c,human_review_item,
requires_review,matched provenance identifier,source:src_search_2c14c05742aa,source,human_review_item:review_source_credibility_src_search_2c14c05742aa,human_review_item,
requires_review,matched provenance identifier,source:src_search_2eb1c67db46f,source,human_review_item:review_source_credibility_src_search_2eb1c67db46f,human_review_item,
requires_review,matched provenance identifier,source:src_search_387675deae44,source,human_review_item:review_source_credibility_src_search_387675deae44,human_review_item,
requires_review,matched provenance identifier,source:src_search_4520d2861241,source,human_review_item:review_source_credibility_src_search_4520d2861241,human_review_item,
requires_review,matched provenance identifier,source:src_search_4e6c9d96071d,source,human_review_item:review_source_credibility_src_search_4e6c9d96071d,human_review_item,
requires_review,matched provenance identifier,source:src_search_5fd7d33501e8,source,human_review_item:review_source_credibility_src_search_5fd7d33501e8,human_review_item,
requires_review,matched provenance identifier,source:src_search_9056ec86ef3d,source,human_review_item:review_source_credibility_src_search_9056ec86ef3d,human_review_item,
requires_review,matched provenance identifier,source:src_search_9baddae323c5,source,human_review_item:review_source_credibility_src_search_9baddae323c5,human_review_item,
requires_review,matched provenance identifier,source:src_search_9f1bffa1139f,source,human_review_item:review_source_credibility_src_search_9f1bffa1139f,human_review_item,
requires_review,matched provenance identifier,normalized_record:rec_src_search_5fd7d33501e8_001,normalized_record,human_review_item:review_linking_event_005,human_review_item,
requires_review,matched provenance identifier,normalized_record:rec_src_search_5fd7d33501e8_001,normalized_record,human_review_item:review_normalization_rec_src_search_5fd7d33501e8_001,human_review_item,
requires_review,matched provenance identifier,normalized_record:rec_src_search_df7c57966665_002,normalized_record,human_review_item:review_record_rec_src_search_df7c57966665_002,human_review_item,
requires_review,matched provenance identifier,normalized_record:rec_src_search_df7c57966665_003,normalized_record,human_review_item:review_record_rec_src_search_df7c57966665_003,human_review_item,
requires_review,matched provenance identifier,normalized_record:rec_src_search_5fd7d33501e8_001,normalized_record,human_review_item:review_validation_val_result_003,human_review_item,
requires_review,matched provenance identifier,normalized_record:rec_src_search_2eb1c67db46f_001,normalized_record,human_review_item:review_validation_val_result_010,human_review_item,
requires_review,matched provenance identifier,normalized_record:rec_src_search_6dae7aeadbda_003,normalized_record,human_review_item:review_validation_val_result_018,human_review_item,
requires_review,matched provenance identifier,normalized_record:rec_src_search_5fd7d33501e8_001,normalized_record,human_review_item:review_record_rec_src_search_5fd7d33501e8_001,human_review_item,
requires_review,matched provenance identifier,source:src_search_29507a107a69,source,human_review_item:review_core_metric_gap_src_search_29507a107a69,human_review_item,
requires_review,matched provenance identifier,source:src_search_4520d2861241,source,human_review_item:review_core_metric_gap_src_search_4520d2861241,human_review_item,
requires_review,matched provenance identifier,source:src_search_4680c60f7257,source,human_review_item:review_core_metric_gap_src_search_4680c60f7257,human_review_item,
requires_review,matched provenance identifier,source:src_search_60f9228c083d,source,human_review_item:review_core_metric_gap_src_search_60f9228c083d,human_review_item,
requires_review,matched provenance identifier,source:src_search_c19140f0ec24,source,human_review_item:review_core_metric_gap_src_search_c19140f0ec24,human_review_item,
requires_review,matched provenance identifier,source:src_search_d67b1bd84e67,source,human_review_item:review_core_metric_gap_src_search_d67b1bd84e67,human_review_item,
requires_review,matched provenance identifier,source:src_search_e6a611dc2382,source,human_review_item:review_core_metric_gap_src_search_e6a611dc2382,human_review_item,
requires_review,matched provenance identifier,source:src_search_f4f555107be5,source,human_review_item:review_core_metric_gap_src_search_f4f555107be5,human_review_item,
requires_review,matched provenance identifier,source:src_search_042037d6ca22,source,human_review_item:review_source_src_search_042037d6ca22,human_review_item,
requires_review,matched provenance identifier,source:src_search_066d8ce49c2c,source,human_review_item:review_source_src_search_066d8ce49c2c,human_review_item,
requires_review,matched provenance identifier,source:src_search_17249087cee3,source,human_review_item:review_source_src_search_17249087cee3,human_review_item,
requires_review,matched provenance identifier,source:src_search_1dbf2c45d0a6,source,human_review_item:review_source_src_search_1dbf2c45d0a6,human_review_item,
requires_review,matched provenance identifier,source:src_search_1e36efa321f9,source,human_review_item:review_source_src_search_1e36efa321f9,human_review_item,
requires_review,matched provenance identifier,source:src_search_1e3a74a1fa2c,source,human_review_item:review_source_src_search_1e3a74a1fa2c,human_review_item,
requires_review,matched provenance identifier,source:src_search_2c14c05742aa,source,human_review_item:review_source_src_search_2c14c05742aa,human_review_item,
requires_review,matched provenance identifier,source:src_search_2e8e30169e0b,source,human_review_item:review_source_src_search_2e8e30169e0b,human_review_item,
requires_review,matched provenance identifier,source:src_search_2eb1c67db46f,source,human_review_item:review_source_src_search_2eb1c67db46f,human_review_item,
requires_review,matched provenance identifier,source:src_search_387675deae44,source,human_review_item:review_source_src_search_387675deae44,human_review_item,
requires_review,matched provenance identifier,source:src_search_3ab93461f77b,source,human_review_item:review_source_src_search_3ab93461f77b,human_review_item,
requires_review,matched provenance identifier,source:src_search_4520d2861241,source,human_review_item:review_source_src_search_4520d2861241,human_review_item,
requires_review,matched provenance identifier,source:src_search_4e6c9d96071d,source,human_review_item:review_source_src_search_4e6c9d96071d,human_review_item,
requires_review,matched provenance identifier,source:src_search_52123c6cbbdd,source,human_review_item:review_source_src_search_52123c6cbbdd,human_review_item,
requires_review,matched provenance identifier,source:src_search_5fd7d33501e8,source,human_review_item:review_source_src_search_5fd7d33501e8,human_review_item,
requires_review,matched provenance identifier,source:src_search_7e0b0805f573,source,human_review_item:review_source_src_search_7e0b0805f573,human_review_item,
requires_review,matched provenance identifier,source:src_search_87a1569617ed,source,human_review_item:review_source_src_search_87a1569617ed,human_review_item,
requires_review,matched provenance identifier,source:src_search_9056ec86ef3d,source,human_review_item:review_source_src_search_9056ec86ef3d,human_review_item,
requires_review,matched provenance identifier,source:src_search_9baddae323c5,source,human_review_item:review_source_src_search_9baddae323c5,human_review_item,
requires_review,matched provenance identifier,source:src_search_9f1bffa1139f,source,human_review_item:review_source_src_search_9f1bffa1139f,human_review_item,
requires_review,matched provenance identifier,source:src_search_aa046585f404,source,human_review_item:review_source_src_search_aa046585f404,human_review_item,
requires_review,matched provenance identifier,source:src_search_beb2acd883bf,source,human_review_item:review_source_src_search_beb2acd883bf,human_review_item,
requires_review,matched provenance identifier,source:src_search_c543063343d0,source,human_review_item:review_source_src_search_c543063343d0,human_review_item,
requires_review,matched provenance identifier,source:src_search_da7ccbd13318,source,human_review_item:review_source_src_search_da7ccbd13318,human_review_item,
requires_review,matched provenance identifier,source:src_search_f70e61906754,source,human_review_item:review_source_src_search_f70e61906754,human_review_item,
