edge_type,reason,source,source_type,target,target_type,warnings
fetched_as,document.source_id links to source,source:src_search_53763309bf94,source,document:doc_001,document,
fetched_as,document.source_id links to source,source:src_search_b833a635676e,source,document:doc_002,document,
fetched_as,document.source_id links to source,source:src_search_f8170b43e1cb,source,document:doc_003,document,
fetched_as,document.source_id links to source,source:src_search_cab7ecda0f44,source,document:doc_004,document,
fetched_as,document.source_id links to source,source:src_search_19aff7ba1bc3,source,document:doc_005,document,
fetched_as,document.source_id links to source,source:src_search_ce6ce02a80f2,source,document:doc_006,document,
fetched_as,document.source_id links to source,source:src_search_84acc76573c8,source,document:doc_007,document,
fetched_as,document.source_id links to source,source:src_search_1298a67f3fad,source,document:doc_008,document,
fetched_as,document.source_id links to source,source:src_search_e1219da5b350,source,document:doc_009,document,
fetched_as,document.source_id links to source,source:src_search_752899844c7d,source,document:doc_010,document,
fetched_as,document.source_id links to source,source:src_search_0b6168dbc1ac,source,document:doc_011,document,
fetched_as,document.source_id links to source,source:src_search_24c5b0ef4721,source,document:doc_012,document,
fetched_as,document.source_id links to source,source:src_search_b1f2ac4b0ced,source,document:doc_013,document,
fetched_as,document.source_id links to source,source:src_search_61d84b08b5f6,source,document:doc_014,document,
fetched_as,document.source_id links to source,source:src_search_526c2e2794af,source,document:doc_015,document,
fetched_as,document.source_id links to source,source:src_search_1b7b98980b61,source,document:doc_016,document,
fetched_as,document.source_id links to source,source:src_search_10be9e5758bd,source,document:doc_017,document,
fetched_as,document.source_id links to source,source:src_search_fbce10f4ecc0,source,document:doc_018,document,
fetched_as,document.source_id links to source,source:src_search_1e7b9bff1f18,source,document:doc_019,document,
fetched_as,document.source_id links to source,source:src_search_7c5388af6a44,source,document:doc_020,document,
fetched_as,document.source_id links to source,source:src_search_1924f0a4657b,source,document:doc_021,document,
fetched_as,document.source_id links to source,source:src_search_6aa02e4e4389,source,document:doc_022,document,
fetched_as,document.source_id links to source,source:src_search_27e7d88d8c1f,source,document:doc_023,document,
fetched_as,document.source_id links to source,source:src_search_5aec5f976eeb,source,document:doc_024,document,
fetched_as,document.source_id links to source,source:src_search_ca32feb87a96,source,document:doc_025,document,
fetched_as,document.source_id links to source,source:src_search_60f9228c083d,source,document:doc_026,document,
fetched_as,document.source_id links to source,source:src_search_6cc03a0a2cfe,source,document:doc_027,document,
fetched_as,document.source_id links to source,source:src_search_d0df6d007394,source,document:doc_028,document,
fetched_as,document.source_id links to source,source:src_search_41068fc0d551,source,document:doc_029,document,
fetched_as,document.source_id links to source,source:src_search_31cd9572c4dd,source,document:doc_030,document,
fetched_as,document.source_id links to source,source:src_search_ff7b38a2792d,source,document:doc_031,document,
fetched_as,document.source_id links to source,source:src_search_53763309bf94,source,document:doc_032,document,
fetched_as,document.source_id links to source,source:src_search_b833a635676e,source,document:doc_033,document,
fetched_as,document.source_id links to source,source:src_search_f8170b43e1cb,source,document:doc_034,document,
fetched_as,document.source_id links to source,source:src_search_cab7ecda0f44,source,document:doc_035,document,
fetched_as,document.source_id links to source,source:src_search_19aff7ba1bc3,source,document:doc_036,document,
fetched_as,document.source_id links to source,source:src_search_ce6ce02a80f2,source,document:doc_037,document,
fetched_as,document.source_id links to source,source:src_search_84acc76573c8,source,document:doc_038,document,
fetched_as,document.source_id links to source,source:src_search_1298a67f3fad,source,document:doc_039,document,
fetched_as,document.source_id links to source,source:src_search_e1219da5b350,source,document:doc_040,document,
fetched_as,document.source_id links to source,source:src_search_752899844c7d,source,document:doc_041,document,
fetched_as,document.source_id links to source,source:src_search_0b6168dbc1ac,source,document:doc_042,document,
fetched_as,document.source_id links to source,source:src_search_24c5b0ef4721,source,document:doc_043,document,
fetched_as,document.source_id links to source,source:src_search_b1f2ac4b0ced,source,document:doc_044,document,
fetched_as,document.source_id links to source,source:src_search_61d84b08b5f6,source,document:doc_045,document,
fetched_as,document.source_id links to source,source:src_search_526c2e2794af,source,document:doc_046,document,
fetched_as,document.source_id links to source,source:src_search_1b7b98980b61,source,document:doc_047,document,
fetched_as,document.source_id links to source,source:src_search_10be9e5758bd,source,document:doc_048,document,
fetched_as,document.source_id links to source,source:src_search_fbce10f4ecc0,source,document:doc_049,document,
fetched_as,document.source_id links to source,source:src_search_1e7b9bff1f18,source,document:doc_050,document,
fetched_as,document.source_id links to source,source:src_search_7c5388af6a44,source,document:doc_051,document,
fetched_as,document.source_id links to source,source:src_search_1924f0a4657b,source,document:doc_052,document,
fetched_as,document.source_id links to source,source:src_search_6aa02e4e4389,source,document:doc_053,document,
fetched_as,document.source_id links to source,source:src_search_27e7d88d8c1f,source,document:doc_054,document,
fetched_as,document.source_id links to source,source:src_search_5aec5f976eeb,source,document:doc_055,document,
fetched_as,document.source_id links to source,source:src_search_ca32feb87a96,source,document:doc_056,document,
fetched_as,document.source_id links to source,source:src_search_60f9228c083d,source,document:doc_057,document,
fetched_as,document.source_id links to source,source:src_search_6cc03a0a2cfe,source,document:doc_058,document,
fetched_as,document.source_id links to source,source:src_search_d0df6d007394,source,document:doc_059,document,
fetched_as,document.source_id links to source,source:src_search_41068fc0d551,source,document:doc_060,document,
fetched_as,document.source_id links to source,source:src_search_31cd9572c4dd,source,document:doc_061,document,
fetched_as,document.source_id links to source,source:src_search_ff7b38a2792d,source,document:doc_062,document,
fetched_as,document.source_id links to source,source:src_search_74e6da22c7aa,source,document:doc_063,document,
fetched_as,document.source_id links to source,source:src_search_19e4b6b2e376,source,document:doc_064,document,
fetched_as,document.source_id links to source,source:src_search_538a1d433fd1,source,document:doc_065,document,
fetched_as,document.source_id links to source,source:src_search_302edcfa2635,source,document:doc_066,document,
fetched_as,document.source_id links to source,source:src_search_be4bdb98b361,source,document:doc_067,document,
fetched_as,document.source_id links to source,source:src_search_ba28ea669df7,source,document:doc_068,document,
fetched_as,document.source_id links to source,source:src_search_051cb6779b0a,source,document:doc_069,document,
fetched_as,document.source_id links to source,source:src_search_304300adfbfc,source,document:doc_070,document,
fetched_as,document.source_id links to source,source:src_search_fbcc657a07a3,source,document:doc_071,document,
extracted_into,record.supporting_chunk_id links to evidence chunk,evidence_chunk:chunk_src_search_31cd9572c4dd_028,evidence_chunk,raw_record:rec_src_search_31cd9572c4dd_001,raw_record,
extracted_into,record.supporting_chunk_id links to evidence chunk,evidence_chunk:chunk_src_search_31cd9572c4dd_028,evidence_chunk,raw_record:rec_src_search_31cd9572c4dd_002,raw_record,
extracted_into,record.supporting_chunk_id links to evidence chunk,evidence_chunk:chunk_src_search_31cd9572c4dd_028,evidence_chunk,raw_record:rec_src_search_31cd9572c4dd_003,raw_record,
extracted_into,record.supporting_chunk_id links to evidence chunk,evidence_chunk:chunk_src_search_31cd9572c4dd_028,evidence_chunk,raw_record:rec_src_search_31cd9572c4dd_004,raw_record,
extracted_into,record.supporting_chunk_id links to evidence chunk,evidence_chunk:chunk_src_search_31cd9572c4dd_028,evidence_chunk,raw_record:rec_src_search_31cd9572c4dd_005,raw_record,
extracted_into,record.supporting_chunk_id links to evidence chunk,evidence_chunk:chunk_src_search_31cd9572c4dd_028,evidence_chunk,raw_record:rec_src_search_31cd9572c4dd_006,raw_record,
extracted_into,record.supporting_chunk_id links to evidence chunk,evidence_chunk:chunk_src_search_31cd9572c4dd_028,evidence_chunk,raw_record:rec_src_search_31cd9572c4dd_007,raw_record,
extracted_into,record.supporting_chunk_id links to evidence chunk,evidence_chunk:chunk_src_search_31cd9572c4dd_028,evidence_chunk,raw_record:rec_src_search_31cd9572c4dd_008,raw_record,
extracted_into,record.supporting_chunk_id links to evidence chunk,evidence_chunk:chunk_src_search_31cd9572c4dd_028,evidence_chunk,raw_record:rec_src_search_31cd9572c4dd_009,raw_record,
extracted_into,record.supporting_chunk_id links to evidence chunk,evidence_chunk:chunk_src_search_31cd9572c4dd_028,evidence_chunk,raw_record:rec_src_search_31cd9572c4dd_010,raw_record,
extracted_into,record.supporting_chunk_id links to evidence chunk,evidence_chunk:chunk_src_search_31cd9572c4dd_028,evidence_chunk,raw_record:rec_src_search_31cd9572c4dd_011,raw_record,
extracted_into,record.supporting_chunk_id links to evidence chunk,evidence_chunk:chunk_src_search_31cd9572c4dd_028,evidence_chunk,raw_record:rec_src_search_31cd9572c4dd_012,raw_record,
extracted_into,record.supporting_chunk_id links to evidence chunk,evidence_chunk:chunk_src_search_31cd9572c4dd_028,evidence_chunk,raw_record:rec_src_search_31cd9572c4dd_013,raw_record,
extracted_into,record.supporting_chunk_id links to evidence chunk,evidence_chunk:chunk_src_search_31cd9572c4dd_028,evidence_chunk,raw_record:rec_src_search_31cd9572c4dd_014,raw_record,
extracted_into,record.supporting_chunk_id links to evidence chunk,evidence_chunk:chunk_src_search_31cd9572c4dd_028,evidence_chunk,raw_record:rec_src_search_31cd9572c4dd_015,raw_record,
extracted_into,record.supporting_chunk_id links to evidence chunk,evidence_chunk:chunk_src_search_31cd9572c4dd_028,evidence_chunk,raw_record:rec_src_search_31cd9572c4dd_016,raw_record,
extracted_into,record.supporting_chunk_id links to evidence chunk,evidence_chunk:chunk_src_search_53763309bf94_013,evidence_chunk,raw_record:rec_src_search_53763309bf94_001,raw_record,
extracted_into,record.supporting_chunk_id links to evidence chunk,evidence_chunk:chunk_src_search_ce6ce02a80f2_012,evidence_chunk,raw_record:rec_src_search_ce6ce02a80f2_001,raw_record,
extracted_into,record.supporting_chunk_id links to evidence chunk,evidence_chunk:chunk_src_search_ce6ce02a80f2_013,evidence_chunk,raw_record:rec_src_search_ce6ce02a80f2_002,raw_record,
extracted_into,record.supporting_chunk_id links to evidence chunk,evidence_chunk:chunk_src_search_ce6ce02a80f2_021,evidence_chunk,raw_record:rec_src_search_ce6ce02a80f2_003,raw_record,
extracted_into,record.supporting_chunk_id links to evidence chunk,evidence_chunk:chunk_src_search_ce6ce02a80f2_023,evidence_chunk,raw_record:rec_src_search_ce6ce02a80f2_004,raw_record,
extracted_into,record.supporting_chunk_id links to evidence chunk,evidence_chunk:chunk_src_search_ce6ce02a80f2_023,evidence_chunk,raw_record:rec_src_search_ce6ce02a80f2_005,raw_record,
extracted_into,record.supporting_chunk_id links to evidence chunk,evidence_chunk:chunk_src_search_ce6ce02a80f2_022,evidence_chunk,raw_record:rec_src_search_ce6ce02a80f2_006,raw_record,
extracted_into,record.supporting_chunk_id links to evidence chunk,evidence_chunk:chunk_src_search_ce6ce02a80f2_022,evidence_chunk,raw_record:rec_src_search_ce6ce02a80f2_007,raw_record,
extracted_into,record.supporting_chunk_id links to evidence chunk,evidence_chunk:chunk_src_search_ce6ce02a80f2_022,evidence_chunk,raw_record:rec_src_search_ce6ce02a80f2_008,raw_record,
extracted_into,record.supporting_chunk_id links to evidence chunk,evidence_chunk:chunk_src_search_ce6ce02a80f2_022,evidence_chunk,raw_record:rec_src_search_ce6ce02a80f2_009,raw_record,
extracted_into,record.supporting_chunk_id links to evidence chunk,evidence_chunk:chunk_src_search_ce6ce02a80f2_022,evidence_chunk,raw_record:rec_src_search_ce6ce02a80f2_010,raw_record,
extracted_into,record.supporting_chunk_id links to evidence chunk,evidence_chunk:chunk_src_search_ce6ce02a80f2_024,evidence_chunk,raw_record:rec_src_search_ce6ce02a80f2_011,raw_record,
extracted_into,record.supporting_chunk_id links to evidence chunk,evidence_chunk:chunk_src_search_19aff7ba1bc3_001,evidence_chunk,raw_record:rec_src_search_19aff7ba1bc3_001,raw_record,
extracted_into,record.supporting_chunk_id links to evidence chunk,evidence_chunk:chunk_src_search_19aff7ba1bc3_001,evidence_chunk,raw_record:rec_src_search_19aff7ba1bc3_002,raw_record,
extracted_into,record.supporting_chunk_id links to evidence chunk,evidence_chunk:chunk_src_search_19aff7ba1bc3_001,evidence_chunk,raw_record:rec_src_search_19aff7ba1bc3_003,raw_record,
extracted_into,record.supporting_chunk_id links to evidence chunk,evidence_chunk:chunk_src_search_19aff7ba1bc3_001,evidence_chunk,raw_record:rec_src_search_19aff7ba1bc3_004,raw_record,
extracted_into,record.supporting_chunk_id links to evidence chunk,evidence_chunk:chunk_src_search_84acc76573c8_001,evidence_chunk,raw_record:rec_src_search_84acc76573c8_001,raw_record,
extracted_into,record.supporting_chunk_id links to evidence chunk,evidence_chunk:chunk_src_search_84acc76573c8_001,evidence_chunk,raw_record:rec_src_search_84acc76573c8_002,raw_record,
extracted_into,record.supporting_chunk_id links to evidence chunk,evidence_chunk:chunk_src_search_84acc76573c8_001,evidence_chunk,raw_record:rec_src_search_84acc76573c8_003,raw_record,
extracted_into,record.supporting_chunk_id links to evidence chunk,evidence_chunk:chunk_src_search_1298a67f3fad_001,evidence_chunk,raw_record:rec_src_search_1298a67f3fad_001,raw_record,
extracted_into,record.supporting_chunk_id links to evidence chunk,evidence_chunk:chunk_src_search_1298a67f3fad_001,evidence_chunk,raw_record:rec_src_search_1298a67f3fad_002,raw_record,
extracted_into,record.supporting_chunk_id links to evidence chunk,evidence_chunk:chunk_src_search_e1219da5b350_001,evidence_chunk,raw_record:rec_src_search_e1219da5b350_001,raw_record,
extracted_into,record.supporting_chunk_id links to evidence chunk,evidence_chunk:chunk_src_search_e1219da5b350_001,evidence_chunk,raw_record:rec_src_search_e1219da5b350_002,raw_record,
extracted_into,record.supporting_chunk_id links to evidence chunk,evidence_chunk:chunk_src_search_e1219da5b350_001,evidence_chunk,raw_record:rec_src_search_e1219da5b350_003,raw_record,
extracted_into,record.supporting_chunk_id links to evidence chunk,evidence_chunk:chunk_src_search_752899844c7d_001,evidence_chunk,raw_record:rec_src_search_752899844c7d_001,raw_record,
extracted_into,record.supporting_chunk_id links to evidence chunk,evidence_chunk:chunk_src_search_752899844c7d_001,evidence_chunk,raw_record:rec_src_search_752899844c7d_002,raw_record,
extracted_into,record.supporting_chunk_id links to evidence chunk,evidence_chunk:chunk_src_search_752899844c7d_001,evidence_chunk,raw_record:rec_src_search_752899844c7d_003,raw_record,
extracted_into,record.supporting_chunk_id links to evidence chunk,evidence_chunk:chunk_src_search_31cd9572c4dd_028,evidence_chunk,validated_record:rec_src_search_31cd9572c4dd_001,validated_record,
extracted_into,record.supporting_chunk_id links to evidence chunk,evidence_chunk:chunk_src_search_31cd9572c4dd_028,evidence_chunk,validated_record:rec_src_search_31cd9572c4dd_002,validated_record,
extracted_into,record.supporting_chunk_id links to evidence chunk,evidence_chunk:chunk_src_search_31cd9572c4dd_028,evidence_chunk,validated_record:rec_src_search_31cd9572c4dd_003,validated_record,
extracted_into,record.supporting_chunk_id links to evidence chunk,evidence_chunk:chunk_src_search_31cd9572c4dd_028,evidence_chunk,validated_record:rec_src_search_31cd9572c4dd_004,validated_record,
extracted_into,record.supporting_chunk_id links to evidence chunk,evidence_chunk:chunk_src_search_31cd9572c4dd_028,evidence_chunk,validated_record:rec_src_search_31cd9572c4dd_005,validated_record,
extracted_into,record.supporting_chunk_id links to evidence chunk,evidence_chunk:chunk_src_search_31cd9572c4dd_028,evidence_chunk,validated_record:rec_src_search_31cd9572c4dd_006,validated_record,
extracted_into,record.supporting_chunk_id links to evidence chunk,evidence_chunk:chunk_src_search_31cd9572c4dd_028,evidence_chunk,validated_record:rec_src_search_31cd9572c4dd_007,validated_record,
extracted_into,record.supporting_chunk_id links to evidence chunk,evidence_chunk:chunk_src_search_31cd9572c4dd_028,evidence_chunk,validated_record:rec_src_search_31cd9572c4dd_008,validated_record,
extracted_into,record.supporting_chunk_id links to evidence chunk,evidence_chunk:chunk_src_search_31cd9572c4dd_028,evidence_chunk,validated_record:rec_src_search_31cd9572c4dd_009,validated_record,
extracted_into,record.supporting_chunk_id links to evidence chunk,evidence_chunk:chunk_src_search_31cd9572c4dd_028,evidence_chunk,validated_record:rec_src_search_31cd9572c4dd_010,validated_record,
extracted_into,record.supporting_chunk_id links to evidence chunk,evidence_chunk:chunk_src_search_31cd9572c4dd_028,evidence_chunk,validated_record:rec_src_search_31cd9572c4dd_011,validated_record,
extracted_into,record.supporting_chunk_id links to evidence chunk,evidence_chunk:chunk_src_search_31cd9572c4dd_028,evidence_chunk,validated_record:rec_src_search_31cd9572c4dd_012,validated_record,
extracted_into,record.supporting_chunk_id links to evidence chunk,evidence_chunk:chunk_src_search_31cd9572c4dd_028,evidence_chunk,validated_record:rec_src_search_31cd9572c4dd_013,validated_record,
extracted_into,record.supporting_chunk_id links to evidence chunk,evidence_chunk:chunk_src_search_31cd9572c4dd_028,evidence_chunk,validated_record:rec_src_search_31cd9572c4dd_014,validated_record,
extracted_into,record.supporting_chunk_id links to evidence chunk,evidence_chunk:chunk_src_search_31cd9572c4dd_028,evidence_chunk,validated_record:rec_src_search_31cd9572c4dd_015,validated_record,
extracted_into,record.supporting_chunk_id links to evidence chunk,evidence_chunk:chunk_src_search_31cd9572c4dd_028,evidence_chunk,validated_record:rec_src_search_31cd9572c4dd_016,validated_record,
extracted_into,record.supporting_chunk_id links to evidence chunk,evidence_chunk:chunk_src_search_53763309bf94_013,evidence_chunk,validated_record:rec_src_search_53763309bf94_001,validated_record,
extracted_into,record.supporting_chunk_id links to evidence chunk,evidence_chunk:chunk_src_search_ce6ce02a80f2_012,evidence_chunk,validated_record:rec_src_search_ce6ce02a80f2_001,validated_record,
extracted_into,record.supporting_chunk_id links to evidence chunk,evidence_chunk:chunk_src_search_ce6ce02a80f2_013,evidence_chunk,validated_record:rec_src_search_ce6ce02a80f2_002,validated_record,
extracted_into,record.supporting_chunk_id links to evidence chunk,evidence_chunk:chunk_src_search_ce6ce02a80f2_021,evidence_chunk,validated_record:rec_src_search_ce6ce02a80f2_003,validated_record,
extracted_into,record.supporting_chunk_id links to evidence chunk,evidence_chunk:chunk_src_search_ce6ce02a80f2_023,evidence_chunk,validated_record:rec_src_search_ce6ce02a80f2_004,validated_record,
extracted_into,record.supporting_chunk_id links to evidence chunk,evidence_chunk:chunk_src_search_ce6ce02a80f2_023,evidence_chunk,validated_record:rec_src_search_ce6ce02a80f2_005,validated_record,
extracted_into,record.supporting_chunk_id links to evidence chunk,evidence_chunk:chunk_src_search_ce6ce02a80f2_022,evidence_chunk,validated_record:rec_src_search_ce6ce02a80f2_006,validated_record,
extracted_into,record.supporting_chunk_id links to evidence chunk,evidence_chunk:chunk_src_search_ce6ce02a80f2_022,evidence_chunk,validated_record:rec_src_search_ce6ce02a80f2_007,validated_record,
extracted_into,record.supporting_chunk_id links to evidence chunk,evidence_chunk:chunk_src_search_ce6ce02a80f2_022,evidence_chunk,validated_record:rec_src_search_ce6ce02a80f2_008,validated_record,
extracted_into,record.supporting_chunk_id links to evidence chunk,evidence_chunk:chunk_src_search_ce6ce02a80f2_022,evidence_chunk,validated_record:rec_src_search_ce6ce02a80f2_009,validated_record,
extracted_into,record.supporting_chunk_id links to evidence chunk,evidence_chunk:chunk_src_search_ce6ce02a80f2_022,evidence_chunk,validated_record:rec_src_search_ce6ce02a80f2_010,validated_record,
extracted_into,record.supporting_chunk_id links to evidence chunk,evidence_chunk:chunk_src_search_ce6ce02a80f2_024,evidence_chunk,validated_record:rec_src_search_ce6ce02a80f2_011,validated_record,
extracted_into,record.supporting_chunk_id links to evidence chunk,evidence_chunk:chunk_src_search_19aff7ba1bc3_001,evidence_chunk,validated_record:rec_src_search_19aff7ba1bc3_001,validated_record,
extracted_into,record.supporting_chunk_id links to evidence chunk,evidence_chunk:chunk_src_search_19aff7ba1bc3_001,evidence_chunk,validated_record:rec_src_search_19aff7ba1bc3_002,validated_record,
extracted_into,record.supporting_chunk_id links to evidence chunk,evidence_chunk:chunk_src_search_19aff7ba1bc3_001,evidence_chunk,validated_record:rec_src_search_19aff7ba1bc3_003,validated_record,
extracted_into,record.supporting_chunk_id links to evidence chunk,evidence_chunk:chunk_src_search_19aff7ba1bc3_001,evidence_chunk,validated_record:rec_src_search_19aff7ba1bc3_004,validated_record,
extracted_into,record.supporting_chunk_id links to evidence chunk,evidence_chunk:chunk_src_search_84acc76573c8_001,evidence_chunk,validated_record:rec_src_search_84acc76573c8_001,validated_record,
extracted_into,record.supporting_chunk_id links to evidence chunk,evidence_chunk:chunk_src_search_84acc76573c8_001,evidence_chunk,validated_record:rec_src_search_84acc76573c8_002,validated_record,
extracted_into,record.supporting_chunk_id links to evidence chunk,evidence_chunk:chunk_src_search_84acc76573c8_001,evidence_chunk,validated_record:rec_src_search_84acc76573c8_003,validated_record,
extracted_into,record.supporting_chunk_id links to evidence chunk,evidence_chunk:chunk_src_search_1298a67f3fad_001,evidence_chunk,validated_record:rec_src_search_1298a67f3fad_001,validated_record,
extracted_into,record.supporting_chunk_id links to evidence chunk,evidence_chunk:chunk_src_search_1298a67f3fad_001,evidence_chunk,validated_record:rec_src_search_1298a67f3fad_002,validated_record,
extracted_into,record.supporting_chunk_id links to evidence chunk,evidence_chunk:chunk_src_search_e1219da5b350_001,evidence_chunk,validated_record:rec_src_search_e1219da5b350_001,validated_record,
extracted_into,record.supporting_chunk_id links to evidence chunk,evidence_chunk:chunk_src_search_e1219da5b350_001,evidence_chunk,validated_record:rec_src_search_e1219da5b350_002,validated_record,
extracted_into,record.supporting_chunk_id links to evidence chunk,evidence_chunk:chunk_src_search_e1219da5b350_001,evidence_chunk,validated_record:rec_src_search_e1219da5b350_003,validated_record,
extracted_into,record.supporting_chunk_id links to evidence chunk,evidence_chunk:chunk_src_search_752899844c7d_001,evidence_chunk,validated_record:rec_src_search_752899844c7d_001,validated_record,
extracted_into,record.supporting_chunk_id links to evidence chunk,evidence_chunk:chunk_src_search_752899844c7d_001,evidence_chunk,validated_record:rec_src_search_752899844c7d_002,validated_record,
extracted_into,record.supporting_chunk_id links to evidence chunk,evidence_chunk:chunk_src_search_752899844c7d_001,evidence_chunk,validated_record:rec_src_search_752899844c7d_003,validated_record,
extracted_into,record.supporting_chunk_id links to evidence chunk,evidence_chunk:chunk_src_search_31cd9572c4dd_028,evidence_chunk,normalized_record:rec_src_search_31cd9572c4dd_001,normalized_record,
extracted_into,record.supporting_chunk_id links to evidence chunk,evidence_chunk:chunk_src_search_31cd9572c4dd_028,evidence_chunk,normalized_record:rec_src_search_31cd9572c4dd_002,normalized_record,
extracted_into,record.supporting_chunk_id links to evidence chunk,evidence_chunk:chunk_src_search_31cd9572c4dd_028,evidence_chunk,normalized_record:rec_src_search_31cd9572c4dd_003,normalized_record,
extracted_into,record.supporting_chunk_id links to evidence chunk,evidence_chunk:chunk_src_search_31cd9572c4dd_028,evidence_chunk,normalized_record:rec_src_search_31cd9572c4dd_004,normalized_record,
extracted_into,record.supporting_chunk_id links to evidence chunk,evidence_chunk:chunk_src_search_31cd9572c4dd_028,evidence_chunk,normalized_record:rec_src_search_31cd9572c4dd_005,normalized_record,
extracted_into,record.supporting_chunk_id links to evidence chunk,evidence_chunk:chunk_src_search_31cd9572c4dd_028,evidence_chunk,normalized_record:rec_src_search_31cd9572c4dd_006,normalized_record,
extracted_into,record.supporting_chunk_id links to evidence chunk,evidence_chunk:chunk_src_search_31cd9572c4dd_028,evidence_chunk,normalized_record:rec_src_search_31cd9572c4dd_007,normalized_record,
extracted_into,record.supporting_chunk_id links to evidence chunk,evidence_chunk:chunk_src_search_31cd9572c4dd_028,evidence_chunk,normalized_record:rec_src_search_31cd9572c4dd_008,normalized_record,
extracted_into,record.supporting_chunk_id links to evidence chunk,evidence_chunk:chunk_src_search_31cd9572c4dd_028,evidence_chunk,normalized_record:rec_src_search_31cd9572c4dd_009,normalized_record,
extracted_into,record.supporting_chunk_id links to evidence chunk,evidence_chunk:chunk_src_search_31cd9572c4dd_028,evidence_chunk,normalized_record:rec_src_search_31cd9572c4dd_010,normalized_record,
extracted_into,record.supporting_chunk_id links to evidence chunk,evidence_chunk:chunk_src_search_31cd9572c4dd_028,evidence_chunk,normalized_record:rec_src_search_31cd9572c4dd_011,normalized_record,
extracted_into,record.supporting_chunk_id links to evidence chunk,evidence_chunk:chunk_src_search_31cd9572c4dd_028,evidence_chunk,normalized_record:rec_src_search_31cd9572c4dd_012,normalized_record,
extracted_into,record.supporting_chunk_id links to evidence chunk,evidence_chunk:chunk_src_search_31cd9572c4dd_028,evidence_chunk,normalized_record:rec_src_search_31cd9572c4dd_013,normalized_record,
extracted_into,record.supporting_chunk_id links to evidence chunk,evidence_chunk:chunk_src_search_31cd9572c4dd_028,evidence_chunk,normalized_record:rec_src_search_31cd9572c4dd_014,normalized_record,
extracted_into,record.supporting_chunk_id links to evidence chunk,evidence_chunk:chunk_src_search_31cd9572c4dd_028,evidence_chunk,normalized_record:rec_src_search_31cd9572c4dd_015,normalized_record,
extracted_into,record.supporting_chunk_id links to evidence chunk,evidence_chunk:chunk_src_search_31cd9572c4dd_028,evidence_chunk,normalized_record:rec_src_search_31cd9572c4dd_016,normalized_record,
extracted_into,record.supporting_chunk_id links to evidence chunk,evidence_chunk:chunk_src_search_53763309bf94_013,evidence_chunk,normalized_record:rec_src_search_53763309bf94_001,normalized_record,
extracted_into,record.supporting_chunk_id links to evidence chunk,evidence_chunk:chunk_src_search_ce6ce02a80f2_012,evidence_chunk,normalized_record:rec_src_search_ce6ce02a80f2_001,normalized_record,
extracted_into,record.supporting_chunk_id links to evidence chunk,evidence_chunk:chunk_src_search_ce6ce02a80f2_013,evidence_chunk,normalized_record:rec_src_search_ce6ce02a80f2_002,normalized_record,
extracted_into,record.supporting_chunk_id links to evidence chunk,evidence_chunk:chunk_src_search_ce6ce02a80f2_021,evidence_chunk,normalized_record:rec_src_search_ce6ce02a80f2_003,normalized_record,
extracted_into,record.supporting_chunk_id links to evidence chunk,evidence_chunk:chunk_src_search_ce6ce02a80f2_023,evidence_chunk,normalized_record:rec_src_search_ce6ce02a80f2_004,normalized_record,
extracted_into,record.supporting_chunk_id links to evidence chunk,evidence_chunk:chunk_src_search_ce6ce02a80f2_023,evidence_chunk,normalized_record:rec_src_search_ce6ce02a80f2_005,normalized_record,
extracted_into,record.supporting_chunk_id links to evidence chunk,evidence_chunk:chunk_src_search_ce6ce02a80f2_022,evidence_chunk,normalized_record:rec_src_search_ce6ce02a80f2_006,normalized_record,
extracted_into,record.supporting_chunk_id links to evidence chunk,evidence_chunk:chunk_src_search_ce6ce02a80f2_022,evidence_chunk,normalized_record:rec_src_search_ce6ce02a80f2_007,normalized_record,
extracted_into,record.supporting_chunk_id links to evidence chunk,evidence_chunk:chunk_src_search_ce6ce02a80f2_022,evidence_chunk,normalized_record:rec_src_search_ce6ce02a80f2_008,normalized_record,
extracted_into,record.supporting_chunk_id links to evidence chunk,evidence_chunk:chunk_src_search_ce6ce02a80f2_022,evidence_chunk,normalized_record:rec_src_search_ce6ce02a80f2_009,normalized_record,
extracted_into,record.supporting_chunk_id links to evidence chunk,evidence_chunk:chunk_src_search_ce6ce02a80f2_022,evidence_chunk,normalized_record:rec_src_search_ce6ce02a80f2_010,normalized_record,
extracted_into,record.supporting_chunk_id links to evidence chunk,evidence_chunk:chunk_src_search_ce6ce02a80f2_024,evidence_chunk,normalized_record:rec_src_search_ce6ce02a80f2_011,normalized_record,
extracted_into,record.supporting_chunk_id links to evidence chunk,evidence_chunk:chunk_src_search_19aff7ba1bc3_001,evidence_chunk,normalized_record:rec_src_search_19aff7ba1bc3_001,normalized_record,
extracted_into,record.supporting_chunk_id links to evidence chunk,evidence_chunk:chunk_src_search_19aff7ba1bc3_001,evidence_chunk,normalized_record:rec_src_search_19aff7ba1bc3_002,normalized_record,
extracted_into,record.supporting_chunk_id links to evidence chunk,evidence_chunk:chunk_src_search_19aff7ba1bc3_001,evidence_chunk,normalized_record:rec_src_search_19aff7ba1bc3_003,normalized_record,
extracted_into,record.supporting_chunk_id links to evidence chunk,evidence_chunk:chunk_src_search_19aff7ba1bc3_001,evidence_chunk,normalized_record:rec_src_search_19aff7ba1bc3_004,normalized_record,
extracted_into,record.supporting_chunk_id links to evidence chunk,evidence_chunk:chunk_src_search_84acc76573c8_001,evidence_chunk,normalized_record:rec_src_search_84acc76573c8_001,normalized_record,
extracted_into,record.supporting_chunk_id links to evidence chunk,evidence_chunk:chunk_src_search_84acc76573c8_001,evidence_chunk,normalized_record:rec_src_search_84acc76573c8_002,normalized_record,
extracted_into,record.supporting_chunk_id links to evidence chunk,evidence_chunk:chunk_src_search_84acc76573c8_001,evidence_chunk,normalized_record:rec_src_search_84acc76573c8_003,normalized_record,
extracted_into,record.supporting_chunk_id links to evidence chunk,evidence_chunk:chunk_src_search_1298a67f3fad_001,evidence_chunk,normalized_record:rec_src_search_1298a67f3fad_001,normalized_record,
extracted_into,record.supporting_chunk_id links to evidence chunk,evidence_chunk:chunk_src_search_1298a67f3fad_001,evidence_chunk,normalized_record:rec_src_search_1298a67f3fad_002,normalized_record,
extracted_into,record.supporting_chunk_id links to evidence chunk,evidence_chunk:chunk_src_search_e1219da5b350_001,evidence_chunk,normalized_record:rec_src_search_e1219da5b350_001,normalized_record,
extracted_into,record.supporting_chunk_id links to evidence chunk,evidence_chunk:chunk_src_search_e1219da5b350_001,evidence_chunk,normalized_record:rec_src_search_e1219da5b350_002,normalized_record,
extracted_into,record.supporting_chunk_id links to evidence chunk,evidence_chunk:chunk_src_search_e1219da5b350_001,evidence_chunk,normalized_record:rec_src_search_e1219da5b350_003,normalized_record,
extracted_into,record.supporting_chunk_id links to evidence chunk,evidence_chunk:chunk_src_search_752899844c7d_001,evidence_chunk,normalized_record:rec_src_search_752899844c7d_001,normalized_record,
extracted_into,record.supporting_chunk_id links to evidence chunk,evidence_chunk:chunk_src_search_752899844c7d_001,evidence_chunk,normalized_record:rec_src_search_752899844c7d_002,normalized_record,
extracted_into,record.supporting_chunk_id links to evidence chunk,evidence_chunk:chunk_src_search_752899844c7d_001,evidence_chunk,normalized_record:rec_src_search_752899844c7d_003,normalized_record,
validated_into,matched provenance identifier,raw_record:rec_src_search_84acc76573c8_003,raw_record,validated_record:rec_src_search_84acc76573c8_003,validated_record,
normalized_into,matched provenance identifier,validated_record:rec_src_search_84acc76573c8_003,validated_record,normalized_record:rec_src_search_84acc76573c8_003,normalized_record,
validated_into,matched provenance identifier,raw_record:rec_src_search_e1219da5b350_003,raw_record,validated_record:rec_src_search_e1219da5b350_003,validated_record,
normalized_into,matched provenance identifier,validated_record:rec_src_search_e1219da5b350_003,validated_record,normalized_record:rec_src_search_e1219da5b350_003,normalized_record,
validated_into,matched provenance identifier,raw_record:rec_src_search_ce6ce02a80f2_007,raw_record,validated_record:rec_src_search_ce6ce02a80f2_007,validated_record,
normalized_into,matched provenance identifier,validated_record:rec_src_search_ce6ce02a80f2_007,validated_record,normalized_record:rec_src_search_ce6ce02a80f2_007,normalized_record,
validated_into,matched provenance identifier,raw_record:rec_src_search_31cd9572c4dd_005,raw_record,validated_record:rec_src_search_31cd9572c4dd_005,validated_record,
normalized_into,matched provenance identifier,validated_record:rec_src_search_31cd9572c4dd_005,validated_record,normalized_record:rec_src_search_31cd9572c4dd_005,normalized_record,
validated_into,matched provenance identifier,raw_record:rec_src_search_31cd9572c4dd_001,raw_record,validated_record:rec_src_search_31cd9572c4dd_001,validated_record,
normalized_into,matched provenance identifier,validated_record:rec_src_search_31cd9572c4dd_001,validated_record,normalized_record:rec_src_search_31cd9572c4dd_001,normalized_record,
validated_into,matched provenance identifier,raw_record:rec_src_search_31cd9572c4dd_012,raw_record,validated_record:rec_src_search_31cd9572c4dd_012,validated_record,
normalized_into,matched provenance identifier,validated_record:rec_src_search_31cd9572c4dd_012,validated_record,normalized_record:rec_src_search_31cd9572c4dd_012,normalized_record,
validated_into,matched provenance identifier,raw_record:rec_src_search_31cd9572c4dd_015,raw_record,validated_record:rec_src_search_31cd9572c4dd_015,validated_record,
normalized_into,matched provenance identifier,validated_record:rec_src_search_31cd9572c4dd_015,validated_record,normalized_record:rec_src_search_31cd9572c4dd_015,normalized_record,
validated_into,matched provenance identifier,raw_record:rec_src_search_e1219da5b350_001,raw_record,validated_record:rec_src_search_e1219da5b350_001,validated_record,
normalized_into,matched provenance identifier,validated_record:rec_src_search_e1219da5b350_001,validated_record,normalized_record:rec_src_search_e1219da5b350_001,normalized_record,
validated_into,matched provenance identifier,raw_record:rec_src_search_ce6ce02a80f2_006,raw_record,validated_record:rec_src_search_ce6ce02a80f2_006,validated_record,
normalized_into,matched provenance identifier,validated_record:rec_src_search_ce6ce02a80f2_006,validated_record,normalized_record:rec_src_search_ce6ce02a80f2_006,normalized_record,
validated_into,matched provenance identifier,raw_record:rec_src_search_31cd9572c4dd_004,raw_record,validated_record:rec_src_search_31cd9572c4dd_004,validated_record,
normalized_into,matched provenance identifier,validated_record:rec_src_search_31cd9572c4dd_004,validated_record,normalized_record:rec_src_search_31cd9572c4dd_004,normalized_record,
validated_into,matched provenance identifier,raw_record:rec_src_search_19aff7ba1bc3_001,raw_record,validated_record:rec_src_search_19aff7ba1bc3_001,validated_record,
normalized_into,matched provenance identifier,validated_record:rec_src_search_19aff7ba1bc3_001,validated_record,normalized_record:rec_src_search_19aff7ba1bc3_001,normalized_record,
validated_into,matched provenance identifier,raw_record:rec_src_search_ce6ce02a80f2_002,raw_record,validated_record:rec_src_search_ce6ce02a80f2_002,validated_record,
normalized_into,matched provenance identifier,validated_record:rec_src_search_ce6ce02a80f2_002,validated_record,normalized_record:rec_src_search_ce6ce02a80f2_002,normalized_record,
validated_into,matched provenance identifier,raw_record:rec_src_search_ce6ce02a80f2_005,raw_record,validated_record:rec_src_search_ce6ce02a80f2_005,validated_record,
normalized_into,matched provenance identifier,validated_record:rec_src_search_ce6ce02a80f2_005,validated_record,normalized_record:rec_src_search_ce6ce02a80f2_005,normalized_record,
validated_into,matched provenance identifier,raw_record:rec_src_search_31cd9572c4dd_011,raw_record,validated_record:rec_src_search_31cd9572c4dd_011,validated_record,
normalized_into,matched provenance identifier,validated_record:rec_src_search_31cd9572c4dd_011,validated_record,normalized_record:rec_src_search_31cd9572c4dd_011,normalized_record,
validated_into,matched provenance identifier,raw_record:rec_src_search_31cd9572c4dd_008,raw_record,validated_record:rec_src_search_31cd9572c4dd_008,validated_record,
normalized_into,matched provenance identifier,validated_record:rec_src_search_31cd9572c4dd_008,validated_record,normalized_record:rec_src_search_31cd9572c4dd_008,normalized_record,
validated_into,matched provenance identifier,raw_record:rec_src_search_1298a67f3fad_001,raw_record,validated_record:rec_src_search_1298a67f3fad_001,validated_record,
normalized_into,matched provenance identifier,validated_record:rec_src_search_1298a67f3fad_001,validated_record,normalized_record:rec_src_search_1298a67f3fad_001,normalized_record,
validated_into,matched provenance identifier,raw_record:rec_src_search_19aff7ba1bc3_004,raw_record,validated_record:rec_src_search_19aff7ba1bc3_004,validated_record,
normalized_into,matched provenance identifier,validated_record:rec_src_search_19aff7ba1bc3_004,validated_record,normalized_record:rec_src_search_19aff7ba1bc3_004,normalized_record,
validated_into,matched provenance identifier,raw_record:rec_src_search_752899844c7d_003,raw_record,validated_record:rec_src_search_752899844c7d_003,validated_record,
normalized_into,matched provenance identifier,validated_record:rec_src_search_752899844c7d_003,validated_record,normalized_record:rec_src_search_752899844c7d_003,normalized_record,
validated_into,matched provenance identifier,raw_record:rec_src_search_ce6ce02a80f2_001,raw_record,validated_record:rec_src_search_ce6ce02a80f2_001,validated_record,
normalized_into,matched provenance identifier,validated_record:rec_src_search_ce6ce02a80f2_001,validated_record,normalized_record:rec_src_search_ce6ce02a80f2_001,normalized_record,
validated_into,matched provenance identifier,raw_record:rec_src_search_ce6ce02a80f2_003,raw_record,validated_record:rec_src_search_ce6ce02a80f2_003,validated_record,
normalized_into,matched provenance identifier,validated_record:rec_src_search_ce6ce02a80f2_003,validated_record,normalized_record:rec_src_search_ce6ce02a80f2_003,normalized_record,
validated_into,matched provenance identifier,raw_record:rec_src_search_31cd9572c4dd_007,raw_record,validated_record:rec_src_search_31cd9572c4dd_007,validated_record,
normalized_into,matched provenance identifier,validated_record:rec_src_search_31cd9572c4dd_007,validated_record,normalized_record:rec_src_search_31cd9572c4dd_007,normalized_record,
validated_into,matched provenance identifier,raw_record:rec_src_search_31cd9572c4dd_003,raw_record,validated_record:rec_src_search_31cd9572c4dd_003,validated_record,
normalized_into,matched provenance identifier,validated_record:rec_src_search_31cd9572c4dd_003,validated_record,normalized_record:rec_src_search_31cd9572c4dd_003,normalized_record,
validated_into,matched provenance identifier,raw_record:rec_src_search_e1219da5b350_002,raw_record,validated_record:rec_src_search_e1219da5b350_002,validated_record,
normalized_into,matched provenance identifier,validated_record:rec_src_search_e1219da5b350_002,validated_record,normalized_record:rec_src_search_e1219da5b350_002,normalized_record,
validated_into,matched provenance identifier,raw_record:rec_src_search_31cd9572c4dd_006,raw_record,validated_record:rec_src_search_31cd9572c4dd_006,validated_record,
normalized_into,matched provenance identifier,validated_record:rec_src_search_31cd9572c4dd_006,validated_record,normalized_record:rec_src_search_31cd9572c4dd_006,normalized_record,
validated_into,matched provenance identifier,raw_record:rec_src_search_84acc76573c8_001,raw_record,validated_record:rec_src_search_84acc76573c8_001,validated_record,
normalized_into,matched provenance identifier,validated_record:rec_src_search_84acc76573c8_001,validated_record,normalized_record:rec_src_search_84acc76573c8_001,normalized_record,
validated_into,matched provenance identifier,raw_record:rec_src_search_19aff7ba1bc3_002,raw_record,validated_record:rec_src_search_19aff7ba1bc3_002,validated_record,
normalized_into,matched provenance identifier,validated_record:rec_src_search_19aff7ba1bc3_002,validated_record,normalized_record:rec_src_search_19aff7ba1bc3_002,normalized_record,
validated_into,matched provenance identifier,raw_record:rec_src_search_ce6ce02a80f2_008,raw_record,validated_record:rec_src_search_ce6ce02a80f2_008,validated_record,
normalized_into,matched provenance identifier,validated_record:rec_src_search_ce6ce02a80f2_008,validated_record,normalized_record:rec_src_search_ce6ce02a80f2_008,normalized_record,
validated_into,matched provenance identifier,raw_record:rec_src_search_31cd9572c4dd_002,raw_record,validated_record:rec_src_search_31cd9572c4dd_002,validated_record,
normalized_into,matched provenance identifier,validated_record:rec_src_search_31cd9572c4dd_002,validated_record,normalized_record:rec_src_search_31cd9572c4dd_002,normalized_record,
validated_into,matched provenance identifier,raw_record:rec_src_search_ce6ce02a80f2_009,raw_record,validated_record:rec_src_search_ce6ce02a80f2_009,validated_record,
normalized_into,matched provenance identifier,validated_record:rec_src_search_ce6ce02a80f2_009,validated_record,normalized_record:rec_src_search_ce6ce02a80f2_009,normalized_record,
validated_into,matched provenance identifier,raw_record:rec_src_search_ce6ce02a80f2_011,raw_record,validated_record:rec_src_search_ce6ce02a80f2_011,validated_record,
normalized_into,matched provenance identifier,validated_record:rec_src_search_ce6ce02a80f2_011,validated_record,normalized_record:rec_src_search_ce6ce02a80f2_011,normalized_record,
validated_into,matched provenance identifier,raw_record:rec_src_search_53763309bf94_001,raw_record,validated_record:rec_src_search_53763309bf94_001,validated_record,
normalized_into,matched provenance identifier,validated_record:rec_src_search_53763309bf94_001,validated_record,normalized_record:rec_src_search_53763309bf94_001,normalized_record,
validated_into,matched provenance identifier,raw_record:rec_src_search_ce6ce02a80f2_004,raw_record,validated_record:rec_src_search_ce6ce02a80f2_004,validated_record,
normalized_into,matched provenance identifier,validated_record:rec_src_search_ce6ce02a80f2_004,validated_record,normalized_record:rec_src_search_ce6ce02a80f2_004,normalized_record,
validated_into,matched provenance identifier,raw_record:rec_src_search_ce6ce02a80f2_010,raw_record,validated_record:rec_src_search_ce6ce02a80f2_010,validated_record,
normalized_into,matched provenance identifier,validated_record:rec_src_search_ce6ce02a80f2_010,validated_record,normalized_record:rec_src_search_ce6ce02a80f2_010,normalized_record,
validated_into,matched provenance identifier,raw_record:rec_src_search_84acc76573c8_002,raw_record,validated_record:rec_src_search_84acc76573c8_002,validated_record,
normalized_into,matched provenance identifier,validated_record:rec_src_search_84acc76573c8_002,validated_record,normalized_record:rec_src_search_84acc76573c8_002,normalized_record,
validated_into,matched provenance identifier,raw_record:rec_src_search_752899844c7d_001,raw_record,validated_record:rec_src_search_752899844c7d_001,validated_record,
normalized_into,matched provenance identifier,validated_record:rec_src_search_752899844c7d_001,validated_record,normalized_record:rec_src_search_752899844c7d_001,normalized_record,
validated_into,matched provenance identifier,raw_record:rec_src_search_31cd9572c4dd_013,raw_record,validated_record:rec_src_search_31cd9572c4dd_013,validated_record,
normalized_into,matched provenance identifier,validated_record:rec_src_search_31cd9572c4dd_013,validated_record,normalized_record:rec_src_search_31cd9572c4dd_013,normalized_record,
validated_into,matched provenance identifier,raw_record:rec_src_search_1298a67f3fad_002,raw_record,validated_record:rec_src_search_1298a67f3fad_002,validated_record,
normalized_into,matched provenance identifier,validated_record:rec_src_search_1298a67f3fad_002,validated_record,normalized_record:rec_src_search_1298a67f3fad_002,normalized_record,
validated_into,matched provenance identifier,raw_record:rec_src_search_31cd9572c4dd_016,raw_record,validated_record:rec_src_search_31cd9572c4dd_016,validated_record,
normalized_into,matched provenance identifier,validated_record:rec_src_search_31cd9572c4dd_016,validated_record,normalized_record:rec_src_search_31cd9572c4dd_016,normalized_record,
validated_into,matched provenance identifier,raw_record:rec_src_search_752899844c7d_002,raw_record,validated_record:rec_src_search_752899844c7d_002,validated_record,
normalized_into,matched provenance identifier,validated_record:rec_src_search_752899844c7d_002,validated_record,normalized_record:rec_src_search_752899844c7d_002,normalized_record,
validated_into,matched provenance identifier,raw_record:rec_src_search_31cd9572c4dd_014,raw_record,validated_record:rec_src_search_31cd9572c4dd_014,validated_record,
normalized_into,matched provenance identifier,validated_record:rec_src_search_31cd9572c4dd_014,validated_record,normalized_record:rec_src_search_31cd9572c4dd_014,normalized_record,
validated_into,matched provenance identifier,raw_record:rec_src_search_31cd9572c4dd_010,raw_record,validated_record:rec_src_search_31cd9572c4dd_010,validated_record,
normalized_into,matched provenance identifier,validated_record:rec_src_search_31cd9572c4dd_010,validated_record,normalized_record:rec_src_search_31cd9572c4dd_010,normalized_record,
validated_into,matched provenance identifier,raw_record:rec_src_search_19aff7ba1bc3_003,raw_record,validated_record:rec_src_search_19aff7ba1bc3_003,validated_record,
normalized_into,matched provenance identifier,validated_record:rec_src_search_19aff7ba1bc3_003,validated_record,normalized_record:rec_src_search_19aff7ba1bc3_003,normalized_record,
validated_into,matched provenance identifier,raw_record:rec_src_search_31cd9572c4dd_009,raw_record,validated_record:rec_src_search_31cd9572c4dd_009,validated_record,
normalized_into,matched provenance identifier,validated_record:rec_src_search_31cd9572c4dd_009,validated_record,normalized_record:rec_src_search_31cd9572c4dd_009,normalized_record,
produced_claim,matched provenance identifier,normalized_record:rec_src_search_31cd9572c4dd_001,normalized_record,claim:claim_rec_src_search_31cd9572c4dd_001_observation,claim,
produced_claim,matched provenance identifier,normalized_record:rec_src_search_31cd9572c4dd_002,normalized_record,claim:claim_rec_src_search_31cd9572c4dd_002_observation,claim,
produced_claim,matched provenance identifier,normalized_record:rec_src_search_31cd9572c4dd_003,normalized_record,claim:claim_rec_src_search_31cd9572c4dd_003_observation,claim,
produced_claim,matched provenance identifier,normalized_record:rec_src_search_31cd9572c4dd_004,normalized_record,claim:claim_rec_src_search_31cd9572c4dd_004_observation,claim,
produced_claim,matched provenance identifier,normalized_record:rec_src_search_31cd9572c4dd_005,normalized_record,claim:claim_rec_src_search_31cd9572c4dd_005_observation,claim,
produced_claim,matched provenance identifier,normalized_record:rec_src_search_31cd9572c4dd_006,normalized_record,claim:claim_rec_src_search_31cd9572c4dd_006_observation,claim,
produced_claim,matched provenance identifier,normalized_record:rec_src_search_31cd9572c4dd_007,normalized_record,claim:claim_rec_src_search_31cd9572c4dd_007_observation,claim,
produced_claim,matched provenance identifier,normalized_record:rec_src_search_31cd9572c4dd_008,normalized_record,claim:claim_rec_src_search_31cd9572c4dd_008_observation,claim,
produced_claim,matched provenance identifier,normalized_record:rec_src_search_31cd9572c4dd_009,normalized_record,claim:claim_rec_src_search_31cd9572c4dd_009_observation,claim,
produced_claim,matched provenance identifier,normalized_record:rec_src_search_31cd9572c4dd_010,normalized_record,claim:claim_rec_src_search_31cd9572c4dd_010_observation,claim,
produced_claim,matched provenance identifier,normalized_record:rec_src_search_31cd9572c4dd_011,normalized_record,claim:claim_rec_src_search_31cd9572c4dd_011_observation,claim,
produced_claim,matched provenance identifier,normalized_record:rec_src_search_31cd9572c4dd_012,normalized_record,claim:claim_rec_src_search_31cd9572c4dd_012_observation,claim,
produced_claim,matched provenance identifier,normalized_record:rec_src_search_31cd9572c4dd_013,normalized_record,claim:claim_rec_src_search_31cd9572c4dd_013_observation,claim,
produced_claim,matched provenance identifier,normalized_record:rec_src_search_31cd9572c4dd_014,normalized_record,claim:claim_rec_src_search_31cd9572c4dd_014_observation,claim,
produced_claim,matched provenance identifier,normalized_record:rec_src_search_31cd9572c4dd_015,normalized_record,claim:claim_rec_src_search_31cd9572c4dd_015_observation,claim,
produced_claim,matched provenance identifier,normalized_record:rec_src_search_31cd9572c4dd_016,normalized_record,claim:claim_rec_src_search_31cd9572c4dd_016_observation,claim,
produced_claim,matched provenance identifier,normalized_record:rec_src_search_53763309bf94_001,normalized_record,claim:claim_rec_src_search_53763309bf94_001_cases_unspecified,claim,
produced_claim,matched provenance identifier,normalized_record:rec_src_search_ce6ce02a80f2_001,normalized_record,claim:claim_rec_src_search_ce6ce02a80f2_001_cases_unspecified,claim,
produced_claim,matched provenance identifier,normalized_record:rec_src_search_ce6ce02a80f2_002,normalized_record,claim:claim_rec_src_search_ce6ce02a80f2_002_cases_unspecified,claim,
produced_claim,matched provenance identifier,normalized_record:rec_src_search_ce6ce02a80f2_003,normalized_record,claim:claim_rec_src_search_ce6ce02a80f2_003_cases_unspecified,claim,
produced_claim,matched provenance identifier,normalized_record:rec_src_search_ce6ce02a80f2_004,normalized_record,claim:claim_rec_src_search_ce6ce02a80f2_004_cases_unspecified,claim,
produced_claim,matched provenance identifier,normalized_record:rec_src_search_ce6ce02a80f2_005,normalized_record,claim:claim_rec_src_search_ce6ce02a80f2_005_cases_unspecified,claim,
produced_claim,matched provenance identifier,normalized_record:rec_src_search_ce6ce02a80f2_006,normalized_record,claim:claim_rec_src_search_ce6ce02a80f2_006_cases_unspecified,claim,
produced_claim,matched provenance identifier,normalized_record:rec_src_search_ce6ce02a80f2_007,normalized_record,claim:claim_rec_src_search_ce6ce02a80f2_007_cases_unspecified,claim,
produced_claim,matched provenance identifier,normalized_record:rec_src_search_ce6ce02a80f2_008,normalized_record,claim:claim_rec_src_search_ce6ce02a80f2_008_cases_unspecified,claim,
produced_claim,matched provenance identifier,normalized_record:rec_src_search_ce6ce02a80f2_009,normalized_record,claim:claim_rec_src_search_ce6ce02a80f2_009_cases_unspecified,claim,
produced_claim,matched provenance identifier,normalized_record:rec_src_search_ce6ce02a80f2_010,normalized_record,claim:claim_rec_src_search_ce6ce02a80f2_010_cases_unspecified,claim,
produced_claim,matched provenance identifier,normalized_record:rec_src_search_ce6ce02a80f2_011,normalized_record,claim:claim_rec_src_search_ce6ce02a80f2_011_cases_unspecified,claim,
produced_claim,matched provenance identifier,normalized_record:rec_src_search_19aff7ba1bc3_001,normalized_record,claim:claim_rec_src_search_19aff7ba1bc3_001_cases_unspecified,claim,
produced_claim,matched provenance identifier,normalized_record:rec_src_search_19aff7ba1bc3_002,normalized_record,claim:claim_rec_src_search_19aff7ba1bc3_002_cases_unspecified,claim,
produced_claim,matched provenance identifier,normalized_record:rec_src_search_19aff7ba1bc3_003,normalized_record,claim:claim_rec_src_search_19aff7ba1bc3_003_cases_unspecified,claim,
produced_claim,matched provenance identifier,normalized_record:rec_src_search_19aff7ba1bc3_004,normalized_record,claim:claim_rec_src_search_19aff7ba1bc3_004_cases_unspecified,claim,
produced_claim,matched provenance identifier,normalized_record:rec_src_search_84acc76573c8_001,normalized_record,claim:claim_rec_src_search_84acc76573c8_001_cases_unspecified,claim,
produced_claim,matched provenance identifier,normalized_record:rec_src_search_84acc76573c8_002,normalized_record,claim:claim_rec_src_search_84acc76573c8_002_cases_unspecified,claim,
produced_claim,matched provenance identifier,normalized_record:rec_src_search_84acc76573c8_003,normalized_record,claim:claim_rec_src_search_84acc76573c8_003_cases_unspecified,claim,
produced_claim,matched provenance identifier,normalized_record:rec_src_search_1298a67f3fad_001,normalized_record,claim:claim_rec_src_search_1298a67f3fad_001_cases_unspecified,claim,
produced_claim,matched provenance identifier,normalized_record:rec_src_search_1298a67f3fad_002,normalized_record,claim:claim_rec_src_search_1298a67f3fad_002_cases_unspecified,claim,
produced_claim,matched provenance identifier,normalized_record:rec_src_search_e1219da5b350_001,normalized_record,claim:claim_rec_src_search_e1219da5b350_001_cases_unspecified,claim,
produced_claim,matched provenance identifier,normalized_record:rec_src_search_e1219da5b350_002,normalized_record,claim:claim_rec_src_search_e1219da5b350_002_cases_unspecified,claim,
produced_claim,matched provenance identifier,normalized_record:rec_src_search_e1219da5b350_003,normalized_record,claim:claim_rec_src_search_e1219da5b350_003_cases_unspecified,claim,
produced_claim,matched provenance identifier,normalized_record:rec_src_search_752899844c7d_001,normalized_record,claim:claim_rec_src_search_752899844c7d_001_cases_unspecified,claim,
produced_claim,matched provenance identifier,normalized_record:rec_src_search_752899844c7d_002,normalized_record,claim:claim_rec_src_search_752899844c7d_002_cases_unspecified,claim,
produced_claim,matched provenance identifier,normalized_record:rec_src_search_752899844c7d_003,normalized_record,claim:claim_rec_src_search_752899844c7d_003_cases_unspecified,claim,
compared_with,matched provenance identifier,claim:claim_rec_src_search_31cd9572c4dd_001_observation,claim,claim_comparison:claim_cmp_001,claim_comparison,
compared_with,matched provenance identifier,claim:claim_rec_src_search_31cd9572c4dd_002_observation,claim,claim_comparison:claim_cmp_001,claim_comparison,
compared_with,matched provenance identifier,claim:claim_rec_src_search_31cd9572c4dd_001_observation,claim,claim_comparison:claim_cmp_002,claim_comparison,
compared_with,matched provenance identifier,claim:claim_rec_src_search_31cd9572c4dd_003_observation,claim,claim_comparison:claim_cmp_002,claim_comparison,
compared_with,matched provenance identifier,claim:claim_rec_src_search_31cd9572c4dd_001_observation,claim,claim_comparison:claim_cmp_003,claim_comparison,
compared_with,matched provenance identifier,claim:claim_rec_src_search_31cd9572c4dd_004_observation,claim,claim_comparison:claim_cmp_003,claim_comparison,
compared_with,matched provenance identifier,claim:claim_rec_src_search_31cd9572c4dd_001_observation,claim,claim_comparison:claim_cmp_004,claim_comparison,
compared_with,matched provenance identifier,claim:claim_rec_src_search_31cd9572c4dd_005_observation,claim,claim_comparison:claim_cmp_004,claim_comparison,
compared_with,matched provenance identifier,claim:claim_rec_src_search_31cd9572c4dd_001_observation,claim,claim_comparison:claim_cmp_005,claim_comparison,
compared_with,matched provenance identifier,claim:claim_rec_src_search_31cd9572c4dd_006_observation,claim,claim_comparison:claim_cmp_005,claim_comparison,
compared_with,matched provenance identifier,claim:claim_rec_src_search_31cd9572c4dd_001_observation,claim,claim_comparison:claim_cmp_006,claim_comparison,
compared_with,matched provenance identifier,claim:claim_rec_src_search_31cd9572c4dd_007_observation,claim,claim_comparison:claim_cmp_006,claim_comparison,
compared_with,matched provenance identifier,claim:claim_rec_src_search_31cd9572c4dd_001_observation,claim,claim_comparison:claim_cmp_007,claim_comparison,
compared_with,matched provenance identifier,claim:claim_rec_src_search_31cd9572c4dd_008_observation,claim,claim_comparison:claim_cmp_007,claim_comparison,
compared_with,matched provenance identifier,claim:claim_rec_src_search_31cd9572c4dd_001_observation,claim,claim_comparison:claim_cmp_008,claim_comparison,
compared_with,matched provenance identifier,claim:claim_rec_src_search_31cd9572c4dd_009_observation,claim,claim_comparison:claim_cmp_008,claim_comparison,
compared_with,matched provenance identifier,claim:claim_rec_src_search_31cd9572c4dd_001_observation,claim,claim_comparison:claim_cmp_009,claim_comparison,
compared_with,matched provenance identifier,claim:claim_rec_src_search_31cd9572c4dd_010_observation,claim,claim_comparison:claim_cmp_009,claim_comparison,
compared_with,matched provenance identifier,claim:claim_rec_src_search_31cd9572c4dd_001_observation,claim,claim_comparison:claim_cmp_010,claim_comparison,
compared_with,matched provenance identifier,claim:claim_rec_src_search_31cd9572c4dd_011_observation,claim,claim_comparison:claim_cmp_010,claim_comparison,
compared_with,matched provenance identifier,claim:claim_rec_src_search_31cd9572c4dd_001_observation,claim,claim_comparison:claim_cmp_011,claim_comparison,
compared_with,matched provenance identifier,claim:claim_rec_src_search_31cd9572c4dd_012_observation,claim,claim_comparison:claim_cmp_011,claim_comparison,
compared_with,matched provenance identifier,claim:claim_rec_src_search_31cd9572c4dd_001_observation,claim,claim_comparison:claim_cmp_012,claim_comparison,
compared_with,matched provenance identifier,claim:claim_rec_src_search_31cd9572c4dd_013_observation,claim,claim_comparison:claim_cmp_012,claim_comparison,
compared_with,matched provenance identifier,claim:claim_rec_src_search_31cd9572c4dd_001_observation,claim,claim_comparison:claim_cmp_013,claim_comparison,
compared_with,matched provenance identifier,claim:claim_rec_src_search_31cd9572c4dd_014_observation,claim,claim_comparison:claim_cmp_013,claim_comparison,
compared_with,matched provenance identifier,claim:claim_rec_src_search_31cd9572c4dd_001_observation,claim,claim_comparison:claim_cmp_014,claim_comparison,
compared_with,matched provenance identifier,claim:claim_rec_src_search_31cd9572c4dd_015_observation,claim,claim_comparison:claim_cmp_014,claim_comparison,
compared_with,matched provenance identifier,claim:claim_rec_src_search_31cd9572c4dd_001_observation,claim,claim_comparison:claim_cmp_015,claim_comparison,
compared_with,matched provenance identifier,claim:claim_rec_src_search_31cd9572c4dd_016_observation,claim,claim_comparison:claim_cmp_015,claim_comparison,
compared_with,matched provenance identifier,claim:claim_rec_src_search_31cd9572c4dd_001_observation,claim,claim_comparison:claim_cmp_016,claim_comparison,
compared_with,matched provenance identifier,claim:claim_rec_src_search_53763309bf94_001_cases_unspecified,claim,claim_comparison:claim_cmp_016,claim_comparison,
compared_with,matched provenance identifier,claim:claim_rec_src_search_31cd9572c4dd_001_observation,claim,claim_comparison:claim_cmp_017,claim_comparison,
compared_with,matched provenance identifier,claim:claim_rec_src_search_ce6ce02a80f2_001_cases_unspecified,claim,claim_comparison:claim_cmp_017,claim_comparison,
compared_with,matched provenance identifier,claim:claim_rec_src_search_31cd9572c4dd_001_observation,claim,claim_comparison:claim_cmp_018,claim_comparison,
compared_with,matched provenance identifier,claim:claim_rec_src_search_ce6ce02a80f2_002_cases_unspecified,claim,claim_comparison:claim_cmp_018,claim_comparison,
compared_with,matched provenance identifier,claim:claim_rec_src_search_31cd9572c4dd_001_observation,claim,claim_comparison:claim_cmp_019,claim_comparison,
compared_with,matched provenance identifier,claim:claim_rec_src_search_ce6ce02a80f2_003_cases_unspecified,claim,claim_comparison:claim_cmp_019,claim_comparison,
compared_with,matched provenance identifier,claim:claim_rec_src_search_31cd9572c4dd_001_observation,claim,claim_comparison:claim_cmp_020,claim_comparison,
compared_with,matched provenance identifier,claim:claim_rec_src_search_ce6ce02a80f2_004_cases_unspecified,claim,claim_comparison:claim_cmp_020,claim_comparison,
compared_with,matched provenance identifier,claim:claim_rec_src_search_31cd9572c4dd_001_observation,claim,claim_comparison:claim_cmp_021,claim_comparison,
compared_with,matched provenance identifier,claim:claim_rec_src_search_ce6ce02a80f2_005_cases_unspecified,claim,claim_comparison:claim_cmp_021,claim_comparison,
compared_with,matched provenance identifier,claim:claim_rec_src_search_31cd9572c4dd_001_observation,claim,claim_comparison:claim_cmp_022,claim_comparison,
compared_with,matched provenance identifier,claim:claim_rec_src_search_ce6ce02a80f2_006_cases_unspecified,claim,claim_comparison:claim_cmp_022,claim_comparison,
compared_with,matched provenance identifier,claim:claim_rec_src_search_31cd9572c4dd_001_observation,claim,claim_comparison:claim_cmp_023,claim_comparison,
compared_with,matched provenance identifier,claim:claim_rec_src_search_ce6ce02a80f2_007_cases_unspecified,claim,claim_comparison:claim_cmp_023,claim_comparison,
compared_with,matched provenance identifier,claim:claim_rec_src_search_31cd9572c4dd_001_observation,claim,claim_comparison:claim_cmp_024,claim_comparison,
compared_with,matched provenance identifier,claim:claim_rec_src_search_ce6ce02a80f2_008_cases_unspecified,claim,claim_comparison:claim_cmp_024,claim_comparison,
compared_with,matched provenance identifier,claim:claim_rec_src_search_31cd9572c4dd_001_observation,claim,claim_comparison:claim_cmp_025,claim_comparison,
compared_with,matched provenance identifier,claim:claim_rec_src_search_ce6ce02a80f2_009_cases_unspecified,claim,claim_comparison:claim_cmp_025,claim_comparison,
compared_with,matched provenance identifier,claim:claim_rec_src_search_31cd9572c4dd_001_observation,claim,claim_comparison:claim_cmp_026,claim_comparison,
compared_with,matched provenance identifier,claim:claim_rec_src_search_ce6ce02a80f2_010_cases_unspecified,claim,claim_comparison:claim_cmp_026,claim_comparison,
compared_with,matched provenance identifier,claim:claim_rec_src_search_31cd9572c4dd_001_observation,claim,claim_comparison:claim_cmp_027,claim_comparison,
compared_with,matched provenance identifier,claim:claim_rec_src_search_ce6ce02a80f2_011_cases_unspecified,claim,claim_comparison:claim_cmp_027,claim_comparison,
compared_with,matched provenance identifier,claim:claim_rec_src_search_31cd9572c4dd_001_observation,claim,claim_comparison:claim_cmp_028,claim_comparison,
compared_with,matched provenance identifier,claim:claim_rec_src_search_19aff7ba1bc3_001_cases_unspecified,claim,claim_comparison:claim_cmp_028,claim_comparison,
compared_with,matched provenance identifier,claim:claim_rec_src_search_31cd9572c4dd_001_observation,claim,claim_comparison:claim_cmp_029,claim_comparison,
compared_with,matched provenance identifier,claim:claim_rec_src_search_19aff7ba1bc3_002_cases_unspecified,claim,claim_comparison:claim_cmp_029,claim_comparison,
compared_with,matched provenance identifier,claim:claim_rec_src_search_31cd9572c4dd_001_observation,claim,claim_comparison:claim_cmp_030,claim_comparison,
compared_with,matched provenance identifier,claim:claim_rec_src_search_19aff7ba1bc3_003_cases_unspecified,claim,claim_comparison:claim_cmp_030,claim_comparison,
compared_with,matched provenance identifier,claim:claim_rec_src_search_31cd9572c4dd_001_observation,claim,claim_comparison:claim_cmp_031,claim_comparison,
compared_with,matched provenance identifier,claim:claim_rec_src_search_19aff7ba1bc3_004_cases_unspecified,claim,claim_comparison:claim_cmp_031,claim_comparison,
compared_with,matched provenance identifier,claim:claim_rec_src_search_31cd9572c4dd_001_observation,claim,claim_comparison:claim_cmp_032,claim_comparison,
compared_with,matched provenance identifier,claim:claim_rec_src_search_84acc76573c8_001_cases_unspecified,claim,claim_comparison:claim_cmp_032,claim_comparison,
compared_with,matched provenance identifier,claim:claim_rec_src_search_31cd9572c4dd_001_observation,claim,claim_comparison:claim_cmp_033,claim_comparison,
compared_with,matched provenance identifier,claim:claim_rec_src_search_84acc76573c8_002_cases_unspecified,claim,claim_comparison:claim_cmp_033,claim_comparison,
compared_with,matched provenance identifier,claim:claim_rec_src_search_31cd9572c4dd_001_observation,claim,claim_comparison:claim_cmp_034,claim_comparison,
compared_with,matched provenance identifier,claim:claim_rec_src_search_84acc76573c8_003_cases_unspecified,claim,claim_comparison:claim_cmp_034,claim_comparison,
compared_with,matched provenance identifier,claim:claim_rec_src_search_31cd9572c4dd_001_observation,claim,claim_comparison:claim_cmp_035,claim_comparison,
compared_with,matched provenance identifier,claim:claim_rec_src_search_1298a67f3fad_001_cases_unspecified,claim,claim_comparison:claim_cmp_035,claim_comparison,
compared_with,matched provenance identifier,claim:claim_rec_src_search_31cd9572c4dd_001_observation,claim,claim_comparison:claim_cmp_036,claim_comparison,
compared_with,matched provenance identifier,claim:claim_rec_src_search_1298a67f3fad_002_cases_unspecified,claim,claim_comparison:claim_cmp_036,claim_comparison,
compared_with,matched provenance identifier,claim:claim_rec_src_search_31cd9572c4dd_001_observation,claim,claim_comparison:claim_cmp_037,claim_comparison,
compared_with,matched provenance identifier,claim:claim_rec_src_search_e1219da5b350_001_cases_unspecified,claim,claim_comparison:claim_cmp_037,claim_comparison,
compared_with,matched provenance identifier,claim:claim_rec_src_search_31cd9572c4dd_001_observation,claim,claim_comparison:claim_cmp_038,claim_comparison,
compared_with,matched provenance identifier,claim:claim_rec_src_search_e1219da5b350_002_cases_unspecified,claim,claim_comparison:claim_cmp_038,claim_comparison,
compared_with,matched provenance identifier,claim:claim_rec_src_search_31cd9572c4dd_001_observation,claim,claim_comparison:claim_cmp_039,claim_comparison,
compared_with,matched provenance identifier,claim:claim_rec_src_search_e1219da5b350_003_cases_unspecified,claim,claim_comparison:claim_cmp_039,claim_comparison,
compared_with,matched provenance identifier,claim:claim_rec_src_search_31cd9572c4dd_001_observation,claim,claim_comparison:claim_cmp_040,claim_comparison,
compared_with,matched provenance identifier,claim:claim_rec_src_search_752899844c7d_001_cases_unspecified,claim,claim_comparison:claim_cmp_040,claim_comparison,
compared_with,matched provenance identifier,claim:claim_rec_src_search_31cd9572c4dd_001_observation,claim,claim_comparison:claim_cmp_041,claim_comparison,
compared_with,matched provenance identifier,claim:claim_rec_src_search_752899844c7d_002_cases_unspecified,claim,claim_comparison:claim_cmp_041,claim_comparison,
compared_with,matched provenance identifier,claim:claim_rec_src_search_31cd9572c4dd_001_observation,claim,claim_comparison:claim_cmp_042,claim_comparison,
compared_with,matched provenance identifier,claim:claim_rec_src_search_752899844c7d_003_cases_unspecified,claim,claim_comparison:claim_cmp_042,claim_comparison,
compared_with,matched provenance identifier,claim:claim_rec_src_search_31cd9572c4dd_002_observation,claim,claim_comparison:claim_cmp_043,claim_comparison,
compared_with,matched provenance identifier,claim:claim_rec_src_search_31cd9572c4dd_003_observation,claim,claim_comparison:claim_cmp_043,claim_comparison,
compared_with,matched provenance identifier,claim:claim_rec_src_search_31cd9572c4dd_002_observation,claim,claim_comparison:claim_cmp_044,claim_comparison,
compared_with,matched provenance identifier,claim:claim_rec_src_search_31cd9572c4dd_004_observation,claim,claim_comparison:claim_cmp_044,claim_comparison,
compared_with,matched provenance identifier,claim:claim_rec_src_search_31cd9572c4dd_002_observation,claim,claim_comparison:claim_cmp_045,claim_comparison,
compared_with,matched provenance identifier,claim:claim_rec_src_search_31cd9572c4dd_005_observation,claim,claim_comparison:claim_cmp_045,claim_comparison,
compared_with,matched provenance identifier,claim:claim_rec_src_search_31cd9572c4dd_002_observation,claim,claim_comparison:claim_cmp_046,claim_comparison,
compared_with,matched provenance identifier,claim:claim_rec_src_search_31cd9572c4dd_006_observation,claim,claim_comparison:claim_cmp_046,claim_comparison,
compared_with,matched provenance identifier,claim:claim_rec_src_search_31cd9572c4dd_002_observation,claim,claim_comparison:claim_cmp_047,claim_comparison,
compared_with,matched provenance identifier,claim:claim_rec_src_search_31cd9572c4dd_007_observation,claim,claim_comparison:claim_cmp_047,claim_comparison,
compared_with,matched provenance identifier,claim:claim_rec_src_search_31cd9572c4dd_002_observation,claim,claim_comparison:claim_cmp_048,claim_comparison,
compared_with,matched provenance identifier,claim:claim_rec_src_search_31cd9572c4dd_008_observation,claim,claim_comparison:claim_cmp_048,claim_comparison,
compared_with,matched provenance identifier,claim:claim_rec_src_search_31cd9572c4dd_002_observation,claim,claim_comparison:claim_cmp_049,claim_comparison,
compared_with,matched provenance identifier,claim:claim_rec_src_search_31cd9572c4dd_009_observation,claim,claim_comparison:claim_cmp_049,claim_comparison,
compared_with,matched provenance identifier,claim:claim_rec_src_search_31cd9572c4dd_002_observation,claim,claim_comparison:claim_cmp_050,claim_comparison,
compared_with,matched provenance identifier,claim:claim_rec_src_search_31cd9572c4dd_010_observation,claim,claim_comparison:claim_cmp_050,claim_comparison,
compared_with,matched provenance identifier,claim:claim_rec_src_search_31cd9572c4dd_002_observation,claim,claim_comparison:claim_cmp_051,claim_comparison,
compared_with,matched provenance identifier,claim:claim_rec_src_search_31cd9572c4dd_011_observation,claim,claim_comparison:claim_cmp_051,claim_comparison,
compared_with,matched provenance identifier,claim:claim_rec_src_search_31cd9572c4dd_002_observation,claim,claim_comparison:claim_cmp_052,claim_comparison,
compared_with,matched provenance identifier,claim:claim_rec_src_search_31cd9572c4dd_012_observation,claim,claim_comparison:claim_cmp_052,claim_comparison,
compared_with,matched provenance identifier,claim:claim_rec_src_search_31cd9572c4dd_002_observation,claim,claim_comparison:claim_cmp_053,claim_comparison,
compared_with,matched provenance identifier,claim:claim_rec_src_search_31cd9572c4dd_013_observation,claim,claim_comparison:claim_cmp_053,claim_comparison,
compared_with,matched provenance identifier,claim:claim_rec_src_search_31cd9572c4dd_002_observation,claim,claim_comparison:claim_cmp_054,claim_comparison,
compared_with,matched provenance identifier,claim:claim_rec_src_search_31cd9572c4dd_014_observation,claim,claim_comparison:claim_cmp_054,claim_comparison,
compared_with,matched provenance identifier,claim:claim_rec_src_search_31cd9572c4dd_002_observation,claim,claim_comparison:claim_cmp_055,claim_comparison,
compared_with,matched provenance identifier,claim:claim_rec_src_search_31cd9572c4dd_015_observation,claim,claim_comparison:claim_cmp_055,claim_comparison,
compared_with,matched provenance identifier,claim:claim_rec_src_search_31cd9572c4dd_002_observation,claim,claim_comparison:claim_cmp_056,claim_comparison,
compared_with,matched provenance identifier,claim:claim_rec_src_search_31cd9572c4dd_016_observation,claim,claim_comparison:claim_cmp_056,claim_comparison,
compared_with,matched provenance identifier,claim:claim_rec_src_search_31cd9572c4dd_002_observation,claim,claim_comparison:claim_cmp_057,claim_comparison,
compared_with,matched provenance identifier,claim:claim_rec_src_search_53763309bf94_001_cases_unspecified,claim,claim_comparison:claim_cmp_057,claim_comparison,
compared_with,matched provenance identifier,claim:claim_rec_src_search_31cd9572c4dd_002_observation,claim,claim_comparison:claim_cmp_058,claim_comparison,
compared_with,matched provenance identifier,claim:claim_rec_src_search_ce6ce02a80f2_001_cases_unspecified,claim,claim_comparison:claim_cmp_058,claim_comparison,
compared_with,matched provenance identifier,claim:claim_rec_src_search_31cd9572c4dd_002_observation,claim,claim_comparison:claim_cmp_059,claim_comparison,
compared_with,matched provenance identifier,claim:claim_rec_src_search_ce6ce02a80f2_002_cases_unspecified,claim,claim_comparison:claim_cmp_059,claim_comparison,
compared_with,matched provenance identifier,claim:claim_rec_src_search_31cd9572c4dd_002_observation,claim,claim_comparison:claim_cmp_060,claim_comparison,
compared_with,matched provenance identifier,claim:claim_rec_src_search_ce6ce02a80f2_003_cases_unspecified,claim,claim_comparison:claim_cmp_060,claim_comparison,
compared_with,matched provenance identifier,claim:claim_rec_src_search_31cd9572c4dd_002_observation,claim,claim_comparison:claim_cmp_061,claim_comparison,
compared_with,matched provenance identifier,claim:claim_rec_src_search_ce6ce02a80f2_004_cases_unspecified,claim,claim_comparison:claim_cmp_061,claim_comparison,
compared_with,matched provenance identifier,claim:claim_rec_src_search_31cd9572c4dd_002_observation,claim,claim_comparison:claim_cmp_062,claim_comparison,
compared_with,matched provenance identifier,claim:claim_rec_src_search_ce6ce02a80f2_005_cases_unspecified,claim,claim_comparison:claim_cmp_062,claim_comparison,
compared_with,matched provenance identifier,claim:claim_rec_src_search_31cd9572c4dd_002_observation,claim,claim_comparison:claim_cmp_063,claim_comparison,
compared_with,matched provenance identifier,claim:claim_rec_src_search_ce6ce02a80f2_006_cases_unspecified,claim,claim_comparison:claim_cmp_063,claim_comparison,
compared_with,matched provenance identifier,claim:claim_rec_src_search_31cd9572c4dd_002_observation,claim,claim_comparison:claim_cmp_064,claim_comparison,
compared_with,matched provenance identifier,claim:claim_rec_src_search_ce6ce02a80f2_007_cases_unspecified,claim,claim_comparison:claim_cmp_064,claim_comparison,
compared_with,matched provenance identifier,claim:claim_rec_src_search_31cd9572c4dd_002_observation,claim,claim_comparison:claim_cmp_065,claim_comparison,
compared_with,matched provenance identifier,claim:claim_rec_src_search_ce6ce02a80f2_008_cases_unspecified,claim,claim_comparison:claim_cmp_065,claim_comparison,
compared_with,matched provenance identifier,claim:claim_rec_src_search_31cd9572c4dd_002_observation,claim,claim_comparison:claim_cmp_066,claim_comparison,
compared_with,matched provenance identifier,claim:claim_rec_src_search_ce6ce02a80f2_009_cases_unspecified,claim,claim_comparison:claim_cmp_066,claim_comparison,
compared_with,matched provenance identifier,claim:claim_rec_src_search_31cd9572c4dd_002_observation,claim,claim_comparison:claim_cmp_067,claim_comparison,
compared_with,matched provenance identifier,claim:claim_rec_src_search_ce6ce02a80f2_010_cases_unspecified,claim,claim_comparison:claim_cmp_067,claim_comparison,
compared_with,matched provenance identifier,claim:claim_rec_src_search_31cd9572c4dd_002_observation,claim,claim_comparison:claim_cmp_068,claim_comparison,
compared_with,matched provenance identifier,claim:claim_rec_src_search_ce6ce02a80f2_011_cases_unspecified,claim,claim_comparison:claim_cmp_068,claim_comparison,
compared_with,matched provenance identifier,claim:claim_rec_src_search_31cd9572c4dd_002_observation,claim,claim_comparison:claim_cmp_069,claim_comparison,
compared_with,matched provenance identifier,claim:claim_rec_src_search_19aff7ba1bc3_001_cases_unspecified,claim,claim_comparison:claim_cmp_069,claim_comparison,
compared_with,matched provenance identifier,claim:claim_rec_src_search_31cd9572c4dd_002_observation,claim,claim_comparison:claim_cmp_070,claim_comparison,
compared_with,matched provenance identifier,claim:claim_rec_src_search_19aff7ba1bc3_002_cases_unspecified,claim,claim_comparison:claim_cmp_070,claim_comparison,
compared_with,matched provenance identifier,claim:claim_rec_src_search_31cd9572c4dd_002_observation,claim,claim_comparison:claim_cmp_071,claim_comparison,
compared_with,matched provenance identifier,claim:claim_rec_src_search_19aff7ba1bc3_003_cases_unspecified,claim,claim_comparison:claim_cmp_071,claim_comparison,
compared_with,matched provenance identifier,claim:claim_rec_src_search_31cd9572c4dd_002_observation,claim,claim_comparison:claim_cmp_072,claim_comparison,
compared_with,matched provenance identifier,claim:claim_rec_src_search_19aff7ba1bc3_004_cases_unspecified,claim,claim_comparison:claim_cmp_072,claim_comparison,
compared_with,matched provenance identifier,claim:claim_rec_src_search_31cd9572c4dd_002_observation,claim,claim_comparison:claim_cmp_073,claim_comparison,
compared_with,matched provenance identifier,claim:claim_rec_src_search_84acc76573c8_001_cases_unspecified,claim,claim_comparison:claim_cmp_073,claim_comparison,
compared_with,matched provenance identifier,claim:claim_rec_src_search_31cd9572c4dd_002_observation,claim,claim_comparison:claim_cmp_074,claim_comparison,
compared_with,matched provenance identifier,claim:claim_rec_src_search_84acc76573c8_002_cases_unspecified,claim,claim_comparison:claim_cmp_074,claim_comparison,
compared_with,matched provenance identifier,claim:claim_rec_src_search_31cd9572c4dd_002_observation,claim,claim_comparison:claim_cmp_075,claim_comparison,
compared_with,matched provenance identifier,claim:claim_rec_src_search_84acc76573c8_003_cases_unspecified,claim,claim_comparison:claim_cmp_075,claim_comparison,
compared_with,matched provenance identifier,claim:claim_rec_src_search_31cd9572c4dd_002_observation,claim,claim_comparison:claim_cmp_076,claim_comparison,
compared_with,matched provenance identifier,claim:claim_rec_src_search_1298a67f3fad_001_cases_unspecified,claim,claim_comparison:claim_cmp_076,claim_comparison,
compared_with,matched provenance identifier,claim:claim_rec_src_search_31cd9572c4dd_002_observation,claim,claim_comparison:claim_cmp_077,claim_comparison,
compared_with,matched provenance identifier,claim:claim_rec_src_search_1298a67f3fad_002_cases_unspecified,claim,claim_comparison:claim_cmp_077,claim_comparison,
compared_with,matched provenance identifier,claim:claim_rec_src_search_31cd9572c4dd_002_observation,claim,claim_comparison:claim_cmp_078,claim_comparison,
compared_with,matched provenance identifier,claim:claim_rec_src_search_e1219da5b350_001_cases_unspecified,claim,claim_comparison:claim_cmp_078,claim_comparison,
compared_with,matched provenance identifier,claim:claim_rec_src_search_31cd9572c4dd_002_observation,claim,claim_comparison:claim_cmp_079,claim_comparison,
compared_with,matched provenance identifier,claim:claim_rec_src_search_e1219da5b350_002_cases_unspecified,claim,claim_comparison:claim_cmp_079,claim_comparison,
compared_with,matched provenance identifier,claim:claim_rec_src_search_31cd9572c4dd_002_observation,claim,claim_comparison:claim_cmp_080,claim_comparison,
compared_with,matched provenance identifier,claim:claim_rec_src_search_e1219da5b350_003_cases_unspecified,claim,claim_comparison:claim_cmp_080,claim_comparison,
compared_with,matched provenance identifier,claim:claim_rec_src_search_31cd9572c4dd_002_observation,claim,claim_comparison:claim_cmp_081,claim_comparison,
compared_with,matched provenance identifier,claim:claim_rec_src_search_752899844c7d_001_cases_unspecified,claim,claim_comparison:claim_cmp_081,claim_comparison,
compared_with,matched provenance identifier,claim:claim_rec_src_search_31cd9572c4dd_002_observation,claim,claim_comparison:claim_cmp_082,claim_comparison,
compared_with,matched provenance identifier,claim:claim_rec_src_search_752899844c7d_002_cases_unspecified,claim,claim_comparison:claim_cmp_082,claim_comparison,
compared_with,matched provenance identifier,claim:claim_rec_src_search_31cd9572c4dd_002_observation,claim,claim_comparison:claim_cmp_083,claim_comparison,
compared_with,matched provenance identifier,claim:claim_rec_src_search_752899844c7d_003_cases_unspecified,claim,claim_comparison:claim_cmp_083,claim_comparison,
compared_with,matched provenance identifier,claim:claim_rec_src_search_31cd9572c4dd_003_observation,claim,claim_comparison:claim_cmp_084,claim_comparison,
compared_with,matched provenance identifier,claim:claim_rec_src_search_31cd9572c4dd_004_observation,claim,claim_comparison:claim_cmp_084,claim_comparison,
compared_with,matched provenance identifier,claim:claim_rec_src_search_31cd9572c4dd_003_observation,claim,claim_comparison:claim_cmp_085,claim_comparison,
compared_with,matched provenance identifier,claim:claim_rec_src_search_31cd9572c4dd_005_observation,claim,claim_comparison:claim_cmp_085,claim_comparison,
compared_with,matched provenance identifier,claim:claim_rec_src_search_31cd9572c4dd_003_observation,claim,claim_comparison:claim_cmp_086,claim_comparison,
compared_with,matched provenance identifier,claim:claim_rec_src_search_31cd9572c4dd_006_observation,claim,claim_comparison:claim_cmp_086,claim_comparison,
compared_with,matched provenance identifier,claim:claim_rec_src_search_31cd9572c4dd_003_observation,claim,claim_comparison:claim_cmp_087,claim_comparison,
compared_with,matched provenance identifier,claim:claim_rec_src_search_31cd9572c4dd_007_observation,claim,claim_comparison:claim_cmp_087,claim_comparison,
compared_with,matched provenance identifier,claim:claim_rec_src_search_31cd9572c4dd_003_observation,claim,claim_comparison:claim_cmp_088,claim_comparison,
compared_with,matched provenance identifier,claim:claim_rec_src_search_31cd9572c4dd_008_observation,claim,claim_comparison:claim_cmp_088,claim_comparison,
compared_with,matched provenance identifier,claim:claim_rec_src_search_31cd9572c4dd_003_observation,claim,claim_comparison:claim_cmp_089,claim_comparison,
compared_with,matched provenance identifier,claim:claim_rec_src_search_31cd9572c4dd_009_observation,claim,claim_comparison:claim_cmp_089,claim_comparison,
compared_with,matched provenance identifier,claim:claim_rec_src_search_31cd9572c4dd_003_observation,claim,claim_comparison:claim_cmp_090,claim_comparison,
compared_with,matched provenance identifier,claim:claim_rec_src_search_31cd9572c4dd_010_observation,claim,claim_comparison:claim_cmp_090,claim_comparison,
compared_with,matched provenance identifier,claim:claim_rec_src_search_31cd9572c4dd_003_observation,claim,claim_comparison:claim_cmp_091,claim_comparison,
compared_with,matched provenance identifier,claim:claim_rec_src_search_31cd9572c4dd_011_observation,claim,claim_comparison:claim_cmp_091,claim_comparison,
compared_with,matched provenance identifier,claim:claim_rec_src_search_31cd9572c4dd_003_observation,claim,claim_comparison:claim_cmp_092,claim_comparison,
compared_with,matched provenance identifier,claim:claim_rec_src_search_31cd9572c4dd_012_observation,claim,claim_comparison:claim_cmp_092,claim_comparison,
compared_with,matched provenance identifier,claim:claim_rec_src_search_31cd9572c4dd_003_observation,claim,claim_comparison:claim_cmp_093,claim_comparison,
compared_with,matched provenance identifier,claim:claim_rec_src_search_31cd9572c4dd_013_observation,claim,claim_comparison:claim_cmp_093,claim_comparison,
compared_with,matched provenance identifier,claim:claim_rec_src_search_31cd9572c4dd_003_observation,claim,claim_comparison:claim_cmp_094,claim_comparison,
compared_with,matched provenance identifier,claim:claim_rec_src_search_31cd9572c4dd_014_observation,claim,claim_comparison:claim_cmp_094,claim_comparison,
compared_with,matched provenance identifier,claim:claim_rec_src_search_31cd9572c4dd_003_observation,claim,claim_comparison:claim_cmp_095,claim_comparison,
compared_with,matched provenance identifier,claim:claim_rec_src_search_31cd9572c4dd_015_observation,claim,claim_comparison:claim_cmp_095,claim_comparison,
compared_with,matched provenance identifier,claim:claim_rec_src_search_31cd9572c4dd_003_observation,claim,claim_comparison:claim_cmp_096,claim_comparison,
compared_with,matched provenance identifier,claim:claim_rec_src_search_31cd9572c4dd_016_observation,claim,claim_comparison:claim_cmp_096,claim_comparison,
compared_with,matched provenance identifier,claim:claim_rec_src_search_31cd9572c4dd_003_observation,claim,claim_comparison:claim_cmp_097,claim_comparison,
compared_with,matched provenance identifier,claim:claim_rec_src_search_53763309bf94_001_cases_unspecified,claim,claim_comparison:claim_cmp_097,claim_comparison,
compared_with,matched provenance identifier,claim:claim_rec_src_search_31cd9572c4dd_003_observation,claim,claim_comparison:claim_cmp_098,claim_comparison,
compared_with,matched provenance identifier,claim:claim_rec_src_search_ce6ce02a80f2_001_cases_unspecified,claim,claim_comparison:claim_cmp_098,claim_comparison,
compared_with,matched provenance identifier,claim:claim_rec_src_search_31cd9572c4dd_003_observation,claim,claim_comparison:claim_cmp_099,claim_comparison,
compared_with,matched provenance identifier,claim:claim_rec_src_search_ce6ce02a80f2_002_cases_unspecified,claim,claim_comparison:claim_cmp_099,claim_comparison,
compared_with,matched provenance identifier,claim:claim_rec_src_search_31cd9572c4dd_003_observation,claim,claim_comparison:claim_cmp_100,claim_comparison,
compared_with,matched provenance identifier,claim:claim_rec_src_search_ce6ce02a80f2_003_cases_unspecified,claim,claim_comparison:claim_cmp_100,claim_comparison,
compared_with,matched provenance identifier,claim:claim_rec_src_search_31cd9572c4dd_003_observation,claim,claim_comparison:claim_cmp_101,claim_comparison,
compared_with,matched provenance identifier,claim:claim_rec_src_search_ce6ce02a80f2_004_cases_unspecified,claim,claim_comparison:claim_cmp_101,claim_comparison,
compared_with,matched provenance identifier,claim:claim_rec_src_search_31cd9572c4dd_003_observation,claim,claim_comparison:claim_cmp_102,claim_comparison,
compared_with,matched provenance identifier,claim:claim_rec_src_search_ce6ce02a80f2_005_cases_unspecified,claim,claim_comparison:claim_cmp_102,claim_comparison,
compared_with,matched provenance identifier,claim:claim_rec_src_search_31cd9572c4dd_003_observation,claim,claim_comparison:claim_cmp_103,claim_comparison,
compared_with,matched provenance identifier,claim:claim_rec_src_search_ce6ce02a80f2_006_cases_unspecified,claim,claim_comparison:claim_cmp_103,claim_comparison,
compared_with,matched provenance identifier,claim:claim_rec_src_search_31cd9572c4dd_003_observation,claim,claim_comparison:claim_cmp_104,claim_comparison,
compared_with,matched provenance identifier,claim:claim_rec_src_search_ce6ce02a80f2_007_cases_unspecified,claim,claim_comparison:claim_cmp_104,claim_comparison,
compared_with,matched provenance identifier,claim:claim_rec_src_search_31cd9572c4dd_003_observation,claim,claim_comparison:claim_cmp_105,claim_comparison,
compared_with,matched provenance identifier,claim:claim_rec_src_search_ce6ce02a80f2_008_cases_unspecified,claim,claim_comparison:claim_cmp_105,claim_comparison,
compared_with,matched provenance identifier,claim:claim_rec_src_search_31cd9572c4dd_003_observation,claim,claim_comparison:claim_cmp_106,claim_comparison,
compared_with,matched provenance identifier,claim:claim_rec_src_search_ce6ce02a80f2_009_cases_unspecified,claim,claim_comparison:claim_cmp_106,claim_comparison,
compared_with,matched provenance identifier,claim:claim_rec_src_search_31cd9572c4dd_003_observation,claim,claim_comparison:claim_cmp_107,claim_comparison,
compared_with,matched provenance identifier,claim:claim_rec_src_search_ce6ce02a80f2_010_cases_unspecified,claim,claim_comparison:claim_cmp_107,claim_comparison,
compared_with,matched provenance identifier,claim:claim_rec_src_search_31cd9572c4dd_003_observation,claim,claim_comparison:claim_cmp_108,claim_comparison,
compared_with,matched provenance identifier,claim:claim_rec_src_search_ce6ce02a80f2_011_cases_unspecified,claim,claim_comparison:claim_cmp_108,claim_comparison,
compared_with,matched provenance identifier,claim:claim_rec_src_search_31cd9572c4dd_003_observation,claim,claim_comparison:claim_cmp_109,claim_comparison,
compared_with,matched provenance identifier,claim:claim_rec_src_search_19aff7ba1bc3_001_cases_unspecified,claim,claim_comparison:claim_cmp_109,claim_comparison,
compared_with,matched provenance identifier,claim:claim_rec_src_search_31cd9572c4dd_003_observation,claim,claim_comparison:claim_cmp_110,claim_comparison,
compared_with,matched provenance identifier,claim:claim_rec_src_search_19aff7ba1bc3_002_cases_unspecified,claim,claim_comparison:claim_cmp_110,claim_comparison,
compared_with,matched provenance identifier,claim:claim_rec_src_search_31cd9572c4dd_003_observation,claim,claim_comparison:claim_cmp_111,claim_comparison,
compared_with,matched provenance identifier,claim:claim_rec_src_search_19aff7ba1bc3_003_cases_unspecified,claim,claim_comparison:claim_cmp_111,claim_comparison,
compared_with,matched provenance identifier,claim:claim_rec_src_search_31cd9572c4dd_003_observation,claim,claim_comparison:claim_cmp_112,claim_comparison,
compared_with,matched provenance identifier,claim:claim_rec_src_search_19aff7ba1bc3_004_cases_unspecified,claim,claim_comparison:claim_cmp_112,claim_comparison,
compared_with,matched provenance identifier,claim:claim_rec_src_search_31cd9572c4dd_003_observation,claim,claim_comparison:claim_cmp_113,claim_comparison,
compared_with,matched provenance identifier,claim:claim_rec_src_search_84acc76573c8_001_cases_unspecified,claim,claim_comparison:claim_cmp_113,claim_comparison,
compared_with,matched provenance identifier,claim:claim_rec_src_search_31cd9572c4dd_003_observation,claim,claim_comparison:claim_cmp_114,claim_comparison,
compared_with,matched provenance identifier,claim:claim_rec_src_search_84acc76573c8_002_cases_unspecified,claim,claim_comparison:claim_cmp_114,claim_comparison,
compared_with,matched provenance identifier,claim:claim_rec_src_search_31cd9572c4dd_003_observation,claim,claim_comparison:claim_cmp_115,claim_comparison,
compared_with,matched provenance identifier,claim:claim_rec_src_search_84acc76573c8_003_cases_unspecified,claim,claim_comparison:claim_cmp_115,claim_comparison,
compared_with,matched provenance identifier,claim:claim_rec_src_search_31cd9572c4dd_003_observation,claim,claim_comparison:claim_cmp_116,claim_comparison,
compared_with,matched provenance identifier,claim:claim_rec_src_search_1298a67f3fad_001_cases_unspecified,claim,claim_comparison:claim_cmp_116,claim_comparison,
compared_with,matched provenance identifier,claim:claim_rec_src_search_31cd9572c4dd_003_observation,claim,claim_comparison:claim_cmp_117,claim_comparison,
compared_with,matched provenance identifier,claim:claim_rec_src_search_1298a67f3fad_002_cases_unspecified,claim,claim_comparison:claim_cmp_117,claim_comparison,
compared_with,matched provenance identifier,claim:claim_rec_src_search_31cd9572c4dd_003_observation,claim,claim_comparison:claim_cmp_118,claim_comparison,
compared_with,matched provenance identifier,claim:claim_rec_src_search_e1219da5b350_001_cases_unspecified,claim,claim_comparison:claim_cmp_118,claim_comparison,
compared_with,matched provenance identifier,claim:claim_rec_src_search_31cd9572c4dd_003_observation,claim,claim_comparison:claim_cmp_119,claim_comparison,
compared_with,matched provenance identifier,claim:claim_rec_src_search_e1219da5b350_002_cases_unspecified,claim,claim_comparison:claim_cmp_119,claim_comparison,
compared_with,matched provenance identifier,claim:claim_rec_src_search_31cd9572c4dd_003_observation,claim,claim_comparison:claim_cmp_120,claim_comparison,
compared_with,matched provenance identifier,claim:claim_rec_src_search_e1219da5b350_003_cases_unspecified,claim,claim_comparison:claim_cmp_120,claim_comparison,
compared_with,matched provenance identifier,claim:claim_rec_src_search_31cd9572c4dd_003_observation,claim,claim_comparison:claim_cmp_121,claim_comparison,
compared_with,matched provenance identifier,claim:claim_rec_src_search_752899844c7d_001_cases_unspecified,claim,claim_comparison:claim_cmp_121,claim_comparison,
compared_with,matched provenance identifier,claim:claim_rec_src_search_31cd9572c4dd_003_observation,claim,claim_comparison:claim_cmp_122,claim_comparison,
compared_with,matched provenance identifier,claim:claim_rec_src_search_752899844c7d_002_cases_unspecified,claim,claim_comparison:claim_cmp_122,claim_comparison,
compared_with,matched provenance identifier,claim:claim_rec_src_search_31cd9572c4dd_003_observation,claim,claim_comparison:claim_cmp_123,claim_comparison,
compared_with,matched provenance identifier,claim:claim_rec_src_search_752899844c7d_003_cases_unspecified,claim,claim_comparison:claim_cmp_123,claim_comparison,
compared_with,matched provenance identifier,claim:claim_rec_src_search_31cd9572c4dd_004_observation,claim,claim_comparison:claim_cmp_124,claim_comparison,
compared_with,matched provenance identifier,claim:claim_rec_src_search_31cd9572c4dd_005_observation,claim,claim_comparison:claim_cmp_124,claim_comparison,
compared_with,matched provenance identifier,claim:claim_rec_src_search_31cd9572c4dd_004_observation,claim,claim_comparison:claim_cmp_125,claim_comparison,
compared_with,matched provenance identifier,claim:claim_rec_src_search_31cd9572c4dd_006_observation,claim,claim_comparison:claim_cmp_125,claim_comparison,
compared_with,matched provenance identifier,claim:claim_rec_src_search_31cd9572c4dd_004_observation,claim,claim_comparison:claim_cmp_126,claim_comparison,
compared_with,matched provenance identifier,claim:claim_rec_src_search_31cd9572c4dd_007_observation,claim,claim_comparison:claim_cmp_126,claim_comparison,
compared_with,matched provenance identifier,claim:claim_rec_src_search_31cd9572c4dd_004_observation,claim,claim_comparison:claim_cmp_127,claim_comparison,
compared_with,matched provenance identifier,claim:claim_rec_src_search_31cd9572c4dd_008_observation,claim,claim_comparison:claim_cmp_127,claim_comparison,
compared_with,matched provenance identifier,claim:claim_rec_src_search_31cd9572c4dd_004_observation,claim,claim_comparison:claim_cmp_128,claim_comparison,
compared_with,matched provenance identifier,claim:claim_rec_src_search_31cd9572c4dd_009_observation,claim,claim_comparison:claim_cmp_128,claim_comparison,
compared_with,matched provenance identifier,claim:claim_rec_src_search_31cd9572c4dd_004_observation,claim,claim_comparison:claim_cmp_129,claim_comparison,
compared_with,matched provenance identifier,claim:claim_rec_src_search_31cd9572c4dd_010_observation,claim,claim_comparison:claim_cmp_129,claim_comparison,
compared_with,matched provenance identifier,claim:claim_rec_src_search_31cd9572c4dd_004_observation,claim,claim_comparison:claim_cmp_130,claim_comparison,
compared_with,matched provenance identifier,claim:claim_rec_src_search_31cd9572c4dd_011_observation,claim,claim_comparison:claim_cmp_130,claim_comparison,
compared_with,matched provenance identifier,claim:claim_rec_src_search_31cd9572c4dd_004_observation,claim,claim_comparison:claim_cmp_131,claim_comparison,
compared_with,matched provenance identifier,claim:claim_rec_src_search_31cd9572c4dd_012_observation,claim,claim_comparison:claim_cmp_131,claim_comparison,
compared_with,matched provenance identifier,claim:claim_rec_src_search_31cd9572c4dd_004_observation,claim,claim_comparison:claim_cmp_132,claim_comparison,
compared_with,matched provenance identifier,claim:claim_rec_src_search_31cd9572c4dd_013_observation,claim,claim_comparison:claim_cmp_132,claim_comparison,
compared_with,matched provenance identifier,claim:claim_rec_src_search_31cd9572c4dd_004_observation,claim,claim_comparison:claim_cmp_133,claim_comparison,
compared_with,matched provenance identifier,claim:claim_rec_src_search_31cd9572c4dd_014_observation,claim,claim_comparison:claim_cmp_133,claim_comparison,
compared_with,matched provenance identifier,claim:claim_rec_src_search_31cd9572c4dd_004_observation,claim,claim_comparison:claim_cmp_134,claim_comparison,
compared_with,matched provenance identifier,claim:claim_rec_src_search_31cd9572c4dd_015_observation,claim,claim_comparison:claim_cmp_134,claim_comparison,
compared_with,matched provenance identifier,claim:claim_rec_src_search_31cd9572c4dd_004_observation,claim,claim_comparison:claim_cmp_135,claim_comparison,
compared_with,matched provenance identifier,claim:claim_rec_src_search_31cd9572c4dd_016_observation,claim,claim_comparison:claim_cmp_135,claim_comparison,
compared_with,matched provenance identifier,claim:claim_rec_src_search_31cd9572c4dd_004_observation,claim,claim_comparison:claim_cmp_136,claim_comparison,
compared_with,matched provenance identifier,claim:claim_rec_src_search_53763309bf94_001_cases_unspecified,claim,claim_comparison:claim_cmp_136,claim_comparison,
compared_with,matched provenance identifier,claim:claim_rec_src_search_31cd9572c4dd_004_observation,claim,claim_comparison:claim_cmp_137,claim_comparison,
compared_with,matched provenance identifier,claim:claim_rec_src_search_ce6ce02a80f2_001_cases_unspecified,claim,claim_comparison:claim_cmp_137,claim_comparison,
compared_with,matched provenance identifier,claim:claim_rec_src_search_31cd9572c4dd_004_observation,claim,claim_comparison:claim_cmp_138,claim_comparison,
compared_with,matched provenance identifier,claim:claim_rec_src_search_ce6ce02a80f2_002_cases_unspecified,claim,claim_comparison:claim_cmp_138,claim_comparison,
compared_with,matched provenance identifier,claim:claim_rec_src_search_31cd9572c4dd_004_observation,claim,claim_comparison:claim_cmp_139,claim_comparison,
compared_with,matched provenance identifier,claim:claim_rec_src_search_ce6ce02a80f2_003_cases_unspecified,claim,claim_comparison:claim_cmp_139,claim_comparison,
compared_with,matched provenance identifier,claim:claim_rec_src_search_31cd9572c4dd_004_observation,claim,claim_comparison:claim_cmp_140,claim_comparison,
compared_with,matched provenance identifier,claim:claim_rec_src_search_ce6ce02a80f2_004_cases_unspecified,claim,claim_comparison:claim_cmp_140,claim_comparison,
compared_with,matched provenance identifier,claim:claim_rec_src_search_31cd9572c4dd_004_observation,claim,claim_comparison:claim_cmp_141,claim_comparison,
compared_with,matched provenance identifier,claim:claim_rec_src_search_ce6ce02a80f2_005_cases_unspecified,claim,claim_comparison:claim_cmp_141,claim_comparison,
compared_with,matched provenance identifier,claim:claim_rec_src_search_31cd9572c4dd_004_observation,claim,claim_comparison:claim_cmp_142,claim_comparison,
compared_with,matched provenance identifier,claim:claim_rec_src_search_ce6ce02a80f2_006_cases_unspecified,claim,claim_comparison:claim_cmp_142,claim_comparison,
compared_with,matched provenance identifier,claim:claim_rec_src_search_31cd9572c4dd_004_observation,claim,claim_comparison:claim_cmp_143,claim_comparison,
compared_with,matched provenance identifier,claim:claim_rec_src_search_ce6ce02a80f2_007_cases_unspecified,claim,claim_comparison:claim_cmp_143,claim_comparison,
compared_with,matched provenance identifier,claim:claim_rec_src_search_31cd9572c4dd_004_observation,claim,claim_comparison:claim_cmp_144,claim_comparison,
compared_with,matched provenance identifier,claim:claim_rec_src_search_ce6ce02a80f2_008_cases_unspecified,claim,claim_comparison:claim_cmp_144,claim_comparison,
compared_with,matched provenance identifier,claim:claim_rec_src_search_31cd9572c4dd_004_observation,claim,claim_comparison:claim_cmp_145,claim_comparison,
compared_with,matched provenance identifier,claim:claim_rec_src_search_ce6ce02a80f2_009_cases_unspecified,claim,claim_comparison:claim_cmp_145,claim_comparison,
compared_with,matched provenance identifier,claim:claim_rec_src_search_31cd9572c4dd_004_observation,claim,claim_comparison:claim_cmp_146,claim_comparison,
compared_with,matched provenance identifier,claim:claim_rec_src_search_ce6ce02a80f2_010_cases_unspecified,claim,claim_comparison:claim_cmp_146,claim_comparison,
compared_with,matched provenance identifier,claim:claim_rec_src_search_31cd9572c4dd_004_observation,claim,claim_comparison:claim_cmp_147,claim_comparison,
compared_with,matched provenance identifier,claim:claim_rec_src_search_ce6ce02a80f2_011_cases_unspecified,claim,claim_comparison:claim_cmp_147,claim_comparison,
compared_with,matched provenance identifier,claim:claim_rec_src_search_31cd9572c4dd_004_observation,claim,claim_comparison:claim_cmp_148,claim_comparison,
compared_with,matched provenance identifier,claim:claim_rec_src_search_19aff7ba1bc3_001_cases_unspecified,claim,claim_comparison:claim_cmp_148,claim_comparison,
compared_with,matched provenance identifier,claim:claim_rec_src_search_31cd9572c4dd_004_observation,claim,claim_comparison:claim_cmp_149,claim_comparison,
compared_with,matched provenance identifier,claim:claim_rec_src_search_19aff7ba1bc3_002_cases_unspecified,claim,claim_comparison:claim_cmp_149,claim_comparison,
compared_with,matched provenance identifier,claim:claim_rec_src_search_31cd9572c4dd_004_observation,claim,claim_comparison:claim_cmp_150,claim_comparison,
compared_with,matched provenance identifier,claim:claim_rec_src_search_19aff7ba1bc3_003_cases_unspecified,claim,claim_comparison:claim_cmp_150,claim_comparison,
compared_with,matched provenance identifier,claim:claim_rec_src_search_31cd9572c4dd_004_observation,claim,claim_comparison:claim_cmp_151,claim_comparison,
compared_with,matched provenance identifier,claim:claim_rec_src_search_19aff7ba1bc3_004_cases_unspecified,claim,claim_comparison:claim_cmp_151,claim_comparison,
compared_with,matched provenance identifier,claim:claim_rec_src_search_31cd9572c4dd_004_observation,claim,claim_comparison:claim_cmp_152,claim_comparison,
compared_with,matched provenance identifier,claim:claim_rec_src_search_84acc76573c8_001_cases_unspecified,claim,claim_comparison:claim_cmp_152,claim_comparison,
compared_with,matched provenance identifier,claim:claim_rec_src_search_31cd9572c4dd_004_observation,claim,claim_comparison:claim_cmp_153,claim_comparison,
compared_with,matched provenance identifier,claim:claim_rec_src_search_84acc76573c8_002_cases_unspecified,claim,claim_comparison:claim_cmp_153,claim_comparison,
compared_with,matched provenance identifier,claim:claim_rec_src_search_31cd9572c4dd_004_observation,claim,claim_comparison:claim_cmp_154,claim_comparison,
compared_with,matched provenance identifier,claim:claim_rec_src_search_84acc76573c8_003_cases_unspecified,claim,claim_comparison:claim_cmp_154,claim_comparison,
compared_with,matched provenance identifier,claim:claim_rec_src_search_31cd9572c4dd_004_observation,claim,claim_comparison:claim_cmp_155,claim_comparison,
compared_with,matched provenance identifier,claim:claim_rec_src_search_1298a67f3fad_001_cases_unspecified,claim,claim_comparison:claim_cmp_155,claim_comparison,
compared_with,matched provenance identifier,claim:claim_rec_src_search_31cd9572c4dd_004_observation,claim,claim_comparison:claim_cmp_156,claim_comparison,
compared_with,matched provenance identifier,claim:claim_rec_src_search_1298a67f3fad_002_cases_unspecified,claim,claim_comparison:claim_cmp_156,claim_comparison,
compared_with,matched provenance identifier,claim:claim_rec_src_search_31cd9572c4dd_004_observation,claim,claim_comparison:claim_cmp_157,claim_comparison,
compared_with,matched provenance identifier,claim:claim_rec_src_search_e1219da5b350_001_cases_unspecified,claim,claim_comparison:claim_cmp_157,claim_comparison,
compared_with,matched provenance identifier,claim:claim_rec_src_search_31cd9572c4dd_004_observation,claim,claim_comparison:claim_cmp_158,claim_comparison,
compared_with,matched provenance identifier,claim:claim_rec_src_search_e1219da5b350_002_cases_unspecified,claim,claim_comparison:claim_cmp_158,claim_comparison,
compared_with,matched provenance identifier,claim:claim_rec_src_search_31cd9572c4dd_004_observation,claim,claim_comparison:claim_cmp_159,claim_comparison,
compared_with,matched provenance identifier,claim:claim_rec_src_search_e1219da5b350_003_cases_unspecified,claim,claim_comparison:claim_cmp_159,claim_comparison,
compared_with,matched provenance identifier,claim:claim_rec_src_search_31cd9572c4dd_004_observation,claim,claim_comparison:claim_cmp_160,claim_comparison,
compared_with,matched provenance identifier,claim:claim_rec_src_search_752899844c7d_001_cases_unspecified,claim,claim_comparison:claim_cmp_160,claim_comparison,
compared_with,matched provenance identifier,claim:claim_rec_src_search_31cd9572c4dd_004_observation,claim,claim_comparison:claim_cmp_161,claim_comparison,
compared_with,matched provenance identifier,claim:claim_rec_src_search_752899844c7d_002_cases_unspecified,claim,claim_comparison:claim_cmp_161,claim_comparison,
compared_with,matched provenance identifier,claim:claim_rec_src_search_31cd9572c4dd_004_observation,claim,claim_comparison:claim_cmp_162,claim_comparison,
compared_with,matched provenance identifier,claim:claim_rec_src_search_752899844c7d_003_cases_unspecified,claim,claim_comparison:claim_cmp_162,claim_comparison,
compared_with,matched provenance identifier,claim:claim_rec_src_search_31cd9572c4dd_005_observation,claim,claim_comparison:claim_cmp_163,claim_comparison,
compared_with,matched provenance identifier,claim:claim_rec_src_search_31cd9572c4dd_006_observation,claim,claim_comparison:claim_cmp_163,claim_comparison,
compared_with,matched provenance identifier,claim:claim_rec_src_search_31cd9572c4dd_005_observation,claim,claim_comparison:claim_cmp_164,claim_comparison,
compared_with,matched provenance identifier,claim:claim_rec_src_search_31cd9572c4dd_007_observation,claim,claim_comparison:claim_cmp_164,claim_comparison,
compared_with,matched provenance identifier,claim:claim_rec_src_search_31cd9572c4dd_005_observation,claim,claim_comparison:claim_cmp_165,claim_comparison,
compared_with,matched provenance identifier,claim:claim_rec_src_search_31cd9572c4dd_008_observation,claim,claim_comparison:claim_cmp_165,claim_comparison,
compared_with,matched provenance identifier,claim:claim_rec_src_search_31cd9572c4dd_005_observation,claim,claim_comparison:claim_cmp_166,claim_comparison,
compared_with,matched provenance identifier,claim:claim_rec_src_search_31cd9572c4dd_009_observation,claim,claim_comparison:claim_cmp_166,claim_comparison,
compared_with,matched provenance identifier,claim:claim_rec_src_search_31cd9572c4dd_005_observation,claim,claim_comparison:claim_cmp_167,claim_comparison,
compared_with,matched provenance identifier,claim:claim_rec_src_search_31cd9572c4dd_010_observation,claim,claim_comparison:claim_cmp_167,claim_comparison,
compared_with,matched provenance identifier,claim:claim_rec_src_search_31cd9572c4dd_005_observation,claim,claim_comparison:claim_cmp_168,claim_comparison,
compared_with,matched provenance identifier,claim:claim_rec_src_search_31cd9572c4dd_011_observation,claim,claim_comparison:claim_cmp_168,claim_comparison,
compared_with,matched provenance identifier,claim:claim_rec_src_search_31cd9572c4dd_005_observation,claim,claim_comparison:claim_cmp_169,claim_comparison,
compared_with,matched provenance identifier,claim:claim_rec_src_search_31cd9572c4dd_012_observation,claim,claim_comparison:claim_cmp_169,claim_comparison,
compared_with,matched provenance identifier,claim:claim_rec_src_search_31cd9572c4dd_005_observation,claim,claim_comparison:claim_cmp_170,claim_comparison,
compared_with,matched provenance identifier,claim:claim_rec_src_search_31cd9572c4dd_013_observation,claim,claim_comparison:claim_cmp_170,claim_comparison,
compared_with,matched provenance identifier,claim:claim_rec_src_search_31cd9572c4dd_005_observation,claim,claim_comparison:claim_cmp_171,claim_comparison,
compared_with,matched provenance identifier,claim:claim_rec_src_search_31cd9572c4dd_014_observation,claim,claim_comparison:claim_cmp_171,claim_comparison,
compared_with,matched provenance identifier,claim:claim_rec_src_search_31cd9572c4dd_005_observation,claim,claim_comparison:claim_cmp_172,claim_comparison,
compared_with,matched provenance identifier,claim:claim_rec_src_search_31cd9572c4dd_015_observation,claim,claim_comparison:claim_cmp_172,claim_comparison,
compared_with,matched provenance identifier,claim:claim_rec_src_search_31cd9572c4dd_005_observation,claim,claim_comparison:claim_cmp_173,claim_comparison,
compared_with,matched provenance identifier,claim:claim_rec_src_search_31cd9572c4dd_016_observation,claim,claim_comparison:claim_cmp_173,claim_comparison,
compared_with,matched provenance identifier,claim:claim_rec_src_search_31cd9572c4dd_005_observation,claim,claim_comparison:claim_cmp_174,claim_comparison,
compared_with,matched provenance identifier,claim:claim_rec_src_search_53763309bf94_001_cases_unspecified,claim,claim_comparison:claim_cmp_174,claim_comparison,
compared_with,matched provenance identifier,claim:claim_rec_src_search_31cd9572c4dd_005_observation,claim,claim_comparison:claim_cmp_175,claim_comparison,
compared_with,matched provenance identifier,claim:claim_rec_src_search_ce6ce02a80f2_001_cases_unspecified,claim,claim_comparison:claim_cmp_175,claim_comparison,
compared_with,matched provenance identifier,claim:claim_rec_src_search_31cd9572c4dd_005_observation,claim,claim_comparison:claim_cmp_176,claim_comparison,
compared_with,matched provenance identifier,claim:claim_rec_src_search_ce6ce02a80f2_002_cases_unspecified,claim,claim_comparison:claim_cmp_176,claim_comparison,
compared_with,matched provenance identifier,claim:claim_rec_src_search_31cd9572c4dd_005_observation,claim,claim_comparison:claim_cmp_177,claim_comparison,
compared_with,matched provenance identifier,claim:claim_rec_src_search_ce6ce02a80f2_003_cases_unspecified,claim,claim_comparison:claim_cmp_177,claim_comparison,
compared_with,matched provenance identifier,claim:claim_rec_src_search_31cd9572c4dd_005_observation,claim,claim_comparison:claim_cmp_178,claim_comparison,
compared_with,matched provenance identifier,claim:claim_rec_src_search_ce6ce02a80f2_004_cases_unspecified,claim,claim_comparison:claim_cmp_178,claim_comparison,
compared_with,matched provenance identifier,claim:claim_rec_src_search_31cd9572c4dd_005_observation,claim,claim_comparison:claim_cmp_179,claim_comparison,
compared_with,matched provenance identifier,claim:claim_rec_src_search_ce6ce02a80f2_005_cases_unspecified,claim,claim_comparison:claim_cmp_179,claim_comparison,
compared_with,matched provenance identifier,claim:claim_rec_src_search_31cd9572c4dd_005_observation,claim,claim_comparison:claim_cmp_180,claim_comparison,
compared_with,matched provenance identifier,claim:claim_rec_src_search_ce6ce02a80f2_006_cases_unspecified,claim,claim_comparison:claim_cmp_180,claim_comparison,
compared_with,matched provenance identifier,claim:claim_rec_src_search_31cd9572c4dd_005_observation,claim,claim_comparison:claim_cmp_181,claim_comparison,
compared_with,matched provenance identifier,claim:claim_rec_src_search_ce6ce02a80f2_007_cases_unspecified,claim,claim_comparison:claim_cmp_181,claim_comparison,
compared_with,matched provenance identifier,claim:claim_rec_src_search_31cd9572c4dd_005_observation,claim,claim_comparison:claim_cmp_182,claim_comparison,
compared_with,matched provenance identifier,claim:claim_rec_src_search_ce6ce02a80f2_008_cases_unspecified,claim,claim_comparison:claim_cmp_182,claim_comparison,
compared_with,matched provenance identifier,claim:claim_rec_src_search_31cd9572c4dd_005_observation,claim,claim_comparison:claim_cmp_183,claim_comparison,
compared_with,matched provenance identifier,claim:claim_rec_src_search_ce6ce02a80f2_009_cases_unspecified,claim,claim_comparison:claim_cmp_183,claim_comparison,
compared_with,matched provenance identifier,claim:claim_rec_src_search_31cd9572c4dd_005_observation,claim,claim_comparison:claim_cmp_184,claim_comparison,
compared_with,matched provenance identifier,claim:claim_rec_src_search_ce6ce02a80f2_010_cases_unspecified,claim,claim_comparison:claim_cmp_184,claim_comparison,
compared_with,matched provenance identifier,claim:claim_rec_src_search_31cd9572c4dd_005_observation,claim,claim_comparison:claim_cmp_185,claim_comparison,
compared_with,matched provenance identifier,claim:claim_rec_src_search_ce6ce02a80f2_011_cases_unspecified,claim,claim_comparison:claim_cmp_185,claim_comparison,
compared_with,matched provenance identifier,claim:claim_rec_src_search_31cd9572c4dd_005_observation,claim,claim_comparison:claim_cmp_186,claim_comparison,
compared_with,matched provenance identifier,claim:claim_rec_src_search_19aff7ba1bc3_001_cases_unspecified,claim,claim_comparison:claim_cmp_186,claim_comparison,
compared_with,matched provenance identifier,claim:claim_rec_src_search_31cd9572c4dd_005_observation,claim,claim_comparison:claim_cmp_187,claim_comparison,
compared_with,matched provenance identifier,claim:claim_rec_src_search_19aff7ba1bc3_002_cases_unspecified,claim,claim_comparison:claim_cmp_187,claim_comparison,
compared_with,matched provenance identifier,claim:claim_rec_src_search_31cd9572c4dd_005_observation,claim,claim_comparison:claim_cmp_188,claim_comparison,
compared_with,matched provenance identifier,claim:claim_rec_src_search_19aff7ba1bc3_003_cases_unspecified,claim,claim_comparison:claim_cmp_188,claim_comparison,
compared_with,matched provenance identifier,claim:claim_rec_src_search_31cd9572c4dd_005_observation,claim,claim_comparison:claim_cmp_189,claim_comparison,
compared_with,matched provenance identifier,claim:claim_rec_src_search_19aff7ba1bc3_004_cases_unspecified,claim,claim_comparison:claim_cmp_189,claim_comparison,
compared_with,matched provenance identifier,claim:claim_rec_src_search_31cd9572c4dd_005_observation,claim,claim_comparison:claim_cmp_190,claim_comparison,
compared_with,matched provenance identifier,claim:claim_rec_src_search_84acc76573c8_001_cases_unspecified,claim,claim_comparison:claim_cmp_190,claim_comparison,
compared_with,matched provenance identifier,claim:claim_rec_src_search_31cd9572c4dd_005_observation,claim,claim_comparison:claim_cmp_191,claim_comparison,
compared_with,matched provenance identifier,claim:claim_rec_src_search_84acc76573c8_002_cases_unspecified,claim,claim_comparison:claim_cmp_191,claim_comparison,
compared_with,matched provenance identifier,claim:claim_rec_src_search_31cd9572c4dd_005_observation,claim,claim_comparison:claim_cmp_192,claim_comparison,
compared_with,matched provenance identifier,claim:claim_rec_src_search_84acc76573c8_003_cases_unspecified,claim,claim_comparison:claim_cmp_192,claim_comparison,
compared_with,matched provenance identifier,claim:claim_rec_src_search_31cd9572c4dd_005_observation,claim,claim_comparison:claim_cmp_193,claim_comparison,
compared_with,matched provenance identifier,claim:claim_rec_src_search_1298a67f3fad_001_cases_unspecified,claim,claim_comparison:claim_cmp_193,claim_comparison,
compared_with,matched provenance identifier,claim:claim_rec_src_search_31cd9572c4dd_005_observation,claim,claim_comparison:claim_cmp_194,claim_comparison,
compared_with,matched provenance identifier,claim:claim_rec_src_search_1298a67f3fad_002_cases_unspecified,claim,claim_comparison:claim_cmp_194,claim_comparison,
compared_with,matched provenance identifier,claim:claim_rec_src_search_31cd9572c4dd_005_observation,claim,claim_comparison:claim_cmp_195,claim_comparison,
compared_with,matched provenance identifier,claim:claim_rec_src_search_e1219da5b350_001_cases_unspecified,claim,claim_comparison:claim_cmp_195,claim_comparison,
compared_with,matched provenance identifier,claim:claim_rec_src_search_31cd9572c4dd_005_observation,claim,claim_comparison:claim_cmp_196,claim_comparison,
compared_with,matched provenance identifier,claim:claim_rec_src_search_e1219da5b350_002_cases_unspecified,claim,claim_comparison:claim_cmp_196,claim_comparison,
compared_with,matched provenance identifier,claim:claim_rec_src_search_31cd9572c4dd_005_observation,claim,claim_comparison:claim_cmp_197,claim_comparison,
compared_with,matched provenance identifier,claim:claim_rec_src_search_e1219da5b350_003_cases_unspecified,claim,claim_comparison:claim_cmp_197,claim_comparison,
compared_with,matched provenance identifier,claim:claim_rec_src_search_31cd9572c4dd_005_observation,claim,claim_comparison:claim_cmp_198,claim_comparison,
compared_with,matched provenance identifier,claim:claim_rec_src_search_752899844c7d_001_cases_unspecified,claim,claim_comparison:claim_cmp_198,claim_comparison,
compared_with,matched provenance identifier,claim:claim_rec_src_search_31cd9572c4dd_005_observation,claim,claim_comparison:claim_cmp_199,claim_comparison,
compared_with,matched provenance identifier,claim:claim_rec_src_search_752899844c7d_002_cases_unspecified,claim,claim_comparison:claim_cmp_199,claim_comparison,
compared_with,matched provenance identifier,claim:claim_rec_src_search_31cd9572c4dd_005_observation,claim,claim_comparison:claim_cmp_200,claim_comparison,
compared_with,matched provenance identifier,claim:claim_rec_src_search_752899844c7d_003_cases_unspecified,claim,claim_comparison:claim_cmp_200,claim_comparison,
compared_with,matched provenance identifier,claim:claim_rec_src_search_31cd9572c4dd_006_observation,claim,claim_comparison:claim_cmp_201,claim_comparison,
compared_with,matched provenance identifier,claim:claim_rec_src_search_31cd9572c4dd_007_observation,claim,claim_comparison:claim_cmp_201,claim_comparison,
compared_with,matched provenance identifier,claim:claim_rec_src_search_31cd9572c4dd_006_observation,claim,claim_comparison:claim_cmp_202,claim_comparison,
compared_with,matched provenance identifier,claim:claim_rec_src_search_31cd9572c4dd_008_observation,claim,claim_comparison:claim_cmp_202,claim_comparison,
compared_with,matched provenance identifier,claim:claim_rec_src_search_31cd9572c4dd_006_observation,claim,claim_comparison:claim_cmp_203,claim_comparison,
compared_with,matched provenance identifier,claim:claim_rec_src_search_31cd9572c4dd_009_observation,claim,claim_comparison:claim_cmp_203,claim_comparison,
compared_with,matched provenance identifier,claim:claim_rec_src_search_31cd9572c4dd_006_observation,claim,claim_comparison:claim_cmp_204,claim_comparison,
compared_with,matched provenance identifier,claim:claim_rec_src_search_31cd9572c4dd_010_observation,claim,claim_comparison:claim_cmp_204,claim_comparison,
compared_with,matched provenance identifier,claim:claim_rec_src_search_31cd9572c4dd_006_observation,claim,claim_comparison:claim_cmp_205,claim_comparison,
compared_with,matched provenance identifier,claim:claim_rec_src_search_31cd9572c4dd_011_observation,claim,claim_comparison:claim_cmp_205,claim_comparison,
compared_with,matched provenance identifier,claim:claim_rec_src_search_31cd9572c4dd_006_observation,claim,claim_comparison:claim_cmp_206,claim_comparison,
compared_with,matched provenance identifier,claim:claim_rec_src_search_31cd9572c4dd_012_observation,claim,claim_comparison:claim_cmp_206,claim_comparison,
compared_with,matched provenance identifier,claim:claim_rec_src_search_31cd9572c4dd_006_observation,claim,claim_comparison:claim_cmp_207,claim_comparison,
compared_with,matched provenance identifier,claim:claim_rec_src_search_31cd9572c4dd_013_observation,claim,claim_comparison:claim_cmp_207,claim_comparison,
compared_with,matched provenance identifier,claim:claim_rec_src_search_31cd9572c4dd_006_observation,claim,claim_comparison:claim_cmp_208,claim_comparison,
compared_with,matched provenance identifier,claim:claim_rec_src_search_31cd9572c4dd_014_observation,claim,claim_comparison:claim_cmp_208,claim_comparison,
compared_with,matched provenance identifier,claim:claim_rec_src_search_31cd9572c4dd_006_observation,claim,claim_comparison:claim_cmp_209,claim_comparison,
compared_with,matched provenance identifier,claim:claim_rec_src_search_31cd9572c4dd_015_observation,claim,claim_comparison:claim_cmp_209,claim_comparison,
compared_with,matched provenance identifier,claim:claim_rec_src_search_31cd9572c4dd_006_observation,claim,claim_comparison:claim_cmp_210,claim_comparison,
compared_with,matched provenance identifier,claim:claim_rec_src_search_31cd9572c4dd_016_observation,claim,claim_comparison:claim_cmp_210,claim_comparison,
compared_with,matched provenance identifier,claim:claim_rec_src_search_31cd9572c4dd_006_observation,claim,claim_comparison:claim_cmp_211,claim_comparison,
compared_with,matched provenance identifier,claim:claim_rec_src_search_53763309bf94_001_cases_unspecified,claim,claim_comparison:claim_cmp_211,claim_comparison,
compared_with,matched provenance identifier,claim:claim_rec_src_search_31cd9572c4dd_006_observation,claim,claim_comparison:claim_cmp_212,claim_comparison,
compared_with,matched provenance identifier,claim:claim_rec_src_search_ce6ce02a80f2_001_cases_unspecified,claim,claim_comparison:claim_cmp_212,claim_comparison,
compared_with,matched provenance identifier,claim:claim_rec_src_search_31cd9572c4dd_006_observation,claim,claim_comparison:claim_cmp_213,claim_comparison,
compared_with,matched provenance identifier,claim:claim_rec_src_search_ce6ce02a80f2_002_cases_unspecified,claim,claim_comparison:claim_cmp_213,claim_comparison,
compared_with,matched provenance identifier,claim:claim_rec_src_search_31cd9572c4dd_006_observation,claim,claim_comparison:claim_cmp_214,claim_comparison,
compared_with,matched provenance identifier,claim:claim_rec_src_search_ce6ce02a80f2_003_cases_unspecified,claim,claim_comparison:claim_cmp_214,claim_comparison,
compared_with,matched provenance identifier,claim:claim_rec_src_search_31cd9572c4dd_006_observation,claim,claim_comparison:claim_cmp_215,claim_comparison,
compared_with,matched provenance identifier,claim:claim_rec_src_search_ce6ce02a80f2_004_cases_unspecified,claim,claim_comparison:claim_cmp_215,claim_comparison,
compared_with,matched provenance identifier,claim:claim_rec_src_search_31cd9572c4dd_006_observation,claim,claim_comparison:claim_cmp_216,claim_comparison,
compared_with,matched provenance identifier,claim:claim_rec_src_search_ce6ce02a80f2_005_cases_unspecified,claim,claim_comparison:claim_cmp_216,claim_comparison,
compared_with,matched provenance identifier,claim:claim_rec_src_search_31cd9572c4dd_006_observation,claim,claim_comparison:claim_cmp_217,claim_comparison,
compared_with,matched provenance identifier,claim:claim_rec_src_search_ce6ce02a80f2_006_cases_unspecified,claim,claim_comparison:claim_cmp_217,claim_comparison,
compared_with,matched provenance identifier,claim:claim_rec_src_search_31cd9572c4dd_006_observation,claim,claim_comparison:claim_cmp_218,claim_comparison,
compared_with,matched provenance identifier,claim:claim_rec_src_search_ce6ce02a80f2_007_cases_unspecified,claim,claim_comparison:claim_cmp_218,claim_comparison,
compared_with,matched provenance identifier,claim:claim_rec_src_search_31cd9572c4dd_006_observation,claim,claim_comparison:claim_cmp_219,claim_comparison,
compared_with,matched provenance identifier,claim:claim_rec_src_search_ce6ce02a80f2_008_cases_unspecified,claim,claim_comparison:claim_cmp_219,claim_comparison,
compared_with,matched provenance identifier,claim:claim_rec_src_search_31cd9572c4dd_006_observation,claim,claim_comparison:claim_cmp_220,claim_comparison,
compared_with,matched provenance identifier,claim:claim_rec_src_search_ce6ce02a80f2_009_cases_unspecified,claim,claim_comparison:claim_cmp_220,claim_comparison,
compared_with,matched provenance identifier,claim:claim_rec_src_search_31cd9572c4dd_006_observation,claim,claim_comparison:claim_cmp_221,claim_comparison,
compared_with,matched provenance identifier,claim:claim_rec_src_search_ce6ce02a80f2_010_cases_unspecified,claim,claim_comparison:claim_cmp_221,claim_comparison,
compared_with,matched provenance identifier,claim:claim_rec_src_search_31cd9572c4dd_006_observation,claim,claim_comparison:claim_cmp_222,claim_comparison,
compared_with,matched provenance identifier,claim:claim_rec_src_search_ce6ce02a80f2_011_cases_unspecified,claim,claim_comparison:claim_cmp_222,claim_comparison,
compared_with,matched provenance identifier,claim:claim_rec_src_search_31cd9572c4dd_006_observation,claim,claim_comparison:claim_cmp_223,claim_comparison,
compared_with,matched provenance identifier,claim:claim_rec_src_search_19aff7ba1bc3_001_cases_unspecified,claim,claim_comparison:claim_cmp_223,claim_comparison,
compared_with,matched provenance identifier,claim:claim_rec_src_search_31cd9572c4dd_006_observation,claim,claim_comparison:claim_cmp_224,claim_comparison,
compared_with,matched provenance identifier,claim:claim_rec_src_search_19aff7ba1bc3_002_cases_unspecified,claim,claim_comparison:claim_cmp_224,claim_comparison,
compared_with,matched provenance identifier,claim:claim_rec_src_search_31cd9572c4dd_006_observation,claim,claim_comparison:claim_cmp_225,claim_comparison,
compared_with,matched provenance identifier,claim:claim_rec_src_search_19aff7ba1bc3_003_cases_unspecified,claim,claim_comparison:claim_cmp_225,claim_comparison,
compared_with,matched provenance identifier,claim:claim_rec_src_search_31cd9572c4dd_006_observation,claim,claim_comparison:claim_cmp_226,claim_comparison,
compared_with,matched provenance identifier,claim:claim_rec_src_search_19aff7ba1bc3_004_cases_unspecified,claim,claim_comparison:claim_cmp_226,claim_comparison,
compared_with,matched provenance identifier,claim:claim_rec_src_search_31cd9572c4dd_006_observation,claim,claim_comparison:claim_cmp_227,claim_comparison,
compared_with,matched provenance identifier,claim:claim_rec_src_search_84acc76573c8_001_cases_unspecified,claim,claim_comparison:claim_cmp_227,claim_comparison,
compared_with,matched provenance identifier,claim:claim_rec_src_search_31cd9572c4dd_006_observation,claim,claim_comparison:claim_cmp_228,claim_comparison,
compared_with,matched provenance identifier,claim:claim_rec_src_search_84acc76573c8_002_cases_unspecified,claim,claim_comparison:claim_cmp_228,claim_comparison,
compared_with,matched provenance identifier,claim:claim_rec_src_search_31cd9572c4dd_006_observation,claim,claim_comparison:claim_cmp_229,claim_comparison,
compared_with,matched provenance identifier,claim:claim_rec_src_search_84acc76573c8_003_cases_unspecified,claim,claim_comparison:claim_cmp_229,claim_comparison,
compared_with,matched provenance identifier,claim:claim_rec_src_search_31cd9572c4dd_006_observation,claim,claim_comparison:claim_cmp_230,claim_comparison,
compared_with,matched provenance identifier,claim:claim_rec_src_search_1298a67f3fad_001_cases_unspecified,claim,claim_comparison:claim_cmp_230,claim_comparison,
compared_with,matched provenance identifier,claim:claim_rec_src_search_31cd9572c4dd_006_observation,claim,claim_comparison:claim_cmp_231,claim_comparison,
compared_with,matched provenance identifier,claim:claim_rec_src_search_1298a67f3fad_002_cases_unspecified,claim,claim_comparison:claim_cmp_231,claim_comparison,
compared_with,matched provenance identifier,claim:claim_rec_src_search_31cd9572c4dd_006_observation,claim,claim_comparison:claim_cmp_232,claim_comparison,
compared_with,matched provenance identifier,claim:claim_rec_src_search_e1219da5b350_001_cases_unspecified,claim,claim_comparison:claim_cmp_232,claim_comparison,
compared_with,matched provenance identifier,claim:claim_rec_src_search_31cd9572c4dd_006_observation,claim,claim_comparison:claim_cmp_233,claim_comparison,
compared_with,matched provenance identifier,claim:claim_rec_src_search_e1219da5b350_002_cases_unspecified,claim,claim_comparison:claim_cmp_233,claim_comparison,
compared_with,matched provenance identifier,claim:claim_rec_src_search_31cd9572c4dd_006_observation,claim,claim_comparison:claim_cmp_234,claim_comparison,
compared_with,matched provenance identifier,claim:claim_rec_src_search_e1219da5b350_003_cases_unspecified,claim,claim_comparison:claim_cmp_234,claim_comparison,
compared_with,matched provenance identifier,claim:claim_rec_src_search_31cd9572c4dd_006_observation,claim,claim_comparison:claim_cmp_235,claim_comparison,
compared_with,matched provenance identifier,claim:claim_rec_src_search_752899844c7d_001_cases_unspecified,claim,claim_comparison:claim_cmp_235,claim_comparison,
compared_with,matched provenance identifier,claim:claim_rec_src_search_31cd9572c4dd_006_observation,claim,claim_comparison:claim_cmp_236,claim_comparison,
compared_with,matched provenance identifier,claim:claim_rec_src_search_752899844c7d_002_cases_unspecified,claim,claim_comparison:claim_cmp_236,claim_comparison,
compared_with,matched provenance identifier,claim:claim_rec_src_search_31cd9572c4dd_006_observation,claim,claim_comparison:claim_cmp_237,claim_comparison,
compared_with,matched provenance identifier,claim:claim_rec_src_search_752899844c7d_003_cases_unspecified,claim,claim_comparison:claim_cmp_237,claim_comparison,
compared_with,matched provenance identifier,claim:claim_rec_src_search_31cd9572c4dd_007_observation,claim,claim_comparison:claim_cmp_238,claim_comparison,
compared_with,matched provenance identifier,claim:claim_rec_src_search_31cd9572c4dd_008_observation,claim,claim_comparison:claim_cmp_238,claim_comparison,
compared_with,matched provenance identifier,claim:claim_rec_src_search_31cd9572c4dd_007_observation,claim,claim_comparison:claim_cmp_239,claim_comparison,
compared_with,matched provenance identifier,claim:claim_rec_src_search_31cd9572c4dd_009_observation,claim,claim_comparison:claim_cmp_239,claim_comparison,
compared_with,matched provenance identifier,claim:claim_rec_src_search_31cd9572c4dd_007_observation,claim,claim_comparison:claim_cmp_240,claim_comparison,
compared_with,matched provenance identifier,claim:claim_rec_src_search_31cd9572c4dd_010_observation,claim,claim_comparison:claim_cmp_240,claim_comparison,
compared_with,matched provenance identifier,claim:claim_rec_src_search_31cd9572c4dd_007_observation,claim,claim_comparison:claim_cmp_241,claim_comparison,
compared_with,matched provenance identifier,claim:claim_rec_src_search_31cd9572c4dd_011_observation,claim,claim_comparison:claim_cmp_241,claim_comparison,
compared_with,matched provenance identifier,claim:claim_rec_src_search_31cd9572c4dd_007_observation,claim,claim_comparison:claim_cmp_242,claim_comparison,
compared_with,matched provenance identifier,claim:claim_rec_src_search_31cd9572c4dd_012_observation,claim,claim_comparison:claim_cmp_242,claim_comparison,
compared_with,matched provenance identifier,claim:claim_rec_src_search_31cd9572c4dd_007_observation,claim,claim_comparison:claim_cmp_243,claim_comparison,
compared_with,matched provenance identifier,claim:claim_rec_src_search_31cd9572c4dd_013_observation,claim,claim_comparison:claim_cmp_243,claim_comparison,
compared_with,matched provenance identifier,claim:claim_rec_src_search_31cd9572c4dd_007_observation,claim,claim_comparison:claim_cmp_244,claim_comparison,
compared_with,matched provenance identifier,claim:claim_rec_src_search_31cd9572c4dd_014_observation,claim,claim_comparison:claim_cmp_244,claim_comparison,
compared_with,matched provenance identifier,claim:claim_rec_src_search_31cd9572c4dd_007_observation,claim,claim_comparison:claim_cmp_245,claim_comparison,
compared_with,matched provenance identifier,claim:claim_rec_src_search_31cd9572c4dd_015_observation,claim,claim_comparison:claim_cmp_245,claim_comparison,
compared_with,matched provenance identifier,claim:claim_rec_src_search_31cd9572c4dd_007_observation,claim,claim_comparison:claim_cmp_246,claim_comparison,
compared_with,matched provenance identifier,claim:claim_rec_src_search_31cd9572c4dd_016_observation,claim,claim_comparison:claim_cmp_246,claim_comparison,
compared_with,matched provenance identifier,claim:claim_rec_src_search_31cd9572c4dd_007_observation,claim,claim_comparison:claim_cmp_247,claim_comparison,
compared_with,matched provenance identifier,claim:claim_rec_src_search_53763309bf94_001_cases_unspecified,claim,claim_comparison:claim_cmp_247,claim_comparison,
compared_with,matched provenance identifier,claim:claim_rec_src_search_31cd9572c4dd_007_observation,claim,claim_comparison:claim_cmp_248,claim_comparison,
compared_with,matched provenance identifier,claim:claim_rec_src_search_ce6ce02a80f2_001_cases_unspecified,claim,claim_comparison:claim_cmp_248,claim_comparison,
compared_with,matched provenance identifier,claim:claim_rec_src_search_31cd9572c4dd_007_observation,claim,claim_comparison:claim_cmp_249,claim_comparison,
compared_with,matched provenance identifier,claim:claim_rec_src_search_ce6ce02a80f2_002_cases_unspecified,claim,claim_comparison:claim_cmp_249,claim_comparison,
compared_with,matched provenance identifier,claim:claim_rec_src_search_31cd9572c4dd_007_observation,claim,claim_comparison:claim_cmp_250,claim_comparison,
compared_with,matched provenance identifier,claim:claim_rec_src_search_ce6ce02a80f2_003_cases_unspecified,claim,claim_comparison:claim_cmp_250,claim_comparison,
compared_with,matched provenance identifier,claim:claim_rec_src_search_31cd9572c4dd_007_observation,claim,claim_comparison:claim_cmp_251,claim_comparison,
compared_with,matched provenance identifier,claim:claim_rec_src_search_ce6ce02a80f2_004_cases_unspecified,claim,claim_comparison:claim_cmp_251,claim_comparison,
compared_with,matched provenance identifier,claim:claim_rec_src_search_31cd9572c4dd_007_observation,claim,claim_comparison:claim_cmp_252,claim_comparison,
compared_with,matched provenance identifier,claim:claim_rec_src_search_ce6ce02a80f2_005_cases_unspecified,claim,claim_comparison:claim_cmp_252,claim_comparison,
compared_with,matched provenance identifier,claim:claim_rec_src_search_31cd9572c4dd_007_observation,claim,claim_comparison:claim_cmp_253,claim_comparison,
compared_with,matched provenance identifier,claim:claim_rec_src_search_ce6ce02a80f2_006_cases_unspecified,claim,claim_comparison:claim_cmp_253,claim_comparison,
compared_with,matched provenance identifier,claim:claim_rec_src_search_31cd9572c4dd_007_observation,claim,claim_comparison:claim_cmp_254,claim_comparison,
compared_with,matched provenance identifier,claim:claim_rec_src_search_ce6ce02a80f2_007_cases_unspecified,claim,claim_comparison:claim_cmp_254,claim_comparison,
compared_with,matched provenance identifier,claim:claim_rec_src_search_31cd9572c4dd_007_observation,claim,claim_comparison:claim_cmp_255,claim_comparison,
compared_with,matched provenance identifier,claim:claim_rec_src_search_ce6ce02a80f2_008_cases_unspecified,claim,claim_comparison:claim_cmp_255,claim_comparison,
compared_with,matched provenance identifier,claim:claim_rec_src_search_31cd9572c4dd_007_observation,claim,claim_comparison:claim_cmp_256,claim_comparison,
compared_with,matched provenance identifier,claim:claim_rec_src_search_ce6ce02a80f2_009_cases_unspecified,claim,claim_comparison:claim_cmp_256,claim_comparison,
compared_with,matched provenance identifier,claim:claim_rec_src_search_31cd9572c4dd_007_observation,claim,claim_comparison:claim_cmp_257,claim_comparison,
compared_with,matched provenance identifier,claim:claim_rec_src_search_ce6ce02a80f2_010_cases_unspecified,claim,claim_comparison:claim_cmp_257,claim_comparison,
compared_with,matched provenance identifier,claim:claim_rec_src_search_31cd9572c4dd_007_observation,claim,claim_comparison:claim_cmp_258,claim_comparison,
compared_with,matched provenance identifier,claim:claim_rec_src_search_ce6ce02a80f2_011_cases_unspecified,claim,claim_comparison:claim_cmp_258,claim_comparison,
compared_with,matched provenance identifier,claim:claim_rec_src_search_31cd9572c4dd_007_observation,claim,claim_comparison:claim_cmp_259,claim_comparison,
compared_with,matched provenance identifier,claim:claim_rec_src_search_19aff7ba1bc3_001_cases_unspecified,claim,claim_comparison:claim_cmp_259,claim_comparison,
compared_with,matched provenance identifier,claim:claim_rec_src_search_31cd9572c4dd_007_observation,claim,claim_comparison:claim_cmp_260,claim_comparison,
compared_with,matched provenance identifier,claim:claim_rec_src_search_19aff7ba1bc3_002_cases_unspecified,claim,claim_comparison:claim_cmp_260,claim_comparison,
compared_with,matched provenance identifier,claim:claim_rec_src_search_31cd9572c4dd_007_observation,claim,claim_comparison:claim_cmp_261,claim_comparison,
compared_with,matched provenance identifier,claim:claim_rec_src_search_19aff7ba1bc3_003_cases_unspecified,claim,claim_comparison:claim_cmp_261,claim_comparison,
compared_with,matched provenance identifier,claim:claim_rec_src_search_31cd9572c4dd_007_observation,claim,claim_comparison:claim_cmp_262,claim_comparison,
compared_with,matched provenance identifier,claim:claim_rec_src_search_19aff7ba1bc3_004_cases_unspecified,claim,claim_comparison:claim_cmp_262,claim_comparison,
compared_with,matched provenance identifier,claim:claim_rec_src_search_31cd9572c4dd_007_observation,claim,claim_comparison:claim_cmp_263,claim_comparison,
compared_with,matched provenance identifier,claim:claim_rec_src_search_84acc76573c8_001_cases_unspecified,claim,claim_comparison:claim_cmp_263,claim_comparison,
compared_with,matched provenance identifier,claim:claim_rec_src_search_31cd9572c4dd_007_observation,claim,claim_comparison:claim_cmp_264,claim_comparison,
compared_with,matched provenance identifier,claim:claim_rec_src_search_84acc76573c8_002_cases_unspecified,claim,claim_comparison:claim_cmp_264,claim_comparison,
compared_with,matched provenance identifier,claim:claim_rec_src_search_31cd9572c4dd_007_observation,claim,claim_comparison:claim_cmp_265,claim_comparison,
compared_with,matched provenance identifier,claim:claim_rec_src_search_84acc76573c8_003_cases_unspecified,claim,claim_comparison:claim_cmp_265,claim_comparison,
compared_with,matched provenance identifier,claim:claim_rec_src_search_31cd9572c4dd_007_observation,claim,claim_comparison:claim_cmp_266,claim_comparison,
compared_with,matched provenance identifier,claim:claim_rec_src_search_1298a67f3fad_001_cases_unspecified,claim,claim_comparison:claim_cmp_266,claim_comparison,
compared_with,matched provenance identifier,claim:claim_rec_src_search_31cd9572c4dd_007_observation,claim,claim_comparison:claim_cmp_267,claim_comparison,
compared_with,matched provenance identifier,claim:claim_rec_src_search_1298a67f3fad_002_cases_unspecified,claim,claim_comparison:claim_cmp_267,claim_comparison,
compared_with,matched provenance identifier,claim:claim_rec_src_search_31cd9572c4dd_007_observation,claim,claim_comparison:claim_cmp_268,claim_comparison,
compared_with,matched provenance identifier,claim:claim_rec_src_search_e1219da5b350_001_cases_unspecified,claim,claim_comparison:claim_cmp_268,claim_comparison,
compared_with,matched provenance identifier,claim:claim_rec_src_search_31cd9572c4dd_007_observation,claim,claim_comparison:claim_cmp_269,claim_comparison,
compared_with,matched provenance identifier,claim:claim_rec_src_search_e1219da5b350_002_cases_unspecified,claim,claim_comparison:claim_cmp_269,claim_comparison,
compared_with,matched provenance identifier,claim:claim_rec_src_search_31cd9572c4dd_007_observation,claim,claim_comparison:claim_cmp_270,claim_comparison,
compared_with,matched provenance identifier,claim:claim_rec_src_search_e1219da5b350_003_cases_unspecified,claim,claim_comparison:claim_cmp_270,claim_comparison,
compared_with,matched provenance identifier,claim:claim_rec_src_search_31cd9572c4dd_007_observation,claim,claim_comparison:claim_cmp_271,claim_comparison,
compared_with,matched provenance identifier,claim:claim_rec_src_search_752899844c7d_001_cases_unspecified,claim,claim_comparison:claim_cmp_271,claim_comparison,
compared_with,matched provenance identifier,claim:claim_rec_src_search_31cd9572c4dd_007_observation,claim,claim_comparison:claim_cmp_272,claim_comparison,
compared_with,matched provenance identifier,claim:claim_rec_src_search_752899844c7d_002_cases_unspecified,claim,claim_comparison:claim_cmp_272,claim_comparison,
compared_with,matched provenance identifier,claim:claim_rec_src_search_31cd9572c4dd_007_observation,claim,claim_comparison:claim_cmp_273,claim_comparison,
compared_with,matched provenance identifier,claim:claim_rec_src_search_752899844c7d_003_cases_unspecified,claim,claim_comparison:claim_cmp_273,claim_comparison,
compared_with,matched provenance identifier,claim:claim_rec_src_search_31cd9572c4dd_008_observation,claim,claim_comparison:claim_cmp_274,claim_comparison,
compared_with,matched provenance identifier,claim:claim_rec_src_search_31cd9572c4dd_009_observation,claim,claim_comparison:claim_cmp_274,claim_comparison,
compared_with,matched provenance identifier,claim:claim_rec_src_search_31cd9572c4dd_008_observation,claim,claim_comparison:claim_cmp_275,claim_comparison,
compared_with,matched provenance identifier,claim:claim_rec_src_search_31cd9572c4dd_010_observation,claim,claim_comparison:claim_cmp_275,claim_comparison,
compared_with,matched provenance identifier,claim:claim_rec_src_search_31cd9572c4dd_008_observation,claim,claim_comparison:claim_cmp_276,claim_comparison,
compared_with,matched provenance identifier,claim:claim_rec_src_search_31cd9572c4dd_011_observation,claim,claim_comparison:claim_cmp_276,claim_comparison,
compared_with,matched provenance identifier,claim:claim_rec_src_search_31cd9572c4dd_008_observation,claim,claim_comparison:claim_cmp_277,claim_comparison,
compared_with,matched provenance identifier,claim:claim_rec_src_search_31cd9572c4dd_012_observation,claim,claim_comparison:claim_cmp_277,claim_comparison,
compared_with,matched provenance identifier,claim:claim_rec_src_search_31cd9572c4dd_008_observation,claim,claim_comparison:claim_cmp_278,claim_comparison,
compared_with,matched provenance identifier,claim:claim_rec_src_search_31cd9572c4dd_013_observation,claim,claim_comparison:claim_cmp_278,claim_comparison,
compared_with,matched provenance identifier,claim:claim_rec_src_search_31cd9572c4dd_008_observation,claim,claim_comparison:claim_cmp_279,claim_comparison,
compared_with,matched provenance identifier,claim:claim_rec_src_search_31cd9572c4dd_014_observation,claim,claim_comparison:claim_cmp_279,claim_comparison,
compared_with,matched provenance identifier,claim:claim_rec_src_search_31cd9572c4dd_008_observation,claim,claim_comparison:claim_cmp_280,claim_comparison,
compared_with,matched provenance identifier,claim:claim_rec_src_search_31cd9572c4dd_015_observation,claim,claim_comparison:claim_cmp_280,claim_comparison,
compared_with,matched provenance identifier,claim:claim_rec_src_search_31cd9572c4dd_008_observation,claim,claim_comparison:claim_cmp_281,claim_comparison,
compared_with,matched provenance identifier,claim:claim_rec_src_search_31cd9572c4dd_016_observation,claim,claim_comparison:claim_cmp_281,claim_comparison,
compared_with,matched provenance identifier,claim:claim_rec_src_search_31cd9572c4dd_008_observation,claim,claim_comparison:claim_cmp_282,claim_comparison,
compared_with,matched provenance identifier,claim:claim_rec_src_search_53763309bf94_001_cases_unspecified,claim,claim_comparison:claim_cmp_282,claim_comparison,
compared_with,matched provenance identifier,claim:claim_rec_src_search_31cd9572c4dd_008_observation,claim,claim_comparison:claim_cmp_283,claim_comparison,
compared_with,matched provenance identifier,claim:claim_rec_src_search_ce6ce02a80f2_001_cases_unspecified,claim,claim_comparison:claim_cmp_283,claim_comparison,
compared_with,matched provenance identifier,claim:claim_rec_src_search_31cd9572c4dd_008_observation,claim,claim_comparison:claim_cmp_284,claim_comparison,
compared_with,matched provenance identifier,claim:claim_rec_src_search_ce6ce02a80f2_002_cases_unspecified,claim,claim_comparison:claim_cmp_284,claim_comparison,
compared_with,matched provenance identifier,claim:claim_rec_src_search_31cd9572c4dd_008_observation,claim,claim_comparison:claim_cmp_285,claim_comparison,
compared_with,matched provenance identifier,claim:claim_rec_src_search_ce6ce02a80f2_003_cases_unspecified,claim,claim_comparison:claim_cmp_285,claim_comparison,
compared_with,matched provenance identifier,claim:claim_rec_src_search_31cd9572c4dd_008_observation,claim,claim_comparison:claim_cmp_286,claim_comparison,
compared_with,matched provenance identifier,claim:claim_rec_src_search_ce6ce02a80f2_004_cases_unspecified,claim,claim_comparison:claim_cmp_286,claim_comparison,
compared_with,matched provenance identifier,claim:claim_rec_src_search_31cd9572c4dd_008_observation,claim,claim_comparison:claim_cmp_287,claim_comparison,
compared_with,matched provenance identifier,claim:claim_rec_src_search_ce6ce02a80f2_005_cases_unspecified,claim,claim_comparison:claim_cmp_287,claim_comparison,
compared_with,matched provenance identifier,claim:claim_rec_src_search_31cd9572c4dd_008_observation,claim,claim_comparison:claim_cmp_288,claim_comparison,
compared_with,matched provenance identifier,claim:claim_rec_src_search_ce6ce02a80f2_006_cases_unspecified,claim,claim_comparison:claim_cmp_288,claim_comparison,
compared_with,matched provenance identifier,claim:claim_rec_src_search_31cd9572c4dd_008_observation,claim,claim_comparison:claim_cmp_289,claim_comparison,
compared_with,matched provenance identifier,claim:claim_rec_src_search_ce6ce02a80f2_007_cases_unspecified,claim,claim_comparison:claim_cmp_289,claim_comparison,
compared_with,matched provenance identifier,claim:claim_rec_src_search_31cd9572c4dd_008_observation,claim,claim_comparison:claim_cmp_290,claim_comparison,
compared_with,matched provenance identifier,claim:claim_rec_src_search_ce6ce02a80f2_008_cases_unspecified,claim,claim_comparison:claim_cmp_290,claim_comparison,
compared_with,matched provenance identifier,claim:claim_rec_src_search_31cd9572c4dd_008_observation,claim,claim_comparison:claim_cmp_291,claim_comparison,
compared_with,matched provenance identifier,claim:claim_rec_src_search_ce6ce02a80f2_009_cases_unspecified,claim,claim_comparison:claim_cmp_291,claim_comparison,
compared_with,matched provenance identifier,claim:claim_rec_src_search_31cd9572c4dd_008_observation,claim,claim_comparison:claim_cmp_292,claim_comparison,
compared_with,matched provenance identifier,claim:claim_rec_src_search_ce6ce02a80f2_010_cases_unspecified,claim,claim_comparison:claim_cmp_292,claim_comparison,
compared_with,matched provenance identifier,claim:claim_rec_src_search_31cd9572c4dd_008_observation,claim,claim_comparison:claim_cmp_293,claim_comparison,
compared_with,matched provenance identifier,claim:claim_rec_src_search_ce6ce02a80f2_011_cases_unspecified,claim,claim_comparison:claim_cmp_293,claim_comparison,
compared_with,matched provenance identifier,claim:claim_rec_src_search_31cd9572c4dd_008_observation,claim,claim_comparison:claim_cmp_294,claim_comparison,
compared_with,matched provenance identifier,claim:claim_rec_src_search_19aff7ba1bc3_001_cases_unspecified,claim,claim_comparison:claim_cmp_294,claim_comparison,
compared_with,matched provenance identifier,claim:claim_rec_src_search_31cd9572c4dd_008_observation,claim,claim_comparison:claim_cmp_295,claim_comparison,
compared_with,matched provenance identifier,claim:claim_rec_src_search_19aff7ba1bc3_002_cases_unspecified,claim,claim_comparison:claim_cmp_295,claim_comparison,
compared_with,matched provenance identifier,claim:claim_rec_src_search_31cd9572c4dd_008_observation,claim,claim_comparison:claim_cmp_296,claim_comparison,
compared_with,matched provenance identifier,claim:claim_rec_src_search_19aff7ba1bc3_003_cases_unspecified,claim,claim_comparison:claim_cmp_296,claim_comparison,
compared_with,matched provenance identifier,claim:claim_rec_src_search_31cd9572c4dd_008_observation,claim,claim_comparison:claim_cmp_297,claim_comparison,
compared_with,matched provenance identifier,claim:claim_rec_src_search_19aff7ba1bc3_004_cases_unspecified,claim,claim_comparison:claim_cmp_297,claim_comparison,
compared_with,matched provenance identifier,claim:claim_rec_src_search_31cd9572c4dd_008_observation,claim,claim_comparison:claim_cmp_298,claim_comparison,
compared_with,matched provenance identifier,claim:claim_rec_src_search_84acc76573c8_001_cases_unspecified,claim,claim_comparison:claim_cmp_298,claim_comparison,
compared_with,matched provenance identifier,claim:claim_rec_src_search_31cd9572c4dd_008_observation,claim,claim_comparison:claim_cmp_299,claim_comparison,
compared_with,matched provenance identifier,claim:claim_rec_src_search_84acc76573c8_002_cases_unspecified,claim,claim_comparison:claim_cmp_299,claim_comparison,
compared_with,matched provenance identifier,claim:claim_rec_src_search_31cd9572c4dd_008_observation,claim,claim_comparison:claim_cmp_300,claim_comparison,
compared_with,matched provenance identifier,claim:claim_rec_src_search_84acc76573c8_003_cases_unspecified,claim,claim_comparison:claim_cmp_300,claim_comparison,
compared_with,matched provenance identifier,claim:claim_rec_src_search_31cd9572c4dd_008_observation,claim,claim_comparison:claim_cmp_301,claim_comparison,
compared_with,matched provenance identifier,claim:claim_rec_src_search_1298a67f3fad_001_cases_unspecified,claim,claim_comparison:claim_cmp_301,claim_comparison,
compared_with,matched provenance identifier,claim:claim_rec_src_search_31cd9572c4dd_008_observation,claim,claim_comparison:claim_cmp_302,claim_comparison,
compared_with,matched provenance identifier,claim:claim_rec_src_search_1298a67f3fad_002_cases_unspecified,claim,claim_comparison:claim_cmp_302,claim_comparison,
compared_with,matched provenance identifier,claim:claim_rec_src_search_31cd9572c4dd_008_observation,claim,claim_comparison:claim_cmp_303,claim_comparison,
compared_with,matched provenance identifier,claim:claim_rec_src_search_e1219da5b350_001_cases_unspecified,claim,claim_comparison:claim_cmp_303,claim_comparison,
compared_with,matched provenance identifier,claim:claim_rec_src_search_31cd9572c4dd_008_observation,claim,claim_comparison:claim_cmp_304,claim_comparison,
compared_with,matched provenance identifier,claim:claim_rec_src_search_e1219da5b350_002_cases_unspecified,claim,claim_comparison:claim_cmp_304,claim_comparison,
compared_with,matched provenance identifier,claim:claim_rec_src_search_31cd9572c4dd_008_observation,claim,claim_comparison:claim_cmp_305,claim_comparison,
compared_with,matched provenance identifier,claim:claim_rec_src_search_e1219da5b350_003_cases_unspecified,claim,claim_comparison:claim_cmp_305,claim_comparison,
compared_with,matched provenance identifier,claim:claim_rec_src_search_31cd9572c4dd_008_observation,claim,claim_comparison:claim_cmp_306,claim_comparison,
compared_with,matched provenance identifier,claim:claim_rec_src_search_752899844c7d_001_cases_unspecified,claim,claim_comparison:claim_cmp_306,claim_comparison,
compared_with,matched provenance identifier,claim:claim_rec_src_search_31cd9572c4dd_008_observation,claim,claim_comparison:claim_cmp_307,claim_comparison,
compared_with,matched provenance identifier,claim:claim_rec_src_search_752899844c7d_002_cases_unspecified,claim,claim_comparison:claim_cmp_307,claim_comparison,
compared_with,matched provenance identifier,claim:claim_rec_src_search_31cd9572c4dd_008_observation,claim,claim_comparison:claim_cmp_308,claim_comparison,
compared_with,matched provenance identifier,claim:claim_rec_src_search_752899844c7d_003_cases_unspecified,claim,claim_comparison:claim_cmp_308,claim_comparison,
compared_with,matched provenance identifier,claim:claim_rec_src_search_31cd9572c4dd_009_observation,claim,claim_comparison:claim_cmp_309,claim_comparison,
compared_with,matched provenance identifier,claim:claim_rec_src_search_31cd9572c4dd_010_observation,claim,claim_comparison:claim_cmp_309,claim_comparison,
compared_with,matched provenance identifier,claim:claim_rec_src_search_31cd9572c4dd_009_observation,claim,claim_comparison:claim_cmp_310,claim_comparison,
compared_with,matched provenance identifier,claim:claim_rec_src_search_31cd9572c4dd_011_observation,claim,claim_comparison:claim_cmp_310,claim_comparison,
compared_with,matched provenance identifier,claim:claim_rec_src_search_31cd9572c4dd_009_observation,claim,claim_comparison:claim_cmp_311,claim_comparison,
compared_with,matched provenance identifier,claim:claim_rec_src_search_31cd9572c4dd_012_observation,claim,claim_comparison:claim_cmp_311,claim_comparison,
compared_with,matched provenance identifier,claim:claim_rec_src_search_31cd9572c4dd_009_observation,claim,claim_comparison:claim_cmp_312,claim_comparison,
compared_with,matched provenance identifier,claim:claim_rec_src_search_31cd9572c4dd_013_observation,claim,claim_comparison:claim_cmp_312,claim_comparison,
compared_with,matched provenance identifier,claim:claim_rec_src_search_31cd9572c4dd_009_observation,claim,claim_comparison:claim_cmp_313,claim_comparison,
compared_with,matched provenance identifier,claim:claim_rec_src_search_31cd9572c4dd_014_observation,claim,claim_comparison:claim_cmp_313,claim_comparison,
compared_with,matched provenance identifier,claim:claim_rec_src_search_31cd9572c4dd_009_observation,claim,claim_comparison:claim_cmp_314,claim_comparison,
compared_with,matched provenance identifier,claim:claim_rec_src_search_31cd9572c4dd_015_observation,claim,claim_comparison:claim_cmp_314,claim_comparison,
compared_with,matched provenance identifier,claim:claim_rec_src_search_31cd9572c4dd_009_observation,claim,claim_comparison:claim_cmp_315,claim_comparison,
compared_with,matched provenance identifier,claim:claim_rec_src_search_31cd9572c4dd_016_observation,claim,claim_comparison:claim_cmp_315,claim_comparison,
compared_with,matched provenance identifier,claim:claim_rec_src_search_31cd9572c4dd_009_observation,claim,claim_comparison:claim_cmp_316,claim_comparison,
compared_with,matched provenance identifier,claim:claim_rec_src_search_53763309bf94_001_cases_unspecified,claim,claim_comparison:claim_cmp_316,claim_comparison,
compared_with,matched provenance identifier,claim:claim_rec_src_search_31cd9572c4dd_009_observation,claim,claim_comparison:claim_cmp_317,claim_comparison,
compared_with,matched provenance identifier,claim:claim_rec_src_search_ce6ce02a80f2_001_cases_unspecified,claim,claim_comparison:claim_cmp_317,claim_comparison,
compared_with,matched provenance identifier,claim:claim_rec_src_search_31cd9572c4dd_009_observation,claim,claim_comparison:claim_cmp_318,claim_comparison,
compared_with,matched provenance identifier,claim:claim_rec_src_search_ce6ce02a80f2_002_cases_unspecified,claim,claim_comparison:claim_cmp_318,claim_comparison,
compared_with,matched provenance identifier,claim:claim_rec_src_search_31cd9572c4dd_009_observation,claim,claim_comparison:claim_cmp_319,claim_comparison,
compared_with,matched provenance identifier,claim:claim_rec_src_search_ce6ce02a80f2_003_cases_unspecified,claim,claim_comparison:claim_cmp_319,claim_comparison,
compared_with,matched provenance identifier,claim:claim_rec_src_search_31cd9572c4dd_009_observation,claim,claim_comparison:claim_cmp_320,claim_comparison,
compared_with,matched provenance identifier,claim:claim_rec_src_search_ce6ce02a80f2_004_cases_unspecified,claim,claim_comparison:claim_cmp_320,claim_comparison,
compared_with,matched provenance identifier,claim:claim_rec_src_search_31cd9572c4dd_009_observation,claim,claim_comparison:claim_cmp_321,claim_comparison,
compared_with,matched provenance identifier,claim:claim_rec_src_search_ce6ce02a80f2_005_cases_unspecified,claim,claim_comparison:claim_cmp_321,claim_comparison,
compared_with,matched provenance identifier,claim:claim_rec_src_search_31cd9572c4dd_009_observation,claim,claim_comparison:claim_cmp_322,claim_comparison,
compared_with,matched provenance identifier,claim:claim_rec_src_search_ce6ce02a80f2_006_cases_unspecified,claim,claim_comparison:claim_cmp_322,claim_comparison,
compared_with,matched provenance identifier,claim:claim_rec_src_search_31cd9572c4dd_009_observation,claim,claim_comparison:claim_cmp_323,claim_comparison,
compared_with,matched provenance identifier,claim:claim_rec_src_search_ce6ce02a80f2_007_cases_unspecified,claim,claim_comparison:claim_cmp_323,claim_comparison,
compared_with,matched provenance identifier,claim:claim_rec_src_search_31cd9572c4dd_009_observation,claim,claim_comparison:claim_cmp_324,claim_comparison,
compared_with,matched provenance identifier,claim:claim_rec_src_search_ce6ce02a80f2_008_cases_unspecified,claim,claim_comparison:claim_cmp_324,claim_comparison,
compared_with,matched provenance identifier,claim:claim_rec_src_search_31cd9572c4dd_009_observation,claim,claim_comparison:claim_cmp_325,claim_comparison,
compared_with,matched provenance identifier,claim:claim_rec_src_search_ce6ce02a80f2_009_cases_unspecified,claim,claim_comparison:claim_cmp_325,claim_comparison,
compared_with,matched provenance identifier,claim:claim_rec_src_search_31cd9572c4dd_009_observation,claim,claim_comparison:claim_cmp_326,claim_comparison,
compared_with,matched provenance identifier,claim:claim_rec_src_search_ce6ce02a80f2_010_cases_unspecified,claim,claim_comparison:claim_cmp_326,claim_comparison,
compared_with,matched provenance identifier,claim:claim_rec_src_search_31cd9572c4dd_009_observation,claim,claim_comparison:claim_cmp_327,claim_comparison,
compared_with,matched provenance identifier,claim:claim_rec_src_search_ce6ce02a80f2_011_cases_unspecified,claim,claim_comparison:claim_cmp_327,claim_comparison,
compared_with,matched provenance identifier,claim:claim_rec_src_search_31cd9572c4dd_009_observation,claim,claim_comparison:claim_cmp_328,claim_comparison,
compared_with,matched provenance identifier,claim:claim_rec_src_search_19aff7ba1bc3_001_cases_unspecified,claim,claim_comparison:claim_cmp_328,claim_comparison,
compared_with,matched provenance identifier,claim:claim_rec_src_search_31cd9572c4dd_009_observation,claim,claim_comparison:claim_cmp_329,claim_comparison,
compared_with,matched provenance identifier,claim:claim_rec_src_search_19aff7ba1bc3_002_cases_unspecified,claim,claim_comparison:claim_cmp_329,claim_comparison,
compared_with,matched provenance identifier,claim:claim_rec_src_search_31cd9572c4dd_009_observation,claim,claim_comparison:claim_cmp_330,claim_comparison,
compared_with,matched provenance identifier,claim:claim_rec_src_search_19aff7ba1bc3_003_cases_unspecified,claim,claim_comparison:claim_cmp_330,claim_comparison,
compared_with,matched provenance identifier,claim:claim_rec_src_search_31cd9572c4dd_009_observation,claim,claim_comparison:claim_cmp_331,claim_comparison,
compared_with,matched provenance identifier,claim:claim_rec_src_search_19aff7ba1bc3_004_cases_unspecified,claim,claim_comparison:claim_cmp_331,claim_comparison,
compared_with,matched provenance identifier,claim:claim_rec_src_search_31cd9572c4dd_009_observation,claim,claim_comparison:claim_cmp_332,claim_comparison,
compared_with,matched provenance identifier,claim:claim_rec_src_search_84acc76573c8_001_cases_unspecified,claim,claim_comparison:claim_cmp_332,claim_comparison,
compared_with,matched provenance identifier,claim:claim_rec_src_search_31cd9572c4dd_009_observation,claim,claim_comparison:claim_cmp_333,claim_comparison,
compared_with,matched provenance identifier,claim:claim_rec_src_search_84acc76573c8_002_cases_unspecified,claim,claim_comparison:claim_cmp_333,claim_comparison,
compared_with,matched provenance identifier,claim:claim_rec_src_search_31cd9572c4dd_009_observation,claim,claim_comparison:claim_cmp_334,claim_comparison,
compared_with,matched provenance identifier,claim:claim_rec_src_search_84acc76573c8_003_cases_unspecified,claim,claim_comparison:claim_cmp_334,claim_comparison,
compared_with,matched provenance identifier,claim:claim_rec_src_search_31cd9572c4dd_009_observation,claim,claim_comparison:claim_cmp_335,claim_comparison,
compared_with,matched provenance identifier,claim:claim_rec_src_search_1298a67f3fad_001_cases_unspecified,claim,claim_comparison:claim_cmp_335,claim_comparison,
compared_with,matched provenance identifier,claim:claim_rec_src_search_31cd9572c4dd_009_observation,claim,claim_comparison:claim_cmp_336,claim_comparison,
compared_with,matched provenance identifier,claim:claim_rec_src_search_1298a67f3fad_002_cases_unspecified,claim,claim_comparison:claim_cmp_336,claim_comparison,
compared_with,matched provenance identifier,claim:claim_rec_src_search_31cd9572c4dd_009_observation,claim,claim_comparison:claim_cmp_337,claim_comparison,
compared_with,matched provenance identifier,claim:claim_rec_src_search_e1219da5b350_001_cases_unspecified,claim,claim_comparison:claim_cmp_337,claim_comparison,
compared_with,matched provenance identifier,claim:claim_rec_src_search_31cd9572c4dd_009_observation,claim,claim_comparison:claim_cmp_338,claim_comparison,
compared_with,matched provenance identifier,claim:claim_rec_src_search_e1219da5b350_002_cases_unspecified,claim,claim_comparison:claim_cmp_338,claim_comparison,
compared_with,matched provenance identifier,claim:claim_rec_src_search_31cd9572c4dd_009_observation,claim,claim_comparison:claim_cmp_339,claim_comparison,
compared_with,matched provenance identifier,claim:claim_rec_src_search_e1219da5b350_003_cases_unspecified,claim,claim_comparison:claim_cmp_339,claim_comparison,
compared_with,matched provenance identifier,claim:claim_rec_src_search_31cd9572c4dd_009_observation,claim,claim_comparison:claim_cmp_340,claim_comparison,
compared_with,matched provenance identifier,claim:claim_rec_src_search_752899844c7d_001_cases_unspecified,claim,claim_comparison:claim_cmp_340,claim_comparison,
compared_with,matched provenance identifier,claim:claim_rec_src_search_31cd9572c4dd_009_observation,claim,claim_comparison:claim_cmp_341,claim_comparison,
compared_with,matched provenance identifier,claim:claim_rec_src_search_752899844c7d_002_cases_unspecified,claim,claim_comparison:claim_cmp_341,claim_comparison,
compared_with,matched provenance identifier,claim:claim_rec_src_search_31cd9572c4dd_009_observation,claim,claim_comparison:claim_cmp_342,claim_comparison,
compared_with,matched provenance identifier,claim:claim_rec_src_search_752899844c7d_003_cases_unspecified,claim,claim_comparison:claim_cmp_342,claim_comparison,
compared_with,matched provenance identifier,claim:claim_rec_src_search_31cd9572c4dd_010_observation,claim,claim_comparison:claim_cmp_343,claim_comparison,
compared_with,matched provenance identifier,claim:claim_rec_src_search_31cd9572c4dd_011_observation,claim,claim_comparison:claim_cmp_343,claim_comparison,
compared_with,matched provenance identifier,claim:claim_rec_src_search_31cd9572c4dd_010_observation,claim,claim_comparison:claim_cmp_344,claim_comparison,
compared_with,matched provenance identifier,claim:claim_rec_src_search_31cd9572c4dd_012_observation,claim,claim_comparison:claim_cmp_344,claim_comparison,
compared_with,matched provenance identifier,claim:claim_rec_src_search_31cd9572c4dd_010_observation,claim,claim_comparison:claim_cmp_345,claim_comparison,
compared_with,matched provenance identifier,claim:claim_rec_src_search_31cd9572c4dd_013_observation,claim,claim_comparison:claim_cmp_345,claim_comparison,
compared_with,matched provenance identifier,claim:claim_rec_src_search_31cd9572c4dd_010_observation,claim,claim_comparison:claim_cmp_346,claim_comparison,
compared_with,matched provenance identifier,claim:claim_rec_src_search_31cd9572c4dd_014_observation,claim,claim_comparison:claim_cmp_346,claim_comparison,
compared_with,matched provenance identifier,claim:claim_rec_src_search_31cd9572c4dd_010_observation,claim,claim_comparison:claim_cmp_347,claim_comparison,
compared_with,matched provenance identifier,claim:claim_rec_src_search_31cd9572c4dd_015_observation,claim,claim_comparison:claim_cmp_347,claim_comparison,
compared_with,matched provenance identifier,claim:claim_rec_src_search_31cd9572c4dd_010_observation,claim,claim_comparison:claim_cmp_348,claim_comparison,
compared_with,matched provenance identifier,claim:claim_rec_src_search_31cd9572c4dd_016_observation,claim,claim_comparison:claim_cmp_348,claim_comparison,
compared_with,matched provenance identifier,claim:claim_rec_src_search_31cd9572c4dd_010_observation,claim,claim_comparison:claim_cmp_349,claim_comparison,
compared_with,matched provenance identifier,claim:claim_rec_src_search_53763309bf94_001_cases_unspecified,claim,claim_comparison:claim_cmp_349,claim_comparison,
compared_with,matched provenance identifier,claim:claim_rec_src_search_31cd9572c4dd_010_observation,claim,claim_comparison:claim_cmp_350,claim_comparison,
compared_with,matched provenance identifier,claim:claim_rec_src_search_ce6ce02a80f2_001_cases_unspecified,claim,claim_comparison:claim_cmp_350,claim_comparison,
compared_with,matched provenance identifier,claim:claim_rec_src_search_31cd9572c4dd_010_observation,claim,claim_comparison:claim_cmp_351,claim_comparison,
compared_with,matched provenance identifier,claim:claim_rec_src_search_ce6ce02a80f2_002_cases_unspecified,claim,claim_comparison:claim_cmp_351,claim_comparison,
compared_with,matched provenance identifier,claim:claim_rec_src_search_31cd9572c4dd_010_observation,claim,claim_comparison:claim_cmp_352,claim_comparison,
compared_with,matched provenance identifier,claim:claim_rec_src_search_ce6ce02a80f2_003_cases_unspecified,claim,claim_comparison:claim_cmp_352,claim_comparison,
compared_with,matched provenance identifier,claim:claim_rec_src_search_31cd9572c4dd_010_observation,claim,claim_comparison:claim_cmp_353,claim_comparison,
compared_with,matched provenance identifier,claim:claim_rec_src_search_ce6ce02a80f2_004_cases_unspecified,claim,claim_comparison:claim_cmp_353,claim_comparison,
compared_with,matched provenance identifier,claim:claim_rec_src_search_31cd9572c4dd_010_observation,claim,claim_comparison:claim_cmp_354,claim_comparison,
compared_with,matched provenance identifier,claim:claim_rec_src_search_ce6ce02a80f2_005_cases_unspecified,claim,claim_comparison:claim_cmp_354,claim_comparison,
compared_with,matched provenance identifier,claim:claim_rec_src_search_31cd9572c4dd_010_observation,claim,claim_comparison:claim_cmp_355,claim_comparison,
compared_with,matched provenance identifier,claim:claim_rec_src_search_ce6ce02a80f2_006_cases_unspecified,claim,claim_comparison:claim_cmp_355,claim_comparison,
compared_with,matched provenance identifier,claim:claim_rec_src_search_31cd9572c4dd_010_observation,claim,claim_comparison:claim_cmp_356,claim_comparison,
compared_with,matched provenance identifier,claim:claim_rec_src_search_ce6ce02a80f2_007_cases_unspecified,claim,claim_comparison:claim_cmp_356,claim_comparison,
compared_with,matched provenance identifier,claim:claim_rec_src_search_31cd9572c4dd_010_observation,claim,claim_comparison:claim_cmp_357,claim_comparison,
compared_with,matched provenance identifier,claim:claim_rec_src_search_ce6ce02a80f2_008_cases_unspecified,claim,claim_comparison:claim_cmp_357,claim_comparison,
compared_with,matched provenance identifier,claim:claim_rec_src_search_31cd9572c4dd_010_observation,claim,claim_comparison:claim_cmp_358,claim_comparison,
compared_with,matched provenance identifier,claim:claim_rec_src_search_ce6ce02a80f2_009_cases_unspecified,claim,claim_comparison:claim_cmp_358,claim_comparison,
compared_with,matched provenance identifier,claim:claim_rec_src_search_31cd9572c4dd_010_observation,claim,claim_comparison:claim_cmp_359,claim_comparison,
compared_with,matched provenance identifier,claim:claim_rec_src_search_ce6ce02a80f2_010_cases_unspecified,claim,claim_comparison:claim_cmp_359,claim_comparison,
compared_with,matched provenance identifier,claim:claim_rec_src_search_31cd9572c4dd_010_observation,claim,claim_comparison:claim_cmp_360,claim_comparison,
compared_with,matched provenance identifier,claim:claim_rec_src_search_ce6ce02a80f2_011_cases_unspecified,claim,claim_comparison:claim_cmp_360,claim_comparison,
compared_with,matched provenance identifier,claim:claim_rec_src_search_31cd9572c4dd_010_observation,claim,claim_comparison:claim_cmp_361,claim_comparison,
compared_with,matched provenance identifier,claim:claim_rec_src_search_19aff7ba1bc3_001_cases_unspecified,claim,claim_comparison:claim_cmp_361,claim_comparison,
compared_with,matched provenance identifier,claim:claim_rec_src_search_31cd9572c4dd_010_observation,claim,claim_comparison:claim_cmp_362,claim_comparison,
compared_with,matched provenance identifier,claim:claim_rec_src_search_19aff7ba1bc3_002_cases_unspecified,claim,claim_comparison:claim_cmp_362,claim_comparison,
compared_with,matched provenance identifier,claim:claim_rec_src_search_31cd9572c4dd_010_observation,claim,claim_comparison:claim_cmp_363,claim_comparison,
compared_with,matched provenance identifier,claim:claim_rec_src_search_19aff7ba1bc3_003_cases_unspecified,claim,claim_comparison:claim_cmp_363,claim_comparison,
compared_with,matched provenance identifier,claim:claim_rec_src_search_31cd9572c4dd_010_observation,claim,claim_comparison:claim_cmp_364,claim_comparison,
compared_with,matched provenance identifier,claim:claim_rec_src_search_19aff7ba1bc3_004_cases_unspecified,claim,claim_comparison:claim_cmp_364,claim_comparison,
compared_with,matched provenance identifier,claim:claim_rec_src_search_31cd9572c4dd_010_observation,claim,claim_comparison:claim_cmp_365,claim_comparison,
compared_with,matched provenance identifier,claim:claim_rec_src_search_84acc76573c8_001_cases_unspecified,claim,claim_comparison:claim_cmp_365,claim_comparison,
compared_with,matched provenance identifier,claim:claim_rec_src_search_31cd9572c4dd_010_observation,claim,claim_comparison:claim_cmp_366,claim_comparison,
compared_with,matched provenance identifier,claim:claim_rec_src_search_84acc76573c8_002_cases_unspecified,claim,claim_comparison:claim_cmp_366,claim_comparison,
compared_with,matched provenance identifier,claim:claim_rec_src_search_31cd9572c4dd_010_observation,claim,claim_comparison:claim_cmp_367,claim_comparison,
compared_with,matched provenance identifier,claim:claim_rec_src_search_84acc76573c8_003_cases_unspecified,claim,claim_comparison:claim_cmp_367,claim_comparison,
compared_with,matched provenance identifier,claim:claim_rec_src_search_31cd9572c4dd_010_observation,claim,claim_comparison:claim_cmp_368,claim_comparison,
compared_with,matched provenance identifier,claim:claim_rec_src_search_1298a67f3fad_001_cases_unspecified,claim,claim_comparison:claim_cmp_368,claim_comparison,
compared_with,matched provenance identifier,claim:claim_rec_src_search_31cd9572c4dd_010_observation,claim,claim_comparison:claim_cmp_369,claim_comparison,
compared_with,matched provenance identifier,claim:claim_rec_src_search_1298a67f3fad_002_cases_unspecified,claim,claim_comparison:claim_cmp_369,claim_comparison,
compared_with,matched provenance identifier,claim:claim_rec_src_search_31cd9572c4dd_010_observation,claim,claim_comparison:claim_cmp_370,claim_comparison,
compared_with,matched provenance identifier,claim:claim_rec_src_search_e1219da5b350_001_cases_unspecified,claim,claim_comparison:claim_cmp_370,claim_comparison,
compared_with,matched provenance identifier,claim:claim_rec_src_search_31cd9572c4dd_010_observation,claim,claim_comparison:claim_cmp_371,claim_comparison,
compared_with,matched provenance identifier,claim:claim_rec_src_search_e1219da5b350_002_cases_unspecified,claim,claim_comparison:claim_cmp_371,claim_comparison,
compared_with,matched provenance identifier,claim:claim_rec_src_search_31cd9572c4dd_010_observation,claim,claim_comparison:claim_cmp_372,claim_comparison,
compared_with,matched provenance identifier,claim:claim_rec_src_search_e1219da5b350_003_cases_unspecified,claim,claim_comparison:claim_cmp_372,claim_comparison,
compared_with,matched provenance identifier,claim:claim_rec_src_search_31cd9572c4dd_010_observation,claim,claim_comparison:claim_cmp_373,claim_comparison,
compared_with,matched provenance identifier,claim:claim_rec_src_search_752899844c7d_001_cases_unspecified,claim,claim_comparison:claim_cmp_373,claim_comparison,
compared_with,matched provenance identifier,claim:claim_rec_src_search_31cd9572c4dd_010_observation,claim,claim_comparison:claim_cmp_374,claim_comparison,
compared_with,matched provenance identifier,claim:claim_rec_src_search_752899844c7d_002_cases_unspecified,claim,claim_comparison:claim_cmp_374,claim_comparison,
compared_with,matched provenance identifier,claim:claim_rec_src_search_31cd9572c4dd_010_observation,claim,claim_comparison:claim_cmp_375,claim_comparison,
compared_with,matched provenance identifier,claim:claim_rec_src_search_752899844c7d_003_cases_unspecified,claim,claim_comparison:claim_cmp_375,claim_comparison,
compared_with,matched provenance identifier,claim:claim_rec_src_search_31cd9572c4dd_011_observation,claim,claim_comparison:claim_cmp_376,claim_comparison,
compared_with,matched provenance identifier,claim:claim_rec_src_search_31cd9572c4dd_012_observation,claim,claim_comparison:claim_cmp_376,claim_comparison,
compared_with,matched provenance identifier,claim:claim_rec_src_search_31cd9572c4dd_011_observation,claim,claim_comparison:claim_cmp_377,claim_comparison,
compared_with,matched provenance identifier,claim:claim_rec_src_search_31cd9572c4dd_013_observation,claim,claim_comparison:claim_cmp_377,claim_comparison,
compared_with,matched provenance identifier,claim:claim_rec_src_search_31cd9572c4dd_011_observation,claim,claim_comparison:claim_cmp_378,claim_comparison,
compared_with,matched provenance identifier,claim:claim_rec_src_search_31cd9572c4dd_014_observation,claim,claim_comparison:claim_cmp_378,claim_comparison,
compared_with,matched provenance identifier,claim:claim_rec_src_search_31cd9572c4dd_011_observation,claim,claim_comparison:claim_cmp_379,claim_comparison,
compared_with,matched provenance identifier,claim:claim_rec_src_search_31cd9572c4dd_015_observation,claim,claim_comparison:claim_cmp_379,claim_comparison,
compared_with,matched provenance identifier,claim:claim_rec_src_search_31cd9572c4dd_011_observation,claim,claim_comparison:claim_cmp_380,claim_comparison,
compared_with,matched provenance identifier,claim:claim_rec_src_search_31cd9572c4dd_016_observation,claim,claim_comparison:claim_cmp_380,claim_comparison,
compared_with,matched provenance identifier,claim:claim_rec_src_search_31cd9572c4dd_011_observation,claim,claim_comparison:claim_cmp_381,claim_comparison,
compared_with,matched provenance identifier,claim:claim_rec_src_search_53763309bf94_001_cases_unspecified,claim,claim_comparison:claim_cmp_381,claim_comparison,
compared_with,matched provenance identifier,claim:claim_rec_src_search_31cd9572c4dd_011_observation,claim,claim_comparison:claim_cmp_382,claim_comparison,
compared_with,matched provenance identifier,claim:claim_rec_src_search_ce6ce02a80f2_001_cases_unspecified,claim,claim_comparison:claim_cmp_382,claim_comparison,
compared_with,matched provenance identifier,claim:claim_rec_src_search_31cd9572c4dd_011_observation,claim,claim_comparison:claim_cmp_383,claim_comparison,
compared_with,matched provenance identifier,claim:claim_rec_src_search_ce6ce02a80f2_002_cases_unspecified,claim,claim_comparison:claim_cmp_383,claim_comparison,
compared_with,matched provenance identifier,claim:claim_rec_src_search_31cd9572c4dd_011_observation,claim,claim_comparison:claim_cmp_384,claim_comparison,
compared_with,matched provenance identifier,claim:claim_rec_src_search_ce6ce02a80f2_003_cases_unspecified,claim,claim_comparison:claim_cmp_384,claim_comparison,
compared_with,matched provenance identifier,claim:claim_rec_src_search_31cd9572c4dd_011_observation,claim,claim_comparison:claim_cmp_385,claim_comparison,
compared_with,matched provenance identifier,claim:claim_rec_src_search_ce6ce02a80f2_004_cases_unspecified,claim,claim_comparison:claim_cmp_385,claim_comparison,
compared_with,matched provenance identifier,claim:claim_rec_src_search_31cd9572c4dd_011_observation,claim,claim_comparison:claim_cmp_386,claim_comparison,
compared_with,matched provenance identifier,claim:claim_rec_src_search_ce6ce02a80f2_005_cases_unspecified,claim,claim_comparison:claim_cmp_386,claim_comparison,
compared_with,matched provenance identifier,claim:claim_rec_src_search_31cd9572c4dd_011_observation,claim,claim_comparison:claim_cmp_387,claim_comparison,
compared_with,matched provenance identifier,claim:claim_rec_src_search_ce6ce02a80f2_006_cases_unspecified,claim,claim_comparison:claim_cmp_387,claim_comparison,
compared_with,matched provenance identifier,claim:claim_rec_src_search_31cd9572c4dd_011_observation,claim,claim_comparison:claim_cmp_388,claim_comparison,
compared_with,matched provenance identifier,claim:claim_rec_src_search_ce6ce02a80f2_007_cases_unspecified,claim,claim_comparison:claim_cmp_388,claim_comparison,
compared_with,matched provenance identifier,claim:claim_rec_src_search_31cd9572c4dd_011_observation,claim,claim_comparison:claim_cmp_389,claim_comparison,
compared_with,matched provenance identifier,claim:claim_rec_src_search_ce6ce02a80f2_008_cases_unspecified,claim,claim_comparison:claim_cmp_389,claim_comparison,
compared_with,matched provenance identifier,claim:claim_rec_src_search_31cd9572c4dd_011_observation,claim,claim_comparison:claim_cmp_390,claim_comparison,
compared_with,matched provenance identifier,claim:claim_rec_src_search_ce6ce02a80f2_009_cases_unspecified,claim,claim_comparison:claim_cmp_390,claim_comparison,
compared_with,matched provenance identifier,claim:claim_rec_src_search_31cd9572c4dd_011_observation,claim,claim_comparison:claim_cmp_391,claim_comparison,
compared_with,matched provenance identifier,claim:claim_rec_src_search_ce6ce02a80f2_010_cases_unspecified,claim,claim_comparison:claim_cmp_391,claim_comparison,
compared_with,matched provenance identifier,claim:claim_rec_src_search_31cd9572c4dd_011_observation,claim,claim_comparison:claim_cmp_392,claim_comparison,
compared_with,matched provenance identifier,claim:claim_rec_src_search_ce6ce02a80f2_011_cases_unspecified,claim,claim_comparison:claim_cmp_392,claim_comparison,
compared_with,matched provenance identifier,claim:claim_rec_src_search_31cd9572c4dd_011_observation,claim,claim_comparison:claim_cmp_393,claim_comparison,
compared_with,matched provenance identifier,claim:claim_rec_src_search_19aff7ba1bc3_001_cases_unspecified,claim,claim_comparison:claim_cmp_393,claim_comparison,
compared_with,matched provenance identifier,claim:claim_rec_src_search_31cd9572c4dd_011_observation,claim,claim_comparison:claim_cmp_394,claim_comparison,
compared_with,matched provenance identifier,claim:claim_rec_src_search_19aff7ba1bc3_002_cases_unspecified,claim,claim_comparison:claim_cmp_394,claim_comparison,
compared_with,matched provenance identifier,claim:claim_rec_src_search_31cd9572c4dd_011_observation,claim,claim_comparison:claim_cmp_395,claim_comparison,
compared_with,matched provenance identifier,claim:claim_rec_src_search_19aff7ba1bc3_003_cases_unspecified,claim,claim_comparison:claim_cmp_395,claim_comparison,
compared_with,matched provenance identifier,claim:claim_rec_src_search_31cd9572c4dd_011_observation,claim,claim_comparison:claim_cmp_396,claim_comparison,
compared_with,matched provenance identifier,claim:claim_rec_src_search_19aff7ba1bc3_004_cases_unspecified,claim,claim_comparison:claim_cmp_396,claim_comparison,
compared_with,matched provenance identifier,claim:claim_rec_src_search_31cd9572c4dd_011_observation,claim,claim_comparison:claim_cmp_397,claim_comparison,
compared_with,matched provenance identifier,claim:claim_rec_src_search_84acc76573c8_001_cases_unspecified,claim,claim_comparison:claim_cmp_397,claim_comparison,
compared_with,matched provenance identifier,claim:claim_rec_src_search_31cd9572c4dd_011_observation,claim,claim_comparison:claim_cmp_398,claim_comparison,
compared_with,matched provenance identifier,claim:claim_rec_src_search_84acc76573c8_002_cases_unspecified,claim,claim_comparison:claim_cmp_398,claim_comparison,
compared_with,matched provenance identifier,claim:claim_rec_src_search_31cd9572c4dd_011_observation,claim,claim_comparison:claim_cmp_399,claim_comparison,
compared_with,matched provenance identifier,claim:claim_rec_src_search_84acc76573c8_003_cases_unspecified,claim,claim_comparison:claim_cmp_399,claim_comparison,
compared_with,matched provenance identifier,claim:claim_rec_src_search_31cd9572c4dd_011_observation,claim,claim_comparison:claim_cmp_400,claim_comparison,
compared_with,matched provenance identifier,claim:claim_rec_src_search_1298a67f3fad_001_cases_unspecified,claim,claim_comparison:claim_cmp_400,claim_comparison,
compared_with,matched provenance identifier,claim:claim_rec_src_search_31cd9572c4dd_011_observation,claim,claim_comparison:claim_cmp_401,claim_comparison,
compared_with,matched provenance identifier,claim:claim_rec_src_search_1298a67f3fad_002_cases_unspecified,claim,claim_comparison:claim_cmp_401,claim_comparison,
compared_with,matched provenance identifier,claim:claim_rec_src_search_31cd9572c4dd_011_observation,claim,claim_comparison:claim_cmp_402,claim_comparison,
compared_with,matched provenance identifier,claim:claim_rec_src_search_e1219da5b350_001_cases_unspecified,claim,claim_comparison:claim_cmp_402,claim_comparison,
compared_with,matched provenance identifier,claim:claim_rec_src_search_31cd9572c4dd_011_observation,claim,claim_comparison:claim_cmp_403,claim_comparison,
compared_with,matched provenance identifier,claim:claim_rec_src_search_e1219da5b350_002_cases_unspecified,claim,claim_comparison:claim_cmp_403,claim_comparison,
compared_with,matched provenance identifier,claim:claim_rec_src_search_31cd9572c4dd_011_observation,claim,claim_comparison:claim_cmp_404,claim_comparison,
compared_with,matched provenance identifier,claim:claim_rec_src_search_e1219da5b350_003_cases_unspecified,claim,claim_comparison:claim_cmp_404,claim_comparison,
compared_with,matched provenance identifier,claim:claim_rec_src_search_31cd9572c4dd_011_observation,claim,claim_comparison:claim_cmp_405,claim_comparison,
compared_with,matched provenance identifier,claim:claim_rec_src_search_752899844c7d_001_cases_unspecified,claim,claim_comparison:claim_cmp_405,claim_comparison,
compared_with,matched provenance identifier,claim:claim_rec_src_search_31cd9572c4dd_011_observation,claim,claim_comparison:claim_cmp_406,claim_comparison,
compared_with,matched provenance identifier,claim:claim_rec_src_search_752899844c7d_002_cases_unspecified,claim,claim_comparison:claim_cmp_406,claim_comparison,
compared_with,matched provenance identifier,claim:claim_rec_src_search_31cd9572c4dd_011_observation,claim,claim_comparison:claim_cmp_407,claim_comparison,
compared_with,matched provenance identifier,claim:claim_rec_src_search_752899844c7d_003_cases_unspecified,claim,claim_comparison:claim_cmp_407,claim_comparison,
compared_with,matched provenance identifier,claim:claim_rec_src_search_31cd9572c4dd_012_observation,claim,claim_comparison:claim_cmp_408,claim_comparison,
compared_with,matched provenance identifier,claim:claim_rec_src_search_31cd9572c4dd_013_observation,claim,claim_comparison:claim_cmp_408,claim_comparison,
compared_with,matched provenance identifier,claim:claim_rec_src_search_31cd9572c4dd_012_observation,claim,claim_comparison:claim_cmp_409,claim_comparison,
compared_with,matched provenance identifier,claim:claim_rec_src_search_31cd9572c4dd_014_observation,claim,claim_comparison:claim_cmp_409,claim_comparison,
compared_with,matched provenance identifier,claim:claim_rec_src_search_31cd9572c4dd_012_observation,claim,claim_comparison:claim_cmp_410,claim_comparison,
compared_with,matched provenance identifier,claim:claim_rec_src_search_31cd9572c4dd_015_observation,claim,claim_comparison:claim_cmp_410,claim_comparison,
compared_with,matched provenance identifier,claim:claim_rec_src_search_31cd9572c4dd_012_observation,claim,claim_comparison:claim_cmp_411,claim_comparison,
compared_with,matched provenance identifier,claim:claim_rec_src_search_31cd9572c4dd_016_observation,claim,claim_comparison:claim_cmp_411,claim_comparison,
compared_with,matched provenance identifier,claim:claim_rec_src_search_31cd9572c4dd_012_observation,claim,claim_comparison:claim_cmp_412,claim_comparison,
compared_with,matched provenance identifier,claim:claim_rec_src_search_53763309bf94_001_cases_unspecified,claim,claim_comparison:claim_cmp_412,claim_comparison,
compared_with,matched provenance identifier,claim:claim_rec_src_search_31cd9572c4dd_012_observation,claim,claim_comparison:claim_cmp_413,claim_comparison,
compared_with,matched provenance identifier,claim:claim_rec_src_search_ce6ce02a80f2_001_cases_unspecified,claim,claim_comparison:claim_cmp_413,claim_comparison,
compared_with,matched provenance identifier,claim:claim_rec_src_search_31cd9572c4dd_012_observation,claim,claim_comparison:claim_cmp_414,claim_comparison,
compared_with,matched provenance identifier,claim:claim_rec_src_search_ce6ce02a80f2_002_cases_unspecified,claim,claim_comparison:claim_cmp_414,claim_comparison,
compared_with,matched provenance identifier,claim:claim_rec_src_search_31cd9572c4dd_012_observation,claim,claim_comparison:claim_cmp_415,claim_comparison,
compared_with,matched provenance identifier,claim:claim_rec_src_search_ce6ce02a80f2_003_cases_unspecified,claim,claim_comparison:claim_cmp_415,claim_comparison,
compared_with,matched provenance identifier,claim:claim_rec_src_search_31cd9572c4dd_012_observation,claim,claim_comparison:claim_cmp_416,claim_comparison,
compared_with,matched provenance identifier,claim:claim_rec_src_search_ce6ce02a80f2_004_cases_unspecified,claim,claim_comparison:claim_cmp_416,claim_comparison,
compared_with,matched provenance identifier,claim:claim_rec_src_search_31cd9572c4dd_012_observation,claim,claim_comparison:claim_cmp_417,claim_comparison,
compared_with,matched provenance identifier,claim:claim_rec_src_search_ce6ce02a80f2_005_cases_unspecified,claim,claim_comparison:claim_cmp_417,claim_comparison,
compared_with,matched provenance identifier,claim:claim_rec_src_search_31cd9572c4dd_012_observation,claim,claim_comparison:claim_cmp_418,claim_comparison,
compared_with,matched provenance identifier,claim:claim_rec_src_search_ce6ce02a80f2_006_cases_unspecified,claim,claim_comparison:claim_cmp_418,claim_comparison,
compared_with,matched provenance identifier,claim:claim_rec_src_search_31cd9572c4dd_012_observation,claim,claim_comparison:claim_cmp_419,claim_comparison,
compared_with,matched provenance identifier,claim:claim_rec_src_search_ce6ce02a80f2_007_cases_unspecified,claim,claim_comparison:claim_cmp_419,claim_comparison,
compared_with,matched provenance identifier,claim:claim_rec_src_search_31cd9572c4dd_012_observation,claim,claim_comparison:claim_cmp_420,claim_comparison,
compared_with,matched provenance identifier,claim:claim_rec_src_search_ce6ce02a80f2_008_cases_unspecified,claim,claim_comparison:claim_cmp_420,claim_comparison,
compared_with,matched provenance identifier,claim:claim_rec_src_search_31cd9572c4dd_012_observation,claim,claim_comparison:claim_cmp_421,claim_comparison,
compared_with,matched provenance identifier,claim:claim_rec_src_search_ce6ce02a80f2_009_cases_unspecified,claim,claim_comparison:claim_cmp_421,claim_comparison,
compared_with,matched provenance identifier,claim:claim_rec_src_search_31cd9572c4dd_012_observation,claim,claim_comparison:claim_cmp_422,claim_comparison,
compared_with,matched provenance identifier,claim:claim_rec_src_search_ce6ce02a80f2_010_cases_unspecified,claim,claim_comparison:claim_cmp_422,claim_comparison,
compared_with,matched provenance identifier,claim:claim_rec_src_search_31cd9572c4dd_012_observation,claim,claim_comparison:claim_cmp_423,claim_comparison,
compared_with,matched provenance identifier,claim:claim_rec_src_search_ce6ce02a80f2_011_cases_unspecified,claim,claim_comparison:claim_cmp_423,claim_comparison,
compared_with,matched provenance identifier,claim:claim_rec_src_search_31cd9572c4dd_012_observation,claim,claim_comparison:claim_cmp_424,claim_comparison,
compared_with,matched provenance identifier,claim:claim_rec_src_search_19aff7ba1bc3_001_cases_unspecified,claim,claim_comparison:claim_cmp_424,claim_comparison,
compared_with,matched provenance identifier,claim:claim_rec_src_search_31cd9572c4dd_012_observation,claim,claim_comparison:claim_cmp_425,claim_comparison,
compared_with,matched provenance identifier,claim:claim_rec_src_search_19aff7ba1bc3_002_cases_unspecified,claim,claim_comparison:claim_cmp_425,claim_comparison,
compared_with,matched provenance identifier,claim:claim_rec_src_search_31cd9572c4dd_012_observation,claim,claim_comparison:claim_cmp_426,claim_comparison,
compared_with,matched provenance identifier,claim:claim_rec_src_search_19aff7ba1bc3_003_cases_unspecified,claim,claim_comparison:claim_cmp_426,claim_comparison,
compared_with,matched provenance identifier,claim:claim_rec_src_search_31cd9572c4dd_012_observation,claim,claim_comparison:claim_cmp_427,claim_comparison,
compared_with,matched provenance identifier,claim:claim_rec_src_search_19aff7ba1bc3_004_cases_unspecified,claim,claim_comparison:claim_cmp_427,claim_comparison,
compared_with,matched provenance identifier,claim:claim_rec_src_search_31cd9572c4dd_012_observation,claim,claim_comparison:claim_cmp_428,claim_comparison,
compared_with,matched provenance identifier,claim:claim_rec_src_search_84acc76573c8_001_cases_unspecified,claim,claim_comparison:claim_cmp_428,claim_comparison,
compared_with,matched provenance identifier,claim:claim_rec_src_search_31cd9572c4dd_012_observation,claim,claim_comparison:claim_cmp_429,claim_comparison,
compared_with,matched provenance identifier,claim:claim_rec_src_search_84acc76573c8_002_cases_unspecified,claim,claim_comparison:claim_cmp_429,claim_comparison,
compared_with,matched provenance identifier,claim:claim_rec_src_search_31cd9572c4dd_012_observation,claim,claim_comparison:claim_cmp_430,claim_comparison,
compared_with,matched provenance identifier,claim:claim_rec_src_search_84acc76573c8_003_cases_unspecified,claim,claim_comparison:claim_cmp_430,claim_comparison,
compared_with,matched provenance identifier,claim:claim_rec_src_search_31cd9572c4dd_012_observation,claim,claim_comparison:claim_cmp_431,claim_comparison,
compared_with,matched provenance identifier,claim:claim_rec_src_search_1298a67f3fad_001_cases_unspecified,claim,claim_comparison:claim_cmp_431,claim_comparison,
compared_with,matched provenance identifier,claim:claim_rec_src_search_31cd9572c4dd_012_observation,claim,claim_comparison:claim_cmp_432,claim_comparison,
compared_with,matched provenance identifier,claim:claim_rec_src_search_1298a67f3fad_002_cases_unspecified,claim,claim_comparison:claim_cmp_432,claim_comparison,
compared_with,matched provenance identifier,claim:claim_rec_src_search_31cd9572c4dd_012_observation,claim,claim_comparison:claim_cmp_433,claim_comparison,
compared_with,matched provenance identifier,claim:claim_rec_src_search_e1219da5b350_001_cases_unspecified,claim,claim_comparison:claim_cmp_433,claim_comparison,
compared_with,matched provenance identifier,claim:claim_rec_src_search_31cd9572c4dd_012_observation,claim,claim_comparison:claim_cmp_434,claim_comparison,
compared_with,matched provenance identifier,claim:claim_rec_src_search_e1219da5b350_002_cases_unspecified,claim,claim_comparison:claim_cmp_434,claim_comparison,
compared_with,matched provenance identifier,claim:claim_rec_src_search_31cd9572c4dd_012_observation,claim,claim_comparison:claim_cmp_435,claim_comparison,
compared_with,matched provenance identifier,claim:claim_rec_src_search_e1219da5b350_003_cases_unspecified,claim,claim_comparison:claim_cmp_435,claim_comparison,
compared_with,matched provenance identifier,claim:claim_rec_src_search_31cd9572c4dd_012_observation,claim,claim_comparison:claim_cmp_436,claim_comparison,
compared_with,matched provenance identifier,claim:claim_rec_src_search_752899844c7d_001_cases_unspecified,claim,claim_comparison:claim_cmp_436,claim_comparison,
compared_with,matched provenance identifier,claim:claim_rec_src_search_31cd9572c4dd_012_observation,claim,claim_comparison:claim_cmp_437,claim_comparison,
compared_with,matched provenance identifier,claim:claim_rec_src_search_752899844c7d_002_cases_unspecified,claim,claim_comparison:claim_cmp_437,claim_comparison,
compared_with,matched provenance identifier,claim:claim_rec_src_search_31cd9572c4dd_012_observation,claim,claim_comparison:claim_cmp_438,claim_comparison,
compared_with,matched provenance identifier,claim:claim_rec_src_search_752899844c7d_003_cases_unspecified,claim,claim_comparison:claim_cmp_438,claim_comparison,
compared_with,matched provenance identifier,claim:claim_rec_src_search_31cd9572c4dd_013_observation,claim,claim_comparison:claim_cmp_439,claim_comparison,
compared_with,matched provenance identifier,claim:claim_rec_src_search_31cd9572c4dd_014_observation,claim,claim_comparison:claim_cmp_439,claim_comparison,
compared_with,matched provenance identifier,claim:claim_rec_src_search_31cd9572c4dd_013_observation,claim,claim_comparison:claim_cmp_440,claim_comparison,
compared_with,matched provenance identifier,claim:claim_rec_src_search_31cd9572c4dd_015_observation,claim,claim_comparison:claim_cmp_440,claim_comparison,
compared_with,matched provenance identifier,claim:claim_rec_src_search_31cd9572c4dd_013_observation,claim,claim_comparison:claim_cmp_441,claim_comparison,
compared_with,matched provenance identifier,claim:claim_rec_src_search_31cd9572c4dd_016_observation,claim,claim_comparison:claim_cmp_441,claim_comparison,
compared_with,matched provenance identifier,claim:claim_rec_src_search_31cd9572c4dd_013_observation,claim,claim_comparison:claim_cmp_442,claim_comparison,
compared_with,matched provenance identifier,claim:claim_rec_src_search_53763309bf94_001_cases_unspecified,claim,claim_comparison:claim_cmp_442,claim_comparison,
compared_with,matched provenance identifier,claim:claim_rec_src_search_31cd9572c4dd_013_observation,claim,claim_comparison:claim_cmp_443,claim_comparison,
compared_with,matched provenance identifier,claim:claim_rec_src_search_ce6ce02a80f2_001_cases_unspecified,claim,claim_comparison:claim_cmp_443,claim_comparison,
compared_with,matched provenance identifier,claim:claim_rec_src_search_31cd9572c4dd_013_observation,claim,claim_comparison:claim_cmp_444,claim_comparison,
compared_with,matched provenance identifier,claim:claim_rec_src_search_ce6ce02a80f2_002_cases_unspecified,claim,claim_comparison:claim_cmp_444,claim_comparison,
compared_with,matched provenance identifier,claim:claim_rec_src_search_31cd9572c4dd_013_observation,claim,claim_comparison:claim_cmp_445,claim_comparison,
compared_with,matched provenance identifier,claim:claim_rec_src_search_ce6ce02a80f2_003_cases_unspecified,claim,claim_comparison:claim_cmp_445,claim_comparison,
compared_with,matched provenance identifier,claim:claim_rec_src_search_31cd9572c4dd_013_observation,claim,claim_comparison:claim_cmp_446,claim_comparison,
compared_with,matched provenance identifier,claim:claim_rec_src_search_ce6ce02a80f2_004_cases_unspecified,claim,claim_comparison:claim_cmp_446,claim_comparison,
compared_with,matched provenance identifier,claim:claim_rec_src_search_31cd9572c4dd_013_observation,claim,claim_comparison:claim_cmp_447,claim_comparison,
compared_with,matched provenance identifier,claim:claim_rec_src_search_ce6ce02a80f2_005_cases_unspecified,claim,claim_comparison:claim_cmp_447,claim_comparison,
compared_with,matched provenance identifier,claim:claim_rec_src_search_31cd9572c4dd_013_observation,claim,claim_comparison:claim_cmp_448,claim_comparison,
compared_with,matched provenance identifier,claim:claim_rec_src_search_ce6ce02a80f2_006_cases_unspecified,claim,claim_comparison:claim_cmp_448,claim_comparison,
compared_with,matched provenance identifier,claim:claim_rec_src_search_31cd9572c4dd_013_observation,claim,claim_comparison:claim_cmp_449,claim_comparison,
compared_with,matched provenance identifier,claim:claim_rec_src_search_ce6ce02a80f2_007_cases_unspecified,claim,claim_comparison:claim_cmp_449,claim_comparison,
compared_with,matched provenance identifier,claim:claim_rec_src_search_31cd9572c4dd_013_observation,claim,claim_comparison:claim_cmp_450,claim_comparison,
compared_with,matched provenance identifier,claim:claim_rec_src_search_ce6ce02a80f2_008_cases_unspecified,claim,claim_comparison:claim_cmp_450,claim_comparison,
compared_with,matched provenance identifier,claim:claim_rec_src_search_31cd9572c4dd_013_observation,claim,claim_comparison:claim_cmp_451,claim_comparison,
compared_with,matched provenance identifier,claim:claim_rec_src_search_ce6ce02a80f2_009_cases_unspecified,claim,claim_comparison:claim_cmp_451,claim_comparison,
compared_with,matched provenance identifier,claim:claim_rec_src_search_31cd9572c4dd_013_observation,claim,claim_comparison:claim_cmp_452,claim_comparison,
compared_with,matched provenance identifier,claim:claim_rec_src_search_ce6ce02a80f2_010_cases_unspecified,claim,claim_comparison:claim_cmp_452,claim_comparison,
compared_with,matched provenance identifier,claim:claim_rec_src_search_31cd9572c4dd_013_observation,claim,claim_comparison:claim_cmp_453,claim_comparison,
compared_with,matched provenance identifier,claim:claim_rec_src_search_ce6ce02a80f2_011_cases_unspecified,claim,claim_comparison:claim_cmp_453,claim_comparison,
compared_with,matched provenance identifier,claim:claim_rec_src_search_31cd9572c4dd_013_observation,claim,claim_comparison:claim_cmp_454,claim_comparison,
compared_with,matched provenance identifier,claim:claim_rec_src_search_19aff7ba1bc3_001_cases_unspecified,claim,claim_comparison:claim_cmp_454,claim_comparison,
compared_with,matched provenance identifier,claim:claim_rec_src_search_31cd9572c4dd_013_observation,claim,claim_comparison:claim_cmp_455,claim_comparison,
compared_with,matched provenance identifier,claim:claim_rec_src_search_19aff7ba1bc3_002_cases_unspecified,claim,claim_comparison:claim_cmp_455,claim_comparison,
compared_with,matched provenance identifier,claim:claim_rec_src_search_31cd9572c4dd_013_observation,claim,claim_comparison:claim_cmp_456,claim_comparison,
compared_with,matched provenance identifier,claim:claim_rec_src_search_19aff7ba1bc3_003_cases_unspecified,claim,claim_comparison:claim_cmp_456,claim_comparison,
compared_with,matched provenance identifier,claim:claim_rec_src_search_31cd9572c4dd_013_observation,claim,claim_comparison:claim_cmp_457,claim_comparison,
compared_with,matched provenance identifier,claim:claim_rec_src_search_19aff7ba1bc3_004_cases_unspecified,claim,claim_comparison:claim_cmp_457,claim_comparison,
compared_with,matched provenance identifier,claim:claim_rec_src_search_31cd9572c4dd_013_observation,claim,claim_comparison:claim_cmp_458,claim_comparison,
compared_with,matched provenance identifier,claim:claim_rec_src_search_84acc76573c8_001_cases_unspecified,claim,claim_comparison:claim_cmp_458,claim_comparison,
compared_with,matched provenance identifier,claim:claim_rec_src_search_31cd9572c4dd_013_observation,claim,claim_comparison:claim_cmp_459,claim_comparison,
compared_with,matched provenance identifier,claim:claim_rec_src_search_84acc76573c8_002_cases_unspecified,claim,claim_comparison:claim_cmp_459,claim_comparison,
compared_with,matched provenance identifier,claim:claim_rec_src_search_31cd9572c4dd_013_observation,claim,claim_comparison:claim_cmp_460,claim_comparison,
compared_with,matched provenance identifier,claim:claim_rec_src_search_84acc76573c8_003_cases_unspecified,claim,claim_comparison:claim_cmp_460,claim_comparison,
compared_with,matched provenance identifier,claim:claim_rec_src_search_31cd9572c4dd_013_observation,claim,claim_comparison:claim_cmp_461,claim_comparison,
compared_with,matched provenance identifier,claim:claim_rec_src_search_1298a67f3fad_001_cases_unspecified,claim,claim_comparison:claim_cmp_461,claim_comparison,
compared_with,matched provenance identifier,claim:claim_rec_src_search_31cd9572c4dd_013_observation,claim,claim_comparison:claim_cmp_462,claim_comparison,
compared_with,matched provenance identifier,claim:claim_rec_src_search_1298a67f3fad_002_cases_unspecified,claim,claim_comparison:claim_cmp_462,claim_comparison,
compared_with,matched provenance identifier,claim:claim_rec_src_search_31cd9572c4dd_013_observation,claim,claim_comparison:claim_cmp_463,claim_comparison,
compared_with,matched provenance identifier,claim:claim_rec_src_search_e1219da5b350_001_cases_unspecified,claim,claim_comparison:claim_cmp_463,claim_comparison,
compared_with,matched provenance identifier,claim:claim_rec_src_search_31cd9572c4dd_013_observation,claim,claim_comparison:claim_cmp_464,claim_comparison,
compared_with,matched provenance identifier,claim:claim_rec_src_search_e1219da5b350_002_cases_unspecified,claim,claim_comparison:claim_cmp_464,claim_comparison,
compared_with,matched provenance identifier,claim:claim_rec_src_search_31cd9572c4dd_013_observation,claim,claim_comparison:claim_cmp_465,claim_comparison,
compared_with,matched provenance identifier,claim:claim_rec_src_search_e1219da5b350_003_cases_unspecified,claim,claim_comparison:claim_cmp_465,claim_comparison,
compared_with,matched provenance identifier,claim:claim_rec_src_search_31cd9572c4dd_013_observation,claim,claim_comparison:claim_cmp_466,claim_comparison,
compared_with,matched provenance identifier,claim:claim_rec_src_search_752899844c7d_001_cases_unspecified,claim,claim_comparison:claim_cmp_466,claim_comparison,
compared_with,matched provenance identifier,claim:claim_rec_src_search_31cd9572c4dd_013_observation,claim,claim_comparison:claim_cmp_467,claim_comparison,
compared_with,matched provenance identifier,claim:claim_rec_src_search_752899844c7d_002_cases_unspecified,claim,claim_comparison:claim_cmp_467,claim_comparison,
compared_with,matched provenance identifier,claim:claim_rec_src_search_31cd9572c4dd_013_observation,claim,claim_comparison:claim_cmp_468,claim_comparison,
compared_with,matched provenance identifier,claim:claim_rec_src_search_752899844c7d_003_cases_unspecified,claim,claim_comparison:claim_cmp_468,claim_comparison,
compared_with,matched provenance identifier,claim:claim_rec_src_search_31cd9572c4dd_014_observation,claim,claim_comparison:claim_cmp_469,claim_comparison,
compared_with,matched provenance identifier,claim:claim_rec_src_search_31cd9572c4dd_015_observation,claim,claim_comparison:claim_cmp_469,claim_comparison,
compared_with,matched provenance identifier,claim:claim_rec_src_search_31cd9572c4dd_014_observation,claim,claim_comparison:claim_cmp_470,claim_comparison,
compared_with,matched provenance identifier,claim:claim_rec_src_search_31cd9572c4dd_016_observation,claim,claim_comparison:claim_cmp_470,claim_comparison,
compared_with,matched provenance identifier,claim:claim_rec_src_search_31cd9572c4dd_014_observation,claim,claim_comparison:claim_cmp_471,claim_comparison,
compared_with,matched provenance identifier,claim:claim_rec_src_search_53763309bf94_001_cases_unspecified,claim,claim_comparison:claim_cmp_471,claim_comparison,
compared_with,matched provenance identifier,claim:claim_rec_src_search_31cd9572c4dd_014_observation,claim,claim_comparison:claim_cmp_472,claim_comparison,
compared_with,matched provenance identifier,claim:claim_rec_src_search_ce6ce02a80f2_001_cases_unspecified,claim,claim_comparison:claim_cmp_472,claim_comparison,
compared_with,matched provenance identifier,claim:claim_rec_src_search_31cd9572c4dd_014_observation,claim,claim_comparison:claim_cmp_473,claim_comparison,
compared_with,matched provenance identifier,claim:claim_rec_src_search_ce6ce02a80f2_002_cases_unspecified,claim,claim_comparison:claim_cmp_473,claim_comparison,
compared_with,matched provenance identifier,claim:claim_rec_src_search_31cd9572c4dd_014_observation,claim,claim_comparison:claim_cmp_474,claim_comparison,
compared_with,matched provenance identifier,claim:claim_rec_src_search_ce6ce02a80f2_003_cases_unspecified,claim,claim_comparison:claim_cmp_474,claim_comparison,
compared_with,matched provenance identifier,claim:claim_rec_src_search_31cd9572c4dd_014_observation,claim,claim_comparison:claim_cmp_475,claim_comparison,
compared_with,matched provenance identifier,claim:claim_rec_src_search_ce6ce02a80f2_004_cases_unspecified,claim,claim_comparison:claim_cmp_475,claim_comparison,
compared_with,matched provenance identifier,claim:claim_rec_src_search_31cd9572c4dd_014_observation,claim,claim_comparison:claim_cmp_476,claim_comparison,
compared_with,matched provenance identifier,claim:claim_rec_src_search_ce6ce02a80f2_005_cases_unspecified,claim,claim_comparison:claim_cmp_476,claim_comparison,
compared_with,matched provenance identifier,claim:claim_rec_src_search_31cd9572c4dd_014_observation,claim,claim_comparison:claim_cmp_477,claim_comparison,
compared_with,matched provenance identifier,claim:claim_rec_src_search_ce6ce02a80f2_006_cases_unspecified,claim,claim_comparison:claim_cmp_477,claim_comparison,
compared_with,matched provenance identifier,claim:claim_rec_src_search_31cd9572c4dd_014_observation,claim,claim_comparison:claim_cmp_478,claim_comparison,
compared_with,matched provenance identifier,claim:claim_rec_src_search_ce6ce02a80f2_007_cases_unspecified,claim,claim_comparison:claim_cmp_478,claim_comparison,
compared_with,matched provenance identifier,claim:claim_rec_src_search_31cd9572c4dd_014_observation,claim,claim_comparison:claim_cmp_479,claim_comparison,
compared_with,matched provenance identifier,claim:claim_rec_src_search_ce6ce02a80f2_008_cases_unspecified,claim,claim_comparison:claim_cmp_479,claim_comparison,
compared_with,matched provenance identifier,claim:claim_rec_src_search_31cd9572c4dd_014_observation,claim,claim_comparison:claim_cmp_480,claim_comparison,
compared_with,matched provenance identifier,claim:claim_rec_src_search_ce6ce02a80f2_009_cases_unspecified,claim,claim_comparison:claim_cmp_480,claim_comparison,
compared_with,matched provenance identifier,claim:claim_rec_src_search_31cd9572c4dd_014_observation,claim,claim_comparison:claim_cmp_481,claim_comparison,
compared_with,matched provenance identifier,claim:claim_rec_src_search_ce6ce02a80f2_010_cases_unspecified,claim,claim_comparison:claim_cmp_481,claim_comparison,
compared_with,matched provenance identifier,claim:claim_rec_src_search_31cd9572c4dd_014_observation,claim,claim_comparison:claim_cmp_482,claim_comparison,
compared_with,matched provenance identifier,claim:claim_rec_src_search_ce6ce02a80f2_011_cases_unspecified,claim,claim_comparison:claim_cmp_482,claim_comparison,
compared_with,matched provenance identifier,claim:claim_rec_src_search_31cd9572c4dd_014_observation,claim,claim_comparison:claim_cmp_483,claim_comparison,
compared_with,matched provenance identifier,claim:claim_rec_src_search_19aff7ba1bc3_001_cases_unspecified,claim,claim_comparison:claim_cmp_483,claim_comparison,
compared_with,matched provenance identifier,claim:claim_rec_src_search_31cd9572c4dd_014_observation,claim,claim_comparison:claim_cmp_484,claim_comparison,
compared_with,matched provenance identifier,claim:claim_rec_src_search_19aff7ba1bc3_002_cases_unspecified,claim,claim_comparison:claim_cmp_484,claim_comparison,
compared_with,matched provenance identifier,claim:claim_rec_src_search_31cd9572c4dd_014_observation,claim,claim_comparison:claim_cmp_485,claim_comparison,
compared_with,matched provenance identifier,claim:claim_rec_src_search_19aff7ba1bc3_003_cases_unspecified,claim,claim_comparison:claim_cmp_485,claim_comparison,
compared_with,matched provenance identifier,claim:claim_rec_src_search_31cd9572c4dd_014_observation,claim,claim_comparison:claim_cmp_486,claim_comparison,
compared_with,matched provenance identifier,claim:claim_rec_src_search_19aff7ba1bc3_004_cases_unspecified,claim,claim_comparison:claim_cmp_486,claim_comparison,
compared_with,matched provenance identifier,claim:claim_rec_src_search_31cd9572c4dd_014_observation,claim,claim_comparison:claim_cmp_487,claim_comparison,
compared_with,matched provenance identifier,claim:claim_rec_src_search_84acc76573c8_001_cases_unspecified,claim,claim_comparison:claim_cmp_487,claim_comparison,
compared_with,matched provenance identifier,claim:claim_rec_src_search_31cd9572c4dd_014_observation,claim,claim_comparison:claim_cmp_488,claim_comparison,
compared_with,matched provenance identifier,claim:claim_rec_src_search_84acc76573c8_002_cases_unspecified,claim,claim_comparison:claim_cmp_488,claim_comparison,
compared_with,matched provenance identifier,claim:claim_rec_src_search_31cd9572c4dd_014_observation,claim,claim_comparison:claim_cmp_489,claim_comparison,
compared_with,matched provenance identifier,claim:claim_rec_src_search_84acc76573c8_003_cases_unspecified,claim,claim_comparison:claim_cmp_489,claim_comparison,
compared_with,matched provenance identifier,claim:claim_rec_src_search_31cd9572c4dd_014_observation,claim,claim_comparison:claim_cmp_490,claim_comparison,
compared_with,matched provenance identifier,claim:claim_rec_src_search_1298a67f3fad_001_cases_unspecified,claim,claim_comparison:claim_cmp_490,claim_comparison,
compared_with,matched provenance identifier,claim:claim_rec_src_search_31cd9572c4dd_014_observation,claim,claim_comparison:claim_cmp_491,claim_comparison,
compared_with,matched provenance identifier,claim:claim_rec_src_search_1298a67f3fad_002_cases_unspecified,claim,claim_comparison:claim_cmp_491,claim_comparison,
compared_with,matched provenance identifier,claim:claim_rec_src_search_31cd9572c4dd_014_observation,claim,claim_comparison:claim_cmp_492,claim_comparison,
compared_with,matched provenance identifier,claim:claim_rec_src_search_e1219da5b350_001_cases_unspecified,claim,claim_comparison:claim_cmp_492,claim_comparison,
compared_with,matched provenance identifier,claim:claim_rec_src_search_31cd9572c4dd_014_observation,claim,claim_comparison:claim_cmp_493,claim_comparison,
compared_with,matched provenance identifier,claim:claim_rec_src_search_e1219da5b350_002_cases_unspecified,claim,claim_comparison:claim_cmp_493,claim_comparison,
compared_with,matched provenance identifier,claim:claim_rec_src_search_31cd9572c4dd_014_observation,claim,claim_comparison:claim_cmp_494,claim_comparison,
compared_with,matched provenance identifier,claim:claim_rec_src_search_e1219da5b350_003_cases_unspecified,claim,claim_comparison:claim_cmp_494,claim_comparison,
compared_with,matched provenance identifier,claim:claim_rec_src_search_31cd9572c4dd_014_observation,claim,claim_comparison:claim_cmp_495,claim_comparison,
compared_with,matched provenance identifier,claim:claim_rec_src_search_752899844c7d_001_cases_unspecified,claim,claim_comparison:claim_cmp_495,claim_comparison,
compared_with,matched provenance identifier,claim:claim_rec_src_search_31cd9572c4dd_014_observation,claim,claim_comparison:claim_cmp_496,claim_comparison,
compared_with,matched provenance identifier,claim:claim_rec_src_search_752899844c7d_002_cases_unspecified,claim,claim_comparison:claim_cmp_496,claim_comparison,
compared_with,matched provenance identifier,claim:claim_rec_src_search_31cd9572c4dd_014_observation,claim,claim_comparison:claim_cmp_497,claim_comparison,
compared_with,matched provenance identifier,claim:claim_rec_src_search_752899844c7d_003_cases_unspecified,claim,claim_comparison:claim_cmp_497,claim_comparison,
compared_with,matched provenance identifier,claim:claim_rec_src_search_31cd9572c4dd_015_observation,claim,claim_comparison:claim_cmp_498,claim_comparison,
compared_with,matched provenance identifier,claim:claim_rec_src_search_31cd9572c4dd_016_observation,claim,claim_comparison:claim_cmp_498,claim_comparison,
compared_with,matched provenance identifier,claim:claim_rec_src_search_31cd9572c4dd_015_observation,claim,claim_comparison:claim_cmp_499,claim_comparison,
compared_with,matched provenance identifier,claim:claim_rec_src_search_53763309bf94_001_cases_unspecified,claim,claim_comparison:claim_cmp_499,claim_comparison,
compared_with,matched provenance identifier,claim:claim_rec_src_search_31cd9572c4dd_015_observation,claim,claim_comparison:claim_cmp_500,claim_comparison,
compared_with,matched provenance identifier,claim:claim_rec_src_search_ce6ce02a80f2_001_cases_unspecified,claim,claim_comparison:claim_cmp_500,claim_comparison,
compared_with,matched provenance identifier,claim:claim_rec_src_search_31cd9572c4dd_015_observation,claim,claim_comparison:claim_cmp_501,claim_comparison,
compared_with,matched provenance identifier,claim:claim_rec_src_search_ce6ce02a80f2_002_cases_unspecified,claim,claim_comparison:claim_cmp_501,claim_comparison,
compared_with,matched provenance identifier,claim:claim_rec_src_search_31cd9572c4dd_015_observation,claim,claim_comparison:claim_cmp_502,claim_comparison,
compared_with,matched provenance identifier,claim:claim_rec_src_search_ce6ce02a80f2_003_cases_unspecified,claim,claim_comparison:claim_cmp_502,claim_comparison,
compared_with,matched provenance identifier,claim:claim_rec_src_search_31cd9572c4dd_015_observation,claim,claim_comparison:claim_cmp_503,claim_comparison,
compared_with,matched provenance identifier,claim:claim_rec_src_search_ce6ce02a80f2_004_cases_unspecified,claim,claim_comparison:claim_cmp_503,claim_comparison,
compared_with,matched provenance identifier,claim:claim_rec_src_search_31cd9572c4dd_015_observation,claim,claim_comparison:claim_cmp_504,claim_comparison,
compared_with,matched provenance identifier,claim:claim_rec_src_search_ce6ce02a80f2_005_cases_unspecified,claim,claim_comparison:claim_cmp_504,claim_comparison,
compared_with,matched provenance identifier,claim:claim_rec_src_search_31cd9572c4dd_015_observation,claim,claim_comparison:claim_cmp_505,claim_comparison,
compared_with,matched provenance identifier,claim:claim_rec_src_search_ce6ce02a80f2_006_cases_unspecified,claim,claim_comparison:claim_cmp_505,claim_comparison,
compared_with,matched provenance identifier,claim:claim_rec_src_search_31cd9572c4dd_015_observation,claim,claim_comparison:claim_cmp_506,claim_comparison,
compared_with,matched provenance identifier,claim:claim_rec_src_search_ce6ce02a80f2_007_cases_unspecified,claim,claim_comparison:claim_cmp_506,claim_comparison,
compared_with,matched provenance identifier,claim:claim_rec_src_search_31cd9572c4dd_015_observation,claim,claim_comparison:claim_cmp_507,claim_comparison,
compared_with,matched provenance identifier,claim:claim_rec_src_search_ce6ce02a80f2_008_cases_unspecified,claim,claim_comparison:claim_cmp_507,claim_comparison,
compared_with,matched provenance identifier,claim:claim_rec_src_search_31cd9572c4dd_015_observation,claim,claim_comparison:claim_cmp_508,claim_comparison,
compared_with,matched provenance identifier,claim:claim_rec_src_search_ce6ce02a80f2_009_cases_unspecified,claim,claim_comparison:claim_cmp_508,claim_comparison,
compared_with,matched provenance identifier,claim:claim_rec_src_search_31cd9572c4dd_015_observation,claim,claim_comparison:claim_cmp_509,claim_comparison,
compared_with,matched provenance identifier,claim:claim_rec_src_search_ce6ce02a80f2_010_cases_unspecified,claim,claim_comparison:claim_cmp_509,claim_comparison,
compared_with,matched provenance identifier,claim:claim_rec_src_search_31cd9572c4dd_015_observation,claim,claim_comparison:claim_cmp_510,claim_comparison,
compared_with,matched provenance identifier,claim:claim_rec_src_search_ce6ce02a80f2_011_cases_unspecified,claim,claim_comparison:claim_cmp_510,claim_comparison,
compared_with,matched provenance identifier,claim:claim_rec_src_search_31cd9572c4dd_015_observation,claim,claim_comparison:claim_cmp_511,claim_comparison,
compared_with,matched provenance identifier,claim:claim_rec_src_search_19aff7ba1bc3_001_cases_unspecified,claim,claim_comparison:claim_cmp_511,claim_comparison,
compared_with,matched provenance identifier,claim:claim_rec_src_search_31cd9572c4dd_015_observation,claim,claim_comparison:claim_cmp_512,claim_comparison,
compared_with,matched provenance identifier,claim:claim_rec_src_search_19aff7ba1bc3_002_cases_unspecified,claim,claim_comparison:claim_cmp_512,claim_comparison,
compared_with,matched provenance identifier,claim:claim_rec_src_search_31cd9572c4dd_015_observation,claim,claim_comparison:claim_cmp_513,claim_comparison,
compared_with,matched provenance identifier,claim:claim_rec_src_search_19aff7ba1bc3_003_cases_unspecified,claim,claim_comparison:claim_cmp_513,claim_comparison,
compared_with,matched provenance identifier,claim:claim_rec_src_search_31cd9572c4dd_015_observation,claim,claim_comparison:claim_cmp_514,claim_comparison,
compared_with,matched provenance identifier,claim:claim_rec_src_search_19aff7ba1bc3_004_cases_unspecified,claim,claim_comparison:claim_cmp_514,claim_comparison,
compared_with,matched provenance identifier,claim:claim_rec_src_search_31cd9572c4dd_015_observation,claim,claim_comparison:claim_cmp_515,claim_comparison,
compared_with,matched provenance identifier,claim:claim_rec_src_search_84acc76573c8_001_cases_unspecified,claim,claim_comparison:claim_cmp_515,claim_comparison,
compared_with,matched provenance identifier,claim:claim_rec_src_search_31cd9572c4dd_015_observation,claim,claim_comparison:claim_cmp_516,claim_comparison,
compared_with,matched provenance identifier,claim:claim_rec_src_search_84acc76573c8_002_cases_unspecified,claim,claim_comparison:claim_cmp_516,claim_comparison,
compared_with,matched provenance identifier,claim:claim_rec_src_search_31cd9572c4dd_015_observation,claim,claim_comparison:claim_cmp_517,claim_comparison,
compared_with,matched provenance identifier,claim:claim_rec_src_search_84acc76573c8_003_cases_unspecified,claim,claim_comparison:claim_cmp_517,claim_comparison,
compared_with,matched provenance identifier,claim:claim_rec_src_search_31cd9572c4dd_015_observation,claim,claim_comparison:claim_cmp_518,claim_comparison,
compared_with,matched provenance identifier,claim:claim_rec_src_search_1298a67f3fad_001_cases_unspecified,claim,claim_comparison:claim_cmp_518,claim_comparison,
compared_with,matched provenance identifier,claim:claim_rec_src_search_31cd9572c4dd_015_observation,claim,claim_comparison:claim_cmp_519,claim_comparison,
compared_with,matched provenance identifier,claim:claim_rec_src_search_1298a67f3fad_002_cases_unspecified,claim,claim_comparison:claim_cmp_519,claim_comparison,
compared_with,matched provenance identifier,claim:claim_rec_src_search_31cd9572c4dd_015_observation,claim,claim_comparison:claim_cmp_520,claim_comparison,
compared_with,matched provenance identifier,claim:claim_rec_src_search_e1219da5b350_001_cases_unspecified,claim,claim_comparison:claim_cmp_520,claim_comparison,
compared_with,matched provenance identifier,claim:claim_rec_src_search_31cd9572c4dd_015_observation,claim,claim_comparison:claim_cmp_521,claim_comparison,
compared_with,matched provenance identifier,claim:claim_rec_src_search_e1219da5b350_002_cases_unspecified,claim,claim_comparison:claim_cmp_521,claim_comparison,
compared_with,matched provenance identifier,claim:claim_rec_src_search_31cd9572c4dd_015_observation,claim,claim_comparison:claim_cmp_522,claim_comparison,
compared_with,matched provenance identifier,claim:claim_rec_src_search_e1219da5b350_003_cases_unspecified,claim,claim_comparison:claim_cmp_522,claim_comparison,
compared_with,matched provenance identifier,claim:claim_rec_src_search_31cd9572c4dd_015_observation,claim,claim_comparison:claim_cmp_523,claim_comparison,
compared_with,matched provenance identifier,claim:claim_rec_src_search_752899844c7d_001_cases_unspecified,claim,claim_comparison:claim_cmp_523,claim_comparison,
compared_with,matched provenance identifier,claim:claim_rec_src_search_31cd9572c4dd_015_observation,claim,claim_comparison:claim_cmp_524,claim_comparison,
compared_with,matched provenance identifier,claim:claim_rec_src_search_752899844c7d_002_cases_unspecified,claim,claim_comparison:claim_cmp_524,claim_comparison,
compared_with,matched provenance identifier,claim:claim_rec_src_search_31cd9572c4dd_015_observation,claim,claim_comparison:claim_cmp_525,claim_comparison,
compared_with,matched provenance identifier,claim:claim_rec_src_search_752899844c7d_003_cases_unspecified,claim,claim_comparison:claim_cmp_525,claim_comparison,
compared_with,matched provenance identifier,claim:claim_rec_src_search_31cd9572c4dd_016_observation,claim,claim_comparison:claim_cmp_526,claim_comparison,
compared_with,matched provenance identifier,claim:claim_rec_src_search_53763309bf94_001_cases_unspecified,claim,claim_comparison:claim_cmp_526,claim_comparison,
compared_with,matched provenance identifier,claim:claim_rec_src_search_31cd9572c4dd_016_observation,claim,claim_comparison:claim_cmp_527,claim_comparison,
compared_with,matched provenance identifier,claim:claim_rec_src_search_ce6ce02a80f2_001_cases_unspecified,claim,claim_comparison:claim_cmp_527,claim_comparison,
compared_with,matched provenance identifier,claim:claim_rec_src_search_31cd9572c4dd_016_observation,claim,claim_comparison:claim_cmp_528,claim_comparison,
compared_with,matched provenance identifier,claim:claim_rec_src_search_ce6ce02a80f2_002_cases_unspecified,claim,claim_comparison:claim_cmp_528,claim_comparison,
compared_with,matched provenance identifier,claim:claim_rec_src_search_31cd9572c4dd_016_observation,claim,claim_comparison:claim_cmp_529,claim_comparison,
compared_with,matched provenance identifier,claim:claim_rec_src_search_ce6ce02a80f2_003_cases_unspecified,claim,claim_comparison:claim_cmp_529,claim_comparison,
compared_with,matched provenance identifier,claim:claim_rec_src_search_31cd9572c4dd_016_observation,claim,claim_comparison:claim_cmp_530,claim_comparison,
compared_with,matched provenance identifier,claim:claim_rec_src_search_ce6ce02a80f2_004_cases_unspecified,claim,claim_comparison:claim_cmp_530,claim_comparison,
compared_with,matched provenance identifier,claim:claim_rec_src_search_31cd9572c4dd_016_observation,claim,claim_comparison:claim_cmp_531,claim_comparison,
compared_with,matched provenance identifier,claim:claim_rec_src_search_ce6ce02a80f2_005_cases_unspecified,claim,claim_comparison:claim_cmp_531,claim_comparison,
compared_with,matched provenance identifier,claim:claim_rec_src_search_31cd9572c4dd_016_observation,claim,claim_comparison:claim_cmp_532,claim_comparison,
compared_with,matched provenance identifier,claim:claim_rec_src_search_ce6ce02a80f2_006_cases_unspecified,claim,claim_comparison:claim_cmp_532,claim_comparison,
compared_with,matched provenance identifier,claim:claim_rec_src_search_31cd9572c4dd_016_observation,claim,claim_comparison:claim_cmp_533,claim_comparison,
compared_with,matched provenance identifier,claim:claim_rec_src_search_ce6ce02a80f2_007_cases_unspecified,claim,claim_comparison:claim_cmp_533,claim_comparison,
compared_with,matched provenance identifier,claim:claim_rec_src_search_31cd9572c4dd_016_observation,claim,claim_comparison:claim_cmp_534,claim_comparison,
compared_with,matched provenance identifier,claim:claim_rec_src_search_ce6ce02a80f2_008_cases_unspecified,claim,claim_comparison:claim_cmp_534,claim_comparison,
compared_with,matched provenance identifier,claim:claim_rec_src_search_31cd9572c4dd_016_observation,claim,claim_comparison:claim_cmp_535,claim_comparison,
compared_with,matched provenance identifier,claim:claim_rec_src_search_ce6ce02a80f2_009_cases_unspecified,claim,claim_comparison:claim_cmp_535,claim_comparison,
compared_with,matched provenance identifier,claim:claim_rec_src_search_31cd9572c4dd_016_observation,claim,claim_comparison:claim_cmp_536,claim_comparison,
compared_with,matched provenance identifier,claim:claim_rec_src_search_ce6ce02a80f2_010_cases_unspecified,claim,claim_comparison:claim_cmp_536,claim_comparison,
compared_with,matched provenance identifier,claim:claim_rec_src_search_31cd9572c4dd_016_observation,claim,claim_comparison:claim_cmp_537,claim_comparison,
compared_with,matched provenance identifier,claim:claim_rec_src_search_ce6ce02a80f2_011_cases_unspecified,claim,claim_comparison:claim_cmp_537,claim_comparison,
compared_with,matched provenance identifier,claim:claim_rec_src_search_31cd9572c4dd_016_observation,claim,claim_comparison:claim_cmp_538,claim_comparison,
compared_with,matched provenance identifier,claim:claim_rec_src_search_19aff7ba1bc3_001_cases_unspecified,claim,claim_comparison:claim_cmp_538,claim_comparison,
compared_with,matched provenance identifier,claim:claim_rec_src_search_31cd9572c4dd_016_observation,claim,claim_comparison:claim_cmp_539,claim_comparison,
compared_with,matched provenance identifier,claim:claim_rec_src_search_19aff7ba1bc3_002_cases_unspecified,claim,claim_comparison:claim_cmp_539,claim_comparison,
compared_with,matched provenance identifier,claim:claim_rec_src_search_31cd9572c4dd_016_observation,claim,claim_comparison:claim_cmp_540,claim_comparison,
compared_with,matched provenance identifier,claim:claim_rec_src_search_19aff7ba1bc3_003_cases_unspecified,claim,claim_comparison:claim_cmp_540,claim_comparison,
compared_with,matched provenance identifier,claim:claim_rec_src_search_31cd9572c4dd_016_observation,claim,claim_comparison:claim_cmp_541,claim_comparison,
compared_with,matched provenance identifier,claim:claim_rec_src_search_19aff7ba1bc3_004_cases_unspecified,claim,claim_comparison:claim_cmp_541,claim_comparison,
compared_with,matched provenance identifier,claim:claim_rec_src_search_31cd9572c4dd_016_observation,claim,claim_comparison:claim_cmp_542,claim_comparison,
compared_with,matched provenance identifier,claim:claim_rec_src_search_84acc76573c8_001_cases_unspecified,claim,claim_comparison:claim_cmp_542,claim_comparison,
compared_with,matched provenance identifier,claim:claim_rec_src_search_31cd9572c4dd_016_observation,claim,claim_comparison:claim_cmp_543,claim_comparison,
compared_with,matched provenance identifier,claim:claim_rec_src_search_84acc76573c8_002_cases_unspecified,claim,claim_comparison:claim_cmp_543,claim_comparison,
compared_with,matched provenance identifier,claim:claim_rec_src_search_31cd9572c4dd_016_observation,claim,claim_comparison:claim_cmp_544,claim_comparison,
compared_with,matched provenance identifier,claim:claim_rec_src_search_84acc76573c8_003_cases_unspecified,claim,claim_comparison:claim_cmp_544,claim_comparison,
compared_with,matched provenance identifier,claim:claim_rec_src_search_31cd9572c4dd_016_observation,claim,claim_comparison:claim_cmp_545,claim_comparison,
compared_with,matched provenance identifier,claim:claim_rec_src_search_1298a67f3fad_001_cases_unspecified,claim,claim_comparison:claim_cmp_545,claim_comparison,
compared_with,matched provenance identifier,claim:claim_rec_src_search_31cd9572c4dd_016_observation,claim,claim_comparison:claim_cmp_546,claim_comparison,
compared_with,matched provenance identifier,claim:claim_rec_src_search_1298a67f3fad_002_cases_unspecified,claim,claim_comparison:claim_cmp_546,claim_comparison,
compared_with,matched provenance identifier,claim:claim_rec_src_search_31cd9572c4dd_016_observation,claim,claim_comparison:claim_cmp_547,claim_comparison,
compared_with,matched provenance identifier,claim:claim_rec_src_search_e1219da5b350_001_cases_unspecified,claim,claim_comparison:claim_cmp_547,claim_comparison,
compared_with,matched provenance identifier,claim:claim_rec_src_search_31cd9572c4dd_016_observation,claim,claim_comparison:claim_cmp_548,claim_comparison,
compared_with,matched provenance identifier,claim:claim_rec_src_search_e1219da5b350_002_cases_unspecified,claim,claim_comparison:claim_cmp_548,claim_comparison,
compared_with,matched provenance identifier,claim:claim_rec_src_search_31cd9572c4dd_016_observation,claim,claim_comparison:claim_cmp_549,claim_comparison,
compared_with,matched provenance identifier,claim:claim_rec_src_search_e1219da5b350_003_cases_unspecified,claim,claim_comparison:claim_cmp_549,claim_comparison,
compared_with,matched provenance identifier,claim:claim_rec_src_search_31cd9572c4dd_016_observation,claim,claim_comparison:claim_cmp_550,claim_comparison,
compared_with,matched provenance identifier,claim:claim_rec_src_search_752899844c7d_001_cases_unspecified,claim,claim_comparison:claim_cmp_550,claim_comparison,
compared_with,matched provenance identifier,claim:claim_rec_src_search_31cd9572c4dd_016_observation,claim,claim_comparison:claim_cmp_551,claim_comparison,
compared_with,matched provenance identifier,claim:claim_rec_src_search_752899844c7d_002_cases_unspecified,claim,claim_comparison:claim_cmp_551,claim_comparison,
compared_with,matched provenance identifier,claim:claim_rec_src_search_31cd9572c4dd_016_observation,claim,claim_comparison:claim_cmp_552,claim_comparison,
compared_with,matched provenance identifier,claim:claim_rec_src_search_752899844c7d_003_cases_unspecified,claim,claim_comparison:claim_cmp_552,claim_comparison,
compared_with,matched provenance identifier,claim:claim_rec_src_search_53763309bf94_001_cases_unspecified,claim,claim_comparison:claim_cmp_553,claim_comparison,
compared_with,matched provenance identifier,claim:claim_rec_src_search_ce6ce02a80f2_001_cases_unspecified,claim,claim_comparison:claim_cmp_553,claim_comparison,
compared_with,matched provenance identifier,claim:claim_rec_src_search_53763309bf94_001_cases_unspecified,claim,claim_comparison:claim_cmp_554,claim_comparison,
compared_with,matched provenance identifier,claim:claim_rec_src_search_ce6ce02a80f2_002_cases_unspecified,claim,claim_comparison:claim_cmp_554,claim_comparison,
compared_with,matched provenance identifier,claim:claim_rec_src_search_53763309bf94_001_cases_unspecified,claim,claim_comparison:claim_cmp_555,claim_comparison,
compared_with,matched provenance identifier,claim:claim_rec_src_search_ce6ce02a80f2_003_cases_unspecified,claim,claim_comparison:claim_cmp_555,claim_comparison,
compared_with,matched provenance identifier,claim:claim_rec_src_search_53763309bf94_001_cases_unspecified,claim,claim_comparison:claim_cmp_556,claim_comparison,
compared_with,matched provenance identifier,claim:claim_rec_src_search_ce6ce02a80f2_004_cases_unspecified,claim,claim_comparison:claim_cmp_556,claim_comparison,
compared_with,matched provenance identifier,claim:claim_rec_src_search_53763309bf94_001_cases_unspecified,claim,claim_comparison:claim_cmp_557,claim_comparison,
compared_with,matched provenance identifier,claim:claim_rec_src_search_ce6ce02a80f2_005_cases_unspecified,claim,claim_comparison:claim_cmp_557,claim_comparison,
compared_with,matched provenance identifier,claim:claim_rec_src_search_53763309bf94_001_cases_unspecified,claim,claim_comparison:claim_cmp_558,claim_comparison,
compared_with,matched provenance identifier,claim:claim_rec_src_search_ce6ce02a80f2_006_cases_unspecified,claim,claim_comparison:claim_cmp_558,claim_comparison,
compared_with,matched provenance identifier,claim:claim_rec_src_search_53763309bf94_001_cases_unspecified,claim,claim_comparison:claim_cmp_559,claim_comparison,
compared_with,matched provenance identifier,claim:claim_rec_src_search_ce6ce02a80f2_007_cases_unspecified,claim,claim_comparison:claim_cmp_559,claim_comparison,
compared_with,matched provenance identifier,claim:claim_rec_src_search_53763309bf94_001_cases_unspecified,claim,claim_comparison:claim_cmp_560,claim_comparison,
compared_with,matched provenance identifier,claim:claim_rec_src_search_ce6ce02a80f2_008_cases_unspecified,claim,claim_comparison:claim_cmp_560,claim_comparison,
compared_with,matched provenance identifier,claim:claim_rec_src_search_53763309bf94_001_cases_unspecified,claim,claim_comparison:claim_cmp_561,claim_comparison,
compared_with,matched provenance identifier,claim:claim_rec_src_search_ce6ce02a80f2_009_cases_unspecified,claim,claim_comparison:claim_cmp_561,claim_comparison,
compared_with,matched provenance identifier,claim:claim_rec_src_search_53763309bf94_001_cases_unspecified,claim,claim_comparison:claim_cmp_562,claim_comparison,
compared_with,matched provenance identifier,claim:claim_rec_src_search_ce6ce02a80f2_010_cases_unspecified,claim,claim_comparison:claim_cmp_562,claim_comparison,
compared_with,matched provenance identifier,claim:claim_rec_src_search_53763309bf94_001_cases_unspecified,claim,claim_comparison:claim_cmp_563,claim_comparison,
compared_with,matched provenance identifier,claim:claim_rec_src_search_ce6ce02a80f2_011_cases_unspecified,claim,claim_comparison:claim_cmp_563,claim_comparison,
compared_with,matched provenance identifier,claim:claim_rec_src_search_53763309bf94_001_cases_unspecified,claim,claim_comparison:claim_cmp_564,claim_comparison,
compared_with,matched provenance identifier,claim:claim_rec_src_search_19aff7ba1bc3_001_cases_unspecified,claim,claim_comparison:claim_cmp_564,claim_comparison,
compared_with,matched provenance identifier,claim:claim_rec_src_search_53763309bf94_001_cases_unspecified,claim,claim_comparison:claim_cmp_565,claim_comparison,
compared_with,matched provenance identifier,claim:claim_rec_src_search_19aff7ba1bc3_002_cases_unspecified,claim,claim_comparison:claim_cmp_565,claim_comparison,
compared_with,matched provenance identifier,claim:claim_rec_src_search_53763309bf94_001_cases_unspecified,claim,claim_comparison:claim_cmp_566,claim_comparison,
compared_with,matched provenance identifier,claim:claim_rec_src_search_19aff7ba1bc3_003_cases_unspecified,claim,claim_comparison:claim_cmp_566,claim_comparison,
compared_with,matched provenance identifier,claim:claim_rec_src_search_53763309bf94_001_cases_unspecified,claim,claim_comparison:claim_cmp_567,claim_comparison,
compared_with,matched provenance identifier,claim:claim_rec_src_search_19aff7ba1bc3_004_cases_unspecified,claim,claim_comparison:claim_cmp_567,claim_comparison,
compared_with,matched provenance identifier,claim:claim_rec_src_search_53763309bf94_001_cases_unspecified,claim,claim_comparison:claim_cmp_568,claim_comparison,
compared_with,matched provenance identifier,claim:claim_rec_src_search_84acc76573c8_001_cases_unspecified,claim,claim_comparison:claim_cmp_568,claim_comparison,
compared_with,matched provenance identifier,claim:claim_rec_src_search_53763309bf94_001_cases_unspecified,claim,claim_comparison:claim_cmp_569,claim_comparison,
compared_with,matched provenance identifier,claim:claim_rec_src_search_84acc76573c8_002_cases_unspecified,claim,claim_comparison:claim_cmp_569,claim_comparison,
compared_with,matched provenance identifier,claim:claim_rec_src_search_53763309bf94_001_cases_unspecified,claim,claim_comparison:claim_cmp_570,claim_comparison,
compared_with,matched provenance identifier,claim:claim_rec_src_search_84acc76573c8_003_cases_unspecified,claim,claim_comparison:claim_cmp_570,claim_comparison,
compared_with,matched provenance identifier,claim:claim_rec_src_search_53763309bf94_001_cases_unspecified,claim,claim_comparison:claim_cmp_571,claim_comparison,
compared_with,matched provenance identifier,claim:claim_rec_src_search_1298a67f3fad_001_cases_unspecified,claim,claim_comparison:claim_cmp_571,claim_comparison,
compared_with,matched provenance identifier,claim:claim_rec_src_search_53763309bf94_001_cases_unspecified,claim,claim_comparison:claim_cmp_572,claim_comparison,
compared_with,matched provenance identifier,claim:claim_rec_src_search_1298a67f3fad_002_cases_unspecified,claim,claim_comparison:claim_cmp_572,claim_comparison,
compared_with,matched provenance identifier,claim:claim_rec_src_search_53763309bf94_001_cases_unspecified,claim,claim_comparison:claim_cmp_573,claim_comparison,
compared_with,matched provenance identifier,claim:claim_rec_src_search_e1219da5b350_001_cases_unspecified,claim,claim_comparison:claim_cmp_573,claim_comparison,
compared_with,matched provenance identifier,claim:claim_rec_src_search_53763309bf94_001_cases_unspecified,claim,claim_comparison:claim_cmp_574,claim_comparison,
compared_with,matched provenance identifier,claim:claim_rec_src_search_e1219da5b350_002_cases_unspecified,claim,claim_comparison:claim_cmp_574,claim_comparison,
compared_with,matched provenance identifier,claim:claim_rec_src_search_53763309bf94_001_cases_unspecified,claim,claim_comparison:claim_cmp_575,claim_comparison,
compared_with,matched provenance identifier,claim:claim_rec_src_search_e1219da5b350_003_cases_unspecified,claim,claim_comparison:claim_cmp_575,claim_comparison,
compared_with,matched provenance identifier,claim:claim_rec_src_search_53763309bf94_001_cases_unspecified,claim,claim_comparison:claim_cmp_576,claim_comparison,
compared_with,matched provenance identifier,claim:claim_rec_src_search_752899844c7d_001_cases_unspecified,claim,claim_comparison:claim_cmp_576,claim_comparison,
compared_with,matched provenance identifier,claim:claim_rec_src_search_53763309bf94_001_cases_unspecified,claim,claim_comparison:claim_cmp_577,claim_comparison,
compared_with,matched provenance identifier,claim:claim_rec_src_search_752899844c7d_002_cases_unspecified,claim,claim_comparison:claim_cmp_577,claim_comparison,
compared_with,matched provenance identifier,claim:claim_rec_src_search_53763309bf94_001_cases_unspecified,claim,claim_comparison:claim_cmp_578,claim_comparison,
compared_with,matched provenance identifier,claim:claim_rec_src_search_752899844c7d_003_cases_unspecified,claim,claim_comparison:claim_cmp_578,claim_comparison,
compared_with,matched provenance identifier,claim:claim_rec_src_search_ce6ce02a80f2_001_cases_unspecified,claim,claim_comparison:claim_cmp_579,claim_comparison,
compared_with,matched provenance identifier,claim:claim_rec_src_search_ce6ce02a80f2_002_cases_unspecified,claim,claim_comparison:claim_cmp_579,claim_comparison,
compared_with,matched provenance identifier,claim:claim_rec_src_search_ce6ce02a80f2_001_cases_unspecified,claim,claim_comparison:claim_cmp_580,claim_comparison,
compared_with,matched provenance identifier,claim:claim_rec_src_search_ce6ce02a80f2_003_cases_unspecified,claim,claim_comparison:claim_cmp_580,claim_comparison,
compared_with,matched provenance identifier,claim:claim_rec_src_search_ce6ce02a80f2_001_cases_unspecified,claim,claim_comparison:claim_cmp_581,claim_comparison,
compared_with,matched provenance identifier,claim:claim_rec_src_search_ce6ce02a80f2_004_cases_unspecified,claim,claim_comparison:claim_cmp_581,claim_comparison,
compared_with,matched provenance identifier,claim:claim_rec_src_search_ce6ce02a80f2_001_cases_unspecified,claim,claim_comparison:claim_cmp_582,claim_comparison,
compared_with,matched provenance identifier,claim:claim_rec_src_search_ce6ce02a80f2_005_cases_unspecified,claim,claim_comparison:claim_cmp_582,claim_comparison,
compared_with,matched provenance identifier,claim:claim_rec_src_search_ce6ce02a80f2_001_cases_unspecified,claim,claim_comparison:claim_cmp_583,claim_comparison,
compared_with,matched provenance identifier,claim:claim_rec_src_search_ce6ce02a80f2_006_cases_unspecified,claim,claim_comparison:claim_cmp_583,claim_comparison,
compared_with,matched provenance identifier,claim:claim_rec_src_search_ce6ce02a80f2_001_cases_unspecified,claim,claim_comparison:claim_cmp_584,claim_comparison,
compared_with,matched provenance identifier,claim:claim_rec_src_search_ce6ce02a80f2_007_cases_unspecified,claim,claim_comparison:claim_cmp_584,claim_comparison,
compared_with,matched provenance identifier,claim:claim_rec_src_search_ce6ce02a80f2_001_cases_unspecified,claim,claim_comparison:claim_cmp_585,claim_comparison,
compared_with,matched provenance identifier,claim:claim_rec_src_search_ce6ce02a80f2_008_cases_unspecified,claim,claim_comparison:claim_cmp_585,claim_comparison,
compared_with,matched provenance identifier,claim:claim_rec_src_search_ce6ce02a80f2_001_cases_unspecified,claim,claim_comparison:claim_cmp_586,claim_comparison,
compared_with,matched provenance identifier,claim:claim_rec_src_search_ce6ce02a80f2_009_cases_unspecified,claim,claim_comparison:claim_cmp_586,claim_comparison,
compared_with,matched provenance identifier,claim:claim_rec_src_search_ce6ce02a80f2_001_cases_unspecified,claim,claim_comparison:claim_cmp_587,claim_comparison,
compared_with,matched provenance identifier,claim:claim_rec_src_search_ce6ce02a80f2_010_cases_unspecified,claim,claim_comparison:claim_cmp_587,claim_comparison,
compared_with,matched provenance identifier,claim:claim_rec_src_search_ce6ce02a80f2_001_cases_unspecified,claim,claim_comparison:claim_cmp_588,claim_comparison,
compared_with,matched provenance identifier,claim:claim_rec_src_search_ce6ce02a80f2_011_cases_unspecified,claim,claim_comparison:claim_cmp_588,claim_comparison,
compared_with,matched provenance identifier,claim:claim_rec_src_search_ce6ce02a80f2_001_cases_unspecified,claim,claim_comparison:claim_cmp_589,claim_comparison,
compared_with,matched provenance identifier,claim:claim_rec_src_search_19aff7ba1bc3_001_cases_unspecified,claim,claim_comparison:claim_cmp_589,claim_comparison,
compared_with,matched provenance identifier,claim:claim_rec_src_search_ce6ce02a80f2_001_cases_unspecified,claim,claim_comparison:claim_cmp_590,claim_comparison,
compared_with,matched provenance identifier,claim:claim_rec_src_search_19aff7ba1bc3_002_cases_unspecified,claim,claim_comparison:claim_cmp_590,claim_comparison,
compared_with,matched provenance identifier,claim:claim_rec_src_search_ce6ce02a80f2_001_cases_unspecified,claim,claim_comparison:claim_cmp_591,claim_comparison,
compared_with,matched provenance identifier,claim:claim_rec_src_search_19aff7ba1bc3_003_cases_unspecified,claim,claim_comparison:claim_cmp_591,claim_comparison,
compared_with,matched provenance identifier,claim:claim_rec_src_search_ce6ce02a80f2_001_cases_unspecified,claim,claim_comparison:claim_cmp_592,claim_comparison,
compared_with,matched provenance identifier,claim:claim_rec_src_search_19aff7ba1bc3_004_cases_unspecified,claim,claim_comparison:claim_cmp_592,claim_comparison,
compared_with,matched provenance identifier,claim:claim_rec_src_search_ce6ce02a80f2_001_cases_unspecified,claim,claim_comparison:claim_cmp_593,claim_comparison,
compared_with,matched provenance identifier,claim:claim_rec_src_search_84acc76573c8_001_cases_unspecified,claim,claim_comparison:claim_cmp_593,claim_comparison,
compared_with,matched provenance identifier,claim:claim_rec_src_search_ce6ce02a80f2_001_cases_unspecified,claim,claim_comparison:claim_cmp_594,claim_comparison,
compared_with,matched provenance identifier,claim:claim_rec_src_search_84acc76573c8_002_cases_unspecified,claim,claim_comparison:claim_cmp_594,claim_comparison,
compared_with,matched provenance identifier,claim:claim_rec_src_search_ce6ce02a80f2_001_cases_unspecified,claim,claim_comparison:claim_cmp_595,claim_comparison,
compared_with,matched provenance identifier,claim:claim_rec_src_search_84acc76573c8_003_cases_unspecified,claim,claim_comparison:claim_cmp_595,claim_comparison,
compared_with,matched provenance identifier,claim:claim_rec_src_search_ce6ce02a80f2_001_cases_unspecified,claim,claim_comparison:claim_cmp_596,claim_comparison,
compared_with,matched provenance identifier,claim:claim_rec_src_search_1298a67f3fad_001_cases_unspecified,claim,claim_comparison:claim_cmp_596,claim_comparison,
compared_with,matched provenance identifier,claim:claim_rec_src_search_ce6ce02a80f2_001_cases_unspecified,claim,claim_comparison:claim_cmp_597,claim_comparison,
compared_with,matched provenance identifier,claim:claim_rec_src_search_1298a67f3fad_002_cases_unspecified,claim,claim_comparison:claim_cmp_597,claim_comparison,
compared_with,matched provenance identifier,claim:claim_rec_src_search_ce6ce02a80f2_001_cases_unspecified,claim,claim_comparison:claim_cmp_598,claim_comparison,
compared_with,matched provenance identifier,claim:claim_rec_src_search_e1219da5b350_001_cases_unspecified,claim,claim_comparison:claim_cmp_598,claim_comparison,
compared_with,matched provenance identifier,claim:claim_rec_src_search_ce6ce02a80f2_001_cases_unspecified,claim,claim_comparison:claim_cmp_599,claim_comparison,
compared_with,matched provenance identifier,claim:claim_rec_src_search_e1219da5b350_002_cases_unspecified,claim,claim_comparison:claim_cmp_599,claim_comparison,
compared_with,matched provenance identifier,claim:claim_rec_src_search_ce6ce02a80f2_001_cases_unspecified,claim,claim_comparison:claim_cmp_600,claim_comparison,
compared_with,matched provenance identifier,claim:claim_rec_src_search_e1219da5b350_003_cases_unspecified,claim,claim_comparison:claim_cmp_600,claim_comparison,
compared_with,matched provenance identifier,claim:claim_rec_src_search_ce6ce02a80f2_001_cases_unspecified,claim,claim_comparison:claim_cmp_601,claim_comparison,
compared_with,matched provenance identifier,claim:claim_rec_src_search_752899844c7d_001_cases_unspecified,claim,claim_comparison:claim_cmp_601,claim_comparison,
compared_with,matched provenance identifier,claim:claim_rec_src_search_ce6ce02a80f2_001_cases_unspecified,claim,claim_comparison:claim_cmp_602,claim_comparison,
compared_with,matched provenance identifier,claim:claim_rec_src_search_752899844c7d_002_cases_unspecified,claim,claim_comparison:claim_cmp_602,claim_comparison,
compared_with,matched provenance identifier,claim:claim_rec_src_search_ce6ce02a80f2_001_cases_unspecified,claim,claim_comparison:claim_cmp_603,claim_comparison,
compared_with,matched provenance identifier,claim:claim_rec_src_search_752899844c7d_003_cases_unspecified,claim,claim_comparison:claim_cmp_603,claim_comparison,
compared_with,matched provenance identifier,claim:claim_rec_src_search_ce6ce02a80f2_002_cases_unspecified,claim,claim_comparison:claim_cmp_604,claim_comparison,
compared_with,matched provenance identifier,claim:claim_rec_src_search_ce6ce02a80f2_003_cases_unspecified,claim,claim_comparison:claim_cmp_604,claim_comparison,
compared_with,matched provenance identifier,claim:claim_rec_src_search_ce6ce02a80f2_002_cases_unspecified,claim,claim_comparison:claim_cmp_605,claim_comparison,
compared_with,matched provenance identifier,claim:claim_rec_src_search_ce6ce02a80f2_004_cases_unspecified,claim,claim_comparison:claim_cmp_605,claim_comparison,
compared_with,matched provenance identifier,claim:claim_rec_src_search_ce6ce02a80f2_002_cases_unspecified,claim,claim_comparison:claim_cmp_606,claim_comparison,
compared_with,matched provenance identifier,claim:claim_rec_src_search_ce6ce02a80f2_005_cases_unspecified,claim,claim_comparison:claim_cmp_606,claim_comparison,
compared_with,matched provenance identifier,claim:claim_rec_src_search_ce6ce02a80f2_002_cases_unspecified,claim,claim_comparison:claim_cmp_607,claim_comparison,
compared_with,matched provenance identifier,claim:claim_rec_src_search_ce6ce02a80f2_006_cases_unspecified,claim,claim_comparison:claim_cmp_607,claim_comparison,
compared_with,matched provenance identifier,claim:claim_rec_src_search_ce6ce02a80f2_002_cases_unspecified,claim,claim_comparison:claim_cmp_608,claim_comparison,
compared_with,matched provenance identifier,claim:claim_rec_src_search_ce6ce02a80f2_007_cases_unspecified,claim,claim_comparison:claim_cmp_608,claim_comparison,
compared_with,matched provenance identifier,claim:claim_rec_src_search_ce6ce02a80f2_002_cases_unspecified,claim,claim_comparison:claim_cmp_609,claim_comparison,
compared_with,matched provenance identifier,claim:claim_rec_src_search_ce6ce02a80f2_008_cases_unspecified,claim,claim_comparison:claim_cmp_609,claim_comparison,
compared_with,matched provenance identifier,claim:claim_rec_src_search_ce6ce02a80f2_002_cases_unspecified,claim,claim_comparison:claim_cmp_610,claim_comparison,
compared_with,matched provenance identifier,claim:claim_rec_src_search_ce6ce02a80f2_009_cases_unspecified,claim,claim_comparison:claim_cmp_610,claim_comparison,
compared_with,matched provenance identifier,claim:claim_rec_src_search_ce6ce02a80f2_002_cases_unspecified,claim,claim_comparison:claim_cmp_611,claim_comparison,
compared_with,matched provenance identifier,claim:claim_rec_src_search_ce6ce02a80f2_010_cases_unspecified,claim,claim_comparison:claim_cmp_611,claim_comparison,
compared_with,matched provenance identifier,claim:claim_rec_src_search_ce6ce02a80f2_002_cases_unspecified,claim,claim_comparison:claim_cmp_612,claim_comparison,
compared_with,matched provenance identifier,claim:claim_rec_src_search_ce6ce02a80f2_011_cases_unspecified,claim,claim_comparison:claim_cmp_612,claim_comparison,
compared_with,matched provenance identifier,claim:claim_rec_src_search_ce6ce02a80f2_002_cases_unspecified,claim,claim_comparison:claim_cmp_613,claim_comparison,
compared_with,matched provenance identifier,claim:claim_rec_src_search_19aff7ba1bc3_001_cases_unspecified,claim,claim_comparison:claim_cmp_613,claim_comparison,
compared_with,matched provenance identifier,claim:claim_rec_src_search_ce6ce02a80f2_002_cases_unspecified,claim,claim_comparison:claim_cmp_614,claim_comparison,
compared_with,matched provenance identifier,claim:claim_rec_src_search_19aff7ba1bc3_002_cases_unspecified,claim,claim_comparison:claim_cmp_614,claim_comparison,
compared_with,matched provenance identifier,claim:claim_rec_src_search_ce6ce02a80f2_002_cases_unspecified,claim,claim_comparison:claim_cmp_615,claim_comparison,
compared_with,matched provenance identifier,claim:claim_rec_src_search_19aff7ba1bc3_003_cases_unspecified,claim,claim_comparison:claim_cmp_615,claim_comparison,
compared_with,matched provenance identifier,claim:claim_rec_src_search_ce6ce02a80f2_002_cases_unspecified,claim,claim_comparison:claim_cmp_616,claim_comparison,
compared_with,matched provenance identifier,claim:claim_rec_src_search_19aff7ba1bc3_004_cases_unspecified,claim,claim_comparison:claim_cmp_616,claim_comparison,
compared_with,matched provenance identifier,claim:claim_rec_src_search_ce6ce02a80f2_002_cases_unspecified,claim,claim_comparison:claim_cmp_617,claim_comparison,
compared_with,matched provenance identifier,claim:claim_rec_src_search_84acc76573c8_001_cases_unspecified,claim,claim_comparison:claim_cmp_617,claim_comparison,
compared_with,matched provenance identifier,claim:claim_rec_src_search_ce6ce02a80f2_002_cases_unspecified,claim,claim_comparison:claim_cmp_618,claim_comparison,
compared_with,matched provenance identifier,claim:claim_rec_src_search_84acc76573c8_002_cases_unspecified,claim,claim_comparison:claim_cmp_618,claim_comparison,
compared_with,matched provenance identifier,claim:claim_rec_src_search_ce6ce02a80f2_002_cases_unspecified,claim,claim_comparison:claim_cmp_619,claim_comparison,
compared_with,matched provenance identifier,claim:claim_rec_src_search_84acc76573c8_003_cases_unspecified,claim,claim_comparison:claim_cmp_619,claim_comparison,
compared_with,matched provenance identifier,claim:claim_rec_src_search_ce6ce02a80f2_002_cases_unspecified,claim,claim_comparison:claim_cmp_620,claim_comparison,
compared_with,matched provenance identifier,claim:claim_rec_src_search_1298a67f3fad_001_cases_unspecified,claim,claim_comparison:claim_cmp_620,claim_comparison,
compared_with,matched provenance identifier,claim:claim_rec_src_search_ce6ce02a80f2_002_cases_unspecified,claim,claim_comparison:claim_cmp_621,claim_comparison,
compared_with,matched provenance identifier,claim:claim_rec_src_search_1298a67f3fad_002_cases_unspecified,claim,claim_comparison:claim_cmp_621,claim_comparison,
compared_with,matched provenance identifier,claim:claim_rec_src_search_ce6ce02a80f2_002_cases_unspecified,claim,claim_comparison:claim_cmp_622,claim_comparison,
compared_with,matched provenance identifier,claim:claim_rec_src_search_e1219da5b350_001_cases_unspecified,claim,claim_comparison:claim_cmp_622,claim_comparison,
compared_with,matched provenance identifier,claim:claim_rec_src_search_ce6ce02a80f2_002_cases_unspecified,claim,claim_comparison:claim_cmp_623,claim_comparison,
compared_with,matched provenance identifier,claim:claim_rec_src_search_e1219da5b350_002_cases_unspecified,claim,claim_comparison:claim_cmp_623,claim_comparison,
compared_with,matched provenance identifier,claim:claim_rec_src_search_ce6ce02a80f2_002_cases_unspecified,claim,claim_comparison:claim_cmp_624,claim_comparison,
compared_with,matched provenance identifier,claim:claim_rec_src_search_e1219da5b350_003_cases_unspecified,claim,claim_comparison:claim_cmp_624,claim_comparison,
compared_with,matched provenance identifier,claim:claim_rec_src_search_ce6ce02a80f2_002_cases_unspecified,claim,claim_comparison:claim_cmp_625,claim_comparison,
compared_with,matched provenance identifier,claim:claim_rec_src_search_752899844c7d_001_cases_unspecified,claim,claim_comparison:claim_cmp_625,claim_comparison,
compared_with,matched provenance identifier,claim:claim_rec_src_search_ce6ce02a80f2_002_cases_unspecified,claim,claim_comparison:claim_cmp_626,claim_comparison,
compared_with,matched provenance identifier,claim:claim_rec_src_search_752899844c7d_002_cases_unspecified,claim,claim_comparison:claim_cmp_626,claim_comparison,
compared_with,matched provenance identifier,claim:claim_rec_src_search_ce6ce02a80f2_002_cases_unspecified,claim,claim_comparison:claim_cmp_627,claim_comparison,
compared_with,matched provenance identifier,claim:claim_rec_src_search_752899844c7d_003_cases_unspecified,claim,claim_comparison:claim_cmp_627,claim_comparison,
compared_with,matched provenance identifier,claim:claim_rec_src_search_ce6ce02a80f2_003_cases_unspecified,claim,claim_comparison:claim_cmp_628,claim_comparison,
compared_with,matched provenance identifier,claim:claim_rec_src_search_ce6ce02a80f2_004_cases_unspecified,claim,claim_comparison:claim_cmp_628,claim_comparison,
compared_with,matched provenance identifier,claim:claim_rec_src_search_ce6ce02a80f2_003_cases_unspecified,claim,claim_comparison:claim_cmp_629,claim_comparison,
compared_with,matched provenance identifier,claim:claim_rec_src_search_ce6ce02a80f2_005_cases_unspecified,claim,claim_comparison:claim_cmp_629,claim_comparison,
compared_with,matched provenance identifier,claim:claim_rec_src_search_ce6ce02a80f2_003_cases_unspecified,claim,claim_comparison:claim_cmp_630,claim_comparison,
compared_with,matched provenance identifier,claim:claim_rec_src_search_ce6ce02a80f2_006_cases_unspecified,claim,claim_comparison:claim_cmp_630,claim_comparison,
compared_with,matched provenance identifier,claim:claim_rec_src_search_ce6ce02a80f2_003_cases_unspecified,claim,claim_comparison:claim_cmp_631,claim_comparison,
compared_with,matched provenance identifier,claim:claim_rec_src_search_ce6ce02a80f2_007_cases_unspecified,claim,claim_comparison:claim_cmp_631,claim_comparison,
compared_with,matched provenance identifier,claim:claim_rec_src_search_ce6ce02a80f2_003_cases_unspecified,claim,claim_comparison:claim_cmp_632,claim_comparison,
compared_with,matched provenance identifier,claim:claim_rec_src_search_ce6ce02a80f2_008_cases_unspecified,claim,claim_comparison:claim_cmp_632,claim_comparison,
compared_with,matched provenance identifier,claim:claim_rec_src_search_ce6ce02a80f2_003_cases_unspecified,claim,claim_comparison:claim_cmp_633,claim_comparison,
compared_with,matched provenance identifier,claim:claim_rec_src_search_ce6ce02a80f2_009_cases_unspecified,claim,claim_comparison:claim_cmp_633,claim_comparison,
compared_with,matched provenance identifier,claim:claim_rec_src_search_ce6ce02a80f2_003_cases_unspecified,claim,claim_comparison:claim_cmp_634,claim_comparison,
compared_with,matched provenance identifier,claim:claim_rec_src_search_ce6ce02a80f2_010_cases_unspecified,claim,claim_comparison:claim_cmp_634,claim_comparison,
compared_with,matched provenance identifier,claim:claim_rec_src_search_ce6ce02a80f2_003_cases_unspecified,claim,claim_comparison:claim_cmp_635,claim_comparison,
compared_with,matched provenance identifier,claim:claim_rec_src_search_ce6ce02a80f2_011_cases_unspecified,claim,claim_comparison:claim_cmp_635,claim_comparison,
compared_with,matched provenance identifier,claim:claim_rec_src_search_ce6ce02a80f2_003_cases_unspecified,claim,claim_comparison:claim_cmp_636,claim_comparison,
compared_with,matched provenance identifier,claim:claim_rec_src_search_19aff7ba1bc3_001_cases_unspecified,claim,claim_comparison:claim_cmp_636,claim_comparison,
compared_with,matched provenance identifier,claim:claim_rec_src_search_ce6ce02a80f2_003_cases_unspecified,claim,claim_comparison:claim_cmp_637,claim_comparison,
compared_with,matched provenance identifier,claim:claim_rec_src_search_19aff7ba1bc3_002_cases_unspecified,claim,claim_comparison:claim_cmp_637,claim_comparison,
compared_with,matched provenance identifier,claim:claim_rec_src_search_ce6ce02a80f2_003_cases_unspecified,claim,claim_comparison:claim_cmp_638,claim_comparison,
compared_with,matched provenance identifier,claim:claim_rec_src_search_19aff7ba1bc3_003_cases_unspecified,claim,claim_comparison:claim_cmp_638,claim_comparison,
compared_with,matched provenance identifier,claim:claim_rec_src_search_ce6ce02a80f2_003_cases_unspecified,claim,claim_comparison:claim_cmp_639,claim_comparison,
compared_with,matched provenance identifier,claim:claim_rec_src_search_19aff7ba1bc3_004_cases_unspecified,claim,claim_comparison:claim_cmp_639,claim_comparison,
compared_with,matched provenance identifier,claim:claim_rec_src_search_ce6ce02a80f2_003_cases_unspecified,claim,claim_comparison:claim_cmp_640,claim_comparison,
compared_with,matched provenance identifier,claim:claim_rec_src_search_84acc76573c8_001_cases_unspecified,claim,claim_comparison:claim_cmp_640,claim_comparison,
compared_with,matched provenance identifier,claim:claim_rec_src_search_ce6ce02a80f2_003_cases_unspecified,claim,claim_comparison:claim_cmp_641,claim_comparison,
compared_with,matched provenance identifier,claim:claim_rec_src_search_84acc76573c8_002_cases_unspecified,claim,claim_comparison:claim_cmp_641,claim_comparison,
compared_with,matched provenance identifier,claim:claim_rec_src_search_ce6ce02a80f2_003_cases_unspecified,claim,claim_comparison:claim_cmp_642,claim_comparison,
compared_with,matched provenance identifier,claim:claim_rec_src_search_84acc76573c8_003_cases_unspecified,claim,claim_comparison:claim_cmp_642,claim_comparison,
compared_with,matched provenance identifier,claim:claim_rec_src_search_ce6ce02a80f2_003_cases_unspecified,claim,claim_comparison:claim_cmp_643,claim_comparison,
compared_with,matched provenance identifier,claim:claim_rec_src_search_1298a67f3fad_001_cases_unspecified,claim,claim_comparison:claim_cmp_643,claim_comparison,
compared_with,matched provenance identifier,claim:claim_rec_src_search_ce6ce02a80f2_003_cases_unspecified,claim,claim_comparison:claim_cmp_644,claim_comparison,
compared_with,matched provenance identifier,claim:claim_rec_src_search_1298a67f3fad_002_cases_unspecified,claim,claim_comparison:claim_cmp_644,claim_comparison,
compared_with,matched provenance identifier,claim:claim_rec_src_search_ce6ce02a80f2_003_cases_unspecified,claim,claim_comparison:claim_cmp_645,claim_comparison,
compared_with,matched provenance identifier,claim:claim_rec_src_search_e1219da5b350_001_cases_unspecified,claim,claim_comparison:claim_cmp_645,claim_comparison,
compared_with,matched provenance identifier,claim:claim_rec_src_search_ce6ce02a80f2_003_cases_unspecified,claim,claim_comparison:claim_cmp_646,claim_comparison,
compared_with,matched provenance identifier,claim:claim_rec_src_search_e1219da5b350_002_cases_unspecified,claim,claim_comparison:claim_cmp_646,claim_comparison,
compared_with,matched provenance identifier,claim:claim_rec_src_search_ce6ce02a80f2_003_cases_unspecified,claim,claim_comparison:claim_cmp_647,claim_comparison,
compared_with,matched provenance identifier,claim:claim_rec_src_search_e1219da5b350_003_cases_unspecified,claim,claim_comparison:claim_cmp_647,claim_comparison,
compared_with,matched provenance identifier,claim:claim_rec_src_search_ce6ce02a80f2_003_cases_unspecified,claim,claim_comparison:claim_cmp_648,claim_comparison,
compared_with,matched provenance identifier,claim:claim_rec_src_search_752899844c7d_001_cases_unspecified,claim,claim_comparison:claim_cmp_648,claim_comparison,
compared_with,matched provenance identifier,claim:claim_rec_src_search_ce6ce02a80f2_003_cases_unspecified,claim,claim_comparison:claim_cmp_649,claim_comparison,
compared_with,matched provenance identifier,claim:claim_rec_src_search_752899844c7d_002_cases_unspecified,claim,claim_comparison:claim_cmp_649,claim_comparison,
compared_with,matched provenance identifier,claim:claim_rec_src_search_ce6ce02a80f2_003_cases_unspecified,claim,claim_comparison:claim_cmp_650,claim_comparison,
compared_with,matched provenance identifier,claim:claim_rec_src_search_752899844c7d_003_cases_unspecified,claim,claim_comparison:claim_cmp_650,claim_comparison,
compared_with,matched provenance identifier,claim:claim_rec_src_search_ce6ce02a80f2_004_cases_unspecified,claim,claim_comparison:claim_cmp_651,claim_comparison,
compared_with,matched provenance identifier,claim:claim_rec_src_search_ce6ce02a80f2_005_cases_unspecified,claim,claim_comparison:claim_cmp_651,claim_comparison,
compared_with,matched provenance identifier,claim:claim_rec_src_search_ce6ce02a80f2_004_cases_unspecified,claim,claim_comparison:claim_cmp_652,claim_comparison,
compared_with,matched provenance identifier,claim:claim_rec_src_search_ce6ce02a80f2_006_cases_unspecified,claim,claim_comparison:claim_cmp_652,claim_comparison,
compared_with,matched provenance identifier,claim:claim_rec_src_search_ce6ce02a80f2_004_cases_unspecified,claim,claim_comparison:claim_cmp_653,claim_comparison,
compared_with,matched provenance identifier,claim:claim_rec_src_search_ce6ce02a80f2_007_cases_unspecified,claim,claim_comparison:claim_cmp_653,claim_comparison,
compared_with,matched provenance identifier,claim:claim_rec_src_search_ce6ce02a80f2_004_cases_unspecified,claim,claim_comparison:claim_cmp_654,claim_comparison,
compared_with,matched provenance identifier,claim:claim_rec_src_search_ce6ce02a80f2_008_cases_unspecified,claim,claim_comparison:claim_cmp_654,claim_comparison,
compared_with,matched provenance identifier,claim:claim_rec_src_search_ce6ce02a80f2_004_cases_unspecified,claim,claim_comparison:claim_cmp_655,claim_comparison,
compared_with,matched provenance identifier,claim:claim_rec_src_search_ce6ce02a80f2_009_cases_unspecified,claim,claim_comparison:claim_cmp_655,claim_comparison,
compared_with,matched provenance identifier,claim:claim_rec_src_search_ce6ce02a80f2_004_cases_unspecified,claim,claim_comparison:claim_cmp_656,claim_comparison,
compared_with,matched provenance identifier,claim:claim_rec_src_search_ce6ce02a80f2_010_cases_unspecified,claim,claim_comparison:claim_cmp_656,claim_comparison,
compared_with,matched provenance identifier,claim:claim_rec_src_search_ce6ce02a80f2_004_cases_unspecified,claim,claim_comparison:claim_cmp_657,claim_comparison,
compared_with,matched provenance identifier,claim:claim_rec_src_search_ce6ce02a80f2_011_cases_unspecified,claim,claim_comparison:claim_cmp_657,claim_comparison,
compared_with,matched provenance identifier,claim:claim_rec_src_search_ce6ce02a80f2_004_cases_unspecified,claim,claim_comparison:claim_cmp_658,claim_comparison,
compared_with,matched provenance identifier,claim:claim_rec_src_search_19aff7ba1bc3_001_cases_unspecified,claim,claim_comparison:claim_cmp_658,claim_comparison,
compared_with,matched provenance identifier,claim:claim_rec_src_search_ce6ce02a80f2_004_cases_unspecified,claim,claim_comparison:claim_cmp_659,claim_comparison,
compared_with,matched provenance identifier,claim:claim_rec_src_search_19aff7ba1bc3_002_cases_unspecified,claim,claim_comparison:claim_cmp_659,claim_comparison,
compared_with,matched provenance identifier,claim:claim_rec_src_search_ce6ce02a80f2_004_cases_unspecified,claim,claim_comparison:claim_cmp_660,claim_comparison,
compared_with,matched provenance identifier,claim:claim_rec_src_search_19aff7ba1bc3_003_cases_unspecified,claim,claim_comparison:claim_cmp_660,claim_comparison,
compared_with,matched provenance identifier,claim:claim_rec_src_search_ce6ce02a80f2_004_cases_unspecified,claim,claim_comparison:claim_cmp_661,claim_comparison,
compared_with,matched provenance identifier,claim:claim_rec_src_search_19aff7ba1bc3_004_cases_unspecified,claim,claim_comparison:claim_cmp_661,claim_comparison,
compared_with,matched provenance identifier,claim:claim_rec_src_search_ce6ce02a80f2_004_cases_unspecified,claim,claim_comparison:claim_cmp_662,claim_comparison,
compared_with,matched provenance identifier,claim:claim_rec_src_search_84acc76573c8_001_cases_unspecified,claim,claim_comparison:claim_cmp_662,claim_comparison,
compared_with,matched provenance identifier,claim:claim_rec_src_search_ce6ce02a80f2_004_cases_unspecified,claim,claim_comparison:claim_cmp_663,claim_comparison,
compared_with,matched provenance identifier,claim:claim_rec_src_search_84acc76573c8_002_cases_unspecified,claim,claim_comparison:claim_cmp_663,claim_comparison,
compared_with,matched provenance identifier,claim:claim_rec_src_search_ce6ce02a80f2_004_cases_unspecified,claim,claim_comparison:claim_cmp_664,claim_comparison,
compared_with,matched provenance identifier,claim:claim_rec_src_search_84acc76573c8_003_cases_unspecified,claim,claim_comparison:claim_cmp_664,claim_comparison,
compared_with,matched provenance identifier,claim:claim_rec_src_search_ce6ce02a80f2_004_cases_unspecified,claim,claim_comparison:claim_cmp_665,claim_comparison,
compared_with,matched provenance identifier,claim:claim_rec_src_search_1298a67f3fad_001_cases_unspecified,claim,claim_comparison:claim_cmp_665,claim_comparison,
compared_with,matched provenance identifier,claim:claim_rec_src_search_ce6ce02a80f2_004_cases_unspecified,claim,claim_comparison:claim_cmp_666,claim_comparison,
compared_with,matched provenance identifier,claim:claim_rec_src_search_1298a67f3fad_002_cases_unspecified,claim,claim_comparison:claim_cmp_666,claim_comparison,
compared_with,matched provenance identifier,claim:claim_rec_src_search_ce6ce02a80f2_004_cases_unspecified,claim,claim_comparison:claim_cmp_667,claim_comparison,
compared_with,matched provenance identifier,claim:claim_rec_src_search_e1219da5b350_001_cases_unspecified,claim,claim_comparison:claim_cmp_667,claim_comparison,
compared_with,matched provenance identifier,claim:claim_rec_src_search_ce6ce02a80f2_004_cases_unspecified,claim,claim_comparison:claim_cmp_668,claim_comparison,
compared_with,matched provenance identifier,claim:claim_rec_src_search_e1219da5b350_002_cases_unspecified,claim,claim_comparison:claim_cmp_668,claim_comparison,
compared_with,matched provenance identifier,claim:claim_rec_src_search_ce6ce02a80f2_004_cases_unspecified,claim,claim_comparison:claim_cmp_669,claim_comparison,
compared_with,matched provenance identifier,claim:claim_rec_src_search_e1219da5b350_003_cases_unspecified,claim,claim_comparison:claim_cmp_669,claim_comparison,
compared_with,matched provenance identifier,claim:claim_rec_src_search_ce6ce02a80f2_004_cases_unspecified,claim,claim_comparison:claim_cmp_670,claim_comparison,
compared_with,matched provenance identifier,claim:claim_rec_src_search_752899844c7d_001_cases_unspecified,claim,claim_comparison:claim_cmp_670,claim_comparison,
compared_with,matched provenance identifier,claim:claim_rec_src_search_ce6ce02a80f2_004_cases_unspecified,claim,claim_comparison:claim_cmp_671,claim_comparison,
compared_with,matched provenance identifier,claim:claim_rec_src_search_752899844c7d_002_cases_unspecified,claim,claim_comparison:claim_cmp_671,claim_comparison,
compared_with,matched provenance identifier,claim:claim_rec_src_search_ce6ce02a80f2_004_cases_unspecified,claim,claim_comparison:claim_cmp_672,claim_comparison,
compared_with,matched provenance identifier,claim:claim_rec_src_search_752899844c7d_003_cases_unspecified,claim,claim_comparison:claim_cmp_672,claim_comparison,
compared_with,matched provenance identifier,claim:claim_rec_src_search_ce6ce02a80f2_005_cases_unspecified,claim,claim_comparison:claim_cmp_673,claim_comparison,
compared_with,matched provenance identifier,claim:claim_rec_src_search_ce6ce02a80f2_006_cases_unspecified,claim,claim_comparison:claim_cmp_673,claim_comparison,
compared_with,matched provenance identifier,claim:claim_rec_src_search_ce6ce02a80f2_005_cases_unspecified,claim,claim_comparison:claim_cmp_674,claim_comparison,
compared_with,matched provenance identifier,claim:claim_rec_src_search_ce6ce02a80f2_007_cases_unspecified,claim,claim_comparison:claim_cmp_674,claim_comparison,
compared_with,matched provenance identifier,claim:claim_rec_src_search_ce6ce02a80f2_005_cases_unspecified,claim,claim_comparison:claim_cmp_675,claim_comparison,
compared_with,matched provenance identifier,claim:claim_rec_src_search_ce6ce02a80f2_008_cases_unspecified,claim,claim_comparison:claim_cmp_675,claim_comparison,
compared_with,matched provenance identifier,claim:claim_rec_src_search_ce6ce02a80f2_005_cases_unspecified,claim,claim_comparison:claim_cmp_676,claim_comparison,
compared_with,matched provenance identifier,claim:claim_rec_src_search_ce6ce02a80f2_009_cases_unspecified,claim,claim_comparison:claim_cmp_676,claim_comparison,
compared_with,matched provenance identifier,claim:claim_rec_src_search_ce6ce02a80f2_005_cases_unspecified,claim,claim_comparison:claim_cmp_677,claim_comparison,
compared_with,matched provenance identifier,claim:claim_rec_src_search_ce6ce02a80f2_010_cases_unspecified,claim,claim_comparison:claim_cmp_677,claim_comparison,
compared_with,matched provenance identifier,claim:claim_rec_src_search_ce6ce02a80f2_005_cases_unspecified,claim,claim_comparison:claim_cmp_678,claim_comparison,
compared_with,matched provenance identifier,claim:claim_rec_src_search_ce6ce02a80f2_011_cases_unspecified,claim,claim_comparison:claim_cmp_678,claim_comparison,
compared_with,matched provenance identifier,claim:claim_rec_src_search_ce6ce02a80f2_005_cases_unspecified,claim,claim_comparison:claim_cmp_679,claim_comparison,
compared_with,matched provenance identifier,claim:claim_rec_src_search_19aff7ba1bc3_001_cases_unspecified,claim,claim_comparison:claim_cmp_679,claim_comparison,
compared_with,matched provenance identifier,claim:claim_rec_src_search_ce6ce02a80f2_005_cases_unspecified,claim,claim_comparison:claim_cmp_680,claim_comparison,
compared_with,matched provenance identifier,claim:claim_rec_src_search_19aff7ba1bc3_002_cases_unspecified,claim,claim_comparison:claim_cmp_680,claim_comparison,
compared_with,matched provenance identifier,claim:claim_rec_src_search_ce6ce02a80f2_005_cases_unspecified,claim,claim_comparison:claim_cmp_681,claim_comparison,
compared_with,matched provenance identifier,claim:claim_rec_src_search_19aff7ba1bc3_003_cases_unspecified,claim,claim_comparison:claim_cmp_681,claim_comparison,
compared_with,matched provenance identifier,claim:claim_rec_src_search_ce6ce02a80f2_005_cases_unspecified,claim,claim_comparison:claim_cmp_682,claim_comparison,
compared_with,matched provenance identifier,claim:claim_rec_src_search_19aff7ba1bc3_004_cases_unspecified,claim,claim_comparison:claim_cmp_682,claim_comparison,
compared_with,matched provenance identifier,claim:claim_rec_src_search_ce6ce02a80f2_005_cases_unspecified,claim,claim_comparison:claim_cmp_683,claim_comparison,
compared_with,matched provenance identifier,claim:claim_rec_src_search_84acc76573c8_001_cases_unspecified,claim,claim_comparison:claim_cmp_683,claim_comparison,
compared_with,matched provenance identifier,claim:claim_rec_src_search_ce6ce02a80f2_005_cases_unspecified,claim,claim_comparison:claim_cmp_684,claim_comparison,
compared_with,matched provenance identifier,claim:claim_rec_src_search_84acc76573c8_002_cases_unspecified,claim,claim_comparison:claim_cmp_684,claim_comparison,
compared_with,matched provenance identifier,claim:claim_rec_src_search_ce6ce02a80f2_005_cases_unspecified,claim,claim_comparison:claim_cmp_685,claim_comparison,
compared_with,matched provenance identifier,claim:claim_rec_src_search_84acc76573c8_003_cases_unspecified,claim,claim_comparison:claim_cmp_685,claim_comparison,
compared_with,matched provenance identifier,claim:claim_rec_src_search_ce6ce02a80f2_005_cases_unspecified,claim,claim_comparison:claim_cmp_686,claim_comparison,
compared_with,matched provenance identifier,claim:claim_rec_src_search_1298a67f3fad_001_cases_unspecified,claim,claim_comparison:claim_cmp_686,claim_comparison,
compared_with,matched provenance identifier,claim:claim_rec_src_search_ce6ce02a80f2_005_cases_unspecified,claim,claim_comparison:claim_cmp_687,claim_comparison,
compared_with,matched provenance identifier,claim:claim_rec_src_search_1298a67f3fad_002_cases_unspecified,claim,claim_comparison:claim_cmp_687,claim_comparison,
compared_with,matched provenance identifier,claim:claim_rec_src_search_ce6ce02a80f2_005_cases_unspecified,claim,claim_comparison:claim_cmp_688,claim_comparison,
compared_with,matched provenance identifier,claim:claim_rec_src_search_e1219da5b350_001_cases_unspecified,claim,claim_comparison:claim_cmp_688,claim_comparison,
compared_with,matched provenance identifier,claim:claim_rec_src_search_ce6ce02a80f2_005_cases_unspecified,claim,claim_comparison:claim_cmp_689,claim_comparison,
compared_with,matched provenance identifier,claim:claim_rec_src_search_e1219da5b350_002_cases_unspecified,claim,claim_comparison:claim_cmp_689,claim_comparison,
compared_with,matched provenance identifier,claim:claim_rec_src_search_ce6ce02a80f2_005_cases_unspecified,claim,claim_comparison:claim_cmp_690,claim_comparison,
compared_with,matched provenance identifier,claim:claim_rec_src_search_e1219da5b350_003_cases_unspecified,claim,claim_comparison:claim_cmp_690,claim_comparison,
compared_with,matched provenance identifier,claim:claim_rec_src_search_ce6ce02a80f2_005_cases_unspecified,claim,claim_comparison:claim_cmp_691,claim_comparison,
compared_with,matched provenance identifier,claim:claim_rec_src_search_752899844c7d_001_cases_unspecified,claim,claim_comparison:claim_cmp_691,claim_comparison,
compared_with,matched provenance identifier,claim:claim_rec_src_search_ce6ce02a80f2_005_cases_unspecified,claim,claim_comparison:claim_cmp_692,claim_comparison,
compared_with,matched provenance identifier,claim:claim_rec_src_search_752899844c7d_002_cases_unspecified,claim,claim_comparison:claim_cmp_692,claim_comparison,
compared_with,matched provenance identifier,claim:claim_rec_src_search_ce6ce02a80f2_005_cases_unspecified,claim,claim_comparison:claim_cmp_693,claim_comparison,
compared_with,matched provenance identifier,claim:claim_rec_src_search_752899844c7d_003_cases_unspecified,claim,claim_comparison:claim_cmp_693,claim_comparison,
compared_with,matched provenance identifier,claim:claim_rec_src_search_ce6ce02a80f2_006_cases_unspecified,claim,claim_comparison:claim_cmp_694,claim_comparison,
compared_with,matched provenance identifier,claim:claim_rec_src_search_ce6ce02a80f2_007_cases_unspecified,claim,claim_comparison:claim_cmp_694,claim_comparison,
compared_with,matched provenance identifier,claim:claim_rec_src_search_ce6ce02a80f2_006_cases_unspecified,claim,claim_comparison:claim_cmp_695,claim_comparison,
compared_with,matched provenance identifier,claim:claim_rec_src_search_ce6ce02a80f2_008_cases_unspecified,claim,claim_comparison:claim_cmp_695,claim_comparison,
compared_with,matched provenance identifier,claim:claim_rec_src_search_ce6ce02a80f2_006_cases_unspecified,claim,claim_comparison:claim_cmp_696,claim_comparison,
compared_with,matched provenance identifier,claim:claim_rec_src_search_ce6ce02a80f2_009_cases_unspecified,claim,claim_comparison:claim_cmp_696,claim_comparison,
compared_with,matched provenance identifier,claim:claim_rec_src_search_ce6ce02a80f2_006_cases_unspecified,claim,claim_comparison:claim_cmp_697,claim_comparison,
compared_with,matched provenance identifier,claim:claim_rec_src_search_ce6ce02a80f2_010_cases_unspecified,claim,claim_comparison:claim_cmp_697,claim_comparison,
compared_with,matched provenance identifier,claim:claim_rec_src_search_ce6ce02a80f2_006_cases_unspecified,claim,claim_comparison:claim_cmp_698,claim_comparison,
compared_with,matched provenance identifier,claim:claim_rec_src_search_ce6ce02a80f2_011_cases_unspecified,claim,claim_comparison:claim_cmp_698,claim_comparison,
compared_with,matched provenance identifier,claim:claim_rec_src_search_ce6ce02a80f2_006_cases_unspecified,claim,claim_comparison:claim_cmp_699,claim_comparison,
compared_with,matched provenance identifier,claim:claim_rec_src_search_19aff7ba1bc3_001_cases_unspecified,claim,claim_comparison:claim_cmp_699,claim_comparison,
compared_with,matched provenance identifier,claim:claim_rec_src_search_ce6ce02a80f2_006_cases_unspecified,claim,claim_comparison:claim_cmp_700,claim_comparison,
compared_with,matched provenance identifier,claim:claim_rec_src_search_19aff7ba1bc3_002_cases_unspecified,claim,claim_comparison:claim_cmp_700,claim_comparison,
compared_with,matched provenance identifier,claim:claim_rec_src_search_ce6ce02a80f2_006_cases_unspecified,claim,claim_comparison:claim_cmp_701,claim_comparison,
compared_with,matched provenance identifier,claim:claim_rec_src_search_19aff7ba1bc3_003_cases_unspecified,claim,claim_comparison:claim_cmp_701,claim_comparison,
compared_with,matched provenance identifier,claim:claim_rec_src_search_ce6ce02a80f2_006_cases_unspecified,claim,claim_comparison:claim_cmp_702,claim_comparison,
compared_with,matched provenance identifier,claim:claim_rec_src_search_19aff7ba1bc3_004_cases_unspecified,claim,claim_comparison:claim_cmp_702,claim_comparison,
compared_with,matched provenance identifier,claim:claim_rec_src_search_ce6ce02a80f2_006_cases_unspecified,claim,claim_comparison:claim_cmp_703,claim_comparison,
compared_with,matched provenance identifier,claim:claim_rec_src_search_84acc76573c8_001_cases_unspecified,claim,claim_comparison:claim_cmp_703,claim_comparison,
compared_with,matched provenance identifier,claim:claim_rec_src_search_ce6ce02a80f2_006_cases_unspecified,claim,claim_comparison:claim_cmp_704,claim_comparison,
compared_with,matched provenance identifier,claim:claim_rec_src_search_84acc76573c8_002_cases_unspecified,claim,claim_comparison:claim_cmp_704,claim_comparison,
compared_with,matched provenance identifier,claim:claim_rec_src_search_ce6ce02a80f2_006_cases_unspecified,claim,claim_comparison:claim_cmp_705,claim_comparison,
compared_with,matched provenance identifier,claim:claim_rec_src_search_84acc76573c8_003_cases_unspecified,claim,claim_comparison:claim_cmp_705,claim_comparison,
compared_with,matched provenance identifier,claim:claim_rec_src_search_ce6ce02a80f2_006_cases_unspecified,claim,claim_comparison:claim_cmp_706,claim_comparison,
compared_with,matched provenance identifier,claim:claim_rec_src_search_1298a67f3fad_001_cases_unspecified,claim,claim_comparison:claim_cmp_706,claim_comparison,
compared_with,matched provenance identifier,claim:claim_rec_src_search_ce6ce02a80f2_006_cases_unspecified,claim,claim_comparison:claim_cmp_707,claim_comparison,
compared_with,matched provenance identifier,claim:claim_rec_src_search_1298a67f3fad_002_cases_unspecified,claim,claim_comparison:claim_cmp_707,claim_comparison,
compared_with,matched provenance identifier,claim:claim_rec_src_search_ce6ce02a80f2_006_cases_unspecified,claim,claim_comparison:claim_cmp_708,claim_comparison,
compared_with,matched provenance identifier,claim:claim_rec_src_search_e1219da5b350_001_cases_unspecified,claim,claim_comparison:claim_cmp_708,claim_comparison,
compared_with,matched provenance identifier,claim:claim_rec_src_search_ce6ce02a80f2_006_cases_unspecified,claim,claim_comparison:claim_cmp_709,claim_comparison,
compared_with,matched provenance identifier,claim:claim_rec_src_search_e1219da5b350_002_cases_unspecified,claim,claim_comparison:claim_cmp_709,claim_comparison,
compared_with,matched provenance identifier,claim:claim_rec_src_search_ce6ce02a80f2_006_cases_unspecified,claim,claim_comparison:claim_cmp_710,claim_comparison,
compared_with,matched provenance identifier,claim:claim_rec_src_search_e1219da5b350_003_cases_unspecified,claim,claim_comparison:claim_cmp_710,claim_comparison,
compared_with,matched provenance identifier,claim:claim_rec_src_search_ce6ce02a80f2_006_cases_unspecified,claim,claim_comparison:claim_cmp_711,claim_comparison,
compared_with,matched provenance identifier,claim:claim_rec_src_search_752899844c7d_001_cases_unspecified,claim,claim_comparison:claim_cmp_711,claim_comparison,
compared_with,matched provenance identifier,claim:claim_rec_src_search_ce6ce02a80f2_006_cases_unspecified,claim,claim_comparison:claim_cmp_712,claim_comparison,
compared_with,matched provenance identifier,claim:claim_rec_src_search_752899844c7d_002_cases_unspecified,claim,claim_comparison:claim_cmp_712,claim_comparison,
compared_with,matched provenance identifier,claim:claim_rec_src_search_ce6ce02a80f2_006_cases_unspecified,claim,claim_comparison:claim_cmp_713,claim_comparison,
compared_with,matched provenance identifier,claim:claim_rec_src_search_752899844c7d_003_cases_unspecified,claim,claim_comparison:claim_cmp_713,claim_comparison,
compared_with,matched provenance identifier,claim:claim_rec_src_search_ce6ce02a80f2_007_cases_unspecified,claim,claim_comparison:claim_cmp_714,claim_comparison,
compared_with,matched provenance identifier,claim:claim_rec_src_search_ce6ce02a80f2_008_cases_unspecified,claim,claim_comparison:claim_cmp_714,claim_comparison,
compared_with,matched provenance identifier,claim:claim_rec_src_search_ce6ce02a80f2_007_cases_unspecified,claim,claim_comparison:claim_cmp_715,claim_comparison,
compared_with,matched provenance identifier,claim:claim_rec_src_search_ce6ce02a80f2_009_cases_unspecified,claim,claim_comparison:claim_cmp_715,claim_comparison,
compared_with,matched provenance identifier,claim:claim_rec_src_search_ce6ce02a80f2_007_cases_unspecified,claim,claim_comparison:claim_cmp_716,claim_comparison,
compared_with,matched provenance identifier,claim:claim_rec_src_search_ce6ce02a80f2_010_cases_unspecified,claim,claim_comparison:claim_cmp_716,claim_comparison,
compared_with,matched provenance identifier,claim:claim_rec_src_search_ce6ce02a80f2_007_cases_unspecified,claim,claim_comparison:claim_cmp_717,claim_comparison,
compared_with,matched provenance identifier,claim:claim_rec_src_search_ce6ce02a80f2_011_cases_unspecified,claim,claim_comparison:claim_cmp_717,claim_comparison,
compared_with,matched provenance identifier,claim:claim_rec_src_search_ce6ce02a80f2_007_cases_unspecified,claim,claim_comparison:claim_cmp_718,claim_comparison,
compared_with,matched provenance identifier,claim:claim_rec_src_search_19aff7ba1bc3_001_cases_unspecified,claim,claim_comparison:claim_cmp_718,claim_comparison,
compared_with,matched provenance identifier,claim:claim_rec_src_search_ce6ce02a80f2_007_cases_unspecified,claim,claim_comparison:claim_cmp_719,claim_comparison,
compared_with,matched provenance identifier,claim:claim_rec_src_search_19aff7ba1bc3_002_cases_unspecified,claim,claim_comparison:claim_cmp_719,claim_comparison,
compared_with,matched provenance identifier,claim:claim_rec_src_search_ce6ce02a80f2_007_cases_unspecified,claim,claim_comparison:claim_cmp_720,claim_comparison,
compared_with,matched provenance identifier,claim:claim_rec_src_search_19aff7ba1bc3_003_cases_unspecified,claim,claim_comparison:claim_cmp_720,claim_comparison,
compared_with,matched provenance identifier,claim:claim_rec_src_search_ce6ce02a80f2_007_cases_unspecified,claim,claim_comparison:claim_cmp_721,claim_comparison,
compared_with,matched provenance identifier,claim:claim_rec_src_search_19aff7ba1bc3_004_cases_unspecified,claim,claim_comparison:claim_cmp_721,claim_comparison,
compared_with,matched provenance identifier,claim:claim_rec_src_search_ce6ce02a80f2_007_cases_unspecified,claim,claim_comparison:claim_cmp_722,claim_comparison,
compared_with,matched provenance identifier,claim:claim_rec_src_search_84acc76573c8_001_cases_unspecified,claim,claim_comparison:claim_cmp_722,claim_comparison,
compared_with,matched provenance identifier,claim:claim_rec_src_search_ce6ce02a80f2_007_cases_unspecified,claim,claim_comparison:claim_cmp_723,claim_comparison,
compared_with,matched provenance identifier,claim:claim_rec_src_search_84acc76573c8_002_cases_unspecified,claim,claim_comparison:claim_cmp_723,claim_comparison,
compared_with,matched provenance identifier,claim:claim_rec_src_search_ce6ce02a80f2_007_cases_unspecified,claim,claim_comparison:claim_cmp_724,claim_comparison,
compared_with,matched provenance identifier,claim:claim_rec_src_search_84acc76573c8_003_cases_unspecified,claim,claim_comparison:claim_cmp_724,claim_comparison,
compared_with,matched provenance identifier,claim:claim_rec_src_search_ce6ce02a80f2_007_cases_unspecified,claim,claim_comparison:claim_cmp_725,claim_comparison,
compared_with,matched provenance identifier,claim:claim_rec_src_search_1298a67f3fad_001_cases_unspecified,claim,claim_comparison:claim_cmp_725,claim_comparison,
compared_with,matched provenance identifier,claim:claim_rec_src_search_ce6ce02a80f2_007_cases_unspecified,claim,claim_comparison:claim_cmp_726,claim_comparison,
compared_with,matched provenance identifier,claim:claim_rec_src_search_1298a67f3fad_002_cases_unspecified,claim,claim_comparison:claim_cmp_726,claim_comparison,
compared_with,matched provenance identifier,claim:claim_rec_src_search_ce6ce02a80f2_007_cases_unspecified,claim,claim_comparison:claim_cmp_727,claim_comparison,
compared_with,matched provenance identifier,claim:claim_rec_src_search_e1219da5b350_001_cases_unspecified,claim,claim_comparison:claim_cmp_727,claim_comparison,
compared_with,matched provenance identifier,claim:claim_rec_src_search_ce6ce02a80f2_007_cases_unspecified,claim,claim_comparison:claim_cmp_728,claim_comparison,
compared_with,matched provenance identifier,claim:claim_rec_src_search_e1219da5b350_002_cases_unspecified,claim,claim_comparison:claim_cmp_728,claim_comparison,
compared_with,matched provenance identifier,claim:claim_rec_src_search_ce6ce02a80f2_007_cases_unspecified,claim,claim_comparison:claim_cmp_729,claim_comparison,
compared_with,matched provenance identifier,claim:claim_rec_src_search_e1219da5b350_003_cases_unspecified,claim,claim_comparison:claim_cmp_729,claim_comparison,
compared_with,matched provenance identifier,claim:claim_rec_src_search_ce6ce02a80f2_007_cases_unspecified,claim,claim_comparison:claim_cmp_730,claim_comparison,
compared_with,matched provenance identifier,claim:claim_rec_src_search_752899844c7d_001_cases_unspecified,claim,claim_comparison:claim_cmp_730,claim_comparison,
compared_with,matched provenance identifier,claim:claim_rec_src_search_ce6ce02a80f2_007_cases_unspecified,claim,claim_comparison:claim_cmp_731,claim_comparison,
compared_with,matched provenance identifier,claim:claim_rec_src_search_752899844c7d_002_cases_unspecified,claim,claim_comparison:claim_cmp_731,claim_comparison,
compared_with,matched provenance identifier,claim:claim_rec_src_search_ce6ce02a80f2_007_cases_unspecified,claim,claim_comparison:claim_cmp_732,claim_comparison,
compared_with,matched provenance identifier,claim:claim_rec_src_search_752899844c7d_003_cases_unspecified,claim,claim_comparison:claim_cmp_732,claim_comparison,
compared_with,matched provenance identifier,claim:claim_rec_src_search_ce6ce02a80f2_008_cases_unspecified,claim,claim_comparison:claim_cmp_733,claim_comparison,
compared_with,matched provenance identifier,claim:claim_rec_src_search_ce6ce02a80f2_009_cases_unspecified,claim,claim_comparison:claim_cmp_733,claim_comparison,
compared_with,matched provenance identifier,claim:claim_rec_src_search_ce6ce02a80f2_008_cases_unspecified,claim,claim_comparison:claim_cmp_734,claim_comparison,
compared_with,matched provenance identifier,claim:claim_rec_src_search_ce6ce02a80f2_010_cases_unspecified,claim,claim_comparison:claim_cmp_734,claim_comparison,
compared_with,matched provenance identifier,claim:claim_rec_src_search_ce6ce02a80f2_008_cases_unspecified,claim,claim_comparison:claim_cmp_735,claim_comparison,
compared_with,matched provenance identifier,claim:claim_rec_src_search_ce6ce02a80f2_011_cases_unspecified,claim,claim_comparison:claim_cmp_735,claim_comparison,
compared_with,matched provenance identifier,claim:claim_rec_src_search_ce6ce02a80f2_008_cases_unspecified,claim,claim_comparison:claim_cmp_736,claim_comparison,
compared_with,matched provenance identifier,claim:claim_rec_src_search_19aff7ba1bc3_001_cases_unspecified,claim,claim_comparison:claim_cmp_736,claim_comparison,
compared_with,matched provenance identifier,claim:claim_rec_src_search_ce6ce02a80f2_008_cases_unspecified,claim,claim_comparison:claim_cmp_737,claim_comparison,
compared_with,matched provenance identifier,claim:claim_rec_src_search_19aff7ba1bc3_002_cases_unspecified,claim,claim_comparison:claim_cmp_737,claim_comparison,
compared_with,matched provenance identifier,claim:claim_rec_src_search_ce6ce02a80f2_008_cases_unspecified,claim,claim_comparison:claim_cmp_738,claim_comparison,
compared_with,matched provenance identifier,claim:claim_rec_src_search_19aff7ba1bc3_003_cases_unspecified,claim,claim_comparison:claim_cmp_738,claim_comparison,
compared_with,matched provenance identifier,claim:claim_rec_src_search_ce6ce02a80f2_008_cases_unspecified,claim,claim_comparison:claim_cmp_739,claim_comparison,
compared_with,matched provenance identifier,claim:claim_rec_src_search_19aff7ba1bc3_004_cases_unspecified,claim,claim_comparison:claim_cmp_739,claim_comparison,
compared_with,matched provenance identifier,claim:claim_rec_src_search_ce6ce02a80f2_008_cases_unspecified,claim,claim_comparison:claim_cmp_740,claim_comparison,
compared_with,matched provenance identifier,claim:claim_rec_src_search_84acc76573c8_001_cases_unspecified,claim,claim_comparison:claim_cmp_740,claim_comparison,
compared_with,matched provenance identifier,claim:claim_rec_src_search_ce6ce02a80f2_008_cases_unspecified,claim,claim_comparison:claim_cmp_741,claim_comparison,
compared_with,matched provenance identifier,claim:claim_rec_src_search_84acc76573c8_002_cases_unspecified,claim,claim_comparison:claim_cmp_741,claim_comparison,
compared_with,matched provenance identifier,claim:claim_rec_src_search_ce6ce02a80f2_008_cases_unspecified,claim,claim_comparison:claim_cmp_742,claim_comparison,
compared_with,matched provenance identifier,claim:claim_rec_src_search_84acc76573c8_003_cases_unspecified,claim,claim_comparison:claim_cmp_742,claim_comparison,
compared_with,matched provenance identifier,claim:claim_rec_src_search_ce6ce02a80f2_008_cases_unspecified,claim,claim_comparison:claim_cmp_743,claim_comparison,
compared_with,matched provenance identifier,claim:claim_rec_src_search_1298a67f3fad_001_cases_unspecified,claim,claim_comparison:claim_cmp_743,claim_comparison,
compared_with,matched provenance identifier,claim:claim_rec_src_search_ce6ce02a80f2_008_cases_unspecified,claim,claim_comparison:claim_cmp_744,claim_comparison,
compared_with,matched provenance identifier,claim:claim_rec_src_search_1298a67f3fad_002_cases_unspecified,claim,claim_comparison:claim_cmp_744,claim_comparison,
compared_with,matched provenance identifier,claim:claim_rec_src_search_ce6ce02a80f2_008_cases_unspecified,claim,claim_comparison:claim_cmp_745,claim_comparison,
compared_with,matched provenance identifier,claim:claim_rec_src_search_e1219da5b350_001_cases_unspecified,claim,claim_comparison:claim_cmp_745,claim_comparison,
compared_with,matched provenance identifier,claim:claim_rec_src_search_ce6ce02a80f2_008_cases_unspecified,claim,claim_comparison:claim_cmp_746,claim_comparison,
compared_with,matched provenance identifier,claim:claim_rec_src_search_e1219da5b350_002_cases_unspecified,claim,claim_comparison:claim_cmp_746,claim_comparison,
compared_with,matched provenance identifier,claim:claim_rec_src_search_ce6ce02a80f2_008_cases_unspecified,claim,claim_comparison:claim_cmp_747,claim_comparison,
compared_with,matched provenance identifier,claim:claim_rec_src_search_e1219da5b350_003_cases_unspecified,claim,claim_comparison:claim_cmp_747,claim_comparison,
compared_with,matched provenance identifier,claim:claim_rec_src_search_ce6ce02a80f2_008_cases_unspecified,claim,claim_comparison:claim_cmp_748,claim_comparison,
compared_with,matched provenance identifier,claim:claim_rec_src_search_752899844c7d_001_cases_unspecified,claim,claim_comparison:claim_cmp_748,claim_comparison,
compared_with,matched provenance identifier,claim:claim_rec_src_search_ce6ce02a80f2_008_cases_unspecified,claim,claim_comparison:claim_cmp_749,claim_comparison,
compared_with,matched provenance identifier,claim:claim_rec_src_search_752899844c7d_002_cases_unspecified,claim,claim_comparison:claim_cmp_749,claim_comparison,
compared_with,matched provenance identifier,claim:claim_rec_src_search_ce6ce02a80f2_008_cases_unspecified,claim,claim_comparison:claim_cmp_750,claim_comparison,
compared_with,matched provenance identifier,claim:claim_rec_src_search_752899844c7d_003_cases_unspecified,claim,claim_comparison:claim_cmp_750,claim_comparison,
compared_with,matched provenance identifier,claim:claim_rec_src_search_ce6ce02a80f2_009_cases_unspecified,claim,claim_comparison:claim_cmp_751,claim_comparison,
compared_with,matched provenance identifier,claim:claim_rec_src_search_ce6ce02a80f2_010_cases_unspecified,claim,claim_comparison:claim_cmp_751,claim_comparison,
compared_with,matched provenance identifier,claim:claim_rec_src_search_ce6ce02a80f2_009_cases_unspecified,claim,claim_comparison:claim_cmp_752,claim_comparison,
compared_with,matched provenance identifier,claim:claim_rec_src_search_ce6ce02a80f2_011_cases_unspecified,claim,claim_comparison:claim_cmp_752,claim_comparison,
compared_with,matched provenance identifier,claim:claim_rec_src_search_ce6ce02a80f2_009_cases_unspecified,claim,claim_comparison:claim_cmp_753,claim_comparison,
compared_with,matched provenance identifier,claim:claim_rec_src_search_19aff7ba1bc3_001_cases_unspecified,claim,claim_comparison:claim_cmp_753,claim_comparison,
compared_with,matched provenance identifier,claim:claim_rec_src_search_ce6ce02a80f2_009_cases_unspecified,claim,claim_comparison:claim_cmp_754,claim_comparison,
compared_with,matched provenance identifier,claim:claim_rec_src_search_19aff7ba1bc3_002_cases_unspecified,claim,claim_comparison:claim_cmp_754,claim_comparison,
compared_with,matched provenance identifier,claim:claim_rec_src_search_ce6ce02a80f2_009_cases_unspecified,claim,claim_comparison:claim_cmp_755,claim_comparison,
compared_with,matched provenance identifier,claim:claim_rec_src_search_19aff7ba1bc3_003_cases_unspecified,claim,claim_comparison:claim_cmp_755,claim_comparison,
compared_with,matched provenance identifier,claim:claim_rec_src_search_ce6ce02a80f2_009_cases_unspecified,claim,claim_comparison:claim_cmp_756,claim_comparison,
compared_with,matched provenance identifier,claim:claim_rec_src_search_19aff7ba1bc3_004_cases_unspecified,claim,claim_comparison:claim_cmp_756,claim_comparison,
compared_with,matched provenance identifier,claim:claim_rec_src_search_ce6ce02a80f2_009_cases_unspecified,claim,claim_comparison:claim_cmp_757,claim_comparison,
compared_with,matched provenance identifier,claim:claim_rec_src_search_84acc76573c8_001_cases_unspecified,claim,claim_comparison:claim_cmp_757,claim_comparison,
compared_with,matched provenance identifier,claim:claim_rec_src_search_ce6ce02a80f2_009_cases_unspecified,claim,claim_comparison:claim_cmp_758,claim_comparison,
compared_with,matched provenance identifier,claim:claim_rec_src_search_84acc76573c8_002_cases_unspecified,claim,claim_comparison:claim_cmp_758,claim_comparison,
compared_with,matched provenance identifier,claim:claim_rec_src_search_ce6ce02a80f2_009_cases_unspecified,claim,claim_comparison:claim_cmp_759,claim_comparison,
compared_with,matched provenance identifier,claim:claim_rec_src_search_84acc76573c8_003_cases_unspecified,claim,claim_comparison:claim_cmp_759,claim_comparison,
compared_with,matched provenance identifier,claim:claim_rec_src_search_ce6ce02a80f2_009_cases_unspecified,claim,claim_comparison:claim_cmp_760,claim_comparison,
compared_with,matched provenance identifier,claim:claim_rec_src_search_1298a67f3fad_001_cases_unspecified,claim,claim_comparison:claim_cmp_760,claim_comparison,
compared_with,matched provenance identifier,claim:claim_rec_src_search_ce6ce02a80f2_009_cases_unspecified,claim,claim_comparison:claim_cmp_761,claim_comparison,
compared_with,matched provenance identifier,claim:claim_rec_src_search_1298a67f3fad_002_cases_unspecified,claim,claim_comparison:claim_cmp_761,claim_comparison,
compared_with,matched provenance identifier,claim:claim_rec_src_search_ce6ce02a80f2_009_cases_unspecified,claim,claim_comparison:claim_cmp_762,claim_comparison,
compared_with,matched provenance identifier,claim:claim_rec_src_search_e1219da5b350_001_cases_unspecified,claim,claim_comparison:claim_cmp_762,claim_comparison,
compared_with,matched provenance identifier,claim:claim_rec_src_search_ce6ce02a80f2_009_cases_unspecified,claim,claim_comparison:claim_cmp_763,claim_comparison,
compared_with,matched provenance identifier,claim:claim_rec_src_search_e1219da5b350_002_cases_unspecified,claim,claim_comparison:claim_cmp_763,claim_comparison,
compared_with,matched provenance identifier,claim:claim_rec_src_search_ce6ce02a80f2_009_cases_unspecified,claim,claim_comparison:claim_cmp_764,claim_comparison,
compared_with,matched provenance identifier,claim:claim_rec_src_search_e1219da5b350_003_cases_unspecified,claim,claim_comparison:claim_cmp_764,claim_comparison,
compared_with,matched provenance identifier,claim:claim_rec_src_search_ce6ce02a80f2_009_cases_unspecified,claim,claim_comparison:claim_cmp_765,claim_comparison,
compared_with,matched provenance identifier,claim:claim_rec_src_search_752899844c7d_001_cases_unspecified,claim,claim_comparison:claim_cmp_765,claim_comparison,
compared_with,matched provenance identifier,claim:claim_rec_src_search_ce6ce02a80f2_009_cases_unspecified,claim,claim_comparison:claim_cmp_766,claim_comparison,
compared_with,matched provenance identifier,claim:claim_rec_src_search_752899844c7d_002_cases_unspecified,claim,claim_comparison:claim_cmp_766,claim_comparison,
compared_with,matched provenance identifier,claim:claim_rec_src_search_ce6ce02a80f2_009_cases_unspecified,claim,claim_comparison:claim_cmp_767,claim_comparison,
compared_with,matched provenance identifier,claim:claim_rec_src_search_752899844c7d_003_cases_unspecified,claim,claim_comparison:claim_cmp_767,claim_comparison,
compared_with,matched provenance identifier,claim:claim_rec_src_search_ce6ce02a80f2_010_cases_unspecified,claim,claim_comparison:claim_cmp_768,claim_comparison,
compared_with,matched provenance identifier,claim:claim_rec_src_search_ce6ce02a80f2_011_cases_unspecified,claim,claim_comparison:claim_cmp_768,claim_comparison,
compared_with,matched provenance identifier,claim:claim_rec_src_search_ce6ce02a80f2_010_cases_unspecified,claim,claim_comparison:claim_cmp_769,claim_comparison,
compared_with,matched provenance identifier,claim:claim_rec_src_search_19aff7ba1bc3_001_cases_unspecified,claim,claim_comparison:claim_cmp_769,claim_comparison,
compared_with,matched provenance identifier,claim:claim_rec_src_search_ce6ce02a80f2_010_cases_unspecified,claim,claim_comparison:claim_cmp_770,claim_comparison,
compared_with,matched provenance identifier,claim:claim_rec_src_search_19aff7ba1bc3_002_cases_unspecified,claim,claim_comparison:claim_cmp_770,claim_comparison,
compared_with,matched provenance identifier,claim:claim_rec_src_search_ce6ce02a80f2_010_cases_unspecified,claim,claim_comparison:claim_cmp_771,claim_comparison,
compared_with,matched provenance identifier,claim:claim_rec_src_search_19aff7ba1bc3_003_cases_unspecified,claim,claim_comparison:claim_cmp_771,claim_comparison,
compared_with,matched provenance identifier,claim:claim_rec_src_search_ce6ce02a80f2_010_cases_unspecified,claim,claim_comparison:claim_cmp_772,claim_comparison,
compared_with,matched provenance identifier,claim:claim_rec_src_search_19aff7ba1bc3_004_cases_unspecified,claim,claim_comparison:claim_cmp_772,claim_comparison,
compared_with,matched provenance identifier,claim:claim_rec_src_search_ce6ce02a80f2_010_cases_unspecified,claim,claim_comparison:claim_cmp_773,claim_comparison,
compared_with,matched provenance identifier,claim:claim_rec_src_search_84acc76573c8_001_cases_unspecified,claim,claim_comparison:claim_cmp_773,claim_comparison,
compared_with,matched provenance identifier,claim:claim_rec_src_search_ce6ce02a80f2_010_cases_unspecified,claim,claim_comparison:claim_cmp_774,claim_comparison,
compared_with,matched provenance identifier,claim:claim_rec_src_search_84acc76573c8_002_cases_unspecified,claim,claim_comparison:claim_cmp_774,claim_comparison,
compared_with,matched provenance identifier,claim:claim_rec_src_search_ce6ce02a80f2_010_cases_unspecified,claim,claim_comparison:claim_cmp_775,claim_comparison,
compared_with,matched provenance identifier,claim:claim_rec_src_search_84acc76573c8_003_cases_unspecified,claim,claim_comparison:claim_cmp_775,claim_comparison,
compared_with,matched provenance identifier,claim:claim_rec_src_search_ce6ce02a80f2_010_cases_unspecified,claim,claim_comparison:claim_cmp_776,claim_comparison,
compared_with,matched provenance identifier,claim:claim_rec_src_search_1298a67f3fad_001_cases_unspecified,claim,claim_comparison:claim_cmp_776,claim_comparison,
compared_with,matched provenance identifier,claim:claim_rec_src_search_ce6ce02a80f2_010_cases_unspecified,claim,claim_comparison:claim_cmp_777,claim_comparison,
compared_with,matched provenance identifier,claim:claim_rec_src_search_1298a67f3fad_002_cases_unspecified,claim,claim_comparison:claim_cmp_777,claim_comparison,
compared_with,matched provenance identifier,claim:claim_rec_src_search_ce6ce02a80f2_010_cases_unspecified,claim,claim_comparison:claim_cmp_778,claim_comparison,
compared_with,matched provenance identifier,claim:claim_rec_src_search_e1219da5b350_001_cases_unspecified,claim,claim_comparison:claim_cmp_778,claim_comparison,
compared_with,matched provenance identifier,claim:claim_rec_src_search_ce6ce02a80f2_010_cases_unspecified,claim,claim_comparison:claim_cmp_779,claim_comparison,
compared_with,matched provenance identifier,claim:claim_rec_src_search_e1219da5b350_002_cases_unspecified,claim,claim_comparison:claim_cmp_779,claim_comparison,
compared_with,matched provenance identifier,claim:claim_rec_src_search_ce6ce02a80f2_010_cases_unspecified,claim,claim_comparison:claim_cmp_780,claim_comparison,
compared_with,matched provenance identifier,claim:claim_rec_src_search_e1219da5b350_003_cases_unspecified,claim,claim_comparison:claim_cmp_780,claim_comparison,
compared_with,matched provenance identifier,claim:claim_rec_src_search_ce6ce02a80f2_010_cases_unspecified,claim,claim_comparison:claim_cmp_781,claim_comparison,
compared_with,matched provenance identifier,claim:claim_rec_src_search_752899844c7d_001_cases_unspecified,claim,claim_comparison:claim_cmp_781,claim_comparison,
compared_with,matched provenance identifier,claim:claim_rec_src_search_ce6ce02a80f2_010_cases_unspecified,claim,claim_comparison:claim_cmp_782,claim_comparison,
compared_with,matched provenance identifier,claim:claim_rec_src_search_752899844c7d_002_cases_unspecified,claim,claim_comparison:claim_cmp_782,claim_comparison,
compared_with,matched provenance identifier,claim:claim_rec_src_search_ce6ce02a80f2_010_cases_unspecified,claim,claim_comparison:claim_cmp_783,claim_comparison,
compared_with,matched provenance identifier,claim:claim_rec_src_search_752899844c7d_003_cases_unspecified,claim,claim_comparison:claim_cmp_783,claim_comparison,
compared_with,matched provenance identifier,claim:claim_rec_src_search_ce6ce02a80f2_011_cases_unspecified,claim,claim_comparison:claim_cmp_784,claim_comparison,
compared_with,matched provenance identifier,claim:claim_rec_src_search_19aff7ba1bc3_001_cases_unspecified,claim,claim_comparison:claim_cmp_784,claim_comparison,
compared_with,matched provenance identifier,claim:claim_rec_src_search_ce6ce02a80f2_011_cases_unspecified,claim,claim_comparison:claim_cmp_785,claim_comparison,
compared_with,matched provenance identifier,claim:claim_rec_src_search_19aff7ba1bc3_002_cases_unspecified,claim,claim_comparison:claim_cmp_785,claim_comparison,
compared_with,matched provenance identifier,claim:claim_rec_src_search_ce6ce02a80f2_011_cases_unspecified,claim,claim_comparison:claim_cmp_786,claim_comparison,
compared_with,matched provenance identifier,claim:claim_rec_src_search_19aff7ba1bc3_003_cases_unspecified,claim,claim_comparison:claim_cmp_786,claim_comparison,
compared_with,matched provenance identifier,claim:claim_rec_src_search_ce6ce02a80f2_011_cases_unspecified,claim,claim_comparison:claim_cmp_787,claim_comparison,
compared_with,matched provenance identifier,claim:claim_rec_src_search_19aff7ba1bc3_004_cases_unspecified,claim,claim_comparison:claim_cmp_787,claim_comparison,
compared_with,matched provenance identifier,claim:claim_rec_src_search_ce6ce02a80f2_011_cases_unspecified,claim,claim_comparison:claim_cmp_788,claim_comparison,
compared_with,matched provenance identifier,claim:claim_rec_src_search_84acc76573c8_001_cases_unspecified,claim,claim_comparison:claim_cmp_788,claim_comparison,
compared_with,matched provenance identifier,claim:claim_rec_src_search_ce6ce02a80f2_011_cases_unspecified,claim,claim_comparison:claim_cmp_789,claim_comparison,
compared_with,matched provenance identifier,claim:claim_rec_src_search_84acc76573c8_002_cases_unspecified,claim,claim_comparison:claim_cmp_789,claim_comparison,
compared_with,matched provenance identifier,claim:claim_rec_src_search_ce6ce02a80f2_011_cases_unspecified,claim,claim_comparison:claim_cmp_790,claim_comparison,
compared_with,matched provenance identifier,claim:claim_rec_src_search_84acc76573c8_003_cases_unspecified,claim,claim_comparison:claim_cmp_790,claim_comparison,
compared_with,matched provenance identifier,claim:claim_rec_src_search_ce6ce02a80f2_011_cases_unspecified,claim,claim_comparison:claim_cmp_791,claim_comparison,
compared_with,matched provenance identifier,claim:claim_rec_src_search_1298a67f3fad_001_cases_unspecified,claim,claim_comparison:claim_cmp_791,claim_comparison,
compared_with,matched provenance identifier,claim:claim_rec_src_search_ce6ce02a80f2_011_cases_unspecified,claim,claim_comparison:claim_cmp_792,claim_comparison,
compared_with,matched provenance identifier,claim:claim_rec_src_search_1298a67f3fad_002_cases_unspecified,claim,claim_comparison:claim_cmp_792,claim_comparison,
compared_with,matched provenance identifier,claim:claim_rec_src_search_ce6ce02a80f2_011_cases_unspecified,claim,claim_comparison:claim_cmp_793,claim_comparison,
compared_with,matched provenance identifier,claim:claim_rec_src_search_e1219da5b350_001_cases_unspecified,claim,claim_comparison:claim_cmp_793,claim_comparison,
compared_with,matched provenance identifier,claim:claim_rec_src_search_ce6ce02a80f2_011_cases_unspecified,claim,claim_comparison:claim_cmp_794,claim_comparison,
compared_with,matched provenance identifier,claim:claim_rec_src_search_e1219da5b350_002_cases_unspecified,claim,claim_comparison:claim_cmp_794,claim_comparison,
compared_with,matched provenance identifier,claim:claim_rec_src_search_ce6ce02a80f2_011_cases_unspecified,claim,claim_comparison:claim_cmp_795,claim_comparison,
compared_with,matched provenance identifier,claim:claim_rec_src_search_e1219da5b350_003_cases_unspecified,claim,claim_comparison:claim_cmp_795,claim_comparison,
compared_with,matched provenance identifier,claim:claim_rec_src_search_ce6ce02a80f2_011_cases_unspecified,claim,claim_comparison:claim_cmp_796,claim_comparison,
compared_with,matched provenance identifier,claim:claim_rec_src_search_752899844c7d_001_cases_unspecified,claim,claim_comparison:claim_cmp_796,claim_comparison,
compared_with,matched provenance identifier,claim:claim_rec_src_search_ce6ce02a80f2_011_cases_unspecified,claim,claim_comparison:claim_cmp_797,claim_comparison,
compared_with,matched provenance identifier,claim:claim_rec_src_search_752899844c7d_002_cases_unspecified,claim,claim_comparison:claim_cmp_797,claim_comparison,
compared_with,matched provenance identifier,claim:claim_rec_src_search_ce6ce02a80f2_011_cases_unspecified,claim,claim_comparison:claim_cmp_798,claim_comparison,
compared_with,matched provenance identifier,claim:claim_rec_src_search_752899844c7d_003_cases_unspecified,claim,claim_comparison:claim_cmp_798,claim_comparison,
compared_with,matched provenance identifier,claim:claim_rec_src_search_19aff7ba1bc3_001_cases_unspecified,claim,claim_comparison:claim_cmp_799,claim_comparison,
compared_with,matched provenance identifier,claim:claim_rec_src_search_19aff7ba1bc3_002_cases_unspecified,claim,claim_comparison:claim_cmp_799,claim_comparison,
compared_with,matched provenance identifier,claim:claim_rec_src_search_19aff7ba1bc3_001_cases_unspecified,claim,claim_comparison:claim_cmp_800,claim_comparison,
compared_with,matched provenance identifier,claim:claim_rec_src_search_19aff7ba1bc3_003_cases_unspecified,claim,claim_comparison:claim_cmp_800,claim_comparison,
compared_with,matched provenance identifier,claim:claim_rec_src_search_19aff7ba1bc3_001_cases_unspecified,claim,claim_comparison:claim_cmp_801,claim_comparison,
compared_with,matched provenance identifier,claim:claim_rec_src_search_19aff7ba1bc3_004_cases_unspecified,claim,claim_comparison:claim_cmp_801,claim_comparison,
compared_with,matched provenance identifier,claim:claim_rec_src_search_19aff7ba1bc3_001_cases_unspecified,claim,claim_comparison:claim_cmp_802,claim_comparison,
compared_with,matched provenance identifier,claim:claim_rec_src_search_84acc76573c8_001_cases_unspecified,claim,claim_comparison:claim_cmp_802,claim_comparison,
compared_with,matched provenance identifier,claim:claim_rec_src_search_19aff7ba1bc3_001_cases_unspecified,claim,claim_comparison:claim_cmp_803,claim_comparison,
compared_with,matched provenance identifier,claim:claim_rec_src_search_84acc76573c8_002_cases_unspecified,claim,claim_comparison:claim_cmp_803,claim_comparison,
compared_with,matched provenance identifier,claim:claim_rec_src_search_19aff7ba1bc3_001_cases_unspecified,claim,claim_comparison:claim_cmp_804,claim_comparison,
compared_with,matched provenance identifier,claim:claim_rec_src_search_84acc76573c8_003_cases_unspecified,claim,claim_comparison:claim_cmp_804,claim_comparison,
compared_with,matched provenance identifier,claim:claim_rec_src_search_19aff7ba1bc3_001_cases_unspecified,claim,claim_comparison:claim_cmp_805,claim_comparison,
compared_with,matched provenance identifier,claim:claim_rec_src_search_1298a67f3fad_001_cases_unspecified,claim,claim_comparison:claim_cmp_805,claim_comparison,
compared_with,matched provenance identifier,claim:claim_rec_src_search_19aff7ba1bc3_001_cases_unspecified,claim,claim_comparison:claim_cmp_806,claim_comparison,
compared_with,matched provenance identifier,claim:claim_rec_src_search_1298a67f3fad_002_cases_unspecified,claim,claim_comparison:claim_cmp_806,claim_comparison,
compared_with,matched provenance identifier,claim:claim_rec_src_search_19aff7ba1bc3_001_cases_unspecified,claim,claim_comparison:claim_cmp_807,claim_comparison,
compared_with,matched provenance identifier,claim:claim_rec_src_search_e1219da5b350_001_cases_unspecified,claim,claim_comparison:claim_cmp_807,claim_comparison,
compared_with,matched provenance identifier,claim:claim_rec_src_search_19aff7ba1bc3_001_cases_unspecified,claim,claim_comparison:claim_cmp_808,claim_comparison,
compared_with,matched provenance identifier,claim:claim_rec_src_search_e1219da5b350_002_cases_unspecified,claim,claim_comparison:claim_cmp_808,claim_comparison,
compared_with,matched provenance identifier,claim:claim_rec_src_search_19aff7ba1bc3_001_cases_unspecified,claim,claim_comparison:claim_cmp_809,claim_comparison,
compared_with,matched provenance identifier,claim:claim_rec_src_search_e1219da5b350_003_cases_unspecified,claim,claim_comparison:claim_cmp_809,claim_comparison,
compared_with,matched provenance identifier,claim:claim_rec_src_search_19aff7ba1bc3_001_cases_unspecified,claim,claim_comparison:claim_cmp_810,claim_comparison,
compared_with,matched provenance identifier,claim:claim_rec_src_search_752899844c7d_001_cases_unspecified,claim,claim_comparison:claim_cmp_810,claim_comparison,
compared_with,matched provenance identifier,claim:claim_rec_src_search_19aff7ba1bc3_001_cases_unspecified,claim,claim_comparison:claim_cmp_811,claim_comparison,
compared_with,matched provenance identifier,claim:claim_rec_src_search_752899844c7d_002_cases_unspecified,claim,claim_comparison:claim_cmp_811,claim_comparison,
compared_with,matched provenance identifier,claim:claim_rec_src_search_19aff7ba1bc3_001_cases_unspecified,claim,claim_comparison:claim_cmp_812,claim_comparison,
compared_with,matched provenance identifier,claim:claim_rec_src_search_752899844c7d_003_cases_unspecified,claim,claim_comparison:claim_cmp_812,claim_comparison,
compared_with,matched provenance identifier,claim:claim_rec_src_search_19aff7ba1bc3_002_cases_unspecified,claim,claim_comparison:claim_cmp_813,claim_comparison,
compared_with,matched provenance identifier,claim:claim_rec_src_search_19aff7ba1bc3_003_cases_unspecified,claim,claim_comparison:claim_cmp_813,claim_comparison,
compared_with,matched provenance identifier,claim:claim_rec_src_search_19aff7ba1bc3_002_cases_unspecified,claim,claim_comparison:claim_cmp_814,claim_comparison,
compared_with,matched provenance identifier,claim:claim_rec_src_search_19aff7ba1bc3_004_cases_unspecified,claim,claim_comparison:claim_cmp_814,claim_comparison,
compared_with,matched provenance identifier,claim:claim_rec_src_search_19aff7ba1bc3_002_cases_unspecified,claim,claim_comparison:claim_cmp_815,claim_comparison,
compared_with,matched provenance identifier,claim:claim_rec_src_search_84acc76573c8_001_cases_unspecified,claim,claim_comparison:claim_cmp_815,claim_comparison,
compared_with,matched provenance identifier,claim:claim_rec_src_search_19aff7ba1bc3_002_cases_unspecified,claim,claim_comparison:claim_cmp_816,claim_comparison,
compared_with,matched provenance identifier,claim:claim_rec_src_search_84acc76573c8_002_cases_unspecified,claim,claim_comparison:claim_cmp_816,claim_comparison,
compared_with,matched provenance identifier,claim:claim_rec_src_search_19aff7ba1bc3_002_cases_unspecified,claim,claim_comparison:claim_cmp_817,claim_comparison,
compared_with,matched provenance identifier,claim:claim_rec_src_search_84acc76573c8_003_cases_unspecified,claim,claim_comparison:claim_cmp_817,claim_comparison,
compared_with,matched provenance identifier,claim:claim_rec_src_search_19aff7ba1bc3_002_cases_unspecified,claim,claim_comparison:claim_cmp_818,claim_comparison,
compared_with,matched provenance identifier,claim:claim_rec_src_search_1298a67f3fad_001_cases_unspecified,claim,claim_comparison:claim_cmp_818,claim_comparison,
compared_with,matched provenance identifier,claim:claim_rec_src_search_19aff7ba1bc3_002_cases_unspecified,claim,claim_comparison:claim_cmp_819,claim_comparison,
compared_with,matched provenance identifier,claim:claim_rec_src_search_1298a67f3fad_002_cases_unspecified,claim,claim_comparison:claim_cmp_819,claim_comparison,
compared_with,matched provenance identifier,claim:claim_rec_src_search_19aff7ba1bc3_002_cases_unspecified,claim,claim_comparison:claim_cmp_820,claim_comparison,
compared_with,matched provenance identifier,claim:claim_rec_src_search_e1219da5b350_001_cases_unspecified,claim,claim_comparison:claim_cmp_820,claim_comparison,
compared_with,matched provenance identifier,claim:claim_rec_src_search_19aff7ba1bc3_002_cases_unspecified,claim,claim_comparison:claim_cmp_821,claim_comparison,
compared_with,matched provenance identifier,claim:claim_rec_src_search_e1219da5b350_002_cases_unspecified,claim,claim_comparison:claim_cmp_821,claim_comparison,
compared_with,matched provenance identifier,claim:claim_rec_src_search_19aff7ba1bc3_002_cases_unspecified,claim,claim_comparison:claim_cmp_822,claim_comparison,
compared_with,matched provenance identifier,claim:claim_rec_src_search_e1219da5b350_003_cases_unspecified,claim,claim_comparison:claim_cmp_822,claim_comparison,
compared_with,matched provenance identifier,claim:claim_rec_src_search_19aff7ba1bc3_002_cases_unspecified,claim,claim_comparison:claim_cmp_823,claim_comparison,
compared_with,matched provenance identifier,claim:claim_rec_src_search_752899844c7d_001_cases_unspecified,claim,claim_comparison:claim_cmp_823,claim_comparison,
compared_with,matched provenance identifier,claim:claim_rec_src_search_19aff7ba1bc3_002_cases_unspecified,claim,claim_comparison:claim_cmp_824,claim_comparison,
compared_with,matched provenance identifier,claim:claim_rec_src_search_752899844c7d_002_cases_unspecified,claim,claim_comparison:claim_cmp_824,claim_comparison,
compared_with,matched provenance identifier,claim:claim_rec_src_search_19aff7ba1bc3_002_cases_unspecified,claim,claim_comparison:claim_cmp_825,claim_comparison,
compared_with,matched provenance identifier,claim:claim_rec_src_search_752899844c7d_003_cases_unspecified,claim,claim_comparison:claim_cmp_825,claim_comparison,
compared_with,matched provenance identifier,claim:claim_rec_src_search_19aff7ba1bc3_003_cases_unspecified,claim,claim_comparison:claim_cmp_826,claim_comparison,
compared_with,matched provenance identifier,claim:claim_rec_src_search_19aff7ba1bc3_004_cases_unspecified,claim,claim_comparison:claim_cmp_826,claim_comparison,
compared_with,matched provenance identifier,claim:claim_rec_src_search_19aff7ba1bc3_003_cases_unspecified,claim,claim_comparison:claim_cmp_827,claim_comparison,
compared_with,matched provenance identifier,claim:claim_rec_src_search_84acc76573c8_001_cases_unspecified,claim,claim_comparison:claim_cmp_827,claim_comparison,
compared_with,matched provenance identifier,claim:claim_rec_src_search_19aff7ba1bc3_003_cases_unspecified,claim,claim_comparison:claim_cmp_828,claim_comparison,
compared_with,matched provenance identifier,claim:claim_rec_src_search_84acc76573c8_002_cases_unspecified,claim,claim_comparison:claim_cmp_828,claim_comparison,
compared_with,matched provenance identifier,claim:claim_rec_src_search_19aff7ba1bc3_003_cases_unspecified,claim,claim_comparison:claim_cmp_829,claim_comparison,
compared_with,matched provenance identifier,claim:claim_rec_src_search_84acc76573c8_003_cases_unspecified,claim,claim_comparison:claim_cmp_829,claim_comparison,
compared_with,matched provenance identifier,claim:claim_rec_src_search_19aff7ba1bc3_003_cases_unspecified,claim,claim_comparison:claim_cmp_830,claim_comparison,
compared_with,matched provenance identifier,claim:claim_rec_src_search_1298a67f3fad_001_cases_unspecified,claim,claim_comparison:claim_cmp_830,claim_comparison,
compared_with,matched provenance identifier,claim:claim_rec_src_search_19aff7ba1bc3_003_cases_unspecified,claim,claim_comparison:claim_cmp_831,claim_comparison,
compared_with,matched provenance identifier,claim:claim_rec_src_search_1298a67f3fad_002_cases_unspecified,claim,claim_comparison:claim_cmp_831,claim_comparison,
compared_with,matched provenance identifier,claim:claim_rec_src_search_19aff7ba1bc3_003_cases_unspecified,claim,claim_comparison:claim_cmp_832,claim_comparison,
compared_with,matched provenance identifier,claim:claim_rec_src_search_e1219da5b350_001_cases_unspecified,claim,claim_comparison:claim_cmp_832,claim_comparison,
compared_with,matched provenance identifier,claim:claim_rec_src_search_19aff7ba1bc3_003_cases_unspecified,claim,claim_comparison:claim_cmp_833,claim_comparison,
compared_with,matched provenance identifier,claim:claim_rec_src_search_e1219da5b350_002_cases_unspecified,claim,claim_comparison:claim_cmp_833,claim_comparison,
compared_with,matched provenance identifier,claim:claim_rec_src_search_19aff7ba1bc3_003_cases_unspecified,claim,claim_comparison:claim_cmp_834,claim_comparison,
compared_with,matched provenance identifier,claim:claim_rec_src_search_e1219da5b350_003_cases_unspecified,claim,claim_comparison:claim_cmp_834,claim_comparison,
compared_with,matched provenance identifier,claim:claim_rec_src_search_19aff7ba1bc3_003_cases_unspecified,claim,claim_comparison:claim_cmp_835,claim_comparison,
compared_with,matched provenance identifier,claim:claim_rec_src_search_752899844c7d_001_cases_unspecified,claim,claim_comparison:claim_cmp_835,claim_comparison,
compared_with,matched provenance identifier,claim:claim_rec_src_search_19aff7ba1bc3_003_cases_unspecified,claim,claim_comparison:claim_cmp_836,claim_comparison,
compared_with,matched provenance identifier,claim:claim_rec_src_search_752899844c7d_002_cases_unspecified,claim,claim_comparison:claim_cmp_836,claim_comparison,
compared_with,matched provenance identifier,claim:claim_rec_src_search_19aff7ba1bc3_003_cases_unspecified,claim,claim_comparison:claim_cmp_837,claim_comparison,
compared_with,matched provenance identifier,claim:claim_rec_src_search_752899844c7d_003_cases_unspecified,claim,claim_comparison:claim_cmp_837,claim_comparison,
compared_with,matched provenance identifier,claim:claim_rec_src_search_19aff7ba1bc3_004_cases_unspecified,claim,claim_comparison:claim_cmp_838,claim_comparison,
compared_with,matched provenance identifier,claim:claim_rec_src_search_84acc76573c8_001_cases_unspecified,claim,claim_comparison:claim_cmp_838,claim_comparison,
compared_with,matched provenance identifier,claim:claim_rec_src_search_19aff7ba1bc3_004_cases_unspecified,claim,claim_comparison:claim_cmp_839,claim_comparison,
compared_with,matched provenance identifier,claim:claim_rec_src_search_84acc76573c8_002_cases_unspecified,claim,claim_comparison:claim_cmp_839,claim_comparison,
compared_with,matched provenance identifier,claim:claim_rec_src_search_19aff7ba1bc3_004_cases_unspecified,claim,claim_comparison:claim_cmp_840,claim_comparison,
compared_with,matched provenance identifier,claim:claim_rec_src_search_84acc76573c8_003_cases_unspecified,claim,claim_comparison:claim_cmp_840,claim_comparison,
compared_with,matched provenance identifier,claim:claim_rec_src_search_19aff7ba1bc3_004_cases_unspecified,claim,claim_comparison:claim_cmp_841,claim_comparison,
compared_with,matched provenance identifier,claim:claim_rec_src_search_1298a67f3fad_001_cases_unspecified,claim,claim_comparison:claim_cmp_841,claim_comparison,
compared_with,matched provenance identifier,claim:claim_rec_src_search_19aff7ba1bc3_004_cases_unspecified,claim,claim_comparison:claim_cmp_842,claim_comparison,
compared_with,matched provenance identifier,claim:claim_rec_src_search_1298a67f3fad_002_cases_unspecified,claim,claim_comparison:claim_cmp_842,claim_comparison,
compared_with,matched provenance identifier,claim:claim_rec_src_search_19aff7ba1bc3_004_cases_unspecified,claim,claim_comparison:claim_cmp_843,claim_comparison,
compared_with,matched provenance identifier,claim:claim_rec_src_search_e1219da5b350_001_cases_unspecified,claim,claim_comparison:claim_cmp_843,claim_comparison,
compared_with,matched provenance identifier,claim:claim_rec_src_search_19aff7ba1bc3_004_cases_unspecified,claim,claim_comparison:claim_cmp_844,claim_comparison,
compared_with,matched provenance identifier,claim:claim_rec_src_search_e1219da5b350_002_cases_unspecified,claim,claim_comparison:claim_cmp_844,claim_comparison,
compared_with,matched provenance identifier,claim:claim_rec_src_search_19aff7ba1bc3_004_cases_unspecified,claim,claim_comparison:claim_cmp_845,claim_comparison,
compared_with,matched provenance identifier,claim:claim_rec_src_search_e1219da5b350_003_cases_unspecified,claim,claim_comparison:claim_cmp_845,claim_comparison,
compared_with,matched provenance identifier,claim:claim_rec_src_search_19aff7ba1bc3_004_cases_unspecified,claim,claim_comparison:claim_cmp_846,claim_comparison,
compared_with,matched provenance identifier,claim:claim_rec_src_search_752899844c7d_001_cases_unspecified,claim,claim_comparison:claim_cmp_846,claim_comparison,
compared_with,matched provenance identifier,claim:claim_rec_src_search_19aff7ba1bc3_004_cases_unspecified,claim,claim_comparison:claim_cmp_847,claim_comparison,
compared_with,matched provenance identifier,claim:claim_rec_src_search_752899844c7d_002_cases_unspecified,claim,claim_comparison:claim_cmp_847,claim_comparison,
compared_with,matched provenance identifier,claim:claim_rec_src_search_19aff7ba1bc3_004_cases_unspecified,claim,claim_comparison:claim_cmp_848,claim_comparison,
compared_with,matched provenance identifier,claim:claim_rec_src_search_752899844c7d_003_cases_unspecified,claim,claim_comparison:claim_cmp_848,claim_comparison,
compared_with,matched provenance identifier,claim:claim_rec_src_search_84acc76573c8_001_cases_unspecified,claim,claim_comparison:claim_cmp_849,claim_comparison,
compared_with,matched provenance identifier,claim:claim_rec_src_search_84acc76573c8_002_cases_unspecified,claim,claim_comparison:claim_cmp_849,claim_comparison,
compared_with,matched provenance identifier,claim:claim_rec_src_search_84acc76573c8_001_cases_unspecified,claim,claim_comparison:claim_cmp_850,claim_comparison,
compared_with,matched provenance identifier,claim:claim_rec_src_search_84acc76573c8_003_cases_unspecified,claim,claim_comparison:claim_cmp_850,claim_comparison,
compared_with,matched provenance identifier,claim:claim_rec_src_search_84acc76573c8_001_cases_unspecified,claim,claim_comparison:claim_cmp_851,claim_comparison,
compared_with,matched provenance identifier,claim:claim_rec_src_search_1298a67f3fad_001_cases_unspecified,claim,claim_comparison:claim_cmp_851,claim_comparison,
compared_with,matched provenance identifier,claim:claim_rec_src_search_84acc76573c8_001_cases_unspecified,claim,claim_comparison:claim_cmp_852,claim_comparison,
compared_with,matched provenance identifier,claim:claim_rec_src_search_1298a67f3fad_002_cases_unspecified,claim,claim_comparison:claim_cmp_852,claim_comparison,
compared_with,matched provenance identifier,claim:claim_rec_src_search_84acc76573c8_001_cases_unspecified,claim,claim_comparison:claim_cmp_853,claim_comparison,
compared_with,matched provenance identifier,claim:claim_rec_src_search_e1219da5b350_001_cases_unspecified,claim,claim_comparison:claim_cmp_853,claim_comparison,
compared_with,matched provenance identifier,claim:claim_rec_src_search_84acc76573c8_001_cases_unspecified,claim,claim_comparison:claim_cmp_854,claim_comparison,
compared_with,matched provenance identifier,claim:claim_rec_src_search_e1219da5b350_002_cases_unspecified,claim,claim_comparison:claim_cmp_854,claim_comparison,
compared_with,matched provenance identifier,claim:claim_rec_src_search_84acc76573c8_001_cases_unspecified,claim,claim_comparison:claim_cmp_855,claim_comparison,
compared_with,matched provenance identifier,claim:claim_rec_src_search_e1219da5b350_003_cases_unspecified,claim,claim_comparison:claim_cmp_855,claim_comparison,
compared_with,matched provenance identifier,claim:claim_rec_src_search_84acc76573c8_001_cases_unspecified,claim,claim_comparison:claim_cmp_856,claim_comparison,
compared_with,matched provenance identifier,claim:claim_rec_src_search_752899844c7d_001_cases_unspecified,claim,claim_comparison:claim_cmp_856,claim_comparison,
compared_with,matched provenance identifier,claim:claim_rec_src_search_84acc76573c8_001_cases_unspecified,claim,claim_comparison:claim_cmp_857,claim_comparison,
compared_with,matched provenance identifier,claim:claim_rec_src_search_752899844c7d_002_cases_unspecified,claim,claim_comparison:claim_cmp_857,claim_comparison,
compared_with,matched provenance identifier,claim:claim_rec_src_search_84acc76573c8_001_cases_unspecified,claim,claim_comparison:claim_cmp_858,claim_comparison,
compared_with,matched provenance identifier,claim:claim_rec_src_search_752899844c7d_003_cases_unspecified,claim,claim_comparison:claim_cmp_858,claim_comparison,
compared_with,matched provenance identifier,claim:claim_rec_src_search_84acc76573c8_002_cases_unspecified,claim,claim_comparison:claim_cmp_859,claim_comparison,
compared_with,matched provenance identifier,claim:claim_rec_src_search_84acc76573c8_003_cases_unspecified,claim,claim_comparison:claim_cmp_859,claim_comparison,
compared_with,matched provenance identifier,claim:claim_rec_src_search_84acc76573c8_002_cases_unspecified,claim,claim_comparison:claim_cmp_860,claim_comparison,
compared_with,matched provenance identifier,claim:claim_rec_src_search_1298a67f3fad_001_cases_unspecified,claim,claim_comparison:claim_cmp_860,claim_comparison,
compared_with,matched provenance identifier,claim:claim_rec_src_search_84acc76573c8_002_cases_unspecified,claim,claim_comparison:claim_cmp_861,claim_comparison,
compared_with,matched provenance identifier,claim:claim_rec_src_search_1298a67f3fad_002_cases_unspecified,claim,claim_comparison:claim_cmp_861,claim_comparison,
compared_with,matched provenance identifier,claim:claim_rec_src_search_84acc76573c8_002_cases_unspecified,claim,claim_comparison:claim_cmp_862,claim_comparison,
compared_with,matched provenance identifier,claim:claim_rec_src_search_e1219da5b350_001_cases_unspecified,claim,claim_comparison:claim_cmp_862,claim_comparison,
compared_with,matched provenance identifier,claim:claim_rec_src_search_84acc76573c8_002_cases_unspecified,claim,claim_comparison:claim_cmp_863,claim_comparison,
compared_with,matched provenance identifier,claim:claim_rec_src_search_e1219da5b350_002_cases_unspecified,claim,claim_comparison:claim_cmp_863,claim_comparison,
compared_with,matched provenance identifier,claim:claim_rec_src_search_84acc76573c8_002_cases_unspecified,claim,claim_comparison:claim_cmp_864,claim_comparison,
compared_with,matched provenance identifier,claim:claim_rec_src_search_e1219da5b350_003_cases_unspecified,claim,claim_comparison:claim_cmp_864,claim_comparison,
compared_with,matched provenance identifier,claim:claim_rec_src_search_84acc76573c8_002_cases_unspecified,claim,claim_comparison:claim_cmp_865,claim_comparison,
compared_with,matched provenance identifier,claim:claim_rec_src_search_752899844c7d_001_cases_unspecified,claim,claim_comparison:claim_cmp_865,claim_comparison,
compared_with,matched provenance identifier,claim:claim_rec_src_search_84acc76573c8_002_cases_unspecified,claim,claim_comparison:claim_cmp_866,claim_comparison,
compared_with,matched provenance identifier,claim:claim_rec_src_search_752899844c7d_002_cases_unspecified,claim,claim_comparison:claim_cmp_866,claim_comparison,
compared_with,matched provenance identifier,claim:claim_rec_src_search_84acc76573c8_002_cases_unspecified,claim,claim_comparison:claim_cmp_867,claim_comparison,
compared_with,matched provenance identifier,claim:claim_rec_src_search_752899844c7d_003_cases_unspecified,claim,claim_comparison:claim_cmp_867,claim_comparison,
compared_with,matched provenance identifier,claim:claim_rec_src_search_84acc76573c8_003_cases_unspecified,claim,claim_comparison:claim_cmp_868,claim_comparison,
compared_with,matched provenance identifier,claim:claim_rec_src_search_1298a67f3fad_001_cases_unspecified,claim,claim_comparison:claim_cmp_868,claim_comparison,
compared_with,matched provenance identifier,claim:claim_rec_src_search_84acc76573c8_003_cases_unspecified,claim,claim_comparison:claim_cmp_869,claim_comparison,
compared_with,matched provenance identifier,claim:claim_rec_src_search_1298a67f3fad_002_cases_unspecified,claim,claim_comparison:claim_cmp_869,claim_comparison,
compared_with,matched provenance identifier,claim:claim_rec_src_search_84acc76573c8_003_cases_unspecified,claim,claim_comparison:claim_cmp_870,claim_comparison,
compared_with,matched provenance identifier,claim:claim_rec_src_search_e1219da5b350_001_cases_unspecified,claim,claim_comparison:claim_cmp_870,claim_comparison,
compared_with,matched provenance identifier,claim:claim_rec_src_search_84acc76573c8_003_cases_unspecified,claim,claim_comparison:claim_cmp_871,claim_comparison,
compared_with,matched provenance identifier,claim:claim_rec_src_search_e1219da5b350_002_cases_unspecified,claim,claim_comparison:claim_cmp_871,claim_comparison,
compared_with,matched provenance identifier,claim:claim_rec_src_search_84acc76573c8_003_cases_unspecified,claim,claim_comparison:claim_cmp_872,claim_comparison,
compared_with,matched provenance identifier,claim:claim_rec_src_search_e1219da5b350_003_cases_unspecified,claim,claim_comparison:claim_cmp_872,claim_comparison,
compared_with,matched provenance identifier,claim:claim_rec_src_search_84acc76573c8_003_cases_unspecified,claim,claim_comparison:claim_cmp_873,claim_comparison,
compared_with,matched provenance identifier,claim:claim_rec_src_search_752899844c7d_001_cases_unspecified,claim,claim_comparison:claim_cmp_873,claim_comparison,
compared_with,matched provenance identifier,claim:claim_rec_src_search_84acc76573c8_003_cases_unspecified,claim,claim_comparison:claim_cmp_874,claim_comparison,
compared_with,matched provenance identifier,claim:claim_rec_src_search_752899844c7d_002_cases_unspecified,claim,claim_comparison:claim_cmp_874,claim_comparison,
compared_with,matched provenance identifier,claim:claim_rec_src_search_84acc76573c8_003_cases_unspecified,claim,claim_comparison:claim_cmp_875,claim_comparison,
compared_with,matched provenance identifier,claim:claim_rec_src_search_752899844c7d_003_cases_unspecified,claim,claim_comparison:claim_cmp_875,claim_comparison,
compared_with,matched provenance identifier,claim:claim_rec_src_search_1298a67f3fad_001_cases_unspecified,claim,claim_comparison:claim_cmp_876,claim_comparison,
compared_with,matched provenance identifier,claim:claim_rec_src_search_1298a67f3fad_002_cases_unspecified,claim,claim_comparison:claim_cmp_876,claim_comparison,
compared_with,matched provenance identifier,claim:claim_rec_src_search_1298a67f3fad_001_cases_unspecified,claim,claim_comparison:claim_cmp_877,claim_comparison,
compared_with,matched provenance identifier,claim:claim_rec_src_search_e1219da5b350_001_cases_unspecified,claim,claim_comparison:claim_cmp_877,claim_comparison,
compared_with,matched provenance identifier,claim:claim_rec_src_search_1298a67f3fad_001_cases_unspecified,claim,claim_comparison:claim_cmp_878,claim_comparison,
compared_with,matched provenance identifier,claim:claim_rec_src_search_e1219da5b350_002_cases_unspecified,claim,claim_comparison:claim_cmp_878,claim_comparison,
compared_with,matched provenance identifier,claim:claim_rec_src_search_1298a67f3fad_001_cases_unspecified,claim,claim_comparison:claim_cmp_879,claim_comparison,
compared_with,matched provenance identifier,claim:claim_rec_src_search_e1219da5b350_003_cases_unspecified,claim,claim_comparison:claim_cmp_879,claim_comparison,
compared_with,matched provenance identifier,claim:claim_rec_src_search_1298a67f3fad_001_cases_unspecified,claim,claim_comparison:claim_cmp_880,claim_comparison,
compared_with,matched provenance identifier,claim:claim_rec_src_search_752899844c7d_001_cases_unspecified,claim,claim_comparison:claim_cmp_880,claim_comparison,
compared_with,matched provenance identifier,claim:claim_rec_src_search_1298a67f3fad_001_cases_unspecified,claim,claim_comparison:claim_cmp_881,claim_comparison,
compared_with,matched provenance identifier,claim:claim_rec_src_search_752899844c7d_002_cases_unspecified,claim,claim_comparison:claim_cmp_881,claim_comparison,
compared_with,matched provenance identifier,claim:claim_rec_src_search_1298a67f3fad_001_cases_unspecified,claim,claim_comparison:claim_cmp_882,claim_comparison,
compared_with,matched provenance identifier,claim:claim_rec_src_search_752899844c7d_003_cases_unspecified,claim,claim_comparison:claim_cmp_882,claim_comparison,
compared_with,matched provenance identifier,claim:claim_rec_src_search_1298a67f3fad_002_cases_unspecified,claim,claim_comparison:claim_cmp_883,claim_comparison,
compared_with,matched provenance identifier,claim:claim_rec_src_search_e1219da5b350_001_cases_unspecified,claim,claim_comparison:claim_cmp_883,claim_comparison,
compared_with,matched provenance identifier,claim:claim_rec_src_search_1298a67f3fad_002_cases_unspecified,claim,claim_comparison:claim_cmp_884,claim_comparison,
compared_with,matched provenance identifier,claim:claim_rec_src_search_e1219da5b350_002_cases_unspecified,claim,claim_comparison:claim_cmp_884,claim_comparison,
compared_with,matched provenance identifier,claim:claim_rec_src_search_1298a67f3fad_002_cases_unspecified,claim,claim_comparison:claim_cmp_885,claim_comparison,
compared_with,matched provenance identifier,claim:claim_rec_src_search_e1219da5b350_003_cases_unspecified,claim,claim_comparison:claim_cmp_885,claim_comparison,
compared_with,matched provenance identifier,claim:claim_rec_src_search_1298a67f3fad_002_cases_unspecified,claim,claim_comparison:claim_cmp_886,claim_comparison,
compared_with,matched provenance identifier,claim:claim_rec_src_search_752899844c7d_001_cases_unspecified,claim,claim_comparison:claim_cmp_886,claim_comparison,
compared_with,matched provenance identifier,claim:claim_rec_src_search_1298a67f3fad_002_cases_unspecified,claim,claim_comparison:claim_cmp_887,claim_comparison,
compared_with,matched provenance identifier,claim:claim_rec_src_search_752899844c7d_002_cases_unspecified,claim,claim_comparison:claim_cmp_887,claim_comparison,
compared_with,matched provenance identifier,claim:claim_rec_src_search_1298a67f3fad_002_cases_unspecified,claim,claim_comparison:claim_cmp_888,claim_comparison,
compared_with,matched provenance identifier,claim:claim_rec_src_search_752899844c7d_003_cases_unspecified,claim,claim_comparison:claim_cmp_888,claim_comparison,
compared_with,matched provenance identifier,claim:claim_rec_src_search_e1219da5b350_001_cases_unspecified,claim,claim_comparison:claim_cmp_889,claim_comparison,
compared_with,matched provenance identifier,claim:claim_rec_src_search_e1219da5b350_002_cases_unspecified,claim,claim_comparison:claim_cmp_889,claim_comparison,
compared_with,matched provenance identifier,claim:claim_rec_src_search_e1219da5b350_001_cases_unspecified,claim,claim_comparison:claim_cmp_890,claim_comparison,
compared_with,matched provenance identifier,claim:claim_rec_src_search_e1219da5b350_003_cases_unspecified,claim,claim_comparison:claim_cmp_890,claim_comparison,
compared_with,matched provenance identifier,claim:claim_rec_src_search_e1219da5b350_001_cases_unspecified,claim,claim_comparison:claim_cmp_891,claim_comparison,
compared_with,matched provenance identifier,claim:claim_rec_src_search_752899844c7d_001_cases_unspecified,claim,claim_comparison:claim_cmp_891,claim_comparison,
compared_with,matched provenance identifier,claim:claim_rec_src_search_e1219da5b350_001_cases_unspecified,claim,claim_comparison:claim_cmp_892,claim_comparison,
compared_with,matched provenance identifier,claim:claim_rec_src_search_752899844c7d_002_cases_unspecified,claim,claim_comparison:claim_cmp_892,claim_comparison,
compared_with,matched provenance identifier,claim:claim_rec_src_search_e1219da5b350_001_cases_unspecified,claim,claim_comparison:claim_cmp_893,claim_comparison,
compared_with,matched provenance identifier,claim:claim_rec_src_search_752899844c7d_003_cases_unspecified,claim,claim_comparison:claim_cmp_893,claim_comparison,
compared_with,matched provenance identifier,claim:claim_rec_src_search_e1219da5b350_002_cases_unspecified,claim,claim_comparison:claim_cmp_894,claim_comparison,
compared_with,matched provenance identifier,claim:claim_rec_src_search_e1219da5b350_003_cases_unspecified,claim,claim_comparison:claim_cmp_894,claim_comparison,
compared_with,matched provenance identifier,claim:claim_rec_src_search_e1219da5b350_002_cases_unspecified,claim,claim_comparison:claim_cmp_895,claim_comparison,
compared_with,matched provenance identifier,claim:claim_rec_src_search_752899844c7d_001_cases_unspecified,claim,claim_comparison:claim_cmp_895,claim_comparison,
compared_with,matched provenance identifier,claim:claim_rec_src_search_e1219da5b350_002_cases_unspecified,claim,claim_comparison:claim_cmp_896,claim_comparison,
compared_with,matched provenance identifier,claim:claim_rec_src_search_752899844c7d_002_cases_unspecified,claim,claim_comparison:claim_cmp_896,claim_comparison,
compared_with,matched provenance identifier,claim:claim_rec_src_search_e1219da5b350_002_cases_unspecified,claim,claim_comparison:claim_cmp_897,claim_comparison,
compared_with,matched provenance identifier,claim:claim_rec_src_search_752899844c7d_003_cases_unspecified,claim,claim_comparison:claim_cmp_897,claim_comparison,
compared_with,matched provenance identifier,claim:claim_rec_src_search_e1219da5b350_003_cases_unspecified,claim,claim_comparison:claim_cmp_898,claim_comparison,
compared_with,matched provenance identifier,claim:claim_rec_src_search_752899844c7d_001_cases_unspecified,claim,claim_comparison:claim_cmp_898,claim_comparison,
compared_with,matched provenance identifier,claim:claim_rec_src_search_e1219da5b350_003_cases_unspecified,claim,claim_comparison:claim_cmp_899,claim_comparison,
compared_with,matched provenance identifier,claim:claim_rec_src_search_752899844c7d_002_cases_unspecified,claim,claim_comparison:claim_cmp_899,claim_comparison,
compared_with,matched provenance identifier,claim:claim_rec_src_search_e1219da5b350_003_cases_unspecified,claim,claim_comparison:claim_cmp_900,claim_comparison,
compared_with,matched provenance identifier,claim:claim_rec_src_search_752899844c7d_003_cases_unspecified,claim,claim_comparison:claim_cmp_900,claim_comparison,
compared_with,matched provenance identifier,claim:claim_rec_src_search_752899844c7d_001_cases_unspecified,claim,claim_comparison:claim_cmp_901,claim_comparison,
compared_with,matched provenance identifier,claim:claim_rec_src_search_752899844c7d_002_cases_unspecified,claim,claim_comparison:claim_cmp_901,claim_comparison,
compared_with,matched provenance identifier,claim:claim_rec_src_search_752899844c7d_001_cases_unspecified,claim,claim_comparison:claim_cmp_902,claim_comparison,
compared_with,matched provenance identifier,claim:claim_rec_src_search_752899844c7d_003_cases_unspecified,claim,claim_comparison:claim_cmp_902,claim_comparison,
compared_with,matched provenance identifier,claim:claim_rec_src_search_752899844c7d_002_cases_unspecified,claim,claim_comparison:claim_cmp_903,claim_comparison,
compared_with,matched provenance identifier,claim:claim_rec_src_search_752899844c7d_003_cases_unspecified,claim,claim_comparison:claim_cmp_903,claim_comparison,
grouped_into_event,matched provenance identifier,claim:claim_rec_src_search_31cd9572c4dd_010_observation,claim,corroborated_event:event_001,corroborated_event,
grouped_into_event,matched provenance identifier,claim:claim_rec_src_search_31cd9572c4dd_012_observation,claim,corroborated_event:event_001,corroborated_event,
grouped_into_event,matched provenance identifier,claim:claim_rec_src_search_31cd9572c4dd_013_observation,claim,corroborated_event:event_001,corroborated_event,
grouped_into_event,matched provenance identifier,claim:claim_rec_src_search_31cd9572c4dd_014_observation,claim,corroborated_event:event_001,corroborated_event,
grouped_into_event,matched provenance identifier,claim:claim_rec_src_search_31cd9572c4dd_002_observation,claim,corroborated_event:event_001,corroborated_event,
grouped_into_event,matched provenance identifier,claim:claim_rec_src_search_31cd9572c4dd_015_observation,claim,corroborated_event:event_001,corroborated_event,
grouped_into_event,matched provenance identifier,claim:claim_rec_src_search_31cd9572c4dd_016_observation,claim,corroborated_event:event_001,corroborated_event,
grouped_into_event,matched provenance identifier,claim:claim_rec_src_search_31cd9572c4dd_005_observation,claim,corroborated_event:event_001,corroborated_event,
grouped_into_event,matched provenance identifier,claim:claim_rec_src_search_31cd9572c4dd_003_observation,claim,corroborated_event:event_001,corroborated_event,
grouped_into_event,matched provenance identifier,claim:claim_rec_src_search_31cd9572c4dd_007_observation,claim,corroborated_event:event_001,corroborated_event,
grouped_into_event,matched provenance identifier,claim:claim_rec_src_search_31cd9572c4dd_004_observation,claim,corroborated_event:event_001,corroborated_event,
grouped_into_event,matched provenance identifier,claim:claim_rec_src_search_31cd9572c4dd_001_observation,claim,corroborated_event:event_001,corroborated_event,
grouped_into_event,matched provenance identifier,claim:claim_rec_src_search_31cd9572c4dd_006_observation,claim,corroborated_event:event_001,corroborated_event,
grouped_into_event,matched provenance identifier,claim:claim_rec_src_search_31cd9572c4dd_011_observation,claim,corroborated_event:event_001,corroborated_event,
grouped_into_event,matched provenance identifier,claim:claim_rec_src_search_31cd9572c4dd_008_observation,claim,corroborated_event:event_001,corroborated_event,
grouped_into_event,matched provenance identifier,claim:claim_rec_src_search_31cd9572c4dd_009_observation,claim,corroborated_event:event_001,corroborated_event,
grouped_into_event,matched provenance identifier,claim:claim_rec_src_search_752899844c7d_002_cases_unspecified,claim,corroborated_event:event_002,corroborated_event,
grouped_into_event,matched provenance identifier,claim:claim_rec_src_search_ce6ce02a80f2_002_cases_unspecified,claim,corroborated_event:event_002,corroborated_event,
grouped_into_event,matched provenance identifier,claim:claim_rec_src_search_ce6ce02a80f2_011_cases_unspecified,claim,corroborated_event:event_002,corroborated_event,
grouped_into_event,matched provenance identifier,claim:claim_rec_src_search_19aff7ba1bc3_004_cases_unspecified,claim,corroborated_event:event_002,corroborated_event,
grouped_into_event,matched provenance identifier,claim:claim_rec_src_search_e1219da5b350_002_cases_unspecified,claim,corroborated_event:event_002,corroborated_event,
grouped_into_event,matched provenance identifier,claim:claim_rec_src_search_e1219da5b350_003_cases_unspecified,claim,corroborated_event:event_002,corroborated_event,
grouped_into_event,matched provenance identifier,claim:claim_rec_src_search_19aff7ba1bc3_002_cases_unspecified,claim,corroborated_event:event_002,corroborated_event,
grouped_into_event,matched provenance identifier,claim:claim_rec_src_search_e1219da5b350_001_cases_unspecified,claim,corroborated_event:event_002,corroborated_event,
grouped_into_event,matched provenance identifier,claim:claim_rec_src_search_752899844c7d_001_cases_unspecified,claim,corroborated_event:event_002,corroborated_event,
grouped_into_event,matched provenance identifier,claim:claim_rec_src_search_84acc76573c8_001_cases_unspecified,claim,corroborated_event:event_002,corroborated_event,
grouped_into_event,matched provenance identifier,claim:claim_rec_src_search_ce6ce02a80f2_005_cases_unspecified,claim,corroborated_event:event_002,corroborated_event,
grouped_into_event,matched provenance identifier,claim:claim_rec_src_search_ce6ce02a80f2_001_cases_unspecified,claim,corroborated_event:event_002,corroborated_event,
grouped_into_event,matched provenance identifier,claim:claim_rec_src_search_752899844c7d_003_cases_unspecified,claim,corroborated_event:event_002,corroborated_event,
grouped_into_event,matched provenance identifier,claim:claim_rec_src_search_19aff7ba1bc3_001_cases_unspecified,claim,corroborated_event:event_002,corroborated_event,
grouped_into_event,matched provenance identifier,claim:claim_rec_src_search_ce6ce02a80f2_004_cases_unspecified,claim,corroborated_event:event_002,corroborated_event,
grouped_into_event,matched provenance identifier,claim:claim_rec_src_search_84acc76573c8_003_cases_unspecified,claim,corroborated_event:event_002,corroborated_event,
grouped_into_event,matched provenance identifier,claim:claim_rec_src_search_1298a67f3fad_001_cases_unspecified,claim,corroborated_event:event_002,corroborated_event,
grouped_into_event,matched provenance identifier,claim:claim_rec_src_search_1298a67f3fad_002_cases_unspecified,claim,corroborated_event:event_002,corroborated_event,
grouped_into_event,matched provenance identifier,claim:claim_rec_src_search_84acc76573c8_002_cases_unspecified,claim,corroborated_event:event_002,corroborated_event,
grouped_into_event,matched provenance identifier,claim:claim_rec_src_search_19aff7ba1bc3_003_cases_unspecified,claim,corroborated_event:event_002,corroborated_event,
grouped_into_event,matched provenance identifier,claim:claim_rec_src_search_53763309bf94_001_cases_unspecified,claim,corroborated_event:event_002,corroborated_event,
grouped_into_event,matched provenance identifier,claim:claim_rec_src_search_ce6ce02a80f2_003_cases_unspecified,claim,corroborated_event:event_002,corroborated_event,
grouped_into_event,matched provenance identifier,claim:claim_rec_src_search_ce6ce02a80f2_006_cases_unspecified,claim,corroborated_event:event_003,corroborated_event,
grouped_into_event,matched provenance identifier,claim:claim_rec_src_search_ce6ce02a80f2_007_cases_unspecified,claim,corroborated_event:event_004,corroborated_event,
grouped_into_event,matched provenance identifier,claim:claim_rec_src_search_ce6ce02a80f2_008_cases_unspecified,claim,corroborated_event:event_005,corroborated_event,
grouped_into_event,matched provenance identifier,claim:claim_rec_src_search_ce6ce02a80f2_009_cases_unspecified,claim,corroborated_event:event_006,corroborated_event,
grouped_into_event,matched provenance identifier,claim:claim_rec_src_search_ce6ce02a80f2_010_cases_unspecified,claim,corroborated_event:event_007,corroborated_event,
included_in_dataset_view,record appears in final_dataset_pre_quality_gate,normalized_record:rec_src_search_31cd9572c4dd_001,normalized_record,dataset_view:final_dataset_pre_quality_gate,dataset_view,
included_in_dataset_view,record appears in final_dataset_pre_quality_gate,normalized_record:rec_src_search_31cd9572c4dd_002,normalized_record,dataset_view:final_dataset_pre_quality_gate,dataset_view,
included_in_dataset_view,record appears in final_dataset_pre_quality_gate,normalized_record:rec_src_search_31cd9572c4dd_003,normalized_record,dataset_view:final_dataset_pre_quality_gate,dataset_view,
included_in_dataset_view,record appears in final_dataset_pre_quality_gate,normalized_record:rec_src_search_31cd9572c4dd_004,normalized_record,dataset_view:final_dataset_pre_quality_gate,dataset_view,
included_in_dataset_view,record appears in final_dataset_pre_quality_gate,normalized_record:rec_src_search_31cd9572c4dd_005,normalized_record,dataset_view:final_dataset_pre_quality_gate,dataset_view,
included_in_dataset_view,record appears in final_dataset_pre_quality_gate,normalized_record:rec_src_search_31cd9572c4dd_006,normalized_record,dataset_view:final_dataset_pre_quality_gate,dataset_view,
included_in_dataset_view,record appears in final_dataset_pre_quality_gate,normalized_record:rec_src_search_31cd9572c4dd_007,normalized_record,dataset_view:final_dataset_pre_quality_gate,dataset_view,
included_in_dataset_view,record appears in final_dataset_pre_quality_gate,normalized_record:rec_src_search_31cd9572c4dd_008,normalized_record,dataset_view:final_dataset_pre_quality_gate,dataset_view,
included_in_dataset_view,record appears in final_dataset_pre_quality_gate,normalized_record:rec_src_search_31cd9572c4dd_009,normalized_record,dataset_view:final_dataset_pre_quality_gate,dataset_view,
included_in_dataset_view,record appears in final_dataset_pre_quality_gate,normalized_record:rec_src_search_31cd9572c4dd_010,normalized_record,dataset_view:final_dataset_pre_quality_gate,dataset_view,
included_in_dataset_view,record appears in final_dataset_pre_quality_gate,normalized_record:rec_src_search_31cd9572c4dd_011,normalized_record,dataset_view:final_dataset_pre_quality_gate,dataset_view,
included_in_dataset_view,record appears in final_dataset_pre_quality_gate,normalized_record:rec_src_search_31cd9572c4dd_012,normalized_record,dataset_view:final_dataset_pre_quality_gate,dataset_view,
included_in_dataset_view,record appears in final_dataset_pre_quality_gate,normalized_record:rec_src_search_31cd9572c4dd_013,normalized_record,dataset_view:final_dataset_pre_quality_gate,dataset_view,
included_in_dataset_view,record appears in final_dataset_pre_quality_gate,normalized_record:rec_src_search_31cd9572c4dd_014,normalized_record,dataset_view:final_dataset_pre_quality_gate,dataset_view,
included_in_dataset_view,record appears in final_dataset_pre_quality_gate,normalized_record:rec_src_search_31cd9572c4dd_015,normalized_record,dataset_view:final_dataset_pre_quality_gate,dataset_view,
included_in_dataset_view,record appears in final_dataset_pre_quality_gate,normalized_record:rec_src_search_31cd9572c4dd_016,normalized_record,dataset_view:final_dataset_pre_quality_gate,dataset_view,
included_in_dataset_view,record appears in final_dataset_pre_quality_gate,normalized_record:rec_src_search_53763309bf94_001,normalized_record,dataset_view:final_dataset_pre_quality_gate,dataset_view,
included_in_dataset_view,record appears in final_dataset_pre_quality_gate,normalized_record:rec_src_search_ce6ce02a80f2_001,normalized_record,dataset_view:final_dataset_pre_quality_gate,dataset_view,
included_in_dataset_view,record appears in final_dataset_pre_quality_gate,normalized_record:rec_src_search_ce6ce02a80f2_002,normalized_record,dataset_view:final_dataset_pre_quality_gate,dataset_view,
included_in_dataset_view,record appears in final_dataset_pre_quality_gate,normalized_record:rec_src_search_ce6ce02a80f2_003,normalized_record,dataset_view:final_dataset_pre_quality_gate,dataset_view,
included_in_dataset_view,record appears in final_dataset_pre_quality_gate,normalized_record:rec_src_search_ce6ce02a80f2_004,normalized_record,dataset_view:final_dataset_pre_quality_gate,dataset_view,
included_in_dataset_view,record appears in final_dataset_pre_quality_gate,normalized_record:rec_src_search_ce6ce02a80f2_005,normalized_record,dataset_view:final_dataset_pre_quality_gate,dataset_view,
included_in_dataset_view,record appears in final_dataset_pre_quality_gate,normalized_record:rec_src_search_ce6ce02a80f2_006,normalized_record,dataset_view:final_dataset_pre_quality_gate,dataset_view,
included_in_dataset_view,record appears in final_dataset_pre_quality_gate,normalized_record:rec_src_search_ce6ce02a80f2_007,normalized_record,dataset_view:final_dataset_pre_quality_gate,dataset_view,
included_in_dataset_view,record appears in final_dataset_pre_quality_gate,normalized_record:rec_src_search_ce6ce02a80f2_008,normalized_record,dataset_view:final_dataset_pre_quality_gate,dataset_view,
included_in_dataset_view,record appears in final_dataset_pre_quality_gate,normalized_record:rec_src_search_ce6ce02a80f2_009,normalized_record,dataset_view:final_dataset_pre_quality_gate,dataset_view,
included_in_dataset_view,record appears in final_dataset_pre_quality_gate,normalized_record:rec_src_search_ce6ce02a80f2_010,normalized_record,dataset_view:final_dataset_pre_quality_gate,dataset_view,
included_in_dataset_view,record appears in final_dataset_pre_quality_gate,normalized_record:rec_src_search_ce6ce02a80f2_011,normalized_record,dataset_view:final_dataset_pre_quality_gate,dataset_view,
included_in_dataset_view,record appears in final_dataset_pre_quality_gate,normalized_record:rec_src_search_19aff7ba1bc3_001,normalized_record,dataset_view:final_dataset_pre_quality_gate,dataset_view,
included_in_dataset_view,record appears in final_dataset_pre_quality_gate,normalized_record:rec_src_search_19aff7ba1bc3_002,normalized_record,dataset_view:final_dataset_pre_quality_gate,dataset_view,
included_in_dataset_view,record appears in final_dataset_pre_quality_gate,normalized_record:rec_src_search_19aff7ba1bc3_003,normalized_record,dataset_view:final_dataset_pre_quality_gate,dataset_view,
included_in_dataset_view,record appears in final_dataset_pre_quality_gate,normalized_record:rec_src_search_19aff7ba1bc3_004,normalized_record,dataset_view:final_dataset_pre_quality_gate,dataset_view,
included_in_dataset_view,record appears in final_dataset_pre_quality_gate,normalized_record:rec_src_search_84acc76573c8_001,normalized_record,dataset_view:final_dataset_pre_quality_gate,dataset_view,
included_in_dataset_view,record appears in final_dataset_pre_quality_gate,normalized_record:rec_src_search_84acc76573c8_002,normalized_record,dataset_view:final_dataset_pre_quality_gate,dataset_view,
included_in_dataset_view,record appears in final_dataset_pre_quality_gate,normalized_record:rec_src_search_84acc76573c8_003,normalized_record,dataset_view:final_dataset_pre_quality_gate,dataset_view,
included_in_dataset_view,record appears in final_dataset_pre_quality_gate,normalized_record:rec_src_search_1298a67f3fad_001,normalized_record,dataset_view:final_dataset_pre_quality_gate,dataset_view,
included_in_dataset_view,record appears in final_dataset_pre_quality_gate,normalized_record:rec_src_search_1298a67f3fad_002,normalized_record,dataset_view:final_dataset_pre_quality_gate,dataset_view,
included_in_dataset_view,record appears in final_dataset_pre_quality_gate,normalized_record:rec_src_search_e1219da5b350_001,normalized_record,dataset_view:final_dataset_pre_quality_gate,dataset_view,
included_in_dataset_view,record appears in final_dataset_pre_quality_gate,normalized_record:rec_src_search_e1219da5b350_002,normalized_record,dataset_view:final_dataset_pre_quality_gate,dataset_view,
included_in_dataset_view,record appears in final_dataset_pre_quality_gate,normalized_record:rec_src_search_e1219da5b350_003,normalized_record,dataset_view:final_dataset_pre_quality_gate,dataset_view,
included_in_dataset_view,record appears in final_dataset_pre_quality_gate,normalized_record:rec_src_search_752899844c7d_001,normalized_record,dataset_view:final_dataset_pre_quality_gate,dataset_view,
included_in_dataset_view,record appears in final_dataset_pre_quality_gate,normalized_record:rec_src_search_752899844c7d_002,normalized_record,dataset_view:final_dataset_pre_quality_gate,dataset_view,
included_in_dataset_view,record appears in final_dataset_pre_quality_gate,normalized_record:rec_src_search_752899844c7d_003,normalized_record,dataset_view:final_dataset_pre_quality_gate,dataset_view,
included_in_dataset_view,record appears in zero_case_statements,normalized_record:rec_src_search_1298a67f3fad_001,normalized_record,dataset_view:zero_case_statements,dataset_view,
included_in_dataset_view,record appears in zero_case_statements,normalized_record:rec_src_search_1298a67f3fad_002,normalized_record,dataset_view:zero_case_statements,dataset_view,
included_in_dataset_view,record appears in zero_case_statements,normalized_record:rec_src_search_19aff7ba1bc3_001,normalized_record,dataset_view:zero_case_statements,dataset_view,
included_in_dataset_view,record appears in zero_case_statements,normalized_record:rec_src_search_19aff7ba1bc3_002,normalized_record,dataset_view:zero_case_statements,dataset_view,
included_in_dataset_view,record appears in zero_case_statements,normalized_record:rec_src_search_19aff7ba1bc3_003,normalized_record,dataset_view:zero_case_statements,dataset_view,
included_in_dataset_view,record appears in zero_case_statements,normalized_record:rec_src_search_19aff7ba1bc3_004,normalized_record,dataset_view:zero_case_statements,dataset_view,
included_in_dataset_view,record appears in zero_case_statements,normalized_record:rec_src_search_752899844c7d_001,normalized_record,dataset_view:zero_case_statements,dataset_view,
included_in_dataset_view,record appears in zero_case_statements,normalized_record:rec_src_search_752899844c7d_002,normalized_record,dataset_view:zero_case_statements,dataset_view,
included_in_dataset_view,record appears in zero_case_statements,normalized_record:rec_src_search_752899844c7d_003,normalized_record,dataset_view:zero_case_statements,dataset_view,
included_in_dataset_view,record appears in zero_case_statements,normalized_record:rec_src_search_84acc76573c8_001,normalized_record,dataset_view:zero_case_statements,dataset_view,
included_in_dataset_view,record appears in zero_case_statements,normalized_record:rec_src_search_84acc76573c8_002,normalized_record,dataset_view:zero_case_statements,dataset_view,
included_in_dataset_view,record appears in zero_case_statements,normalized_record:rec_src_search_84acc76573c8_003,normalized_record,dataset_view:zero_case_statements,dataset_view,
included_in_dataset_view,record appears in zero_case_statements,normalized_record:rec_src_search_ce6ce02a80f2_002,normalized_record,dataset_view:zero_case_statements,dataset_view,
included_in_dataset_view,record appears in zero_case_statements,normalized_record:rec_src_search_e1219da5b350_001,normalized_record,dataset_view:zero_case_statements,dataset_view,
included_in_dataset_view,record appears in zero_case_statements,normalized_record:rec_src_search_e1219da5b350_002,normalized_record,dataset_view:zero_case_statements,dataset_view,
included_in_dataset_view,record appears in zero_case_statements,normalized_record:rec_src_search_e1219da5b350_003,normalized_record,dataset_view:zero_case_statements,dataset_view,
included_in_dataset_view,record appears in exposure_monitoring_records,normalized_record:rec_src_search_31cd9572c4dd_001,normalized_record,dataset_view:exposure_monitoring_records,dataset_view,
included_in_dataset_view,record appears in exposure_monitoring_records,normalized_record:rec_src_search_31cd9572c4dd_002,normalized_record,dataset_view:exposure_monitoring_records,dataset_view,
included_in_dataset_view,record appears in exposure_monitoring_records,normalized_record:rec_src_search_31cd9572c4dd_003,normalized_record,dataset_view:exposure_monitoring_records,dataset_view,
included_in_dataset_view,record appears in exposure_monitoring_records,normalized_record:rec_src_search_31cd9572c4dd_004,normalized_record,dataset_view:exposure_monitoring_records,dataset_view,
included_in_dataset_view,record appears in exposure_monitoring_records,normalized_record:rec_src_search_31cd9572c4dd_005,normalized_record,dataset_view:exposure_monitoring_records,dataset_view,
included_in_dataset_view,record appears in exposure_monitoring_records,normalized_record:rec_src_search_31cd9572c4dd_006,normalized_record,dataset_view:exposure_monitoring_records,dataset_view,
included_in_dataset_view,record appears in exposure_monitoring_records,normalized_record:rec_src_search_31cd9572c4dd_007,normalized_record,dataset_view:exposure_monitoring_records,dataset_view,
included_in_dataset_view,record appears in exposure_monitoring_records,normalized_record:rec_src_search_31cd9572c4dd_008,normalized_record,dataset_view:exposure_monitoring_records,dataset_view,
included_in_dataset_view,record appears in exposure_monitoring_records,normalized_record:rec_src_search_31cd9572c4dd_009,normalized_record,dataset_view:exposure_monitoring_records,dataset_view,
included_in_dataset_view,record appears in exposure_monitoring_records,normalized_record:rec_src_search_31cd9572c4dd_010,normalized_record,dataset_view:exposure_monitoring_records,dataset_view,
included_in_dataset_view,record appears in exposure_monitoring_records,normalized_record:rec_src_search_31cd9572c4dd_011,normalized_record,dataset_view:exposure_monitoring_records,dataset_view,
included_in_dataset_view,record appears in exposure_monitoring_records,normalized_record:rec_src_search_31cd9572c4dd_012,normalized_record,dataset_view:exposure_monitoring_records,dataset_view,
included_in_dataset_view,record appears in exposure_monitoring_records,normalized_record:rec_src_search_31cd9572c4dd_013,normalized_record,dataset_view:exposure_monitoring_records,dataset_view,
included_in_dataset_view,record appears in exposure_monitoring_records,normalized_record:rec_src_search_31cd9572c4dd_014,normalized_record,dataset_view:exposure_monitoring_records,dataset_view,
included_in_dataset_view,record appears in exposure_monitoring_records,normalized_record:rec_src_search_31cd9572c4dd_015,normalized_record,dataset_view:exposure_monitoring_records,dataset_view,
included_in_dataset_view,record appears in exposure_monitoring_records,normalized_record:rec_src_search_31cd9572c4dd_016,normalized_record,dataset_view:exposure_monitoring_records,dataset_view,
included_in_dataset_view,record appears in surveillance_summary_records,normalized_record:rec_src_search_31cd9572c4dd_001,normalized_record,dataset_view:surveillance_summary_records,dataset_view,
included_in_dataset_view,record appears in surveillance_summary_records,normalized_record:rec_src_search_31cd9572c4dd_002,normalized_record,dataset_view:surveillance_summary_records,dataset_view,
included_in_dataset_view,record appears in surveillance_summary_records,normalized_record:rec_src_search_31cd9572c4dd_003,normalized_record,dataset_view:surveillance_summary_records,dataset_view,
included_in_dataset_view,record appears in surveillance_summary_records,normalized_record:rec_src_search_31cd9572c4dd_004,normalized_record,dataset_view:surveillance_summary_records,dataset_view,
included_in_dataset_view,record appears in surveillance_summary_records,normalized_record:rec_src_search_31cd9572c4dd_005,normalized_record,dataset_view:surveillance_summary_records,dataset_view,
included_in_dataset_view,record appears in surveillance_summary_records,normalized_record:rec_src_search_31cd9572c4dd_006,normalized_record,dataset_view:surveillance_summary_records,dataset_view,
included_in_dataset_view,record appears in surveillance_summary_records,normalized_record:rec_src_search_31cd9572c4dd_007,normalized_record,dataset_view:surveillance_summary_records,dataset_view,
included_in_dataset_view,record appears in surveillance_summary_records,normalized_record:rec_src_search_31cd9572c4dd_008,normalized_record,dataset_view:surveillance_summary_records,dataset_view,
included_in_dataset_view,record appears in surveillance_summary_records,normalized_record:rec_src_search_31cd9572c4dd_009,normalized_record,dataset_view:surveillance_summary_records,dataset_view,
included_in_dataset_view,record appears in surveillance_summary_records,normalized_record:rec_src_search_31cd9572c4dd_010,normalized_record,dataset_view:surveillance_summary_records,dataset_view,
included_in_dataset_view,record appears in surveillance_summary_records,normalized_record:rec_src_search_31cd9572c4dd_011,normalized_record,dataset_view:surveillance_summary_records,dataset_view,
included_in_dataset_view,record appears in surveillance_summary_records,normalized_record:rec_src_search_31cd9572c4dd_012,normalized_record,dataset_view:surveillance_summary_records,dataset_view,
included_in_dataset_view,record appears in surveillance_summary_records,normalized_record:rec_src_search_31cd9572c4dd_013,normalized_record,dataset_view:surveillance_summary_records,dataset_view,
included_in_dataset_view,record appears in surveillance_summary_records,normalized_record:rec_src_search_31cd9572c4dd_014,normalized_record,dataset_view:surveillance_summary_records,dataset_view,
included_in_dataset_view,record appears in surveillance_summary_records,normalized_record:rec_src_search_31cd9572c4dd_015,normalized_record,dataset_view:surveillance_summary_records,dataset_view,
included_in_dataset_view,record appears in surveillance_summary_records,normalized_record:rec_src_search_31cd9572c4dd_016,normalized_record,dataset_view:surveillance_summary_records,dataset_view,
context_for,record appears in context_records,normalized_record:rec_src_search_31cd9572c4dd_001,normalized_record,dataset_view:context_records,dataset_view,
context_for,record appears in context_records,normalized_record:rec_src_search_31cd9572c4dd_002,normalized_record,dataset_view:context_records,dataset_view,
context_for,record appears in context_records,normalized_record:rec_src_search_31cd9572c4dd_003,normalized_record,dataset_view:context_records,dataset_view,
context_for,record appears in context_records,normalized_record:rec_src_search_31cd9572c4dd_004,normalized_record,dataset_view:context_records,dataset_view,
context_for,record appears in context_records,normalized_record:rec_src_search_31cd9572c4dd_005,normalized_record,dataset_view:context_records,dataset_view,
context_for,record appears in context_records,normalized_record:rec_src_search_31cd9572c4dd_006,normalized_record,dataset_view:context_records,dataset_view,
context_for,record appears in context_records,normalized_record:rec_src_search_31cd9572c4dd_007,normalized_record,dataset_view:context_records,dataset_view,
context_for,record appears in context_records,normalized_record:rec_src_search_31cd9572c4dd_008,normalized_record,dataset_view:context_records,dataset_view,
context_for,record appears in context_records,normalized_record:rec_src_search_31cd9572c4dd_009,normalized_record,dataset_view:context_records,dataset_view,
context_for,record appears in context_records,normalized_record:rec_src_search_31cd9572c4dd_010,normalized_record,dataset_view:context_records,dataset_view,
context_for,record appears in context_records,normalized_record:rec_src_search_31cd9572c4dd_011,normalized_record,dataset_view:context_records,dataset_view,
context_for,record appears in context_records,normalized_record:rec_src_search_31cd9572c4dd_012,normalized_record,dataset_view:context_records,dataset_view,
context_for,record appears in context_records,normalized_record:rec_src_search_31cd9572c4dd_013,normalized_record,dataset_view:context_records,dataset_view,
context_for,record appears in context_records,normalized_record:rec_src_search_31cd9572c4dd_014,normalized_record,dataset_view:context_records,dataset_view,
context_for,record appears in context_records,normalized_record:rec_src_search_31cd9572c4dd_015,normalized_record,dataset_view:context_records,dataset_view,
context_for,record appears in context_records,normalized_record:rec_src_search_31cd9572c4dd_016,normalized_record,dataset_view:context_records,dataset_view,
included_in_dataset_view,record appears in non_primary_observations,normalized_record:rec_src_search_31cd9572c4dd_001,normalized_record,dataset_view:non_primary_observations,dataset_view,
included_in_dataset_view,record appears in non_primary_observations,normalized_record:rec_src_search_31cd9572c4dd_002,normalized_record,dataset_view:non_primary_observations,dataset_view,
included_in_dataset_view,record appears in non_primary_observations,normalized_record:rec_src_search_31cd9572c4dd_003,normalized_record,dataset_view:non_primary_observations,dataset_view,
included_in_dataset_view,record appears in non_primary_observations,normalized_record:rec_src_search_31cd9572c4dd_004,normalized_record,dataset_view:non_primary_observations,dataset_view,
included_in_dataset_view,record appears in non_primary_observations,normalized_record:rec_src_search_31cd9572c4dd_005,normalized_record,dataset_view:non_primary_observations,dataset_view,
included_in_dataset_view,record appears in non_primary_observations,normalized_record:rec_src_search_31cd9572c4dd_006,normalized_record,dataset_view:non_primary_observations,dataset_view,
included_in_dataset_view,record appears in non_primary_observations,normalized_record:rec_src_search_31cd9572c4dd_007,normalized_record,dataset_view:non_primary_observations,dataset_view,
included_in_dataset_view,record appears in non_primary_observations,normalized_record:rec_src_search_31cd9572c4dd_008,normalized_record,dataset_view:non_primary_observations,dataset_view,
included_in_dataset_view,record appears in non_primary_observations,normalized_record:rec_src_search_31cd9572c4dd_009,normalized_record,dataset_view:non_primary_observations,dataset_view,
included_in_dataset_view,record appears in non_primary_observations,normalized_record:rec_src_search_31cd9572c4dd_010,normalized_record,dataset_view:non_primary_observations,dataset_view,
included_in_dataset_view,record appears in non_primary_observations,normalized_record:rec_src_search_31cd9572c4dd_011,normalized_record,dataset_view:non_primary_observations,dataset_view,
included_in_dataset_view,record appears in non_primary_observations,normalized_record:rec_src_search_31cd9572c4dd_012,normalized_record,dataset_view:non_primary_observations,dataset_view,
included_in_dataset_view,record appears in non_primary_observations,normalized_record:rec_src_search_31cd9572c4dd_013,normalized_record,dataset_view:non_primary_observations,dataset_view,
included_in_dataset_view,record appears in non_primary_observations,normalized_record:rec_src_search_31cd9572c4dd_014,normalized_record,dataset_view:non_primary_observations,dataset_view,
included_in_dataset_view,record appears in non_primary_observations,normalized_record:rec_src_search_31cd9572c4dd_015,normalized_record,dataset_view:non_primary_observations,dataset_view,
included_in_dataset_view,record appears in non_primary_observations,normalized_record:rec_src_search_31cd9572c4dd_016,normalized_record,dataset_view:non_primary_observations,dataset_view,
included_in_dataset_view,record appears in non_primary_observations,normalized_record:rec_src_search_ce6ce02a80f2_002,normalized_record,dataset_view:non_primary_observations,dataset_view,
included_in_dataset_view,record appears in non_primary_observations,normalized_record:rec_src_search_19aff7ba1bc3_001,normalized_record,dataset_view:non_primary_observations,dataset_view,
included_in_dataset_view,record appears in non_primary_observations,normalized_record:rec_src_search_19aff7ba1bc3_002,normalized_record,dataset_view:non_primary_observations,dataset_view,
included_in_dataset_view,record appears in non_primary_observations,normalized_record:rec_src_search_19aff7ba1bc3_003,normalized_record,dataset_view:non_primary_observations,dataset_view,
included_in_dataset_view,record appears in non_primary_observations,normalized_record:rec_src_search_19aff7ba1bc3_004,normalized_record,dataset_view:non_primary_observations,dataset_view,
included_in_dataset_view,record appears in non_primary_observations,normalized_record:rec_src_search_84acc76573c8_001,normalized_record,dataset_view:non_primary_observations,dataset_view,
included_in_dataset_view,record appears in non_primary_observations,normalized_record:rec_src_search_84acc76573c8_002,normalized_record,dataset_view:non_primary_observations,dataset_view,
included_in_dataset_view,record appears in non_primary_observations,normalized_record:rec_src_search_84acc76573c8_003,normalized_record,dataset_view:non_primary_observations,dataset_view,
included_in_dataset_view,record appears in non_primary_observations,normalized_record:rec_src_search_1298a67f3fad_001,normalized_record,dataset_view:non_primary_observations,dataset_view,
included_in_dataset_view,record appears in non_primary_observations,normalized_record:rec_src_search_1298a67f3fad_002,normalized_record,dataset_view:non_primary_observations,dataset_view,
included_in_dataset_view,record appears in non_primary_observations,normalized_record:rec_src_search_e1219da5b350_001,normalized_record,dataset_view:non_primary_observations,dataset_view,
included_in_dataset_view,record appears in non_primary_observations,normalized_record:rec_src_search_e1219da5b350_002,normalized_record,dataset_view:non_primary_observations,dataset_view,
included_in_dataset_view,record appears in non_primary_observations,normalized_record:rec_src_search_e1219da5b350_003,normalized_record,dataset_view:non_primary_observations,dataset_view,
included_in_dataset_view,record appears in non_primary_observations,normalized_record:rec_src_search_752899844c7d_001,normalized_record,dataset_view:non_primary_observations,dataset_view,
included_in_dataset_view,record appears in non_primary_observations,normalized_record:rec_src_search_752899844c7d_002,normalized_record,dataset_view:non_primary_observations,dataset_view,
included_in_dataset_view,record appears in non_primary_observations,normalized_record:rec_src_search_752899844c7d_003,normalized_record,dataset_view:non_primary_observations,dataset_view,
pending_review_as,record appears in pending_review_records,normalized_record:rec_src_search_31cd9572c4dd_001,normalized_record,dataset_view:pending_review_records,dataset_view,
pending_review_as,record appears in pending_review_records,normalized_record:rec_src_search_31cd9572c4dd_002,normalized_record,dataset_view:pending_review_records,dataset_view,
pending_review_as,record appears in pending_review_records,normalized_record:rec_src_search_31cd9572c4dd_003,normalized_record,dataset_view:pending_review_records,dataset_view,
pending_review_as,record appears in pending_review_records,normalized_record:rec_src_search_31cd9572c4dd_004,normalized_record,dataset_view:pending_review_records,dataset_view,
pending_review_as,record appears in pending_review_records,normalized_record:rec_src_search_31cd9572c4dd_005,normalized_record,dataset_view:pending_review_records,dataset_view,
pending_review_as,record appears in pending_review_records,normalized_record:rec_src_search_31cd9572c4dd_006,normalized_record,dataset_view:pending_review_records,dataset_view,
pending_review_as,record appears in pending_review_records,normalized_record:rec_src_search_31cd9572c4dd_007,normalized_record,dataset_view:pending_review_records,dataset_view,
pending_review_as,record appears in pending_review_records,normalized_record:rec_src_search_31cd9572c4dd_008,normalized_record,dataset_view:pending_review_records,dataset_view,
pending_review_as,record appears in pending_review_records,normalized_record:rec_src_search_31cd9572c4dd_009,normalized_record,dataset_view:pending_review_records,dataset_view,
pending_review_as,record appears in pending_review_records,normalized_record:rec_src_search_31cd9572c4dd_010,normalized_record,dataset_view:pending_review_records,dataset_view,
pending_review_as,record appears in pending_review_records,normalized_record:rec_src_search_31cd9572c4dd_011,normalized_record,dataset_view:pending_review_records,dataset_view,
pending_review_as,record appears in pending_review_records,normalized_record:rec_src_search_31cd9572c4dd_012,normalized_record,dataset_view:pending_review_records,dataset_view,
pending_review_as,record appears in pending_review_records,normalized_record:rec_src_search_31cd9572c4dd_013,normalized_record,dataset_view:pending_review_records,dataset_view,
pending_review_as,record appears in pending_review_records,normalized_record:rec_src_search_31cd9572c4dd_014,normalized_record,dataset_view:pending_review_records,dataset_view,
pending_review_as,record appears in pending_review_records,normalized_record:rec_src_search_31cd9572c4dd_015,normalized_record,dataset_view:pending_review_records,dataset_view,
pending_review_as,record appears in pending_review_records,normalized_record:rec_src_search_31cd9572c4dd_016,normalized_record,dataset_view:pending_review_records,dataset_view,
pending_review_as,record appears in pending_review_records,normalized_record:rec_src_search_53763309bf94_001,normalized_record,dataset_view:pending_review_records,dataset_view,
pending_review_as,record appears in pending_review_records,normalized_record:rec_src_search_ce6ce02a80f2_001,normalized_record,dataset_view:pending_review_records,dataset_view,
pending_review_as,record appears in pending_review_records,normalized_record:rec_src_search_ce6ce02a80f2_002,normalized_record,dataset_view:pending_review_records,dataset_view,
pending_review_as,record appears in pending_review_records,normalized_record:rec_src_search_ce6ce02a80f2_003,normalized_record,dataset_view:pending_review_records,dataset_view,
pending_review_as,record appears in pending_review_records,normalized_record:rec_src_search_ce6ce02a80f2_004,normalized_record,dataset_view:pending_review_records,dataset_view,
pending_review_as,record appears in pending_review_records,normalized_record:rec_src_search_ce6ce02a80f2_005,normalized_record,dataset_view:pending_review_records,dataset_view,
pending_review_as,record appears in pending_review_records,normalized_record:rec_src_search_ce6ce02a80f2_006,normalized_record,dataset_view:pending_review_records,dataset_view,
pending_review_as,record appears in pending_review_records,normalized_record:rec_src_search_ce6ce02a80f2_007,normalized_record,dataset_view:pending_review_records,dataset_view,
pending_review_as,record appears in pending_review_records,normalized_record:rec_src_search_ce6ce02a80f2_008,normalized_record,dataset_view:pending_review_records,dataset_view,
pending_review_as,record appears in pending_review_records,normalized_record:rec_src_search_ce6ce02a80f2_009,normalized_record,dataset_view:pending_review_records,dataset_view,
pending_review_as,record appears in pending_review_records,normalized_record:rec_src_search_ce6ce02a80f2_010,normalized_record,dataset_view:pending_review_records,dataset_view,
pending_review_as,record appears in pending_review_records,normalized_record:rec_src_search_ce6ce02a80f2_011,normalized_record,dataset_view:pending_review_records,dataset_view,
pending_review_as,record appears in pending_review_records,normalized_record:rec_src_search_19aff7ba1bc3_001,normalized_record,dataset_view:pending_review_records,dataset_view,
pending_review_as,record appears in pending_review_records,normalized_record:rec_src_search_19aff7ba1bc3_002,normalized_record,dataset_view:pending_review_records,dataset_view,
pending_review_as,record appears in pending_review_records,normalized_record:rec_src_search_19aff7ba1bc3_003,normalized_record,dataset_view:pending_review_records,dataset_view,
pending_review_as,record appears in pending_review_records,normalized_record:rec_src_search_19aff7ba1bc3_004,normalized_record,dataset_view:pending_review_records,dataset_view,
pending_review_as,record appears in pending_review_records,normalized_record:rec_src_search_84acc76573c8_001,normalized_record,dataset_view:pending_review_records,dataset_view,
pending_review_as,record appears in pending_review_records,normalized_record:rec_src_search_84acc76573c8_002,normalized_record,dataset_view:pending_review_records,dataset_view,
pending_review_as,record appears in pending_review_records,normalized_record:rec_src_search_84acc76573c8_003,normalized_record,dataset_view:pending_review_records,dataset_view,
pending_review_as,record appears in pending_review_records,normalized_record:rec_src_search_1298a67f3fad_001,normalized_record,dataset_view:pending_review_records,dataset_view,
pending_review_as,record appears in pending_review_records,normalized_record:rec_src_search_1298a67f3fad_002,normalized_record,dataset_view:pending_review_records,dataset_view,
pending_review_as,record appears in pending_review_records,normalized_record:rec_src_search_e1219da5b350_001,normalized_record,dataset_view:pending_review_records,dataset_view,
pending_review_as,record appears in pending_review_records,normalized_record:rec_src_search_e1219da5b350_002,normalized_record,dataset_view:pending_review_records,dataset_view,
pending_review_as,record appears in pending_review_records,normalized_record:rec_src_search_e1219da5b350_003,normalized_record,dataset_view:pending_review_records,dataset_view,
pending_review_as,record appears in pending_review_records,normalized_record:rec_src_search_752899844c7d_001,normalized_record,dataset_view:pending_review_records,dataset_view,
pending_review_as,record appears in pending_review_records,normalized_record:rec_src_search_752899844c7d_002,normalized_record,dataset_view:pending_review_records,dataset_view,
pending_review_as,record appears in pending_review_records,normalized_record:rec_src_search_752899844c7d_003,normalized_record,dataset_view:pending_review_records,dataset_view,
requires_review,matched provenance identifier,source:src_search_84acc76573c8,source,human_review_item:review_claim_corroboration_conflict_corr_event_002,human_review_item,
requires_review,matched provenance identifier,claim:claim_rec_src_search_752899844c7d_002_cases_unspecified,claim,human_review_item:review_claim_corroboration_conflict_corr_event_002,human_review_item,
requires_review,matched provenance identifier,claim:claim_rec_src_search_ce6ce02a80f2_002_cases_unspecified,claim,human_review_item:review_claim_corroboration_conflict_corr_event_002,human_review_item,
requires_review,matched provenance identifier,claim:claim_rec_src_search_ce6ce02a80f2_011_cases_unspecified,claim,human_review_item:review_claim_corroboration_conflict_corr_event_002,human_review_item,
requires_review,matched provenance identifier,claim:claim_rec_src_search_19aff7ba1bc3_004_cases_unspecified,claim,human_review_item:review_claim_corroboration_conflict_corr_event_002,human_review_item,
requires_review,matched provenance identifier,claim:claim_rec_src_search_e1219da5b350_002_cases_unspecified,claim,human_review_item:review_claim_corroboration_conflict_corr_event_002,human_review_item,
requires_review,matched provenance identifier,source:src_search_53763309bf94,source,human_review_item:review_claim_corroboration_conflict_corr_event_002,human_review_item,
requires_review,matched provenance identifier,claim:claim_rec_src_search_e1219da5b350_003_cases_unspecified,claim,human_review_item:review_claim_corroboration_conflict_corr_event_002,human_review_item,
requires_review,matched provenance identifier,claim:claim_rec_src_search_19aff7ba1bc3_002_cases_unspecified,claim,human_review_item:review_claim_corroboration_conflict_corr_event_002,human_review_item,
requires_review,matched provenance identifier,claim:claim_rec_src_search_e1219da5b350_001_cases_unspecified,claim,human_review_item:review_claim_corroboration_conflict_corr_event_002,human_review_item,
requires_review,matched provenance identifier,claim:claim_rec_src_search_752899844c7d_001_cases_unspecified,claim,human_review_item:review_claim_corroboration_conflict_corr_event_002,human_review_item,
requires_review,matched provenance identifier,source:src_search_1298a67f3fad,source,human_review_item:review_claim_corroboration_conflict_corr_event_002,human_review_item,
requires_review,matched provenance identifier,claim:claim_rec_src_search_84acc76573c8_001_cases_unspecified,claim,human_review_item:review_claim_corroboration_conflict_corr_event_002,human_review_item,
requires_review,matched provenance identifier,source:src_search_e1219da5b350,source,human_review_item:review_claim_corroboration_conflict_corr_event_002,human_review_item,
requires_review,matched provenance identifier,claim:claim_rec_src_search_ce6ce02a80f2_005_cases_unspecified,claim,human_review_item:review_claim_corroboration_conflict_corr_event_002,human_review_item,
requires_review,matched provenance identifier,source:src_search_19aff7ba1bc3,source,human_review_item:review_claim_corroboration_conflict_corr_event_002,human_review_item,
requires_review,matched provenance identifier,claim:claim_rec_src_search_ce6ce02a80f2_001_cases_unspecified,claim,human_review_item:review_claim_corroboration_conflict_corr_event_002,human_review_item,
requires_review,matched provenance identifier,claim:claim_rec_src_search_752899844c7d_003_cases_unspecified,claim,human_review_item:review_claim_corroboration_conflict_corr_event_002,human_review_item,
requires_review,matched provenance identifier,claim:claim_rec_src_search_19aff7ba1bc3_001_cases_unspecified,claim,human_review_item:review_claim_corroboration_conflict_corr_event_002,human_review_item,
requires_review,matched provenance identifier,claim:claim_rec_src_search_ce6ce02a80f2_004_cases_unspecified,claim,human_review_item:review_claim_corroboration_conflict_corr_event_002,human_review_item,
requires_review,matched provenance identifier,claim:claim_rec_src_search_84acc76573c8_003_cases_unspecified,claim,human_review_item:review_claim_corroboration_conflict_corr_event_002,human_review_item,
requires_review,matched provenance identifier,claim:claim_rec_src_search_1298a67f3fad_001_cases_unspecified,claim,human_review_item:review_claim_corroboration_conflict_corr_event_002,human_review_item,
requires_review,matched provenance identifier,claim:claim_rec_src_search_1298a67f3fad_002_cases_unspecified,claim,human_review_item:review_claim_corroboration_conflict_corr_event_002,human_review_item,
requires_review,matched provenance identifier,claim:claim_rec_src_search_84acc76573c8_002_cases_unspecified,claim,human_review_item:review_claim_corroboration_conflict_corr_event_002,human_review_item,
requires_review,matched provenance identifier,claim:claim_rec_src_search_19aff7ba1bc3_003_cases_unspecified,claim,human_review_item:review_claim_corroboration_conflict_corr_event_002,human_review_item,
requires_review,matched provenance identifier,source:src_search_ce6ce02a80f2,source,human_review_item:review_claim_corroboration_conflict_corr_event_002,human_review_item,
requires_review,matched provenance identifier,claim:claim_rec_src_search_53763309bf94_001_cases_unspecified,claim,human_review_item:review_claim_corroboration_conflict_corr_event_002,human_review_item,
requires_review,matched provenance identifier,source:src_search_752899844c7d,source,human_review_item:review_claim_corroboration_conflict_corr_event_002,human_review_item,
requires_review,matched provenance identifier,claim:claim_rec_src_search_ce6ce02a80f2_003_cases_unspecified,claim,human_review_item:review_claim_corroboration_conflict_corr_event_002,human_review_item,
requires_review,matched provenance identifier,normalized_record:rec_src_search_53763309bf94_001,normalized_record,human_review_item:review_duplicate_event_015,human_review_item,
requires_review,matched provenance identifier,normalized_record:rec_src_search_ce6ce02a80f2_001,normalized_record,human_review_item:review_duplicate_event_016,human_review_item,
requires_review,matched provenance identifier,normalized_record:rec_src_search_ce6ce02a80f2_003,normalized_record,human_review_item:review_duplicate_event_016,human_review_item,
requires_review,matched provenance identifier,normalized_record:rec_src_search_ce6ce02a80f2_004,normalized_record,human_review_item:review_duplicate_event_018,human_review_item,
requires_review,matched provenance identifier,normalized_record:rec_src_search_ce6ce02a80f2_005,normalized_record,human_review_item:review_duplicate_event_018,human_review_item,
requires_review,matched provenance identifier,corroborated_event:event_002,corroborated_event,human_review_item:review_anomaly_anom_005,human_review_item,
requires_review,matched provenance identifier,source:src_search_752899844c7d,source,human_review_item:review_anomaly_anom_005,human_review_item,
requires_review,matched provenance identifier,source:src_search_19aff7ba1bc3,source,human_review_item:review_anomaly_anom_006,human_review_item,
requires_review,matched provenance identifier,corroborated_event:event_003,corroborated_event,human_review_item:review_anomaly_anom_006,human_review_item,
requires_review,matched provenance identifier,source:src_search_19aff7ba1bc3,source,human_review_item:review_anomaly_anom_007,human_review_item,
requires_review,matched provenance identifier,corroborated_event:event_003,corroborated_event,human_review_item:review_anomaly_anom_007,human_review_item,
requires_review,matched provenance identifier,source:src_search_19aff7ba1bc3,source,human_review_item:review_anomaly_anom_008,human_review_item,
requires_review,matched provenance identifier,corroborated_event:event_005,corroborated_event,human_review_item:review_anomaly_anom_008,human_review_item,
requires_review,matched provenance identifier,source:src_search_19aff7ba1bc3,source,human_review_item:review_anomaly_anom_009,human_review_item,
requires_review,matched provenance identifier,corroborated_event:event_005,corroborated_event,human_review_item:review_anomaly_anom_009,human_review_item,
requires_review,matched provenance identifier,source:src_search_84acc76573c8,source,human_review_item:review_anomaly_anom_010,human_review_item,
requires_review,matched provenance identifier,corroborated_event:event_006,corroborated_event,human_review_item:review_anomaly_anom_010,human_review_item,
requires_review,matched provenance identifier,corroborated_event:event_007,corroborated_event,human_review_item:review_anomaly_anom_011,human_review_item,
requires_review,matched provenance identifier,source:src_search_e1219da5b350,source,human_review_item:review_anomaly_anom_011,human_review_item,
requires_review,matched provenance identifier,source:src_search_ce6ce02a80f2,source,human_review_item:review_anomaly_anom_012,human_review_item,
requires_review,matched provenance identifier,source:src_search_ce6ce02a80f2,source,human_review_item:review_anomaly_anom_013,human_review_item,
requires_review,matched provenance identifier,source:src_search_ce6ce02a80f2,source,human_review_item:review_anomaly_anom_014,human_review_item,
requires_review,matched provenance identifier,normalized_record:rec_src_search_ce6ce02a80f2_004,normalized_record,human_review_item:review_conflict_conf_009,human_review_item,
requires_review,matched provenance identifier,normalized_record:rec_src_search_ce6ce02a80f2_005,normalized_record,human_review_item:review_conflict_conf_009,human_review_item,
requires_review,matched provenance identifier,normalized_record:rec_src_search_ce6ce02a80f2_004,normalized_record,human_review_item:review_validation_val_result_069,human_review_item,
requires_review,matched provenance identifier,normalized_record:rec_src_search_ce6ce02a80f2_005,normalized_record,human_review_item:review_validation_val_result_069,human_review_item,
requires_review,matched provenance identifier,source:src_search_53763309bf94,source,human_review_item:review_anomaly_anom_001,human_review_item,
requires_review,matched provenance identifier,corroborated_event:event_002,corroborated_event,human_review_item:review_anomaly_anom_002,human_review_item,
requires_review,matched provenance identifier,source:src_search_752899844c7d,source,human_review_item:review_anomaly_anom_002,human_review_item,
requires_review,matched provenance identifier,corroborated_event:event_001,corroborated_event,human_review_item:review_anomaly_anom_003,human_review_item,
requires_review,matched provenance identifier,source:src_search_752899844c7d,source,human_review_item:review_anomaly_anom_003,human_review_item,
requires_review,matched provenance identifier,corroborated_event:event_002,corroborated_event,human_review_item:review_anomaly_anom_004,human_review_item,
requires_review,matched provenance identifier,source:src_search_752899844c7d,source,human_review_item:review_anomaly_anom_004,human_review_item,
requires_review,matched provenance identifier,normalized_record:rec_src_search_752899844c7d_001,normalized_record,human_review_item:review_conflict_conf_001,human_review_item,
requires_review,matched provenance identifier,normalized_record:rec_src_search_752899844c7d_003,normalized_record,human_review_item:review_conflict_conf_001,human_review_item,
requires_review,matched provenance identifier,normalized_record:rec_src_search_19aff7ba1bc3_004,normalized_record,human_review_item:review_conflict_conf_002,human_review_item,
requires_review,matched provenance identifier,normalized_record:rec_src_search_19aff7ba1bc3_002,normalized_record,human_review_item:review_conflict_conf_002,human_review_item,
requires_review,matched provenance identifier,normalized_record:rec_src_search_19aff7ba1bc3_003,normalized_record,human_review_item:review_conflict_conf_004,human_review_item,
requires_review,matched provenance identifier,normalized_record:rec_src_search_19aff7ba1bc3_001,normalized_record,human_review_item:review_conflict_conf_004,human_review_item,
requires_review,matched provenance identifier,normalized_record:rec_src_search_84acc76573c8_001,normalized_record,human_review_item:review_conflict_conf_006,human_review_item,
requires_review,matched provenance identifier,normalized_record:rec_src_search_84acc76573c8_003,normalized_record,human_review_item:review_conflict_conf_006,human_review_item,
requires_review,matched provenance identifier,normalized_record:rec_src_search_e1219da5b350_003,normalized_record,human_review_item:review_conflict_conf_007,human_review_item,
requires_review,matched provenance identifier,normalized_record:rec_src_search_e1219da5b350_001,normalized_record,human_review_item:review_conflict_conf_007,human_review_item,
requires_review,matched provenance identifier,corroborated_event:event_002,corroborated_event,human_review_item:review_duplicate_event_002,human_review_item,
requires_review,matched provenance identifier,normalized_record:rec_src_search_752899844c7d_001,normalized_record,human_review_item:review_duplicate_event_002,human_review_item,
requires_review,matched provenance identifier,normalized_record:rec_src_search_752899844c7d_003,normalized_record,human_review_item:review_duplicate_event_002,human_review_item,
requires_review,matched provenance identifier,normalized_record:rec_src_search_19aff7ba1bc3_004,normalized_record,human_review_item:review_duplicate_event_003,human_review_item,
requires_review,matched provenance identifier,corroborated_event:event_003,corroborated_event,human_review_item:review_duplicate_event_003,human_review_item,
requires_review,matched provenance identifier,normalized_record:rec_src_search_19aff7ba1bc3_002,normalized_record,human_review_item:review_duplicate_event_003,human_review_item,
requires_review,matched provenance identifier,normalized_record:rec_src_search_19aff7ba1bc3_003,normalized_record,human_review_item:review_duplicate_event_005,human_review_item,
requires_review,matched provenance identifier,corroborated_event:event_005,corroborated_event,human_review_item:review_duplicate_event_005,human_review_item,
requires_review,matched provenance identifier,normalized_record:rec_src_search_19aff7ba1bc3_001,normalized_record,human_review_item:review_duplicate_event_005,human_review_item,
requires_review,matched provenance identifier,normalized_record:rec_src_search_84acc76573c8_001,normalized_record,human_review_item:review_duplicate_event_006,human_review_item,
requires_review,matched provenance identifier,normalized_record:rec_src_search_84acc76573c8_003,normalized_record,human_review_item:review_duplicate_event_006,human_review_item,
requires_review,matched provenance identifier,corroborated_event:event_006,corroborated_event,human_review_item:review_duplicate_event_006,human_review_item,
requires_review,matched provenance identifier,normalized_record:rec_src_search_e1219da5b350_003,normalized_record,human_review_item:review_duplicate_event_007,human_review_item,
requires_review,matched provenance identifier,normalized_record:rec_src_search_e1219da5b350_001,normalized_record,human_review_item:review_duplicate_event_007,human_review_item,
requires_review,matched provenance identifier,corroborated_event:event_007,corroborated_event,human_review_item:review_duplicate_event_007,human_review_item,
requires_review,matched provenance identifier,normalized_record:rec_src_search_752899844c7d_001,normalized_record,human_review_item:review_validation_val_result_045,human_review_item,
requires_review,matched provenance identifier,normalized_record:rec_src_search_752899844c7d_003,normalized_record,human_review_item:review_validation_val_result_045,human_review_item,
requires_review,matched provenance identifier,normalized_record:rec_src_search_19aff7ba1bc3_004,normalized_record,human_review_item:review_validation_val_result_047,human_review_item,
requires_review,matched provenance identifier,normalized_record:rec_src_search_19aff7ba1bc3_002,normalized_record,human_review_item:review_validation_val_result_047,human_review_item,
requires_review,matched provenance identifier,normalized_record:rec_src_search_19aff7ba1bc3_003,normalized_record,human_review_item:review_validation_val_result_051,human_review_item,
requires_review,matched provenance identifier,normalized_record:rec_src_search_19aff7ba1bc3_001,normalized_record,human_review_item:review_validation_val_result_051,human_review_item,
requires_review,matched provenance identifier,normalized_record:rec_src_search_84acc76573c8_001,normalized_record,human_review_item:review_validation_val_result_054,human_review_item,
requires_review,matched provenance identifier,normalized_record:rec_src_search_84acc76573c8_003,normalized_record,human_review_item:review_validation_val_result_054,human_review_item,
requires_review,matched provenance identifier,normalized_record:rec_src_search_e1219da5b350_003,normalized_record,human_review_item:review_validation_val_result_056,human_review_item,
requires_review,matched provenance identifier,normalized_record:rec_src_search_e1219da5b350_001,normalized_record,human_review_item:review_validation_val_result_056,human_review_item,
requires_review,matched provenance identifier,source:src_search_ce6ce02a80f2,source,human_review_item:review_claim_corroboration_review_corr_event_003,human_review_item,
requires_review,matched provenance identifier,claim:claim_rec_src_search_ce6ce02a80f2_006_cases_unspecified,claim,human_review_item:review_claim_corroboration_review_corr_event_003,human_review_item,
requires_review,matched provenance identifier,source:src_search_ce6ce02a80f2,source,human_review_item:review_claim_corroboration_review_corr_event_004,human_review_item,
requires_review,matched provenance identifier,claim:claim_rec_src_search_ce6ce02a80f2_007_cases_unspecified,claim,human_review_item:review_claim_corroboration_review_corr_event_004,human_review_item,
requires_review,matched provenance identifier,source:src_search_ce6ce02a80f2,source,human_review_item:review_claim_corroboration_review_corr_event_005,human_review_item,
requires_review,matched provenance identifier,claim:claim_rec_src_search_ce6ce02a80f2_008_cases_unspecified,claim,human_review_item:review_claim_corroboration_review_corr_event_005,human_review_item,
requires_review,matched provenance identifier,claim:claim_rec_src_search_ce6ce02a80f2_009_cases_unspecified,claim,human_review_item:review_claim_corroboration_review_corr_event_006,human_review_item,
requires_review,matched provenance identifier,source:src_search_ce6ce02a80f2,source,human_review_item:review_claim_corroboration_review_corr_event_006,human_review_item,
requires_review,matched provenance identifier,source:src_search_ce6ce02a80f2,source,human_review_item:review_claim_corroboration_review_corr_event_007,human_review_item,
requires_review,matched provenance identifier,claim:claim_rec_src_search_ce6ce02a80f2_010_cases_unspecified,claim,human_review_item:review_claim_corroboration_review_corr_event_007,human_review_item,
requires_review,matched provenance identifier,source:src_search_304300adfbfc,source,human_review_item:review_source_credibility_src_search_304300adfbfc,human_review_item,
requires_review,matched provenance identifier,source:src_search_ba28ea669df7,source,human_review_item:review_source_credibility_src_search_ba28ea669df7,human_review_item,
requires_review,matched provenance identifier,corroborated_event:event_002,corroborated_event,human_review_item:review_anomaly_anom_015,human_review_item,
requires_review,matched provenance identifier,corroborated_event:event_003,corroborated_event,human_review_item:review_anomaly_anom_016,human_review_item,
requires_review,matched provenance identifier,corroborated_event:event_007,corroborated_event,human_review_item:review_anomaly_anom_017,human_review_item,
requires_review,matched provenance identifier,normalized_record:rec_src_search_e1219da5b350_002,normalized_record,human_review_item:review_duplicate_event_008,human_review_item,
requires_review,matched provenance identifier,normalized_record:rec_src_search_1298a67f3fad_002,normalized_record,human_review_item:review_duplicate_event_009,human_review_item,
requires_review,matched provenance identifier,normalized_record:rec_src_search_1298a67f3fad_001,normalized_record,human_review_item:review_duplicate_event_010,human_review_item,
requires_review,matched provenance identifier,normalized_record:rec_src_search_31cd9572c4dd_006,normalized_record,human_review_item:review_duplicate_event_011,human_review_item,
requires_review,matched provenance identifier,normalized_record:rec_src_search_31cd9572c4dd_011,normalized_record,human_review_item:review_duplicate_event_011,human_review_item,
requires_review,matched provenance identifier,normalized_record:rec_src_search_31cd9572c4dd_008,normalized_record,human_review_item:review_duplicate_event_011,human_review_item,
requires_review,matched provenance identifier,normalized_record:rec_src_search_31cd9572c4dd_013,normalized_record,human_review_item:review_duplicate_event_011,human_review_item,
requires_review,matched provenance identifier,normalized_record:rec_src_search_31cd9572c4dd_005,normalized_record,human_review_item:review_duplicate_event_011,human_review_item,
requires_review,matched provenance identifier,normalized_record:rec_src_search_31cd9572c4dd_001,normalized_record,human_review_item:review_duplicate_event_011,human_review_item,
requires_review,matched provenance identifier,normalized_record:rec_src_search_31cd9572c4dd_012,normalized_record,human_review_item:review_duplicate_event_011,human_review_item,
requires_review,matched provenance identifier,normalized_record:rec_src_search_31cd9572c4dd_015,normalized_record,human_review_item:review_duplicate_event_011,human_review_item,
requires_review,matched provenance identifier,normalized_record:rec_src_search_31cd9572c4dd_009,normalized_record,human_review_item:review_duplicate_event_011,human_review_item,
requires_review,matched provenance identifier,normalized_record:rec_src_search_31cd9572c4dd_007,normalized_record,human_review_item:review_duplicate_event_011,human_review_item,
requires_review,matched provenance identifier,normalized_record:rec_src_search_31cd9572c4dd_016,normalized_record,human_review_item:review_duplicate_event_011,human_review_item,
requires_review,matched provenance identifier,normalized_record:rec_src_search_31cd9572c4dd_003,normalized_record,human_review_item:review_duplicate_event_011,human_review_item,
requires_review,matched provenance identifier,normalized_record:rec_src_search_31cd9572c4dd_010,normalized_record,human_review_item:review_duplicate_event_011,human_review_item,
requires_review,matched provenance identifier,normalized_record:rec_src_search_31cd9572c4dd_002,normalized_record,human_review_item:review_duplicate_event_011,human_review_item,
requires_review,matched provenance identifier,normalized_record:rec_src_search_31cd9572c4dd_004,normalized_record,human_review_item:review_duplicate_event_011,human_review_item,
requires_review,matched provenance identifier,normalized_record:rec_src_search_31cd9572c4dd_014,normalized_record,human_review_item:review_duplicate_event_011,human_review_item,
requires_review,matched provenance identifier,normalized_record:rec_src_search_ce6ce02a80f2_002,normalized_record,human_review_item:review_duplicate_event_017,human_review_item,
requires_review,matched provenance identifier,normalized_record:rec_src_search_53763309bf94_001,normalized_record,human_review_item:review_validation_val_result_017,human_review_item,
requires_review,matched provenance identifier,source:src_search_53763309bf94,source,human_review_item:review_source_credibility_src_search_53763309bf94,human_review_item,
requires_review,matched provenance identifier,source:src_search_d0df6d007394,source,human_review_item:review_source_credibility_src_search_d0df6d007394,human_review_item,
requires_review,matched provenance identifier,source:src_search_538a1d433fd1,source,human_review_item:review_source_credibility_src_search_538a1d433fd1,human_review_item,
requires_review,matched provenance identifier,normalized_record:rec_src_search_752899844c7d_001,normalized_record,human_review_item:review_validation_val_result_041,human_review_item,
requires_review,matched provenance identifier,normalized_record:rec_src_search_752899844c7d_002,normalized_record,human_review_item:review_validation_val_result_042,human_review_item,
requires_review,matched provenance identifier,normalized_record:rec_src_search_752899844c7d_003,normalized_record,human_review_item:review_validation_val_result_043,human_review_item,
requires_review,matched provenance identifier,normalized_record:rec_src_search_31cd9572c4dd_001,normalized_record,human_review_item:review_normalization_rec_src_search_31cd9572c4dd_001,human_review_item,
requires_review,matched provenance identifier,normalized_record:rec_src_search_31cd9572c4dd_002,normalized_record,human_review_item:review_normalization_rec_src_search_31cd9572c4dd_002,human_review_item,
requires_review,matched provenance identifier,normalized_record:rec_src_search_31cd9572c4dd_003,normalized_record,human_review_item:review_normalization_rec_src_search_31cd9572c4dd_003,human_review_item,
requires_review,matched provenance identifier,normalized_record:rec_src_search_31cd9572c4dd_004,normalized_record,human_review_item:review_normalization_rec_src_search_31cd9572c4dd_004,human_review_item,
requires_review,matched provenance identifier,normalized_record:rec_src_search_31cd9572c4dd_005,normalized_record,human_review_item:review_normalization_rec_src_search_31cd9572c4dd_005,human_review_item,
requires_review,matched provenance identifier,normalized_record:rec_src_search_31cd9572c4dd_006,normalized_record,human_review_item:review_normalization_rec_src_search_31cd9572c4dd_006,human_review_item,
requires_review,matched provenance identifier,normalized_record:rec_src_search_31cd9572c4dd_007,normalized_record,human_review_item:review_normalization_rec_src_search_31cd9572c4dd_007,human_review_item,
requires_review,matched provenance identifier,normalized_record:rec_src_search_31cd9572c4dd_008,normalized_record,human_review_item:review_normalization_rec_src_search_31cd9572c4dd_008,human_review_item,
requires_review,matched provenance identifier,normalized_record:rec_src_search_31cd9572c4dd_009,normalized_record,human_review_item:review_normalization_rec_src_search_31cd9572c4dd_009,human_review_item,
requires_review,matched provenance identifier,normalized_record:rec_src_search_31cd9572c4dd_010,normalized_record,human_review_item:review_normalization_rec_src_search_31cd9572c4dd_010,human_review_item,
requires_review,matched provenance identifier,normalized_record:rec_src_search_31cd9572c4dd_011,normalized_record,human_review_item:review_normalization_rec_src_search_31cd9572c4dd_011,human_review_item,
requires_review,matched provenance identifier,normalized_record:rec_src_search_31cd9572c4dd_012,normalized_record,human_review_item:review_normalization_rec_src_search_31cd9572c4dd_012,human_review_item,
requires_review,matched provenance identifier,normalized_record:rec_src_search_31cd9572c4dd_013,normalized_record,human_review_item:review_normalization_rec_src_search_31cd9572c4dd_013,human_review_item,
requires_review,matched provenance identifier,normalized_record:rec_src_search_31cd9572c4dd_014,normalized_record,human_review_item:review_normalization_rec_src_search_31cd9572c4dd_014,human_review_item,
requires_review,matched provenance identifier,normalized_record:rec_src_search_31cd9572c4dd_015,normalized_record,human_review_item:review_normalization_rec_src_search_31cd9572c4dd_015,human_review_item,
requires_review,matched provenance identifier,normalized_record:rec_src_search_31cd9572c4dd_016,normalized_record,human_review_item:review_normalization_rec_src_search_31cd9572c4dd_016,human_review_item,
requires_review,matched provenance identifier,normalized_record:rec_src_search_31cd9572c4dd_001,normalized_record,human_review_item:review_record_rec_src_search_31cd9572c4dd_001,human_review_item,
requires_review,matched provenance identifier,normalized_record:rec_src_search_31cd9572c4dd_002,normalized_record,human_review_item:review_record_rec_src_search_31cd9572c4dd_002,human_review_item,
requires_review,matched provenance identifier,normalized_record:rec_src_search_31cd9572c4dd_003,normalized_record,human_review_item:review_record_rec_src_search_31cd9572c4dd_003,human_review_item,
requires_review,matched provenance identifier,normalized_record:rec_src_search_31cd9572c4dd_004,normalized_record,human_review_item:review_record_rec_src_search_31cd9572c4dd_004,human_review_item,
requires_review,matched provenance identifier,normalized_record:rec_src_search_31cd9572c4dd_005,normalized_record,human_review_item:review_record_rec_src_search_31cd9572c4dd_005,human_review_item,
requires_review,matched provenance identifier,normalized_record:rec_src_search_31cd9572c4dd_006,normalized_record,human_review_item:review_record_rec_src_search_31cd9572c4dd_006,human_review_item,
requires_review,matched provenance identifier,normalized_record:rec_src_search_31cd9572c4dd_007,normalized_record,human_review_item:review_record_rec_src_search_31cd9572c4dd_007,human_review_item,
requires_review,matched provenance identifier,normalized_record:rec_src_search_31cd9572c4dd_008,normalized_record,human_review_item:review_record_rec_src_search_31cd9572c4dd_008,human_review_item,
requires_review,matched provenance identifier,normalized_record:rec_src_search_31cd9572c4dd_009,normalized_record,human_review_item:review_record_rec_src_search_31cd9572c4dd_009,human_review_item,
requires_review,matched provenance identifier,normalized_record:rec_src_search_31cd9572c4dd_010,normalized_record,human_review_item:review_record_rec_src_search_31cd9572c4dd_010,human_review_item,
requires_review,matched provenance identifier,normalized_record:rec_src_search_31cd9572c4dd_011,normalized_record,human_review_item:review_record_rec_src_search_31cd9572c4dd_011,human_review_item,
requires_review,matched provenance identifier,normalized_record:rec_src_search_31cd9572c4dd_012,normalized_record,human_review_item:review_record_rec_src_search_31cd9572c4dd_012,human_review_item,
requires_review,matched provenance identifier,normalized_record:rec_src_search_31cd9572c4dd_013,normalized_record,human_review_item:review_record_rec_src_search_31cd9572c4dd_013,human_review_item,
requires_review,matched provenance identifier,normalized_record:rec_src_search_31cd9572c4dd_014,normalized_record,human_review_item:review_record_rec_src_search_31cd9572c4dd_014,human_review_item,
requires_review,matched provenance identifier,normalized_record:rec_src_search_31cd9572c4dd_015,normalized_record,human_review_item:review_record_rec_src_search_31cd9572c4dd_015,human_review_item,
requires_review,matched provenance identifier,normalized_record:rec_src_search_31cd9572c4dd_016,normalized_record,human_review_item:review_record_rec_src_search_31cd9572c4dd_016,human_review_item,
requires_review,matched provenance identifier,source:src_search_0b6168dbc1ac,source,human_review_item:review_core_metric_gap_src_search_0b6168dbc1ac,human_review_item,
requires_review,matched provenance identifier,source:src_search_1b7b98980b61,source,human_review_item:review_core_metric_gap_src_search_1b7b98980b61,human_review_item,
requires_review,matched provenance identifier,source:src_search_24c5b0ef4721,source,human_review_item:review_core_metric_gap_src_search_24c5b0ef4721,human_review_item,
requires_review,matched provenance identifier,source:src_search_526c2e2794af,source,human_review_item:review_core_metric_gap_src_search_526c2e2794af,human_review_item,
requires_review,matched provenance identifier,source:src_search_5aec5f976eeb,source,human_review_item:review_core_metric_gap_src_search_5aec5f976eeb,human_review_item,
requires_review,matched provenance identifier,source:src_search_60f9228c083d,source,human_review_item:review_core_metric_gap_src_search_60f9228c083d,human_review_item,
requires_review,matched provenance identifier,source:src_search_61d84b08b5f6,source,human_review_item:review_core_metric_gap_src_search_61d84b08b5f6,human_review_item,
requires_review,matched provenance identifier,source:src_search_b833a635676e,source,human_review_item:review_core_metric_gap_src_search_b833a635676e,human_review_item,
requires_review,matched provenance identifier,source:src_search_ca32feb87a96,source,human_review_item:review_core_metric_gap_src_search_ca32feb87a96,human_review_item,
requires_review,matched provenance identifier,source:src_search_cab7ecda0f44,source,human_review_item:review_core_metric_gap_src_search_cab7ecda0f44,human_review_item,
requires_review,matched provenance identifier,source:src_search_d0df6d007394,source,human_review_item:review_core_metric_gap_src_search_d0df6d007394,human_review_item,
requires_review,matched provenance identifier,source:src_search_f8170b43e1cb,source,human_review_item:review_core_metric_gap_src_search_f8170b43e1cb,human_review_item,
requires_review,matched provenance identifier,source:src_search_fbce10f4ecc0,source,human_review_item:review_core_metric_gap_src_search_fbce10f4ecc0,human_review_item,
requires_review,matched provenance identifier,source:src_search_ff7b38a2792d,source,human_review_item:review_core_metric_gap_src_search_ff7b38a2792d,human_review_item,
requires_review,matched provenance identifier,normalized_record:rec_src_search_31cd9572c4dd_006,normalized_record,human_review_item:review_linking_event_011,human_review_item,
requires_review,matched provenance identifier,normalized_record:rec_src_search_31cd9572c4dd_011,normalized_record,human_review_item:review_linking_event_011,human_review_item,
requires_review,matched provenance identifier,normalized_record:rec_src_search_31cd9572c4dd_008,normalized_record,human_review_item:review_linking_event_011,human_review_item,
requires_review,matched provenance identifier,normalized_record:rec_src_search_31cd9572c4dd_013,normalized_record,human_review_item:review_linking_event_011,human_review_item,
requires_review,matched provenance identifier,normalized_record:rec_src_search_31cd9572c4dd_005,normalized_record,human_review_item:review_linking_event_011,human_review_item,
requires_review,matched provenance identifier,normalized_record:rec_src_search_31cd9572c4dd_001,normalized_record,human_review_item:review_linking_event_011,human_review_item,
requires_review,matched provenance identifier,normalized_record:rec_src_search_31cd9572c4dd_012,normalized_record,human_review_item:review_linking_event_011,human_review_item,
requires_review,matched provenance identifier,normalized_record:rec_src_search_31cd9572c4dd_015,normalized_record,human_review_item:review_linking_event_011,human_review_item,
requires_review,matched provenance identifier,normalized_record:rec_src_search_31cd9572c4dd_009,normalized_record,human_review_item:review_linking_event_011,human_review_item,
requires_review,matched provenance identifier,normalized_record:rec_src_search_31cd9572c4dd_007,normalized_record,human_review_item:review_linking_event_011,human_review_item,
requires_review,matched provenance identifier,normalized_record:rec_src_search_31cd9572c4dd_016,normalized_record,human_review_item:review_linking_event_011,human_review_item,
requires_review,matched provenance identifier,normalized_record:rec_src_search_31cd9572c4dd_003,normalized_record,human_review_item:review_linking_event_011,human_review_item,
requires_review,matched provenance identifier,normalized_record:rec_src_search_31cd9572c4dd_010,normalized_record,human_review_item:review_linking_event_011,human_review_item,
requires_review,matched provenance identifier,normalized_record:rec_src_search_31cd9572c4dd_002,normalized_record,human_review_item:review_linking_event_011,human_review_item,
requires_review,matched provenance identifier,normalized_record:rec_src_search_31cd9572c4dd_004,normalized_record,human_review_item:review_linking_event_011,human_review_item,
requires_review,matched provenance identifier,normalized_record:rec_src_search_31cd9572c4dd_014,normalized_record,human_review_item:review_linking_event_011,human_review_item,
requires_review,matched provenance identifier,source:src_search_051cb6779b0a,source,human_review_item:review_source_src_search_051cb6779b0a,human_review_item,
requires_review,matched provenance identifier,source:src_search_19e4b6b2e376,source,human_review_item:review_source_src_search_19e4b6b2e376,human_review_item,
requires_review,matched provenance identifier,source:src_search_302edcfa2635,source,human_review_item:review_source_src_search_302edcfa2635,human_review_item,
requires_review,matched provenance identifier,source:src_search_304300adfbfc,source,human_review_item:review_source_src_search_304300adfbfc,human_review_item,
requires_review,matched provenance identifier,source:src_search_53763309bf94,source,human_review_item:review_source_src_search_53763309bf94,human_review_item,
requires_review,matched provenance identifier,source:src_search_538a1d433fd1,source,human_review_item:review_source_src_search_538a1d433fd1,human_review_item,
requires_review,matched provenance identifier,source:src_search_6cc03a0a2cfe,source,human_review_item:review_source_src_search_6cc03a0a2cfe,human_review_item,
requires_review,matched provenance identifier,source:src_search_74e6da22c7aa,source,human_review_item:review_source_src_search_74e6da22c7aa,human_review_item,
requires_review,matched provenance identifier,source:src_search_ba28ea669df7,source,human_review_item:review_source_src_search_ba28ea669df7,human_review_item,
requires_review,matched provenance identifier,source:src_search_be4bdb98b361,source,human_review_item:review_source_src_search_be4bdb98b361,human_review_item,
requires_review,matched provenance identifier,source:src_search_d0df6d007394,source,human_review_item:review_source_src_search_d0df6d007394,human_review_item,
requires_review,matched provenance identifier,source:src_search_fbcc657a07a3,source,human_review_item:review_source_src_search_fbcc657a07a3,human_review_item,
