edge_type,reason,source,source_type,target,target_type,warnings
fetched_as,document.source_id links to source,source:src_search_9d3a148dc974,source,document:doc_001,document,
fetched_as,document.source_id links to source,source:src_search_d1d6036be2f6,source,document:doc_002,document,
fetched_as,document.source_id links to source,source:src_search_3109afb35d90,source,document:doc_003,document,
fetched_as,document.source_id links to source,source:src_search_fec37a5bcdfb,source,document:doc_004,document,
fetched_as,document.source_id links to source,source:src_search_283a8bed6a9d,source,document:doc_005,document,
fetched_as,document.source_id links to source,source:src_search_c912e73d8e7e,source,document:doc_006,document,
fetched_as,document.source_id links to source,source:src_search_7cb311dd75e6,source,document:doc_007,document,
fetched_as,document.source_id links to source,source:src_search_2eb069f08192,source,document:doc_008,document,
fetched_as,document.source_id links to source,source:src_search_7acdcc881c7b,source,document:doc_009,document,
fetched_as,document.source_id links to source,source:src_search_87bd434eacdf,source,document:doc_010,document,
fetched_as,document.source_id links to source,source:src_search_c62c62e520ae,source,document:doc_011,document,
fetched_as,document.source_id links to source,source:src_search_da86b7826545,source,document:doc_012,document,
fetched_as,document.source_id links to source,source:src_search_3b88e198ee65,source,document:doc_013,document,
fetched_as,document.source_id links to source,source:src_search_ac2170651876,source,document:doc_014,document,
fetched_as,document.source_id links to source,source:src_search_78fdd46eb63c,source,document:doc_015,document,
fetched_as,document.source_id links to source,source:src_search_74152a4ae4ab,source,document:doc_016,document,
fetched_as,document.source_id links to source,source:src_search_14e93bfe3eec,source,document:doc_017,document,
fetched_as,document.source_id links to source,source:src_search_3e232b5b243d,source,document:doc_018,document,
fetched_as,document.source_id links to source,source:src_search_62409e4d2cf9,source,document:doc_019,document,
fetched_as,document.source_id links to source,source:src_search_9570e9e8018b,source,document:doc_020,document,
fetched_as,document.source_id links to source,source:src_search_4344744ea569,source,document:doc_021,document,
fetched_as,document.source_id links to source,source:src_search_d3d9a2e23a80,source,document:doc_022,document,
fetched_as,document.source_id links to source,source:src_search_a9abbaac7c0e,source,document:doc_023,document,
fetched_as,document.source_id links to source,source:src_search_69d20bdba5cb,source,document:doc_024,document,
fetched_as,document.source_id links to source,source:src_search_ef917f9b28c7,source,document:doc_025,document,
fetched_as,document.source_id links to source,source:src_search_c2292d934097,source,document:doc_026,document,
fetched_as,document.source_id links to source,source:src_search_3f4cf9d46ec9,source,document:doc_027,document,
fetched_as,document.source_id links to source,source:src_search_8242cbb785a1,source,document:doc_028,document,
fetched_as,document.source_id links to source,source:src_search_6e578fc529e9,source,document:doc_029,document,
fetched_as,document.source_id links to source,source:src_search_01a036ecf63d,source,document:doc_030,document,
fetched_as,document.source_id links to source,source:src_search_1cb88aa8426c,source,document:doc_031,document,
fetched_as,document.source_id links to source,source:src_search_cd5fb2750261,source,document:doc_032,document,
fetched_as,document.source_id links to source,source:src_search_0132cfa4f779,source,document:doc_033,document,
fetched_as,document.source_id links to source,source:src_search_b9c871cc4117,source,document:doc_034,document,
fetched_as,document.source_id links to source,source:src_search_322beeaf24f0,source,document:doc_035,document,
fetched_as,document.source_id links to source,source:src_search_62040490ce12,source,document:doc_036,document,
fetched_as,document.source_id links to source,source:src_search_4e73f2d0f38f,source,document:doc_037,document,
fetched_as,document.source_id links to source,source:src_search_4250b5c89dbb,source,document:doc_038,document,
fetched_as,document.source_id links to source,source:src_search_642c004e56cf,source,document:doc_039,document,
fetched_as,document.source_id links to source,source:src_search_9d3a148dc974,source,document:doc_040,document,
fetched_as,document.source_id links to source,source:src_search_d1d6036be2f6,source,document:doc_041,document,
fetched_as,document.source_id links to source,source:src_search_3109afb35d90,source,document:doc_042,document,
fetched_as,document.source_id links to source,source:src_search_fec37a5bcdfb,source,document:doc_043,document,
fetched_as,document.source_id links to source,source:src_search_283a8bed6a9d,source,document:doc_044,document,
fetched_as,document.source_id links to source,source:src_search_c912e73d8e7e,source,document:doc_045,document,
fetched_as,document.source_id links to source,source:src_search_7cb311dd75e6,source,document:doc_046,document,
fetched_as,document.source_id links to source,source:src_search_2eb069f08192,source,document:doc_047,document,
fetched_as,document.source_id links to source,source:src_search_7acdcc881c7b,source,document:doc_048,document,
fetched_as,document.source_id links to source,source:src_search_87bd434eacdf,source,document:doc_049,document,
fetched_as,document.source_id links to source,source:src_search_c62c62e520ae,source,document:doc_050,document,
fetched_as,document.source_id links to source,source:src_search_da86b7826545,source,document:doc_051,document,
fetched_as,document.source_id links to source,source:src_search_3b88e198ee65,source,document:doc_052,document,
fetched_as,document.source_id links to source,source:src_search_ac2170651876,source,document:doc_053,document,
fetched_as,document.source_id links to source,source:src_search_78fdd46eb63c,source,document:doc_054,document,
fetched_as,document.source_id links to source,source:src_search_74152a4ae4ab,source,document:doc_055,document,
fetched_as,document.source_id links to source,source:src_search_14e93bfe3eec,source,document:doc_056,document,
fetched_as,document.source_id links to source,source:src_search_3e232b5b243d,source,document:doc_057,document,
fetched_as,document.source_id links to source,source:src_search_62409e4d2cf9,source,document:doc_058,document,
fetched_as,document.source_id links to source,source:src_search_9570e9e8018b,source,document:doc_059,document,
fetched_as,document.source_id links to source,source:src_search_4344744ea569,source,document:doc_060,document,
fetched_as,document.source_id links to source,source:src_search_d3d9a2e23a80,source,document:doc_061,document,
fetched_as,document.source_id links to source,source:src_search_a9abbaac7c0e,source,document:doc_062,document,
fetched_as,document.source_id links to source,source:src_search_69d20bdba5cb,source,document:doc_063,document,
fetched_as,document.source_id links to source,source:src_search_ef917f9b28c7,source,document:doc_064,document,
fetched_as,document.source_id links to source,source:src_search_c2292d934097,source,document:doc_065,document,
fetched_as,document.source_id links to source,source:src_search_3f4cf9d46ec9,source,document:doc_066,document,
fetched_as,document.source_id links to source,source:src_search_8242cbb785a1,source,document:doc_067,document,
fetched_as,document.source_id links to source,source:src_search_6e578fc529e9,source,document:doc_068,document,
fetched_as,document.source_id links to source,source:src_search_01a036ecf63d,source,document:doc_069,document,
fetched_as,document.source_id links to source,source:src_search_1cb88aa8426c,source,document:doc_070,document,
fetched_as,document.source_id links to source,source:src_search_cd5fb2750261,source,document:doc_071,document,
fetched_as,document.source_id links to source,source:src_search_0132cfa4f779,source,document:doc_072,document,
fetched_as,document.source_id links to source,source:src_search_b9c871cc4117,source,document:doc_073,document,
fetched_as,document.source_id links to source,source:src_search_322beeaf24f0,source,document:doc_074,document,
fetched_as,document.source_id links to source,source:src_search_62040490ce12,source,document:doc_075,document,
fetched_as,document.source_id links to source,source:src_search_4e73f2d0f38f,source,document:doc_076,document,
fetched_as,document.source_id links to source,source:src_search_4250b5c89dbb,source,document:doc_077,document,
fetched_as,document.source_id links to source,source:src_search_642c004e56cf,source,document:doc_078,document,
fetched_as,document.source_id links to source,source:src_search_eec8c3f3b772,source,document:doc_079,document,
fetched_as,document.source_id links to source,source:src_search_c6c6c612320d,source,document:doc_080,document,
fetched_as,document.source_id links to source,source:src_search_933f09adbe25,source,document:doc_081,document,
fetched_as,document.source_id links to source,source:src_search_8d237fa2e9fb,source,document:doc_082,document,
fetched_as,document.source_id links to source,source:src_search_5b3b94cad94b,source,document:doc_083,document,
fetched_as,document.source_id links to source,source:src_search_20b2c5ecff8b,source,document:doc_084,document,
fetched_as,document.source_id links to source,source:src_search_b23316ccaad4,source,document:doc_085,document,
extracted_into,record.supporting_chunk_id links to evidence chunk,evidence_chunk:chunk_src_search_87bd434eacdf_005,evidence_chunk,raw_record:rec_src_search_87bd434eacdf_001,raw_record,
extracted_into,record.supporting_chunk_id links to evidence chunk,evidence_chunk:chunk_src_search_87bd434eacdf_005,evidence_chunk,raw_record:rec_src_search_87bd434eacdf_002,raw_record,
extracted_into,record.supporting_chunk_id links to evidence chunk,evidence_chunk:chunk_src_search_87bd434eacdf_007,evidence_chunk,raw_record:rec_src_search_87bd434eacdf_003,raw_record,
extracted_into,record.supporting_chunk_id links to evidence chunk,evidence_chunk:chunk_src_search_87bd434eacdf_008,evidence_chunk,raw_record:rec_src_search_87bd434eacdf_004,raw_record,
extracted_into,record.supporting_chunk_id links to evidence chunk,evidence_chunk:chunk_src_search_87bd434eacdf_009,evidence_chunk,raw_record:rec_src_search_87bd434eacdf_005,raw_record,
extracted_into,record.supporting_chunk_id links to evidence chunk,evidence_chunk:chunk_src_search_3e232b5b243d_006,evidence_chunk,raw_record:rec_src_search_3e232b5b243d_001,raw_record,
extracted_into,record.supporting_chunk_id links to evidence chunk,evidence_chunk:chunk_src_search_3e232b5b243d_010,evidence_chunk,raw_record:rec_src_search_3e232b5b243d_002,raw_record,
extracted_into,record.supporting_chunk_id links to evidence chunk,evidence_chunk:chunk_src_search_3f4cf9d46ec9_007,evidence_chunk,raw_record:rec_src_search_3f4cf9d46ec9_001,raw_record,
extracted_into,record.supporting_chunk_id links to evidence chunk,evidence_chunk:chunk_src_search_3f4cf9d46ec9_009,evidence_chunk,raw_record:rec_src_search_3f4cf9d46ec9_002,raw_record,
extracted_into,record.supporting_chunk_id links to evidence chunk,evidence_chunk:chunk_src_search_3f4cf9d46ec9_008,evidence_chunk,raw_record:rec_src_search_3f4cf9d46ec9_003,raw_record,
extracted_into,record.supporting_chunk_id links to evidence chunk,evidence_chunk:chunk_src_search_da86b7826545_006,evidence_chunk,raw_record:rec_src_search_da86b7826545_001,raw_record,
extracted_into,record.supporting_chunk_id links to evidence chunk,evidence_chunk:chunk_src_search_da86b7826545_009,evidence_chunk,raw_record:rec_src_search_da86b7826545_002,raw_record,
extracted_into,record.supporting_chunk_id links to evidence chunk,evidence_chunk:chunk_src_search_da86b7826545_009,evidence_chunk,raw_record:rec_src_search_da86b7826545_003,raw_record,
extracted_into,record.supporting_chunk_id links to evidence chunk,evidence_chunk:chunk_src_search_da86b7826545_009,evidence_chunk,raw_record:rec_src_search_da86b7826545_004,raw_record,
extracted_into,record.supporting_chunk_id links to evidence chunk,evidence_chunk:chunk_src_search_da86b7826545_007,evidence_chunk,raw_record:rec_src_search_da86b7826545_005,raw_record,
extracted_into,record.supporting_chunk_id links to evidence chunk,evidence_chunk:chunk_src_search_8242cbb785a1_006,evidence_chunk,raw_record:rec_src_search_8242cbb785a1_001,raw_record,
extracted_into,record.supporting_chunk_id links to evidence chunk,evidence_chunk:chunk_src_search_8242cbb785a1_006,evidence_chunk,raw_record:rec_src_search_8242cbb785a1_002,raw_record,
extracted_into,record.supporting_chunk_id links to evidence chunk,evidence_chunk:chunk_src_search_8242cbb785a1_006,evidence_chunk,raw_record:rec_src_search_8242cbb785a1_003,raw_record,
extracted_into,record.supporting_chunk_id links to evidence chunk,evidence_chunk:chunk_src_search_8242cbb785a1_006,evidence_chunk,raw_record:rec_src_search_8242cbb785a1_004,raw_record,
extracted_into,record.supporting_chunk_id links to evidence chunk,evidence_chunk:chunk_src_search_6e578fc529e9_006,evidence_chunk,raw_record:rec_src_search_6e578fc529e9_001,raw_record,
extracted_into,record.supporting_chunk_id links to evidence chunk,evidence_chunk:chunk_src_search_cd5fb2750261_008,evidence_chunk,raw_record:rec_src_search_cd5fb2750261_001,raw_record,
extracted_into,record.supporting_chunk_id links to evidence chunk,evidence_chunk:chunk_src_search_cd5fb2750261_009,evidence_chunk,raw_record:rec_src_search_cd5fb2750261_002,raw_record,
extracted_into,record.supporting_chunk_id links to evidence chunk,evidence_chunk:chunk_src_search_d1d6036be2f6_014,evidence_chunk,raw_record:rec_src_search_d1d6036be2f6_001,raw_record,
extracted_into,record.supporting_chunk_id links to evidence chunk,evidence_chunk:chunk_src_search_d1d6036be2f6_014,evidence_chunk,raw_record:rec_src_search_d1d6036be2f6_002,raw_record,
extracted_into,record.supporting_chunk_id links to evidence chunk,evidence_chunk:chunk_src_search_d1d6036be2f6_015,evidence_chunk,raw_record:rec_src_search_d1d6036be2f6_003,raw_record,
extracted_into,record.supporting_chunk_id links to evidence chunk,evidence_chunk:chunk_src_search_d1d6036be2f6_016,evidence_chunk,raw_record:rec_src_search_d1d6036be2f6_004,raw_record,
extracted_into,record.supporting_chunk_id links to evidence chunk,evidence_chunk:chunk_src_search_d1d6036be2f6_016,evidence_chunk,raw_record:rec_src_search_d1d6036be2f6_005,raw_record,
extracted_into,record.supporting_chunk_id links to evidence chunk,evidence_chunk:chunk_src_search_d1d6036be2f6_017,evidence_chunk,raw_record:rec_src_search_d1d6036be2f6_006,raw_record,
extracted_into,record.supporting_chunk_id links to evidence chunk,evidence_chunk:chunk_src_search_d1d6036be2f6_018,evidence_chunk,raw_record:rec_src_search_d1d6036be2f6_007,raw_record,
extracted_into,record.supporting_chunk_id links to evidence chunk,evidence_chunk:chunk_src_search_3109afb35d90_021,evidence_chunk,raw_record:rec_src_search_3109afb35d90_001,raw_record,
extracted_into,record.supporting_chunk_id links to evidence chunk,evidence_chunk:chunk_src_search_3109afb35d90_023,evidence_chunk,raw_record:rec_src_search_3109afb35d90_002,raw_record,
extracted_into,record.supporting_chunk_id links to evidence chunk,evidence_chunk:chunk_src_search_3109afb35d90_023,evidence_chunk,raw_record:rec_src_search_3109afb35d90_003,raw_record,
extracted_into,record.supporting_chunk_id links to evidence chunk,evidence_chunk:chunk_src_search_3109afb35d90_023,evidence_chunk,raw_record:rec_src_search_3109afb35d90_004,raw_record,
extracted_into,record.supporting_chunk_id links to evidence chunk,evidence_chunk:chunk_src_search_283a8bed6a9d_044,evidence_chunk,raw_record:rec_src_search_283a8bed6a9d_001,raw_record,
extracted_into,record.supporting_chunk_id links to evidence chunk,evidence_chunk:chunk_src_search_283a8bed6a9d_044,evidence_chunk,raw_record:rec_src_search_283a8bed6a9d_002,raw_record,
extracted_into,record.supporting_chunk_id links to evidence chunk,evidence_chunk:chunk_src_search_283a8bed6a9d_044,evidence_chunk,raw_record:rec_src_search_283a8bed6a9d_003,raw_record,
extracted_into,record.supporting_chunk_id links to evidence chunk,evidence_chunk:chunk_src_search_283a8bed6a9d_044,evidence_chunk,raw_record:rec_src_search_283a8bed6a9d_004,raw_record,
extracted_into,record.supporting_chunk_id links to evidence chunk,evidence_chunk:chunk_src_search_283a8bed6a9d_063,evidence_chunk,raw_record:rec_src_search_283a8bed6a9d_005,raw_record,
extracted_into,record.supporting_chunk_id links to evidence chunk,evidence_chunk:chunk_src_search_283a8bed6a9d_061,evidence_chunk,raw_record:rec_src_search_283a8bed6a9d_006,raw_record,
extracted_into,record.supporting_chunk_id links to evidence chunk,evidence_chunk:chunk_src_search_283a8bed6a9d_061,evidence_chunk,raw_record:rec_src_search_283a8bed6a9d_007,raw_record,
extracted_into,record.supporting_chunk_id links to evidence chunk,evidence_chunk:chunk_src_search_283a8bed6a9d_061,evidence_chunk,raw_record:rec_src_search_283a8bed6a9d_008,raw_record,
extracted_into,record.supporting_chunk_id links to evidence chunk,evidence_chunk:chunk_src_search_283a8bed6a9d_061,evidence_chunk,raw_record:rec_src_search_283a8bed6a9d_009,raw_record,
extracted_into,record.supporting_chunk_id links to evidence chunk,evidence_chunk:chunk_src_search_283a8bed6a9d_061,evidence_chunk,raw_record:rec_src_search_283a8bed6a9d_010,raw_record,
extracted_into,record.supporting_chunk_id links to evidence chunk,evidence_chunk:chunk_src_search_283a8bed6a9d_065,evidence_chunk,raw_record:rec_src_search_283a8bed6a9d_011,raw_record,
extracted_into,record.supporting_chunk_id links to evidence chunk,evidence_chunk:chunk_src_search_283a8bed6a9d_066,evidence_chunk,raw_record:rec_src_search_283a8bed6a9d_012,raw_record,
extracted_into,record.supporting_chunk_id links to evidence chunk,evidence_chunk:chunk_src_search_283a8bed6a9d_067,evidence_chunk,raw_record:rec_src_search_283a8bed6a9d_013,raw_record,
extracted_into,record.supporting_chunk_id links to evidence chunk,evidence_chunk:chunk_src_search_283a8bed6a9d_068,evidence_chunk,raw_record:rec_src_search_283a8bed6a9d_014,raw_record,
extracted_into,record.supporting_chunk_id links to evidence chunk,evidence_chunk:chunk_src_search_283a8bed6a9d_072,evidence_chunk,raw_record:rec_src_search_283a8bed6a9d_015,raw_record,
extracted_into,record.supporting_chunk_id links to evidence chunk,evidence_chunk:chunk_src_search_283a8bed6a9d_050,evidence_chunk,raw_record:rec_src_search_283a8bed6a9d_016,raw_record,
extracted_into,record.supporting_chunk_id links to evidence chunk,evidence_chunk:chunk_src_search_283a8bed6a9d_050,evidence_chunk,raw_record:rec_src_search_283a8bed6a9d_017,raw_record,
extracted_into,record.supporting_chunk_id links to evidence chunk,evidence_chunk:chunk_src_search_7cb311dd75e6_012,evidence_chunk,raw_record:rec_src_search_7cb311dd75e6_001,raw_record,
extracted_into,record.supporting_chunk_id links to evidence chunk,evidence_chunk:chunk_src_search_87bd434eacdf_005,evidence_chunk,validated_record:rec_src_search_87bd434eacdf_001,validated_record,
extracted_into,record.supporting_chunk_id links to evidence chunk,evidence_chunk:chunk_src_search_87bd434eacdf_005,evidence_chunk,validated_record:rec_src_search_87bd434eacdf_002,validated_record,
extracted_into,record.supporting_chunk_id links to evidence chunk,evidence_chunk:chunk_src_search_87bd434eacdf_007,evidence_chunk,validated_record:rec_src_search_87bd434eacdf_003,validated_record,
extracted_into,record.supporting_chunk_id links to evidence chunk,evidence_chunk:chunk_src_search_87bd434eacdf_008,evidence_chunk,validated_record:rec_src_search_87bd434eacdf_004,validated_record,
extracted_into,record.supporting_chunk_id links to evidence chunk,evidence_chunk:chunk_src_search_87bd434eacdf_009,evidence_chunk,validated_record:rec_src_search_87bd434eacdf_005,validated_record,
extracted_into,record.supporting_chunk_id links to evidence chunk,evidence_chunk:chunk_src_search_3e232b5b243d_006,evidence_chunk,validated_record:rec_src_search_3e232b5b243d_001,validated_record,
extracted_into,record.supporting_chunk_id links to evidence chunk,evidence_chunk:chunk_src_search_3e232b5b243d_010,evidence_chunk,validated_record:rec_src_search_3e232b5b243d_002,validated_record,
extracted_into,record.supporting_chunk_id links to evidence chunk,evidence_chunk:chunk_src_search_3f4cf9d46ec9_007,evidence_chunk,validated_record:rec_src_search_3f4cf9d46ec9_001,validated_record,
extracted_into,record.supporting_chunk_id links to evidence chunk,evidence_chunk:chunk_src_search_3f4cf9d46ec9_009,evidence_chunk,validated_record:rec_src_search_3f4cf9d46ec9_002,validated_record,
extracted_into,record.supporting_chunk_id links to evidence chunk,evidence_chunk:chunk_src_search_3f4cf9d46ec9_008,evidence_chunk,validated_record:rec_src_search_3f4cf9d46ec9_003,validated_record,
extracted_into,record.supporting_chunk_id links to evidence chunk,evidence_chunk:chunk_src_search_da86b7826545_006,evidence_chunk,validated_record:rec_src_search_da86b7826545_001,validated_record,
extracted_into,record.supporting_chunk_id links to evidence chunk,evidence_chunk:chunk_src_search_da86b7826545_009,evidence_chunk,validated_record:rec_src_search_da86b7826545_002,validated_record,
extracted_into,record.supporting_chunk_id links to evidence chunk,evidence_chunk:chunk_src_search_da86b7826545_009,evidence_chunk,validated_record:rec_src_search_da86b7826545_003,validated_record,
extracted_into,record.supporting_chunk_id links to evidence chunk,evidence_chunk:chunk_src_search_da86b7826545_009,evidence_chunk,validated_record:rec_src_search_da86b7826545_004,validated_record,
extracted_into,record.supporting_chunk_id links to evidence chunk,evidence_chunk:chunk_src_search_da86b7826545_007,evidence_chunk,validated_record:rec_src_search_da86b7826545_005,validated_record,
extracted_into,record.supporting_chunk_id links to evidence chunk,evidence_chunk:chunk_src_search_8242cbb785a1_006,evidence_chunk,validated_record:rec_src_search_8242cbb785a1_001,validated_record,
extracted_into,record.supporting_chunk_id links to evidence chunk,evidence_chunk:chunk_src_search_8242cbb785a1_006,evidence_chunk,validated_record:rec_src_search_8242cbb785a1_002,validated_record,
extracted_into,record.supporting_chunk_id links to evidence chunk,evidence_chunk:chunk_src_search_8242cbb785a1_006,evidence_chunk,validated_record:rec_src_search_8242cbb785a1_003,validated_record,
extracted_into,record.supporting_chunk_id links to evidence chunk,evidence_chunk:chunk_src_search_8242cbb785a1_006,evidence_chunk,validated_record:rec_src_search_8242cbb785a1_004,validated_record,
extracted_into,record.supporting_chunk_id links to evidence chunk,evidence_chunk:chunk_src_search_6e578fc529e9_006,evidence_chunk,validated_record:rec_src_search_6e578fc529e9_001,validated_record,
extracted_into,record.supporting_chunk_id links to evidence chunk,evidence_chunk:chunk_src_search_cd5fb2750261_008,evidence_chunk,validated_record:rec_src_search_cd5fb2750261_001,validated_record,
extracted_into,record.supporting_chunk_id links to evidence chunk,evidence_chunk:chunk_src_search_cd5fb2750261_009,evidence_chunk,validated_record:rec_src_search_cd5fb2750261_002,validated_record,
extracted_into,record.supporting_chunk_id links to evidence chunk,evidence_chunk:chunk_src_search_d1d6036be2f6_014,evidence_chunk,validated_record:rec_src_search_d1d6036be2f6_001,validated_record,
extracted_into,record.supporting_chunk_id links to evidence chunk,evidence_chunk:chunk_src_search_d1d6036be2f6_014,evidence_chunk,validated_record:rec_src_search_d1d6036be2f6_002,validated_record,
extracted_into,record.supporting_chunk_id links to evidence chunk,evidence_chunk:chunk_src_search_d1d6036be2f6_015,evidence_chunk,validated_record:rec_src_search_d1d6036be2f6_003,validated_record,
extracted_into,record.supporting_chunk_id links to evidence chunk,evidence_chunk:chunk_src_search_d1d6036be2f6_016,evidence_chunk,validated_record:rec_src_search_d1d6036be2f6_004,validated_record,
extracted_into,record.supporting_chunk_id links to evidence chunk,evidence_chunk:chunk_src_search_d1d6036be2f6_016,evidence_chunk,validated_record:rec_src_search_d1d6036be2f6_005,validated_record,
extracted_into,record.supporting_chunk_id links to evidence chunk,evidence_chunk:chunk_src_search_d1d6036be2f6_017,evidence_chunk,validated_record:rec_src_search_d1d6036be2f6_006,validated_record,
extracted_into,record.supporting_chunk_id links to evidence chunk,evidence_chunk:chunk_src_search_d1d6036be2f6_018,evidence_chunk,validated_record:rec_src_search_d1d6036be2f6_007,validated_record,
extracted_into,record.supporting_chunk_id links to evidence chunk,evidence_chunk:chunk_src_search_3109afb35d90_021,evidence_chunk,validated_record:rec_src_search_3109afb35d90_001,validated_record,
extracted_into,record.supporting_chunk_id links to evidence chunk,evidence_chunk:chunk_src_search_3109afb35d90_023,evidence_chunk,validated_record:rec_src_search_3109afb35d90_002,validated_record,
extracted_into,record.supporting_chunk_id links to evidence chunk,evidence_chunk:chunk_src_search_3109afb35d90_023,evidence_chunk,validated_record:rec_src_search_3109afb35d90_003,validated_record,
extracted_into,record.supporting_chunk_id links to evidence chunk,evidence_chunk:chunk_src_search_3109afb35d90_023,evidence_chunk,validated_record:rec_src_search_3109afb35d90_004,validated_record,
extracted_into,record.supporting_chunk_id links to evidence chunk,evidence_chunk:chunk_src_search_283a8bed6a9d_044,evidence_chunk,validated_record:rec_src_search_283a8bed6a9d_001,validated_record,
extracted_into,record.supporting_chunk_id links to evidence chunk,evidence_chunk:chunk_src_search_283a8bed6a9d_044,evidence_chunk,validated_record:rec_src_search_283a8bed6a9d_002,validated_record,
extracted_into,record.supporting_chunk_id links to evidence chunk,evidence_chunk:chunk_src_search_283a8bed6a9d_044,evidence_chunk,validated_record:rec_src_search_283a8bed6a9d_003,validated_record,
extracted_into,record.supporting_chunk_id links to evidence chunk,evidence_chunk:chunk_src_search_283a8bed6a9d_044,evidence_chunk,validated_record:rec_src_search_283a8bed6a9d_004,validated_record,
extracted_into,record.supporting_chunk_id links to evidence chunk,evidence_chunk:chunk_src_search_283a8bed6a9d_063,evidence_chunk,validated_record:rec_src_search_283a8bed6a9d_005,validated_record,
extracted_into,record.supporting_chunk_id links to evidence chunk,evidence_chunk:chunk_src_search_283a8bed6a9d_061,evidence_chunk,validated_record:rec_src_search_283a8bed6a9d_006,validated_record,
extracted_into,record.supporting_chunk_id links to evidence chunk,evidence_chunk:chunk_src_search_283a8bed6a9d_061,evidence_chunk,validated_record:rec_src_search_283a8bed6a9d_007,validated_record,
extracted_into,record.supporting_chunk_id links to evidence chunk,evidence_chunk:chunk_src_search_283a8bed6a9d_061,evidence_chunk,validated_record:rec_src_search_283a8bed6a9d_008,validated_record,
extracted_into,record.supporting_chunk_id links to evidence chunk,evidence_chunk:chunk_src_search_283a8bed6a9d_061,evidence_chunk,validated_record:rec_src_search_283a8bed6a9d_009,validated_record,
extracted_into,record.supporting_chunk_id links to evidence chunk,evidence_chunk:chunk_src_search_283a8bed6a9d_061,evidence_chunk,validated_record:rec_src_search_283a8bed6a9d_010,validated_record,
extracted_into,record.supporting_chunk_id links to evidence chunk,evidence_chunk:chunk_src_search_283a8bed6a9d_065,evidence_chunk,validated_record:rec_src_search_283a8bed6a9d_011,validated_record,
extracted_into,record.supporting_chunk_id links to evidence chunk,evidence_chunk:chunk_src_search_283a8bed6a9d_066,evidence_chunk,validated_record:rec_src_search_283a8bed6a9d_012,validated_record,
extracted_into,record.supporting_chunk_id links to evidence chunk,evidence_chunk:chunk_src_search_283a8bed6a9d_067,evidence_chunk,validated_record:rec_src_search_283a8bed6a9d_013,validated_record,
extracted_into,record.supporting_chunk_id links to evidence chunk,evidence_chunk:chunk_src_search_283a8bed6a9d_068,evidence_chunk,validated_record:rec_src_search_283a8bed6a9d_014,validated_record,
extracted_into,record.supporting_chunk_id links to evidence chunk,evidence_chunk:chunk_src_search_283a8bed6a9d_072,evidence_chunk,validated_record:rec_src_search_283a8bed6a9d_015,validated_record,
extracted_into,record.supporting_chunk_id links to evidence chunk,evidence_chunk:chunk_src_search_283a8bed6a9d_050,evidence_chunk,validated_record:rec_src_search_283a8bed6a9d_016,validated_record,
extracted_into,record.supporting_chunk_id links to evidence chunk,evidence_chunk:chunk_src_search_283a8bed6a9d_050,evidence_chunk,validated_record:rec_src_search_283a8bed6a9d_017,validated_record,
extracted_into,record.supporting_chunk_id links to evidence chunk,evidence_chunk:chunk_src_search_7cb311dd75e6_012,evidence_chunk,validated_record:rec_src_search_7cb311dd75e6_001,validated_record,
extracted_into,record.supporting_chunk_id links to evidence chunk,evidence_chunk:chunk_src_search_87bd434eacdf_005,evidence_chunk,normalized_record:rec_src_search_87bd434eacdf_001,normalized_record,
extracted_into,record.supporting_chunk_id links to evidence chunk,evidence_chunk:chunk_src_search_87bd434eacdf_005,evidence_chunk,normalized_record:rec_src_search_87bd434eacdf_002,normalized_record,
extracted_into,record.supporting_chunk_id links to evidence chunk,evidence_chunk:chunk_src_search_87bd434eacdf_007,evidence_chunk,normalized_record:rec_src_search_87bd434eacdf_003,normalized_record,
extracted_into,record.supporting_chunk_id links to evidence chunk,evidence_chunk:chunk_src_search_87bd434eacdf_008,evidence_chunk,normalized_record:rec_src_search_87bd434eacdf_004,normalized_record,
extracted_into,record.supporting_chunk_id links to evidence chunk,evidence_chunk:chunk_src_search_87bd434eacdf_009,evidence_chunk,normalized_record:rec_src_search_87bd434eacdf_005,normalized_record,
extracted_into,record.supporting_chunk_id links to evidence chunk,evidence_chunk:chunk_src_search_3e232b5b243d_006,evidence_chunk,normalized_record:rec_src_search_3e232b5b243d_001,normalized_record,
extracted_into,record.supporting_chunk_id links to evidence chunk,evidence_chunk:chunk_src_search_3e232b5b243d_010,evidence_chunk,normalized_record:rec_src_search_3e232b5b243d_002,normalized_record,
extracted_into,record.supporting_chunk_id links to evidence chunk,evidence_chunk:chunk_src_search_3f4cf9d46ec9_007,evidence_chunk,normalized_record:rec_src_search_3f4cf9d46ec9_001,normalized_record,
extracted_into,record.supporting_chunk_id links to evidence chunk,evidence_chunk:chunk_src_search_3f4cf9d46ec9_009,evidence_chunk,normalized_record:rec_src_search_3f4cf9d46ec9_002,normalized_record,
extracted_into,record.supporting_chunk_id links to evidence chunk,evidence_chunk:chunk_src_search_3f4cf9d46ec9_008,evidence_chunk,normalized_record:rec_src_search_3f4cf9d46ec9_003,normalized_record,
extracted_into,record.supporting_chunk_id links to evidence chunk,evidence_chunk:chunk_src_search_da86b7826545_006,evidence_chunk,normalized_record:rec_src_search_da86b7826545_001,normalized_record,
extracted_into,record.supporting_chunk_id links to evidence chunk,evidence_chunk:chunk_src_search_da86b7826545_009,evidence_chunk,normalized_record:rec_src_search_da86b7826545_002,normalized_record,
extracted_into,record.supporting_chunk_id links to evidence chunk,evidence_chunk:chunk_src_search_da86b7826545_009,evidence_chunk,normalized_record:rec_src_search_da86b7826545_003,normalized_record,
extracted_into,record.supporting_chunk_id links to evidence chunk,evidence_chunk:chunk_src_search_da86b7826545_009,evidence_chunk,normalized_record:rec_src_search_da86b7826545_004,normalized_record,
extracted_into,record.supporting_chunk_id links to evidence chunk,evidence_chunk:chunk_src_search_da86b7826545_007,evidence_chunk,normalized_record:rec_src_search_da86b7826545_005,normalized_record,
extracted_into,record.supporting_chunk_id links to evidence chunk,evidence_chunk:chunk_src_search_8242cbb785a1_006,evidence_chunk,normalized_record:rec_src_search_8242cbb785a1_001,normalized_record,
extracted_into,record.supporting_chunk_id links to evidence chunk,evidence_chunk:chunk_src_search_8242cbb785a1_006,evidence_chunk,normalized_record:rec_src_search_8242cbb785a1_002,normalized_record,
extracted_into,record.supporting_chunk_id links to evidence chunk,evidence_chunk:chunk_src_search_8242cbb785a1_006,evidence_chunk,normalized_record:rec_src_search_8242cbb785a1_003,normalized_record,
extracted_into,record.supporting_chunk_id links to evidence chunk,evidence_chunk:chunk_src_search_8242cbb785a1_006,evidence_chunk,normalized_record:rec_src_search_8242cbb785a1_004,normalized_record,
extracted_into,record.supporting_chunk_id links to evidence chunk,evidence_chunk:chunk_src_search_6e578fc529e9_006,evidence_chunk,normalized_record:rec_src_search_6e578fc529e9_001,normalized_record,
extracted_into,record.supporting_chunk_id links to evidence chunk,evidence_chunk:chunk_src_search_cd5fb2750261_008,evidence_chunk,normalized_record:rec_src_search_cd5fb2750261_001,normalized_record,
extracted_into,record.supporting_chunk_id links to evidence chunk,evidence_chunk:chunk_src_search_cd5fb2750261_009,evidence_chunk,normalized_record:rec_src_search_cd5fb2750261_002,normalized_record,
extracted_into,record.supporting_chunk_id links to evidence chunk,evidence_chunk:chunk_src_search_d1d6036be2f6_014,evidence_chunk,normalized_record:rec_src_search_d1d6036be2f6_001,normalized_record,
extracted_into,record.supporting_chunk_id links to evidence chunk,evidence_chunk:chunk_src_search_d1d6036be2f6_014,evidence_chunk,normalized_record:rec_src_search_d1d6036be2f6_002,normalized_record,
extracted_into,record.supporting_chunk_id links to evidence chunk,evidence_chunk:chunk_src_search_d1d6036be2f6_015,evidence_chunk,normalized_record:rec_src_search_d1d6036be2f6_003,normalized_record,
extracted_into,record.supporting_chunk_id links to evidence chunk,evidence_chunk:chunk_src_search_d1d6036be2f6_016,evidence_chunk,normalized_record:rec_src_search_d1d6036be2f6_004,normalized_record,
extracted_into,record.supporting_chunk_id links to evidence chunk,evidence_chunk:chunk_src_search_d1d6036be2f6_016,evidence_chunk,normalized_record:rec_src_search_d1d6036be2f6_005,normalized_record,
extracted_into,record.supporting_chunk_id links to evidence chunk,evidence_chunk:chunk_src_search_d1d6036be2f6_017,evidence_chunk,normalized_record:rec_src_search_d1d6036be2f6_006,normalized_record,
extracted_into,record.supporting_chunk_id links to evidence chunk,evidence_chunk:chunk_src_search_d1d6036be2f6_018,evidence_chunk,normalized_record:rec_src_search_d1d6036be2f6_007,normalized_record,
extracted_into,record.supporting_chunk_id links to evidence chunk,evidence_chunk:chunk_src_search_3109afb35d90_021,evidence_chunk,normalized_record:rec_src_search_3109afb35d90_001,normalized_record,
extracted_into,record.supporting_chunk_id links to evidence chunk,evidence_chunk:chunk_src_search_3109afb35d90_023,evidence_chunk,normalized_record:rec_src_search_3109afb35d90_002,normalized_record,
extracted_into,record.supporting_chunk_id links to evidence chunk,evidence_chunk:chunk_src_search_3109afb35d90_023,evidence_chunk,normalized_record:rec_src_search_3109afb35d90_003,normalized_record,
extracted_into,record.supporting_chunk_id links to evidence chunk,evidence_chunk:chunk_src_search_3109afb35d90_023,evidence_chunk,normalized_record:rec_src_search_3109afb35d90_004,normalized_record,
extracted_into,record.supporting_chunk_id links to evidence chunk,evidence_chunk:chunk_src_search_283a8bed6a9d_044,evidence_chunk,normalized_record:rec_src_search_283a8bed6a9d_001,normalized_record,
extracted_into,record.supporting_chunk_id links to evidence chunk,evidence_chunk:chunk_src_search_283a8bed6a9d_044,evidence_chunk,normalized_record:rec_src_search_283a8bed6a9d_002,normalized_record,
extracted_into,record.supporting_chunk_id links to evidence chunk,evidence_chunk:chunk_src_search_283a8bed6a9d_044,evidence_chunk,normalized_record:rec_src_search_283a8bed6a9d_003,normalized_record,
extracted_into,record.supporting_chunk_id links to evidence chunk,evidence_chunk:chunk_src_search_283a8bed6a9d_044,evidence_chunk,normalized_record:rec_src_search_283a8bed6a9d_004,normalized_record,
extracted_into,record.supporting_chunk_id links to evidence chunk,evidence_chunk:chunk_src_search_283a8bed6a9d_063,evidence_chunk,normalized_record:rec_src_search_283a8bed6a9d_005,normalized_record,
extracted_into,record.supporting_chunk_id links to evidence chunk,evidence_chunk:chunk_src_search_283a8bed6a9d_061,evidence_chunk,normalized_record:rec_src_search_283a8bed6a9d_006,normalized_record,
extracted_into,record.supporting_chunk_id links to evidence chunk,evidence_chunk:chunk_src_search_283a8bed6a9d_061,evidence_chunk,normalized_record:rec_src_search_283a8bed6a9d_007,normalized_record,
extracted_into,record.supporting_chunk_id links to evidence chunk,evidence_chunk:chunk_src_search_283a8bed6a9d_061,evidence_chunk,normalized_record:rec_src_search_283a8bed6a9d_008,normalized_record,
extracted_into,record.supporting_chunk_id links to evidence chunk,evidence_chunk:chunk_src_search_283a8bed6a9d_061,evidence_chunk,normalized_record:rec_src_search_283a8bed6a9d_009,normalized_record,
extracted_into,record.supporting_chunk_id links to evidence chunk,evidence_chunk:chunk_src_search_283a8bed6a9d_061,evidence_chunk,normalized_record:rec_src_search_283a8bed6a9d_010,normalized_record,
extracted_into,record.supporting_chunk_id links to evidence chunk,evidence_chunk:chunk_src_search_283a8bed6a9d_065,evidence_chunk,normalized_record:rec_src_search_283a8bed6a9d_011,normalized_record,
extracted_into,record.supporting_chunk_id links to evidence chunk,evidence_chunk:chunk_src_search_283a8bed6a9d_066,evidence_chunk,normalized_record:rec_src_search_283a8bed6a9d_012,normalized_record,
extracted_into,record.supporting_chunk_id links to evidence chunk,evidence_chunk:chunk_src_search_283a8bed6a9d_067,evidence_chunk,normalized_record:rec_src_search_283a8bed6a9d_013,normalized_record,
extracted_into,record.supporting_chunk_id links to evidence chunk,evidence_chunk:chunk_src_search_283a8bed6a9d_068,evidence_chunk,normalized_record:rec_src_search_283a8bed6a9d_014,normalized_record,
extracted_into,record.supporting_chunk_id links to evidence chunk,evidence_chunk:chunk_src_search_283a8bed6a9d_072,evidence_chunk,normalized_record:rec_src_search_283a8bed6a9d_015,normalized_record,
extracted_into,record.supporting_chunk_id links to evidence chunk,evidence_chunk:chunk_src_search_283a8bed6a9d_050,evidence_chunk,normalized_record:rec_src_search_283a8bed6a9d_016,normalized_record,
extracted_into,record.supporting_chunk_id links to evidence chunk,evidence_chunk:chunk_src_search_283a8bed6a9d_050,evidence_chunk,normalized_record:rec_src_search_283a8bed6a9d_017,normalized_record,
extracted_into,record.supporting_chunk_id links to evidence chunk,evidence_chunk:chunk_src_search_7cb311dd75e6_012,evidence_chunk,normalized_record:rec_src_search_7cb311dd75e6_001,normalized_record,
validated_into,matched provenance identifier,raw_record:rec_src_search_283a8bed6a9d_015,raw_record,validated_record:rec_src_search_283a8bed6a9d_015,validated_record,
normalized_into,matched provenance identifier,validated_record:rec_src_search_283a8bed6a9d_015,validated_record,normalized_record:rec_src_search_283a8bed6a9d_015,normalized_record,
validated_into,matched provenance identifier,raw_record:rec_src_search_87bd434eacdf_005,raw_record,validated_record:rec_src_search_87bd434eacdf_005,validated_record,
normalized_into,matched provenance identifier,validated_record:rec_src_search_87bd434eacdf_005,validated_record,normalized_record:rec_src_search_87bd434eacdf_005,normalized_record,
validated_into,matched provenance identifier,raw_record:rec_src_search_da86b7826545_001,raw_record,validated_record:rec_src_search_da86b7826545_001,validated_record,
normalized_into,matched provenance identifier,validated_record:rec_src_search_da86b7826545_001,validated_record,normalized_record:rec_src_search_da86b7826545_001,normalized_record,
validated_into,matched provenance identifier,raw_record:rec_src_search_283a8bed6a9d_012,raw_record,validated_record:rec_src_search_283a8bed6a9d_012,validated_record,
normalized_into,matched provenance identifier,validated_record:rec_src_search_283a8bed6a9d_012,validated_record,normalized_record:rec_src_search_283a8bed6a9d_012,normalized_record,
validated_into,matched provenance identifier,raw_record:rec_src_search_283a8bed6a9d_011,raw_record,validated_record:rec_src_search_283a8bed6a9d_011,validated_record,
normalized_into,matched provenance identifier,validated_record:rec_src_search_283a8bed6a9d_011,validated_record,normalized_record:rec_src_search_283a8bed6a9d_011,normalized_record,
validated_into,matched provenance identifier,raw_record:rec_src_search_8242cbb785a1_003,raw_record,validated_record:rec_src_search_8242cbb785a1_003,validated_record,
normalized_into,matched provenance identifier,validated_record:rec_src_search_8242cbb785a1_003,validated_record,normalized_record:rec_src_search_8242cbb785a1_003,normalized_record,
validated_into,matched provenance identifier,raw_record:rec_src_search_3109afb35d90_002,raw_record,validated_record:rec_src_search_3109afb35d90_002,validated_record,
normalized_into,matched provenance identifier,validated_record:rec_src_search_3109afb35d90_002,validated_record,normalized_record:rec_src_search_3109afb35d90_002,normalized_record,
validated_into,matched provenance identifier,raw_record:rec_src_search_283a8bed6a9d_002,raw_record,validated_record:rec_src_search_283a8bed6a9d_002,validated_record,
normalized_into,matched provenance identifier,validated_record:rec_src_search_283a8bed6a9d_002,validated_record,normalized_record:rec_src_search_283a8bed6a9d_002,normalized_record,
validated_into,matched provenance identifier,raw_record:rec_src_search_283a8bed6a9d_014,raw_record,validated_record:rec_src_search_283a8bed6a9d_014,validated_record,
normalized_into,matched provenance identifier,validated_record:rec_src_search_283a8bed6a9d_014,validated_record,normalized_record:rec_src_search_283a8bed6a9d_014,normalized_record,
validated_into,matched provenance identifier,raw_record:rec_src_search_da86b7826545_005,raw_record,validated_record:rec_src_search_da86b7826545_005,validated_record,
normalized_into,matched provenance identifier,validated_record:rec_src_search_da86b7826545_005,validated_record,normalized_record:rec_src_search_da86b7826545_005,normalized_record,
validated_into,matched provenance identifier,raw_record:rec_src_search_d1d6036be2f6_001,raw_record,validated_record:rec_src_search_d1d6036be2f6_001,validated_record,
normalized_into,matched provenance identifier,validated_record:rec_src_search_d1d6036be2f6_001,validated_record,normalized_record:rec_src_search_d1d6036be2f6_001,normalized_record,
validated_into,matched provenance identifier,raw_record:rec_src_search_87bd434eacdf_001,raw_record,validated_record:rec_src_search_87bd434eacdf_001,validated_record,
normalized_into,matched provenance identifier,validated_record:rec_src_search_87bd434eacdf_001,validated_record,normalized_record:rec_src_search_87bd434eacdf_001,normalized_record,
validated_into,matched provenance identifier,raw_record:rec_src_search_283a8bed6a9d_005,raw_record,validated_record:rec_src_search_283a8bed6a9d_005,validated_record,
normalized_into,matched provenance identifier,validated_record:rec_src_search_283a8bed6a9d_005,validated_record,normalized_record:rec_src_search_283a8bed6a9d_005,normalized_record,
validated_into,matched provenance identifier,raw_record:rec_src_search_3109afb35d90_003,raw_record,validated_record:rec_src_search_3109afb35d90_003,validated_record,
normalized_into,matched provenance identifier,validated_record:rec_src_search_3109afb35d90_003,validated_record,normalized_record:rec_src_search_3109afb35d90_003,normalized_record,
validated_into,matched provenance identifier,raw_record:rec_src_search_3f4cf9d46ec9_001,raw_record,validated_record:rec_src_search_3f4cf9d46ec9_001,validated_record,
normalized_into,matched provenance identifier,validated_record:rec_src_search_3f4cf9d46ec9_001,validated_record,normalized_record:rec_src_search_3f4cf9d46ec9_001,normalized_record,
validated_into,matched provenance identifier,raw_record:rec_src_search_283a8bed6a9d_003,raw_record,validated_record:rec_src_search_283a8bed6a9d_003,validated_record,
normalized_into,matched provenance identifier,validated_record:rec_src_search_283a8bed6a9d_003,validated_record,normalized_record:rec_src_search_283a8bed6a9d_003,normalized_record,
validated_into,matched provenance identifier,raw_record:rec_src_search_283a8bed6a9d_013,raw_record,validated_record:rec_src_search_283a8bed6a9d_013,validated_record,
normalized_into,matched provenance identifier,validated_record:rec_src_search_283a8bed6a9d_013,validated_record,normalized_record:rec_src_search_283a8bed6a9d_013,normalized_record,
validated_into,matched provenance identifier,raw_record:rec_src_search_d1d6036be2f6_004,raw_record,validated_record:rec_src_search_d1d6036be2f6_004,validated_record,
normalized_into,matched provenance identifier,validated_record:rec_src_search_d1d6036be2f6_004,validated_record,normalized_record:rec_src_search_d1d6036be2f6_004,normalized_record,
validated_into,matched provenance identifier,raw_record:rec_src_search_3109afb35d90_004,raw_record,validated_record:rec_src_search_3109afb35d90_004,validated_record,
normalized_into,matched provenance identifier,validated_record:rec_src_search_3109afb35d90_004,validated_record,normalized_record:rec_src_search_3109afb35d90_004,normalized_record,
validated_into,matched provenance identifier,raw_record:rec_src_search_87bd434eacdf_003,raw_record,validated_record:rec_src_search_87bd434eacdf_003,validated_record,
normalized_into,matched provenance identifier,validated_record:rec_src_search_87bd434eacdf_003,validated_record,normalized_record:rec_src_search_87bd434eacdf_003,normalized_record,
validated_into,matched provenance identifier,raw_record:rec_src_search_3e232b5b243d_001,raw_record,validated_record:rec_src_search_3e232b5b243d_001,validated_record,
normalized_into,matched provenance identifier,validated_record:rec_src_search_3e232b5b243d_001,validated_record,normalized_record:rec_src_search_3e232b5b243d_001,normalized_record,
validated_into,matched provenance identifier,raw_record:rec_src_search_3109afb35d90_001,raw_record,validated_record:rec_src_search_3109afb35d90_001,validated_record,
normalized_into,matched provenance identifier,validated_record:rec_src_search_3109afb35d90_001,validated_record,normalized_record:rec_src_search_3109afb35d90_001,normalized_record,
validated_into,matched provenance identifier,raw_record:rec_src_search_283a8bed6a9d_001,raw_record,validated_record:rec_src_search_283a8bed6a9d_001,validated_record,
normalized_into,matched provenance identifier,validated_record:rec_src_search_283a8bed6a9d_001,validated_record,normalized_record:rec_src_search_283a8bed6a9d_001,normalized_record,
validated_into,matched provenance identifier,raw_record:rec_src_search_283a8bed6a9d_008,raw_record,validated_record:rec_src_search_283a8bed6a9d_008,validated_record,
normalized_into,matched provenance identifier,validated_record:rec_src_search_283a8bed6a9d_008,validated_record,normalized_record:rec_src_search_283a8bed6a9d_008,normalized_record,
validated_into,matched provenance identifier,raw_record:rec_src_search_8242cbb785a1_002,raw_record,validated_record:rec_src_search_8242cbb785a1_002,validated_record,
normalized_into,matched provenance identifier,validated_record:rec_src_search_8242cbb785a1_002,validated_record,normalized_record:rec_src_search_8242cbb785a1_002,normalized_record,
validated_into,matched provenance identifier,raw_record:rec_src_search_da86b7826545_003,raw_record,validated_record:rec_src_search_da86b7826545_003,validated_record,
normalized_into,matched provenance identifier,validated_record:rec_src_search_da86b7826545_003,validated_record,normalized_record:rec_src_search_da86b7826545_003,normalized_record,
validated_into,matched provenance identifier,raw_record:rec_src_search_87bd434eacdf_002,raw_record,validated_record:rec_src_search_87bd434eacdf_002,validated_record,
normalized_into,matched provenance identifier,validated_record:rec_src_search_87bd434eacdf_002,validated_record,normalized_record:rec_src_search_87bd434eacdf_002,normalized_record,
validated_into,matched provenance identifier,raw_record:rec_src_search_da86b7826545_004,raw_record,validated_record:rec_src_search_da86b7826545_004,validated_record,
normalized_into,matched provenance identifier,validated_record:rec_src_search_da86b7826545_004,validated_record,normalized_record:rec_src_search_da86b7826545_004,normalized_record,
validated_into,matched provenance identifier,raw_record:rec_src_search_3e232b5b243d_002,raw_record,validated_record:rec_src_search_3e232b5b243d_002,validated_record,
normalized_into,matched provenance identifier,validated_record:rec_src_search_3e232b5b243d_002,validated_record,normalized_record:rec_src_search_3e232b5b243d_002,normalized_record,
validated_into,matched provenance identifier,raw_record:rec_src_search_8242cbb785a1_001,raw_record,validated_record:rec_src_search_8242cbb785a1_001,validated_record,
normalized_into,matched provenance identifier,validated_record:rec_src_search_8242cbb785a1_001,validated_record,normalized_record:rec_src_search_8242cbb785a1_001,normalized_record,
validated_into,matched provenance identifier,raw_record:rec_src_search_d1d6036be2f6_005,raw_record,validated_record:rec_src_search_d1d6036be2f6_005,validated_record,
normalized_into,matched provenance identifier,validated_record:rec_src_search_d1d6036be2f6_005,validated_record,normalized_record:rec_src_search_d1d6036be2f6_005,normalized_record,
validated_into,matched provenance identifier,raw_record:rec_src_search_6e578fc529e9_001,raw_record,validated_record:rec_src_search_6e578fc529e9_001,validated_record,
normalized_into,matched provenance identifier,validated_record:rec_src_search_6e578fc529e9_001,validated_record,normalized_record:rec_src_search_6e578fc529e9_001,normalized_record,
validated_into,matched provenance identifier,raw_record:rec_src_search_d1d6036be2f6_007,raw_record,validated_record:rec_src_search_d1d6036be2f6_007,validated_record,
normalized_into,matched provenance identifier,validated_record:rec_src_search_d1d6036be2f6_007,validated_record,normalized_record:rec_src_search_d1d6036be2f6_007,normalized_record,
validated_into,matched provenance identifier,raw_record:rec_src_search_7cb311dd75e6_001,raw_record,validated_record:rec_src_search_7cb311dd75e6_001,validated_record,
normalized_into,matched provenance identifier,validated_record:rec_src_search_7cb311dd75e6_001,validated_record,normalized_record:rec_src_search_7cb311dd75e6_001,normalized_record,
validated_into,matched provenance identifier,raw_record:rec_src_search_283a8bed6a9d_004,raw_record,validated_record:rec_src_search_283a8bed6a9d_004,validated_record,
normalized_into,matched provenance identifier,validated_record:rec_src_search_283a8bed6a9d_004,validated_record,normalized_record:rec_src_search_283a8bed6a9d_004,normalized_record,
validated_into,matched provenance identifier,raw_record:rec_src_search_8242cbb785a1_004,raw_record,validated_record:rec_src_search_8242cbb785a1_004,validated_record,
normalized_into,matched provenance identifier,validated_record:rec_src_search_8242cbb785a1_004,validated_record,normalized_record:rec_src_search_8242cbb785a1_004,normalized_record,
validated_into,matched provenance identifier,raw_record:rec_src_search_283a8bed6a9d_017,raw_record,validated_record:rec_src_search_283a8bed6a9d_017,validated_record,
normalized_into,matched provenance identifier,validated_record:rec_src_search_283a8bed6a9d_017,validated_record,normalized_record:rec_src_search_283a8bed6a9d_017,normalized_record,
validated_into,matched provenance identifier,raw_record:rec_src_search_3f4cf9d46ec9_002,raw_record,validated_record:rec_src_search_3f4cf9d46ec9_002,validated_record,
normalized_into,matched provenance identifier,validated_record:rec_src_search_3f4cf9d46ec9_002,validated_record,normalized_record:rec_src_search_3f4cf9d46ec9_002,normalized_record,
validated_into,matched provenance identifier,raw_record:rec_src_search_d1d6036be2f6_003,raw_record,validated_record:rec_src_search_d1d6036be2f6_003,validated_record,
normalized_into,matched provenance identifier,validated_record:rec_src_search_d1d6036be2f6_003,validated_record,normalized_record:rec_src_search_d1d6036be2f6_003,normalized_record,
validated_into,matched provenance identifier,raw_record:rec_src_search_283a8bed6a9d_010,raw_record,validated_record:rec_src_search_283a8bed6a9d_010,validated_record,
normalized_into,matched provenance identifier,validated_record:rec_src_search_283a8bed6a9d_010,validated_record,normalized_record:rec_src_search_283a8bed6a9d_010,normalized_record,
validated_into,matched provenance identifier,raw_record:rec_src_search_87bd434eacdf_004,raw_record,validated_record:rec_src_search_87bd434eacdf_004,validated_record,
normalized_into,matched provenance identifier,validated_record:rec_src_search_87bd434eacdf_004,validated_record,normalized_record:rec_src_search_87bd434eacdf_004,normalized_record,
validated_into,matched provenance identifier,raw_record:rec_src_search_283a8bed6a9d_009,raw_record,validated_record:rec_src_search_283a8bed6a9d_009,validated_record,
normalized_into,matched provenance identifier,validated_record:rec_src_search_283a8bed6a9d_009,validated_record,normalized_record:rec_src_search_283a8bed6a9d_009,normalized_record,
validated_into,matched provenance identifier,raw_record:rec_src_search_da86b7826545_002,raw_record,validated_record:rec_src_search_da86b7826545_002,validated_record,
normalized_into,matched provenance identifier,validated_record:rec_src_search_da86b7826545_002,validated_record,normalized_record:rec_src_search_da86b7826545_002,normalized_record,
validated_into,matched provenance identifier,raw_record:rec_src_search_d1d6036be2f6_002,raw_record,validated_record:rec_src_search_d1d6036be2f6_002,validated_record,
normalized_into,matched provenance identifier,validated_record:rec_src_search_d1d6036be2f6_002,validated_record,normalized_record:rec_src_search_d1d6036be2f6_002,normalized_record,
validated_into,matched provenance identifier,raw_record:rec_src_search_3f4cf9d46ec9_003,raw_record,validated_record:rec_src_search_3f4cf9d46ec9_003,validated_record,
normalized_into,matched provenance identifier,validated_record:rec_src_search_3f4cf9d46ec9_003,validated_record,normalized_record:rec_src_search_3f4cf9d46ec9_003,normalized_record,
validated_into,matched provenance identifier,raw_record:rec_src_search_283a8bed6a9d_006,raw_record,validated_record:rec_src_search_283a8bed6a9d_006,validated_record,
normalized_into,matched provenance identifier,validated_record:rec_src_search_283a8bed6a9d_006,validated_record,normalized_record:rec_src_search_283a8bed6a9d_006,normalized_record,
validated_into,matched provenance identifier,raw_record:rec_src_search_283a8bed6a9d_007,raw_record,validated_record:rec_src_search_283a8bed6a9d_007,validated_record,
normalized_into,matched provenance identifier,validated_record:rec_src_search_283a8bed6a9d_007,validated_record,normalized_record:rec_src_search_283a8bed6a9d_007,normalized_record,
validated_into,matched provenance identifier,raw_record:rec_src_search_d1d6036be2f6_006,raw_record,validated_record:rec_src_search_d1d6036be2f6_006,validated_record,
normalized_into,matched provenance identifier,validated_record:rec_src_search_d1d6036be2f6_006,validated_record,normalized_record:rec_src_search_d1d6036be2f6_006,normalized_record,
validated_into,matched provenance identifier,raw_record:rec_src_search_cd5fb2750261_001,raw_record,validated_record:rec_src_search_cd5fb2750261_001,validated_record,
normalized_into,matched provenance identifier,validated_record:rec_src_search_cd5fb2750261_001,validated_record,normalized_record:rec_src_search_cd5fb2750261_001,normalized_record,
validated_into,matched provenance identifier,raw_record:rec_src_search_283a8bed6a9d_016,raw_record,validated_record:rec_src_search_283a8bed6a9d_016,validated_record,
normalized_into,matched provenance identifier,validated_record:rec_src_search_283a8bed6a9d_016,validated_record,normalized_record:rec_src_search_283a8bed6a9d_016,normalized_record,
validated_into,matched provenance identifier,raw_record:rec_src_search_cd5fb2750261_002,raw_record,validated_record:rec_src_search_cd5fb2750261_002,validated_record,
normalized_into,matched provenance identifier,validated_record:rec_src_search_cd5fb2750261_002,validated_record,normalized_record:rec_src_search_cd5fb2750261_002,normalized_record,
produced_claim,matched provenance identifier,normalized_record:rec_src_search_87bd434eacdf_001,normalized_record,claim:claim_rec_src_search_87bd434eacdf_001_cases_unspecified,claim,
produced_claim,matched provenance identifier,normalized_record:rec_src_search_87bd434eacdf_002,normalized_record,claim:claim_rec_src_search_87bd434eacdf_002_cases_unspecified,claim,
produced_claim,matched provenance identifier,normalized_record:rec_src_search_87bd434eacdf_003,normalized_record,claim:claim_rec_src_search_87bd434eacdf_003_hospitalizations,claim,
produced_claim,matched provenance identifier,normalized_record:rec_src_search_87bd434eacdf_004,normalized_record,claim:claim_rec_src_search_87bd434eacdf_004_cases_unspecified,claim,
produced_claim,matched provenance identifier,normalized_record:rec_src_search_87bd434eacdf_005,normalized_record,claim:claim_rec_src_search_87bd434eacdf_005_cases_unspecified,claim,
produced_claim,matched provenance identifier,normalized_record:rec_src_search_3e232b5b243d_001,normalized_record,claim:claim_rec_src_search_3e232b5b243d_001_cases_confirmed,claim,
produced_claim,matched provenance identifier,normalized_record:rec_src_search_3e232b5b243d_002,normalized_record,claim:claim_rec_src_search_3e232b5b243d_002_deaths,claim,
produced_claim,matched provenance identifier,normalized_record:rec_src_search_3f4cf9d46ec9_001,normalized_record,claim:claim_rec_src_search_3f4cf9d46ec9_001_cases_unspecified,claim,
produced_claim,matched provenance identifier,normalized_record:rec_src_search_3f4cf9d46ec9_002,normalized_record,claim:claim_rec_src_search_3f4cf9d46ec9_002_cases_unspecified,claim,
produced_claim,matched provenance identifier,normalized_record:rec_src_search_3f4cf9d46ec9_003,normalized_record,claim:claim_rec_src_search_3f4cf9d46ec9_003_observation,claim,
produced_claim,matched provenance identifier,normalized_record:rec_src_search_da86b7826545_001,normalized_record,claim:claim_rec_src_search_da86b7826545_001_cases_unspecified,claim,
produced_claim,matched provenance identifier,normalized_record:rec_src_search_da86b7826545_001,normalized_record,claim:claim_rec_src_search_da86b7826545_001_deaths,claim,
produced_claim,matched provenance identifier,normalized_record:rec_src_search_da86b7826545_001,normalized_record,claim:claim_rec_src_search_da86b7826545_001_hospitalizations,claim,
produced_claim,matched provenance identifier,normalized_record:rec_src_search_da86b7826545_002,normalized_record,claim:claim_rec_src_search_da86b7826545_002_cases_unspecified,claim,
produced_claim,matched provenance identifier,normalized_record:rec_src_search_da86b7826545_003,normalized_record,claim:claim_rec_src_search_da86b7826545_003_cases_unspecified,claim,
produced_claim,matched provenance identifier,normalized_record:rec_src_search_da86b7826545_004,normalized_record,claim:claim_rec_src_search_da86b7826545_004_cases_unspecified,claim,
produced_claim,matched provenance identifier,normalized_record:rec_src_search_da86b7826545_005,normalized_record,claim:claim_rec_src_search_da86b7826545_005_cases_unspecified,claim,
produced_claim,matched provenance identifier,normalized_record:rec_src_search_8242cbb785a1_001,normalized_record,claim:claim_rec_src_search_8242cbb785a1_001_cases_confirmed,claim,
produced_claim,matched provenance identifier,normalized_record:rec_src_search_8242cbb785a1_002,normalized_record,claim:claim_rec_src_search_8242cbb785a1_002_cases_confirmed,claim,
produced_claim,matched provenance identifier,normalized_record:rec_src_search_8242cbb785a1_002,normalized_record,claim:claim_rec_src_search_8242cbb785a1_002_deaths,claim,
produced_claim,matched provenance identifier,normalized_record:rec_src_search_8242cbb785a1_003,normalized_record,claim:claim_rec_src_search_8242cbb785a1_003_cases_confirmed,claim,
produced_claim,matched provenance identifier,normalized_record:rec_src_search_8242cbb785a1_003,normalized_record,claim:claim_rec_src_search_8242cbb785a1_003_deaths,claim,
produced_claim,matched provenance identifier,normalized_record:rec_src_search_8242cbb785a1_004,normalized_record,claim:claim_rec_src_search_8242cbb785a1_004_cases_confirmed,claim,
produced_claim,matched provenance identifier,normalized_record:rec_src_search_8242cbb785a1_004,normalized_record,claim:claim_rec_src_search_8242cbb785a1_004_deaths,claim,
produced_claim,matched provenance identifier,normalized_record:rec_src_search_6e578fc529e9_001,normalized_record,claim:claim_rec_src_search_6e578fc529e9_001_cases_confirmed,claim,
produced_claim,matched provenance identifier,normalized_record:rec_src_search_6e578fc529e9_001,normalized_record,claim:claim_rec_src_search_6e578fc529e9_001_deaths,claim,
produced_claim,matched provenance identifier,normalized_record:rec_src_search_cd5fb2750261_001,normalized_record,claim:claim_rec_src_search_cd5fb2750261_001_cases_confirmed,claim,
produced_claim,matched provenance identifier,normalized_record:rec_src_search_cd5fb2750261_002,normalized_record,claim:claim_rec_src_search_cd5fb2750261_002_cases_confirmed,claim,
produced_claim,matched provenance identifier,normalized_record:rec_src_search_d1d6036be2f6_001,normalized_record,claim:claim_rec_src_search_d1d6036be2f6_001_cases_unspecified,claim,
produced_claim,matched provenance identifier,normalized_record:rec_src_search_d1d6036be2f6_002,normalized_record,claim:claim_rec_src_search_d1d6036be2f6_002_cases_unspecified,claim,
produced_claim,matched provenance identifier,normalized_record:rec_src_search_d1d6036be2f6_003,normalized_record,claim:claim_rec_src_search_d1d6036be2f6_003_observation,claim,
produced_claim,matched provenance identifier,normalized_record:rec_src_search_d1d6036be2f6_004,normalized_record,claim:claim_rec_src_search_d1d6036be2f6_004_cases_confirmed,claim,
produced_claim,matched provenance identifier,normalized_record:rec_src_search_d1d6036be2f6_004,normalized_record,claim:claim_rec_src_search_d1d6036be2f6_004_deaths,claim,
produced_claim,matched provenance identifier,normalized_record:rec_src_search_d1d6036be2f6_005,normalized_record,claim:claim_rec_src_search_d1d6036be2f6_005_observation,claim,
produced_claim,matched provenance identifier,normalized_record:rec_src_search_d1d6036be2f6_006,normalized_record,claim:claim_rec_src_search_d1d6036be2f6_006_cases_unspecified,claim,
produced_claim,matched provenance identifier,normalized_record:rec_src_search_d1d6036be2f6_007,normalized_record,claim:claim_rec_src_search_d1d6036be2f6_007_cases_unspecified,claim,
produced_claim,matched provenance identifier,normalized_record:rec_src_search_3109afb35d90_001,normalized_record,claim:claim_rec_src_search_3109afb35d90_001_cases_confirmed,claim,
produced_claim,matched provenance identifier,normalized_record:rec_src_search_3109afb35d90_002,normalized_record,claim:claim_rec_src_search_3109afb35d90_002_cases_unspecified,claim,
produced_claim,matched provenance identifier,normalized_record:rec_src_search_3109afb35d90_003,normalized_record,claim:claim_rec_src_search_3109afb35d90_003_cases_unspecified,claim,
produced_claim,matched provenance identifier,normalized_record:rec_src_search_3109afb35d90_004,normalized_record,claim:claim_rec_src_search_3109afb35d90_004_cases_unspecified,claim,
produced_claim,matched provenance identifier,normalized_record:rec_src_search_283a8bed6a9d_001,normalized_record,claim:claim_rec_src_search_283a8bed6a9d_001_cases_confirmed,claim,
produced_claim,matched provenance identifier,normalized_record:rec_src_search_283a8bed6a9d_002,normalized_record,claim:claim_rec_src_search_283a8bed6a9d_002_cases_confirmed,claim,
produced_claim,matched provenance identifier,normalized_record:rec_src_search_283a8bed6a9d_003,normalized_record,claim:claim_rec_src_search_283a8bed6a9d_003_observation,claim,
produced_claim,matched provenance identifier,normalized_record:rec_src_search_283a8bed6a9d_004,normalized_record,claim:claim_rec_src_search_283a8bed6a9d_004_observation,claim,
produced_claim,matched provenance identifier,normalized_record:rec_src_search_283a8bed6a9d_005,normalized_record,claim:claim_rec_src_search_283a8bed6a9d_005_cases_unspecified,claim,
produced_claim,matched provenance identifier,normalized_record:rec_src_search_283a8bed6a9d_006,normalized_record,claim:claim_rec_src_search_283a8bed6a9d_006_observation,claim,
produced_claim,matched provenance identifier,normalized_record:rec_src_search_283a8bed6a9d_007,normalized_record,claim:claim_rec_src_search_283a8bed6a9d_007_cases_unspecified,claim,
produced_claim,matched provenance identifier,normalized_record:rec_src_search_283a8bed6a9d_008,normalized_record,claim:claim_rec_src_search_283a8bed6a9d_008_observation,claim,
produced_claim,matched provenance identifier,normalized_record:rec_src_search_283a8bed6a9d_009,normalized_record,claim:claim_rec_src_search_283a8bed6a9d_009_cases_unspecified,claim,
produced_claim,matched provenance identifier,normalized_record:rec_src_search_283a8bed6a9d_010,normalized_record,claim:claim_rec_src_search_283a8bed6a9d_010_cases_unspecified,claim,
produced_claim,matched provenance identifier,normalized_record:rec_src_search_283a8bed6a9d_011,normalized_record,claim:claim_rec_src_search_283a8bed6a9d_011_cases_unspecified,claim,
produced_claim,matched provenance identifier,normalized_record:rec_src_search_283a8bed6a9d_011,normalized_record,claim:claim_rec_src_search_283a8bed6a9d_011_hospitalizations,claim,
produced_claim,matched provenance identifier,normalized_record:rec_src_search_283a8bed6a9d_012,normalized_record,claim:claim_rec_src_search_283a8bed6a9d_012_hospitalizations,claim,
produced_claim,matched provenance identifier,normalized_record:rec_src_search_283a8bed6a9d_013,normalized_record,claim:claim_rec_src_search_283a8bed6a9d_013_hospitalizations,claim,
produced_claim,matched provenance identifier,normalized_record:rec_src_search_283a8bed6a9d_014,normalized_record,claim:claim_rec_src_search_283a8bed6a9d_014_hospitalizations,claim,
produced_claim,matched provenance identifier,normalized_record:rec_src_search_283a8bed6a9d_015,normalized_record,claim:claim_rec_src_search_283a8bed6a9d_015_cases_unspecified,claim,
produced_claim,matched provenance identifier,normalized_record:rec_src_search_283a8bed6a9d_016,normalized_record,claim:claim_rec_src_search_283a8bed6a9d_016_deaths,claim,
produced_claim,matched provenance identifier,normalized_record:rec_src_search_283a8bed6a9d_017,normalized_record,claim:claim_rec_src_search_283a8bed6a9d_017_deaths,claim,
produced_claim,matched provenance identifier,normalized_record:rec_src_search_7cb311dd75e6_001,normalized_record,claim:claim_rec_src_search_7cb311dd75e6_001_cases_confirmed,claim,
compared_with,matched provenance identifier,claim:claim_rec_src_search_87bd434eacdf_001_cases_unspecified,claim,claim_comparison:claim_cmp_001,claim_comparison,
compared_with,matched provenance identifier,claim:claim_rec_src_search_87bd434eacdf_002_cases_unspecified,claim,claim_comparison:claim_cmp_001,claim_comparison,
compared_with,matched provenance identifier,claim:claim_rec_src_search_87bd434eacdf_001_cases_unspecified,claim,claim_comparison:claim_cmp_002,claim_comparison,
compared_with,matched provenance identifier,claim:claim_rec_src_search_87bd434eacdf_003_hospitalizations,claim,claim_comparison:claim_cmp_002,claim_comparison,
compared_with,matched provenance identifier,claim:claim_rec_src_search_87bd434eacdf_001_cases_unspecified,claim,claim_comparison:claim_cmp_003,claim_comparison,
compared_with,matched provenance identifier,claim:claim_rec_src_search_87bd434eacdf_004_cases_unspecified,claim,claim_comparison:claim_cmp_003,claim_comparison,
compared_with,matched provenance identifier,claim:claim_rec_src_search_87bd434eacdf_001_cases_unspecified,claim,claim_comparison:claim_cmp_004,claim_comparison,
compared_with,matched provenance identifier,claim:claim_rec_src_search_87bd434eacdf_005_cases_unspecified,claim,claim_comparison:claim_cmp_004,claim_comparison,
compared_with,matched provenance identifier,claim:claim_rec_src_search_87bd434eacdf_001_cases_unspecified,claim,claim_comparison:claim_cmp_005,claim_comparison,
compared_with,matched provenance identifier,claim:claim_rec_src_search_3e232b5b243d_001_cases_confirmed,claim,claim_comparison:claim_cmp_005,claim_comparison,
compared_with,matched provenance identifier,claim:claim_rec_src_search_87bd434eacdf_001_cases_unspecified,claim,claim_comparison:claim_cmp_006,claim_comparison,
compared_with,matched provenance identifier,claim:claim_rec_src_search_3e232b5b243d_002_deaths,claim,claim_comparison:claim_cmp_006,claim_comparison,
compared_with,matched provenance identifier,claim:claim_rec_src_search_87bd434eacdf_001_cases_unspecified,claim,claim_comparison:claim_cmp_007,claim_comparison,
compared_with,matched provenance identifier,claim:claim_rec_src_search_3f4cf9d46ec9_001_cases_unspecified,claim,claim_comparison:claim_cmp_007,claim_comparison,
compared_with,matched provenance identifier,claim:claim_rec_src_search_87bd434eacdf_001_cases_unspecified,claim,claim_comparison:claim_cmp_008,claim_comparison,
compared_with,matched provenance identifier,claim:claim_rec_src_search_3f4cf9d46ec9_002_cases_unspecified,claim,claim_comparison:claim_cmp_008,claim_comparison,
compared_with,matched provenance identifier,claim:claim_rec_src_search_87bd434eacdf_001_cases_unspecified,claim,claim_comparison:claim_cmp_009,claim_comparison,
compared_with,matched provenance identifier,claim:claim_rec_src_search_3f4cf9d46ec9_003_observation,claim,claim_comparison:claim_cmp_009,claim_comparison,
compared_with,matched provenance identifier,claim:claim_rec_src_search_87bd434eacdf_001_cases_unspecified,claim,claim_comparison:claim_cmp_010,claim_comparison,
compared_with,matched provenance identifier,claim:claim_rec_src_search_da86b7826545_001_cases_unspecified,claim,claim_comparison:claim_cmp_010,claim_comparison,
compared_with,matched provenance identifier,claim:claim_rec_src_search_87bd434eacdf_001_cases_unspecified,claim,claim_comparison:claim_cmp_011,claim_comparison,
compared_with,matched provenance identifier,claim:claim_rec_src_search_da86b7826545_001_deaths,claim,claim_comparison:claim_cmp_011,claim_comparison,
compared_with,matched provenance identifier,claim:claim_rec_src_search_87bd434eacdf_001_cases_unspecified,claim,claim_comparison:claim_cmp_012,claim_comparison,
compared_with,matched provenance identifier,claim:claim_rec_src_search_da86b7826545_001_hospitalizations,claim,claim_comparison:claim_cmp_012,claim_comparison,
compared_with,matched provenance identifier,claim:claim_rec_src_search_87bd434eacdf_001_cases_unspecified,claim,claim_comparison:claim_cmp_013,claim_comparison,
compared_with,matched provenance identifier,claim:claim_rec_src_search_da86b7826545_002_cases_unspecified,claim,claim_comparison:claim_cmp_013,claim_comparison,
compared_with,matched provenance identifier,claim:claim_rec_src_search_87bd434eacdf_001_cases_unspecified,claim,claim_comparison:claim_cmp_014,claim_comparison,
compared_with,matched provenance identifier,claim:claim_rec_src_search_da86b7826545_003_cases_unspecified,claim,claim_comparison:claim_cmp_014,claim_comparison,
compared_with,matched provenance identifier,claim:claim_rec_src_search_87bd434eacdf_001_cases_unspecified,claim,claim_comparison:claim_cmp_015,claim_comparison,
compared_with,matched provenance identifier,claim:claim_rec_src_search_da86b7826545_004_cases_unspecified,claim,claim_comparison:claim_cmp_015,claim_comparison,
compared_with,matched provenance identifier,claim:claim_rec_src_search_87bd434eacdf_001_cases_unspecified,claim,claim_comparison:claim_cmp_016,claim_comparison,
compared_with,matched provenance identifier,claim:claim_rec_src_search_da86b7826545_005_cases_unspecified,claim,claim_comparison:claim_cmp_016,claim_comparison,
compared_with,matched provenance identifier,claim:claim_rec_src_search_87bd434eacdf_001_cases_unspecified,claim,claim_comparison:claim_cmp_017,claim_comparison,
compared_with,matched provenance identifier,claim:claim_rec_src_search_8242cbb785a1_001_cases_confirmed,claim,claim_comparison:claim_cmp_017,claim_comparison,
compared_with,matched provenance identifier,claim:claim_rec_src_search_87bd434eacdf_001_cases_unspecified,claim,claim_comparison:claim_cmp_018,claim_comparison,
compared_with,matched provenance identifier,claim:claim_rec_src_search_8242cbb785a1_002_cases_confirmed,claim,claim_comparison:claim_cmp_018,claim_comparison,
compared_with,matched provenance identifier,claim:claim_rec_src_search_87bd434eacdf_001_cases_unspecified,claim,claim_comparison:claim_cmp_019,claim_comparison,
compared_with,matched provenance identifier,claim:claim_rec_src_search_8242cbb785a1_002_deaths,claim,claim_comparison:claim_cmp_019,claim_comparison,
compared_with,matched provenance identifier,claim:claim_rec_src_search_87bd434eacdf_001_cases_unspecified,claim,claim_comparison:claim_cmp_020,claim_comparison,
compared_with,matched provenance identifier,claim:claim_rec_src_search_8242cbb785a1_003_cases_confirmed,claim,claim_comparison:claim_cmp_020,claim_comparison,
compared_with,matched provenance identifier,claim:claim_rec_src_search_87bd434eacdf_001_cases_unspecified,claim,claim_comparison:claim_cmp_021,claim_comparison,
compared_with,matched provenance identifier,claim:claim_rec_src_search_8242cbb785a1_003_deaths,claim,claim_comparison:claim_cmp_021,claim_comparison,
compared_with,matched provenance identifier,claim:claim_rec_src_search_87bd434eacdf_001_cases_unspecified,claim,claim_comparison:claim_cmp_022,claim_comparison,
compared_with,matched provenance identifier,claim:claim_rec_src_search_8242cbb785a1_004_cases_confirmed,claim,claim_comparison:claim_cmp_022,claim_comparison,
compared_with,matched provenance identifier,claim:claim_rec_src_search_87bd434eacdf_001_cases_unspecified,claim,claim_comparison:claim_cmp_023,claim_comparison,
compared_with,matched provenance identifier,claim:claim_rec_src_search_8242cbb785a1_004_deaths,claim,claim_comparison:claim_cmp_023,claim_comparison,
compared_with,matched provenance identifier,claim:claim_rec_src_search_87bd434eacdf_001_cases_unspecified,claim,claim_comparison:claim_cmp_024,claim_comparison,
compared_with,matched provenance identifier,claim:claim_rec_src_search_6e578fc529e9_001_cases_confirmed,claim,claim_comparison:claim_cmp_024,claim_comparison,
compared_with,matched provenance identifier,claim:claim_rec_src_search_87bd434eacdf_001_cases_unspecified,claim,claim_comparison:claim_cmp_025,claim_comparison,
compared_with,matched provenance identifier,claim:claim_rec_src_search_6e578fc529e9_001_deaths,claim,claim_comparison:claim_cmp_025,claim_comparison,
compared_with,matched provenance identifier,claim:claim_rec_src_search_87bd434eacdf_001_cases_unspecified,claim,claim_comparison:claim_cmp_026,claim_comparison,
compared_with,matched provenance identifier,claim:claim_rec_src_search_cd5fb2750261_001_cases_confirmed,claim,claim_comparison:claim_cmp_026,claim_comparison,
compared_with,matched provenance identifier,claim:claim_rec_src_search_87bd434eacdf_001_cases_unspecified,claim,claim_comparison:claim_cmp_027,claim_comparison,
compared_with,matched provenance identifier,claim:claim_rec_src_search_cd5fb2750261_002_cases_confirmed,claim,claim_comparison:claim_cmp_027,claim_comparison,
compared_with,matched provenance identifier,claim:claim_rec_src_search_87bd434eacdf_001_cases_unspecified,claim,claim_comparison:claim_cmp_028,claim_comparison,
compared_with,matched provenance identifier,claim:claim_rec_src_search_d1d6036be2f6_001_cases_unspecified,claim,claim_comparison:claim_cmp_028,claim_comparison,
compared_with,matched provenance identifier,claim:claim_rec_src_search_87bd434eacdf_001_cases_unspecified,claim,claim_comparison:claim_cmp_029,claim_comparison,
compared_with,matched provenance identifier,claim:claim_rec_src_search_d1d6036be2f6_002_cases_unspecified,claim,claim_comparison:claim_cmp_029,claim_comparison,
compared_with,matched provenance identifier,claim:claim_rec_src_search_87bd434eacdf_001_cases_unspecified,claim,claim_comparison:claim_cmp_030,claim_comparison,
compared_with,matched provenance identifier,claim:claim_rec_src_search_d1d6036be2f6_003_observation,claim,claim_comparison:claim_cmp_030,claim_comparison,
compared_with,matched provenance identifier,claim:claim_rec_src_search_87bd434eacdf_001_cases_unspecified,claim,claim_comparison:claim_cmp_031,claim_comparison,
compared_with,matched provenance identifier,claim:claim_rec_src_search_d1d6036be2f6_004_cases_confirmed,claim,claim_comparison:claim_cmp_031,claim_comparison,
compared_with,matched provenance identifier,claim:claim_rec_src_search_87bd434eacdf_001_cases_unspecified,claim,claim_comparison:claim_cmp_032,claim_comparison,
compared_with,matched provenance identifier,claim:claim_rec_src_search_d1d6036be2f6_004_deaths,claim,claim_comparison:claim_cmp_032,claim_comparison,
compared_with,matched provenance identifier,claim:claim_rec_src_search_87bd434eacdf_001_cases_unspecified,claim,claim_comparison:claim_cmp_033,claim_comparison,
compared_with,matched provenance identifier,claim:claim_rec_src_search_d1d6036be2f6_005_observation,claim,claim_comparison:claim_cmp_033,claim_comparison,
compared_with,matched provenance identifier,claim:claim_rec_src_search_87bd434eacdf_001_cases_unspecified,claim,claim_comparison:claim_cmp_034,claim_comparison,
compared_with,matched provenance identifier,claim:claim_rec_src_search_d1d6036be2f6_006_cases_unspecified,claim,claim_comparison:claim_cmp_034,claim_comparison,
compared_with,matched provenance identifier,claim:claim_rec_src_search_87bd434eacdf_001_cases_unspecified,claim,claim_comparison:claim_cmp_035,claim_comparison,
compared_with,matched provenance identifier,claim:claim_rec_src_search_d1d6036be2f6_007_cases_unspecified,claim,claim_comparison:claim_cmp_035,claim_comparison,
compared_with,matched provenance identifier,claim:claim_rec_src_search_87bd434eacdf_001_cases_unspecified,claim,claim_comparison:claim_cmp_036,claim_comparison,
compared_with,matched provenance identifier,claim:claim_rec_src_search_3109afb35d90_001_cases_confirmed,claim,claim_comparison:claim_cmp_036,claim_comparison,
compared_with,matched provenance identifier,claim:claim_rec_src_search_87bd434eacdf_001_cases_unspecified,claim,claim_comparison:claim_cmp_037,claim_comparison,
compared_with,matched provenance identifier,claim:claim_rec_src_search_3109afb35d90_002_cases_unspecified,claim,claim_comparison:claim_cmp_037,claim_comparison,
compared_with,matched provenance identifier,claim:claim_rec_src_search_87bd434eacdf_001_cases_unspecified,claim,claim_comparison:claim_cmp_038,claim_comparison,
compared_with,matched provenance identifier,claim:claim_rec_src_search_3109afb35d90_003_cases_unspecified,claim,claim_comparison:claim_cmp_038,claim_comparison,
compared_with,matched provenance identifier,claim:claim_rec_src_search_87bd434eacdf_001_cases_unspecified,claim,claim_comparison:claim_cmp_039,claim_comparison,
compared_with,matched provenance identifier,claim:claim_rec_src_search_3109afb35d90_004_cases_unspecified,claim,claim_comparison:claim_cmp_039,claim_comparison,
compared_with,matched provenance identifier,claim:claim_rec_src_search_87bd434eacdf_001_cases_unspecified,claim,claim_comparison:claim_cmp_040,claim_comparison,
compared_with,matched provenance identifier,claim:claim_rec_src_search_283a8bed6a9d_001_cases_confirmed,claim,claim_comparison:claim_cmp_040,claim_comparison,
compared_with,matched provenance identifier,claim:claim_rec_src_search_87bd434eacdf_001_cases_unspecified,claim,claim_comparison:claim_cmp_041,claim_comparison,
compared_with,matched provenance identifier,claim:claim_rec_src_search_283a8bed6a9d_002_cases_confirmed,claim,claim_comparison:claim_cmp_041,claim_comparison,
compared_with,matched provenance identifier,claim:claim_rec_src_search_87bd434eacdf_001_cases_unspecified,claim,claim_comparison:claim_cmp_042,claim_comparison,
compared_with,matched provenance identifier,claim:claim_rec_src_search_283a8bed6a9d_003_observation,claim,claim_comparison:claim_cmp_042,claim_comparison,
compared_with,matched provenance identifier,claim:claim_rec_src_search_87bd434eacdf_001_cases_unspecified,claim,claim_comparison:claim_cmp_043,claim_comparison,
compared_with,matched provenance identifier,claim:claim_rec_src_search_283a8bed6a9d_004_observation,claim,claim_comparison:claim_cmp_043,claim_comparison,
compared_with,matched provenance identifier,claim:claim_rec_src_search_87bd434eacdf_001_cases_unspecified,claim,claim_comparison:claim_cmp_044,claim_comparison,
compared_with,matched provenance identifier,claim:claim_rec_src_search_283a8bed6a9d_005_cases_unspecified,claim,claim_comparison:claim_cmp_044,claim_comparison,
compared_with,matched provenance identifier,claim:claim_rec_src_search_87bd434eacdf_001_cases_unspecified,claim,claim_comparison:claim_cmp_045,claim_comparison,
compared_with,matched provenance identifier,claim:claim_rec_src_search_283a8bed6a9d_006_observation,claim,claim_comparison:claim_cmp_045,claim_comparison,
compared_with,matched provenance identifier,claim:claim_rec_src_search_87bd434eacdf_001_cases_unspecified,claim,claim_comparison:claim_cmp_046,claim_comparison,
compared_with,matched provenance identifier,claim:claim_rec_src_search_283a8bed6a9d_007_cases_unspecified,claim,claim_comparison:claim_cmp_046,claim_comparison,
compared_with,matched provenance identifier,claim:claim_rec_src_search_87bd434eacdf_001_cases_unspecified,claim,claim_comparison:claim_cmp_047,claim_comparison,
compared_with,matched provenance identifier,claim:claim_rec_src_search_283a8bed6a9d_008_observation,claim,claim_comparison:claim_cmp_047,claim_comparison,
compared_with,matched provenance identifier,claim:claim_rec_src_search_87bd434eacdf_001_cases_unspecified,claim,claim_comparison:claim_cmp_048,claim_comparison,
compared_with,matched provenance identifier,claim:claim_rec_src_search_283a8bed6a9d_009_cases_unspecified,claim,claim_comparison:claim_cmp_048,claim_comparison,
compared_with,matched provenance identifier,claim:claim_rec_src_search_87bd434eacdf_001_cases_unspecified,claim,claim_comparison:claim_cmp_049,claim_comparison,
compared_with,matched provenance identifier,claim:claim_rec_src_search_283a8bed6a9d_010_cases_unspecified,claim,claim_comparison:claim_cmp_049,claim_comparison,
compared_with,matched provenance identifier,claim:claim_rec_src_search_87bd434eacdf_001_cases_unspecified,claim,claim_comparison:claim_cmp_050,claim_comparison,
compared_with,matched provenance identifier,claim:claim_rec_src_search_283a8bed6a9d_011_cases_unspecified,claim,claim_comparison:claim_cmp_050,claim_comparison,
compared_with,matched provenance identifier,claim:claim_rec_src_search_87bd434eacdf_001_cases_unspecified,claim,claim_comparison:claim_cmp_051,claim_comparison,
compared_with,matched provenance identifier,claim:claim_rec_src_search_283a8bed6a9d_011_hospitalizations,claim,claim_comparison:claim_cmp_051,claim_comparison,
compared_with,matched provenance identifier,claim:claim_rec_src_search_87bd434eacdf_001_cases_unspecified,claim,claim_comparison:claim_cmp_052,claim_comparison,
compared_with,matched provenance identifier,claim:claim_rec_src_search_283a8bed6a9d_012_hospitalizations,claim,claim_comparison:claim_cmp_052,claim_comparison,
compared_with,matched provenance identifier,claim:claim_rec_src_search_87bd434eacdf_001_cases_unspecified,claim,claim_comparison:claim_cmp_053,claim_comparison,
compared_with,matched provenance identifier,claim:claim_rec_src_search_283a8bed6a9d_013_hospitalizations,claim,claim_comparison:claim_cmp_053,claim_comparison,
compared_with,matched provenance identifier,claim:claim_rec_src_search_87bd434eacdf_001_cases_unspecified,claim,claim_comparison:claim_cmp_054,claim_comparison,
compared_with,matched provenance identifier,claim:claim_rec_src_search_283a8bed6a9d_014_hospitalizations,claim,claim_comparison:claim_cmp_054,claim_comparison,
compared_with,matched provenance identifier,claim:claim_rec_src_search_87bd434eacdf_001_cases_unspecified,claim,claim_comparison:claim_cmp_055,claim_comparison,
compared_with,matched provenance identifier,claim:claim_rec_src_search_283a8bed6a9d_015_cases_unspecified,claim,claim_comparison:claim_cmp_055,claim_comparison,
compared_with,matched provenance identifier,claim:claim_rec_src_search_87bd434eacdf_001_cases_unspecified,claim,claim_comparison:claim_cmp_056,claim_comparison,
compared_with,matched provenance identifier,claim:claim_rec_src_search_283a8bed6a9d_016_deaths,claim,claim_comparison:claim_cmp_056,claim_comparison,
compared_with,matched provenance identifier,claim:claim_rec_src_search_87bd434eacdf_001_cases_unspecified,claim,claim_comparison:claim_cmp_057,claim_comparison,
compared_with,matched provenance identifier,claim:claim_rec_src_search_283a8bed6a9d_017_deaths,claim,claim_comparison:claim_cmp_057,claim_comparison,
compared_with,matched provenance identifier,claim:claim_rec_src_search_87bd434eacdf_001_cases_unspecified,claim,claim_comparison:claim_cmp_058,claim_comparison,
compared_with,matched provenance identifier,claim:claim_rec_src_search_7cb311dd75e6_001_cases_confirmed,claim,claim_comparison:claim_cmp_058,claim_comparison,
compared_with,matched provenance identifier,claim:claim_rec_src_search_87bd434eacdf_002_cases_unspecified,claim,claim_comparison:claim_cmp_059,claim_comparison,
compared_with,matched provenance identifier,claim:claim_rec_src_search_87bd434eacdf_003_hospitalizations,claim,claim_comparison:claim_cmp_059,claim_comparison,
compared_with,matched provenance identifier,claim:claim_rec_src_search_87bd434eacdf_002_cases_unspecified,claim,claim_comparison:claim_cmp_060,claim_comparison,
compared_with,matched provenance identifier,claim:claim_rec_src_search_87bd434eacdf_004_cases_unspecified,claim,claim_comparison:claim_cmp_060,claim_comparison,
compared_with,matched provenance identifier,claim:claim_rec_src_search_87bd434eacdf_002_cases_unspecified,claim,claim_comparison:claim_cmp_061,claim_comparison,
compared_with,matched provenance identifier,claim:claim_rec_src_search_87bd434eacdf_005_cases_unspecified,claim,claim_comparison:claim_cmp_061,claim_comparison,
compared_with,matched provenance identifier,claim:claim_rec_src_search_87bd434eacdf_002_cases_unspecified,claim,claim_comparison:claim_cmp_062,claim_comparison,
compared_with,matched provenance identifier,claim:claim_rec_src_search_3e232b5b243d_001_cases_confirmed,claim,claim_comparison:claim_cmp_062,claim_comparison,
compared_with,matched provenance identifier,claim:claim_rec_src_search_87bd434eacdf_002_cases_unspecified,claim,claim_comparison:claim_cmp_063,claim_comparison,
compared_with,matched provenance identifier,claim:claim_rec_src_search_3e232b5b243d_002_deaths,claim,claim_comparison:claim_cmp_063,claim_comparison,
compared_with,matched provenance identifier,claim:claim_rec_src_search_87bd434eacdf_002_cases_unspecified,claim,claim_comparison:claim_cmp_064,claim_comparison,
compared_with,matched provenance identifier,claim:claim_rec_src_search_3f4cf9d46ec9_001_cases_unspecified,claim,claim_comparison:claim_cmp_064,claim_comparison,
compared_with,matched provenance identifier,claim:claim_rec_src_search_87bd434eacdf_002_cases_unspecified,claim,claim_comparison:claim_cmp_065,claim_comparison,
compared_with,matched provenance identifier,claim:claim_rec_src_search_3f4cf9d46ec9_002_cases_unspecified,claim,claim_comparison:claim_cmp_065,claim_comparison,
compared_with,matched provenance identifier,claim:claim_rec_src_search_87bd434eacdf_002_cases_unspecified,claim,claim_comparison:claim_cmp_066,claim_comparison,
compared_with,matched provenance identifier,claim:claim_rec_src_search_3f4cf9d46ec9_003_observation,claim,claim_comparison:claim_cmp_066,claim_comparison,
compared_with,matched provenance identifier,claim:claim_rec_src_search_87bd434eacdf_002_cases_unspecified,claim,claim_comparison:claim_cmp_067,claim_comparison,
compared_with,matched provenance identifier,claim:claim_rec_src_search_da86b7826545_001_cases_unspecified,claim,claim_comparison:claim_cmp_067,claim_comparison,
compared_with,matched provenance identifier,claim:claim_rec_src_search_87bd434eacdf_002_cases_unspecified,claim,claim_comparison:claim_cmp_068,claim_comparison,
compared_with,matched provenance identifier,claim:claim_rec_src_search_da86b7826545_001_deaths,claim,claim_comparison:claim_cmp_068,claim_comparison,
compared_with,matched provenance identifier,claim:claim_rec_src_search_87bd434eacdf_002_cases_unspecified,claim,claim_comparison:claim_cmp_069,claim_comparison,
compared_with,matched provenance identifier,claim:claim_rec_src_search_da86b7826545_001_hospitalizations,claim,claim_comparison:claim_cmp_069,claim_comparison,
compared_with,matched provenance identifier,claim:claim_rec_src_search_87bd434eacdf_002_cases_unspecified,claim,claim_comparison:claim_cmp_070,claim_comparison,
compared_with,matched provenance identifier,claim:claim_rec_src_search_da86b7826545_002_cases_unspecified,claim,claim_comparison:claim_cmp_070,claim_comparison,
compared_with,matched provenance identifier,claim:claim_rec_src_search_87bd434eacdf_002_cases_unspecified,claim,claim_comparison:claim_cmp_071,claim_comparison,
compared_with,matched provenance identifier,claim:claim_rec_src_search_da86b7826545_003_cases_unspecified,claim,claim_comparison:claim_cmp_071,claim_comparison,
compared_with,matched provenance identifier,claim:claim_rec_src_search_87bd434eacdf_002_cases_unspecified,claim,claim_comparison:claim_cmp_072,claim_comparison,
compared_with,matched provenance identifier,claim:claim_rec_src_search_da86b7826545_004_cases_unspecified,claim,claim_comparison:claim_cmp_072,claim_comparison,
compared_with,matched provenance identifier,claim:claim_rec_src_search_87bd434eacdf_002_cases_unspecified,claim,claim_comparison:claim_cmp_073,claim_comparison,
compared_with,matched provenance identifier,claim:claim_rec_src_search_da86b7826545_005_cases_unspecified,claim,claim_comparison:claim_cmp_073,claim_comparison,
compared_with,matched provenance identifier,claim:claim_rec_src_search_87bd434eacdf_002_cases_unspecified,claim,claim_comparison:claim_cmp_074,claim_comparison,
compared_with,matched provenance identifier,claim:claim_rec_src_search_8242cbb785a1_001_cases_confirmed,claim,claim_comparison:claim_cmp_074,claim_comparison,
compared_with,matched provenance identifier,claim:claim_rec_src_search_87bd434eacdf_002_cases_unspecified,claim,claim_comparison:claim_cmp_075,claim_comparison,
compared_with,matched provenance identifier,claim:claim_rec_src_search_8242cbb785a1_002_cases_confirmed,claim,claim_comparison:claim_cmp_075,claim_comparison,
compared_with,matched provenance identifier,claim:claim_rec_src_search_87bd434eacdf_002_cases_unspecified,claim,claim_comparison:claim_cmp_076,claim_comparison,
compared_with,matched provenance identifier,claim:claim_rec_src_search_8242cbb785a1_002_deaths,claim,claim_comparison:claim_cmp_076,claim_comparison,
compared_with,matched provenance identifier,claim:claim_rec_src_search_87bd434eacdf_002_cases_unspecified,claim,claim_comparison:claim_cmp_077,claim_comparison,
compared_with,matched provenance identifier,claim:claim_rec_src_search_8242cbb785a1_003_cases_confirmed,claim,claim_comparison:claim_cmp_077,claim_comparison,
compared_with,matched provenance identifier,claim:claim_rec_src_search_87bd434eacdf_002_cases_unspecified,claim,claim_comparison:claim_cmp_078,claim_comparison,
compared_with,matched provenance identifier,claim:claim_rec_src_search_8242cbb785a1_003_deaths,claim,claim_comparison:claim_cmp_078,claim_comparison,
compared_with,matched provenance identifier,claim:claim_rec_src_search_87bd434eacdf_002_cases_unspecified,claim,claim_comparison:claim_cmp_079,claim_comparison,
compared_with,matched provenance identifier,claim:claim_rec_src_search_8242cbb785a1_004_cases_confirmed,claim,claim_comparison:claim_cmp_079,claim_comparison,
compared_with,matched provenance identifier,claim:claim_rec_src_search_87bd434eacdf_002_cases_unspecified,claim,claim_comparison:claim_cmp_080,claim_comparison,
compared_with,matched provenance identifier,claim:claim_rec_src_search_8242cbb785a1_004_deaths,claim,claim_comparison:claim_cmp_080,claim_comparison,
compared_with,matched provenance identifier,claim:claim_rec_src_search_87bd434eacdf_002_cases_unspecified,claim,claim_comparison:claim_cmp_081,claim_comparison,
compared_with,matched provenance identifier,claim:claim_rec_src_search_6e578fc529e9_001_cases_confirmed,claim,claim_comparison:claim_cmp_081,claim_comparison,
compared_with,matched provenance identifier,claim:claim_rec_src_search_87bd434eacdf_002_cases_unspecified,claim,claim_comparison:claim_cmp_082,claim_comparison,
compared_with,matched provenance identifier,claim:claim_rec_src_search_6e578fc529e9_001_deaths,claim,claim_comparison:claim_cmp_082,claim_comparison,
compared_with,matched provenance identifier,claim:claim_rec_src_search_87bd434eacdf_002_cases_unspecified,claim,claim_comparison:claim_cmp_083,claim_comparison,
compared_with,matched provenance identifier,claim:claim_rec_src_search_cd5fb2750261_001_cases_confirmed,claim,claim_comparison:claim_cmp_083,claim_comparison,
compared_with,matched provenance identifier,claim:claim_rec_src_search_87bd434eacdf_002_cases_unspecified,claim,claim_comparison:claim_cmp_084,claim_comparison,
compared_with,matched provenance identifier,claim:claim_rec_src_search_cd5fb2750261_002_cases_confirmed,claim,claim_comparison:claim_cmp_084,claim_comparison,
compared_with,matched provenance identifier,claim:claim_rec_src_search_87bd434eacdf_002_cases_unspecified,claim,claim_comparison:claim_cmp_085,claim_comparison,
compared_with,matched provenance identifier,claim:claim_rec_src_search_d1d6036be2f6_001_cases_unspecified,claim,claim_comparison:claim_cmp_085,claim_comparison,
compared_with,matched provenance identifier,claim:claim_rec_src_search_87bd434eacdf_002_cases_unspecified,claim,claim_comparison:claim_cmp_086,claim_comparison,
compared_with,matched provenance identifier,claim:claim_rec_src_search_d1d6036be2f6_002_cases_unspecified,claim,claim_comparison:claim_cmp_086,claim_comparison,
compared_with,matched provenance identifier,claim:claim_rec_src_search_87bd434eacdf_002_cases_unspecified,claim,claim_comparison:claim_cmp_087,claim_comparison,
compared_with,matched provenance identifier,claim:claim_rec_src_search_d1d6036be2f6_003_observation,claim,claim_comparison:claim_cmp_087,claim_comparison,
compared_with,matched provenance identifier,claim:claim_rec_src_search_87bd434eacdf_002_cases_unspecified,claim,claim_comparison:claim_cmp_088,claim_comparison,
compared_with,matched provenance identifier,claim:claim_rec_src_search_d1d6036be2f6_004_cases_confirmed,claim,claim_comparison:claim_cmp_088,claim_comparison,
compared_with,matched provenance identifier,claim:claim_rec_src_search_87bd434eacdf_002_cases_unspecified,claim,claim_comparison:claim_cmp_089,claim_comparison,
compared_with,matched provenance identifier,claim:claim_rec_src_search_d1d6036be2f6_004_deaths,claim,claim_comparison:claim_cmp_089,claim_comparison,
compared_with,matched provenance identifier,claim:claim_rec_src_search_87bd434eacdf_002_cases_unspecified,claim,claim_comparison:claim_cmp_090,claim_comparison,
compared_with,matched provenance identifier,claim:claim_rec_src_search_d1d6036be2f6_005_observation,claim,claim_comparison:claim_cmp_090,claim_comparison,
compared_with,matched provenance identifier,claim:claim_rec_src_search_87bd434eacdf_002_cases_unspecified,claim,claim_comparison:claim_cmp_091,claim_comparison,
compared_with,matched provenance identifier,claim:claim_rec_src_search_d1d6036be2f6_006_cases_unspecified,claim,claim_comparison:claim_cmp_091,claim_comparison,
compared_with,matched provenance identifier,claim:claim_rec_src_search_87bd434eacdf_002_cases_unspecified,claim,claim_comparison:claim_cmp_092,claim_comparison,
compared_with,matched provenance identifier,claim:claim_rec_src_search_d1d6036be2f6_007_cases_unspecified,claim,claim_comparison:claim_cmp_092,claim_comparison,
compared_with,matched provenance identifier,claim:claim_rec_src_search_87bd434eacdf_002_cases_unspecified,claim,claim_comparison:claim_cmp_093,claim_comparison,
compared_with,matched provenance identifier,claim:claim_rec_src_search_3109afb35d90_001_cases_confirmed,claim,claim_comparison:claim_cmp_093,claim_comparison,
compared_with,matched provenance identifier,claim:claim_rec_src_search_87bd434eacdf_002_cases_unspecified,claim,claim_comparison:claim_cmp_094,claim_comparison,
compared_with,matched provenance identifier,claim:claim_rec_src_search_3109afb35d90_002_cases_unspecified,claim,claim_comparison:claim_cmp_094,claim_comparison,
compared_with,matched provenance identifier,claim:claim_rec_src_search_87bd434eacdf_002_cases_unspecified,claim,claim_comparison:claim_cmp_095,claim_comparison,
compared_with,matched provenance identifier,claim:claim_rec_src_search_3109afb35d90_003_cases_unspecified,claim,claim_comparison:claim_cmp_095,claim_comparison,
compared_with,matched provenance identifier,claim:claim_rec_src_search_87bd434eacdf_002_cases_unspecified,claim,claim_comparison:claim_cmp_096,claim_comparison,
compared_with,matched provenance identifier,claim:claim_rec_src_search_3109afb35d90_004_cases_unspecified,claim,claim_comparison:claim_cmp_096,claim_comparison,
compared_with,matched provenance identifier,claim:claim_rec_src_search_87bd434eacdf_002_cases_unspecified,claim,claim_comparison:claim_cmp_097,claim_comparison,
compared_with,matched provenance identifier,claim:claim_rec_src_search_283a8bed6a9d_001_cases_confirmed,claim,claim_comparison:claim_cmp_097,claim_comparison,
compared_with,matched provenance identifier,claim:claim_rec_src_search_87bd434eacdf_002_cases_unspecified,claim,claim_comparison:claim_cmp_098,claim_comparison,
compared_with,matched provenance identifier,claim:claim_rec_src_search_283a8bed6a9d_002_cases_confirmed,claim,claim_comparison:claim_cmp_098,claim_comparison,
compared_with,matched provenance identifier,claim:claim_rec_src_search_87bd434eacdf_002_cases_unspecified,claim,claim_comparison:claim_cmp_099,claim_comparison,
compared_with,matched provenance identifier,claim:claim_rec_src_search_283a8bed6a9d_003_observation,claim,claim_comparison:claim_cmp_099,claim_comparison,
compared_with,matched provenance identifier,claim:claim_rec_src_search_87bd434eacdf_002_cases_unspecified,claim,claim_comparison:claim_cmp_100,claim_comparison,
compared_with,matched provenance identifier,claim:claim_rec_src_search_283a8bed6a9d_004_observation,claim,claim_comparison:claim_cmp_100,claim_comparison,
compared_with,matched provenance identifier,claim:claim_rec_src_search_87bd434eacdf_002_cases_unspecified,claim,claim_comparison:claim_cmp_101,claim_comparison,
compared_with,matched provenance identifier,claim:claim_rec_src_search_283a8bed6a9d_005_cases_unspecified,claim,claim_comparison:claim_cmp_101,claim_comparison,
compared_with,matched provenance identifier,claim:claim_rec_src_search_87bd434eacdf_002_cases_unspecified,claim,claim_comparison:claim_cmp_102,claim_comparison,
compared_with,matched provenance identifier,claim:claim_rec_src_search_283a8bed6a9d_006_observation,claim,claim_comparison:claim_cmp_102,claim_comparison,
compared_with,matched provenance identifier,claim:claim_rec_src_search_87bd434eacdf_002_cases_unspecified,claim,claim_comparison:claim_cmp_103,claim_comparison,
compared_with,matched provenance identifier,claim:claim_rec_src_search_283a8bed6a9d_007_cases_unspecified,claim,claim_comparison:claim_cmp_103,claim_comparison,
compared_with,matched provenance identifier,claim:claim_rec_src_search_87bd434eacdf_002_cases_unspecified,claim,claim_comparison:claim_cmp_104,claim_comparison,
compared_with,matched provenance identifier,claim:claim_rec_src_search_283a8bed6a9d_008_observation,claim,claim_comparison:claim_cmp_104,claim_comparison,
compared_with,matched provenance identifier,claim:claim_rec_src_search_87bd434eacdf_002_cases_unspecified,claim,claim_comparison:claim_cmp_105,claim_comparison,
compared_with,matched provenance identifier,claim:claim_rec_src_search_283a8bed6a9d_009_cases_unspecified,claim,claim_comparison:claim_cmp_105,claim_comparison,
compared_with,matched provenance identifier,claim:claim_rec_src_search_87bd434eacdf_002_cases_unspecified,claim,claim_comparison:claim_cmp_106,claim_comparison,
compared_with,matched provenance identifier,claim:claim_rec_src_search_283a8bed6a9d_010_cases_unspecified,claim,claim_comparison:claim_cmp_106,claim_comparison,
compared_with,matched provenance identifier,claim:claim_rec_src_search_87bd434eacdf_002_cases_unspecified,claim,claim_comparison:claim_cmp_107,claim_comparison,
compared_with,matched provenance identifier,claim:claim_rec_src_search_283a8bed6a9d_011_cases_unspecified,claim,claim_comparison:claim_cmp_107,claim_comparison,
compared_with,matched provenance identifier,claim:claim_rec_src_search_87bd434eacdf_002_cases_unspecified,claim,claim_comparison:claim_cmp_108,claim_comparison,
compared_with,matched provenance identifier,claim:claim_rec_src_search_283a8bed6a9d_011_hospitalizations,claim,claim_comparison:claim_cmp_108,claim_comparison,
compared_with,matched provenance identifier,claim:claim_rec_src_search_87bd434eacdf_002_cases_unspecified,claim,claim_comparison:claim_cmp_109,claim_comparison,
compared_with,matched provenance identifier,claim:claim_rec_src_search_283a8bed6a9d_012_hospitalizations,claim,claim_comparison:claim_cmp_109,claim_comparison,
compared_with,matched provenance identifier,claim:claim_rec_src_search_87bd434eacdf_002_cases_unspecified,claim,claim_comparison:claim_cmp_110,claim_comparison,
compared_with,matched provenance identifier,claim:claim_rec_src_search_283a8bed6a9d_013_hospitalizations,claim,claim_comparison:claim_cmp_110,claim_comparison,
compared_with,matched provenance identifier,claim:claim_rec_src_search_87bd434eacdf_002_cases_unspecified,claim,claim_comparison:claim_cmp_111,claim_comparison,
compared_with,matched provenance identifier,claim:claim_rec_src_search_283a8bed6a9d_014_hospitalizations,claim,claim_comparison:claim_cmp_111,claim_comparison,
compared_with,matched provenance identifier,claim:claim_rec_src_search_87bd434eacdf_002_cases_unspecified,claim,claim_comparison:claim_cmp_112,claim_comparison,
compared_with,matched provenance identifier,claim:claim_rec_src_search_283a8bed6a9d_015_cases_unspecified,claim,claim_comparison:claim_cmp_112,claim_comparison,
compared_with,matched provenance identifier,claim:claim_rec_src_search_87bd434eacdf_002_cases_unspecified,claim,claim_comparison:claim_cmp_113,claim_comparison,
compared_with,matched provenance identifier,claim:claim_rec_src_search_283a8bed6a9d_016_deaths,claim,claim_comparison:claim_cmp_113,claim_comparison,
compared_with,matched provenance identifier,claim:claim_rec_src_search_87bd434eacdf_002_cases_unspecified,claim,claim_comparison:claim_cmp_114,claim_comparison,
compared_with,matched provenance identifier,claim:claim_rec_src_search_283a8bed6a9d_017_deaths,claim,claim_comparison:claim_cmp_114,claim_comparison,
compared_with,matched provenance identifier,claim:claim_rec_src_search_87bd434eacdf_002_cases_unspecified,claim,claim_comparison:claim_cmp_115,claim_comparison,
compared_with,matched provenance identifier,claim:claim_rec_src_search_7cb311dd75e6_001_cases_confirmed,claim,claim_comparison:claim_cmp_115,claim_comparison,
compared_with,matched provenance identifier,claim:claim_rec_src_search_87bd434eacdf_003_hospitalizations,claim,claim_comparison:claim_cmp_116,claim_comparison,
compared_with,matched provenance identifier,claim:claim_rec_src_search_87bd434eacdf_004_cases_unspecified,claim,claim_comparison:claim_cmp_116,claim_comparison,
compared_with,matched provenance identifier,claim:claim_rec_src_search_87bd434eacdf_003_hospitalizations,claim,claim_comparison:claim_cmp_117,claim_comparison,
compared_with,matched provenance identifier,claim:claim_rec_src_search_87bd434eacdf_005_cases_unspecified,claim,claim_comparison:claim_cmp_117,claim_comparison,
compared_with,matched provenance identifier,claim:claim_rec_src_search_87bd434eacdf_003_hospitalizations,claim,claim_comparison:claim_cmp_118,claim_comparison,
compared_with,matched provenance identifier,claim:claim_rec_src_search_3e232b5b243d_001_cases_confirmed,claim,claim_comparison:claim_cmp_118,claim_comparison,
compared_with,matched provenance identifier,claim:claim_rec_src_search_87bd434eacdf_003_hospitalizations,claim,claim_comparison:claim_cmp_119,claim_comparison,
compared_with,matched provenance identifier,claim:claim_rec_src_search_3e232b5b243d_002_deaths,claim,claim_comparison:claim_cmp_119,claim_comparison,
compared_with,matched provenance identifier,claim:claim_rec_src_search_87bd434eacdf_003_hospitalizations,claim,claim_comparison:claim_cmp_120,claim_comparison,
compared_with,matched provenance identifier,claim:claim_rec_src_search_3f4cf9d46ec9_001_cases_unspecified,claim,claim_comparison:claim_cmp_120,claim_comparison,
compared_with,matched provenance identifier,claim:claim_rec_src_search_87bd434eacdf_003_hospitalizations,claim,claim_comparison:claim_cmp_121,claim_comparison,
compared_with,matched provenance identifier,claim:claim_rec_src_search_3f4cf9d46ec9_002_cases_unspecified,claim,claim_comparison:claim_cmp_121,claim_comparison,
compared_with,matched provenance identifier,claim:claim_rec_src_search_87bd434eacdf_003_hospitalizations,claim,claim_comparison:claim_cmp_122,claim_comparison,
compared_with,matched provenance identifier,claim:claim_rec_src_search_3f4cf9d46ec9_003_observation,claim,claim_comparison:claim_cmp_122,claim_comparison,
compared_with,matched provenance identifier,claim:claim_rec_src_search_87bd434eacdf_003_hospitalizations,claim,claim_comparison:claim_cmp_123,claim_comparison,
compared_with,matched provenance identifier,claim:claim_rec_src_search_da86b7826545_001_cases_unspecified,claim,claim_comparison:claim_cmp_123,claim_comparison,
compared_with,matched provenance identifier,claim:claim_rec_src_search_87bd434eacdf_003_hospitalizations,claim,claim_comparison:claim_cmp_124,claim_comparison,
compared_with,matched provenance identifier,claim:claim_rec_src_search_da86b7826545_001_deaths,claim,claim_comparison:claim_cmp_124,claim_comparison,
compared_with,matched provenance identifier,claim:claim_rec_src_search_87bd434eacdf_003_hospitalizations,claim,claim_comparison:claim_cmp_125,claim_comparison,
compared_with,matched provenance identifier,claim:claim_rec_src_search_da86b7826545_001_hospitalizations,claim,claim_comparison:claim_cmp_125,claim_comparison,
compared_with,matched provenance identifier,claim:claim_rec_src_search_87bd434eacdf_003_hospitalizations,claim,claim_comparison:claim_cmp_126,claim_comparison,
compared_with,matched provenance identifier,claim:claim_rec_src_search_da86b7826545_002_cases_unspecified,claim,claim_comparison:claim_cmp_126,claim_comparison,
compared_with,matched provenance identifier,claim:claim_rec_src_search_87bd434eacdf_003_hospitalizations,claim,claim_comparison:claim_cmp_127,claim_comparison,
compared_with,matched provenance identifier,claim:claim_rec_src_search_da86b7826545_003_cases_unspecified,claim,claim_comparison:claim_cmp_127,claim_comparison,
compared_with,matched provenance identifier,claim:claim_rec_src_search_87bd434eacdf_003_hospitalizations,claim,claim_comparison:claim_cmp_128,claim_comparison,
compared_with,matched provenance identifier,claim:claim_rec_src_search_da86b7826545_004_cases_unspecified,claim,claim_comparison:claim_cmp_128,claim_comparison,
compared_with,matched provenance identifier,claim:claim_rec_src_search_87bd434eacdf_003_hospitalizations,claim,claim_comparison:claim_cmp_129,claim_comparison,
compared_with,matched provenance identifier,claim:claim_rec_src_search_da86b7826545_005_cases_unspecified,claim,claim_comparison:claim_cmp_129,claim_comparison,
compared_with,matched provenance identifier,claim:claim_rec_src_search_87bd434eacdf_003_hospitalizations,claim,claim_comparison:claim_cmp_130,claim_comparison,
compared_with,matched provenance identifier,claim:claim_rec_src_search_8242cbb785a1_001_cases_confirmed,claim,claim_comparison:claim_cmp_130,claim_comparison,
compared_with,matched provenance identifier,claim:claim_rec_src_search_87bd434eacdf_003_hospitalizations,claim,claim_comparison:claim_cmp_131,claim_comparison,
compared_with,matched provenance identifier,claim:claim_rec_src_search_8242cbb785a1_002_cases_confirmed,claim,claim_comparison:claim_cmp_131,claim_comparison,
compared_with,matched provenance identifier,claim:claim_rec_src_search_87bd434eacdf_003_hospitalizations,claim,claim_comparison:claim_cmp_132,claim_comparison,
compared_with,matched provenance identifier,claim:claim_rec_src_search_8242cbb785a1_002_deaths,claim,claim_comparison:claim_cmp_132,claim_comparison,
compared_with,matched provenance identifier,claim:claim_rec_src_search_87bd434eacdf_003_hospitalizations,claim,claim_comparison:claim_cmp_133,claim_comparison,
compared_with,matched provenance identifier,claim:claim_rec_src_search_8242cbb785a1_003_cases_confirmed,claim,claim_comparison:claim_cmp_133,claim_comparison,
compared_with,matched provenance identifier,claim:claim_rec_src_search_87bd434eacdf_003_hospitalizations,claim,claim_comparison:claim_cmp_134,claim_comparison,
compared_with,matched provenance identifier,claim:claim_rec_src_search_8242cbb785a1_003_deaths,claim,claim_comparison:claim_cmp_134,claim_comparison,
compared_with,matched provenance identifier,claim:claim_rec_src_search_87bd434eacdf_003_hospitalizations,claim,claim_comparison:claim_cmp_135,claim_comparison,
compared_with,matched provenance identifier,claim:claim_rec_src_search_8242cbb785a1_004_cases_confirmed,claim,claim_comparison:claim_cmp_135,claim_comparison,
compared_with,matched provenance identifier,claim:claim_rec_src_search_87bd434eacdf_003_hospitalizations,claim,claim_comparison:claim_cmp_136,claim_comparison,
compared_with,matched provenance identifier,claim:claim_rec_src_search_8242cbb785a1_004_deaths,claim,claim_comparison:claim_cmp_136,claim_comparison,
compared_with,matched provenance identifier,claim:claim_rec_src_search_87bd434eacdf_003_hospitalizations,claim,claim_comparison:claim_cmp_137,claim_comparison,
compared_with,matched provenance identifier,claim:claim_rec_src_search_6e578fc529e9_001_cases_confirmed,claim,claim_comparison:claim_cmp_137,claim_comparison,
compared_with,matched provenance identifier,claim:claim_rec_src_search_87bd434eacdf_003_hospitalizations,claim,claim_comparison:claim_cmp_138,claim_comparison,
compared_with,matched provenance identifier,claim:claim_rec_src_search_6e578fc529e9_001_deaths,claim,claim_comparison:claim_cmp_138,claim_comparison,
compared_with,matched provenance identifier,claim:claim_rec_src_search_87bd434eacdf_003_hospitalizations,claim,claim_comparison:claim_cmp_139,claim_comparison,
compared_with,matched provenance identifier,claim:claim_rec_src_search_cd5fb2750261_001_cases_confirmed,claim,claim_comparison:claim_cmp_139,claim_comparison,
compared_with,matched provenance identifier,claim:claim_rec_src_search_87bd434eacdf_003_hospitalizations,claim,claim_comparison:claim_cmp_140,claim_comparison,
compared_with,matched provenance identifier,claim:claim_rec_src_search_cd5fb2750261_002_cases_confirmed,claim,claim_comparison:claim_cmp_140,claim_comparison,
compared_with,matched provenance identifier,claim:claim_rec_src_search_87bd434eacdf_003_hospitalizations,claim,claim_comparison:claim_cmp_141,claim_comparison,
compared_with,matched provenance identifier,claim:claim_rec_src_search_d1d6036be2f6_001_cases_unspecified,claim,claim_comparison:claim_cmp_141,claim_comparison,
compared_with,matched provenance identifier,claim:claim_rec_src_search_87bd434eacdf_003_hospitalizations,claim,claim_comparison:claim_cmp_142,claim_comparison,
compared_with,matched provenance identifier,claim:claim_rec_src_search_d1d6036be2f6_002_cases_unspecified,claim,claim_comparison:claim_cmp_142,claim_comparison,
compared_with,matched provenance identifier,claim:claim_rec_src_search_87bd434eacdf_003_hospitalizations,claim,claim_comparison:claim_cmp_143,claim_comparison,
compared_with,matched provenance identifier,claim:claim_rec_src_search_d1d6036be2f6_003_observation,claim,claim_comparison:claim_cmp_143,claim_comparison,
compared_with,matched provenance identifier,claim:claim_rec_src_search_87bd434eacdf_003_hospitalizations,claim,claim_comparison:claim_cmp_144,claim_comparison,
compared_with,matched provenance identifier,claim:claim_rec_src_search_d1d6036be2f6_004_cases_confirmed,claim,claim_comparison:claim_cmp_144,claim_comparison,
compared_with,matched provenance identifier,claim:claim_rec_src_search_87bd434eacdf_003_hospitalizations,claim,claim_comparison:claim_cmp_145,claim_comparison,
compared_with,matched provenance identifier,claim:claim_rec_src_search_d1d6036be2f6_004_deaths,claim,claim_comparison:claim_cmp_145,claim_comparison,
compared_with,matched provenance identifier,claim:claim_rec_src_search_87bd434eacdf_003_hospitalizations,claim,claim_comparison:claim_cmp_146,claim_comparison,
compared_with,matched provenance identifier,claim:claim_rec_src_search_d1d6036be2f6_005_observation,claim,claim_comparison:claim_cmp_146,claim_comparison,
compared_with,matched provenance identifier,claim:claim_rec_src_search_87bd434eacdf_003_hospitalizations,claim,claim_comparison:claim_cmp_147,claim_comparison,
compared_with,matched provenance identifier,claim:claim_rec_src_search_d1d6036be2f6_006_cases_unspecified,claim,claim_comparison:claim_cmp_147,claim_comparison,
compared_with,matched provenance identifier,claim:claim_rec_src_search_87bd434eacdf_003_hospitalizations,claim,claim_comparison:claim_cmp_148,claim_comparison,
compared_with,matched provenance identifier,claim:claim_rec_src_search_d1d6036be2f6_007_cases_unspecified,claim,claim_comparison:claim_cmp_148,claim_comparison,
compared_with,matched provenance identifier,claim:claim_rec_src_search_87bd434eacdf_003_hospitalizations,claim,claim_comparison:claim_cmp_149,claim_comparison,
compared_with,matched provenance identifier,claim:claim_rec_src_search_3109afb35d90_001_cases_confirmed,claim,claim_comparison:claim_cmp_149,claim_comparison,
compared_with,matched provenance identifier,claim:claim_rec_src_search_87bd434eacdf_003_hospitalizations,claim,claim_comparison:claim_cmp_150,claim_comparison,
compared_with,matched provenance identifier,claim:claim_rec_src_search_3109afb35d90_002_cases_unspecified,claim,claim_comparison:claim_cmp_150,claim_comparison,
compared_with,matched provenance identifier,claim:claim_rec_src_search_87bd434eacdf_003_hospitalizations,claim,claim_comparison:claim_cmp_151,claim_comparison,
compared_with,matched provenance identifier,claim:claim_rec_src_search_3109afb35d90_003_cases_unspecified,claim,claim_comparison:claim_cmp_151,claim_comparison,
compared_with,matched provenance identifier,claim:claim_rec_src_search_87bd434eacdf_003_hospitalizations,claim,claim_comparison:claim_cmp_152,claim_comparison,
compared_with,matched provenance identifier,claim:claim_rec_src_search_3109afb35d90_004_cases_unspecified,claim,claim_comparison:claim_cmp_152,claim_comparison,
compared_with,matched provenance identifier,claim:claim_rec_src_search_87bd434eacdf_003_hospitalizations,claim,claim_comparison:claim_cmp_153,claim_comparison,
compared_with,matched provenance identifier,claim:claim_rec_src_search_283a8bed6a9d_001_cases_confirmed,claim,claim_comparison:claim_cmp_153,claim_comparison,
compared_with,matched provenance identifier,claim:claim_rec_src_search_87bd434eacdf_003_hospitalizations,claim,claim_comparison:claim_cmp_154,claim_comparison,
compared_with,matched provenance identifier,claim:claim_rec_src_search_283a8bed6a9d_002_cases_confirmed,claim,claim_comparison:claim_cmp_154,claim_comparison,
compared_with,matched provenance identifier,claim:claim_rec_src_search_87bd434eacdf_003_hospitalizations,claim,claim_comparison:claim_cmp_155,claim_comparison,
compared_with,matched provenance identifier,claim:claim_rec_src_search_283a8bed6a9d_003_observation,claim,claim_comparison:claim_cmp_155,claim_comparison,
compared_with,matched provenance identifier,claim:claim_rec_src_search_87bd434eacdf_003_hospitalizations,claim,claim_comparison:claim_cmp_156,claim_comparison,
compared_with,matched provenance identifier,claim:claim_rec_src_search_283a8bed6a9d_004_observation,claim,claim_comparison:claim_cmp_156,claim_comparison,
compared_with,matched provenance identifier,claim:claim_rec_src_search_87bd434eacdf_003_hospitalizations,claim,claim_comparison:claim_cmp_157,claim_comparison,
compared_with,matched provenance identifier,claim:claim_rec_src_search_283a8bed6a9d_005_cases_unspecified,claim,claim_comparison:claim_cmp_157,claim_comparison,
compared_with,matched provenance identifier,claim:claim_rec_src_search_87bd434eacdf_003_hospitalizations,claim,claim_comparison:claim_cmp_158,claim_comparison,
compared_with,matched provenance identifier,claim:claim_rec_src_search_283a8bed6a9d_006_observation,claim,claim_comparison:claim_cmp_158,claim_comparison,
compared_with,matched provenance identifier,claim:claim_rec_src_search_87bd434eacdf_003_hospitalizations,claim,claim_comparison:claim_cmp_159,claim_comparison,
compared_with,matched provenance identifier,claim:claim_rec_src_search_283a8bed6a9d_007_cases_unspecified,claim,claim_comparison:claim_cmp_159,claim_comparison,
compared_with,matched provenance identifier,claim:claim_rec_src_search_87bd434eacdf_003_hospitalizations,claim,claim_comparison:claim_cmp_160,claim_comparison,
compared_with,matched provenance identifier,claim:claim_rec_src_search_283a8bed6a9d_008_observation,claim,claim_comparison:claim_cmp_160,claim_comparison,
compared_with,matched provenance identifier,claim:claim_rec_src_search_87bd434eacdf_003_hospitalizations,claim,claim_comparison:claim_cmp_161,claim_comparison,
compared_with,matched provenance identifier,claim:claim_rec_src_search_283a8bed6a9d_009_cases_unspecified,claim,claim_comparison:claim_cmp_161,claim_comparison,
compared_with,matched provenance identifier,claim:claim_rec_src_search_87bd434eacdf_003_hospitalizations,claim,claim_comparison:claim_cmp_162,claim_comparison,
compared_with,matched provenance identifier,claim:claim_rec_src_search_283a8bed6a9d_010_cases_unspecified,claim,claim_comparison:claim_cmp_162,claim_comparison,
compared_with,matched provenance identifier,claim:claim_rec_src_search_87bd434eacdf_003_hospitalizations,claim,claim_comparison:claim_cmp_163,claim_comparison,
compared_with,matched provenance identifier,claim:claim_rec_src_search_283a8bed6a9d_011_cases_unspecified,claim,claim_comparison:claim_cmp_163,claim_comparison,
compared_with,matched provenance identifier,claim:claim_rec_src_search_87bd434eacdf_003_hospitalizations,claim,claim_comparison:claim_cmp_164,claim_comparison,
compared_with,matched provenance identifier,claim:claim_rec_src_search_283a8bed6a9d_011_hospitalizations,claim,claim_comparison:claim_cmp_164,claim_comparison,
compared_with,matched provenance identifier,claim:claim_rec_src_search_87bd434eacdf_003_hospitalizations,claim,claim_comparison:claim_cmp_165,claim_comparison,
compared_with,matched provenance identifier,claim:claim_rec_src_search_283a8bed6a9d_012_hospitalizations,claim,claim_comparison:claim_cmp_165,claim_comparison,
compared_with,matched provenance identifier,claim:claim_rec_src_search_87bd434eacdf_003_hospitalizations,claim,claim_comparison:claim_cmp_166,claim_comparison,
compared_with,matched provenance identifier,claim:claim_rec_src_search_283a8bed6a9d_013_hospitalizations,claim,claim_comparison:claim_cmp_166,claim_comparison,
compared_with,matched provenance identifier,claim:claim_rec_src_search_87bd434eacdf_003_hospitalizations,claim,claim_comparison:claim_cmp_167,claim_comparison,
compared_with,matched provenance identifier,claim:claim_rec_src_search_283a8bed6a9d_014_hospitalizations,claim,claim_comparison:claim_cmp_167,claim_comparison,
compared_with,matched provenance identifier,claim:claim_rec_src_search_87bd434eacdf_003_hospitalizations,claim,claim_comparison:claim_cmp_168,claim_comparison,
compared_with,matched provenance identifier,claim:claim_rec_src_search_283a8bed6a9d_015_cases_unspecified,claim,claim_comparison:claim_cmp_168,claim_comparison,
compared_with,matched provenance identifier,claim:claim_rec_src_search_87bd434eacdf_003_hospitalizations,claim,claim_comparison:claim_cmp_169,claim_comparison,
compared_with,matched provenance identifier,claim:claim_rec_src_search_283a8bed6a9d_016_deaths,claim,claim_comparison:claim_cmp_169,claim_comparison,
compared_with,matched provenance identifier,claim:claim_rec_src_search_87bd434eacdf_003_hospitalizations,claim,claim_comparison:claim_cmp_170,claim_comparison,
compared_with,matched provenance identifier,claim:claim_rec_src_search_283a8bed6a9d_017_deaths,claim,claim_comparison:claim_cmp_170,claim_comparison,
compared_with,matched provenance identifier,claim:claim_rec_src_search_87bd434eacdf_003_hospitalizations,claim,claim_comparison:claim_cmp_171,claim_comparison,
compared_with,matched provenance identifier,claim:claim_rec_src_search_7cb311dd75e6_001_cases_confirmed,claim,claim_comparison:claim_cmp_171,claim_comparison,
compared_with,matched provenance identifier,claim:claim_rec_src_search_87bd434eacdf_004_cases_unspecified,claim,claim_comparison:claim_cmp_172,claim_comparison,
compared_with,matched provenance identifier,claim:claim_rec_src_search_87bd434eacdf_005_cases_unspecified,claim,claim_comparison:claim_cmp_172,claim_comparison,
compared_with,matched provenance identifier,claim:claim_rec_src_search_87bd434eacdf_004_cases_unspecified,claim,claim_comparison:claim_cmp_173,claim_comparison,
compared_with,matched provenance identifier,claim:claim_rec_src_search_3e232b5b243d_001_cases_confirmed,claim,claim_comparison:claim_cmp_173,claim_comparison,
compared_with,matched provenance identifier,claim:claim_rec_src_search_87bd434eacdf_004_cases_unspecified,claim,claim_comparison:claim_cmp_174,claim_comparison,
compared_with,matched provenance identifier,claim:claim_rec_src_search_3e232b5b243d_002_deaths,claim,claim_comparison:claim_cmp_174,claim_comparison,
compared_with,matched provenance identifier,claim:claim_rec_src_search_87bd434eacdf_004_cases_unspecified,claim,claim_comparison:claim_cmp_175,claim_comparison,
compared_with,matched provenance identifier,claim:claim_rec_src_search_3f4cf9d46ec9_001_cases_unspecified,claim,claim_comparison:claim_cmp_175,claim_comparison,
compared_with,matched provenance identifier,claim:claim_rec_src_search_87bd434eacdf_004_cases_unspecified,claim,claim_comparison:claim_cmp_176,claim_comparison,
compared_with,matched provenance identifier,claim:claim_rec_src_search_3f4cf9d46ec9_002_cases_unspecified,claim,claim_comparison:claim_cmp_176,claim_comparison,
compared_with,matched provenance identifier,claim:claim_rec_src_search_87bd434eacdf_004_cases_unspecified,claim,claim_comparison:claim_cmp_177,claim_comparison,
compared_with,matched provenance identifier,claim:claim_rec_src_search_3f4cf9d46ec9_003_observation,claim,claim_comparison:claim_cmp_177,claim_comparison,
compared_with,matched provenance identifier,claim:claim_rec_src_search_87bd434eacdf_004_cases_unspecified,claim,claim_comparison:claim_cmp_178,claim_comparison,
compared_with,matched provenance identifier,claim:claim_rec_src_search_da86b7826545_001_cases_unspecified,claim,claim_comparison:claim_cmp_178,claim_comparison,
compared_with,matched provenance identifier,claim:claim_rec_src_search_87bd434eacdf_004_cases_unspecified,claim,claim_comparison:claim_cmp_179,claim_comparison,
compared_with,matched provenance identifier,claim:claim_rec_src_search_da86b7826545_001_deaths,claim,claim_comparison:claim_cmp_179,claim_comparison,
compared_with,matched provenance identifier,claim:claim_rec_src_search_87bd434eacdf_004_cases_unspecified,claim,claim_comparison:claim_cmp_180,claim_comparison,
compared_with,matched provenance identifier,claim:claim_rec_src_search_da86b7826545_001_hospitalizations,claim,claim_comparison:claim_cmp_180,claim_comparison,
compared_with,matched provenance identifier,claim:claim_rec_src_search_87bd434eacdf_004_cases_unspecified,claim,claim_comparison:claim_cmp_181,claim_comparison,
compared_with,matched provenance identifier,claim:claim_rec_src_search_da86b7826545_002_cases_unspecified,claim,claim_comparison:claim_cmp_181,claim_comparison,
compared_with,matched provenance identifier,claim:claim_rec_src_search_87bd434eacdf_004_cases_unspecified,claim,claim_comparison:claim_cmp_182,claim_comparison,
compared_with,matched provenance identifier,claim:claim_rec_src_search_da86b7826545_003_cases_unspecified,claim,claim_comparison:claim_cmp_182,claim_comparison,
compared_with,matched provenance identifier,claim:claim_rec_src_search_87bd434eacdf_004_cases_unspecified,claim,claim_comparison:claim_cmp_183,claim_comparison,
compared_with,matched provenance identifier,claim:claim_rec_src_search_da86b7826545_004_cases_unspecified,claim,claim_comparison:claim_cmp_183,claim_comparison,
compared_with,matched provenance identifier,claim:claim_rec_src_search_87bd434eacdf_004_cases_unspecified,claim,claim_comparison:claim_cmp_184,claim_comparison,
compared_with,matched provenance identifier,claim:claim_rec_src_search_da86b7826545_005_cases_unspecified,claim,claim_comparison:claim_cmp_184,claim_comparison,
compared_with,matched provenance identifier,claim:claim_rec_src_search_87bd434eacdf_004_cases_unspecified,claim,claim_comparison:claim_cmp_185,claim_comparison,
compared_with,matched provenance identifier,claim:claim_rec_src_search_8242cbb785a1_001_cases_confirmed,claim,claim_comparison:claim_cmp_185,claim_comparison,
compared_with,matched provenance identifier,claim:claim_rec_src_search_87bd434eacdf_004_cases_unspecified,claim,claim_comparison:claim_cmp_186,claim_comparison,
compared_with,matched provenance identifier,claim:claim_rec_src_search_8242cbb785a1_002_cases_confirmed,claim,claim_comparison:claim_cmp_186,claim_comparison,
compared_with,matched provenance identifier,claim:claim_rec_src_search_87bd434eacdf_004_cases_unspecified,claim,claim_comparison:claim_cmp_187,claim_comparison,
compared_with,matched provenance identifier,claim:claim_rec_src_search_8242cbb785a1_002_deaths,claim,claim_comparison:claim_cmp_187,claim_comparison,
compared_with,matched provenance identifier,claim:claim_rec_src_search_87bd434eacdf_004_cases_unspecified,claim,claim_comparison:claim_cmp_188,claim_comparison,
compared_with,matched provenance identifier,claim:claim_rec_src_search_8242cbb785a1_003_cases_confirmed,claim,claim_comparison:claim_cmp_188,claim_comparison,
compared_with,matched provenance identifier,claim:claim_rec_src_search_87bd434eacdf_004_cases_unspecified,claim,claim_comparison:claim_cmp_189,claim_comparison,
compared_with,matched provenance identifier,claim:claim_rec_src_search_8242cbb785a1_003_deaths,claim,claim_comparison:claim_cmp_189,claim_comparison,
compared_with,matched provenance identifier,claim:claim_rec_src_search_87bd434eacdf_004_cases_unspecified,claim,claim_comparison:claim_cmp_190,claim_comparison,
compared_with,matched provenance identifier,claim:claim_rec_src_search_8242cbb785a1_004_cases_confirmed,claim,claim_comparison:claim_cmp_190,claim_comparison,
compared_with,matched provenance identifier,claim:claim_rec_src_search_87bd434eacdf_004_cases_unspecified,claim,claim_comparison:claim_cmp_191,claim_comparison,
compared_with,matched provenance identifier,claim:claim_rec_src_search_8242cbb785a1_004_deaths,claim,claim_comparison:claim_cmp_191,claim_comparison,
compared_with,matched provenance identifier,claim:claim_rec_src_search_87bd434eacdf_004_cases_unspecified,claim,claim_comparison:claim_cmp_192,claim_comparison,
compared_with,matched provenance identifier,claim:claim_rec_src_search_6e578fc529e9_001_cases_confirmed,claim,claim_comparison:claim_cmp_192,claim_comparison,
compared_with,matched provenance identifier,claim:claim_rec_src_search_87bd434eacdf_004_cases_unspecified,claim,claim_comparison:claim_cmp_193,claim_comparison,
compared_with,matched provenance identifier,claim:claim_rec_src_search_6e578fc529e9_001_deaths,claim,claim_comparison:claim_cmp_193,claim_comparison,
compared_with,matched provenance identifier,claim:claim_rec_src_search_87bd434eacdf_004_cases_unspecified,claim,claim_comparison:claim_cmp_194,claim_comparison,
compared_with,matched provenance identifier,claim:claim_rec_src_search_cd5fb2750261_001_cases_confirmed,claim,claim_comparison:claim_cmp_194,claim_comparison,
compared_with,matched provenance identifier,claim:claim_rec_src_search_87bd434eacdf_004_cases_unspecified,claim,claim_comparison:claim_cmp_195,claim_comparison,
compared_with,matched provenance identifier,claim:claim_rec_src_search_cd5fb2750261_002_cases_confirmed,claim,claim_comparison:claim_cmp_195,claim_comparison,
compared_with,matched provenance identifier,claim:claim_rec_src_search_87bd434eacdf_004_cases_unspecified,claim,claim_comparison:claim_cmp_196,claim_comparison,
compared_with,matched provenance identifier,claim:claim_rec_src_search_d1d6036be2f6_001_cases_unspecified,claim,claim_comparison:claim_cmp_196,claim_comparison,
compared_with,matched provenance identifier,claim:claim_rec_src_search_87bd434eacdf_004_cases_unspecified,claim,claim_comparison:claim_cmp_197,claim_comparison,
compared_with,matched provenance identifier,claim:claim_rec_src_search_d1d6036be2f6_002_cases_unspecified,claim,claim_comparison:claim_cmp_197,claim_comparison,
compared_with,matched provenance identifier,claim:claim_rec_src_search_87bd434eacdf_004_cases_unspecified,claim,claim_comparison:claim_cmp_198,claim_comparison,
compared_with,matched provenance identifier,claim:claim_rec_src_search_d1d6036be2f6_003_observation,claim,claim_comparison:claim_cmp_198,claim_comparison,
compared_with,matched provenance identifier,claim:claim_rec_src_search_87bd434eacdf_004_cases_unspecified,claim,claim_comparison:claim_cmp_199,claim_comparison,
compared_with,matched provenance identifier,claim:claim_rec_src_search_d1d6036be2f6_004_cases_confirmed,claim,claim_comparison:claim_cmp_199,claim_comparison,
compared_with,matched provenance identifier,claim:claim_rec_src_search_87bd434eacdf_004_cases_unspecified,claim,claim_comparison:claim_cmp_200,claim_comparison,
compared_with,matched provenance identifier,claim:claim_rec_src_search_d1d6036be2f6_004_deaths,claim,claim_comparison:claim_cmp_200,claim_comparison,
compared_with,matched provenance identifier,claim:claim_rec_src_search_87bd434eacdf_004_cases_unspecified,claim,claim_comparison:claim_cmp_201,claim_comparison,
compared_with,matched provenance identifier,claim:claim_rec_src_search_d1d6036be2f6_005_observation,claim,claim_comparison:claim_cmp_201,claim_comparison,
compared_with,matched provenance identifier,claim:claim_rec_src_search_87bd434eacdf_004_cases_unspecified,claim,claim_comparison:claim_cmp_202,claim_comparison,
compared_with,matched provenance identifier,claim:claim_rec_src_search_d1d6036be2f6_006_cases_unspecified,claim,claim_comparison:claim_cmp_202,claim_comparison,
compared_with,matched provenance identifier,claim:claim_rec_src_search_87bd434eacdf_004_cases_unspecified,claim,claim_comparison:claim_cmp_203,claim_comparison,
compared_with,matched provenance identifier,claim:claim_rec_src_search_d1d6036be2f6_007_cases_unspecified,claim,claim_comparison:claim_cmp_203,claim_comparison,
compared_with,matched provenance identifier,claim:claim_rec_src_search_87bd434eacdf_004_cases_unspecified,claim,claim_comparison:claim_cmp_204,claim_comparison,
compared_with,matched provenance identifier,claim:claim_rec_src_search_3109afb35d90_001_cases_confirmed,claim,claim_comparison:claim_cmp_204,claim_comparison,
compared_with,matched provenance identifier,claim:claim_rec_src_search_87bd434eacdf_004_cases_unspecified,claim,claim_comparison:claim_cmp_205,claim_comparison,
compared_with,matched provenance identifier,claim:claim_rec_src_search_3109afb35d90_002_cases_unspecified,claim,claim_comparison:claim_cmp_205,claim_comparison,
compared_with,matched provenance identifier,claim:claim_rec_src_search_87bd434eacdf_004_cases_unspecified,claim,claim_comparison:claim_cmp_206,claim_comparison,
compared_with,matched provenance identifier,claim:claim_rec_src_search_3109afb35d90_003_cases_unspecified,claim,claim_comparison:claim_cmp_206,claim_comparison,
compared_with,matched provenance identifier,claim:claim_rec_src_search_87bd434eacdf_004_cases_unspecified,claim,claim_comparison:claim_cmp_207,claim_comparison,
compared_with,matched provenance identifier,claim:claim_rec_src_search_3109afb35d90_004_cases_unspecified,claim,claim_comparison:claim_cmp_207,claim_comparison,
compared_with,matched provenance identifier,claim:claim_rec_src_search_87bd434eacdf_004_cases_unspecified,claim,claim_comparison:claim_cmp_208,claim_comparison,
compared_with,matched provenance identifier,claim:claim_rec_src_search_283a8bed6a9d_001_cases_confirmed,claim,claim_comparison:claim_cmp_208,claim_comparison,
compared_with,matched provenance identifier,claim:claim_rec_src_search_87bd434eacdf_004_cases_unspecified,claim,claim_comparison:claim_cmp_209,claim_comparison,
compared_with,matched provenance identifier,claim:claim_rec_src_search_283a8bed6a9d_002_cases_confirmed,claim,claim_comparison:claim_cmp_209,claim_comparison,
compared_with,matched provenance identifier,claim:claim_rec_src_search_87bd434eacdf_004_cases_unspecified,claim,claim_comparison:claim_cmp_210,claim_comparison,
compared_with,matched provenance identifier,claim:claim_rec_src_search_283a8bed6a9d_003_observation,claim,claim_comparison:claim_cmp_210,claim_comparison,
compared_with,matched provenance identifier,claim:claim_rec_src_search_87bd434eacdf_004_cases_unspecified,claim,claim_comparison:claim_cmp_211,claim_comparison,
compared_with,matched provenance identifier,claim:claim_rec_src_search_283a8bed6a9d_004_observation,claim,claim_comparison:claim_cmp_211,claim_comparison,
compared_with,matched provenance identifier,claim:claim_rec_src_search_87bd434eacdf_004_cases_unspecified,claim,claim_comparison:claim_cmp_212,claim_comparison,
compared_with,matched provenance identifier,claim:claim_rec_src_search_283a8bed6a9d_005_cases_unspecified,claim,claim_comparison:claim_cmp_212,claim_comparison,
compared_with,matched provenance identifier,claim:claim_rec_src_search_87bd434eacdf_004_cases_unspecified,claim,claim_comparison:claim_cmp_213,claim_comparison,
compared_with,matched provenance identifier,claim:claim_rec_src_search_283a8bed6a9d_006_observation,claim,claim_comparison:claim_cmp_213,claim_comparison,
compared_with,matched provenance identifier,claim:claim_rec_src_search_87bd434eacdf_004_cases_unspecified,claim,claim_comparison:claim_cmp_214,claim_comparison,
compared_with,matched provenance identifier,claim:claim_rec_src_search_283a8bed6a9d_007_cases_unspecified,claim,claim_comparison:claim_cmp_214,claim_comparison,
compared_with,matched provenance identifier,claim:claim_rec_src_search_87bd434eacdf_004_cases_unspecified,claim,claim_comparison:claim_cmp_215,claim_comparison,
compared_with,matched provenance identifier,claim:claim_rec_src_search_283a8bed6a9d_008_observation,claim,claim_comparison:claim_cmp_215,claim_comparison,
compared_with,matched provenance identifier,claim:claim_rec_src_search_87bd434eacdf_004_cases_unspecified,claim,claim_comparison:claim_cmp_216,claim_comparison,
compared_with,matched provenance identifier,claim:claim_rec_src_search_283a8bed6a9d_009_cases_unspecified,claim,claim_comparison:claim_cmp_216,claim_comparison,
compared_with,matched provenance identifier,claim:claim_rec_src_search_87bd434eacdf_004_cases_unspecified,claim,claim_comparison:claim_cmp_217,claim_comparison,
compared_with,matched provenance identifier,claim:claim_rec_src_search_283a8bed6a9d_010_cases_unspecified,claim,claim_comparison:claim_cmp_217,claim_comparison,
compared_with,matched provenance identifier,claim:claim_rec_src_search_87bd434eacdf_004_cases_unspecified,claim,claim_comparison:claim_cmp_218,claim_comparison,
compared_with,matched provenance identifier,claim:claim_rec_src_search_283a8bed6a9d_011_cases_unspecified,claim,claim_comparison:claim_cmp_218,claim_comparison,
compared_with,matched provenance identifier,claim:claim_rec_src_search_87bd434eacdf_004_cases_unspecified,claim,claim_comparison:claim_cmp_219,claim_comparison,
compared_with,matched provenance identifier,claim:claim_rec_src_search_283a8bed6a9d_011_hospitalizations,claim,claim_comparison:claim_cmp_219,claim_comparison,
compared_with,matched provenance identifier,claim:claim_rec_src_search_87bd434eacdf_004_cases_unspecified,claim,claim_comparison:claim_cmp_220,claim_comparison,
compared_with,matched provenance identifier,claim:claim_rec_src_search_283a8bed6a9d_012_hospitalizations,claim,claim_comparison:claim_cmp_220,claim_comparison,
compared_with,matched provenance identifier,claim:claim_rec_src_search_87bd434eacdf_004_cases_unspecified,claim,claim_comparison:claim_cmp_221,claim_comparison,
compared_with,matched provenance identifier,claim:claim_rec_src_search_283a8bed6a9d_013_hospitalizations,claim,claim_comparison:claim_cmp_221,claim_comparison,
compared_with,matched provenance identifier,claim:claim_rec_src_search_87bd434eacdf_004_cases_unspecified,claim,claim_comparison:claim_cmp_222,claim_comparison,
compared_with,matched provenance identifier,claim:claim_rec_src_search_283a8bed6a9d_014_hospitalizations,claim,claim_comparison:claim_cmp_222,claim_comparison,
compared_with,matched provenance identifier,claim:claim_rec_src_search_87bd434eacdf_004_cases_unspecified,claim,claim_comparison:claim_cmp_223,claim_comparison,
compared_with,matched provenance identifier,claim:claim_rec_src_search_283a8bed6a9d_015_cases_unspecified,claim,claim_comparison:claim_cmp_223,claim_comparison,
compared_with,matched provenance identifier,claim:claim_rec_src_search_87bd434eacdf_004_cases_unspecified,claim,claim_comparison:claim_cmp_224,claim_comparison,
compared_with,matched provenance identifier,claim:claim_rec_src_search_283a8bed6a9d_016_deaths,claim,claim_comparison:claim_cmp_224,claim_comparison,
compared_with,matched provenance identifier,claim:claim_rec_src_search_87bd434eacdf_004_cases_unspecified,claim,claim_comparison:claim_cmp_225,claim_comparison,
compared_with,matched provenance identifier,claim:claim_rec_src_search_283a8bed6a9d_017_deaths,claim,claim_comparison:claim_cmp_225,claim_comparison,
compared_with,matched provenance identifier,claim:claim_rec_src_search_87bd434eacdf_004_cases_unspecified,claim,claim_comparison:claim_cmp_226,claim_comparison,
compared_with,matched provenance identifier,claim:claim_rec_src_search_7cb311dd75e6_001_cases_confirmed,claim,claim_comparison:claim_cmp_226,claim_comparison,
compared_with,matched provenance identifier,claim:claim_rec_src_search_87bd434eacdf_005_cases_unspecified,claim,claim_comparison:claim_cmp_227,claim_comparison,
compared_with,matched provenance identifier,claim:claim_rec_src_search_3e232b5b243d_001_cases_confirmed,claim,claim_comparison:claim_cmp_227,claim_comparison,
compared_with,matched provenance identifier,claim:claim_rec_src_search_87bd434eacdf_005_cases_unspecified,claim,claim_comparison:claim_cmp_228,claim_comparison,
compared_with,matched provenance identifier,claim:claim_rec_src_search_3e232b5b243d_002_deaths,claim,claim_comparison:claim_cmp_228,claim_comparison,
compared_with,matched provenance identifier,claim:claim_rec_src_search_87bd434eacdf_005_cases_unspecified,claim,claim_comparison:claim_cmp_229,claim_comparison,
compared_with,matched provenance identifier,claim:claim_rec_src_search_3f4cf9d46ec9_001_cases_unspecified,claim,claim_comparison:claim_cmp_229,claim_comparison,
compared_with,matched provenance identifier,claim:claim_rec_src_search_87bd434eacdf_005_cases_unspecified,claim,claim_comparison:claim_cmp_230,claim_comparison,
compared_with,matched provenance identifier,claim:claim_rec_src_search_3f4cf9d46ec9_002_cases_unspecified,claim,claim_comparison:claim_cmp_230,claim_comparison,
compared_with,matched provenance identifier,claim:claim_rec_src_search_87bd434eacdf_005_cases_unspecified,claim,claim_comparison:claim_cmp_231,claim_comparison,
compared_with,matched provenance identifier,claim:claim_rec_src_search_3f4cf9d46ec9_003_observation,claim,claim_comparison:claim_cmp_231,claim_comparison,
compared_with,matched provenance identifier,claim:claim_rec_src_search_87bd434eacdf_005_cases_unspecified,claim,claim_comparison:claim_cmp_232,claim_comparison,
compared_with,matched provenance identifier,claim:claim_rec_src_search_da86b7826545_001_cases_unspecified,claim,claim_comparison:claim_cmp_232,claim_comparison,
compared_with,matched provenance identifier,claim:claim_rec_src_search_87bd434eacdf_005_cases_unspecified,claim,claim_comparison:claim_cmp_233,claim_comparison,
compared_with,matched provenance identifier,claim:claim_rec_src_search_da86b7826545_001_deaths,claim,claim_comparison:claim_cmp_233,claim_comparison,
compared_with,matched provenance identifier,claim:claim_rec_src_search_87bd434eacdf_005_cases_unspecified,claim,claim_comparison:claim_cmp_234,claim_comparison,
compared_with,matched provenance identifier,claim:claim_rec_src_search_da86b7826545_001_hospitalizations,claim,claim_comparison:claim_cmp_234,claim_comparison,
compared_with,matched provenance identifier,claim:claim_rec_src_search_87bd434eacdf_005_cases_unspecified,claim,claim_comparison:claim_cmp_235,claim_comparison,
compared_with,matched provenance identifier,claim:claim_rec_src_search_da86b7826545_002_cases_unspecified,claim,claim_comparison:claim_cmp_235,claim_comparison,
compared_with,matched provenance identifier,claim:claim_rec_src_search_87bd434eacdf_005_cases_unspecified,claim,claim_comparison:claim_cmp_236,claim_comparison,
compared_with,matched provenance identifier,claim:claim_rec_src_search_da86b7826545_003_cases_unspecified,claim,claim_comparison:claim_cmp_236,claim_comparison,
compared_with,matched provenance identifier,claim:claim_rec_src_search_87bd434eacdf_005_cases_unspecified,claim,claim_comparison:claim_cmp_237,claim_comparison,
compared_with,matched provenance identifier,claim:claim_rec_src_search_da86b7826545_004_cases_unspecified,claim,claim_comparison:claim_cmp_237,claim_comparison,
compared_with,matched provenance identifier,claim:claim_rec_src_search_87bd434eacdf_005_cases_unspecified,claim,claim_comparison:claim_cmp_238,claim_comparison,
compared_with,matched provenance identifier,claim:claim_rec_src_search_da86b7826545_005_cases_unspecified,claim,claim_comparison:claim_cmp_238,claim_comparison,
compared_with,matched provenance identifier,claim:claim_rec_src_search_87bd434eacdf_005_cases_unspecified,claim,claim_comparison:claim_cmp_239,claim_comparison,
compared_with,matched provenance identifier,claim:claim_rec_src_search_8242cbb785a1_001_cases_confirmed,claim,claim_comparison:claim_cmp_239,claim_comparison,
compared_with,matched provenance identifier,claim:claim_rec_src_search_87bd434eacdf_005_cases_unspecified,claim,claim_comparison:claim_cmp_240,claim_comparison,
compared_with,matched provenance identifier,claim:claim_rec_src_search_8242cbb785a1_002_cases_confirmed,claim,claim_comparison:claim_cmp_240,claim_comparison,
compared_with,matched provenance identifier,claim:claim_rec_src_search_87bd434eacdf_005_cases_unspecified,claim,claim_comparison:claim_cmp_241,claim_comparison,
compared_with,matched provenance identifier,claim:claim_rec_src_search_8242cbb785a1_002_deaths,claim,claim_comparison:claim_cmp_241,claim_comparison,
compared_with,matched provenance identifier,claim:claim_rec_src_search_87bd434eacdf_005_cases_unspecified,claim,claim_comparison:claim_cmp_242,claim_comparison,
compared_with,matched provenance identifier,claim:claim_rec_src_search_8242cbb785a1_003_cases_confirmed,claim,claim_comparison:claim_cmp_242,claim_comparison,
compared_with,matched provenance identifier,claim:claim_rec_src_search_87bd434eacdf_005_cases_unspecified,claim,claim_comparison:claim_cmp_243,claim_comparison,
compared_with,matched provenance identifier,claim:claim_rec_src_search_8242cbb785a1_003_deaths,claim,claim_comparison:claim_cmp_243,claim_comparison,
compared_with,matched provenance identifier,claim:claim_rec_src_search_87bd434eacdf_005_cases_unspecified,claim,claim_comparison:claim_cmp_244,claim_comparison,
compared_with,matched provenance identifier,claim:claim_rec_src_search_8242cbb785a1_004_cases_confirmed,claim,claim_comparison:claim_cmp_244,claim_comparison,
compared_with,matched provenance identifier,claim:claim_rec_src_search_87bd434eacdf_005_cases_unspecified,claim,claim_comparison:claim_cmp_245,claim_comparison,
compared_with,matched provenance identifier,claim:claim_rec_src_search_8242cbb785a1_004_deaths,claim,claim_comparison:claim_cmp_245,claim_comparison,
compared_with,matched provenance identifier,claim:claim_rec_src_search_87bd434eacdf_005_cases_unspecified,claim,claim_comparison:claim_cmp_246,claim_comparison,
compared_with,matched provenance identifier,claim:claim_rec_src_search_6e578fc529e9_001_cases_confirmed,claim,claim_comparison:claim_cmp_246,claim_comparison,
compared_with,matched provenance identifier,claim:claim_rec_src_search_87bd434eacdf_005_cases_unspecified,claim,claim_comparison:claim_cmp_247,claim_comparison,
compared_with,matched provenance identifier,claim:claim_rec_src_search_6e578fc529e9_001_deaths,claim,claim_comparison:claim_cmp_247,claim_comparison,
compared_with,matched provenance identifier,claim:claim_rec_src_search_87bd434eacdf_005_cases_unspecified,claim,claim_comparison:claim_cmp_248,claim_comparison,
compared_with,matched provenance identifier,claim:claim_rec_src_search_cd5fb2750261_001_cases_confirmed,claim,claim_comparison:claim_cmp_248,claim_comparison,
compared_with,matched provenance identifier,claim:claim_rec_src_search_87bd434eacdf_005_cases_unspecified,claim,claim_comparison:claim_cmp_249,claim_comparison,
compared_with,matched provenance identifier,claim:claim_rec_src_search_cd5fb2750261_002_cases_confirmed,claim,claim_comparison:claim_cmp_249,claim_comparison,
compared_with,matched provenance identifier,claim:claim_rec_src_search_87bd434eacdf_005_cases_unspecified,claim,claim_comparison:claim_cmp_250,claim_comparison,
compared_with,matched provenance identifier,claim:claim_rec_src_search_d1d6036be2f6_001_cases_unspecified,claim,claim_comparison:claim_cmp_250,claim_comparison,
compared_with,matched provenance identifier,claim:claim_rec_src_search_87bd434eacdf_005_cases_unspecified,claim,claim_comparison:claim_cmp_251,claim_comparison,
compared_with,matched provenance identifier,claim:claim_rec_src_search_d1d6036be2f6_002_cases_unspecified,claim,claim_comparison:claim_cmp_251,claim_comparison,
compared_with,matched provenance identifier,claim:claim_rec_src_search_87bd434eacdf_005_cases_unspecified,claim,claim_comparison:claim_cmp_252,claim_comparison,
compared_with,matched provenance identifier,claim:claim_rec_src_search_d1d6036be2f6_003_observation,claim,claim_comparison:claim_cmp_252,claim_comparison,
compared_with,matched provenance identifier,claim:claim_rec_src_search_87bd434eacdf_005_cases_unspecified,claim,claim_comparison:claim_cmp_253,claim_comparison,
compared_with,matched provenance identifier,claim:claim_rec_src_search_d1d6036be2f6_004_cases_confirmed,claim,claim_comparison:claim_cmp_253,claim_comparison,
compared_with,matched provenance identifier,claim:claim_rec_src_search_87bd434eacdf_005_cases_unspecified,claim,claim_comparison:claim_cmp_254,claim_comparison,
compared_with,matched provenance identifier,claim:claim_rec_src_search_d1d6036be2f6_004_deaths,claim,claim_comparison:claim_cmp_254,claim_comparison,
compared_with,matched provenance identifier,claim:claim_rec_src_search_87bd434eacdf_005_cases_unspecified,claim,claim_comparison:claim_cmp_255,claim_comparison,
compared_with,matched provenance identifier,claim:claim_rec_src_search_d1d6036be2f6_005_observation,claim,claim_comparison:claim_cmp_255,claim_comparison,
compared_with,matched provenance identifier,claim:claim_rec_src_search_87bd434eacdf_005_cases_unspecified,claim,claim_comparison:claim_cmp_256,claim_comparison,
compared_with,matched provenance identifier,claim:claim_rec_src_search_d1d6036be2f6_006_cases_unspecified,claim,claim_comparison:claim_cmp_256,claim_comparison,
compared_with,matched provenance identifier,claim:claim_rec_src_search_87bd434eacdf_005_cases_unspecified,claim,claim_comparison:claim_cmp_257,claim_comparison,
compared_with,matched provenance identifier,claim:claim_rec_src_search_d1d6036be2f6_007_cases_unspecified,claim,claim_comparison:claim_cmp_257,claim_comparison,
compared_with,matched provenance identifier,claim:claim_rec_src_search_87bd434eacdf_005_cases_unspecified,claim,claim_comparison:claim_cmp_258,claim_comparison,
compared_with,matched provenance identifier,claim:claim_rec_src_search_3109afb35d90_001_cases_confirmed,claim,claim_comparison:claim_cmp_258,claim_comparison,
compared_with,matched provenance identifier,claim:claim_rec_src_search_87bd434eacdf_005_cases_unspecified,claim,claim_comparison:claim_cmp_259,claim_comparison,
compared_with,matched provenance identifier,claim:claim_rec_src_search_3109afb35d90_002_cases_unspecified,claim,claim_comparison:claim_cmp_259,claim_comparison,
compared_with,matched provenance identifier,claim:claim_rec_src_search_87bd434eacdf_005_cases_unspecified,claim,claim_comparison:claim_cmp_260,claim_comparison,
compared_with,matched provenance identifier,claim:claim_rec_src_search_3109afb35d90_003_cases_unspecified,claim,claim_comparison:claim_cmp_260,claim_comparison,
compared_with,matched provenance identifier,claim:claim_rec_src_search_87bd434eacdf_005_cases_unspecified,claim,claim_comparison:claim_cmp_261,claim_comparison,
compared_with,matched provenance identifier,claim:claim_rec_src_search_3109afb35d90_004_cases_unspecified,claim,claim_comparison:claim_cmp_261,claim_comparison,
compared_with,matched provenance identifier,claim:claim_rec_src_search_87bd434eacdf_005_cases_unspecified,claim,claim_comparison:claim_cmp_262,claim_comparison,
compared_with,matched provenance identifier,claim:claim_rec_src_search_283a8bed6a9d_001_cases_confirmed,claim,claim_comparison:claim_cmp_262,claim_comparison,
compared_with,matched provenance identifier,claim:claim_rec_src_search_87bd434eacdf_005_cases_unspecified,claim,claim_comparison:claim_cmp_263,claim_comparison,
compared_with,matched provenance identifier,claim:claim_rec_src_search_283a8bed6a9d_002_cases_confirmed,claim,claim_comparison:claim_cmp_263,claim_comparison,
compared_with,matched provenance identifier,claim:claim_rec_src_search_87bd434eacdf_005_cases_unspecified,claim,claim_comparison:claim_cmp_264,claim_comparison,
compared_with,matched provenance identifier,claim:claim_rec_src_search_283a8bed6a9d_003_observation,claim,claim_comparison:claim_cmp_264,claim_comparison,
compared_with,matched provenance identifier,claim:claim_rec_src_search_87bd434eacdf_005_cases_unspecified,claim,claim_comparison:claim_cmp_265,claim_comparison,
compared_with,matched provenance identifier,claim:claim_rec_src_search_283a8bed6a9d_004_observation,claim,claim_comparison:claim_cmp_265,claim_comparison,
compared_with,matched provenance identifier,claim:claim_rec_src_search_87bd434eacdf_005_cases_unspecified,claim,claim_comparison:claim_cmp_266,claim_comparison,
compared_with,matched provenance identifier,claim:claim_rec_src_search_283a8bed6a9d_005_cases_unspecified,claim,claim_comparison:claim_cmp_266,claim_comparison,
compared_with,matched provenance identifier,claim:claim_rec_src_search_87bd434eacdf_005_cases_unspecified,claim,claim_comparison:claim_cmp_267,claim_comparison,
compared_with,matched provenance identifier,claim:claim_rec_src_search_283a8bed6a9d_006_observation,claim,claim_comparison:claim_cmp_267,claim_comparison,
compared_with,matched provenance identifier,claim:claim_rec_src_search_87bd434eacdf_005_cases_unspecified,claim,claim_comparison:claim_cmp_268,claim_comparison,
compared_with,matched provenance identifier,claim:claim_rec_src_search_283a8bed6a9d_007_cases_unspecified,claim,claim_comparison:claim_cmp_268,claim_comparison,
compared_with,matched provenance identifier,claim:claim_rec_src_search_87bd434eacdf_005_cases_unspecified,claim,claim_comparison:claim_cmp_269,claim_comparison,
compared_with,matched provenance identifier,claim:claim_rec_src_search_283a8bed6a9d_008_observation,claim,claim_comparison:claim_cmp_269,claim_comparison,
compared_with,matched provenance identifier,claim:claim_rec_src_search_87bd434eacdf_005_cases_unspecified,claim,claim_comparison:claim_cmp_270,claim_comparison,
compared_with,matched provenance identifier,claim:claim_rec_src_search_283a8bed6a9d_009_cases_unspecified,claim,claim_comparison:claim_cmp_270,claim_comparison,
compared_with,matched provenance identifier,claim:claim_rec_src_search_87bd434eacdf_005_cases_unspecified,claim,claim_comparison:claim_cmp_271,claim_comparison,
compared_with,matched provenance identifier,claim:claim_rec_src_search_283a8bed6a9d_010_cases_unspecified,claim,claim_comparison:claim_cmp_271,claim_comparison,
compared_with,matched provenance identifier,claim:claim_rec_src_search_87bd434eacdf_005_cases_unspecified,claim,claim_comparison:claim_cmp_272,claim_comparison,
compared_with,matched provenance identifier,claim:claim_rec_src_search_283a8bed6a9d_011_cases_unspecified,claim,claim_comparison:claim_cmp_272,claim_comparison,
compared_with,matched provenance identifier,claim:claim_rec_src_search_87bd434eacdf_005_cases_unspecified,claim,claim_comparison:claim_cmp_273,claim_comparison,
compared_with,matched provenance identifier,claim:claim_rec_src_search_283a8bed6a9d_011_hospitalizations,claim,claim_comparison:claim_cmp_273,claim_comparison,
compared_with,matched provenance identifier,claim:claim_rec_src_search_87bd434eacdf_005_cases_unspecified,claim,claim_comparison:claim_cmp_274,claim_comparison,
compared_with,matched provenance identifier,claim:claim_rec_src_search_283a8bed6a9d_012_hospitalizations,claim,claim_comparison:claim_cmp_274,claim_comparison,
compared_with,matched provenance identifier,claim:claim_rec_src_search_87bd434eacdf_005_cases_unspecified,claim,claim_comparison:claim_cmp_275,claim_comparison,
compared_with,matched provenance identifier,claim:claim_rec_src_search_283a8bed6a9d_013_hospitalizations,claim,claim_comparison:claim_cmp_275,claim_comparison,
compared_with,matched provenance identifier,claim:claim_rec_src_search_87bd434eacdf_005_cases_unspecified,claim,claim_comparison:claim_cmp_276,claim_comparison,
compared_with,matched provenance identifier,claim:claim_rec_src_search_283a8bed6a9d_014_hospitalizations,claim,claim_comparison:claim_cmp_276,claim_comparison,
compared_with,matched provenance identifier,claim:claim_rec_src_search_87bd434eacdf_005_cases_unspecified,claim,claim_comparison:claim_cmp_277,claim_comparison,
compared_with,matched provenance identifier,claim:claim_rec_src_search_283a8bed6a9d_015_cases_unspecified,claim,claim_comparison:claim_cmp_277,claim_comparison,
compared_with,matched provenance identifier,claim:claim_rec_src_search_87bd434eacdf_005_cases_unspecified,claim,claim_comparison:claim_cmp_278,claim_comparison,
compared_with,matched provenance identifier,claim:claim_rec_src_search_283a8bed6a9d_016_deaths,claim,claim_comparison:claim_cmp_278,claim_comparison,
compared_with,matched provenance identifier,claim:claim_rec_src_search_87bd434eacdf_005_cases_unspecified,claim,claim_comparison:claim_cmp_279,claim_comparison,
compared_with,matched provenance identifier,claim:claim_rec_src_search_283a8bed6a9d_017_deaths,claim,claim_comparison:claim_cmp_279,claim_comparison,
compared_with,matched provenance identifier,claim:claim_rec_src_search_87bd434eacdf_005_cases_unspecified,claim,claim_comparison:claim_cmp_280,claim_comparison,
compared_with,matched provenance identifier,claim:claim_rec_src_search_7cb311dd75e6_001_cases_confirmed,claim,claim_comparison:claim_cmp_280,claim_comparison,
compared_with,matched provenance identifier,claim:claim_rec_src_search_3e232b5b243d_001_cases_confirmed,claim,claim_comparison:claim_cmp_281,claim_comparison,
compared_with,matched provenance identifier,claim:claim_rec_src_search_3e232b5b243d_002_deaths,claim,claim_comparison:claim_cmp_281,claim_comparison,
compared_with,matched provenance identifier,claim:claim_rec_src_search_3e232b5b243d_001_cases_confirmed,claim,claim_comparison:claim_cmp_282,claim_comparison,
compared_with,matched provenance identifier,claim:claim_rec_src_search_3f4cf9d46ec9_001_cases_unspecified,claim,claim_comparison:claim_cmp_282,claim_comparison,
compared_with,matched provenance identifier,claim:claim_rec_src_search_3e232b5b243d_001_cases_confirmed,claim,claim_comparison:claim_cmp_283,claim_comparison,
compared_with,matched provenance identifier,claim:claim_rec_src_search_3f4cf9d46ec9_002_cases_unspecified,claim,claim_comparison:claim_cmp_283,claim_comparison,
compared_with,matched provenance identifier,claim:claim_rec_src_search_3e232b5b243d_001_cases_confirmed,claim,claim_comparison:claim_cmp_284,claim_comparison,
compared_with,matched provenance identifier,claim:claim_rec_src_search_3f4cf9d46ec9_003_observation,claim,claim_comparison:claim_cmp_284,claim_comparison,
compared_with,matched provenance identifier,claim:claim_rec_src_search_3e232b5b243d_001_cases_confirmed,claim,claim_comparison:claim_cmp_285,claim_comparison,
compared_with,matched provenance identifier,claim:claim_rec_src_search_da86b7826545_001_cases_unspecified,claim,claim_comparison:claim_cmp_285,claim_comparison,
compared_with,matched provenance identifier,claim:claim_rec_src_search_3e232b5b243d_001_cases_confirmed,claim,claim_comparison:claim_cmp_286,claim_comparison,
compared_with,matched provenance identifier,claim:claim_rec_src_search_da86b7826545_001_deaths,claim,claim_comparison:claim_cmp_286,claim_comparison,
compared_with,matched provenance identifier,claim:claim_rec_src_search_3e232b5b243d_001_cases_confirmed,claim,claim_comparison:claim_cmp_287,claim_comparison,
compared_with,matched provenance identifier,claim:claim_rec_src_search_da86b7826545_001_hospitalizations,claim,claim_comparison:claim_cmp_287,claim_comparison,
compared_with,matched provenance identifier,claim:claim_rec_src_search_3e232b5b243d_001_cases_confirmed,claim,claim_comparison:claim_cmp_288,claim_comparison,
compared_with,matched provenance identifier,claim:claim_rec_src_search_da86b7826545_002_cases_unspecified,claim,claim_comparison:claim_cmp_288,claim_comparison,
compared_with,matched provenance identifier,claim:claim_rec_src_search_3e232b5b243d_001_cases_confirmed,claim,claim_comparison:claim_cmp_289,claim_comparison,
compared_with,matched provenance identifier,claim:claim_rec_src_search_da86b7826545_003_cases_unspecified,claim,claim_comparison:claim_cmp_289,claim_comparison,
compared_with,matched provenance identifier,claim:claim_rec_src_search_3e232b5b243d_001_cases_confirmed,claim,claim_comparison:claim_cmp_290,claim_comparison,
compared_with,matched provenance identifier,claim:claim_rec_src_search_da86b7826545_004_cases_unspecified,claim,claim_comparison:claim_cmp_290,claim_comparison,
compared_with,matched provenance identifier,claim:claim_rec_src_search_3e232b5b243d_001_cases_confirmed,claim,claim_comparison:claim_cmp_291,claim_comparison,
compared_with,matched provenance identifier,claim:claim_rec_src_search_da86b7826545_005_cases_unspecified,claim,claim_comparison:claim_cmp_291,claim_comparison,
compared_with,matched provenance identifier,claim:claim_rec_src_search_3e232b5b243d_001_cases_confirmed,claim,claim_comparison:claim_cmp_292,claim_comparison,
compared_with,matched provenance identifier,claim:claim_rec_src_search_8242cbb785a1_001_cases_confirmed,claim,claim_comparison:claim_cmp_292,claim_comparison,
compared_with,matched provenance identifier,claim:claim_rec_src_search_3e232b5b243d_001_cases_confirmed,claim,claim_comparison:claim_cmp_293,claim_comparison,
compared_with,matched provenance identifier,claim:claim_rec_src_search_8242cbb785a1_002_cases_confirmed,claim,claim_comparison:claim_cmp_293,claim_comparison,
compared_with,matched provenance identifier,claim:claim_rec_src_search_3e232b5b243d_001_cases_confirmed,claim,claim_comparison:claim_cmp_294,claim_comparison,
compared_with,matched provenance identifier,claim:claim_rec_src_search_8242cbb785a1_002_deaths,claim,claim_comparison:claim_cmp_294,claim_comparison,
compared_with,matched provenance identifier,claim:claim_rec_src_search_3e232b5b243d_001_cases_confirmed,claim,claim_comparison:claim_cmp_295,claim_comparison,
compared_with,matched provenance identifier,claim:claim_rec_src_search_8242cbb785a1_003_cases_confirmed,claim,claim_comparison:claim_cmp_295,claim_comparison,
compared_with,matched provenance identifier,claim:claim_rec_src_search_3e232b5b243d_001_cases_confirmed,claim,claim_comparison:claim_cmp_296,claim_comparison,
compared_with,matched provenance identifier,claim:claim_rec_src_search_8242cbb785a1_003_deaths,claim,claim_comparison:claim_cmp_296,claim_comparison,
compared_with,matched provenance identifier,claim:claim_rec_src_search_3e232b5b243d_001_cases_confirmed,claim,claim_comparison:claim_cmp_297,claim_comparison,
compared_with,matched provenance identifier,claim:claim_rec_src_search_8242cbb785a1_004_cases_confirmed,claim,claim_comparison:claim_cmp_297,claim_comparison,
compared_with,matched provenance identifier,claim:claim_rec_src_search_3e232b5b243d_001_cases_confirmed,claim,claim_comparison:claim_cmp_298,claim_comparison,
compared_with,matched provenance identifier,claim:claim_rec_src_search_8242cbb785a1_004_deaths,claim,claim_comparison:claim_cmp_298,claim_comparison,
compared_with,matched provenance identifier,claim:claim_rec_src_search_3e232b5b243d_001_cases_confirmed,claim,claim_comparison:claim_cmp_299,claim_comparison,
compared_with,matched provenance identifier,claim:claim_rec_src_search_6e578fc529e9_001_cases_confirmed,claim,claim_comparison:claim_cmp_299,claim_comparison,
compared_with,matched provenance identifier,claim:claim_rec_src_search_3e232b5b243d_001_cases_confirmed,claim,claim_comparison:claim_cmp_300,claim_comparison,
compared_with,matched provenance identifier,claim:claim_rec_src_search_6e578fc529e9_001_deaths,claim,claim_comparison:claim_cmp_300,claim_comparison,
compared_with,matched provenance identifier,claim:claim_rec_src_search_3e232b5b243d_001_cases_confirmed,claim,claim_comparison:claim_cmp_301,claim_comparison,
compared_with,matched provenance identifier,claim:claim_rec_src_search_cd5fb2750261_001_cases_confirmed,claim,claim_comparison:claim_cmp_301,claim_comparison,
compared_with,matched provenance identifier,claim:claim_rec_src_search_3e232b5b243d_001_cases_confirmed,claim,claim_comparison:claim_cmp_302,claim_comparison,
compared_with,matched provenance identifier,claim:claim_rec_src_search_cd5fb2750261_002_cases_confirmed,claim,claim_comparison:claim_cmp_302,claim_comparison,
compared_with,matched provenance identifier,claim:claim_rec_src_search_3e232b5b243d_001_cases_confirmed,claim,claim_comparison:claim_cmp_303,claim_comparison,
compared_with,matched provenance identifier,claim:claim_rec_src_search_d1d6036be2f6_001_cases_unspecified,claim,claim_comparison:claim_cmp_303,claim_comparison,
compared_with,matched provenance identifier,claim:claim_rec_src_search_3e232b5b243d_001_cases_confirmed,claim,claim_comparison:claim_cmp_304,claim_comparison,
compared_with,matched provenance identifier,claim:claim_rec_src_search_d1d6036be2f6_002_cases_unspecified,claim,claim_comparison:claim_cmp_304,claim_comparison,
compared_with,matched provenance identifier,claim:claim_rec_src_search_3e232b5b243d_001_cases_confirmed,claim,claim_comparison:claim_cmp_305,claim_comparison,
compared_with,matched provenance identifier,claim:claim_rec_src_search_d1d6036be2f6_003_observation,claim,claim_comparison:claim_cmp_305,claim_comparison,
compared_with,matched provenance identifier,claim:claim_rec_src_search_3e232b5b243d_001_cases_confirmed,claim,claim_comparison:claim_cmp_306,claim_comparison,
compared_with,matched provenance identifier,claim:claim_rec_src_search_d1d6036be2f6_004_cases_confirmed,claim,claim_comparison:claim_cmp_306,claim_comparison,
compared_with,matched provenance identifier,claim:claim_rec_src_search_3e232b5b243d_001_cases_confirmed,claim,claim_comparison:claim_cmp_307,claim_comparison,
compared_with,matched provenance identifier,claim:claim_rec_src_search_d1d6036be2f6_004_deaths,claim,claim_comparison:claim_cmp_307,claim_comparison,
compared_with,matched provenance identifier,claim:claim_rec_src_search_3e232b5b243d_001_cases_confirmed,claim,claim_comparison:claim_cmp_308,claim_comparison,
compared_with,matched provenance identifier,claim:claim_rec_src_search_d1d6036be2f6_005_observation,claim,claim_comparison:claim_cmp_308,claim_comparison,
compared_with,matched provenance identifier,claim:claim_rec_src_search_3e232b5b243d_001_cases_confirmed,claim,claim_comparison:claim_cmp_309,claim_comparison,
compared_with,matched provenance identifier,claim:claim_rec_src_search_d1d6036be2f6_006_cases_unspecified,claim,claim_comparison:claim_cmp_309,claim_comparison,
compared_with,matched provenance identifier,claim:claim_rec_src_search_3e232b5b243d_001_cases_confirmed,claim,claim_comparison:claim_cmp_310,claim_comparison,
compared_with,matched provenance identifier,claim:claim_rec_src_search_d1d6036be2f6_007_cases_unspecified,claim,claim_comparison:claim_cmp_310,claim_comparison,
compared_with,matched provenance identifier,claim:claim_rec_src_search_3e232b5b243d_001_cases_confirmed,claim,claim_comparison:claim_cmp_311,claim_comparison,
compared_with,matched provenance identifier,claim:claim_rec_src_search_3109afb35d90_001_cases_confirmed,claim,claim_comparison:claim_cmp_311,claim_comparison,
compared_with,matched provenance identifier,claim:claim_rec_src_search_3e232b5b243d_001_cases_confirmed,claim,claim_comparison:claim_cmp_312,claim_comparison,
compared_with,matched provenance identifier,claim:claim_rec_src_search_3109afb35d90_002_cases_unspecified,claim,claim_comparison:claim_cmp_312,claim_comparison,
compared_with,matched provenance identifier,claim:claim_rec_src_search_3e232b5b243d_001_cases_confirmed,claim,claim_comparison:claim_cmp_313,claim_comparison,
compared_with,matched provenance identifier,claim:claim_rec_src_search_3109afb35d90_003_cases_unspecified,claim,claim_comparison:claim_cmp_313,claim_comparison,
compared_with,matched provenance identifier,claim:claim_rec_src_search_3e232b5b243d_001_cases_confirmed,claim,claim_comparison:claim_cmp_314,claim_comparison,
compared_with,matched provenance identifier,claim:claim_rec_src_search_3109afb35d90_004_cases_unspecified,claim,claim_comparison:claim_cmp_314,claim_comparison,
compared_with,matched provenance identifier,claim:claim_rec_src_search_3e232b5b243d_001_cases_confirmed,claim,claim_comparison:claim_cmp_315,claim_comparison,
compared_with,matched provenance identifier,claim:claim_rec_src_search_283a8bed6a9d_001_cases_confirmed,claim,claim_comparison:claim_cmp_315,claim_comparison,
compared_with,matched provenance identifier,claim:claim_rec_src_search_3e232b5b243d_001_cases_confirmed,claim,claim_comparison:claim_cmp_316,claim_comparison,
compared_with,matched provenance identifier,claim:claim_rec_src_search_283a8bed6a9d_002_cases_confirmed,claim,claim_comparison:claim_cmp_316,claim_comparison,
compared_with,matched provenance identifier,claim:claim_rec_src_search_3e232b5b243d_001_cases_confirmed,claim,claim_comparison:claim_cmp_317,claim_comparison,
compared_with,matched provenance identifier,claim:claim_rec_src_search_283a8bed6a9d_003_observation,claim,claim_comparison:claim_cmp_317,claim_comparison,
compared_with,matched provenance identifier,claim:claim_rec_src_search_3e232b5b243d_001_cases_confirmed,claim,claim_comparison:claim_cmp_318,claim_comparison,
compared_with,matched provenance identifier,claim:claim_rec_src_search_283a8bed6a9d_004_observation,claim,claim_comparison:claim_cmp_318,claim_comparison,
compared_with,matched provenance identifier,claim:claim_rec_src_search_3e232b5b243d_001_cases_confirmed,claim,claim_comparison:claim_cmp_319,claim_comparison,
compared_with,matched provenance identifier,claim:claim_rec_src_search_283a8bed6a9d_005_cases_unspecified,claim,claim_comparison:claim_cmp_319,claim_comparison,
compared_with,matched provenance identifier,claim:claim_rec_src_search_3e232b5b243d_001_cases_confirmed,claim,claim_comparison:claim_cmp_320,claim_comparison,
compared_with,matched provenance identifier,claim:claim_rec_src_search_283a8bed6a9d_006_observation,claim,claim_comparison:claim_cmp_320,claim_comparison,
compared_with,matched provenance identifier,claim:claim_rec_src_search_3e232b5b243d_001_cases_confirmed,claim,claim_comparison:claim_cmp_321,claim_comparison,
compared_with,matched provenance identifier,claim:claim_rec_src_search_283a8bed6a9d_007_cases_unspecified,claim,claim_comparison:claim_cmp_321,claim_comparison,
compared_with,matched provenance identifier,claim:claim_rec_src_search_3e232b5b243d_001_cases_confirmed,claim,claim_comparison:claim_cmp_322,claim_comparison,
compared_with,matched provenance identifier,claim:claim_rec_src_search_283a8bed6a9d_008_observation,claim,claim_comparison:claim_cmp_322,claim_comparison,
compared_with,matched provenance identifier,claim:claim_rec_src_search_3e232b5b243d_001_cases_confirmed,claim,claim_comparison:claim_cmp_323,claim_comparison,
compared_with,matched provenance identifier,claim:claim_rec_src_search_283a8bed6a9d_009_cases_unspecified,claim,claim_comparison:claim_cmp_323,claim_comparison,
compared_with,matched provenance identifier,claim:claim_rec_src_search_3e232b5b243d_001_cases_confirmed,claim,claim_comparison:claim_cmp_324,claim_comparison,
compared_with,matched provenance identifier,claim:claim_rec_src_search_283a8bed6a9d_010_cases_unspecified,claim,claim_comparison:claim_cmp_324,claim_comparison,
compared_with,matched provenance identifier,claim:claim_rec_src_search_3e232b5b243d_001_cases_confirmed,claim,claim_comparison:claim_cmp_325,claim_comparison,
compared_with,matched provenance identifier,claim:claim_rec_src_search_283a8bed6a9d_011_cases_unspecified,claim,claim_comparison:claim_cmp_325,claim_comparison,
compared_with,matched provenance identifier,claim:claim_rec_src_search_3e232b5b243d_001_cases_confirmed,claim,claim_comparison:claim_cmp_326,claim_comparison,
compared_with,matched provenance identifier,claim:claim_rec_src_search_283a8bed6a9d_011_hospitalizations,claim,claim_comparison:claim_cmp_326,claim_comparison,
compared_with,matched provenance identifier,claim:claim_rec_src_search_3e232b5b243d_001_cases_confirmed,claim,claim_comparison:claim_cmp_327,claim_comparison,
compared_with,matched provenance identifier,claim:claim_rec_src_search_283a8bed6a9d_012_hospitalizations,claim,claim_comparison:claim_cmp_327,claim_comparison,
compared_with,matched provenance identifier,claim:claim_rec_src_search_3e232b5b243d_001_cases_confirmed,claim,claim_comparison:claim_cmp_328,claim_comparison,
compared_with,matched provenance identifier,claim:claim_rec_src_search_283a8bed6a9d_013_hospitalizations,claim,claim_comparison:claim_cmp_328,claim_comparison,
compared_with,matched provenance identifier,claim:claim_rec_src_search_3e232b5b243d_001_cases_confirmed,claim,claim_comparison:claim_cmp_329,claim_comparison,
compared_with,matched provenance identifier,claim:claim_rec_src_search_283a8bed6a9d_014_hospitalizations,claim,claim_comparison:claim_cmp_329,claim_comparison,
compared_with,matched provenance identifier,claim:claim_rec_src_search_3e232b5b243d_001_cases_confirmed,claim,claim_comparison:claim_cmp_330,claim_comparison,
compared_with,matched provenance identifier,claim:claim_rec_src_search_283a8bed6a9d_015_cases_unspecified,claim,claim_comparison:claim_cmp_330,claim_comparison,
compared_with,matched provenance identifier,claim:claim_rec_src_search_3e232b5b243d_001_cases_confirmed,claim,claim_comparison:claim_cmp_331,claim_comparison,
compared_with,matched provenance identifier,claim:claim_rec_src_search_283a8bed6a9d_016_deaths,claim,claim_comparison:claim_cmp_331,claim_comparison,
compared_with,matched provenance identifier,claim:claim_rec_src_search_3e232b5b243d_001_cases_confirmed,claim,claim_comparison:claim_cmp_332,claim_comparison,
compared_with,matched provenance identifier,claim:claim_rec_src_search_283a8bed6a9d_017_deaths,claim,claim_comparison:claim_cmp_332,claim_comparison,
compared_with,matched provenance identifier,claim:claim_rec_src_search_3e232b5b243d_001_cases_confirmed,claim,claim_comparison:claim_cmp_333,claim_comparison,
compared_with,matched provenance identifier,claim:claim_rec_src_search_7cb311dd75e6_001_cases_confirmed,claim,claim_comparison:claim_cmp_333,claim_comparison,
compared_with,matched provenance identifier,claim:claim_rec_src_search_3e232b5b243d_002_deaths,claim,claim_comparison:claim_cmp_334,claim_comparison,
compared_with,matched provenance identifier,claim:claim_rec_src_search_3f4cf9d46ec9_001_cases_unspecified,claim,claim_comparison:claim_cmp_334,claim_comparison,
compared_with,matched provenance identifier,claim:claim_rec_src_search_3e232b5b243d_002_deaths,claim,claim_comparison:claim_cmp_335,claim_comparison,
compared_with,matched provenance identifier,claim:claim_rec_src_search_3f4cf9d46ec9_002_cases_unspecified,claim,claim_comparison:claim_cmp_335,claim_comparison,
compared_with,matched provenance identifier,claim:claim_rec_src_search_3e232b5b243d_002_deaths,claim,claim_comparison:claim_cmp_336,claim_comparison,
compared_with,matched provenance identifier,claim:claim_rec_src_search_3f4cf9d46ec9_003_observation,claim,claim_comparison:claim_cmp_336,claim_comparison,
compared_with,matched provenance identifier,claim:claim_rec_src_search_3e232b5b243d_002_deaths,claim,claim_comparison:claim_cmp_337,claim_comparison,
compared_with,matched provenance identifier,claim:claim_rec_src_search_da86b7826545_001_cases_unspecified,claim,claim_comparison:claim_cmp_337,claim_comparison,
compared_with,matched provenance identifier,claim:claim_rec_src_search_3e232b5b243d_002_deaths,claim,claim_comparison:claim_cmp_338,claim_comparison,
compared_with,matched provenance identifier,claim:claim_rec_src_search_da86b7826545_001_deaths,claim,claim_comparison:claim_cmp_338,claim_comparison,
compared_with,matched provenance identifier,claim:claim_rec_src_search_3e232b5b243d_002_deaths,claim,claim_comparison:claim_cmp_339,claim_comparison,
compared_with,matched provenance identifier,claim:claim_rec_src_search_da86b7826545_001_hospitalizations,claim,claim_comparison:claim_cmp_339,claim_comparison,
compared_with,matched provenance identifier,claim:claim_rec_src_search_3e232b5b243d_002_deaths,claim,claim_comparison:claim_cmp_340,claim_comparison,
compared_with,matched provenance identifier,claim:claim_rec_src_search_da86b7826545_002_cases_unspecified,claim,claim_comparison:claim_cmp_340,claim_comparison,
compared_with,matched provenance identifier,claim:claim_rec_src_search_3e232b5b243d_002_deaths,claim,claim_comparison:claim_cmp_341,claim_comparison,
compared_with,matched provenance identifier,claim:claim_rec_src_search_da86b7826545_003_cases_unspecified,claim,claim_comparison:claim_cmp_341,claim_comparison,
compared_with,matched provenance identifier,claim:claim_rec_src_search_3e232b5b243d_002_deaths,claim,claim_comparison:claim_cmp_342,claim_comparison,
compared_with,matched provenance identifier,claim:claim_rec_src_search_da86b7826545_004_cases_unspecified,claim,claim_comparison:claim_cmp_342,claim_comparison,
compared_with,matched provenance identifier,claim:claim_rec_src_search_3e232b5b243d_002_deaths,claim,claim_comparison:claim_cmp_343,claim_comparison,
compared_with,matched provenance identifier,claim:claim_rec_src_search_da86b7826545_005_cases_unspecified,claim,claim_comparison:claim_cmp_343,claim_comparison,
compared_with,matched provenance identifier,claim:claim_rec_src_search_3e232b5b243d_002_deaths,claim,claim_comparison:claim_cmp_344,claim_comparison,
compared_with,matched provenance identifier,claim:claim_rec_src_search_8242cbb785a1_001_cases_confirmed,claim,claim_comparison:claim_cmp_344,claim_comparison,
compared_with,matched provenance identifier,claim:claim_rec_src_search_3e232b5b243d_002_deaths,claim,claim_comparison:claim_cmp_345,claim_comparison,
compared_with,matched provenance identifier,claim:claim_rec_src_search_8242cbb785a1_002_cases_confirmed,claim,claim_comparison:claim_cmp_345,claim_comparison,
compared_with,matched provenance identifier,claim:claim_rec_src_search_3e232b5b243d_002_deaths,claim,claim_comparison:claim_cmp_346,claim_comparison,
compared_with,matched provenance identifier,claim:claim_rec_src_search_8242cbb785a1_002_deaths,claim,claim_comparison:claim_cmp_346,claim_comparison,
compared_with,matched provenance identifier,claim:claim_rec_src_search_3e232b5b243d_002_deaths,claim,claim_comparison:claim_cmp_347,claim_comparison,
compared_with,matched provenance identifier,claim:claim_rec_src_search_8242cbb785a1_003_cases_confirmed,claim,claim_comparison:claim_cmp_347,claim_comparison,
compared_with,matched provenance identifier,claim:claim_rec_src_search_3e232b5b243d_002_deaths,claim,claim_comparison:claim_cmp_348,claim_comparison,
compared_with,matched provenance identifier,claim:claim_rec_src_search_8242cbb785a1_003_deaths,claim,claim_comparison:claim_cmp_348,claim_comparison,
compared_with,matched provenance identifier,claim:claim_rec_src_search_3e232b5b243d_002_deaths,claim,claim_comparison:claim_cmp_349,claim_comparison,
compared_with,matched provenance identifier,claim:claim_rec_src_search_8242cbb785a1_004_cases_confirmed,claim,claim_comparison:claim_cmp_349,claim_comparison,
compared_with,matched provenance identifier,claim:claim_rec_src_search_3e232b5b243d_002_deaths,claim,claim_comparison:claim_cmp_350,claim_comparison,
compared_with,matched provenance identifier,claim:claim_rec_src_search_8242cbb785a1_004_deaths,claim,claim_comparison:claim_cmp_350,claim_comparison,
compared_with,matched provenance identifier,claim:claim_rec_src_search_3e232b5b243d_002_deaths,claim,claim_comparison:claim_cmp_351,claim_comparison,
compared_with,matched provenance identifier,claim:claim_rec_src_search_6e578fc529e9_001_cases_confirmed,claim,claim_comparison:claim_cmp_351,claim_comparison,
compared_with,matched provenance identifier,claim:claim_rec_src_search_3e232b5b243d_002_deaths,claim,claim_comparison:claim_cmp_352,claim_comparison,
compared_with,matched provenance identifier,claim:claim_rec_src_search_6e578fc529e9_001_deaths,claim,claim_comparison:claim_cmp_352,claim_comparison,
compared_with,matched provenance identifier,claim:claim_rec_src_search_3e232b5b243d_002_deaths,claim,claim_comparison:claim_cmp_353,claim_comparison,
compared_with,matched provenance identifier,claim:claim_rec_src_search_cd5fb2750261_001_cases_confirmed,claim,claim_comparison:claim_cmp_353,claim_comparison,
compared_with,matched provenance identifier,claim:claim_rec_src_search_3e232b5b243d_002_deaths,claim,claim_comparison:claim_cmp_354,claim_comparison,
compared_with,matched provenance identifier,claim:claim_rec_src_search_cd5fb2750261_002_cases_confirmed,claim,claim_comparison:claim_cmp_354,claim_comparison,
compared_with,matched provenance identifier,claim:claim_rec_src_search_3e232b5b243d_002_deaths,claim,claim_comparison:claim_cmp_355,claim_comparison,
compared_with,matched provenance identifier,claim:claim_rec_src_search_d1d6036be2f6_001_cases_unspecified,claim,claim_comparison:claim_cmp_355,claim_comparison,
compared_with,matched provenance identifier,claim:claim_rec_src_search_3e232b5b243d_002_deaths,claim,claim_comparison:claim_cmp_356,claim_comparison,
compared_with,matched provenance identifier,claim:claim_rec_src_search_d1d6036be2f6_002_cases_unspecified,claim,claim_comparison:claim_cmp_356,claim_comparison,
compared_with,matched provenance identifier,claim:claim_rec_src_search_3e232b5b243d_002_deaths,claim,claim_comparison:claim_cmp_357,claim_comparison,
compared_with,matched provenance identifier,claim:claim_rec_src_search_d1d6036be2f6_003_observation,claim,claim_comparison:claim_cmp_357,claim_comparison,
compared_with,matched provenance identifier,claim:claim_rec_src_search_3e232b5b243d_002_deaths,claim,claim_comparison:claim_cmp_358,claim_comparison,
compared_with,matched provenance identifier,claim:claim_rec_src_search_d1d6036be2f6_004_cases_confirmed,claim,claim_comparison:claim_cmp_358,claim_comparison,
compared_with,matched provenance identifier,claim:claim_rec_src_search_3e232b5b243d_002_deaths,claim,claim_comparison:claim_cmp_359,claim_comparison,
compared_with,matched provenance identifier,claim:claim_rec_src_search_d1d6036be2f6_004_deaths,claim,claim_comparison:claim_cmp_359,claim_comparison,
compared_with,matched provenance identifier,claim:claim_rec_src_search_3e232b5b243d_002_deaths,claim,claim_comparison:claim_cmp_360,claim_comparison,
compared_with,matched provenance identifier,claim:claim_rec_src_search_d1d6036be2f6_005_observation,claim,claim_comparison:claim_cmp_360,claim_comparison,
compared_with,matched provenance identifier,claim:claim_rec_src_search_3e232b5b243d_002_deaths,claim,claim_comparison:claim_cmp_361,claim_comparison,
compared_with,matched provenance identifier,claim:claim_rec_src_search_d1d6036be2f6_006_cases_unspecified,claim,claim_comparison:claim_cmp_361,claim_comparison,
compared_with,matched provenance identifier,claim:claim_rec_src_search_3e232b5b243d_002_deaths,claim,claim_comparison:claim_cmp_362,claim_comparison,
compared_with,matched provenance identifier,claim:claim_rec_src_search_d1d6036be2f6_007_cases_unspecified,claim,claim_comparison:claim_cmp_362,claim_comparison,
compared_with,matched provenance identifier,claim:claim_rec_src_search_3e232b5b243d_002_deaths,claim,claim_comparison:claim_cmp_363,claim_comparison,
compared_with,matched provenance identifier,claim:claim_rec_src_search_3109afb35d90_001_cases_confirmed,claim,claim_comparison:claim_cmp_363,claim_comparison,
compared_with,matched provenance identifier,claim:claim_rec_src_search_3e232b5b243d_002_deaths,claim,claim_comparison:claim_cmp_364,claim_comparison,
compared_with,matched provenance identifier,claim:claim_rec_src_search_3109afb35d90_002_cases_unspecified,claim,claim_comparison:claim_cmp_364,claim_comparison,
compared_with,matched provenance identifier,claim:claim_rec_src_search_3e232b5b243d_002_deaths,claim,claim_comparison:claim_cmp_365,claim_comparison,
compared_with,matched provenance identifier,claim:claim_rec_src_search_3109afb35d90_003_cases_unspecified,claim,claim_comparison:claim_cmp_365,claim_comparison,
compared_with,matched provenance identifier,claim:claim_rec_src_search_3e232b5b243d_002_deaths,claim,claim_comparison:claim_cmp_366,claim_comparison,
compared_with,matched provenance identifier,claim:claim_rec_src_search_3109afb35d90_004_cases_unspecified,claim,claim_comparison:claim_cmp_366,claim_comparison,
compared_with,matched provenance identifier,claim:claim_rec_src_search_3e232b5b243d_002_deaths,claim,claim_comparison:claim_cmp_367,claim_comparison,
compared_with,matched provenance identifier,claim:claim_rec_src_search_283a8bed6a9d_001_cases_confirmed,claim,claim_comparison:claim_cmp_367,claim_comparison,
compared_with,matched provenance identifier,claim:claim_rec_src_search_3e232b5b243d_002_deaths,claim,claim_comparison:claim_cmp_368,claim_comparison,
compared_with,matched provenance identifier,claim:claim_rec_src_search_283a8bed6a9d_002_cases_confirmed,claim,claim_comparison:claim_cmp_368,claim_comparison,
compared_with,matched provenance identifier,claim:claim_rec_src_search_3e232b5b243d_002_deaths,claim,claim_comparison:claim_cmp_369,claim_comparison,
compared_with,matched provenance identifier,claim:claim_rec_src_search_283a8bed6a9d_003_observation,claim,claim_comparison:claim_cmp_369,claim_comparison,
compared_with,matched provenance identifier,claim:claim_rec_src_search_3e232b5b243d_002_deaths,claim,claim_comparison:claim_cmp_370,claim_comparison,
compared_with,matched provenance identifier,claim:claim_rec_src_search_283a8bed6a9d_004_observation,claim,claim_comparison:claim_cmp_370,claim_comparison,
compared_with,matched provenance identifier,claim:claim_rec_src_search_3e232b5b243d_002_deaths,claim,claim_comparison:claim_cmp_371,claim_comparison,
compared_with,matched provenance identifier,claim:claim_rec_src_search_283a8bed6a9d_005_cases_unspecified,claim,claim_comparison:claim_cmp_371,claim_comparison,
compared_with,matched provenance identifier,claim:claim_rec_src_search_3e232b5b243d_002_deaths,claim,claim_comparison:claim_cmp_372,claim_comparison,
compared_with,matched provenance identifier,claim:claim_rec_src_search_283a8bed6a9d_006_observation,claim,claim_comparison:claim_cmp_372,claim_comparison,
compared_with,matched provenance identifier,claim:claim_rec_src_search_3e232b5b243d_002_deaths,claim,claim_comparison:claim_cmp_373,claim_comparison,
compared_with,matched provenance identifier,claim:claim_rec_src_search_283a8bed6a9d_007_cases_unspecified,claim,claim_comparison:claim_cmp_373,claim_comparison,
compared_with,matched provenance identifier,claim:claim_rec_src_search_3e232b5b243d_002_deaths,claim,claim_comparison:claim_cmp_374,claim_comparison,
compared_with,matched provenance identifier,claim:claim_rec_src_search_283a8bed6a9d_008_observation,claim,claim_comparison:claim_cmp_374,claim_comparison,
compared_with,matched provenance identifier,claim:claim_rec_src_search_3e232b5b243d_002_deaths,claim,claim_comparison:claim_cmp_375,claim_comparison,
compared_with,matched provenance identifier,claim:claim_rec_src_search_283a8bed6a9d_009_cases_unspecified,claim,claim_comparison:claim_cmp_375,claim_comparison,
compared_with,matched provenance identifier,claim:claim_rec_src_search_3e232b5b243d_002_deaths,claim,claim_comparison:claim_cmp_376,claim_comparison,
compared_with,matched provenance identifier,claim:claim_rec_src_search_283a8bed6a9d_010_cases_unspecified,claim,claim_comparison:claim_cmp_376,claim_comparison,
compared_with,matched provenance identifier,claim:claim_rec_src_search_3e232b5b243d_002_deaths,claim,claim_comparison:claim_cmp_377,claim_comparison,
compared_with,matched provenance identifier,claim:claim_rec_src_search_283a8bed6a9d_011_cases_unspecified,claim,claim_comparison:claim_cmp_377,claim_comparison,
compared_with,matched provenance identifier,claim:claim_rec_src_search_3e232b5b243d_002_deaths,claim,claim_comparison:claim_cmp_378,claim_comparison,
compared_with,matched provenance identifier,claim:claim_rec_src_search_283a8bed6a9d_011_hospitalizations,claim,claim_comparison:claim_cmp_378,claim_comparison,
compared_with,matched provenance identifier,claim:claim_rec_src_search_3e232b5b243d_002_deaths,claim,claim_comparison:claim_cmp_379,claim_comparison,
compared_with,matched provenance identifier,claim:claim_rec_src_search_283a8bed6a9d_012_hospitalizations,claim,claim_comparison:claim_cmp_379,claim_comparison,
compared_with,matched provenance identifier,claim:claim_rec_src_search_3e232b5b243d_002_deaths,claim,claim_comparison:claim_cmp_380,claim_comparison,
compared_with,matched provenance identifier,claim:claim_rec_src_search_283a8bed6a9d_013_hospitalizations,claim,claim_comparison:claim_cmp_380,claim_comparison,
compared_with,matched provenance identifier,claim:claim_rec_src_search_3e232b5b243d_002_deaths,claim,claim_comparison:claim_cmp_381,claim_comparison,
compared_with,matched provenance identifier,claim:claim_rec_src_search_283a8bed6a9d_014_hospitalizations,claim,claim_comparison:claim_cmp_381,claim_comparison,
compared_with,matched provenance identifier,claim:claim_rec_src_search_3e232b5b243d_002_deaths,claim,claim_comparison:claim_cmp_382,claim_comparison,
compared_with,matched provenance identifier,claim:claim_rec_src_search_283a8bed6a9d_015_cases_unspecified,claim,claim_comparison:claim_cmp_382,claim_comparison,
compared_with,matched provenance identifier,claim:claim_rec_src_search_3e232b5b243d_002_deaths,claim,claim_comparison:claim_cmp_383,claim_comparison,
compared_with,matched provenance identifier,claim:claim_rec_src_search_283a8bed6a9d_016_deaths,claim,claim_comparison:claim_cmp_383,claim_comparison,
compared_with,matched provenance identifier,claim:claim_rec_src_search_3e232b5b243d_002_deaths,claim,claim_comparison:claim_cmp_384,claim_comparison,
compared_with,matched provenance identifier,claim:claim_rec_src_search_283a8bed6a9d_017_deaths,claim,claim_comparison:claim_cmp_384,claim_comparison,
compared_with,matched provenance identifier,claim:claim_rec_src_search_3e232b5b243d_002_deaths,claim,claim_comparison:claim_cmp_385,claim_comparison,
compared_with,matched provenance identifier,claim:claim_rec_src_search_7cb311dd75e6_001_cases_confirmed,claim,claim_comparison:claim_cmp_385,claim_comparison,
compared_with,matched provenance identifier,claim:claim_rec_src_search_3f4cf9d46ec9_001_cases_unspecified,claim,claim_comparison:claim_cmp_386,claim_comparison,
compared_with,matched provenance identifier,claim:claim_rec_src_search_3f4cf9d46ec9_002_cases_unspecified,claim,claim_comparison:claim_cmp_386,claim_comparison,
compared_with,matched provenance identifier,claim:claim_rec_src_search_3f4cf9d46ec9_001_cases_unspecified,claim,claim_comparison:claim_cmp_387,claim_comparison,
compared_with,matched provenance identifier,claim:claim_rec_src_search_3f4cf9d46ec9_003_observation,claim,claim_comparison:claim_cmp_387,claim_comparison,
compared_with,matched provenance identifier,claim:claim_rec_src_search_3f4cf9d46ec9_001_cases_unspecified,claim,claim_comparison:claim_cmp_388,claim_comparison,
compared_with,matched provenance identifier,claim:claim_rec_src_search_da86b7826545_001_cases_unspecified,claim,claim_comparison:claim_cmp_388,claim_comparison,
compared_with,matched provenance identifier,claim:claim_rec_src_search_3f4cf9d46ec9_001_cases_unspecified,claim,claim_comparison:claim_cmp_389,claim_comparison,
compared_with,matched provenance identifier,claim:claim_rec_src_search_da86b7826545_001_deaths,claim,claim_comparison:claim_cmp_389,claim_comparison,
compared_with,matched provenance identifier,claim:claim_rec_src_search_3f4cf9d46ec9_001_cases_unspecified,claim,claim_comparison:claim_cmp_390,claim_comparison,
compared_with,matched provenance identifier,claim:claim_rec_src_search_da86b7826545_001_hospitalizations,claim,claim_comparison:claim_cmp_390,claim_comparison,
compared_with,matched provenance identifier,claim:claim_rec_src_search_3f4cf9d46ec9_001_cases_unspecified,claim,claim_comparison:claim_cmp_391,claim_comparison,
compared_with,matched provenance identifier,claim:claim_rec_src_search_da86b7826545_002_cases_unspecified,claim,claim_comparison:claim_cmp_391,claim_comparison,
compared_with,matched provenance identifier,claim:claim_rec_src_search_3f4cf9d46ec9_001_cases_unspecified,claim,claim_comparison:claim_cmp_392,claim_comparison,
compared_with,matched provenance identifier,claim:claim_rec_src_search_da86b7826545_003_cases_unspecified,claim,claim_comparison:claim_cmp_392,claim_comparison,
compared_with,matched provenance identifier,claim:claim_rec_src_search_3f4cf9d46ec9_001_cases_unspecified,claim,claim_comparison:claim_cmp_393,claim_comparison,
compared_with,matched provenance identifier,claim:claim_rec_src_search_da86b7826545_004_cases_unspecified,claim,claim_comparison:claim_cmp_393,claim_comparison,
compared_with,matched provenance identifier,claim:claim_rec_src_search_3f4cf9d46ec9_001_cases_unspecified,claim,claim_comparison:claim_cmp_394,claim_comparison,
compared_with,matched provenance identifier,claim:claim_rec_src_search_da86b7826545_005_cases_unspecified,claim,claim_comparison:claim_cmp_394,claim_comparison,
compared_with,matched provenance identifier,claim:claim_rec_src_search_3f4cf9d46ec9_001_cases_unspecified,claim,claim_comparison:claim_cmp_395,claim_comparison,
compared_with,matched provenance identifier,claim:claim_rec_src_search_8242cbb785a1_001_cases_confirmed,claim,claim_comparison:claim_cmp_395,claim_comparison,
compared_with,matched provenance identifier,claim:claim_rec_src_search_3f4cf9d46ec9_001_cases_unspecified,claim,claim_comparison:claim_cmp_396,claim_comparison,
compared_with,matched provenance identifier,claim:claim_rec_src_search_8242cbb785a1_002_cases_confirmed,claim,claim_comparison:claim_cmp_396,claim_comparison,
compared_with,matched provenance identifier,claim:claim_rec_src_search_3f4cf9d46ec9_001_cases_unspecified,claim,claim_comparison:claim_cmp_397,claim_comparison,
compared_with,matched provenance identifier,claim:claim_rec_src_search_8242cbb785a1_002_deaths,claim,claim_comparison:claim_cmp_397,claim_comparison,
compared_with,matched provenance identifier,claim:claim_rec_src_search_3f4cf9d46ec9_001_cases_unspecified,claim,claim_comparison:claim_cmp_398,claim_comparison,
compared_with,matched provenance identifier,claim:claim_rec_src_search_8242cbb785a1_003_cases_confirmed,claim,claim_comparison:claim_cmp_398,claim_comparison,
compared_with,matched provenance identifier,claim:claim_rec_src_search_3f4cf9d46ec9_001_cases_unspecified,claim,claim_comparison:claim_cmp_399,claim_comparison,
compared_with,matched provenance identifier,claim:claim_rec_src_search_8242cbb785a1_003_deaths,claim,claim_comparison:claim_cmp_399,claim_comparison,
compared_with,matched provenance identifier,claim:claim_rec_src_search_3f4cf9d46ec9_001_cases_unspecified,claim,claim_comparison:claim_cmp_400,claim_comparison,
compared_with,matched provenance identifier,claim:claim_rec_src_search_8242cbb785a1_004_cases_confirmed,claim,claim_comparison:claim_cmp_400,claim_comparison,
compared_with,matched provenance identifier,claim:claim_rec_src_search_3f4cf9d46ec9_001_cases_unspecified,claim,claim_comparison:claim_cmp_401,claim_comparison,
compared_with,matched provenance identifier,claim:claim_rec_src_search_8242cbb785a1_004_deaths,claim,claim_comparison:claim_cmp_401,claim_comparison,
compared_with,matched provenance identifier,claim:claim_rec_src_search_3f4cf9d46ec9_001_cases_unspecified,claim,claim_comparison:claim_cmp_402,claim_comparison,
compared_with,matched provenance identifier,claim:claim_rec_src_search_6e578fc529e9_001_cases_confirmed,claim,claim_comparison:claim_cmp_402,claim_comparison,
compared_with,matched provenance identifier,claim:claim_rec_src_search_3f4cf9d46ec9_001_cases_unspecified,claim,claim_comparison:claim_cmp_403,claim_comparison,
compared_with,matched provenance identifier,claim:claim_rec_src_search_6e578fc529e9_001_deaths,claim,claim_comparison:claim_cmp_403,claim_comparison,
compared_with,matched provenance identifier,claim:claim_rec_src_search_3f4cf9d46ec9_001_cases_unspecified,claim,claim_comparison:claim_cmp_404,claim_comparison,
compared_with,matched provenance identifier,claim:claim_rec_src_search_cd5fb2750261_001_cases_confirmed,claim,claim_comparison:claim_cmp_404,claim_comparison,
compared_with,matched provenance identifier,claim:claim_rec_src_search_3f4cf9d46ec9_001_cases_unspecified,claim,claim_comparison:claim_cmp_405,claim_comparison,
compared_with,matched provenance identifier,claim:claim_rec_src_search_cd5fb2750261_002_cases_confirmed,claim,claim_comparison:claim_cmp_405,claim_comparison,
compared_with,matched provenance identifier,claim:claim_rec_src_search_3f4cf9d46ec9_001_cases_unspecified,claim,claim_comparison:claim_cmp_406,claim_comparison,
compared_with,matched provenance identifier,claim:claim_rec_src_search_d1d6036be2f6_001_cases_unspecified,claim,claim_comparison:claim_cmp_406,claim_comparison,
compared_with,matched provenance identifier,claim:claim_rec_src_search_3f4cf9d46ec9_001_cases_unspecified,claim,claim_comparison:claim_cmp_407,claim_comparison,
compared_with,matched provenance identifier,claim:claim_rec_src_search_d1d6036be2f6_002_cases_unspecified,claim,claim_comparison:claim_cmp_407,claim_comparison,
compared_with,matched provenance identifier,claim:claim_rec_src_search_3f4cf9d46ec9_001_cases_unspecified,claim,claim_comparison:claim_cmp_408,claim_comparison,
compared_with,matched provenance identifier,claim:claim_rec_src_search_d1d6036be2f6_003_observation,claim,claim_comparison:claim_cmp_408,claim_comparison,
compared_with,matched provenance identifier,claim:claim_rec_src_search_3f4cf9d46ec9_001_cases_unspecified,claim,claim_comparison:claim_cmp_409,claim_comparison,
compared_with,matched provenance identifier,claim:claim_rec_src_search_d1d6036be2f6_004_cases_confirmed,claim,claim_comparison:claim_cmp_409,claim_comparison,
compared_with,matched provenance identifier,claim:claim_rec_src_search_3f4cf9d46ec9_001_cases_unspecified,claim,claim_comparison:claim_cmp_410,claim_comparison,
compared_with,matched provenance identifier,claim:claim_rec_src_search_d1d6036be2f6_004_deaths,claim,claim_comparison:claim_cmp_410,claim_comparison,
compared_with,matched provenance identifier,claim:claim_rec_src_search_3f4cf9d46ec9_001_cases_unspecified,claim,claim_comparison:claim_cmp_411,claim_comparison,
compared_with,matched provenance identifier,claim:claim_rec_src_search_d1d6036be2f6_005_observation,claim,claim_comparison:claim_cmp_411,claim_comparison,
compared_with,matched provenance identifier,claim:claim_rec_src_search_3f4cf9d46ec9_001_cases_unspecified,claim,claim_comparison:claim_cmp_412,claim_comparison,
compared_with,matched provenance identifier,claim:claim_rec_src_search_d1d6036be2f6_006_cases_unspecified,claim,claim_comparison:claim_cmp_412,claim_comparison,
compared_with,matched provenance identifier,claim:claim_rec_src_search_3f4cf9d46ec9_001_cases_unspecified,claim,claim_comparison:claim_cmp_413,claim_comparison,
compared_with,matched provenance identifier,claim:claim_rec_src_search_d1d6036be2f6_007_cases_unspecified,claim,claim_comparison:claim_cmp_413,claim_comparison,
compared_with,matched provenance identifier,claim:claim_rec_src_search_3f4cf9d46ec9_001_cases_unspecified,claim,claim_comparison:claim_cmp_414,claim_comparison,
compared_with,matched provenance identifier,claim:claim_rec_src_search_3109afb35d90_001_cases_confirmed,claim,claim_comparison:claim_cmp_414,claim_comparison,
compared_with,matched provenance identifier,claim:claim_rec_src_search_3f4cf9d46ec9_001_cases_unspecified,claim,claim_comparison:claim_cmp_415,claim_comparison,
compared_with,matched provenance identifier,claim:claim_rec_src_search_3109afb35d90_002_cases_unspecified,claim,claim_comparison:claim_cmp_415,claim_comparison,
compared_with,matched provenance identifier,claim:claim_rec_src_search_3f4cf9d46ec9_001_cases_unspecified,claim,claim_comparison:claim_cmp_416,claim_comparison,
compared_with,matched provenance identifier,claim:claim_rec_src_search_3109afb35d90_003_cases_unspecified,claim,claim_comparison:claim_cmp_416,claim_comparison,
compared_with,matched provenance identifier,claim:claim_rec_src_search_3f4cf9d46ec9_001_cases_unspecified,claim,claim_comparison:claim_cmp_417,claim_comparison,
compared_with,matched provenance identifier,claim:claim_rec_src_search_3109afb35d90_004_cases_unspecified,claim,claim_comparison:claim_cmp_417,claim_comparison,
compared_with,matched provenance identifier,claim:claim_rec_src_search_3f4cf9d46ec9_001_cases_unspecified,claim,claim_comparison:claim_cmp_418,claim_comparison,
compared_with,matched provenance identifier,claim:claim_rec_src_search_283a8bed6a9d_001_cases_confirmed,claim,claim_comparison:claim_cmp_418,claim_comparison,
compared_with,matched provenance identifier,claim:claim_rec_src_search_3f4cf9d46ec9_001_cases_unspecified,claim,claim_comparison:claim_cmp_419,claim_comparison,
compared_with,matched provenance identifier,claim:claim_rec_src_search_283a8bed6a9d_002_cases_confirmed,claim,claim_comparison:claim_cmp_419,claim_comparison,
compared_with,matched provenance identifier,claim:claim_rec_src_search_3f4cf9d46ec9_001_cases_unspecified,claim,claim_comparison:claim_cmp_420,claim_comparison,
compared_with,matched provenance identifier,claim:claim_rec_src_search_283a8bed6a9d_003_observation,claim,claim_comparison:claim_cmp_420,claim_comparison,
compared_with,matched provenance identifier,claim:claim_rec_src_search_3f4cf9d46ec9_001_cases_unspecified,claim,claim_comparison:claim_cmp_421,claim_comparison,
compared_with,matched provenance identifier,claim:claim_rec_src_search_283a8bed6a9d_004_observation,claim,claim_comparison:claim_cmp_421,claim_comparison,
compared_with,matched provenance identifier,claim:claim_rec_src_search_3f4cf9d46ec9_001_cases_unspecified,claim,claim_comparison:claim_cmp_422,claim_comparison,
compared_with,matched provenance identifier,claim:claim_rec_src_search_283a8bed6a9d_005_cases_unspecified,claim,claim_comparison:claim_cmp_422,claim_comparison,
compared_with,matched provenance identifier,claim:claim_rec_src_search_3f4cf9d46ec9_001_cases_unspecified,claim,claim_comparison:claim_cmp_423,claim_comparison,
compared_with,matched provenance identifier,claim:claim_rec_src_search_283a8bed6a9d_006_observation,claim,claim_comparison:claim_cmp_423,claim_comparison,
compared_with,matched provenance identifier,claim:claim_rec_src_search_3f4cf9d46ec9_001_cases_unspecified,claim,claim_comparison:claim_cmp_424,claim_comparison,
compared_with,matched provenance identifier,claim:claim_rec_src_search_283a8bed6a9d_007_cases_unspecified,claim,claim_comparison:claim_cmp_424,claim_comparison,
compared_with,matched provenance identifier,claim:claim_rec_src_search_3f4cf9d46ec9_001_cases_unspecified,claim,claim_comparison:claim_cmp_425,claim_comparison,
compared_with,matched provenance identifier,claim:claim_rec_src_search_283a8bed6a9d_008_observation,claim,claim_comparison:claim_cmp_425,claim_comparison,
compared_with,matched provenance identifier,claim:claim_rec_src_search_3f4cf9d46ec9_001_cases_unspecified,claim,claim_comparison:claim_cmp_426,claim_comparison,
compared_with,matched provenance identifier,claim:claim_rec_src_search_283a8bed6a9d_009_cases_unspecified,claim,claim_comparison:claim_cmp_426,claim_comparison,
compared_with,matched provenance identifier,claim:claim_rec_src_search_3f4cf9d46ec9_001_cases_unspecified,claim,claim_comparison:claim_cmp_427,claim_comparison,
compared_with,matched provenance identifier,claim:claim_rec_src_search_283a8bed6a9d_010_cases_unspecified,claim,claim_comparison:claim_cmp_427,claim_comparison,
compared_with,matched provenance identifier,claim:claim_rec_src_search_3f4cf9d46ec9_001_cases_unspecified,claim,claim_comparison:claim_cmp_428,claim_comparison,
compared_with,matched provenance identifier,claim:claim_rec_src_search_283a8bed6a9d_011_cases_unspecified,claim,claim_comparison:claim_cmp_428,claim_comparison,
compared_with,matched provenance identifier,claim:claim_rec_src_search_3f4cf9d46ec9_001_cases_unspecified,claim,claim_comparison:claim_cmp_429,claim_comparison,
compared_with,matched provenance identifier,claim:claim_rec_src_search_283a8bed6a9d_011_hospitalizations,claim,claim_comparison:claim_cmp_429,claim_comparison,
compared_with,matched provenance identifier,claim:claim_rec_src_search_3f4cf9d46ec9_001_cases_unspecified,claim,claim_comparison:claim_cmp_430,claim_comparison,
compared_with,matched provenance identifier,claim:claim_rec_src_search_283a8bed6a9d_012_hospitalizations,claim,claim_comparison:claim_cmp_430,claim_comparison,
compared_with,matched provenance identifier,claim:claim_rec_src_search_3f4cf9d46ec9_001_cases_unspecified,claim,claim_comparison:claim_cmp_431,claim_comparison,
compared_with,matched provenance identifier,claim:claim_rec_src_search_283a8bed6a9d_013_hospitalizations,claim,claim_comparison:claim_cmp_431,claim_comparison,
compared_with,matched provenance identifier,claim:claim_rec_src_search_3f4cf9d46ec9_001_cases_unspecified,claim,claim_comparison:claim_cmp_432,claim_comparison,
compared_with,matched provenance identifier,claim:claim_rec_src_search_283a8bed6a9d_014_hospitalizations,claim,claim_comparison:claim_cmp_432,claim_comparison,
compared_with,matched provenance identifier,claim:claim_rec_src_search_3f4cf9d46ec9_001_cases_unspecified,claim,claim_comparison:claim_cmp_433,claim_comparison,
compared_with,matched provenance identifier,claim:claim_rec_src_search_283a8bed6a9d_015_cases_unspecified,claim,claim_comparison:claim_cmp_433,claim_comparison,
compared_with,matched provenance identifier,claim:claim_rec_src_search_3f4cf9d46ec9_001_cases_unspecified,claim,claim_comparison:claim_cmp_434,claim_comparison,
compared_with,matched provenance identifier,claim:claim_rec_src_search_283a8bed6a9d_016_deaths,claim,claim_comparison:claim_cmp_434,claim_comparison,
compared_with,matched provenance identifier,claim:claim_rec_src_search_3f4cf9d46ec9_001_cases_unspecified,claim,claim_comparison:claim_cmp_435,claim_comparison,
compared_with,matched provenance identifier,claim:claim_rec_src_search_283a8bed6a9d_017_deaths,claim,claim_comparison:claim_cmp_435,claim_comparison,
compared_with,matched provenance identifier,claim:claim_rec_src_search_3f4cf9d46ec9_001_cases_unspecified,claim,claim_comparison:claim_cmp_436,claim_comparison,
compared_with,matched provenance identifier,claim:claim_rec_src_search_7cb311dd75e6_001_cases_confirmed,claim,claim_comparison:claim_cmp_436,claim_comparison,
compared_with,matched provenance identifier,claim:claim_rec_src_search_3f4cf9d46ec9_002_cases_unspecified,claim,claim_comparison:claim_cmp_437,claim_comparison,
compared_with,matched provenance identifier,claim:claim_rec_src_search_3f4cf9d46ec9_003_observation,claim,claim_comparison:claim_cmp_437,claim_comparison,
compared_with,matched provenance identifier,claim:claim_rec_src_search_3f4cf9d46ec9_002_cases_unspecified,claim,claim_comparison:claim_cmp_438,claim_comparison,
compared_with,matched provenance identifier,claim:claim_rec_src_search_da86b7826545_001_cases_unspecified,claim,claim_comparison:claim_cmp_438,claim_comparison,
compared_with,matched provenance identifier,claim:claim_rec_src_search_3f4cf9d46ec9_002_cases_unspecified,claim,claim_comparison:claim_cmp_439,claim_comparison,
compared_with,matched provenance identifier,claim:claim_rec_src_search_da86b7826545_001_deaths,claim,claim_comparison:claim_cmp_439,claim_comparison,
compared_with,matched provenance identifier,claim:claim_rec_src_search_3f4cf9d46ec9_002_cases_unspecified,claim,claim_comparison:claim_cmp_440,claim_comparison,
compared_with,matched provenance identifier,claim:claim_rec_src_search_da86b7826545_001_hospitalizations,claim,claim_comparison:claim_cmp_440,claim_comparison,
compared_with,matched provenance identifier,claim:claim_rec_src_search_3f4cf9d46ec9_002_cases_unspecified,claim,claim_comparison:claim_cmp_441,claim_comparison,
compared_with,matched provenance identifier,claim:claim_rec_src_search_da86b7826545_002_cases_unspecified,claim,claim_comparison:claim_cmp_441,claim_comparison,
compared_with,matched provenance identifier,claim:claim_rec_src_search_3f4cf9d46ec9_002_cases_unspecified,claim,claim_comparison:claim_cmp_442,claim_comparison,
compared_with,matched provenance identifier,claim:claim_rec_src_search_da86b7826545_003_cases_unspecified,claim,claim_comparison:claim_cmp_442,claim_comparison,
compared_with,matched provenance identifier,claim:claim_rec_src_search_3f4cf9d46ec9_002_cases_unspecified,claim,claim_comparison:claim_cmp_443,claim_comparison,
compared_with,matched provenance identifier,claim:claim_rec_src_search_da86b7826545_004_cases_unspecified,claim,claim_comparison:claim_cmp_443,claim_comparison,
compared_with,matched provenance identifier,claim:claim_rec_src_search_3f4cf9d46ec9_002_cases_unspecified,claim,claim_comparison:claim_cmp_444,claim_comparison,
compared_with,matched provenance identifier,claim:claim_rec_src_search_da86b7826545_005_cases_unspecified,claim,claim_comparison:claim_cmp_444,claim_comparison,
compared_with,matched provenance identifier,claim:claim_rec_src_search_3f4cf9d46ec9_002_cases_unspecified,claim,claim_comparison:claim_cmp_445,claim_comparison,
compared_with,matched provenance identifier,claim:claim_rec_src_search_8242cbb785a1_001_cases_confirmed,claim,claim_comparison:claim_cmp_445,claim_comparison,
compared_with,matched provenance identifier,claim:claim_rec_src_search_3f4cf9d46ec9_002_cases_unspecified,claim,claim_comparison:claim_cmp_446,claim_comparison,
compared_with,matched provenance identifier,claim:claim_rec_src_search_8242cbb785a1_002_cases_confirmed,claim,claim_comparison:claim_cmp_446,claim_comparison,
compared_with,matched provenance identifier,claim:claim_rec_src_search_3f4cf9d46ec9_002_cases_unspecified,claim,claim_comparison:claim_cmp_447,claim_comparison,
compared_with,matched provenance identifier,claim:claim_rec_src_search_8242cbb785a1_002_deaths,claim,claim_comparison:claim_cmp_447,claim_comparison,
compared_with,matched provenance identifier,claim:claim_rec_src_search_3f4cf9d46ec9_002_cases_unspecified,claim,claim_comparison:claim_cmp_448,claim_comparison,
compared_with,matched provenance identifier,claim:claim_rec_src_search_8242cbb785a1_003_cases_confirmed,claim,claim_comparison:claim_cmp_448,claim_comparison,
compared_with,matched provenance identifier,claim:claim_rec_src_search_3f4cf9d46ec9_002_cases_unspecified,claim,claim_comparison:claim_cmp_449,claim_comparison,
compared_with,matched provenance identifier,claim:claim_rec_src_search_8242cbb785a1_003_deaths,claim,claim_comparison:claim_cmp_449,claim_comparison,
compared_with,matched provenance identifier,claim:claim_rec_src_search_3f4cf9d46ec9_002_cases_unspecified,claim,claim_comparison:claim_cmp_450,claim_comparison,
compared_with,matched provenance identifier,claim:claim_rec_src_search_8242cbb785a1_004_cases_confirmed,claim,claim_comparison:claim_cmp_450,claim_comparison,
compared_with,matched provenance identifier,claim:claim_rec_src_search_3f4cf9d46ec9_002_cases_unspecified,claim,claim_comparison:claim_cmp_451,claim_comparison,
compared_with,matched provenance identifier,claim:claim_rec_src_search_8242cbb785a1_004_deaths,claim,claim_comparison:claim_cmp_451,claim_comparison,
compared_with,matched provenance identifier,claim:claim_rec_src_search_3f4cf9d46ec9_002_cases_unspecified,claim,claim_comparison:claim_cmp_452,claim_comparison,
compared_with,matched provenance identifier,claim:claim_rec_src_search_6e578fc529e9_001_cases_confirmed,claim,claim_comparison:claim_cmp_452,claim_comparison,
compared_with,matched provenance identifier,claim:claim_rec_src_search_3f4cf9d46ec9_002_cases_unspecified,claim,claim_comparison:claim_cmp_453,claim_comparison,
compared_with,matched provenance identifier,claim:claim_rec_src_search_6e578fc529e9_001_deaths,claim,claim_comparison:claim_cmp_453,claim_comparison,
compared_with,matched provenance identifier,claim:claim_rec_src_search_3f4cf9d46ec9_002_cases_unspecified,claim,claim_comparison:claim_cmp_454,claim_comparison,
compared_with,matched provenance identifier,claim:claim_rec_src_search_cd5fb2750261_001_cases_confirmed,claim,claim_comparison:claim_cmp_454,claim_comparison,
compared_with,matched provenance identifier,claim:claim_rec_src_search_3f4cf9d46ec9_002_cases_unspecified,claim,claim_comparison:claim_cmp_455,claim_comparison,
compared_with,matched provenance identifier,claim:claim_rec_src_search_cd5fb2750261_002_cases_confirmed,claim,claim_comparison:claim_cmp_455,claim_comparison,
compared_with,matched provenance identifier,claim:claim_rec_src_search_3f4cf9d46ec9_002_cases_unspecified,claim,claim_comparison:claim_cmp_456,claim_comparison,
compared_with,matched provenance identifier,claim:claim_rec_src_search_d1d6036be2f6_001_cases_unspecified,claim,claim_comparison:claim_cmp_456,claim_comparison,
compared_with,matched provenance identifier,claim:claim_rec_src_search_3f4cf9d46ec9_002_cases_unspecified,claim,claim_comparison:claim_cmp_457,claim_comparison,
compared_with,matched provenance identifier,claim:claim_rec_src_search_d1d6036be2f6_002_cases_unspecified,claim,claim_comparison:claim_cmp_457,claim_comparison,
compared_with,matched provenance identifier,claim:claim_rec_src_search_3f4cf9d46ec9_002_cases_unspecified,claim,claim_comparison:claim_cmp_458,claim_comparison,
compared_with,matched provenance identifier,claim:claim_rec_src_search_d1d6036be2f6_003_observation,claim,claim_comparison:claim_cmp_458,claim_comparison,
compared_with,matched provenance identifier,claim:claim_rec_src_search_3f4cf9d46ec9_002_cases_unspecified,claim,claim_comparison:claim_cmp_459,claim_comparison,
compared_with,matched provenance identifier,claim:claim_rec_src_search_d1d6036be2f6_004_cases_confirmed,claim,claim_comparison:claim_cmp_459,claim_comparison,
compared_with,matched provenance identifier,claim:claim_rec_src_search_3f4cf9d46ec9_002_cases_unspecified,claim,claim_comparison:claim_cmp_460,claim_comparison,
compared_with,matched provenance identifier,claim:claim_rec_src_search_d1d6036be2f6_004_deaths,claim,claim_comparison:claim_cmp_460,claim_comparison,
compared_with,matched provenance identifier,claim:claim_rec_src_search_3f4cf9d46ec9_002_cases_unspecified,claim,claim_comparison:claim_cmp_461,claim_comparison,
compared_with,matched provenance identifier,claim:claim_rec_src_search_d1d6036be2f6_005_observation,claim,claim_comparison:claim_cmp_461,claim_comparison,
compared_with,matched provenance identifier,claim:claim_rec_src_search_3f4cf9d46ec9_002_cases_unspecified,claim,claim_comparison:claim_cmp_462,claim_comparison,
compared_with,matched provenance identifier,claim:claim_rec_src_search_d1d6036be2f6_006_cases_unspecified,claim,claim_comparison:claim_cmp_462,claim_comparison,
compared_with,matched provenance identifier,claim:claim_rec_src_search_3f4cf9d46ec9_002_cases_unspecified,claim,claim_comparison:claim_cmp_463,claim_comparison,
compared_with,matched provenance identifier,claim:claim_rec_src_search_d1d6036be2f6_007_cases_unspecified,claim,claim_comparison:claim_cmp_463,claim_comparison,
compared_with,matched provenance identifier,claim:claim_rec_src_search_3f4cf9d46ec9_002_cases_unspecified,claim,claim_comparison:claim_cmp_464,claim_comparison,
compared_with,matched provenance identifier,claim:claim_rec_src_search_3109afb35d90_001_cases_confirmed,claim,claim_comparison:claim_cmp_464,claim_comparison,
compared_with,matched provenance identifier,claim:claim_rec_src_search_3f4cf9d46ec9_002_cases_unspecified,claim,claim_comparison:claim_cmp_465,claim_comparison,
compared_with,matched provenance identifier,claim:claim_rec_src_search_3109afb35d90_002_cases_unspecified,claim,claim_comparison:claim_cmp_465,claim_comparison,
compared_with,matched provenance identifier,claim:claim_rec_src_search_3f4cf9d46ec9_002_cases_unspecified,claim,claim_comparison:claim_cmp_466,claim_comparison,
compared_with,matched provenance identifier,claim:claim_rec_src_search_3109afb35d90_003_cases_unspecified,claim,claim_comparison:claim_cmp_466,claim_comparison,
compared_with,matched provenance identifier,claim:claim_rec_src_search_3f4cf9d46ec9_002_cases_unspecified,claim,claim_comparison:claim_cmp_467,claim_comparison,
compared_with,matched provenance identifier,claim:claim_rec_src_search_3109afb35d90_004_cases_unspecified,claim,claim_comparison:claim_cmp_467,claim_comparison,
compared_with,matched provenance identifier,claim:claim_rec_src_search_3f4cf9d46ec9_002_cases_unspecified,claim,claim_comparison:claim_cmp_468,claim_comparison,
compared_with,matched provenance identifier,claim:claim_rec_src_search_283a8bed6a9d_001_cases_confirmed,claim,claim_comparison:claim_cmp_468,claim_comparison,
compared_with,matched provenance identifier,claim:claim_rec_src_search_3f4cf9d46ec9_002_cases_unspecified,claim,claim_comparison:claim_cmp_469,claim_comparison,
compared_with,matched provenance identifier,claim:claim_rec_src_search_283a8bed6a9d_002_cases_confirmed,claim,claim_comparison:claim_cmp_469,claim_comparison,
compared_with,matched provenance identifier,claim:claim_rec_src_search_3f4cf9d46ec9_002_cases_unspecified,claim,claim_comparison:claim_cmp_470,claim_comparison,
compared_with,matched provenance identifier,claim:claim_rec_src_search_283a8bed6a9d_003_observation,claim,claim_comparison:claim_cmp_470,claim_comparison,
compared_with,matched provenance identifier,claim:claim_rec_src_search_3f4cf9d46ec9_002_cases_unspecified,claim,claim_comparison:claim_cmp_471,claim_comparison,
compared_with,matched provenance identifier,claim:claim_rec_src_search_283a8bed6a9d_004_observation,claim,claim_comparison:claim_cmp_471,claim_comparison,
compared_with,matched provenance identifier,claim:claim_rec_src_search_3f4cf9d46ec9_002_cases_unspecified,claim,claim_comparison:claim_cmp_472,claim_comparison,
compared_with,matched provenance identifier,claim:claim_rec_src_search_283a8bed6a9d_005_cases_unspecified,claim,claim_comparison:claim_cmp_472,claim_comparison,
compared_with,matched provenance identifier,claim:claim_rec_src_search_3f4cf9d46ec9_002_cases_unspecified,claim,claim_comparison:claim_cmp_473,claim_comparison,
compared_with,matched provenance identifier,claim:claim_rec_src_search_283a8bed6a9d_006_observation,claim,claim_comparison:claim_cmp_473,claim_comparison,
compared_with,matched provenance identifier,claim:claim_rec_src_search_3f4cf9d46ec9_002_cases_unspecified,claim,claim_comparison:claim_cmp_474,claim_comparison,
compared_with,matched provenance identifier,claim:claim_rec_src_search_283a8bed6a9d_007_cases_unspecified,claim,claim_comparison:claim_cmp_474,claim_comparison,
compared_with,matched provenance identifier,claim:claim_rec_src_search_3f4cf9d46ec9_002_cases_unspecified,claim,claim_comparison:claim_cmp_475,claim_comparison,
compared_with,matched provenance identifier,claim:claim_rec_src_search_283a8bed6a9d_008_observation,claim,claim_comparison:claim_cmp_475,claim_comparison,
compared_with,matched provenance identifier,claim:claim_rec_src_search_3f4cf9d46ec9_002_cases_unspecified,claim,claim_comparison:claim_cmp_476,claim_comparison,
compared_with,matched provenance identifier,claim:claim_rec_src_search_283a8bed6a9d_009_cases_unspecified,claim,claim_comparison:claim_cmp_476,claim_comparison,
compared_with,matched provenance identifier,claim:claim_rec_src_search_3f4cf9d46ec9_002_cases_unspecified,claim,claim_comparison:claim_cmp_477,claim_comparison,
compared_with,matched provenance identifier,claim:claim_rec_src_search_283a8bed6a9d_010_cases_unspecified,claim,claim_comparison:claim_cmp_477,claim_comparison,
compared_with,matched provenance identifier,claim:claim_rec_src_search_3f4cf9d46ec9_002_cases_unspecified,claim,claim_comparison:claim_cmp_478,claim_comparison,
compared_with,matched provenance identifier,claim:claim_rec_src_search_283a8bed6a9d_011_cases_unspecified,claim,claim_comparison:claim_cmp_478,claim_comparison,
compared_with,matched provenance identifier,claim:claim_rec_src_search_3f4cf9d46ec9_002_cases_unspecified,claim,claim_comparison:claim_cmp_479,claim_comparison,
compared_with,matched provenance identifier,claim:claim_rec_src_search_283a8bed6a9d_011_hospitalizations,claim,claim_comparison:claim_cmp_479,claim_comparison,
compared_with,matched provenance identifier,claim:claim_rec_src_search_3f4cf9d46ec9_002_cases_unspecified,claim,claim_comparison:claim_cmp_480,claim_comparison,
compared_with,matched provenance identifier,claim:claim_rec_src_search_283a8bed6a9d_012_hospitalizations,claim,claim_comparison:claim_cmp_480,claim_comparison,
compared_with,matched provenance identifier,claim:claim_rec_src_search_3f4cf9d46ec9_002_cases_unspecified,claim,claim_comparison:claim_cmp_481,claim_comparison,
compared_with,matched provenance identifier,claim:claim_rec_src_search_283a8bed6a9d_013_hospitalizations,claim,claim_comparison:claim_cmp_481,claim_comparison,
compared_with,matched provenance identifier,claim:claim_rec_src_search_3f4cf9d46ec9_002_cases_unspecified,claim,claim_comparison:claim_cmp_482,claim_comparison,
compared_with,matched provenance identifier,claim:claim_rec_src_search_283a8bed6a9d_014_hospitalizations,claim,claim_comparison:claim_cmp_482,claim_comparison,
compared_with,matched provenance identifier,claim:claim_rec_src_search_3f4cf9d46ec9_002_cases_unspecified,claim,claim_comparison:claim_cmp_483,claim_comparison,
compared_with,matched provenance identifier,claim:claim_rec_src_search_283a8bed6a9d_015_cases_unspecified,claim,claim_comparison:claim_cmp_483,claim_comparison,
compared_with,matched provenance identifier,claim:claim_rec_src_search_3f4cf9d46ec9_002_cases_unspecified,claim,claim_comparison:claim_cmp_484,claim_comparison,
compared_with,matched provenance identifier,claim:claim_rec_src_search_283a8bed6a9d_016_deaths,claim,claim_comparison:claim_cmp_484,claim_comparison,
compared_with,matched provenance identifier,claim:claim_rec_src_search_3f4cf9d46ec9_002_cases_unspecified,claim,claim_comparison:claim_cmp_485,claim_comparison,
compared_with,matched provenance identifier,claim:claim_rec_src_search_283a8bed6a9d_017_deaths,claim,claim_comparison:claim_cmp_485,claim_comparison,
compared_with,matched provenance identifier,claim:claim_rec_src_search_3f4cf9d46ec9_002_cases_unspecified,claim,claim_comparison:claim_cmp_486,claim_comparison,
compared_with,matched provenance identifier,claim:claim_rec_src_search_7cb311dd75e6_001_cases_confirmed,claim,claim_comparison:claim_cmp_486,claim_comparison,
compared_with,matched provenance identifier,claim:claim_rec_src_search_3f4cf9d46ec9_003_observation,claim,claim_comparison:claim_cmp_487,claim_comparison,
compared_with,matched provenance identifier,claim:claim_rec_src_search_da86b7826545_001_cases_unspecified,claim,claim_comparison:claim_cmp_487,claim_comparison,
compared_with,matched provenance identifier,claim:claim_rec_src_search_3f4cf9d46ec9_003_observation,claim,claim_comparison:claim_cmp_488,claim_comparison,
compared_with,matched provenance identifier,claim:claim_rec_src_search_da86b7826545_001_deaths,claim,claim_comparison:claim_cmp_488,claim_comparison,
compared_with,matched provenance identifier,claim:claim_rec_src_search_3f4cf9d46ec9_003_observation,claim,claim_comparison:claim_cmp_489,claim_comparison,
compared_with,matched provenance identifier,claim:claim_rec_src_search_da86b7826545_001_hospitalizations,claim,claim_comparison:claim_cmp_489,claim_comparison,
compared_with,matched provenance identifier,claim:claim_rec_src_search_3f4cf9d46ec9_003_observation,claim,claim_comparison:claim_cmp_490,claim_comparison,
compared_with,matched provenance identifier,claim:claim_rec_src_search_da86b7826545_002_cases_unspecified,claim,claim_comparison:claim_cmp_490,claim_comparison,
compared_with,matched provenance identifier,claim:claim_rec_src_search_3f4cf9d46ec9_003_observation,claim,claim_comparison:claim_cmp_491,claim_comparison,
compared_with,matched provenance identifier,claim:claim_rec_src_search_da86b7826545_003_cases_unspecified,claim,claim_comparison:claim_cmp_491,claim_comparison,
compared_with,matched provenance identifier,claim:claim_rec_src_search_3f4cf9d46ec9_003_observation,claim,claim_comparison:claim_cmp_492,claim_comparison,
compared_with,matched provenance identifier,claim:claim_rec_src_search_da86b7826545_004_cases_unspecified,claim,claim_comparison:claim_cmp_492,claim_comparison,
compared_with,matched provenance identifier,claim:claim_rec_src_search_3f4cf9d46ec9_003_observation,claim,claim_comparison:claim_cmp_493,claim_comparison,
compared_with,matched provenance identifier,claim:claim_rec_src_search_da86b7826545_005_cases_unspecified,claim,claim_comparison:claim_cmp_493,claim_comparison,
compared_with,matched provenance identifier,claim:claim_rec_src_search_3f4cf9d46ec9_003_observation,claim,claim_comparison:claim_cmp_494,claim_comparison,
compared_with,matched provenance identifier,claim:claim_rec_src_search_8242cbb785a1_001_cases_confirmed,claim,claim_comparison:claim_cmp_494,claim_comparison,
compared_with,matched provenance identifier,claim:claim_rec_src_search_3f4cf9d46ec9_003_observation,claim,claim_comparison:claim_cmp_495,claim_comparison,
compared_with,matched provenance identifier,claim:claim_rec_src_search_8242cbb785a1_002_cases_confirmed,claim,claim_comparison:claim_cmp_495,claim_comparison,
compared_with,matched provenance identifier,claim:claim_rec_src_search_3f4cf9d46ec9_003_observation,claim,claim_comparison:claim_cmp_496,claim_comparison,
compared_with,matched provenance identifier,claim:claim_rec_src_search_8242cbb785a1_002_deaths,claim,claim_comparison:claim_cmp_496,claim_comparison,
compared_with,matched provenance identifier,claim:claim_rec_src_search_3f4cf9d46ec9_003_observation,claim,claim_comparison:claim_cmp_497,claim_comparison,
compared_with,matched provenance identifier,claim:claim_rec_src_search_8242cbb785a1_003_cases_confirmed,claim,claim_comparison:claim_cmp_497,claim_comparison,
compared_with,matched provenance identifier,claim:claim_rec_src_search_3f4cf9d46ec9_003_observation,claim,claim_comparison:claim_cmp_498,claim_comparison,
compared_with,matched provenance identifier,claim:claim_rec_src_search_8242cbb785a1_003_deaths,claim,claim_comparison:claim_cmp_498,claim_comparison,
compared_with,matched provenance identifier,claim:claim_rec_src_search_3f4cf9d46ec9_003_observation,claim,claim_comparison:claim_cmp_499,claim_comparison,
compared_with,matched provenance identifier,claim:claim_rec_src_search_8242cbb785a1_004_cases_confirmed,claim,claim_comparison:claim_cmp_499,claim_comparison,
compared_with,matched provenance identifier,claim:claim_rec_src_search_3f4cf9d46ec9_003_observation,claim,claim_comparison:claim_cmp_500,claim_comparison,
compared_with,matched provenance identifier,claim:claim_rec_src_search_8242cbb785a1_004_deaths,claim,claim_comparison:claim_cmp_500,claim_comparison,
compared_with,matched provenance identifier,claim:claim_rec_src_search_3f4cf9d46ec9_003_observation,claim,claim_comparison:claim_cmp_501,claim_comparison,
compared_with,matched provenance identifier,claim:claim_rec_src_search_6e578fc529e9_001_cases_confirmed,claim,claim_comparison:claim_cmp_501,claim_comparison,
compared_with,matched provenance identifier,claim:claim_rec_src_search_3f4cf9d46ec9_003_observation,claim,claim_comparison:claim_cmp_502,claim_comparison,
compared_with,matched provenance identifier,claim:claim_rec_src_search_6e578fc529e9_001_deaths,claim,claim_comparison:claim_cmp_502,claim_comparison,
compared_with,matched provenance identifier,claim:claim_rec_src_search_3f4cf9d46ec9_003_observation,claim,claim_comparison:claim_cmp_503,claim_comparison,
compared_with,matched provenance identifier,claim:claim_rec_src_search_cd5fb2750261_001_cases_confirmed,claim,claim_comparison:claim_cmp_503,claim_comparison,
compared_with,matched provenance identifier,claim:claim_rec_src_search_3f4cf9d46ec9_003_observation,claim,claim_comparison:claim_cmp_504,claim_comparison,
compared_with,matched provenance identifier,claim:claim_rec_src_search_cd5fb2750261_002_cases_confirmed,claim,claim_comparison:claim_cmp_504,claim_comparison,
compared_with,matched provenance identifier,claim:claim_rec_src_search_3f4cf9d46ec9_003_observation,claim,claim_comparison:claim_cmp_505,claim_comparison,
compared_with,matched provenance identifier,claim:claim_rec_src_search_d1d6036be2f6_001_cases_unspecified,claim,claim_comparison:claim_cmp_505,claim_comparison,
compared_with,matched provenance identifier,claim:claim_rec_src_search_3f4cf9d46ec9_003_observation,claim,claim_comparison:claim_cmp_506,claim_comparison,
compared_with,matched provenance identifier,claim:claim_rec_src_search_d1d6036be2f6_002_cases_unspecified,claim,claim_comparison:claim_cmp_506,claim_comparison,
compared_with,matched provenance identifier,claim:claim_rec_src_search_3f4cf9d46ec9_003_observation,claim,claim_comparison:claim_cmp_507,claim_comparison,
compared_with,matched provenance identifier,claim:claim_rec_src_search_d1d6036be2f6_003_observation,claim,claim_comparison:claim_cmp_507,claim_comparison,
compared_with,matched provenance identifier,claim:claim_rec_src_search_3f4cf9d46ec9_003_observation,claim,claim_comparison:claim_cmp_508,claim_comparison,
compared_with,matched provenance identifier,claim:claim_rec_src_search_d1d6036be2f6_004_cases_confirmed,claim,claim_comparison:claim_cmp_508,claim_comparison,
compared_with,matched provenance identifier,claim:claim_rec_src_search_3f4cf9d46ec9_003_observation,claim,claim_comparison:claim_cmp_509,claim_comparison,
compared_with,matched provenance identifier,claim:claim_rec_src_search_d1d6036be2f6_004_deaths,claim,claim_comparison:claim_cmp_509,claim_comparison,
compared_with,matched provenance identifier,claim:claim_rec_src_search_3f4cf9d46ec9_003_observation,claim,claim_comparison:claim_cmp_510,claim_comparison,
compared_with,matched provenance identifier,claim:claim_rec_src_search_d1d6036be2f6_005_observation,claim,claim_comparison:claim_cmp_510,claim_comparison,
compared_with,matched provenance identifier,claim:claim_rec_src_search_3f4cf9d46ec9_003_observation,claim,claim_comparison:claim_cmp_511,claim_comparison,
compared_with,matched provenance identifier,claim:claim_rec_src_search_d1d6036be2f6_006_cases_unspecified,claim,claim_comparison:claim_cmp_511,claim_comparison,
compared_with,matched provenance identifier,claim:claim_rec_src_search_3f4cf9d46ec9_003_observation,claim,claim_comparison:claim_cmp_512,claim_comparison,
compared_with,matched provenance identifier,claim:claim_rec_src_search_d1d6036be2f6_007_cases_unspecified,claim,claim_comparison:claim_cmp_512,claim_comparison,
compared_with,matched provenance identifier,claim:claim_rec_src_search_3f4cf9d46ec9_003_observation,claim,claim_comparison:claim_cmp_513,claim_comparison,
compared_with,matched provenance identifier,claim:claim_rec_src_search_3109afb35d90_001_cases_confirmed,claim,claim_comparison:claim_cmp_513,claim_comparison,
compared_with,matched provenance identifier,claim:claim_rec_src_search_3f4cf9d46ec9_003_observation,claim,claim_comparison:claim_cmp_514,claim_comparison,
compared_with,matched provenance identifier,claim:claim_rec_src_search_3109afb35d90_002_cases_unspecified,claim,claim_comparison:claim_cmp_514,claim_comparison,
compared_with,matched provenance identifier,claim:claim_rec_src_search_3f4cf9d46ec9_003_observation,claim,claim_comparison:claim_cmp_515,claim_comparison,
compared_with,matched provenance identifier,claim:claim_rec_src_search_3109afb35d90_003_cases_unspecified,claim,claim_comparison:claim_cmp_515,claim_comparison,
compared_with,matched provenance identifier,claim:claim_rec_src_search_3f4cf9d46ec9_003_observation,claim,claim_comparison:claim_cmp_516,claim_comparison,
compared_with,matched provenance identifier,claim:claim_rec_src_search_3109afb35d90_004_cases_unspecified,claim,claim_comparison:claim_cmp_516,claim_comparison,
compared_with,matched provenance identifier,claim:claim_rec_src_search_3f4cf9d46ec9_003_observation,claim,claim_comparison:claim_cmp_517,claim_comparison,
compared_with,matched provenance identifier,claim:claim_rec_src_search_283a8bed6a9d_001_cases_confirmed,claim,claim_comparison:claim_cmp_517,claim_comparison,
compared_with,matched provenance identifier,claim:claim_rec_src_search_3f4cf9d46ec9_003_observation,claim,claim_comparison:claim_cmp_518,claim_comparison,
compared_with,matched provenance identifier,claim:claim_rec_src_search_283a8bed6a9d_002_cases_confirmed,claim,claim_comparison:claim_cmp_518,claim_comparison,
compared_with,matched provenance identifier,claim:claim_rec_src_search_3f4cf9d46ec9_003_observation,claim,claim_comparison:claim_cmp_519,claim_comparison,
compared_with,matched provenance identifier,claim:claim_rec_src_search_283a8bed6a9d_003_observation,claim,claim_comparison:claim_cmp_519,claim_comparison,
compared_with,matched provenance identifier,claim:claim_rec_src_search_3f4cf9d46ec9_003_observation,claim,claim_comparison:claim_cmp_520,claim_comparison,
compared_with,matched provenance identifier,claim:claim_rec_src_search_283a8bed6a9d_004_observation,claim,claim_comparison:claim_cmp_520,claim_comparison,
compared_with,matched provenance identifier,claim:claim_rec_src_search_3f4cf9d46ec9_003_observation,claim,claim_comparison:claim_cmp_521,claim_comparison,
compared_with,matched provenance identifier,claim:claim_rec_src_search_283a8bed6a9d_005_cases_unspecified,claim,claim_comparison:claim_cmp_521,claim_comparison,
compared_with,matched provenance identifier,claim:claim_rec_src_search_3f4cf9d46ec9_003_observation,claim,claim_comparison:claim_cmp_522,claim_comparison,
compared_with,matched provenance identifier,claim:claim_rec_src_search_283a8bed6a9d_006_observation,claim,claim_comparison:claim_cmp_522,claim_comparison,
compared_with,matched provenance identifier,claim:claim_rec_src_search_3f4cf9d46ec9_003_observation,claim,claim_comparison:claim_cmp_523,claim_comparison,
compared_with,matched provenance identifier,claim:claim_rec_src_search_283a8bed6a9d_007_cases_unspecified,claim,claim_comparison:claim_cmp_523,claim_comparison,
compared_with,matched provenance identifier,claim:claim_rec_src_search_3f4cf9d46ec9_003_observation,claim,claim_comparison:claim_cmp_524,claim_comparison,
compared_with,matched provenance identifier,claim:claim_rec_src_search_283a8bed6a9d_008_observation,claim,claim_comparison:claim_cmp_524,claim_comparison,
compared_with,matched provenance identifier,claim:claim_rec_src_search_3f4cf9d46ec9_003_observation,claim,claim_comparison:claim_cmp_525,claim_comparison,
compared_with,matched provenance identifier,claim:claim_rec_src_search_283a8bed6a9d_009_cases_unspecified,claim,claim_comparison:claim_cmp_525,claim_comparison,
compared_with,matched provenance identifier,claim:claim_rec_src_search_3f4cf9d46ec9_003_observation,claim,claim_comparison:claim_cmp_526,claim_comparison,
compared_with,matched provenance identifier,claim:claim_rec_src_search_283a8bed6a9d_010_cases_unspecified,claim,claim_comparison:claim_cmp_526,claim_comparison,
compared_with,matched provenance identifier,claim:claim_rec_src_search_3f4cf9d46ec9_003_observation,claim,claim_comparison:claim_cmp_527,claim_comparison,
compared_with,matched provenance identifier,claim:claim_rec_src_search_283a8bed6a9d_011_cases_unspecified,claim,claim_comparison:claim_cmp_527,claim_comparison,
compared_with,matched provenance identifier,claim:claim_rec_src_search_3f4cf9d46ec9_003_observation,claim,claim_comparison:claim_cmp_528,claim_comparison,
compared_with,matched provenance identifier,claim:claim_rec_src_search_283a8bed6a9d_011_hospitalizations,claim,claim_comparison:claim_cmp_528,claim_comparison,
compared_with,matched provenance identifier,claim:claim_rec_src_search_3f4cf9d46ec9_003_observation,claim,claim_comparison:claim_cmp_529,claim_comparison,
compared_with,matched provenance identifier,claim:claim_rec_src_search_283a8bed6a9d_012_hospitalizations,claim,claim_comparison:claim_cmp_529,claim_comparison,
compared_with,matched provenance identifier,claim:claim_rec_src_search_3f4cf9d46ec9_003_observation,claim,claim_comparison:claim_cmp_530,claim_comparison,
compared_with,matched provenance identifier,claim:claim_rec_src_search_283a8bed6a9d_013_hospitalizations,claim,claim_comparison:claim_cmp_530,claim_comparison,
compared_with,matched provenance identifier,claim:claim_rec_src_search_3f4cf9d46ec9_003_observation,claim,claim_comparison:claim_cmp_531,claim_comparison,
compared_with,matched provenance identifier,claim:claim_rec_src_search_283a8bed6a9d_014_hospitalizations,claim,claim_comparison:claim_cmp_531,claim_comparison,
compared_with,matched provenance identifier,claim:claim_rec_src_search_3f4cf9d46ec9_003_observation,claim,claim_comparison:claim_cmp_532,claim_comparison,
compared_with,matched provenance identifier,claim:claim_rec_src_search_283a8bed6a9d_015_cases_unspecified,claim,claim_comparison:claim_cmp_532,claim_comparison,
compared_with,matched provenance identifier,claim:claim_rec_src_search_3f4cf9d46ec9_003_observation,claim,claim_comparison:claim_cmp_533,claim_comparison,
compared_with,matched provenance identifier,claim:claim_rec_src_search_283a8bed6a9d_016_deaths,claim,claim_comparison:claim_cmp_533,claim_comparison,
compared_with,matched provenance identifier,claim:claim_rec_src_search_3f4cf9d46ec9_003_observation,claim,claim_comparison:claim_cmp_534,claim_comparison,
compared_with,matched provenance identifier,claim:claim_rec_src_search_283a8bed6a9d_017_deaths,claim,claim_comparison:claim_cmp_534,claim_comparison,
compared_with,matched provenance identifier,claim:claim_rec_src_search_3f4cf9d46ec9_003_observation,claim,claim_comparison:claim_cmp_535,claim_comparison,
compared_with,matched provenance identifier,claim:claim_rec_src_search_7cb311dd75e6_001_cases_confirmed,claim,claim_comparison:claim_cmp_535,claim_comparison,
compared_with,matched provenance identifier,claim:claim_rec_src_search_da86b7826545_001_cases_unspecified,claim,claim_comparison:claim_cmp_536,claim_comparison,
compared_with,matched provenance identifier,claim:claim_rec_src_search_da86b7826545_001_deaths,claim,claim_comparison:claim_cmp_536,claim_comparison,
compared_with,matched provenance identifier,claim:claim_rec_src_search_da86b7826545_001_cases_unspecified,claim,claim_comparison:claim_cmp_537,claim_comparison,
compared_with,matched provenance identifier,claim:claim_rec_src_search_da86b7826545_001_hospitalizations,claim,claim_comparison:claim_cmp_537,claim_comparison,
compared_with,matched provenance identifier,claim:claim_rec_src_search_da86b7826545_001_cases_unspecified,claim,claim_comparison:claim_cmp_538,claim_comparison,
compared_with,matched provenance identifier,claim:claim_rec_src_search_da86b7826545_002_cases_unspecified,claim,claim_comparison:claim_cmp_538,claim_comparison,
compared_with,matched provenance identifier,claim:claim_rec_src_search_da86b7826545_001_cases_unspecified,claim,claim_comparison:claim_cmp_539,claim_comparison,
compared_with,matched provenance identifier,claim:claim_rec_src_search_da86b7826545_003_cases_unspecified,claim,claim_comparison:claim_cmp_539,claim_comparison,
compared_with,matched provenance identifier,claim:claim_rec_src_search_da86b7826545_001_cases_unspecified,claim,claim_comparison:claim_cmp_540,claim_comparison,
compared_with,matched provenance identifier,claim:claim_rec_src_search_da86b7826545_004_cases_unspecified,claim,claim_comparison:claim_cmp_540,claim_comparison,
compared_with,matched provenance identifier,claim:claim_rec_src_search_da86b7826545_001_cases_unspecified,claim,claim_comparison:claim_cmp_541,claim_comparison,
compared_with,matched provenance identifier,claim:claim_rec_src_search_da86b7826545_005_cases_unspecified,claim,claim_comparison:claim_cmp_541,claim_comparison,
compared_with,matched provenance identifier,claim:claim_rec_src_search_da86b7826545_001_cases_unspecified,claim,claim_comparison:claim_cmp_542,claim_comparison,
compared_with,matched provenance identifier,claim:claim_rec_src_search_8242cbb785a1_001_cases_confirmed,claim,claim_comparison:claim_cmp_542,claim_comparison,
compared_with,matched provenance identifier,claim:claim_rec_src_search_da86b7826545_001_cases_unspecified,claim,claim_comparison:claim_cmp_543,claim_comparison,
compared_with,matched provenance identifier,claim:claim_rec_src_search_8242cbb785a1_002_cases_confirmed,claim,claim_comparison:claim_cmp_543,claim_comparison,
compared_with,matched provenance identifier,claim:claim_rec_src_search_da86b7826545_001_cases_unspecified,claim,claim_comparison:claim_cmp_544,claim_comparison,
compared_with,matched provenance identifier,claim:claim_rec_src_search_8242cbb785a1_002_deaths,claim,claim_comparison:claim_cmp_544,claim_comparison,
compared_with,matched provenance identifier,claim:claim_rec_src_search_da86b7826545_001_cases_unspecified,claim,claim_comparison:claim_cmp_545,claim_comparison,
compared_with,matched provenance identifier,claim:claim_rec_src_search_8242cbb785a1_003_cases_confirmed,claim,claim_comparison:claim_cmp_545,claim_comparison,
compared_with,matched provenance identifier,claim:claim_rec_src_search_da86b7826545_001_cases_unspecified,claim,claim_comparison:claim_cmp_546,claim_comparison,
compared_with,matched provenance identifier,claim:claim_rec_src_search_8242cbb785a1_003_deaths,claim,claim_comparison:claim_cmp_546,claim_comparison,
compared_with,matched provenance identifier,claim:claim_rec_src_search_da86b7826545_001_cases_unspecified,claim,claim_comparison:claim_cmp_547,claim_comparison,
compared_with,matched provenance identifier,claim:claim_rec_src_search_8242cbb785a1_004_cases_confirmed,claim,claim_comparison:claim_cmp_547,claim_comparison,
compared_with,matched provenance identifier,claim:claim_rec_src_search_da86b7826545_001_cases_unspecified,claim,claim_comparison:claim_cmp_548,claim_comparison,
compared_with,matched provenance identifier,claim:claim_rec_src_search_8242cbb785a1_004_deaths,claim,claim_comparison:claim_cmp_548,claim_comparison,
compared_with,matched provenance identifier,claim:claim_rec_src_search_da86b7826545_001_cases_unspecified,claim,claim_comparison:claim_cmp_549,claim_comparison,
compared_with,matched provenance identifier,claim:claim_rec_src_search_6e578fc529e9_001_cases_confirmed,claim,claim_comparison:claim_cmp_549,claim_comparison,
compared_with,matched provenance identifier,claim:claim_rec_src_search_da86b7826545_001_cases_unspecified,claim,claim_comparison:claim_cmp_550,claim_comparison,
compared_with,matched provenance identifier,claim:claim_rec_src_search_6e578fc529e9_001_deaths,claim,claim_comparison:claim_cmp_550,claim_comparison,
compared_with,matched provenance identifier,claim:claim_rec_src_search_da86b7826545_001_cases_unspecified,claim,claim_comparison:claim_cmp_551,claim_comparison,
compared_with,matched provenance identifier,claim:claim_rec_src_search_cd5fb2750261_001_cases_confirmed,claim,claim_comparison:claim_cmp_551,claim_comparison,
compared_with,matched provenance identifier,claim:claim_rec_src_search_da86b7826545_001_cases_unspecified,claim,claim_comparison:claim_cmp_552,claim_comparison,
compared_with,matched provenance identifier,claim:claim_rec_src_search_cd5fb2750261_002_cases_confirmed,claim,claim_comparison:claim_cmp_552,claim_comparison,
compared_with,matched provenance identifier,claim:claim_rec_src_search_da86b7826545_001_cases_unspecified,claim,claim_comparison:claim_cmp_553,claim_comparison,
compared_with,matched provenance identifier,claim:claim_rec_src_search_d1d6036be2f6_001_cases_unspecified,claim,claim_comparison:claim_cmp_553,claim_comparison,
compared_with,matched provenance identifier,claim:claim_rec_src_search_da86b7826545_001_cases_unspecified,claim,claim_comparison:claim_cmp_554,claim_comparison,
compared_with,matched provenance identifier,claim:claim_rec_src_search_d1d6036be2f6_002_cases_unspecified,claim,claim_comparison:claim_cmp_554,claim_comparison,
compared_with,matched provenance identifier,claim:claim_rec_src_search_da86b7826545_001_cases_unspecified,claim,claim_comparison:claim_cmp_555,claim_comparison,
compared_with,matched provenance identifier,claim:claim_rec_src_search_d1d6036be2f6_003_observation,claim,claim_comparison:claim_cmp_555,claim_comparison,
compared_with,matched provenance identifier,claim:claim_rec_src_search_da86b7826545_001_cases_unspecified,claim,claim_comparison:claim_cmp_556,claim_comparison,
compared_with,matched provenance identifier,claim:claim_rec_src_search_d1d6036be2f6_004_cases_confirmed,claim,claim_comparison:claim_cmp_556,claim_comparison,
compared_with,matched provenance identifier,claim:claim_rec_src_search_da86b7826545_001_cases_unspecified,claim,claim_comparison:claim_cmp_557,claim_comparison,
compared_with,matched provenance identifier,claim:claim_rec_src_search_d1d6036be2f6_004_deaths,claim,claim_comparison:claim_cmp_557,claim_comparison,
compared_with,matched provenance identifier,claim:claim_rec_src_search_da86b7826545_001_cases_unspecified,claim,claim_comparison:claim_cmp_558,claim_comparison,
compared_with,matched provenance identifier,claim:claim_rec_src_search_d1d6036be2f6_005_observation,claim,claim_comparison:claim_cmp_558,claim_comparison,
compared_with,matched provenance identifier,claim:claim_rec_src_search_da86b7826545_001_cases_unspecified,claim,claim_comparison:claim_cmp_559,claim_comparison,
compared_with,matched provenance identifier,claim:claim_rec_src_search_d1d6036be2f6_006_cases_unspecified,claim,claim_comparison:claim_cmp_559,claim_comparison,
compared_with,matched provenance identifier,claim:claim_rec_src_search_da86b7826545_001_cases_unspecified,claim,claim_comparison:claim_cmp_560,claim_comparison,
compared_with,matched provenance identifier,claim:claim_rec_src_search_d1d6036be2f6_007_cases_unspecified,claim,claim_comparison:claim_cmp_560,claim_comparison,
compared_with,matched provenance identifier,claim:claim_rec_src_search_da86b7826545_001_cases_unspecified,claim,claim_comparison:claim_cmp_561,claim_comparison,
compared_with,matched provenance identifier,claim:claim_rec_src_search_3109afb35d90_001_cases_confirmed,claim,claim_comparison:claim_cmp_561,claim_comparison,
compared_with,matched provenance identifier,claim:claim_rec_src_search_da86b7826545_001_cases_unspecified,claim,claim_comparison:claim_cmp_562,claim_comparison,
compared_with,matched provenance identifier,claim:claim_rec_src_search_3109afb35d90_002_cases_unspecified,claim,claim_comparison:claim_cmp_562,claim_comparison,
compared_with,matched provenance identifier,claim:claim_rec_src_search_da86b7826545_001_cases_unspecified,claim,claim_comparison:claim_cmp_563,claim_comparison,
compared_with,matched provenance identifier,claim:claim_rec_src_search_3109afb35d90_003_cases_unspecified,claim,claim_comparison:claim_cmp_563,claim_comparison,
compared_with,matched provenance identifier,claim:claim_rec_src_search_da86b7826545_001_cases_unspecified,claim,claim_comparison:claim_cmp_564,claim_comparison,
compared_with,matched provenance identifier,claim:claim_rec_src_search_3109afb35d90_004_cases_unspecified,claim,claim_comparison:claim_cmp_564,claim_comparison,
compared_with,matched provenance identifier,claim:claim_rec_src_search_da86b7826545_001_cases_unspecified,claim,claim_comparison:claim_cmp_565,claim_comparison,
compared_with,matched provenance identifier,claim:claim_rec_src_search_283a8bed6a9d_001_cases_confirmed,claim,claim_comparison:claim_cmp_565,claim_comparison,
compared_with,matched provenance identifier,claim:claim_rec_src_search_da86b7826545_001_cases_unspecified,claim,claim_comparison:claim_cmp_566,claim_comparison,
compared_with,matched provenance identifier,claim:claim_rec_src_search_283a8bed6a9d_002_cases_confirmed,claim,claim_comparison:claim_cmp_566,claim_comparison,
compared_with,matched provenance identifier,claim:claim_rec_src_search_da86b7826545_001_cases_unspecified,claim,claim_comparison:claim_cmp_567,claim_comparison,
compared_with,matched provenance identifier,claim:claim_rec_src_search_283a8bed6a9d_003_observation,claim,claim_comparison:claim_cmp_567,claim_comparison,
compared_with,matched provenance identifier,claim:claim_rec_src_search_da86b7826545_001_cases_unspecified,claim,claim_comparison:claim_cmp_568,claim_comparison,
compared_with,matched provenance identifier,claim:claim_rec_src_search_283a8bed6a9d_004_observation,claim,claim_comparison:claim_cmp_568,claim_comparison,
compared_with,matched provenance identifier,claim:claim_rec_src_search_da86b7826545_001_cases_unspecified,claim,claim_comparison:claim_cmp_569,claim_comparison,
compared_with,matched provenance identifier,claim:claim_rec_src_search_283a8bed6a9d_005_cases_unspecified,claim,claim_comparison:claim_cmp_569,claim_comparison,
compared_with,matched provenance identifier,claim:claim_rec_src_search_da86b7826545_001_cases_unspecified,claim,claim_comparison:claim_cmp_570,claim_comparison,
compared_with,matched provenance identifier,claim:claim_rec_src_search_283a8bed6a9d_006_observation,claim,claim_comparison:claim_cmp_570,claim_comparison,
compared_with,matched provenance identifier,claim:claim_rec_src_search_da86b7826545_001_cases_unspecified,claim,claim_comparison:claim_cmp_571,claim_comparison,
compared_with,matched provenance identifier,claim:claim_rec_src_search_283a8bed6a9d_007_cases_unspecified,claim,claim_comparison:claim_cmp_571,claim_comparison,
compared_with,matched provenance identifier,claim:claim_rec_src_search_da86b7826545_001_cases_unspecified,claim,claim_comparison:claim_cmp_572,claim_comparison,
compared_with,matched provenance identifier,claim:claim_rec_src_search_283a8bed6a9d_008_observation,claim,claim_comparison:claim_cmp_572,claim_comparison,
compared_with,matched provenance identifier,claim:claim_rec_src_search_da86b7826545_001_cases_unspecified,claim,claim_comparison:claim_cmp_573,claim_comparison,
compared_with,matched provenance identifier,claim:claim_rec_src_search_283a8bed6a9d_009_cases_unspecified,claim,claim_comparison:claim_cmp_573,claim_comparison,
compared_with,matched provenance identifier,claim:claim_rec_src_search_da86b7826545_001_cases_unspecified,claim,claim_comparison:claim_cmp_574,claim_comparison,
compared_with,matched provenance identifier,claim:claim_rec_src_search_283a8bed6a9d_010_cases_unspecified,claim,claim_comparison:claim_cmp_574,claim_comparison,
compared_with,matched provenance identifier,claim:claim_rec_src_search_da86b7826545_001_cases_unspecified,claim,claim_comparison:claim_cmp_575,claim_comparison,
compared_with,matched provenance identifier,claim:claim_rec_src_search_283a8bed6a9d_011_cases_unspecified,claim,claim_comparison:claim_cmp_575,claim_comparison,
compared_with,matched provenance identifier,claim:claim_rec_src_search_da86b7826545_001_cases_unspecified,claim,claim_comparison:claim_cmp_576,claim_comparison,
compared_with,matched provenance identifier,claim:claim_rec_src_search_283a8bed6a9d_011_hospitalizations,claim,claim_comparison:claim_cmp_576,claim_comparison,
compared_with,matched provenance identifier,claim:claim_rec_src_search_da86b7826545_001_cases_unspecified,claim,claim_comparison:claim_cmp_577,claim_comparison,
compared_with,matched provenance identifier,claim:claim_rec_src_search_283a8bed6a9d_012_hospitalizations,claim,claim_comparison:claim_cmp_577,claim_comparison,
compared_with,matched provenance identifier,claim:claim_rec_src_search_da86b7826545_001_cases_unspecified,claim,claim_comparison:claim_cmp_578,claim_comparison,
compared_with,matched provenance identifier,claim:claim_rec_src_search_283a8bed6a9d_013_hospitalizations,claim,claim_comparison:claim_cmp_578,claim_comparison,
compared_with,matched provenance identifier,claim:claim_rec_src_search_da86b7826545_001_cases_unspecified,claim,claim_comparison:claim_cmp_579,claim_comparison,
compared_with,matched provenance identifier,claim:claim_rec_src_search_283a8bed6a9d_014_hospitalizations,claim,claim_comparison:claim_cmp_579,claim_comparison,
compared_with,matched provenance identifier,claim:claim_rec_src_search_da86b7826545_001_cases_unspecified,claim,claim_comparison:claim_cmp_580,claim_comparison,
compared_with,matched provenance identifier,claim:claim_rec_src_search_283a8bed6a9d_015_cases_unspecified,claim,claim_comparison:claim_cmp_580,claim_comparison,
compared_with,matched provenance identifier,claim:claim_rec_src_search_da86b7826545_001_cases_unspecified,claim,claim_comparison:claim_cmp_581,claim_comparison,
compared_with,matched provenance identifier,claim:claim_rec_src_search_283a8bed6a9d_016_deaths,claim,claim_comparison:claim_cmp_581,claim_comparison,
compared_with,matched provenance identifier,claim:claim_rec_src_search_da86b7826545_001_cases_unspecified,claim,claim_comparison:claim_cmp_582,claim_comparison,
compared_with,matched provenance identifier,claim:claim_rec_src_search_283a8bed6a9d_017_deaths,claim,claim_comparison:claim_cmp_582,claim_comparison,
compared_with,matched provenance identifier,claim:claim_rec_src_search_da86b7826545_001_cases_unspecified,claim,claim_comparison:claim_cmp_583,claim_comparison,
compared_with,matched provenance identifier,claim:claim_rec_src_search_7cb311dd75e6_001_cases_confirmed,claim,claim_comparison:claim_cmp_583,claim_comparison,
compared_with,matched provenance identifier,claim:claim_rec_src_search_da86b7826545_001_deaths,claim,claim_comparison:claim_cmp_584,claim_comparison,
compared_with,matched provenance identifier,claim:claim_rec_src_search_da86b7826545_001_hospitalizations,claim,claim_comparison:claim_cmp_584,claim_comparison,
compared_with,matched provenance identifier,claim:claim_rec_src_search_da86b7826545_001_deaths,claim,claim_comparison:claim_cmp_585,claim_comparison,
compared_with,matched provenance identifier,claim:claim_rec_src_search_da86b7826545_002_cases_unspecified,claim,claim_comparison:claim_cmp_585,claim_comparison,
compared_with,matched provenance identifier,claim:claim_rec_src_search_da86b7826545_001_deaths,claim,claim_comparison:claim_cmp_586,claim_comparison,
compared_with,matched provenance identifier,claim:claim_rec_src_search_da86b7826545_003_cases_unspecified,claim,claim_comparison:claim_cmp_586,claim_comparison,
compared_with,matched provenance identifier,claim:claim_rec_src_search_da86b7826545_001_deaths,claim,claim_comparison:claim_cmp_587,claim_comparison,
compared_with,matched provenance identifier,claim:claim_rec_src_search_da86b7826545_004_cases_unspecified,claim,claim_comparison:claim_cmp_587,claim_comparison,
compared_with,matched provenance identifier,claim:claim_rec_src_search_da86b7826545_001_deaths,claim,claim_comparison:claim_cmp_588,claim_comparison,
compared_with,matched provenance identifier,claim:claim_rec_src_search_da86b7826545_005_cases_unspecified,claim,claim_comparison:claim_cmp_588,claim_comparison,
compared_with,matched provenance identifier,claim:claim_rec_src_search_da86b7826545_001_deaths,claim,claim_comparison:claim_cmp_589,claim_comparison,
compared_with,matched provenance identifier,claim:claim_rec_src_search_8242cbb785a1_001_cases_confirmed,claim,claim_comparison:claim_cmp_589,claim_comparison,
compared_with,matched provenance identifier,claim:claim_rec_src_search_da86b7826545_001_deaths,claim,claim_comparison:claim_cmp_590,claim_comparison,
compared_with,matched provenance identifier,claim:claim_rec_src_search_8242cbb785a1_002_cases_confirmed,claim,claim_comparison:claim_cmp_590,claim_comparison,
compared_with,matched provenance identifier,claim:claim_rec_src_search_da86b7826545_001_deaths,claim,claim_comparison:claim_cmp_591,claim_comparison,
compared_with,matched provenance identifier,claim:claim_rec_src_search_8242cbb785a1_002_deaths,claim,claim_comparison:claim_cmp_591,claim_comparison,
compared_with,matched provenance identifier,claim:claim_rec_src_search_da86b7826545_001_deaths,claim,claim_comparison:claim_cmp_592,claim_comparison,
compared_with,matched provenance identifier,claim:claim_rec_src_search_8242cbb785a1_003_cases_confirmed,claim,claim_comparison:claim_cmp_592,claim_comparison,
compared_with,matched provenance identifier,claim:claim_rec_src_search_da86b7826545_001_deaths,claim,claim_comparison:claim_cmp_593,claim_comparison,
compared_with,matched provenance identifier,claim:claim_rec_src_search_8242cbb785a1_003_deaths,claim,claim_comparison:claim_cmp_593,claim_comparison,
compared_with,matched provenance identifier,claim:claim_rec_src_search_da86b7826545_001_deaths,claim,claim_comparison:claim_cmp_594,claim_comparison,
compared_with,matched provenance identifier,claim:claim_rec_src_search_8242cbb785a1_004_cases_confirmed,claim,claim_comparison:claim_cmp_594,claim_comparison,
compared_with,matched provenance identifier,claim:claim_rec_src_search_da86b7826545_001_deaths,claim,claim_comparison:claim_cmp_595,claim_comparison,
compared_with,matched provenance identifier,claim:claim_rec_src_search_8242cbb785a1_004_deaths,claim,claim_comparison:claim_cmp_595,claim_comparison,
compared_with,matched provenance identifier,claim:claim_rec_src_search_da86b7826545_001_deaths,claim,claim_comparison:claim_cmp_596,claim_comparison,
compared_with,matched provenance identifier,claim:claim_rec_src_search_6e578fc529e9_001_cases_confirmed,claim,claim_comparison:claim_cmp_596,claim_comparison,
compared_with,matched provenance identifier,claim:claim_rec_src_search_da86b7826545_001_deaths,claim,claim_comparison:claim_cmp_597,claim_comparison,
compared_with,matched provenance identifier,claim:claim_rec_src_search_6e578fc529e9_001_deaths,claim,claim_comparison:claim_cmp_597,claim_comparison,
compared_with,matched provenance identifier,claim:claim_rec_src_search_da86b7826545_001_deaths,claim,claim_comparison:claim_cmp_598,claim_comparison,
compared_with,matched provenance identifier,claim:claim_rec_src_search_cd5fb2750261_001_cases_confirmed,claim,claim_comparison:claim_cmp_598,claim_comparison,
compared_with,matched provenance identifier,claim:claim_rec_src_search_da86b7826545_001_deaths,claim,claim_comparison:claim_cmp_599,claim_comparison,
compared_with,matched provenance identifier,claim:claim_rec_src_search_cd5fb2750261_002_cases_confirmed,claim,claim_comparison:claim_cmp_599,claim_comparison,
compared_with,matched provenance identifier,claim:claim_rec_src_search_da86b7826545_001_deaths,claim,claim_comparison:claim_cmp_600,claim_comparison,
compared_with,matched provenance identifier,claim:claim_rec_src_search_d1d6036be2f6_001_cases_unspecified,claim,claim_comparison:claim_cmp_600,claim_comparison,
compared_with,matched provenance identifier,claim:claim_rec_src_search_da86b7826545_001_deaths,claim,claim_comparison:claim_cmp_601,claim_comparison,
compared_with,matched provenance identifier,claim:claim_rec_src_search_d1d6036be2f6_002_cases_unspecified,claim,claim_comparison:claim_cmp_601,claim_comparison,
compared_with,matched provenance identifier,claim:claim_rec_src_search_da86b7826545_001_deaths,claim,claim_comparison:claim_cmp_602,claim_comparison,
compared_with,matched provenance identifier,claim:claim_rec_src_search_d1d6036be2f6_003_observation,claim,claim_comparison:claim_cmp_602,claim_comparison,
compared_with,matched provenance identifier,claim:claim_rec_src_search_da86b7826545_001_deaths,claim,claim_comparison:claim_cmp_603,claim_comparison,
compared_with,matched provenance identifier,claim:claim_rec_src_search_d1d6036be2f6_004_cases_confirmed,claim,claim_comparison:claim_cmp_603,claim_comparison,
compared_with,matched provenance identifier,claim:claim_rec_src_search_da86b7826545_001_deaths,claim,claim_comparison:claim_cmp_604,claim_comparison,
compared_with,matched provenance identifier,claim:claim_rec_src_search_d1d6036be2f6_004_deaths,claim,claim_comparison:claim_cmp_604,claim_comparison,
compared_with,matched provenance identifier,claim:claim_rec_src_search_da86b7826545_001_deaths,claim,claim_comparison:claim_cmp_605,claim_comparison,
compared_with,matched provenance identifier,claim:claim_rec_src_search_d1d6036be2f6_005_observation,claim,claim_comparison:claim_cmp_605,claim_comparison,
compared_with,matched provenance identifier,claim:claim_rec_src_search_da86b7826545_001_deaths,claim,claim_comparison:claim_cmp_606,claim_comparison,
compared_with,matched provenance identifier,claim:claim_rec_src_search_d1d6036be2f6_006_cases_unspecified,claim,claim_comparison:claim_cmp_606,claim_comparison,
compared_with,matched provenance identifier,claim:claim_rec_src_search_da86b7826545_001_deaths,claim,claim_comparison:claim_cmp_607,claim_comparison,
compared_with,matched provenance identifier,claim:claim_rec_src_search_d1d6036be2f6_007_cases_unspecified,claim,claim_comparison:claim_cmp_607,claim_comparison,
compared_with,matched provenance identifier,claim:claim_rec_src_search_da86b7826545_001_deaths,claim,claim_comparison:claim_cmp_608,claim_comparison,
compared_with,matched provenance identifier,claim:claim_rec_src_search_3109afb35d90_001_cases_confirmed,claim,claim_comparison:claim_cmp_608,claim_comparison,
compared_with,matched provenance identifier,claim:claim_rec_src_search_da86b7826545_001_deaths,claim,claim_comparison:claim_cmp_609,claim_comparison,
compared_with,matched provenance identifier,claim:claim_rec_src_search_3109afb35d90_002_cases_unspecified,claim,claim_comparison:claim_cmp_609,claim_comparison,
compared_with,matched provenance identifier,claim:claim_rec_src_search_da86b7826545_001_deaths,claim,claim_comparison:claim_cmp_610,claim_comparison,
compared_with,matched provenance identifier,claim:claim_rec_src_search_3109afb35d90_003_cases_unspecified,claim,claim_comparison:claim_cmp_610,claim_comparison,
compared_with,matched provenance identifier,claim:claim_rec_src_search_da86b7826545_001_deaths,claim,claim_comparison:claim_cmp_611,claim_comparison,
compared_with,matched provenance identifier,claim:claim_rec_src_search_3109afb35d90_004_cases_unspecified,claim,claim_comparison:claim_cmp_611,claim_comparison,
compared_with,matched provenance identifier,claim:claim_rec_src_search_da86b7826545_001_deaths,claim,claim_comparison:claim_cmp_612,claim_comparison,
compared_with,matched provenance identifier,claim:claim_rec_src_search_283a8bed6a9d_001_cases_confirmed,claim,claim_comparison:claim_cmp_612,claim_comparison,
compared_with,matched provenance identifier,claim:claim_rec_src_search_da86b7826545_001_deaths,claim,claim_comparison:claim_cmp_613,claim_comparison,
compared_with,matched provenance identifier,claim:claim_rec_src_search_283a8bed6a9d_002_cases_confirmed,claim,claim_comparison:claim_cmp_613,claim_comparison,
compared_with,matched provenance identifier,claim:claim_rec_src_search_da86b7826545_001_deaths,claim,claim_comparison:claim_cmp_614,claim_comparison,
compared_with,matched provenance identifier,claim:claim_rec_src_search_283a8bed6a9d_003_observation,claim,claim_comparison:claim_cmp_614,claim_comparison,
compared_with,matched provenance identifier,claim:claim_rec_src_search_da86b7826545_001_deaths,claim,claim_comparison:claim_cmp_615,claim_comparison,
compared_with,matched provenance identifier,claim:claim_rec_src_search_283a8bed6a9d_004_observation,claim,claim_comparison:claim_cmp_615,claim_comparison,
compared_with,matched provenance identifier,claim:claim_rec_src_search_da86b7826545_001_deaths,claim,claim_comparison:claim_cmp_616,claim_comparison,
compared_with,matched provenance identifier,claim:claim_rec_src_search_283a8bed6a9d_005_cases_unspecified,claim,claim_comparison:claim_cmp_616,claim_comparison,
compared_with,matched provenance identifier,claim:claim_rec_src_search_da86b7826545_001_deaths,claim,claim_comparison:claim_cmp_617,claim_comparison,
compared_with,matched provenance identifier,claim:claim_rec_src_search_283a8bed6a9d_006_observation,claim,claim_comparison:claim_cmp_617,claim_comparison,
compared_with,matched provenance identifier,claim:claim_rec_src_search_da86b7826545_001_deaths,claim,claim_comparison:claim_cmp_618,claim_comparison,
compared_with,matched provenance identifier,claim:claim_rec_src_search_283a8bed6a9d_007_cases_unspecified,claim,claim_comparison:claim_cmp_618,claim_comparison,
compared_with,matched provenance identifier,claim:claim_rec_src_search_da86b7826545_001_deaths,claim,claim_comparison:claim_cmp_619,claim_comparison,
compared_with,matched provenance identifier,claim:claim_rec_src_search_283a8bed6a9d_008_observation,claim,claim_comparison:claim_cmp_619,claim_comparison,
compared_with,matched provenance identifier,claim:claim_rec_src_search_da86b7826545_001_deaths,claim,claim_comparison:claim_cmp_620,claim_comparison,
compared_with,matched provenance identifier,claim:claim_rec_src_search_283a8bed6a9d_009_cases_unspecified,claim,claim_comparison:claim_cmp_620,claim_comparison,
compared_with,matched provenance identifier,claim:claim_rec_src_search_da86b7826545_001_deaths,claim,claim_comparison:claim_cmp_621,claim_comparison,
compared_with,matched provenance identifier,claim:claim_rec_src_search_283a8bed6a9d_010_cases_unspecified,claim,claim_comparison:claim_cmp_621,claim_comparison,
compared_with,matched provenance identifier,claim:claim_rec_src_search_da86b7826545_001_deaths,claim,claim_comparison:claim_cmp_622,claim_comparison,
compared_with,matched provenance identifier,claim:claim_rec_src_search_283a8bed6a9d_011_cases_unspecified,claim,claim_comparison:claim_cmp_622,claim_comparison,
compared_with,matched provenance identifier,claim:claim_rec_src_search_da86b7826545_001_deaths,claim,claim_comparison:claim_cmp_623,claim_comparison,
compared_with,matched provenance identifier,claim:claim_rec_src_search_283a8bed6a9d_011_hospitalizations,claim,claim_comparison:claim_cmp_623,claim_comparison,
compared_with,matched provenance identifier,claim:claim_rec_src_search_da86b7826545_001_deaths,claim,claim_comparison:claim_cmp_624,claim_comparison,
compared_with,matched provenance identifier,claim:claim_rec_src_search_283a8bed6a9d_012_hospitalizations,claim,claim_comparison:claim_cmp_624,claim_comparison,
compared_with,matched provenance identifier,claim:claim_rec_src_search_da86b7826545_001_deaths,claim,claim_comparison:claim_cmp_625,claim_comparison,
compared_with,matched provenance identifier,claim:claim_rec_src_search_283a8bed6a9d_013_hospitalizations,claim,claim_comparison:claim_cmp_625,claim_comparison,
compared_with,matched provenance identifier,claim:claim_rec_src_search_da86b7826545_001_deaths,claim,claim_comparison:claim_cmp_626,claim_comparison,
compared_with,matched provenance identifier,claim:claim_rec_src_search_283a8bed6a9d_014_hospitalizations,claim,claim_comparison:claim_cmp_626,claim_comparison,
compared_with,matched provenance identifier,claim:claim_rec_src_search_da86b7826545_001_deaths,claim,claim_comparison:claim_cmp_627,claim_comparison,
compared_with,matched provenance identifier,claim:claim_rec_src_search_283a8bed6a9d_015_cases_unspecified,claim,claim_comparison:claim_cmp_627,claim_comparison,
compared_with,matched provenance identifier,claim:claim_rec_src_search_da86b7826545_001_deaths,claim,claim_comparison:claim_cmp_628,claim_comparison,
compared_with,matched provenance identifier,claim:claim_rec_src_search_283a8bed6a9d_016_deaths,claim,claim_comparison:claim_cmp_628,claim_comparison,
compared_with,matched provenance identifier,claim:claim_rec_src_search_da86b7826545_001_deaths,claim,claim_comparison:claim_cmp_629,claim_comparison,
compared_with,matched provenance identifier,claim:claim_rec_src_search_283a8bed6a9d_017_deaths,claim,claim_comparison:claim_cmp_629,claim_comparison,
compared_with,matched provenance identifier,claim:claim_rec_src_search_da86b7826545_001_deaths,claim,claim_comparison:claim_cmp_630,claim_comparison,
compared_with,matched provenance identifier,claim:claim_rec_src_search_7cb311dd75e6_001_cases_confirmed,claim,claim_comparison:claim_cmp_630,claim_comparison,
compared_with,matched provenance identifier,claim:claim_rec_src_search_da86b7826545_001_hospitalizations,claim,claim_comparison:claim_cmp_631,claim_comparison,
compared_with,matched provenance identifier,claim:claim_rec_src_search_da86b7826545_002_cases_unspecified,claim,claim_comparison:claim_cmp_631,claim_comparison,
compared_with,matched provenance identifier,claim:claim_rec_src_search_da86b7826545_001_hospitalizations,claim,claim_comparison:claim_cmp_632,claim_comparison,
compared_with,matched provenance identifier,claim:claim_rec_src_search_da86b7826545_003_cases_unspecified,claim,claim_comparison:claim_cmp_632,claim_comparison,
compared_with,matched provenance identifier,claim:claim_rec_src_search_da86b7826545_001_hospitalizations,claim,claim_comparison:claim_cmp_633,claim_comparison,
compared_with,matched provenance identifier,claim:claim_rec_src_search_da86b7826545_004_cases_unspecified,claim,claim_comparison:claim_cmp_633,claim_comparison,
compared_with,matched provenance identifier,claim:claim_rec_src_search_da86b7826545_001_hospitalizations,claim,claim_comparison:claim_cmp_634,claim_comparison,
compared_with,matched provenance identifier,claim:claim_rec_src_search_da86b7826545_005_cases_unspecified,claim,claim_comparison:claim_cmp_634,claim_comparison,
compared_with,matched provenance identifier,claim:claim_rec_src_search_da86b7826545_001_hospitalizations,claim,claim_comparison:claim_cmp_635,claim_comparison,
compared_with,matched provenance identifier,claim:claim_rec_src_search_8242cbb785a1_001_cases_confirmed,claim,claim_comparison:claim_cmp_635,claim_comparison,
compared_with,matched provenance identifier,claim:claim_rec_src_search_da86b7826545_001_hospitalizations,claim,claim_comparison:claim_cmp_636,claim_comparison,
compared_with,matched provenance identifier,claim:claim_rec_src_search_8242cbb785a1_002_cases_confirmed,claim,claim_comparison:claim_cmp_636,claim_comparison,
compared_with,matched provenance identifier,claim:claim_rec_src_search_da86b7826545_001_hospitalizations,claim,claim_comparison:claim_cmp_637,claim_comparison,
compared_with,matched provenance identifier,claim:claim_rec_src_search_8242cbb785a1_002_deaths,claim,claim_comparison:claim_cmp_637,claim_comparison,
compared_with,matched provenance identifier,claim:claim_rec_src_search_da86b7826545_001_hospitalizations,claim,claim_comparison:claim_cmp_638,claim_comparison,
compared_with,matched provenance identifier,claim:claim_rec_src_search_8242cbb785a1_003_cases_confirmed,claim,claim_comparison:claim_cmp_638,claim_comparison,
compared_with,matched provenance identifier,claim:claim_rec_src_search_da86b7826545_001_hospitalizations,claim,claim_comparison:claim_cmp_639,claim_comparison,
compared_with,matched provenance identifier,claim:claim_rec_src_search_8242cbb785a1_003_deaths,claim,claim_comparison:claim_cmp_639,claim_comparison,
compared_with,matched provenance identifier,claim:claim_rec_src_search_da86b7826545_001_hospitalizations,claim,claim_comparison:claim_cmp_640,claim_comparison,
compared_with,matched provenance identifier,claim:claim_rec_src_search_8242cbb785a1_004_cases_confirmed,claim,claim_comparison:claim_cmp_640,claim_comparison,
compared_with,matched provenance identifier,claim:claim_rec_src_search_da86b7826545_001_hospitalizations,claim,claim_comparison:claim_cmp_641,claim_comparison,
compared_with,matched provenance identifier,claim:claim_rec_src_search_8242cbb785a1_004_deaths,claim,claim_comparison:claim_cmp_641,claim_comparison,
compared_with,matched provenance identifier,claim:claim_rec_src_search_da86b7826545_001_hospitalizations,claim,claim_comparison:claim_cmp_642,claim_comparison,
compared_with,matched provenance identifier,claim:claim_rec_src_search_6e578fc529e9_001_cases_confirmed,claim,claim_comparison:claim_cmp_642,claim_comparison,
compared_with,matched provenance identifier,claim:claim_rec_src_search_da86b7826545_001_hospitalizations,claim,claim_comparison:claim_cmp_643,claim_comparison,
compared_with,matched provenance identifier,claim:claim_rec_src_search_6e578fc529e9_001_deaths,claim,claim_comparison:claim_cmp_643,claim_comparison,
compared_with,matched provenance identifier,claim:claim_rec_src_search_da86b7826545_001_hospitalizations,claim,claim_comparison:claim_cmp_644,claim_comparison,
compared_with,matched provenance identifier,claim:claim_rec_src_search_cd5fb2750261_001_cases_confirmed,claim,claim_comparison:claim_cmp_644,claim_comparison,
compared_with,matched provenance identifier,claim:claim_rec_src_search_da86b7826545_001_hospitalizations,claim,claim_comparison:claim_cmp_645,claim_comparison,
compared_with,matched provenance identifier,claim:claim_rec_src_search_cd5fb2750261_002_cases_confirmed,claim,claim_comparison:claim_cmp_645,claim_comparison,
compared_with,matched provenance identifier,claim:claim_rec_src_search_da86b7826545_001_hospitalizations,claim,claim_comparison:claim_cmp_646,claim_comparison,
compared_with,matched provenance identifier,claim:claim_rec_src_search_d1d6036be2f6_001_cases_unspecified,claim,claim_comparison:claim_cmp_646,claim_comparison,
compared_with,matched provenance identifier,claim:claim_rec_src_search_da86b7826545_001_hospitalizations,claim,claim_comparison:claim_cmp_647,claim_comparison,
compared_with,matched provenance identifier,claim:claim_rec_src_search_d1d6036be2f6_002_cases_unspecified,claim,claim_comparison:claim_cmp_647,claim_comparison,
compared_with,matched provenance identifier,claim:claim_rec_src_search_da86b7826545_001_hospitalizations,claim,claim_comparison:claim_cmp_648,claim_comparison,
compared_with,matched provenance identifier,claim:claim_rec_src_search_d1d6036be2f6_003_observation,claim,claim_comparison:claim_cmp_648,claim_comparison,
compared_with,matched provenance identifier,claim:claim_rec_src_search_da86b7826545_001_hospitalizations,claim,claim_comparison:claim_cmp_649,claim_comparison,
compared_with,matched provenance identifier,claim:claim_rec_src_search_d1d6036be2f6_004_cases_confirmed,claim,claim_comparison:claim_cmp_649,claim_comparison,
compared_with,matched provenance identifier,claim:claim_rec_src_search_da86b7826545_001_hospitalizations,claim,claim_comparison:claim_cmp_650,claim_comparison,
compared_with,matched provenance identifier,claim:claim_rec_src_search_d1d6036be2f6_004_deaths,claim,claim_comparison:claim_cmp_650,claim_comparison,
compared_with,matched provenance identifier,claim:claim_rec_src_search_da86b7826545_001_hospitalizations,claim,claim_comparison:claim_cmp_651,claim_comparison,
compared_with,matched provenance identifier,claim:claim_rec_src_search_d1d6036be2f6_005_observation,claim,claim_comparison:claim_cmp_651,claim_comparison,
compared_with,matched provenance identifier,claim:claim_rec_src_search_da86b7826545_001_hospitalizations,claim,claim_comparison:claim_cmp_652,claim_comparison,
compared_with,matched provenance identifier,claim:claim_rec_src_search_d1d6036be2f6_006_cases_unspecified,claim,claim_comparison:claim_cmp_652,claim_comparison,
compared_with,matched provenance identifier,claim:claim_rec_src_search_da86b7826545_001_hospitalizations,claim,claim_comparison:claim_cmp_653,claim_comparison,
compared_with,matched provenance identifier,claim:claim_rec_src_search_d1d6036be2f6_007_cases_unspecified,claim,claim_comparison:claim_cmp_653,claim_comparison,
compared_with,matched provenance identifier,claim:claim_rec_src_search_da86b7826545_001_hospitalizations,claim,claim_comparison:claim_cmp_654,claim_comparison,
compared_with,matched provenance identifier,claim:claim_rec_src_search_3109afb35d90_001_cases_confirmed,claim,claim_comparison:claim_cmp_654,claim_comparison,
compared_with,matched provenance identifier,claim:claim_rec_src_search_da86b7826545_001_hospitalizations,claim,claim_comparison:claim_cmp_655,claim_comparison,
compared_with,matched provenance identifier,claim:claim_rec_src_search_3109afb35d90_002_cases_unspecified,claim,claim_comparison:claim_cmp_655,claim_comparison,
compared_with,matched provenance identifier,claim:claim_rec_src_search_da86b7826545_001_hospitalizations,claim,claim_comparison:claim_cmp_656,claim_comparison,
compared_with,matched provenance identifier,claim:claim_rec_src_search_3109afb35d90_003_cases_unspecified,claim,claim_comparison:claim_cmp_656,claim_comparison,
compared_with,matched provenance identifier,claim:claim_rec_src_search_da86b7826545_001_hospitalizations,claim,claim_comparison:claim_cmp_657,claim_comparison,
compared_with,matched provenance identifier,claim:claim_rec_src_search_3109afb35d90_004_cases_unspecified,claim,claim_comparison:claim_cmp_657,claim_comparison,
compared_with,matched provenance identifier,claim:claim_rec_src_search_da86b7826545_001_hospitalizations,claim,claim_comparison:claim_cmp_658,claim_comparison,
compared_with,matched provenance identifier,claim:claim_rec_src_search_283a8bed6a9d_001_cases_confirmed,claim,claim_comparison:claim_cmp_658,claim_comparison,
compared_with,matched provenance identifier,claim:claim_rec_src_search_da86b7826545_001_hospitalizations,claim,claim_comparison:claim_cmp_659,claim_comparison,
compared_with,matched provenance identifier,claim:claim_rec_src_search_283a8bed6a9d_002_cases_confirmed,claim,claim_comparison:claim_cmp_659,claim_comparison,
compared_with,matched provenance identifier,claim:claim_rec_src_search_da86b7826545_001_hospitalizations,claim,claim_comparison:claim_cmp_660,claim_comparison,
compared_with,matched provenance identifier,claim:claim_rec_src_search_283a8bed6a9d_003_observation,claim,claim_comparison:claim_cmp_660,claim_comparison,
compared_with,matched provenance identifier,claim:claim_rec_src_search_da86b7826545_001_hospitalizations,claim,claim_comparison:claim_cmp_661,claim_comparison,
compared_with,matched provenance identifier,claim:claim_rec_src_search_283a8bed6a9d_004_observation,claim,claim_comparison:claim_cmp_661,claim_comparison,
compared_with,matched provenance identifier,claim:claim_rec_src_search_da86b7826545_001_hospitalizations,claim,claim_comparison:claim_cmp_662,claim_comparison,
compared_with,matched provenance identifier,claim:claim_rec_src_search_283a8bed6a9d_005_cases_unspecified,claim,claim_comparison:claim_cmp_662,claim_comparison,
compared_with,matched provenance identifier,claim:claim_rec_src_search_da86b7826545_001_hospitalizations,claim,claim_comparison:claim_cmp_663,claim_comparison,
compared_with,matched provenance identifier,claim:claim_rec_src_search_283a8bed6a9d_006_observation,claim,claim_comparison:claim_cmp_663,claim_comparison,
compared_with,matched provenance identifier,claim:claim_rec_src_search_da86b7826545_001_hospitalizations,claim,claim_comparison:claim_cmp_664,claim_comparison,
compared_with,matched provenance identifier,claim:claim_rec_src_search_283a8bed6a9d_007_cases_unspecified,claim,claim_comparison:claim_cmp_664,claim_comparison,
compared_with,matched provenance identifier,claim:claim_rec_src_search_da86b7826545_001_hospitalizations,claim,claim_comparison:claim_cmp_665,claim_comparison,
compared_with,matched provenance identifier,claim:claim_rec_src_search_283a8bed6a9d_008_observation,claim,claim_comparison:claim_cmp_665,claim_comparison,
compared_with,matched provenance identifier,claim:claim_rec_src_search_da86b7826545_001_hospitalizations,claim,claim_comparison:claim_cmp_666,claim_comparison,
compared_with,matched provenance identifier,claim:claim_rec_src_search_283a8bed6a9d_009_cases_unspecified,claim,claim_comparison:claim_cmp_666,claim_comparison,
compared_with,matched provenance identifier,claim:claim_rec_src_search_da86b7826545_001_hospitalizations,claim,claim_comparison:claim_cmp_667,claim_comparison,
compared_with,matched provenance identifier,claim:claim_rec_src_search_283a8bed6a9d_010_cases_unspecified,claim,claim_comparison:claim_cmp_667,claim_comparison,
compared_with,matched provenance identifier,claim:claim_rec_src_search_da86b7826545_001_hospitalizations,claim,claim_comparison:claim_cmp_668,claim_comparison,
compared_with,matched provenance identifier,claim:claim_rec_src_search_283a8bed6a9d_011_cases_unspecified,claim,claim_comparison:claim_cmp_668,claim_comparison,
compared_with,matched provenance identifier,claim:claim_rec_src_search_da86b7826545_001_hospitalizations,claim,claim_comparison:claim_cmp_669,claim_comparison,
compared_with,matched provenance identifier,claim:claim_rec_src_search_283a8bed6a9d_011_hospitalizations,claim,claim_comparison:claim_cmp_669,claim_comparison,
compared_with,matched provenance identifier,claim:claim_rec_src_search_da86b7826545_001_hospitalizations,claim,claim_comparison:claim_cmp_670,claim_comparison,
compared_with,matched provenance identifier,claim:claim_rec_src_search_283a8bed6a9d_012_hospitalizations,claim,claim_comparison:claim_cmp_670,claim_comparison,
compared_with,matched provenance identifier,claim:claim_rec_src_search_da86b7826545_001_hospitalizations,claim,claim_comparison:claim_cmp_671,claim_comparison,
compared_with,matched provenance identifier,claim:claim_rec_src_search_283a8bed6a9d_013_hospitalizations,claim,claim_comparison:claim_cmp_671,claim_comparison,
compared_with,matched provenance identifier,claim:claim_rec_src_search_da86b7826545_001_hospitalizations,claim,claim_comparison:claim_cmp_672,claim_comparison,
compared_with,matched provenance identifier,claim:claim_rec_src_search_283a8bed6a9d_014_hospitalizations,claim,claim_comparison:claim_cmp_672,claim_comparison,
compared_with,matched provenance identifier,claim:claim_rec_src_search_da86b7826545_001_hospitalizations,claim,claim_comparison:claim_cmp_673,claim_comparison,
compared_with,matched provenance identifier,claim:claim_rec_src_search_283a8bed6a9d_015_cases_unspecified,claim,claim_comparison:claim_cmp_673,claim_comparison,
compared_with,matched provenance identifier,claim:claim_rec_src_search_da86b7826545_001_hospitalizations,claim,claim_comparison:claim_cmp_674,claim_comparison,
compared_with,matched provenance identifier,claim:claim_rec_src_search_283a8bed6a9d_016_deaths,claim,claim_comparison:claim_cmp_674,claim_comparison,
compared_with,matched provenance identifier,claim:claim_rec_src_search_da86b7826545_001_hospitalizations,claim,claim_comparison:claim_cmp_675,claim_comparison,
compared_with,matched provenance identifier,claim:claim_rec_src_search_283a8bed6a9d_017_deaths,claim,claim_comparison:claim_cmp_675,claim_comparison,
compared_with,matched provenance identifier,claim:claim_rec_src_search_da86b7826545_001_hospitalizations,claim,claim_comparison:claim_cmp_676,claim_comparison,
compared_with,matched provenance identifier,claim:claim_rec_src_search_7cb311dd75e6_001_cases_confirmed,claim,claim_comparison:claim_cmp_676,claim_comparison,
compared_with,matched provenance identifier,claim:claim_rec_src_search_da86b7826545_002_cases_unspecified,claim,claim_comparison:claim_cmp_677,claim_comparison,
compared_with,matched provenance identifier,claim:claim_rec_src_search_da86b7826545_003_cases_unspecified,claim,claim_comparison:claim_cmp_677,claim_comparison,
compared_with,matched provenance identifier,claim:claim_rec_src_search_da86b7826545_002_cases_unspecified,claim,claim_comparison:claim_cmp_678,claim_comparison,
compared_with,matched provenance identifier,claim:claim_rec_src_search_da86b7826545_004_cases_unspecified,claim,claim_comparison:claim_cmp_678,claim_comparison,
compared_with,matched provenance identifier,claim:claim_rec_src_search_da86b7826545_002_cases_unspecified,claim,claim_comparison:claim_cmp_679,claim_comparison,
compared_with,matched provenance identifier,claim:claim_rec_src_search_da86b7826545_005_cases_unspecified,claim,claim_comparison:claim_cmp_679,claim_comparison,
compared_with,matched provenance identifier,claim:claim_rec_src_search_da86b7826545_002_cases_unspecified,claim,claim_comparison:claim_cmp_680,claim_comparison,
compared_with,matched provenance identifier,claim:claim_rec_src_search_8242cbb785a1_001_cases_confirmed,claim,claim_comparison:claim_cmp_680,claim_comparison,
compared_with,matched provenance identifier,claim:claim_rec_src_search_da86b7826545_002_cases_unspecified,claim,claim_comparison:claim_cmp_681,claim_comparison,
compared_with,matched provenance identifier,claim:claim_rec_src_search_8242cbb785a1_002_cases_confirmed,claim,claim_comparison:claim_cmp_681,claim_comparison,
compared_with,matched provenance identifier,claim:claim_rec_src_search_da86b7826545_002_cases_unspecified,claim,claim_comparison:claim_cmp_682,claim_comparison,
compared_with,matched provenance identifier,claim:claim_rec_src_search_8242cbb785a1_002_deaths,claim,claim_comparison:claim_cmp_682,claim_comparison,
compared_with,matched provenance identifier,claim:claim_rec_src_search_da86b7826545_002_cases_unspecified,claim,claim_comparison:claim_cmp_683,claim_comparison,
compared_with,matched provenance identifier,claim:claim_rec_src_search_8242cbb785a1_003_cases_confirmed,claim,claim_comparison:claim_cmp_683,claim_comparison,
compared_with,matched provenance identifier,claim:claim_rec_src_search_da86b7826545_002_cases_unspecified,claim,claim_comparison:claim_cmp_684,claim_comparison,
compared_with,matched provenance identifier,claim:claim_rec_src_search_8242cbb785a1_003_deaths,claim,claim_comparison:claim_cmp_684,claim_comparison,
compared_with,matched provenance identifier,claim:claim_rec_src_search_da86b7826545_002_cases_unspecified,claim,claim_comparison:claim_cmp_685,claim_comparison,
compared_with,matched provenance identifier,claim:claim_rec_src_search_8242cbb785a1_004_cases_confirmed,claim,claim_comparison:claim_cmp_685,claim_comparison,
compared_with,matched provenance identifier,claim:claim_rec_src_search_da86b7826545_002_cases_unspecified,claim,claim_comparison:claim_cmp_686,claim_comparison,
compared_with,matched provenance identifier,claim:claim_rec_src_search_8242cbb785a1_004_deaths,claim,claim_comparison:claim_cmp_686,claim_comparison,
compared_with,matched provenance identifier,claim:claim_rec_src_search_da86b7826545_002_cases_unspecified,claim,claim_comparison:claim_cmp_687,claim_comparison,
compared_with,matched provenance identifier,claim:claim_rec_src_search_6e578fc529e9_001_cases_confirmed,claim,claim_comparison:claim_cmp_687,claim_comparison,
compared_with,matched provenance identifier,claim:claim_rec_src_search_da86b7826545_002_cases_unspecified,claim,claim_comparison:claim_cmp_688,claim_comparison,
compared_with,matched provenance identifier,claim:claim_rec_src_search_6e578fc529e9_001_deaths,claim,claim_comparison:claim_cmp_688,claim_comparison,
compared_with,matched provenance identifier,claim:claim_rec_src_search_da86b7826545_002_cases_unspecified,claim,claim_comparison:claim_cmp_689,claim_comparison,
compared_with,matched provenance identifier,claim:claim_rec_src_search_cd5fb2750261_001_cases_confirmed,claim,claim_comparison:claim_cmp_689,claim_comparison,
compared_with,matched provenance identifier,claim:claim_rec_src_search_da86b7826545_002_cases_unspecified,claim,claim_comparison:claim_cmp_690,claim_comparison,
compared_with,matched provenance identifier,claim:claim_rec_src_search_cd5fb2750261_002_cases_confirmed,claim,claim_comparison:claim_cmp_690,claim_comparison,
compared_with,matched provenance identifier,claim:claim_rec_src_search_da86b7826545_002_cases_unspecified,claim,claim_comparison:claim_cmp_691,claim_comparison,
compared_with,matched provenance identifier,claim:claim_rec_src_search_d1d6036be2f6_001_cases_unspecified,claim,claim_comparison:claim_cmp_691,claim_comparison,
compared_with,matched provenance identifier,claim:claim_rec_src_search_da86b7826545_002_cases_unspecified,claim,claim_comparison:claim_cmp_692,claim_comparison,
compared_with,matched provenance identifier,claim:claim_rec_src_search_d1d6036be2f6_002_cases_unspecified,claim,claim_comparison:claim_cmp_692,claim_comparison,
compared_with,matched provenance identifier,claim:claim_rec_src_search_da86b7826545_002_cases_unspecified,claim,claim_comparison:claim_cmp_693,claim_comparison,
compared_with,matched provenance identifier,claim:claim_rec_src_search_d1d6036be2f6_003_observation,claim,claim_comparison:claim_cmp_693,claim_comparison,
compared_with,matched provenance identifier,claim:claim_rec_src_search_da86b7826545_002_cases_unspecified,claim,claim_comparison:claim_cmp_694,claim_comparison,
compared_with,matched provenance identifier,claim:claim_rec_src_search_d1d6036be2f6_004_cases_confirmed,claim,claim_comparison:claim_cmp_694,claim_comparison,
compared_with,matched provenance identifier,claim:claim_rec_src_search_da86b7826545_002_cases_unspecified,claim,claim_comparison:claim_cmp_695,claim_comparison,
compared_with,matched provenance identifier,claim:claim_rec_src_search_d1d6036be2f6_004_deaths,claim,claim_comparison:claim_cmp_695,claim_comparison,
compared_with,matched provenance identifier,claim:claim_rec_src_search_da86b7826545_002_cases_unspecified,claim,claim_comparison:claim_cmp_696,claim_comparison,
compared_with,matched provenance identifier,claim:claim_rec_src_search_d1d6036be2f6_005_observation,claim,claim_comparison:claim_cmp_696,claim_comparison,
compared_with,matched provenance identifier,claim:claim_rec_src_search_da86b7826545_002_cases_unspecified,claim,claim_comparison:claim_cmp_697,claim_comparison,
compared_with,matched provenance identifier,claim:claim_rec_src_search_d1d6036be2f6_006_cases_unspecified,claim,claim_comparison:claim_cmp_697,claim_comparison,
compared_with,matched provenance identifier,claim:claim_rec_src_search_da86b7826545_002_cases_unspecified,claim,claim_comparison:claim_cmp_698,claim_comparison,
compared_with,matched provenance identifier,claim:claim_rec_src_search_d1d6036be2f6_007_cases_unspecified,claim,claim_comparison:claim_cmp_698,claim_comparison,
compared_with,matched provenance identifier,claim:claim_rec_src_search_da86b7826545_002_cases_unspecified,claim,claim_comparison:claim_cmp_699,claim_comparison,
compared_with,matched provenance identifier,claim:claim_rec_src_search_3109afb35d90_001_cases_confirmed,claim,claim_comparison:claim_cmp_699,claim_comparison,
compared_with,matched provenance identifier,claim:claim_rec_src_search_da86b7826545_002_cases_unspecified,claim,claim_comparison:claim_cmp_700,claim_comparison,
compared_with,matched provenance identifier,claim:claim_rec_src_search_3109afb35d90_002_cases_unspecified,claim,claim_comparison:claim_cmp_700,claim_comparison,
compared_with,matched provenance identifier,claim:claim_rec_src_search_da86b7826545_002_cases_unspecified,claim,claim_comparison:claim_cmp_701,claim_comparison,
compared_with,matched provenance identifier,claim:claim_rec_src_search_3109afb35d90_003_cases_unspecified,claim,claim_comparison:claim_cmp_701,claim_comparison,
compared_with,matched provenance identifier,claim:claim_rec_src_search_da86b7826545_002_cases_unspecified,claim,claim_comparison:claim_cmp_702,claim_comparison,
compared_with,matched provenance identifier,claim:claim_rec_src_search_3109afb35d90_004_cases_unspecified,claim,claim_comparison:claim_cmp_702,claim_comparison,
compared_with,matched provenance identifier,claim:claim_rec_src_search_da86b7826545_002_cases_unspecified,claim,claim_comparison:claim_cmp_703,claim_comparison,
compared_with,matched provenance identifier,claim:claim_rec_src_search_283a8bed6a9d_001_cases_confirmed,claim,claim_comparison:claim_cmp_703,claim_comparison,
compared_with,matched provenance identifier,claim:claim_rec_src_search_da86b7826545_002_cases_unspecified,claim,claim_comparison:claim_cmp_704,claim_comparison,
compared_with,matched provenance identifier,claim:claim_rec_src_search_283a8bed6a9d_002_cases_confirmed,claim,claim_comparison:claim_cmp_704,claim_comparison,
compared_with,matched provenance identifier,claim:claim_rec_src_search_da86b7826545_002_cases_unspecified,claim,claim_comparison:claim_cmp_705,claim_comparison,
compared_with,matched provenance identifier,claim:claim_rec_src_search_283a8bed6a9d_003_observation,claim,claim_comparison:claim_cmp_705,claim_comparison,
compared_with,matched provenance identifier,claim:claim_rec_src_search_da86b7826545_002_cases_unspecified,claim,claim_comparison:claim_cmp_706,claim_comparison,
compared_with,matched provenance identifier,claim:claim_rec_src_search_283a8bed6a9d_004_observation,claim,claim_comparison:claim_cmp_706,claim_comparison,
compared_with,matched provenance identifier,claim:claim_rec_src_search_da86b7826545_002_cases_unspecified,claim,claim_comparison:claim_cmp_707,claim_comparison,
compared_with,matched provenance identifier,claim:claim_rec_src_search_283a8bed6a9d_005_cases_unspecified,claim,claim_comparison:claim_cmp_707,claim_comparison,
compared_with,matched provenance identifier,claim:claim_rec_src_search_da86b7826545_002_cases_unspecified,claim,claim_comparison:claim_cmp_708,claim_comparison,
compared_with,matched provenance identifier,claim:claim_rec_src_search_283a8bed6a9d_006_observation,claim,claim_comparison:claim_cmp_708,claim_comparison,
compared_with,matched provenance identifier,claim:claim_rec_src_search_da86b7826545_002_cases_unspecified,claim,claim_comparison:claim_cmp_709,claim_comparison,
compared_with,matched provenance identifier,claim:claim_rec_src_search_283a8bed6a9d_007_cases_unspecified,claim,claim_comparison:claim_cmp_709,claim_comparison,
compared_with,matched provenance identifier,claim:claim_rec_src_search_da86b7826545_002_cases_unspecified,claim,claim_comparison:claim_cmp_710,claim_comparison,
compared_with,matched provenance identifier,claim:claim_rec_src_search_283a8bed6a9d_008_observation,claim,claim_comparison:claim_cmp_710,claim_comparison,
compared_with,matched provenance identifier,claim:claim_rec_src_search_da86b7826545_002_cases_unspecified,claim,claim_comparison:claim_cmp_711,claim_comparison,
compared_with,matched provenance identifier,claim:claim_rec_src_search_283a8bed6a9d_009_cases_unspecified,claim,claim_comparison:claim_cmp_711,claim_comparison,
compared_with,matched provenance identifier,claim:claim_rec_src_search_da86b7826545_002_cases_unspecified,claim,claim_comparison:claim_cmp_712,claim_comparison,
compared_with,matched provenance identifier,claim:claim_rec_src_search_283a8bed6a9d_010_cases_unspecified,claim,claim_comparison:claim_cmp_712,claim_comparison,
compared_with,matched provenance identifier,claim:claim_rec_src_search_da86b7826545_002_cases_unspecified,claim,claim_comparison:claim_cmp_713,claim_comparison,
compared_with,matched provenance identifier,claim:claim_rec_src_search_283a8bed6a9d_011_cases_unspecified,claim,claim_comparison:claim_cmp_713,claim_comparison,
compared_with,matched provenance identifier,claim:claim_rec_src_search_da86b7826545_002_cases_unspecified,claim,claim_comparison:claim_cmp_714,claim_comparison,
compared_with,matched provenance identifier,claim:claim_rec_src_search_283a8bed6a9d_011_hospitalizations,claim,claim_comparison:claim_cmp_714,claim_comparison,
compared_with,matched provenance identifier,claim:claim_rec_src_search_da86b7826545_002_cases_unspecified,claim,claim_comparison:claim_cmp_715,claim_comparison,
compared_with,matched provenance identifier,claim:claim_rec_src_search_283a8bed6a9d_012_hospitalizations,claim,claim_comparison:claim_cmp_715,claim_comparison,
compared_with,matched provenance identifier,claim:claim_rec_src_search_da86b7826545_002_cases_unspecified,claim,claim_comparison:claim_cmp_716,claim_comparison,
compared_with,matched provenance identifier,claim:claim_rec_src_search_283a8bed6a9d_013_hospitalizations,claim,claim_comparison:claim_cmp_716,claim_comparison,
compared_with,matched provenance identifier,claim:claim_rec_src_search_da86b7826545_002_cases_unspecified,claim,claim_comparison:claim_cmp_717,claim_comparison,
compared_with,matched provenance identifier,claim:claim_rec_src_search_283a8bed6a9d_014_hospitalizations,claim,claim_comparison:claim_cmp_717,claim_comparison,
compared_with,matched provenance identifier,claim:claim_rec_src_search_da86b7826545_002_cases_unspecified,claim,claim_comparison:claim_cmp_718,claim_comparison,
compared_with,matched provenance identifier,claim:claim_rec_src_search_283a8bed6a9d_015_cases_unspecified,claim,claim_comparison:claim_cmp_718,claim_comparison,
compared_with,matched provenance identifier,claim:claim_rec_src_search_da86b7826545_002_cases_unspecified,claim,claim_comparison:claim_cmp_719,claim_comparison,
compared_with,matched provenance identifier,claim:claim_rec_src_search_283a8bed6a9d_016_deaths,claim,claim_comparison:claim_cmp_719,claim_comparison,
compared_with,matched provenance identifier,claim:claim_rec_src_search_da86b7826545_002_cases_unspecified,claim,claim_comparison:claim_cmp_720,claim_comparison,
compared_with,matched provenance identifier,claim:claim_rec_src_search_283a8bed6a9d_017_deaths,claim,claim_comparison:claim_cmp_720,claim_comparison,
compared_with,matched provenance identifier,claim:claim_rec_src_search_da86b7826545_002_cases_unspecified,claim,claim_comparison:claim_cmp_721,claim_comparison,
compared_with,matched provenance identifier,claim:claim_rec_src_search_7cb311dd75e6_001_cases_confirmed,claim,claim_comparison:claim_cmp_721,claim_comparison,
compared_with,matched provenance identifier,claim:claim_rec_src_search_da86b7826545_003_cases_unspecified,claim,claim_comparison:claim_cmp_722,claim_comparison,
compared_with,matched provenance identifier,claim:claim_rec_src_search_da86b7826545_004_cases_unspecified,claim,claim_comparison:claim_cmp_722,claim_comparison,
compared_with,matched provenance identifier,claim:claim_rec_src_search_da86b7826545_003_cases_unspecified,claim,claim_comparison:claim_cmp_723,claim_comparison,
compared_with,matched provenance identifier,claim:claim_rec_src_search_da86b7826545_005_cases_unspecified,claim,claim_comparison:claim_cmp_723,claim_comparison,
compared_with,matched provenance identifier,claim:claim_rec_src_search_da86b7826545_003_cases_unspecified,claim,claim_comparison:claim_cmp_724,claim_comparison,
compared_with,matched provenance identifier,claim:claim_rec_src_search_8242cbb785a1_001_cases_confirmed,claim,claim_comparison:claim_cmp_724,claim_comparison,
compared_with,matched provenance identifier,claim:claim_rec_src_search_da86b7826545_003_cases_unspecified,claim,claim_comparison:claim_cmp_725,claim_comparison,
compared_with,matched provenance identifier,claim:claim_rec_src_search_8242cbb785a1_002_cases_confirmed,claim,claim_comparison:claim_cmp_725,claim_comparison,
compared_with,matched provenance identifier,claim:claim_rec_src_search_da86b7826545_003_cases_unspecified,claim,claim_comparison:claim_cmp_726,claim_comparison,
compared_with,matched provenance identifier,claim:claim_rec_src_search_8242cbb785a1_002_deaths,claim,claim_comparison:claim_cmp_726,claim_comparison,
compared_with,matched provenance identifier,claim:claim_rec_src_search_da86b7826545_003_cases_unspecified,claim,claim_comparison:claim_cmp_727,claim_comparison,
compared_with,matched provenance identifier,claim:claim_rec_src_search_8242cbb785a1_003_cases_confirmed,claim,claim_comparison:claim_cmp_727,claim_comparison,
compared_with,matched provenance identifier,claim:claim_rec_src_search_da86b7826545_003_cases_unspecified,claim,claim_comparison:claim_cmp_728,claim_comparison,
compared_with,matched provenance identifier,claim:claim_rec_src_search_8242cbb785a1_003_deaths,claim,claim_comparison:claim_cmp_728,claim_comparison,
compared_with,matched provenance identifier,claim:claim_rec_src_search_da86b7826545_003_cases_unspecified,claim,claim_comparison:claim_cmp_729,claim_comparison,
compared_with,matched provenance identifier,claim:claim_rec_src_search_8242cbb785a1_004_cases_confirmed,claim,claim_comparison:claim_cmp_729,claim_comparison,
compared_with,matched provenance identifier,claim:claim_rec_src_search_da86b7826545_003_cases_unspecified,claim,claim_comparison:claim_cmp_730,claim_comparison,
compared_with,matched provenance identifier,claim:claim_rec_src_search_8242cbb785a1_004_deaths,claim,claim_comparison:claim_cmp_730,claim_comparison,
compared_with,matched provenance identifier,claim:claim_rec_src_search_da86b7826545_003_cases_unspecified,claim,claim_comparison:claim_cmp_731,claim_comparison,
compared_with,matched provenance identifier,claim:claim_rec_src_search_6e578fc529e9_001_cases_confirmed,claim,claim_comparison:claim_cmp_731,claim_comparison,
compared_with,matched provenance identifier,claim:claim_rec_src_search_da86b7826545_003_cases_unspecified,claim,claim_comparison:claim_cmp_732,claim_comparison,
compared_with,matched provenance identifier,claim:claim_rec_src_search_6e578fc529e9_001_deaths,claim,claim_comparison:claim_cmp_732,claim_comparison,
compared_with,matched provenance identifier,claim:claim_rec_src_search_da86b7826545_003_cases_unspecified,claim,claim_comparison:claim_cmp_733,claim_comparison,
compared_with,matched provenance identifier,claim:claim_rec_src_search_cd5fb2750261_001_cases_confirmed,claim,claim_comparison:claim_cmp_733,claim_comparison,
compared_with,matched provenance identifier,claim:claim_rec_src_search_da86b7826545_003_cases_unspecified,claim,claim_comparison:claim_cmp_734,claim_comparison,
compared_with,matched provenance identifier,claim:claim_rec_src_search_cd5fb2750261_002_cases_confirmed,claim,claim_comparison:claim_cmp_734,claim_comparison,
compared_with,matched provenance identifier,claim:claim_rec_src_search_da86b7826545_003_cases_unspecified,claim,claim_comparison:claim_cmp_735,claim_comparison,
compared_with,matched provenance identifier,claim:claim_rec_src_search_d1d6036be2f6_001_cases_unspecified,claim,claim_comparison:claim_cmp_735,claim_comparison,
compared_with,matched provenance identifier,claim:claim_rec_src_search_da86b7826545_003_cases_unspecified,claim,claim_comparison:claim_cmp_736,claim_comparison,
compared_with,matched provenance identifier,claim:claim_rec_src_search_d1d6036be2f6_002_cases_unspecified,claim,claim_comparison:claim_cmp_736,claim_comparison,
compared_with,matched provenance identifier,claim:claim_rec_src_search_da86b7826545_003_cases_unspecified,claim,claim_comparison:claim_cmp_737,claim_comparison,
compared_with,matched provenance identifier,claim:claim_rec_src_search_d1d6036be2f6_003_observation,claim,claim_comparison:claim_cmp_737,claim_comparison,
compared_with,matched provenance identifier,claim:claim_rec_src_search_da86b7826545_003_cases_unspecified,claim,claim_comparison:claim_cmp_738,claim_comparison,
compared_with,matched provenance identifier,claim:claim_rec_src_search_d1d6036be2f6_004_cases_confirmed,claim,claim_comparison:claim_cmp_738,claim_comparison,
compared_with,matched provenance identifier,claim:claim_rec_src_search_da86b7826545_003_cases_unspecified,claim,claim_comparison:claim_cmp_739,claim_comparison,
compared_with,matched provenance identifier,claim:claim_rec_src_search_d1d6036be2f6_004_deaths,claim,claim_comparison:claim_cmp_739,claim_comparison,
compared_with,matched provenance identifier,claim:claim_rec_src_search_da86b7826545_003_cases_unspecified,claim,claim_comparison:claim_cmp_740,claim_comparison,
compared_with,matched provenance identifier,claim:claim_rec_src_search_d1d6036be2f6_005_observation,claim,claim_comparison:claim_cmp_740,claim_comparison,
compared_with,matched provenance identifier,claim:claim_rec_src_search_da86b7826545_003_cases_unspecified,claim,claim_comparison:claim_cmp_741,claim_comparison,
compared_with,matched provenance identifier,claim:claim_rec_src_search_d1d6036be2f6_006_cases_unspecified,claim,claim_comparison:claim_cmp_741,claim_comparison,
compared_with,matched provenance identifier,claim:claim_rec_src_search_da86b7826545_003_cases_unspecified,claim,claim_comparison:claim_cmp_742,claim_comparison,
compared_with,matched provenance identifier,claim:claim_rec_src_search_d1d6036be2f6_007_cases_unspecified,claim,claim_comparison:claim_cmp_742,claim_comparison,
compared_with,matched provenance identifier,claim:claim_rec_src_search_da86b7826545_003_cases_unspecified,claim,claim_comparison:claim_cmp_743,claim_comparison,
compared_with,matched provenance identifier,claim:claim_rec_src_search_3109afb35d90_001_cases_confirmed,claim,claim_comparison:claim_cmp_743,claim_comparison,
compared_with,matched provenance identifier,claim:claim_rec_src_search_da86b7826545_003_cases_unspecified,claim,claim_comparison:claim_cmp_744,claim_comparison,
compared_with,matched provenance identifier,claim:claim_rec_src_search_3109afb35d90_002_cases_unspecified,claim,claim_comparison:claim_cmp_744,claim_comparison,
compared_with,matched provenance identifier,claim:claim_rec_src_search_da86b7826545_003_cases_unspecified,claim,claim_comparison:claim_cmp_745,claim_comparison,
compared_with,matched provenance identifier,claim:claim_rec_src_search_3109afb35d90_003_cases_unspecified,claim,claim_comparison:claim_cmp_745,claim_comparison,
compared_with,matched provenance identifier,claim:claim_rec_src_search_da86b7826545_003_cases_unspecified,claim,claim_comparison:claim_cmp_746,claim_comparison,
compared_with,matched provenance identifier,claim:claim_rec_src_search_3109afb35d90_004_cases_unspecified,claim,claim_comparison:claim_cmp_746,claim_comparison,
compared_with,matched provenance identifier,claim:claim_rec_src_search_da86b7826545_003_cases_unspecified,claim,claim_comparison:claim_cmp_747,claim_comparison,
compared_with,matched provenance identifier,claim:claim_rec_src_search_283a8bed6a9d_001_cases_confirmed,claim,claim_comparison:claim_cmp_747,claim_comparison,
compared_with,matched provenance identifier,claim:claim_rec_src_search_da86b7826545_003_cases_unspecified,claim,claim_comparison:claim_cmp_748,claim_comparison,
compared_with,matched provenance identifier,claim:claim_rec_src_search_283a8bed6a9d_002_cases_confirmed,claim,claim_comparison:claim_cmp_748,claim_comparison,
compared_with,matched provenance identifier,claim:claim_rec_src_search_da86b7826545_003_cases_unspecified,claim,claim_comparison:claim_cmp_749,claim_comparison,
compared_with,matched provenance identifier,claim:claim_rec_src_search_283a8bed6a9d_003_observation,claim,claim_comparison:claim_cmp_749,claim_comparison,
compared_with,matched provenance identifier,claim:claim_rec_src_search_da86b7826545_003_cases_unspecified,claim,claim_comparison:claim_cmp_750,claim_comparison,
compared_with,matched provenance identifier,claim:claim_rec_src_search_283a8bed6a9d_004_observation,claim,claim_comparison:claim_cmp_750,claim_comparison,
compared_with,matched provenance identifier,claim:claim_rec_src_search_da86b7826545_003_cases_unspecified,claim,claim_comparison:claim_cmp_751,claim_comparison,
compared_with,matched provenance identifier,claim:claim_rec_src_search_283a8bed6a9d_005_cases_unspecified,claim,claim_comparison:claim_cmp_751,claim_comparison,
compared_with,matched provenance identifier,claim:claim_rec_src_search_da86b7826545_003_cases_unspecified,claim,claim_comparison:claim_cmp_752,claim_comparison,
compared_with,matched provenance identifier,claim:claim_rec_src_search_283a8bed6a9d_006_observation,claim,claim_comparison:claim_cmp_752,claim_comparison,
compared_with,matched provenance identifier,claim:claim_rec_src_search_da86b7826545_003_cases_unspecified,claim,claim_comparison:claim_cmp_753,claim_comparison,
compared_with,matched provenance identifier,claim:claim_rec_src_search_283a8bed6a9d_007_cases_unspecified,claim,claim_comparison:claim_cmp_753,claim_comparison,
compared_with,matched provenance identifier,claim:claim_rec_src_search_da86b7826545_003_cases_unspecified,claim,claim_comparison:claim_cmp_754,claim_comparison,
compared_with,matched provenance identifier,claim:claim_rec_src_search_283a8bed6a9d_008_observation,claim,claim_comparison:claim_cmp_754,claim_comparison,
compared_with,matched provenance identifier,claim:claim_rec_src_search_da86b7826545_003_cases_unspecified,claim,claim_comparison:claim_cmp_755,claim_comparison,
compared_with,matched provenance identifier,claim:claim_rec_src_search_283a8bed6a9d_009_cases_unspecified,claim,claim_comparison:claim_cmp_755,claim_comparison,
compared_with,matched provenance identifier,claim:claim_rec_src_search_da86b7826545_003_cases_unspecified,claim,claim_comparison:claim_cmp_756,claim_comparison,
compared_with,matched provenance identifier,claim:claim_rec_src_search_283a8bed6a9d_010_cases_unspecified,claim,claim_comparison:claim_cmp_756,claim_comparison,
compared_with,matched provenance identifier,claim:claim_rec_src_search_da86b7826545_003_cases_unspecified,claim,claim_comparison:claim_cmp_757,claim_comparison,
compared_with,matched provenance identifier,claim:claim_rec_src_search_283a8bed6a9d_011_cases_unspecified,claim,claim_comparison:claim_cmp_757,claim_comparison,
compared_with,matched provenance identifier,claim:claim_rec_src_search_da86b7826545_003_cases_unspecified,claim,claim_comparison:claim_cmp_758,claim_comparison,
compared_with,matched provenance identifier,claim:claim_rec_src_search_283a8bed6a9d_011_hospitalizations,claim,claim_comparison:claim_cmp_758,claim_comparison,
compared_with,matched provenance identifier,claim:claim_rec_src_search_da86b7826545_003_cases_unspecified,claim,claim_comparison:claim_cmp_759,claim_comparison,
compared_with,matched provenance identifier,claim:claim_rec_src_search_283a8bed6a9d_012_hospitalizations,claim,claim_comparison:claim_cmp_759,claim_comparison,
compared_with,matched provenance identifier,claim:claim_rec_src_search_da86b7826545_003_cases_unspecified,claim,claim_comparison:claim_cmp_760,claim_comparison,
compared_with,matched provenance identifier,claim:claim_rec_src_search_283a8bed6a9d_013_hospitalizations,claim,claim_comparison:claim_cmp_760,claim_comparison,
compared_with,matched provenance identifier,claim:claim_rec_src_search_da86b7826545_003_cases_unspecified,claim,claim_comparison:claim_cmp_761,claim_comparison,
compared_with,matched provenance identifier,claim:claim_rec_src_search_283a8bed6a9d_014_hospitalizations,claim,claim_comparison:claim_cmp_761,claim_comparison,
compared_with,matched provenance identifier,claim:claim_rec_src_search_da86b7826545_003_cases_unspecified,claim,claim_comparison:claim_cmp_762,claim_comparison,
compared_with,matched provenance identifier,claim:claim_rec_src_search_283a8bed6a9d_015_cases_unspecified,claim,claim_comparison:claim_cmp_762,claim_comparison,
compared_with,matched provenance identifier,claim:claim_rec_src_search_da86b7826545_003_cases_unspecified,claim,claim_comparison:claim_cmp_763,claim_comparison,
compared_with,matched provenance identifier,claim:claim_rec_src_search_283a8bed6a9d_016_deaths,claim,claim_comparison:claim_cmp_763,claim_comparison,
compared_with,matched provenance identifier,claim:claim_rec_src_search_da86b7826545_003_cases_unspecified,claim,claim_comparison:claim_cmp_764,claim_comparison,
compared_with,matched provenance identifier,claim:claim_rec_src_search_283a8bed6a9d_017_deaths,claim,claim_comparison:claim_cmp_764,claim_comparison,
compared_with,matched provenance identifier,claim:claim_rec_src_search_da86b7826545_003_cases_unspecified,claim,claim_comparison:claim_cmp_765,claim_comparison,
compared_with,matched provenance identifier,claim:claim_rec_src_search_7cb311dd75e6_001_cases_confirmed,claim,claim_comparison:claim_cmp_765,claim_comparison,
compared_with,matched provenance identifier,claim:claim_rec_src_search_da86b7826545_004_cases_unspecified,claim,claim_comparison:claim_cmp_766,claim_comparison,
compared_with,matched provenance identifier,claim:claim_rec_src_search_da86b7826545_005_cases_unspecified,claim,claim_comparison:claim_cmp_766,claim_comparison,
compared_with,matched provenance identifier,claim:claim_rec_src_search_da86b7826545_004_cases_unspecified,claim,claim_comparison:claim_cmp_767,claim_comparison,
compared_with,matched provenance identifier,claim:claim_rec_src_search_8242cbb785a1_001_cases_confirmed,claim,claim_comparison:claim_cmp_767,claim_comparison,
compared_with,matched provenance identifier,claim:claim_rec_src_search_da86b7826545_004_cases_unspecified,claim,claim_comparison:claim_cmp_768,claim_comparison,
compared_with,matched provenance identifier,claim:claim_rec_src_search_8242cbb785a1_002_cases_confirmed,claim,claim_comparison:claim_cmp_768,claim_comparison,
compared_with,matched provenance identifier,claim:claim_rec_src_search_da86b7826545_004_cases_unspecified,claim,claim_comparison:claim_cmp_769,claim_comparison,
compared_with,matched provenance identifier,claim:claim_rec_src_search_8242cbb785a1_002_deaths,claim,claim_comparison:claim_cmp_769,claim_comparison,
compared_with,matched provenance identifier,claim:claim_rec_src_search_da86b7826545_004_cases_unspecified,claim,claim_comparison:claim_cmp_770,claim_comparison,
compared_with,matched provenance identifier,claim:claim_rec_src_search_8242cbb785a1_003_cases_confirmed,claim,claim_comparison:claim_cmp_770,claim_comparison,
compared_with,matched provenance identifier,claim:claim_rec_src_search_da86b7826545_004_cases_unspecified,claim,claim_comparison:claim_cmp_771,claim_comparison,
compared_with,matched provenance identifier,claim:claim_rec_src_search_8242cbb785a1_003_deaths,claim,claim_comparison:claim_cmp_771,claim_comparison,
compared_with,matched provenance identifier,claim:claim_rec_src_search_da86b7826545_004_cases_unspecified,claim,claim_comparison:claim_cmp_772,claim_comparison,
compared_with,matched provenance identifier,claim:claim_rec_src_search_8242cbb785a1_004_cases_confirmed,claim,claim_comparison:claim_cmp_772,claim_comparison,
compared_with,matched provenance identifier,claim:claim_rec_src_search_da86b7826545_004_cases_unspecified,claim,claim_comparison:claim_cmp_773,claim_comparison,
compared_with,matched provenance identifier,claim:claim_rec_src_search_8242cbb785a1_004_deaths,claim,claim_comparison:claim_cmp_773,claim_comparison,
compared_with,matched provenance identifier,claim:claim_rec_src_search_da86b7826545_004_cases_unspecified,claim,claim_comparison:claim_cmp_774,claim_comparison,
compared_with,matched provenance identifier,claim:claim_rec_src_search_6e578fc529e9_001_cases_confirmed,claim,claim_comparison:claim_cmp_774,claim_comparison,
compared_with,matched provenance identifier,claim:claim_rec_src_search_da86b7826545_004_cases_unspecified,claim,claim_comparison:claim_cmp_775,claim_comparison,
compared_with,matched provenance identifier,claim:claim_rec_src_search_6e578fc529e9_001_deaths,claim,claim_comparison:claim_cmp_775,claim_comparison,
compared_with,matched provenance identifier,claim:claim_rec_src_search_da86b7826545_004_cases_unspecified,claim,claim_comparison:claim_cmp_776,claim_comparison,
compared_with,matched provenance identifier,claim:claim_rec_src_search_cd5fb2750261_001_cases_confirmed,claim,claim_comparison:claim_cmp_776,claim_comparison,
compared_with,matched provenance identifier,claim:claim_rec_src_search_da86b7826545_004_cases_unspecified,claim,claim_comparison:claim_cmp_777,claim_comparison,
compared_with,matched provenance identifier,claim:claim_rec_src_search_cd5fb2750261_002_cases_confirmed,claim,claim_comparison:claim_cmp_777,claim_comparison,
compared_with,matched provenance identifier,claim:claim_rec_src_search_da86b7826545_004_cases_unspecified,claim,claim_comparison:claim_cmp_778,claim_comparison,
compared_with,matched provenance identifier,claim:claim_rec_src_search_d1d6036be2f6_001_cases_unspecified,claim,claim_comparison:claim_cmp_778,claim_comparison,
compared_with,matched provenance identifier,claim:claim_rec_src_search_da86b7826545_004_cases_unspecified,claim,claim_comparison:claim_cmp_779,claim_comparison,
compared_with,matched provenance identifier,claim:claim_rec_src_search_d1d6036be2f6_002_cases_unspecified,claim,claim_comparison:claim_cmp_779,claim_comparison,
compared_with,matched provenance identifier,claim:claim_rec_src_search_da86b7826545_004_cases_unspecified,claim,claim_comparison:claim_cmp_780,claim_comparison,
compared_with,matched provenance identifier,claim:claim_rec_src_search_d1d6036be2f6_003_observation,claim,claim_comparison:claim_cmp_780,claim_comparison,
compared_with,matched provenance identifier,claim:claim_rec_src_search_da86b7826545_004_cases_unspecified,claim,claim_comparison:claim_cmp_781,claim_comparison,
compared_with,matched provenance identifier,claim:claim_rec_src_search_d1d6036be2f6_004_cases_confirmed,claim,claim_comparison:claim_cmp_781,claim_comparison,
compared_with,matched provenance identifier,claim:claim_rec_src_search_da86b7826545_004_cases_unspecified,claim,claim_comparison:claim_cmp_782,claim_comparison,
compared_with,matched provenance identifier,claim:claim_rec_src_search_d1d6036be2f6_004_deaths,claim,claim_comparison:claim_cmp_782,claim_comparison,
compared_with,matched provenance identifier,claim:claim_rec_src_search_da86b7826545_004_cases_unspecified,claim,claim_comparison:claim_cmp_783,claim_comparison,
compared_with,matched provenance identifier,claim:claim_rec_src_search_d1d6036be2f6_005_observation,claim,claim_comparison:claim_cmp_783,claim_comparison,
compared_with,matched provenance identifier,claim:claim_rec_src_search_da86b7826545_004_cases_unspecified,claim,claim_comparison:claim_cmp_784,claim_comparison,
compared_with,matched provenance identifier,claim:claim_rec_src_search_d1d6036be2f6_006_cases_unspecified,claim,claim_comparison:claim_cmp_784,claim_comparison,
compared_with,matched provenance identifier,claim:claim_rec_src_search_da86b7826545_004_cases_unspecified,claim,claim_comparison:claim_cmp_785,claim_comparison,
compared_with,matched provenance identifier,claim:claim_rec_src_search_d1d6036be2f6_007_cases_unspecified,claim,claim_comparison:claim_cmp_785,claim_comparison,
compared_with,matched provenance identifier,claim:claim_rec_src_search_da86b7826545_004_cases_unspecified,claim,claim_comparison:claim_cmp_786,claim_comparison,
compared_with,matched provenance identifier,claim:claim_rec_src_search_3109afb35d90_001_cases_confirmed,claim,claim_comparison:claim_cmp_786,claim_comparison,
compared_with,matched provenance identifier,claim:claim_rec_src_search_da86b7826545_004_cases_unspecified,claim,claim_comparison:claim_cmp_787,claim_comparison,
compared_with,matched provenance identifier,claim:claim_rec_src_search_3109afb35d90_002_cases_unspecified,claim,claim_comparison:claim_cmp_787,claim_comparison,
compared_with,matched provenance identifier,claim:claim_rec_src_search_da86b7826545_004_cases_unspecified,claim,claim_comparison:claim_cmp_788,claim_comparison,
compared_with,matched provenance identifier,claim:claim_rec_src_search_3109afb35d90_003_cases_unspecified,claim,claim_comparison:claim_cmp_788,claim_comparison,
compared_with,matched provenance identifier,claim:claim_rec_src_search_da86b7826545_004_cases_unspecified,claim,claim_comparison:claim_cmp_789,claim_comparison,
compared_with,matched provenance identifier,claim:claim_rec_src_search_3109afb35d90_004_cases_unspecified,claim,claim_comparison:claim_cmp_789,claim_comparison,
compared_with,matched provenance identifier,claim:claim_rec_src_search_da86b7826545_004_cases_unspecified,claim,claim_comparison:claim_cmp_790,claim_comparison,
compared_with,matched provenance identifier,claim:claim_rec_src_search_283a8bed6a9d_001_cases_confirmed,claim,claim_comparison:claim_cmp_790,claim_comparison,
compared_with,matched provenance identifier,claim:claim_rec_src_search_da86b7826545_004_cases_unspecified,claim,claim_comparison:claim_cmp_791,claim_comparison,
compared_with,matched provenance identifier,claim:claim_rec_src_search_283a8bed6a9d_002_cases_confirmed,claim,claim_comparison:claim_cmp_791,claim_comparison,
compared_with,matched provenance identifier,claim:claim_rec_src_search_da86b7826545_004_cases_unspecified,claim,claim_comparison:claim_cmp_792,claim_comparison,
compared_with,matched provenance identifier,claim:claim_rec_src_search_283a8bed6a9d_003_observation,claim,claim_comparison:claim_cmp_792,claim_comparison,
compared_with,matched provenance identifier,claim:claim_rec_src_search_da86b7826545_004_cases_unspecified,claim,claim_comparison:claim_cmp_793,claim_comparison,
compared_with,matched provenance identifier,claim:claim_rec_src_search_283a8bed6a9d_004_observation,claim,claim_comparison:claim_cmp_793,claim_comparison,
compared_with,matched provenance identifier,claim:claim_rec_src_search_da86b7826545_004_cases_unspecified,claim,claim_comparison:claim_cmp_794,claim_comparison,
compared_with,matched provenance identifier,claim:claim_rec_src_search_283a8bed6a9d_005_cases_unspecified,claim,claim_comparison:claim_cmp_794,claim_comparison,
compared_with,matched provenance identifier,claim:claim_rec_src_search_da86b7826545_004_cases_unspecified,claim,claim_comparison:claim_cmp_795,claim_comparison,
compared_with,matched provenance identifier,claim:claim_rec_src_search_283a8bed6a9d_006_observation,claim,claim_comparison:claim_cmp_795,claim_comparison,
compared_with,matched provenance identifier,claim:claim_rec_src_search_da86b7826545_004_cases_unspecified,claim,claim_comparison:claim_cmp_796,claim_comparison,
compared_with,matched provenance identifier,claim:claim_rec_src_search_283a8bed6a9d_007_cases_unspecified,claim,claim_comparison:claim_cmp_796,claim_comparison,
compared_with,matched provenance identifier,claim:claim_rec_src_search_da86b7826545_004_cases_unspecified,claim,claim_comparison:claim_cmp_797,claim_comparison,
compared_with,matched provenance identifier,claim:claim_rec_src_search_283a8bed6a9d_008_observation,claim,claim_comparison:claim_cmp_797,claim_comparison,
compared_with,matched provenance identifier,claim:claim_rec_src_search_da86b7826545_004_cases_unspecified,claim,claim_comparison:claim_cmp_798,claim_comparison,
compared_with,matched provenance identifier,claim:claim_rec_src_search_283a8bed6a9d_009_cases_unspecified,claim,claim_comparison:claim_cmp_798,claim_comparison,
compared_with,matched provenance identifier,claim:claim_rec_src_search_da86b7826545_004_cases_unspecified,claim,claim_comparison:claim_cmp_799,claim_comparison,
compared_with,matched provenance identifier,claim:claim_rec_src_search_283a8bed6a9d_010_cases_unspecified,claim,claim_comparison:claim_cmp_799,claim_comparison,
compared_with,matched provenance identifier,claim:claim_rec_src_search_da86b7826545_004_cases_unspecified,claim,claim_comparison:claim_cmp_800,claim_comparison,
compared_with,matched provenance identifier,claim:claim_rec_src_search_283a8bed6a9d_011_cases_unspecified,claim,claim_comparison:claim_cmp_800,claim_comparison,
compared_with,matched provenance identifier,claim:claim_rec_src_search_da86b7826545_004_cases_unspecified,claim,claim_comparison:claim_cmp_801,claim_comparison,
compared_with,matched provenance identifier,claim:claim_rec_src_search_283a8bed6a9d_011_hospitalizations,claim,claim_comparison:claim_cmp_801,claim_comparison,
compared_with,matched provenance identifier,claim:claim_rec_src_search_da86b7826545_004_cases_unspecified,claim,claim_comparison:claim_cmp_802,claim_comparison,
compared_with,matched provenance identifier,claim:claim_rec_src_search_283a8bed6a9d_012_hospitalizations,claim,claim_comparison:claim_cmp_802,claim_comparison,
compared_with,matched provenance identifier,claim:claim_rec_src_search_da86b7826545_004_cases_unspecified,claim,claim_comparison:claim_cmp_803,claim_comparison,
compared_with,matched provenance identifier,claim:claim_rec_src_search_283a8bed6a9d_013_hospitalizations,claim,claim_comparison:claim_cmp_803,claim_comparison,
compared_with,matched provenance identifier,claim:claim_rec_src_search_da86b7826545_004_cases_unspecified,claim,claim_comparison:claim_cmp_804,claim_comparison,
compared_with,matched provenance identifier,claim:claim_rec_src_search_283a8bed6a9d_014_hospitalizations,claim,claim_comparison:claim_cmp_804,claim_comparison,
compared_with,matched provenance identifier,claim:claim_rec_src_search_da86b7826545_004_cases_unspecified,claim,claim_comparison:claim_cmp_805,claim_comparison,
compared_with,matched provenance identifier,claim:claim_rec_src_search_283a8bed6a9d_015_cases_unspecified,claim,claim_comparison:claim_cmp_805,claim_comparison,
compared_with,matched provenance identifier,claim:claim_rec_src_search_da86b7826545_004_cases_unspecified,claim,claim_comparison:claim_cmp_806,claim_comparison,
compared_with,matched provenance identifier,claim:claim_rec_src_search_283a8bed6a9d_016_deaths,claim,claim_comparison:claim_cmp_806,claim_comparison,
compared_with,matched provenance identifier,claim:claim_rec_src_search_da86b7826545_004_cases_unspecified,claim,claim_comparison:claim_cmp_807,claim_comparison,
compared_with,matched provenance identifier,claim:claim_rec_src_search_283a8bed6a9d_017_deaths,claim,claim_comparison:claim_cmp_807,claim_comparison,
compared_with,matched provenance identifier,claim:claim_rec_src_search_da86b7826545_004_cases_unspecified,claim,claim_comparison:claim_cmp_808,claim_comparison,
compared_with,matched provenance identifier,claim:claim_rec_src_search_7cb311dd75e6_001_cases_confirmed,claim,claim_comparison:claim_cmp_808,claim_comparison,
compared_with,matched provenance identifier,claim:claim_rec_src_search_da86b7826545_005_cases_unspecified,claim,claim_comparison:claim_cmp_809,claim_comparison,
compared_with,matched provenance identifier,claim:claim_rec_src_search_8242cbb785a1_001_cases_confirmed,claim,claim_comparison:claim_cmp_809,claim_comparison,
compared_with,matched provenance identifier,claim:claim_rec_src_search_da86b7826545_005_cases_unspecified,claim,claim_comparison:claim_cmp_810,claim_comparison,
compared_with,matched provenance identifier,claim:claim_rec_src_search_8242cbb785a1_002_cases_confirmed,claim,claim_comparison:claim_cmp_810,claim_comparison,
compared_with,matched provenance identifier,claim:claim_rec_src_search_da86b7826545_005_cases_unspecified,claim,claim_comparison:claim_cmp_811,claim_comparison,
compared_with,matched provenance identifier,claim:claim_rec_src_search_8242cbb785a1_002_deaths,claim,claim_comparison:claim_cmp_811,claim_comparison,
compared_with,matched provenance identifier,claim:claim_rec_src_search_da86b7826545_005_cases_unspecified,claim,claim_comparison:claim_cmp_812,claim_comparison,
compared_with,matched provenance identifier,claim:claim_rec_src_search_8242cbb785a1_003_cases_confirmed,claim,claim_comparison:claim_cmp_812,claim_comparison,
compared_with,matched provenance identifier,claim:claim_rec_src_search_da86b7826545_005_cases_unspecified,claim,claim_comparison:claim_cmp_813,claim_comparison,
compared_with,matched provenance identifier,claim:claim_rec_src_search_8242cbb785a1_003_deaths,claim,claim_comparison:claim_cmp_813,claim_comparison,
compared_with,matched provenance identifier,claim:claim_rec_src_search_da86b7826545_005_cases_unspecified,claim,claim_comparison:claim_cmp_814,claim_comparison,
compared_with,matched provenance identifier,claim:claim_rec_src_search_8242cbb785a1_004_cases_confirmed,claim,claim_comparison:claim_cmp_814,claim_comparison,
compared_with,matched provenance identifier,claim:claim_rec_src_search_da86b7826545_005_cases_unspecified,claim,claim_comparison:claim_cmp_815,claim_comparison,
compared_with,matched provenance identifier,claim:claim_rec_src_search_8242cbb785a1_004_deaths,claim,claim_comparison:claim_cmp_815,claim_comparison,
compared_with,matched provenance identifier,claim:claim_rec_src_search_da86b7826545_005_cases_unspecified,claim,claim_comparison:claim_cmp_816,claim_comparison,
compared_with,matched provenance identifier,claim:claim_rec_src_search_6e578fc529e9_001_cases_confirmed,claim,claim_comparison:claim_cmp_816,claim_comparison,
compared_with,matched provenance identifier,claim:claim_rec_src_search_da86b7826545_005_cases_unspecified,claim,claim_comparison:claim_cmp_817,claim_comparison,
compared_with,matched provenance identifier,claim:claim_rec_src_search_6e578fc529e9_001_deaths,claim,claim_comparison:claim_cmp_817,claim_comparison,
compared_with,matched provenance identifier,claim:claim_rec_src_search_da86b7826545_005_cases_unspecified,claim,claim_comparison:claim_cmp_818,claim_comparison,
compared_with,matched provenance identifier,claim:claim_rec_src_search_cd5fb2750261_001_cases_confirmed,claim,claim_comparison:claim_cmp_818,claim_comparison,
compared_with,matched provenance identifier,claim:claim_rec_src_search_da86b7826545_005_cases_unspecified,claim,claim_comparison:claim_cmp_819,claim_comparison,
compared_with,matched provenance identifier,claim:claim_rec_src_search_cd5fb2750261_002_cases_confirmed,claim,claim_comparison:claim_cmp_819,claim_comparison,
compared_with,matched provenance identifier,claim:claim_rec_src_search_da86b7826545_005_cases_unspecified,claim,claim_comparison:claim_cmp_820,claim_comparison,
compared_with,matched provenance identifier,claim:claim_rec_src_search_d1d6036be2f6_001_cases_unspecified,claim,claim_comparison:claim_cmp_820,claim_comparison,
compared_with,matched provenance identifier,claim:claim_rec_src_search_da86b7826545_005_cases_unspecified,claim,claim_comparison:claim_cmp_821,claim_comparison,
compared_with,matched provenance identifier,claim:claim_rec_src_search_d1d6036be2f6_002_cases_unspecified,claim,claim_comparison:claim_cmp_821,claim_comparison,
compared_with,matched provenance identifier,claim:claim_rec_src_search_da86b7826545_005_cases_unspecified,claim,claim_comparison:claim_cmp_822,claim_comparison,
compared_with,matched provenance identifier,claim:claim_rec_src_search_d1d6036be2f6_003_observation,claim,claim_comparison:claim_cmp_822,claim_comparison,
compared_with,matched provenance identifier,claim:claim_rec_src_search_da86b7826545_005_cases_unspecified,claim,claim_comparison:claim_cmp_823,claim_comparison,
compared_with,matched provenance identifier,claim:claim_rec_src_search_d1d6036be2f6_004_cases_confirmed,claim,claim_comparison:claim_cmp_823,claim_comparison,
compared_with,matched provenance identifier,claim:claim_rec_src_search_da86b7826545_005_cases_unspecified,claim,claim_comparison:claim_cmp_824,claim_comparison,
compared_with,matched provenance identifier,claim:claim_rec_src_search_d1d6036be2f6_004_deaths,claim,claim_comparison:claim_cmp_824,claim_comparison,
compared_with,matched provenance identifier,claim:claim_rec_src_search_da86b7826545_005_cases_unspecified,claim,claim_comparison:claim_cmp_825,claim_comparison,
compared_with,matched provenance identifier,claim:claim_rec_src_search_d1d6036be2f6_005_observation,claim,claim_comparison:claim_cmp_825,claim_comparison,
compared_with,matched provenance identifier,claim:claim_rec_src_search_da86b7826545_005_cases_unspecified,claim,claim_comparison:claim_cmp_826,claim_comparison,
compared_with,matched provenance identifier,claim:claim_rec_src_search_d1d6036be2f6_006_cases_unspecified,claim,claim_comparison:claim_cmp_826,claim_comparison,
compared_with,matched provenance identifier,claim:claim_rec_src_search_da86b7826545_005_cases_unspecified,claim,claim_comparison:claim_cmp_827,claim_comparison,
compared_with,matched provenance identifier,claim:claim_rec_src_search_d1d6036be2f6_007_cases_unspecified,claim,claim_comparison:claim_cmp_827,claim_comparison,
compared_with,matched provenance identifier,claim:claim_rec_src_search_da86b7826545_005_cases_unspecified,claim,claim_comparison:claim_cmp_828,claim_comparison,
compared_with,matched provenance identifier,claim:claim_rec_src_search_3109afb35d90_001_cases_confirmed,claim,claim_comparison:claim_cmp_828,claim_comparison,
compared_with,matched provenance identifier,claim:claim_rec_src_search_da86b7826545_005_cases_unspecified,claim,claim_comparison:claim_cmp_829,claim_comparison,
compared_with,matched provenance identifier,claim:claim_rec_src_search_3109afb35d90_002_cases_unspecified,claim,claim_comparison:claim_cmp_829,claim_comparison,
compared_with,matched provenance identifier,claim:claim_rec_src_search_da86b7826545_005_cases_unspecified,claim,claim_comparison:claim_cmp_830,claim_comparison,
compared_with,matched provenance identifier,claim:claim_rec_src_search_3109afb35d90_003_cases_unspecified,claim,claim_comparison:claim_cmp_830,claim_comparison,
compared_with,matched provenance identifier,claim:claim_rec_src_search_da86b7826545_005_cases_unspecified,claim,claim_comparison:claim_cmp_831,claim_comparison,
compared_with,matched provenance identifier,claim:claim_rec_src_search_3109afb35d90_004_cases_unspecified,claim,claim_comparison:claim_cmp_831,claim_comparison,
compared_with,matched provenance identifier,claim:claim_rec_src_search_da86b7826545_005_cases_unspecified,claim,claim_comparison:claim_cmp_832,claim_comparison,
compared_with,matched provenance identifier,claim:claim_rec_src_search_283a8bed6a9d_001_cases_confirmed,claim,claim_comparison:claim_cmp_832,claim_comparison,
compared_with,matched provenance identifier,claim:claim_rec_src_search_da86b7826545_005_cases_unspecified,claim,claim_comparison:claim_cmp_833,claim_comparison,
compared_with,matched provenance identifier,claim:claim_rec_src_search_283a8bed6a9d_002_cases_confirmed,claim,claim_comparison:claim_cmp_833,claim_comparison,
compared_with,matched provenance identifier,claim:claim_rec_src_search_da86b7826545_005_cases_unspecified,claim,claim_comparison:claim_cmp_834,claim_comparison,
compared_with,matched provenance identifier,claim:claim_rec_src_search_283a8bed6a9d_003_observation,claim,claim_comparison:claim_cmp_834,claim_comparison,
compared_with,matched provenance identifier,claim:claim_rec_src_search_da86b7826545_005_cases_unspecified,claim,claim_comparison:claim_cmp_835,claim_comparison,
compared_with,matched provenance identifier,claim:claim_rec_src_search_283a8bed6a9d_004_observation,claim,claim_comparison:claim_cmp_835,claim_comparison,
compared_with,matched provenance identifier,claim:claim_rec_src_search_da86b7826545_005_cases_unspecified,claim,claim_comparison:claim_cmp_836,claim_comparison,
compared_with,matched provenance identifier,claim:claim_rec_src_search_283a8bed6a9d_005_cases_unspecified,claim,claim_comparison:claim_cmp_836,claim_comparison,
compared_with,matched provenance identifier,claim:claim_rec_src_search_da86b7826545_005_cases_unspecified,claim,claim_comparison:claim_cmp_837,claim_comparison,
compared_with,matched provenance identifier,claim:claim_rec_src_search_283a8bed6a9d_006_observation,claim,claim_comparison:claim_cmp_837,claim_comparison,
compared_with,matched provenance identifier,claim:claim_rec_src_search_da86b7826545_005_cases_unspecified,claim,claim_comparison:claim_cmp_838,claim_comparison,
compared_with,matched provenance identifier,claim:claim_rec_src_search_283a8bed6a9d_007_cases_unspecified,claim,claim_comparison:claim_cmp_838,claim_comparison,
compared_with,matched provenance identifier,claim:claim_rec_src_search_da86b7826545_005_cases_unspecified,claim,claim_comparison:claim_cmp_839,claim_comparison,
compared_with,matched provenance identifier,claim:claim_rec_src_search_283a8bed6a9d_008_observation,claim,claim_comparison:claim_cmp_839,claim_comparison,
compared_with,matched provenance identifier,claim:claim_rec_src_search_da86b7826545_005_cases_unspecified,claim,claim_comparison:claim_cmp_840,claim_comparison,
compared_with,matched provenance identifier,claim:claim_rec_src_search_283a8bed6a9d_009_cases_unspecified,claim,claim_comparison:claim_cmp_840,claim_comparison,
compared_with,matched provenance identifier,claim:claim_rec_src_search_da86b7826545_005_cases_unspecified,claim,claim_comparison:claim_cmp_841,claim_comparison,
compared_with,matched provenance identifier,claim:claim_rec_src_search_283a8bed6a9d_010_cases_unspecified,claim,claim_comparison:claim_cmp_841,claim_comparison,
compared_with,matched provenance identifier,claim:claim_rec_src_search_da86b7826545_005_cases_unspecified,claim,claim_comparison:claim_cmp_842,claim_comparison,
compared_with,matched provenance identifier,claim:claim_rec_src_search_283a8bed6a9d_011_cases_unspecified,claim,claim_comparison:claim_cmp_842,claim_comparison,
compared_with,matched provenance identifier,claim:claim_rec_src_search_da86b7826545_005_cases_unspecified,claim,claim_comparison:claim_cmp_843,claim_comparison,
compared_with,matched provenance identifier,claim:claim_rec_src_search_283a8bed6a9d_011_hospitalizations,claim,claim_comparison:claim_cmp_843,claim_comparison,
compared_with,matched provenance identifier,claim:claim_rec_src_search_da86b7826545_005_cases_unspecified,claim,claim_comparison:claim_cmp_844,claim_comparison,
compared_with,matched provenance identifier,claim:claim_rec_src_search_283a8bed6a9d_012_hospitalizations,claim,claim_comparison:claim_cmp_844,claim_comparison,
compared_with,matched provenance identifier,claim:claim_rec_src_search_da86b7826545_005_cases_unspecified,claim,claim_comparison:claim_cmp_845,claim_comparison,
compared_with,matched provenance identifier,claim:claim_rec_src_search_283a8bed6a9d_013_hospitalizations,claim,claim_comparison:claim_cmp_845,claim_comparison,
compared_with,matched provenance identifier,claim:claim_rec_src_search_da86b7826545_005_cases_unspecified,claim,claim_comparison:claim_cmp_846,claim_comparison,
compared_with,matched provenance identifier,claim:claim_rec_src_search_283a8bed6a9d_014_hospitalizations,claim,claim_comparison:claim_cmp_846,claim_comparison,
compared_with,matched provenance identifier,claim:claim_rec_src_search_da86b7826545_005_cases_unspecified,claim,claim_comparison:claim_cmp_847,claim_comparison,
compared_with,matched provenance identifier,claim:claim_rec_src_search_283a8bed6a9d_015_cases_unspecified,claim,claim_comparison:claim_cmp_847,claim_comparison,
compared_with,matched provenance identifier,claim:claim_rec_src_search_da86b7826545_005_cases_unspecified,claim,claim_comparison:claim_cmp_848,claim_comparison,
compared_with,matched provenance identifier,claim:claim_rec_src_search_283a8bed6a9d_016_deaths,claim,claim_comparison:claim_cmp_848,claim_comparison,
compared_with,matched provenance identifier,claim:claim_rec_src_search_da86b7826545_005_cases_unspecified,claim,claim_comparison:claim_cmp_849,claim_comparison,
compared_with,matched provenance identifier,claim:claim_rec_src_search_283a8bed6a9d_017_deaths,claim,claim_comparison:claim_cmp_849,claim_comparison,
compared_with,matched provenance identifier,claim:claim_rec_src_search_da86b7826545_005_cases_unspecified,claim,claim_comparison:claim_cmp_850,claim_comparison,
compared_with,matched provenance identifier,claim:claim_rec_src_search_7cb311dd75e6_001_cases_confirmed,claim,claim_comparison:claim_cmp_850,claim_comparison,
compared_with,matched provenance identifier,claim:claim_rec_src_search_8242cbb785a1_001_cases_confirmed,claim,claim_comparison:claim_cmp_851,claim_comparison,
compared_with,matched provenance identifier,claim:claim_rec_src_search_8242cbb785a1_002_cases_confirmed,claim,claim_comparison:claim_cmp_851,claim_comparison,
compared_with,matched provenance identifier,claim:claim_rec_src_search_8242cbb785a1_001_cases_confirmed,claim,claim_comparison:claim_cmp_852,claim_comparison,
compared_with,matched provenance identifier,claim:claim_rec_src_search_8242cbb785a1_002_deaths,claim,claim_comparison:claim_cmp_852,claim_comparison,
compared_with,matched provenance identifier,claim:claim_rec_src_search_8242cbb785a1_001_cases_confirmed,claim,claim_comparison:claim_cmp_853,claim_comparison,
compared_with,matched provenance identifier,claim:claim_rec_src_search_8242cbb785a1_003_cases_confirmed,claim,claim_comparison:claim_cmp_853,claim_comparison,
compared_with,matched provenance identifier,claim:claim_rec_src_search_8242cbb785a1_001_cases_confirmed,claim,claim_comparison:claim_cmp_854,claim_comparison,
compared_with,matched provenance identifier,claim:claim_rec_src_search_8242cbb785a1_003_deaths,claim,claim_comparison:claim_cmp_854,claim_comparison,
compared_with,matched provenance identifier,claim:claim_rec_src_search_8242cbb785a1_001_cases_confirmed,claim,claim_comparison:claim_cmp_855,claim_comparison,
compared_with,matched provenance identifier,claim:claim_rec_src_search_8242cbb785a1_004_cases_confirmed,claim,claim_comparison:claim_cmp_855,claim_comparison,
compared_with,matched provenance identifier,claim:claim_rec_src_search_8242cbb785a1_001_cases_confirmed,claim,claim_comparison:claim_cmp_856,claim_comparison,
compared_with,matched provenance identifier,claim:claim_rec_src_search_8242cbb785a1_004_deaths,claim,claim_comparison:claim_cmp_856,claim_comparison,
compared_with,matched provenance identifier,claim:claim_rec_src_search_8242cbb785a1_001_cases_confirmed,claim,claim_comparison:claim_cmp_857,claim_comparison,
compared_with,matched provenance identifier,claim:claim_rec_src_search_6e578fc529e9_001_cases_confirmed,claim,claim_comparison:claim_cmp_857,claim_comparison,
compared_with,matched provenance identifier,claim:claim_rec_src_search_8242cbb785a1_001_cases_confirmed,claim,claim_comparison:claim_cmp_858,claim_comparison,
compared_with,matched provenance identifier,claim:claim_rec_src_search_6e578fc529e9_001_deaths,claim,claim_comparison:claim_cmp_858,claim_comparison,
compared_with,matched provenance identifier,claim:claim_rec_src_search_8242cbb785a1_001_cases_confirmed,claim,claim_comparison:claim_cmp_859,claim_comparison,
compared_with,matched provenance identifier,claim:claim_rec_src_search_cd5fb2750261_001_cases_confirmed,claim,claim_comparison:claim_cmp_859,claim_comparison,
compared_with,matched provenance identifier,claim:claim_rec_src_search_8242cbb785a1_001_cases_confirmed,claim,claim_comparison:claim_cmp_860,claim_comparison,
compared_with,matched provenance identifier,claim:claim_rec_src_search_cd5fb2750261_002_cases_confirmed,claim,claim_comparison:claim_cmp_860,claim_comparison,
compared_with,matched provenance identifier,claim:claim_rec_src_search_8242cbb785a1_001_cases_confirmed,claim,claim_comparison:claim_cmp_861,claim_comparison,
compared_with,matched provenance identifier,claim:claim_rec_src_search_d1d6036be2f6_001_cases_unspecified,claim,claim_comparison:claim_cmp_861,claim_comparison,
compared_with,matched provenance identifier,claim:claim_rec_src_search_8242cbb785a1_001_cases_confirmed,claim,claim_comparison:claim_cmp_862,claim_comparison,
compared_with,matched provenance identifier,claim:claim_rec_src_search_d1d6036be2f6_002_cases_unspecified,claim,claim_comparison:claim_cmp_862,claim_comparison,
compared_with,matched provenance identifier,claim:claim_rec_src_search_8242cbb785a1_001_cases_confirmed,claim,claim_comparison:claim_cmp_863,claim_comparison,
compared_with,matched provenance identifier,claim:claim_rec_src_search_d1d6036be2f6_003_observation,claim,claim_comparison:claim_cmp_863,claim_comparison,
compared_with,matched provenance identifier,claim:claim_rec_src_search_8242cbb785a1_001_cases_confirmed,claim,claim_comparison:claim_cmp_864,claim_comparison,
compared_with,matched provenance identifier,claim:claim_rec_src_search_d1d6036be2f6_004_cases_confirmed,claim,claim_comparison:claim_cmp_864,claim_comparison,
compared_with,matched provenance identifier,claim:claim_rec_src_search_8242cbb785a1_001_cases_confirmed,claim,claim_comparison:claim_cmp_865,claim_comparison,
compared_with,matched provenance identifier,claim:claim_rec_src_search_d1d6036be2f6_004_deaths,claim,claim_comparison:claim_cmp_865,claim_comparison,
compared_with,matched provenance identifier,claim:claim_rec_src_search_8242cbb785a1_001_cases_confirmed,claim,claim_comparison:claim_cmp_866,claim_comparison,
compared_with,matched provenance identifier,claim:claim_rec_src_search_d1d6036be2f6_005_observation,claim,claim_comparison:claim_cmp_866,claim_comparison,
compared_with,matched provenance identifier,claim:claim_rec_src_search_8242cbb785a1_001_cases_confirmed,claim,claim_comparison:claim_cmp_867,claim_comparison,
compared_with,matched provenance identifier,claim:claim_rec_src_search_d1d6036be2f6_006_cases_unspecified,claim,claim_comparison:claim_cmp_867,claim_comparison,
compared_with,matched provenance identifier,claim:claim_rec_src_search_8242cbb785a1_001_cases_confirmed,claim,claim_comparison:claim_cmp_868,claim_comparison,
compared_with,matched provenance identifier,claim:claim_rec_src_search_d1d6036be2f6_007_cases_unspecified,claim,claim_comparison:claim_cmp_868,claim_comparison,
compared_with,matched provenance identifier,claim:claim_rec_src_search_8242cbb785a1_001_cases_confirmed,claim,claim_comparison:claim_cmp_869,claim_comparison,
compared_with,matched provenance identifier,claim:claim_rec_src_search_3109afb35d90_001_cases_confirmed,claim,claim_comparison:claim_cmp_869,claim_comparison,
compared_with,matched provenance identifier,claim:claim_rec_src_search_8242cbb785a1_001_cases_confirmed,claim,claim_comparison:claim_cmp_870,claim_comparison,
compared_with,matched provenance identifier,claim:claim_rec_src_search_3109afb35d90_002_cases_unspecified,claim,claim_comparison:claim_cmp_870,claim_comparison,
compared_with,matched provenance identifier,claim:claim_rec_src_search_8242cbb785a1_001_cases_confirmed,claim,claim_comparison:claim_cmp_871,claim_comparison,
compared_with,matched provenance identifier,claim:claim_rec_src_search_3109afb35d90_003_cases_unspecified,claim,claim_comparison:claim_cmp_871,claim_comparison,
compared_with,matched provenance identifier,claim:claim_rec_src_search_8242cbb785a1_001_cases_confirmed,claim,claim_comparison:claim_cmp_872,claim_comparison,
compared_with,matched provenance identifier,claim:claim_rec_src_search_3109afb35d90_004_cases_unspecified,claim,claim_comparison:claim_cmp_872,claim_comparison,
compared_with,matched provenance identifier,claim:claim_rec_src_search_8242cbb785a1_001_cases_confirmed,claim,claim_comparison:claim_cmp_873,claim_comparison,
compared_with,matched provenance identifier,claim:claim_rec_src_search_283a8bed6a9d_001_cases_confirmed,claim,claim_comparison:claim_cmp_873,claim_comparison,
compared_with,matched provenance identifier,claim:claim_rec_src_search_8242cbb785a1_001_cases_confirmed,claim,claim_comparison:claim_cmp_874,claim_comparison,
compared_with,matched provenance identifier,claim:claim_rec_src_search_283a8bed6a9d_002_cases_confirmed,claim,claim_comparison:claim_cmp_874,claim_comparison,
compared_with,matched provenance identifier,claim:claim_rec_src_search_8242cbb785a1_001_cases_confirmed,claim,claim_comparison:claim_cmp_875,claim_comparison,
compared_with,matched provenance identifier,claim:claim_rec_src_search_283a8bed6a9d_003_observation,claim,claim_comparison:claim_cmp_875,claim_comparison,
compared_with,matched provenance identifier,claim:claim_rec_src_search_8242cbb785a1_001_cases_confirmed,claim,claim_comparison:claim_cmp_876,claim_comparison,
compared_with,matched provenance identifier,claim:claim_rec_src_search_283a8bed6a9d_004_observation,claim,claim_comparison:claim_cmp_876,claim_comparison,
compared_with,matched provenance identifier,claim:claim_rec_src_search_8242cbb785a1_001_cases_confirmed,claim,claim_comparison:claim_cmp_877,claim_comparison,
compared_with,matched provenance identifier,claim:claim_rec_src_search_283a8bed6a9d_005_cases_unspecified,claim,claim_comparison:claim_cmp_877,claim_comparison,
compared_with,matched provenance identifier,claim:claim_rec_src_search_8242cbb785a1_001_cases_confirmed,claim,claim_comparison:claim_cmp_878,claim_comparison,
compared_with,matched provenance identifier,claim:claim_rec_src_search_283a8bed6a9d_006_observation,claim,claim_comparison:claim_cmp_878,claim_comparison,
compared_with,matched provenance identifier,claim:claim_rec_src_search_8242cbb785a1_001_cases_confirmed,claim,claim_comparison:claim_cmp_879,claim_comparison,
compared_with,matched provenance identifier,claim:claim_rec_src_search_283a8bed6a9d_007_cases_unspecified,claim,claim_comparison:claim_cmp_879,claim_comparison,
compared_with,matched provenance identifier,claim:claim_rec_src_search_8242cbb785a1_001_cases_confirmed,claim,claim_comparison:claim_cmp_880,claim_comparison,
compared_with,matched provenance identifier,claim:claim_rec_src_search_283a8bed6a9d_008_observation,claim,claim_comparison:claim_cmp_880,claim_comparison,
compared_with,matched provenance identifier,claim:claim_rec_src_search_8242cbb785a1_001_cases_confirmed,claim,claim_comparison:claim_cmp_881,claim_comparison,
compared_with,matched provenance identifier,claim:claim_rec_src_search_283a8bed6a9d_009_cases_unspecified,claim,claim_comparison:claim_cmp_881,claim_comparison,
compared_with,matched provenance identifier,claim:claim_rec_src_search_8242cbb785a1_001_cases_confirmed,claim,claim_comparison:claim_cmp_882,claim_comparison,
compared_with,matched provenance identifier,claim:claim_rec_src_search_283a8bed6a9d_010_cases_unspecified,claim,claim_comparison:claim_cmp_882,claim_comparison,
compared_with,matched provenance identifier,claim:claim_rec_src_search_8242cbb785a1_001_cases_confirmed,claim,claim_comparison:claim_cmp_883,claim_comparison,
compared_with,matched provenance identifier,claim:claim_rec_src_search_283a8bed6a9d_011_cases_unspecified,claim,claim_comparison:claim_cmp_883,claim_comparison,
compared_with,matched provenance identifier,claim:claim_rec_src_search_8242cbb785a1_001_cases_confirmed,claim,claim_comparison:claim_cmp_884,claim_comparison,
compared_with,matched provenance identifier,claim:claim_rec_src_search_283a8bed6a9d_011_hospitalizations,claim,claim_comparison:claim_cmp_884,claim_comparison,
compared_with,matched provenance identifier,claim:claim_rec_src_search_8242cbb785a1_001_cases_confirmed,claim,claim_comparison:claim_cmp_885,claim_comparison,
compared_with,matched provenance identifier,claim:claim_rec_src_search_283a8bed6a9d_012_hospitalizations,claim,claim_comparison:claim_cmp_885,claim_comparison,
compared_with,matched provenance identifier,claim:claim_rec_src_search_8242cbb785a1_001_cases_confirmed,claim,claim_comparison:claim_cmp_886,claim_comparison,
compared_with,matched provenance identifier,claim:claim_rec_src_search_283a8bed6a9d_013_hospitalizations,claim,claim_comparison:claim_cmp_886,claim_comparison,
compared_with,matched provenance identifier,claim:claim_rec_src_search_8242cbb785a1_001_cases_confirmed,claim,claim_comparison:claim_cmp_887,claim_comparison,
compared_with,matched provenance identifier,claim:claim_rec_src_search_283a8bed6a9d_014_hospitalizations,claim,claim_comparison:claim_cmp_887,claim_comparison,
compared_with,matched provenance identifier,claim:claim_rec_src_search_8242cbb785a1_001_cases_confirmed,claim,claim_comparison:claim_cmp_888,claim_comparison,
compared_with,matched provenance identifier,claim:claim_rec_src_search_283a8bed6a9d_015_cases_unspecified,claim,claim_comparison:claim_cmp_888,claim_comparison,
compared_with,matched provenance identifier,claim:claim_rec_src_search_8242cbb785a1_001_cases_confirmed,claim,claim_comparison:claim_cmp_889,claim_comparison,
compared_with,matched provenance identifier,claim:claim_rec_src_search_283a8bed6a9d_016_deaths,claim,claim_comparison:claim_cmp_889,claim_comparison,
compared_with,matched provenance identifier,claim:claim_rec_src_search_8242cbb785a1_001_cases_confirmed,claim,claim_comparison:claim_cmp_890,claim_comparison,
compared_with,matched provenance identifier,claim:claim_rec_src_search_283a8bed6a9d_017_deaths,claim,claim_comparison:claim_cmp_890,claim_comparison,
compared_with,matched provenance identifier,claim:claim_rec_src_search_8242cbb785a1_001_cases_confirmed,claim,claim_comparison:claim_cmp_891,claim_comparison,
compared_with,matched provenance identifier,claim:claim_rec_src_search_7cb311dd75e6_001_cases_confirmed,claim,claim_comparison:claim_cmp_891,claim_comparison,
compared_with,matched provenance identifier,claim:claim_rec_src_search_8242cbb785a1_002_cases_confirmed,claim,claim_comparison:claim_cmp_892,claim_comparison,
compared_with,matched provenance identifier,claim:claim_rec_src_search_8242cbb785a1_002_deaths,claim,claim_comparison:claim_cmp_892,claim_comparison,
compared_with,matched provenance identifier,claim:claim_rec_src_search_8242cbb785a1_002_cases_confirmed,claim,claim_comparison:claim_cmp_893,claim_comparison,
compared_with,matched provenance identifier,claim:claim_rec_src_search_8242cbb785a1_003_cases_confirmed,claim,claim_comparison:claim_cmp_893,claim_comparison,
compared_with,matched provenance identifier,claim:claim_rec_src_search_8242cbb785a1_002_cases_confirmed,claim,claim_comparison:claim_cmp_894,claim_comparison,
compared_with,matched provenance identifier,claim:claim_rec_src_search_8242cbb785a1_003_deaths,claim,claim_comparison:claim_cmp_894,claim_comparison,
compared_with,matched provenance identifier,claim:claim_rec_src_search_8242cbb785a1_002_cases_confirmed,claim,claim_comparison:claim_cmp_895,claim_comparison,
compared_with,matched provenance identifier,claim:claim_rec_src_search_8242cbb785a1_004_cases_confirmed,claim,claim_comparison:claim_cmp_895,claim_comparison,
compared_with,matched provenance identifier,claim:claim_rec_src_search_8242cbb785a1_002_cases_confirmed,claim,claim_comparison:claim_cmp_896,claim_comparison,
compared_with,matched provenance identifier,claim:claim_rec_src_search_8242cbb785a1_004_deaths,claim,claim_comparison:claim_cmp_896,claim_comparison,
compared_with,matched provenance identifier,claim:claim_rec_src_search_8242cbb785a1_002_cases_confirmed,claim,claim_comparison:claim_cmp_897,claim_comparison,
compared_with,matched provenance identifier,claim:claim_rec_src_search_6e578fc529e9_001_cases_confirmed,claim,claim_comparison:claim_cmp_897,claim_comparison,
compared_with,matched provenance identifier,claim:claim_rec_src_search_8242cbb785a1_002_cases_confirmed,claim,claim_comparison:claim_cmp_898,claim_comparison,
compared_with,matched provenance identifier,claim:claim_rec_src_search_6e578fc529e9_001_deaths,claim,claim_comparison:claim_cmp_898,claim_comparison,
compared_with,matched provenance identifier,claim:claim_rec_src_search_8242cbb785a1_002_cases_confirmed,claim,claim_comparison:claim_cmp_899,claim_comparison,
compared_with,matched provenance identifier,claim:claim_rec_src_search_cd5fb2750261_001_cases_confirmed,claim,claim_comparison:claim_cmp_899,claim_comparison,
compared_with,matched provenance identifier,claim:claim_rec_src_search_8242cbb785a1_002_cases_confirmed,claim,claim_comparison:claim_cmp_900,claim_comparison,
compared_with,matched provenance identifier,claim:claim_rec_src_search_cd5fb2750261_002_cases_confirmed,claim,claim_comparison:claim_cmp_900,claim_comparison,
compared_with,matched provenance identifier,claim:claim_rec_src_search_8242cbb785a1_002_cases_confirmed,claim,claim_comparison:claim_cmp_901,claim_comparison,
compared_with,matched provenance identifier,claim:claim_rec_src_search_d1d6036be2f6_001_cases_unspecified,claim,claim_comparison:claim_cmp_901,claim_comparison,
compared_with,matched provenance identifier,claim:claim_rec_src_search_8242cbb785a1_002_cases_confirmed,claim,claim_comparison:claim_cmp_902,claim_comparison,
compared_with,matched provenance identifier,claim:claim_rec_src_search_d1d6036be2f6_002_cases_unspecified,claim,claim_comparison:claim_cmp_902,claim_comparison,
compared_with,matched provenance identifier,claim:claim_rec_src_search_8242cbb785a1_002_cases_confirmed,claim,claim_comparison:claim_cmp_903,claim_comparison,
compared_with,matched provenance identifier,claim:claim_rec_src_search_d1d6036be2f6_003_observation,claim,claim_comparison:claim_cmp_903,claim_comparison,
compared_with,matched provenance identifier,claim:claim_rec_src_search_8242cbb785a1_002_cases_confirmed,claim,claim_comparison:claim_cmp_904,claim_comparison,
compared_with,matched provenance identifier,claim:claim_rec_src_search_d1d6036be2f6_004_cases_confirmed,claim,claim_comparison:claim_cmp_904,claim_comparison,
compared_with,matched provenance identifier,claim:claim_rec_src_search_8242cbb785a1_002_cases_confirmed,claim,claim_comparison:claim_cmp_905,claim_comparison,
compared_with,matched provenance identifier,claim:claim_rec_src_search_d1d6036be2f6_004_deaths,claim,claim_comparison:claim_cmp_905,claim_comparison,
compared_with,matched provenance identifier,claim:claim_rec_src_search_8242cbb785a1_002_cases_confirmed,claim,claim_comparison:claim_cmp_906,claim_comparison,
compared_with,matched provenance identifier,claim:claim_rec_src_search_d1d6036be2f6_005_observation,claim,claim_comparison:claim_cmp_906,claim_comparison,
compared_with,matched provenance identifier,claim:claim_rec_src_search_8242cbb785a1_002_cases_confirmed,claim,claim_comparison:claim_cmp_907,claim_comparison,
compared_with,matched provenance identifier,claim:claim_rec_src_search_d1d6036be2f6_006_cases_unspecified,claim,claim_comparison:claim_cmp_907,claim_comparison,
compared_with,matched provenance identifier,claim:claim_rec_src_search_8242cbb785a1_002_cases_confirmed,claim,claim_comparison:claim_cmp_908,claim_comparison,
compared_with,matched provenance identifier,claim:claim_rec_src_search_d1d6036be2f6_007_cases_unspecified,claim,claim_comparison:claim_cmp_908,claim_comparison,
compared_with,matched provenance identifier,claim:claim_rec_src_search_8242cbb785a1_002_cases_confirmed,claim,claim_comparison:claim_cmp_909,claim_comparison,
compared_with,matched provenance identifier,claim:claim_rec_src_search_3109afb35d90_001_cases_confirmed,claim,claim_comparison:claim_cmp_909,claim_comparison,
compared_with,matched provenance identifier,claim:claim_rec_src_search_8242cbb785a1_002_cases_confirmed,claim,claim_comparison:claim_cmp_910,claim_comparison,
compared_with,matched provenance identifier,claim:claim_rec_src_search_3109afb35d90_002_cases_unspecified,claim,claim_comparison:claim_cmp_910,claim_comparison,
compared_with,matched provenance identifier,claim:claim_rec_src_search_8242cbb785a1_002_cases_confirmed,claim,claim_comparison:claim_cmp_911,claim_comparison,
compared_with,matched provenance identifier,claim:claim_rec_src_search_3109afb35d90_003_cases_unspecified,claim,claim_comparison:claim_cmp_911,claim_comparison,
compared_with,matched provenance identifier,claim:claim_rec_src_search_8242cbb785a1_002_cases_confirmed,claim,claim_comparison:claim_cmp_912,claim_comparison,
compared_with,matched provenance identifier,claim:claim_rec_src_search_3109afb35d90_004_cases_unspecified,claim,claim_comparison:claim_cmp_912,claim_comparison,
compared_with,matched provenance identifier,claim:claim_rec_src_search_8242cbb785a1_002_cases_confirmed,claim,claim_comparison:claim_cmp_913,claim_comparison,
compared_with,matched provenance identifier,claim:claim_rec_src_search_283a8bed6a9d_001_cases_confirmed,claim,claim_comparison:claim_cmp_913,claim_comparison,
compared_with,matched provenance identifier,claim:claim_rec_src_search_8242cbb785a1_002_cases_confirmed,claim,claim_comparison:claim_cmp_914,claim_comparison,
compared_with,matched provenance identifier,claim:claim_rec_src_search_283a8bed6a9d_002_cases_confirmed,claim,claim_comparison:claim_cmp_914,claim_comparison,
compared_with,matched provenance identifier,claim:claim_rec_src_search_8242cbb785a1_002_cases_confirmed,claim,claim_comparison:claim_cmp_915,claim_comparison,
compared_with,matched provenance identifier,claim:claim_rec_src_search_283a8bed6a9d_003_observation,claim,claim_comparison:claim_cmp_915,claim_comparison,
compared_with,matched provenance identifier,claim:claim_rec_src_search_8242cbb785a1_002_cases_confirmed,claim,claim_comparison:claim_cmp_916,claim_comparison,
compared_with,matched provenance identifier,claim:claim_rec_src_search_283a8bed6a9d_004_observation,claim,claim_comparison:claim_cmp_916,claim_comparison,
compared_with,matched provenance identifier,claim:claim_rec_src_search_8242cbb785a1_002_cases_confirmed,claim,claim_comparison:claim_cmp_917,claim_comparison,
compared_with,matched provenance identifier,claim:claim_rec_src_search_283a8bed6a9d_005_cases_unspecified,claim,claim_comparison:claim_cmp_917,claim_comparison,
compared_with,matched provenance identifier,claim:claim_rec_src_search_8242cbb785a1_002_cases_confirmed,claim,claim_comparison:claim_cmp_918,claim_comparison,
compared_with,matched provenance identifier,claim:claim_rec_src_search_283a8bed6a9d_006_observation,claim,claim_comparison:claim_cmp_918,claim_comparison,
compared_with,matched provenance identifier,claim:claim_rec_src_search_8242cbb785a1_002_cases_confirmed,claim,claim_comparison:claim_cmp_919,claim_comparison,
compared_with,matched provenance identifier,claim:claim_rec_src_search_283a8bed6a9d_007_cases_unspecified,claim,claim_comparison:claim_cmp_919,claim_comparison,
compared_with,matched provenance identifier,claim:claim_rec_src_search_8242cbb785a1_002_cases_confirmed,claim,claim_comparison:claim_cmp_920,claim_comparison,
compared_with,matched provenance identifier,claim:claim_rec_src_search_283a8bed6a9d_008_observation,claim,claim_comparison:claim_cmp_920,claim_comparison,
compared_with,matched provenance identifier,claim:claim_rec_src_search_8242cbb785a1_002_cases_confirmed,claim,claim_comparison:claim_cmp_921,claim_comparison,
compared_with,matched provenance identifier,claim:claim_rec_src_search_283a8bed6a9d_009_cases_unspecified,claim,claim_comparison:claim_cmp_921,claim_comparison,
compared_with,matched provenance identifier,claim:claim_rec_src_search_8242cbb785a1_002_cases_confirmed,claim,claim_comparison:claim_cmp_922,claim_comparison,
compared_with,matched provenance identifier,claim:claim_rec_src_search_283a8bed6a9d_010_cases_unspecified,claim,claim_comparison:claim_cmp_922,claim_comparison,
compared_with,matched provenance identifier,claim:claim_rec_src_search_8242cbb785a1_002_cases_confirmed,claim,claim_comparison:claim_cmp_923,claim_comparison,
compared_with,matched provenance identifier,claim:claim_rec_src_search_283a8bed6a9d_011_cases_unspecified,claim,claim_comparison:claim_cmp_923,claim_comparison,
compared_with,matched provenance identifier,claim:claim_rec_src_search_8242cbb785a1_002_cases_confirmed,claim,claim_comparison:claim_cmp_924,claim_comparison,
compared_with,matched provenance identifier,claim:claim_rec_src_search_283a8bed6a9d_011_hospitalizations,claim,claim_comparison:claim_cmp_924,claim_comparison,
compared_with,matched provenance identifier,claim:claim_rec_src_search_8242cbb785a1_002_cases_confirmed,claim,claim_comparison:claim_cmp_925,claim_comparison,
compared_with,matched provenance identifier,claim:claim_rec_src_search_283a8bed6a9d_012_hospitalizations,claim,claim_comparison:claim_cmp_925,claim_comparison,
compared_with,matched provenance identifier,claim:claim_rec_src_search_8242cbb785a1_002_cases_confirmed,claim,claim_comparison:claim_cmp_926,claim_comparison,
compared_with,matched provenance identifier,claim:claim_rec_src_search_283a8bed6a9d_013_hospitalizations,claim,claim_comparison:claim_cmp_926,claim_comparison,
compared_with,matched provenance identifier,claim:claim_rec_src_search_8242cbb785a1_002_cases_confirmed,claim,claim_comparison:claim_cmp_927,claim_comparison,
compared_with,matched provenance identifier,claim:claim_rec_src_search_283a8bed6a9d_014_hospitalizations,claim,claim_comparison:claim_cmp_927,claim_comparison,
compared_with,matched provenance identifier,claim:claim_rec_src_search_8242cbb785a1_002_cases_confirmed,claim,claim_comparison:claim_cmp_928,claim_comparison,
compared_with,matched provenance identifier,claim:claim_rec_src_search_283a8bed6a9d_015_cases_unspecified,claim,claim_comparison:claim_cmp_928,claim_comparison,
compared_with,matched provenance identifier,claim:claim_rec_src_search_8242cbb785a1_002_cases_confirmed,claim,claim_comparison:claim_cmp_929,claim_comparison,
compared_with,matched provenance identifier,claim:claim_rec_src_search_283a8bed6a9d_016_deaths,claim,claim_comparison:claim_cmp_929,claim_comparison,
compared_with,matched provenance identifier,claim:claim_rec_src_search_8242cbb785a1_002_cases_confirmed,claim,claim_comparison:claim_cmp_930,claim_comparison,
compared_with,matched provenance identifier,claim:claim_rec_src_search_283a8bed6a9d_017_deaths,claim,claim_comparison:claim_cmp_930,claim_comparison,
compared_with,matched provenance identifier,claim:claim_rec_src_search_8242cbb785a1_002_cases_confirmed,claim,claim_comparison:claim_cmp_931,claim_comparison,
compared_with,matched provenance identifier,claim:claim_rec_src_search_7cb311dd75e6_001_cases_confirmed,claim,claim_comparison:claim_cmp_931,claim_comparison,
compared_with,matched provenance identifier,claim:claim_rec_src_search_8242cbb785a1_002_deaths,claim,claim_comparison:claim_cmp_932,claim_comparison,
compared_with,matched provenance identifier,claim:claim_rec_src_search_8242cbb785a1_003_cases_confirmed,claim,claim_comparison:claim_cmp_932,claim_comparison,
compared_with,matched provenance identifier,claim:claim_rec_src_search_8242cbb785a1_002_deaths,claim,claim_comparison:claim_cmp_933,claim_comparison,
compared_with,matched provenance identifier,claim:claim_rec_src_search_8242cbb785a1_003_deaths,claim,claim_comparison:claim_cmp_933,claim_comparison,
compared_with,matched provenance identifier,claim:claim_rec_src_search_8242cbb785a1_002_deaths,claim,claim_comparison:claim_cmp_934,claim_comparison,
compared_with,matched provenance identifier,claim:claim_rec_src_search_8242cbb785a1_004_cases_confirmed,claim,claim_comparison:claim_cmp_934,claim_comparison,
compared_with,matched provenance identifier,claim:claim_rec_src_search_8242cbb785a1_002_deaths,claim,claim_comparison:claim_cmp_935,claim_comparison,
compared_with,matched provenance identifier,claim:claim_rec_src_search_8242cbb785a1_004_deaths,claim,claim_comparison:claim_cmp_935,claim_comparison,
compared_with,matched provenance identifier,claim:claim_rec_src_search_8242cbb785a1_002_deaths,claim,claim_comparison:claim_cmp_936,claim_comparison,
compared_with,matched provenance identifier,claim:claim_rec_src_search_6e578fc529e9_001_cases_confirmed,claim,claim_comparison:claim_cmp_936,claim_comparison,
compared_with,matched provenance identifier,claim:claim_rec_src_search_8242cbb785a1_002_deaths,claim,claim_comparison:claim_cmp_937,claim_comparison,
compared_with,matched provenance identifier,claim:claim_rec_src_search_6e578fc529e9_001_deaths,claim,claim_comparison:claim_cmp_937,claim_comparison,
compared_with,matched provenance identifier,claim:claim_rec_src_search_8242cbb785a1_002_deaths,claim,claim_comparison:claim_cmp_938,claim_comparison,
compared_with,matched provenance identifier,claim:claim_rec_src_search_cd5fb2750261_001_cases_confirmed,claim,claim_comparison:claim_cmp_938,claim_comparison,
compared_with,matched provenance identifier,claim:claim_rec_src_search_8242cbb785a1_002_deaths,claim,claim_comparison:claim_cmp_939,claim_comparison,
compared_with,matched provenance identifier,claim:claim_rec_src_search_cd5fb2750261_002_cases_confirmed,claim,claim_comparison:claim_cmp_939,claim_comparison,
compared_with,matched provenance identifier,claim:claim_rec_src_search_8242cbb785a1_002_deaths,claim,claim_comparison:claim_cmp_940,claim_comparison,
compared_with,matched provenance identifier,claim:claim_rec_src_search_d1d6036be2f6_001_cases_unspecified,claim,claim_comparison:claim_cmp_940,claim_comparison,
compared_with,matched provenance identifier,claim:claim_rec_src_search_8242cbb785a1_002_deaths,claim,claim_comparison:claim_cmp_941,claim_comparison,
compared_with,matched provenance identifier,claim:claim_rec_src_search_d1d6036be2f6_002_cases_unspecified,claim,claim_comparison:claim_cmp_941,claim_comparison,
compared_with,matched provenance identifier,claim:claim_rec_src_search_8242cbb785a1_002_deaths,claim,claim_comparison:claim_cmp_942,claim_comparison,
compared_with,matched provenance identifier,claim:claim_rec_src_search_d1d6036be2f6_003_observation,claim,claim_comparison:claim_cmp_942,claim_comparison,
compared_with,matched provenance identifier,claim:claim_rec_src_search_8242cbb785a1_002_deaths,claim,claim_comparison:claim_cmp_943,claim_comparison,
compared_with,matched provenance identifier,claim:claim_rec_src_search_d1d6036be2f6_004_cases_confirmed,claim,claim_comparison:claim_cmp_943,claim_comparison,
compared_with,matched provenance identifier,claim:claim_rec_src_search_8242cbb785a1_002_deaths,claim,claim_comparison:claim_cmp_944,claim_comparison,
compared_with,matched provenance identifier,claim:claim_rec_src_search_d1d6036be2f6_004_deaths,claim,claim_comparison:claim_cmp_944,claim_comparison,
compared_with,matched provenance identifier,claim:claim_rec_src_search_8242cbb785a1_002_deaths,claim,claim_comparison:claim_cmp_945,claim_comparison,
compared_with,matched provenance identifier,claim:claim_rec_src_search_d1d6036be2f6_005_observation,claim,claim_comparison:claim_cmp_945,claim_comparison,
compared_with,matched provenance identifier,claim:claim_rec_src_search_8242cbb785a1_002_deaths,claim,claim_comparison:claim_cmp_946,claim_comparison,
compared_with,matched provenance identifier,claim:claim_rec_src_search_d1d6036be2f6_006_cases_unspecified,claim,claim_comparison:claim_cmp_946,claim_comparison,
compared_with,matched provenance identifier,claim:claim_rec_src_search_8242cbb785a1_002_deaths,claim,claim_comparison:claim_cmp_947,claim_comparison,
compared_with,matched provenance identifier,claim:claim_rec_src_search_d1d6036be2f6_007_cases_unspecified,claim,claim_comparison:claim_cmp_947,claim_comparison,
compared_with,matched provenance identifier,claim:claim_rec_src_search_8242cbb785a1_002_deaths,claim,claim_comparison:claim_cmp_948,claim_comparison,
compared_with,matched provenance identifier,claim:claim_rec_src_search_3109afb35d90_001_cases_confirmed,claim,claim_comparison:claim_cmp_948,claim_comparison,
compared_with,matched provenance identifier,claim:claim_rec_src_search_8242cbb785a1_002_deaths,claim,claim_comparison:claim_cmp_949,claim_comparison,
compared_with,matched provenance identifier,claim:claim_rec_src_search_3109afb35d90_002_cases_unspecified,claim,claim_comparison:claim_cmp_949,claim_comparison,
compared_with,matched provenance identifier,claim:claim_rec_src_search_8242cbb785a1_002_deaths,claim,claim_comparison:claim_cmp_950,claim_comparison,
compared_with,matched provenance identifier,claim:claim_rec_src_search_3109afb35d90_003_cases_unspecified,claim,claim_comparison:claim_cmp_950,claim_comparison,
compared_with,matched provenance identifier,claim:claim_rec_src_search_8242cbb785a1_002_deaths,claim,claim_comparison:claim_cmp_951,claim_comparison,
compared_with,matched provenance identifier,claim:claim_rec_src_search_3109afb35d90_004_cases_unspecified,claim,claim_comparison:claim_cmp_951,claim_comparison,
compared_with,matched provenance identifier,claim:claim_rec_src_search_8242cbb785a1_002_deaths,claim,claim_comparison:claim_cmp_952,claim_comparison,
compared_with,matched provenance identifier,claim:claim_rec_src_search_283a8bed6a9d_001_cases_confirmed,claim,claim_comparison:claim_cmp_952,claim_comparison,
compared_with,matched provenance identifier,claim:claim_rec_src_search_8242cbb785a1_002_deaths,claim,claim_comparison:claim_cmp_953,claim_comparison,
compared_with,matched provenance identifier,claim:claim_rec_src_search_283a8bed6a9d_002_cases_confirmed,claim,claim_comparison:claim_cmp_953,claim_comparison,
compared_with,matched provenance identifier,claim:claim_rec_src_search_8242cbb785a1_002_deaths,claim,claim_comparison:claim_cmp_954,claim_comparison,
compared_with,matched provenance identifier,claim:claim_rec_src_search_283a8bed6a9d_003_observation,claim,claim_comparison:claim_cmp_954,claim_comparison,
compared_with,matched provenance identifier,claim:claim_rec_src_search_8242cbb785a1_002_deaths,claim,claim_comparison:claim_cmp_955,claim_comparison,
compared_with,matched provenance identifier,claim:claim_rec_src_search_283a8bed6a9d_004_observation,claim,claim_comparison:claim_cmp_955,claim_comparison,
compared_with,matched provenance identifier,claim:claim_rec_src_search_8242cbb785a1_002_deaths,claim,claim_comparison:claim_cmp_956,claim_comparison,
compared_with,matched provenance identifier,claim:claim_rec_src_search_283a8bed6a9d_005_cases_unspecified,claim,claim_comparison:claim_cmp_956,claim_comparison,
compared_with,matched provenance identifier,claim:claim_rec_src_search_8242cbb785a1_002_deaths,claim,claim_comparison:claim_cmp_957,claim_comparison,
compared_with,matched provenance identifier,claim:claim_rec_src_search_283a8bed6a9d_006_observation,claim,claim_comparison:claim_cmp_957,claim_comparison,
compared_with,matched provenance identifier,claim:claim_rec_src_search_8242cbb785a1_002_deaths,claim,claim_comparison:claim_cmp_958,claim_comparison,
compared_with,matched provenance identifier,claim:claim_rec_src_search_283a8bed6a9d_007_cases_unspecified,claim,claim_comparison:claim_cmp_958,claim_comparison,
compared_with,matched provenance identifier,claim:claim_rec_src_search_8242cbb785a1_002_deaths,claim,claim_comparison:claim_cmp_959,claim_comparison,
compared_with,matched provenance identifier,claim:claim_rec_src_search_283a8bed6a9d_008_observation,claim,claim_comparison:claim_cmp_959,claim_comparison,
compared_with,matched provenance identifier,claim:claim_rec_src_search_8242cbb785a1_002_deaths,claim,claim_comparison:claim_cmp_960,claim_comparison,
compared_with,matched provenance identifier,claim:claim_rec_src_search_283a8bed6a9d_009_cases_unspecified,claim,claim_comparison:claim_cmp_960,claim_comparison,
compared_with,matched provenance identifier,claim:claim_rec_src_search_8242cbb785a1_002_deaths,claim,claim_comparison:claim_cmp_961,claim_comparison,
compared_with,matched provenance identifier,claim:claim_rec_src_search_283a8bed6a9d_010_cases_unspecified,claim,claim_comparison:claim_cmp_961,claim_comparison,
compared_with,matched provenance identifier,claim:claim_rec_src_search_8242cbb785a1_002_deaths,claim,claim_comparison:claim_cmp_962,claim_comparison,
compared_with,matched provenance identifier,claim:claim_rec_src_search_283a8bed6a9d_011_cases_unspecified,claim,claim_comparison:claim_cmp_962,claim_comparison,
compared_with,matched provenance identifier,claim:claim_rec_src_search_8242cbb785a1_002_deaths,claim,claim_comparison:claim_cmp_963,claim_comparison,
compared_with,matched provenance identifier,claim:claim_rec_src_search_283a8bed6a9d_011_hospitalizations,claim,claim_comparison:claim_cmp_963,claim_comparison,
compared_with,matched provenance identifier,claim:claim_rec_src_search_8242cbb785a1_002_deaths,claim,claim_comparison:claim_cmp_964,claim_comparison,
compared_with,matched provenance identifier,claim:claim_rec_src_search_283a8bed6a9d_012_hospitalizations,claim,claim_comparison:claim_cmp_964,claim_comparison,
compared_with,matched provenance identifier,claim:claim_rec_src_search_8242cbb785a1_002_deaths,claim,claim_comparison:claim_cmp_965,claim_comparison,
compared_with,matched provenance identifier,claim:claim_rec_src_search_283a8bed6a9d_013_hospitalizations,claim,claim_comparison:claim_cmp_965,claim_comparison,
compared_with,matched provenance identifier,claim:claim_rec_src_search_8242cbb785a1_002_deaths,claim,claim_comparison:claim_cmp_966,claim_comparison,
compared_with,matched provenance identifier,claim:claim_rec_src_search_283a8bed6a9d_014_hospitalizations,claim,claim_comparison:claim_cmp_966,claim_comparison,
compared_with,matched provenance identifier,claim:claim_rec_src_search_8242cbb785a1_002_deaths,claim,claim_comparison:claim_cmp_967,claim_comparison,
compared_with,matched provenance identifier,claim:claim_rec_src_search_283a8bed6a9d_015_cases_unspecified,claim,claim_comparison:claim_cmp_967,claim_comparison,
compared_with,matched provenance identifier,claim:claim_rec_src_search_8242cbb785a1_002_deaths,claim,claim_comparison:claim_cmp_968,claim_comparison,
compared_with,matched provenance identifier,claim:claim_rec_src_search_283a8bed6a9d_016_deaths,claim,claim_comparison:claim_cmp_968,claim_comparison,
compared_with,matched provenance identifier,claim:claim_rec_src_search_8242cbb785a1_002_deaths,claim,claim_comparison:claim_cmp_969,claim_comparison,
compared_with,matched provenance identifier,claim:claim_rec_src_search_283a8bed6a9d_017_deaths,claim,claim_comparison:claim_cmp_969,claim_comparison,
compared_with,matched provenance identifier,claim:claim_rec_src_search_8242cbb785a1_002_deaths,claim,claim_comparison:claim_cmp_970,claim_comparison,
compared_with,matched provenance identifier,claim:claim_rec_src_search_7cb311dd75e6_001_cases_confirmed,claim,claim_comparison:claim_cmp_970,claim_comparison,
compared_with,matched provenance identifier,claim:claim_rec_src_search_8242cbb785a1_003_cases_confirmed,claim,claim_comparison:claim_cmp_971,claim_comparison,
compared_with,matched provenance identifier,claim:claim_rec_src_search_8242cbb785a1_003_deaths,claim,claim_comparison:claim_cmp_971,claim_comparison,
compared_with,matched provenance identifier,claim:claim_rec_src_search_8242cbb785a1_003_cases_confirmed,claim,claim_comparison:claim_cmp_972,claim_comparison,
compared_with,matched provenance identifier,claim:claim_rec_src_search_8242cbb785a1_004_cases_confirmed,claim,claim_comparison:claim_cmp_972,claim_comparison,
compared_with,matched provenance identifier,claim:claim_rec_src_search_8242cbb785a1_003_cases_confirmed,claim,claim_comparison:claim_cmp_973,claim_comparison,
compared_with,matched provenance identifier,claim:claim_rec_src_search_8242cbb785a1_004_deaths,claim,claim_comparison:claim_cmp_973,claim_comparison,
compared_with,matched provenance identifier,claim:claim_rec_src_search_8242cbb785a1_003_cases_confirmed,claim,claim_comparison:claim_cmp_974,claim_comparison,
compared_with,matched provenance identifier,claim:claim_rec_src_search_6e578fc529e9_001_cases_confirmed,claim,claim_comparison:claim_cmp_974,claim_comparison,
compared_with,matched provenance identifier,claim:claim_rec_src_search_8242cbb785a1_003_cases_confirmed,claim,claim_comparison:claim_cmp_975,claim_comparison,
compared_with,matched provenance identifier,claim:claim_rec_src_search_6e578fc529e9_001_deaths,claim,claim_comparison:claim_cmp_975,claim_comparison,
compared_with,matched provenance identifier,claim:claim_rec_src_search_8242cbb785a1_003_cases_confirmed,claim,claim_comparison:claim_cmp_976,claim_comparison,
compared_with,matched provenance identifier,claim:claim_rec_src_search_cd5fb2750261_001_cases_confirmed,claim,claim_comparison:claim_cmp_976,claim_comparison,
compared_with,matched provenance identifier,claim:claim_rec_src_search_8242cbb785a1_003_cases_confirmed,claim,claim_comparison:claim_cmp_977,claim_comparison,
compared_with,matched provenance identifier,claim:claim_rec_src_search_cd5fb2750261_002_cases_confirmed,claim,claim_comparison:claim_cmp_977,claim_comparison,
compared_with,matched provenance identifier,claim:claim_rec_src_search_8242cbb785a1_003_cases_confirmed,claim,claim_comparison:claim_cmp_978,claim_comparison,
compared_with,matched provenance identifier,claim:claim_rec_src_search_d1d6036be2f6_001_cases_unspecified,claim,claim_comparison:claim_cmp_978,claim_comparison,
compared_with,matched provenance identifier,claim:claim_rec_src_search_8242cbb785a1_003_cases_confirmed,claim,claim_comparison:claim_cmp_979,claim_comparison,
compared_with,matched provenance identifier,claim:claim_rec_src_search_d1d6036be2f6_002_cases_unspecified,claim,claim_comparison:claim_cmp_979,claim_comparison,
compared_with,matched provenance identifier,claim:claim_rec_src_search_8242cbb785a1_003_cases_confirmed,claim,claim_comparison:claim_cmp_980,claim_comparison,
compared_with,matched provenance identifier,claim:claim_rec_src_search_d1d6036be2f6_003_observation,claim,claim_comparison:claim_cmp_980,claim_comparison,
compared_with,matched provenance identifier,claim:claim_rec_src_search_8242cbb785a1_003_cases_confirmed,claim,claim_comparison:claim_cmp_981,claim_comparison,
compared_with,matched provenance identifier,claim:claim_rec_src_search_d1d6036be2f6_004_cases_confirmed,claim,claim_comparison:claim_cmp_981,claim_comparison,
compared_with,matched provenance identifier,claim:claim_rec_src_search_8242cbb785a1_003_cases_confirmed,claim,claim_comparison:claim_cmp_982,claim_comparison,
compared_with,matched provenance identifier,claim:claim_rec_src_search_d1d6036be2f6_004_deaths,claim,claim_comparison:claim_cmp_982,claim_comparison,
compared_with,matched provenance identifier,claim:claim_rec_src_search_8242cbb785a1_003_cases_confirmed,claim,claim_comparison:claim_cmp_983,claim_comparison,
compared_with,matched provenance identifier,claim:claim_rec_src_search_d1d6036be2f6_005_observation,claim,claim_comparison:claim_cmp_983,claim_comparison,
compared_with,matched provenance identifier,claim:claim_rec_src_search_8242cbb785a1_003_cases_confirmed,claim,claim_comparison:claim_cmp_984,claim_comparison,
compared_with,matched provenance identifier,claim:claim_rec_src_search_d1d6036be2f6_006_cases_unspecified,claim,claim_comparison:claim_cmp_984,claim_comparison,
compared_with,matched provenance identifier,claim:claim_rec_src_search_8242cbb785a1_003_cases_confirmed,claim,claim_comparison:claim_cmp_985,claim_comparison,
compared_with,matched provenance identifier,claim:claim_rec_src_search_d1d6036be2f6_007_cases_unspecified,claim,claim_comparison:claim_cmp_985,claim_comparison,
compared_with,matched provenance identifier,claim:claim_rec_src_search_8242cbb785a1_003_cases_confirmed,claim,claim_comparison:claim_cmp_986,claim_comparison,
compared_with,matched provenance identifier,claim:claim_rec_src_search_3109afb35d90_001_cases_confirmed,claim,claim_comparison:claim_cmp_986,claim_comparison,
compared_with,matched provenance identifier,claim:claim_rec_src_search_8242cbb785a1_003_cases_confirmed,claim,claim_comparison:claim_cmp_987,claim_comparison,
compared_with,matched provenance identifier,claim:claim_rec_src_search_3109afb35d90_002_cases_unspecified,claim,claim_comparison:claim_cmp_987,claim_comparison,
compared_with,matched provenance identifier,claim:claim_rec_src_search_8242cbb785a1_003_cases_confirmed,claim,claim_comparison:claim_cmp_988,claim_comparison,
compared_with,matched provenance identifier,claim:claim_rec_src_search_3109afb35d90_003_cases_unspecified,claim,claim_comparison:claim_cmp_988,claim_comparison,
compared_with,matched provenance identifier,claim:claim_rec_src_search_8242cbb785a1_003_cases_confirmed,claim,claim_comparison:claim_cmp_989,claim_comparison,
compared_with,matched provenance identifier,claim:claim_rec_src_search_3109afb35d90_004_cases_unspecified,claim,claim_comparison:claim_cmp_989,claim_comparison,
compared_with,matched provenance identifier,claim:claim_rec_src_search_8242cbb785a1_003_cases_confirmed,claim,claim_comparison:claim_cmp_990,claim_comparison,
compared_with,matched provenance identifier,claim:claim_rec_src_search_283a8bed6a9d_001_cases_confirmed,claim,claim_comparison:claim_cmp_990,claim_comparison,
compared_with,matched provenance identifier,claim:claim_rec_src_search_8242cbb785a1_003_cases_confirmed,claim,claim_comparison:claim_cmp_991,claim_comparison,
compared_with,matched provenance identifier,claim:claim_rec_src_search_283a8bed6a9d_002_cases_confirmed,claim,claim_comparison:claim_cmp_991,claim_comparison,
compared_with,matched provenance identifier,claim:claim_rec_src_search_8242cbb785a1_003_cases_confirmed,claim,claim_comparison:claim_cmp_992,claim_comparison,
compared_with,matched provenance identifier,claim:claim_rec_src_search_283a8bed6a9d_003_observation,claim,claim_comparison:claim_cmp_992,claim_comparison,
compared_with,matched provenance identifier,claim:claim_rec_src_search_8242cbb785a1_003_cases_confirmed,claim,claim_comparison:claim_cmp_993,claim_comparison,
compared_with,matched provenance identifier,claim:claim_rec_src_search_283a8bed6a9d_004_observation,claim,claim_comparison:claim_cmp_993,claim_comparison,
compared_with,matched provenance identifier,claim:claim_rec_src_search_8242cbb785a1_003_cases_confirmed,claim,claim_comparison:claim_cmp_994,claim_comparison,
compared_with,matched provenance identifier,claim:claim_rec_src_search_283a8bed6a9d_005_cases_unspecified,claim,claim_comparison:claim_cmp_994,claim_comparison,
compared_with,matched provenance identifier,claim:claim_rec_src_search_8242cbb785a1_003_cases_confirmed,claim,claim_comparison:claim_cmp_995,claim_comparison,
compared_with,matched provenance identifier,claim:claim_rec_src_search_283a8bed6a9d_006_observation,claim,claim_comparison:claim_cmp_995,claim_comparison,
compared_with,matched provenance identifier,claim:claim_rec_src_search_8242cbb785a1_003_cases_confirmed,claim,claim_comparison:claim_cmp_996,claim_comparison,
compared_with,matched provenance identifier,claim:claim_rec_src_search_283a8bed6a9d_007_cases_unspecified,claim,claim_comparison:claim_cmp_996,claim_comparison,
compared_with,matched provenance identifier,claim:claim_rec_src_search_8242cbb785a1_003_cases_confirmed,claim,claim_comparison:claim_cmp_997,claim_comparison,
compared_with,matched provenance identifier,claim:claim_rec_src_search_283a8bed6a9d_008_observation,claim,claim_comparison:claim_cmp_997,claim_comparison,
compared_with,matched provenance identifier,claim:claim_rec_src_search_8242cbb785a1_003_cases_confirmed,claim,claim_comparison:claim_cmp_998,claim_comparison,
compared_with,matched provenance identifier,claim:claim_rec_src_search_283a8bed6a9d_009_cases_unspecified,claim,claim_comparison:claim_cmp_998,claim_comparison,
compared_with,matched provenance identifier,claim:claim_rec_src_search_8242cbb785a1_003_cases_confirmed,claim,claim_comparison:claim_cmp_999,claim_comparison,
compared_with,matched provenance identifier,claim:claim_rec_src_search_283a8bed6a9d_010_cases_unspecified,claim,claim_comparison:claim_cmp_999,claim_comparison,
compared_with,matched provenance identifier,claim:claim_rec_src_search_8242cbb785a1_003_cases_confirmed,claim,claim_comparison:claim_cmp_1000,claim_comparison,
compared_with,matched provenance identifier,claim:claim_rec_src_search_283a8bed6a9d_011_cases_unspecified,claim,claim_comparison:claim_cmp_1000,claim_comparison,
compared_with,matched provenance identifier,claim:claim_rec_src_search_8242cbb785a1_003_cases_confirmed,claim,claim_comparison:claim_cmp_1001,claim_comparison,
compared_with,matched provenance identifier,claim:claim_rec_src_search_283a8bed6a9d_011_hospitalizations,claim,claim_comparison:claim_cmp_1001,claim_comparison,
compared_with,matched provenance identifier,claim:claim_rec_src_search_8242cbb785a1_003_cases_confirmed,claim,claim_comparison:claim_cmp_1002,claim_comparison,
compared_with,matched provenance identifier,claim:claim_rec_src_search_283a8bed6a9d_012_hospitalizations,claim,claim_comparison:claim_cmp_1002,claim_comparison,
compared_with,matched provenance identifier,claim:claim_rec_src_search_8242cbb785a1_003_cases_confirmed,claim,claim_comparison:claim_cmp_1003,claim_comparison,
compared_with,matched provenance identifier,claim:claim_rec_src_search_283a8bed6a9d_013_hospitalizations,claim,claim_comparison:claim_cmp_1003,claim_comparison,
compared_with,matched provenance identifier,claim:claim_rec_src_search_8242cbb785a1_003_cases_confirmed,claim,claim_comparison:claim_cmp_1004,claim_comparison,
compared_with,matched provenance identifier,claim:claim_rec_src_search_283a8bed6a9d_014_hospitalizations,claim,claim_comparison:claim_cmp_1004,claim_comparison,
compared_with,matched provenance identifier,claim:claim_rec_src_search_8242cbb785a1_003_cases_confirmed,claim,claim_comparison:claim_cmp_1005,claim_comparison,
compared_with,matched provenance identifier,claim:claim_rec_src_search_283a8bed6a9d_015_cases_unspecified,claim,claim_comparison:claim_cmp_1005,claim_comparison,
compared_with,matched provenance identifier,claim:claim_rec_src_search_8242cbb785a1_003_cases_confirmed,claim,claim_comparison:claim_cmp_1006,claim_comparison,
compared_with,matched provenance identifier,claim:claim_rec_src_search_283a8bed6a9d_016_deaths,claim,claim_comparison:claim_cmp_1006,claim_comparison,
compared_with,matched provenance identifier,claim:claim_rec_src_search_8242cbb785a1_003_cases_confirmed,claim,claim_comparison:claim_cmp_1007,claim_comparison,
compared_with,matched provenance identifier,claim:claim_rec_src_search_283a8bed6a9d_017_deaths,claim,claim_comparison:claim_cmp_1007,claim_comparison,
compared_with,matched provenance identifier,claim:claim_rec_src_search_8242cbb785a1_003_cases_confirmed,claim,claim_comparison:claim_cmp_1008,claim_comparison,
compared_with,matched provenance identifier,claim:claim_rec_src_search_7cb311dd75e6_001_cases_confirmed,claim,claim_comparison:claim_cmp_1008,claim_comparison,
compared_with,matched provenance identifier,claim:claim_rec_src_search_8242cbb785a1_003_deaths,claim,claim_comparison:claim_cmp_1009,claim_comparison,
compared_with,matched provenance identifier,claim:claim_rec_src_search_8242cbb785a1_004_cases_confirmed,claim,claim_comparison:claim_cmp_1009,claim_comparison,
compared_with,matched provenance identifier,claim:claim_rec_src_search_8242cbb785a1_003_deaths,claim,claim_comparison:claim_cmp_1010,claim_comparison,
compared_with,matched provenance identifier,claim:claim_rec_src_search_8242cbb785a1_004_deaths,claim,claim_comparison:claim_cmp_1010,claim_comparison,
compared_with,matched provenance identifier,claim:claim_rec_src_search_8242cbb785a1_003_deaths,claim,claim_comparison:claim_cmp_1011,claim_comparison,
compared_with,matched provenance identifier,claim:claim_rec_src_search_6e578fc529e9_001_cases_confirmed,claim,claim_comparison:claim_cmp_1011,claim_comparison,
compared_with,matched provenance identifier,claim:claim_rec_src_search_8242cbb785a1_003_deaths,claim,claim_comparison:claim_cmp_1012,claim_comparison,
compared_with,matched provenance identifier,claim:claim_rec_src_search_6e578fc529e9_001_deaths,claim,claim_comparison:claim_cmp_1012,claim_comparison,
compared_with,matched provenance identifier,claim:claim_rec_src_search_8242cbb785a1_003_deaths,claim,claim_comparison:claim_cmp_1013,claim_comparison,
compared_with,matched provenance identifier,claim:claim_rec_src_search_cd5fb2750261_001_cases_confirmed,claim,claim_comparison:claim_cmp_1013,claim_comparison,
compared_with,matched provenance identifier,claim:claim_rec_src_search_8242cbb785a1_003_deaths,claim,claim_comparison:claim_cmp_1014,claim_comparison,
compared_with,matched provenance identifier,claim:claim_rec_src_search_cd5fb2750261_002_cases_confirmed,claim,claim_comparison:claim_cmp_1014,claim_comparison,
compared_with,matched provenance identifier,claim:claim_rec_src_search_8242cbb785a1_003_deaths,claim,claim_comparison:claim_cmp_1015,claim_comparison,
compared_with,matched provenance identifier,claim:claim_rec_src_search_d1d6036be2f6_001_cases_unspecified,claim,claim_comparison:claim_cmp_1015,claim_comparison,
compared_with,matched provenance identifier,claim:claim_rec_src_search_8242cbb785a1_003_deaths,claim,claim_comparison:claim_cmp_1016,claim_comparison,
compared_with,matched provenance identifier,claim:claim_rec_src_search_d1d6036be2f6_002_cases_unspecified,claim,claim_comparison:claim_cmp_1016,claim_comparison,
compared_with,matched provenance identifier,claim:claim_rec_src_search_8242cbb785a1_003_deaths,claim,claim_comparison:claim_cmp_1017,claim_comparison,
compared_with,matched provenance identifier,claim:claim_rec_src_search_d1d6036be2f6_003_observation,claim,claim_comparison:claim_cmp_1017,claim_comparison,
compared_with,matched provenance identifier,claim:claim_rec_src_search_8242cbb785a1_003_deaths,claim,claim_comparison:claim_cmp_1018,claim_comparison,
compared_with,matched provenance identifier,claim:claim_rec_src_search_d1d6036be2f6_004_cases_confirmed,claim,claim_comparison:claim_cmp_1018,claim_comparison,
compared_with,matched provenance identifier,claim:claim_rec_src_search_8242cbb785a1_003_deaths,claim,claim_comparison:claim_cmp_1019,claim_comparison,
compared_with,matched provenance identifier,claim:claim_rec_src_search_d1d6036be2f6_004_deaths,claim,claim_comparison:claim_cmp_1019,claim_comparison,
compared_with,matched provenance identifier,claim:claim_rec_src_search_8242cbb785a1_003_deaths,claim,claim_comparison:claim_cmp_1020,claim_comparison,
compared_with,matched provenance identifier,claim:claim_rec_src_search_d1d6036be2f6_005_observation,claim,claim_comparison:claim_cmp_1020,claim_comparison,
compared_with,matched provenance identifier,claim:claim_rec_src_search_8242cbb785a1_003_deaths,claim,claim_comparison:claim_cmp_1021,claim_comparison,
compared_with,matched provenance identifier,claim:claim_rec_src_search_d1d6036be2f6_006_cases_unspecified,claim,claim_comparison:claim_cmp_1021,claim_comparison,
compared_with,matched provenance identifier,claim:claim_rec_src_search_8242cbb785a1_003_deaths,claim,claim_comparison:claim_cmp_1022,claim_comparison,
compared_with,matched provenance identifier,claim:claim_rec_src_search_d1d6036be2f6_007_cases_unspecified,claim,claim_comparison:claim_cmp_1022,claim_comparison,
compared_with,matched provenance identifier,claim:claim_rec_src_search_8242cbb785a1_003_deaths,claim,claim_comparison:claim_cmp_1023,claim_comparison,
compared_with,matched provenance identifier,claim:claim_rec_src_search_3109afb35d90_001_cases_confirmed,claim,claim_comparison:claim_cmp_1023,claim_comparison,
compared_with,matched provenance identifier,claim:claim_rec_src_search_8242cbb785a1_003_deaths,claim,claim_comparison:claim_cmp_1024,claim_comparison,
compared_with,matched provenance identifier,claim:claim_rec_src_search_3109afb35d90_002_cases_unspecified,claim,claim_comparison:claim_cmp_1024,claim_comparison,
compared_with,matched provenance identifier,claim:claim_rec_src_search_8242cbb785a1_003_deaths,claim,claim_comparison:claim_cmp_1025,claim_comparison,
compared_with,matched provenance identifier,claim:claim_rec_src_search_3109afb35d90_003_cases_unspecified,claim,claim_comparison:claim_cmp_1025,claim_comparison,
compared_with,matched provenance identifier,claim:claim_rec_src_search_8242cbb785a1_003_deaths,claim,claim_comparison:claim_cmp_1026,claim_comparison,
compared_with,matched provenance identifier,claim:claim_rec_src_search_3109afb35d90_004_cases_unspecified,claim,claim_comparison:claim_cmp_1026,claim_comparison,
compared_with,matched provenance identifier,claim:claim_rec_src_search_8242cbb785a1_003_deaths,claim,claim_comparison:claim_cmp_1027,claim_comparison,
compared_with,matched provenance identifier,claim:claim_rec_src_search_283a8bed6a9d_001_cases_confirmed,claim,claim_comparison:claim_cmp_1027,claim_comparison,
compared_with,matched provenance identifier,claim:claim_rec_src_search_8242cbb785a1_003_deaths,claim,claim_comparison:claim_cmp_1028,claim_comparison,
compared_with,matched provenance identifier,claim:claim_rec_src_search_283a8bed6a9d_002_cases_confirmed,claim,claim_comparison:claim_cmp_1028,claim_comparison,
compared_with,matched provenance identifier,claim:claim_rec_src_search_8242cbb785a1_003_deaths,claim,claim_comparison:claim_cmp_1029,claim_comparison,
compared_with,matched provenance identifier,claim:claim_rec_src_search_283a8bed6a9d_003_observation,claim,claim_comparison:claim_cmp_1029,claim_comparison,
compared_with,matched provenance identifier,claim:claim_rec_src_search_8242cbb785a1_003_deaths,claim,claim_comparison:claim_cmp_1030,claim_comparison,
compared_with,matched provenance identifier,claim:claim_rec_src_search_283a8bed6a9d_004_observation,claim,claim_comparison:claim_cmp_1030,claim_comparison,
compared_with,matched provenance identifier,claim:claim_rec_src_search_8242cbb785a1_003_deaths,claim,claim_comparison:claim_cmp_1031,claim_comparison,
compared_with,matched provenance identifier,claim:claim_rec_src_search_283a8bed6a9d_005_cases_unspecified,claim,claim_comparison:claim_cmp_1031,claim_comparison,
compared_with,matched provenance identifier,claim:claim_rec_src_search_8242cbb785a1_003_deaths,claim,claim_comparison:claim_cmp_1032,claim_comparison,
compared_with,matched provenance identifier,claim:claim_rec_src_search_283a8bed6a9d_006_observation,claim,claim_comparison:claim_cmp_1032,claim_comparison,
compared_with,matched provenance identifier,claim:claim_rec_src_search_8242cbb785a1_003_deaths,claim,claim_comparison:claim_cmp_1033,claim_comparison,
compared_with,matched provenance identifier,claim:claim_rec_src_search_283a8bed6a9d_007_cases_unspecified,claim,claim_comparison:claim_cmp_1033,claim_comparison,
compared_with,matched provenance identifier,claim:claim_rec_src_search_8242cbb785a1_003_deaths,claim,claim_comparison:claim_cmp_1034,claim_comparison,
compared_with,matched provenance identifier,claim:claim_rec_src_search_283a8bed6a9d_008_observation,claim,claim_comparison:claim_cmp_1034,claim_comparison,
compared_with,matched provenance identifier,claim:claim_rec_src_search_8242cbb785a1_003_deaths,claim,claim_comparison:claim_cmp_1035,claim_comparison,
compared_with,matched provenance identifier,claim:claim_rec_src_search_283a8bed6a9d_009_cases_unspecified,claim,claim_comparison:claim_cmp_1035,claim_comparison,
compared_with,matched provenance identifier,claim:claim_rec_src_search_8242cbb785a1_003_deaths,claim,claim_comparison:claim_cmp_1036,claim_comparison,
compared_with,matched provenance identifier,claim:claim_rec_src_search_283a8bed6a9d_010_cases_unspecified,claim,claim_comparison:claim_cmp_1036,claim_comparison,
compared_with,matched provenance identifier,claim:claim_rec_src_search_8242cbb785a1_003_deaths,claim,claim_comparison:claim_cmp_1037,claim_comparison,
compared_with,matched provenance identifier,claim:claim_rec_src_search_283a8bed6a9d_011_cases_unspecified,claim,claim_comparison:claim_cmp_1037,claim_comparison,
compared_with,matched provenance identifier,claim:claim_rec_src_search_8242cbb785a1_003_deaths,claim,claim_comparison:claim_cmp_1038,claim_comparison,
compared_with,matched provenance identifier,claim:claim_rec_src_search_283a8bed6a9d_011_hospitalizations,claim,claim_comparison:claim_cmp_1038,claim_comparison,
compared_with,matched provenance identifier,claim:claim_rec_src_search_8242cbb785a1_003_deaths,claim,claim_comparison:claim_cmp_1039,claim_comparison,
compared_with,matched provenance identifier,claim:claim_rec_src_search_283a8bed6a9d_012_hospitalizations,claim,claim_comparison:claim_cmp_1039,claim_comparison,
compared_with,matched provenance identifier,claim:claim_rec_src_search_8242cbb785a1_003_deaths,claim,claim_comparison:claim_cmp_1040,claim_comparison,
compared_with,matched provenance identifier,claim:claim_rec_src_search_283a8bed6a9d_013_hospitalizations,claim,claim_comparison:claim_cmp_1040,claim_comparison,
compared_with,matched provenance identifier,claim:claim_rec_src_search_8242cbb785a1_003_deaths,claim,claim_comparison:claim_cmp_1041,claim_comparison,
compared_with,matched provenance identifier,claim:claim_rec_src_search_283a8bed6a9d_014_hospitalizations,claim,claim_comparison:claim_cmp_1041,claim_comparison,
compared_with,matched provenance identifier,claim:claim_rec_src_search_8242cbb785a1_003_deaths,claim,claim_comparison:claim_cmp_1042,claim_comparison,
compared_with,matched provenance identifier,claim:claim_rec_src_search_283a8bed6a9d_015_cases_unspecified,claim,claim_comparison:claim_cmp_1042,claim_comparison,
compared_with,matched provenance identifier,claim:claim_rec_src_search_8242cbb785a1_003_deaths,claim,claim_comparison:claim_cmp_1043,claim_comparison,
compared_with,matched provenance identifier,claim:claim_rec_src_search_283a8bed6a9d_016_deaths,claim,claim_comparison:claim_cmp_1043,claim_comparison,
compared_with,matched provenance identifier,claim:claim_rec_src_search_8242cbb785a1_003_deaths,claim,claim_comparison:claim_cmp_1044,claim_comparison,
compared_with,matched provenance identifier,claim:claim_rec_src_search_283a8bed6a9d_017_deaths,claim,claim_comparison:claim_cmp_1044,claim_comparison,
compared_with,matched provenance identifier,claim:claim_rec_src_search_8242cbb785a1_003_deaths,claim,claim_comparison:claim_cmp_1045,claim_comparison,
compared_with,matched provenance identifier,claim:claim_rec_src_search_7cb311dd75e6_001_cases_confirmed,claim,claim_comparison:claim_cmp_1045,claim_comparison,
compared_with,matched provenance identifier,claim:claim_rec_src_search_8242cbb785a1_004_cases_confirmed,claim,claim_comparison:claim_cmp_1046,claim_comparison,
compared_with,matched provenance identifier,claim:claim_rec_src_search_8242cbb785a1_004_deaths,claim,claim_comparison:claim_cmp_1046,claim_comparison,
compared_with,matched provenance identifier,claim:claim_rec_src_search_8242cbb785a1_004_cases_confirmed,claim,claim_comparison:claim_cmp_1047,claim_comparison,
compared_with,matched provenance identifier,claim:claim_rec_src_search_6e578fc529e9_001_cases_confirmed,claim,claim_comparison:claim_cmp_1047,claim_comparison,
compared_with,matched provenance identifier,claim:claim_rec_src_search_8242cbb785a1_004_cases_confirmed,claim,claim_comparison:claim_cmp_1048,claim_comparison,
compared_with,matched provenance identifier,claim:claim_rec_src_search_6e578fc529e9_001_deaths,claim,claim_comparison:claim_cmp_1048,claim_comparison,
compared_with,matched provenance identifier,claim:claim_rec_src_search_8242cbb785a1_004_cases_confirmed,claim,claim_comparison:claim_cmp_1049,claim_comparison,
compared_with,matched provenance identifier,claim:claim_rec_src_search_cd5fb2750261_001_cases_confirmed,claim,claim_comparison:claim_cmp_1049,claim_comparison,
compared_with,matched provenance identifier,claim:claim_rec_src_search_8242cbb785a1_004_cases_confirmed,claim,claim_comparison:claim_cmp_1050,claim_comparison,
compared_with,matched provenance identifier,claim:claim_rec_src_search_cd5fb2750261_002_cases_confirmed,claim,claim_comparison:claim_cmp_1050,claim_comparison,
compared_with,matched provenance identifier,claim:claim_rec_src_search_8242cbb785a1_004_cases_confirmed,claim,claim_comparison:claim_cmp_1051,claim_comparison,
compared_with,matched provenance identifier,claim:claim_rec_src_search_d1d6036be2f6_001_cases_unspecified,claim,claim_comparison:claim_cmp_1051,claim_comparison,
compared_with,matched provenance identifier,claim:claim_rec_src_search_8242cbb785a1_004_cases_confirmed,claim,claim_comparison:claim_cmp_1052,claim_comparison,
compared_with,matched provenance identifier,claim:claim_rec_src_search_d1d6036be2f6_002_cases_unspecified,claim,claim_comparison:claim_cmp_1052,claim_comparison,
compared_with,matched provenance identifier,claim:claim_rec_src_search_8242cbb785a1_004_cases_confirmed,claim,claim_comparison:claim_cmp_1053,claim_comparison,
compared_with,matched provenance identifier,claim:claim_rec_src_search_d1d6036be2f6_003_observation,claim,claim_comparison:claim_cmp_1053,claim_comparison,
compared_with,matched provenance identifier,claim:claim_rec_src_search_8242cbb785a1_004_cases_confirmed,claim,claim_comparison:claim_cmp_1054,claim_comparison,
compared_with,matched provenance identifier,claim:claim_rec_src_search_d1d6036be2f6_004_cases_confirmed,claim,claim_comparison:claim_cmp_1054,claim_comparison,
compared_with,matched provenance identifier,claim:claim_rec_src_search_8242cbb785a1_004_cases_confirmed,claim,claim_comparison:claim_cmp_1055,claim_comparison,
compared_with,matched provenance identifier,claim:claim_rec_src_search_d1d6036be2f6_004_deaths,claim,claim_comparison:claim_cmp_1055,claim_comparison,
compared_with,matched provenance identifier,claim:claim_rec_src_search_8242cbb785a1_004_cases_confirmed,claim,claim_comparison:claim_cmp_1056,claim_comparison,
compared_with,matched provenance identifier,claim:claim_rec_src_search_d1d6036be2f6_005_observation,claim,claim_comparison:claim_cmp_1056,claim_comparison,
compared_with,matched provenance identifier,claim:claim_rec_src_search_8242cbb785a1_004_cases_confirmed,claim,claim_comparison:claim_cmp_1057,claim_comparison,
compared_with,matched provenance identifier,claim:claim_rec_src_search_d1d6036be2f6_006_cases_unspecified,claim,claim_comparison:claim_cmp_1057,claim_comparison,
compared_with,matched provenance identifier,claim:claim_rec_src_search_8242cbb785a1_004_cases_confirmed,claim,claim_comparison:claim_cmp_1058,claim_comparison,
compared_with,matched provenance identifier,claim:claim_rec_src_search_d1d6036be2f6_007_cases_unspecified,claim,claim_comparison:claim_cmp_1058,claim_comparison,
compared_with,matched provenance identifier,claim:claim_rec_src_search_8242cbb785a1_004_cases_confirmed,claim,claim_comparison:claim_cmp_1059,claim_comparison,
compared_with,matched provenance identifier,claim:claim_rec_src_search_3109afb35d90_001_cases_confirmed,claim,claim_comparison:claim_cmp_1059,claim_comparison,
compared_with,matched provenance identifier,claim:claim_rec_src_search_8242cbb785a1_004_cases_confirmed,claim,claim_comparison:claim_cmp_1060,claim_comparison,
compared_with,matched provenance identifier,claim:claim_rec_src_search_3109afb35d90_002_cases_unspecified,claim,claim_comparison:claim_cmp_1060,claim_comparison,
compared_with,matched provenance identifier,claim:claim_rec_src_search_8242cbb785a1_004_cases_confirmed,claim,claim_comparison:claim_cmp_1061,claim_comparison,
compared_with,matched provenance identifier,claim:claim_rec_src_search_3109afb35d90_003_cases_unspecified,claim,claim_comparison:claim_cmp_1061,claim_comparison,
compared_with,matched provenance identifier,claim:claim_rec_src_search_8242cbb785a1_004_cases_confirmed,claim,claim_comparison:claim_cmp_1062,claim_comparison,
compared_with,matched provenance identifier,claim:claim_rec_src_search_3109afb35d90_004_cases_unspecified,claim,claim_comparison:claim_cmp_1062,claim_comparison,
compared_with,matched provenance identifier,claim:claim_rec_src_search_8242cbb785a1_004_cases_confirmed,claim,claim_comparison:claim_cmp_1063,claim_comparison,
compared_with,matched provenance identifier,claim:claim_rec_src_search_283a8bed6a9d_001_cases_confirmed,claim,claim_comparison:claim_cmp_1063,claim_comparison,
compared_with,matched provenance identifier,claim:claim_rec_src_search_8242cbb785a1_004_cases_confirmed,claim,claim_comparison:claim_cmp_1064,claim_comparison,
compared_with,matched provenance identifier,claim:claim_rec_src_search_283a8bed6a9d_002_cases_confirmed,claim,claim_comparison:claim_cmp_1064,claim_comparison,
compared_with,matched provenance identifier,claim:claim_rec_src_search_8242cbb785a1_004_cases_confirmed,claim,claim_comparison:claim_cmp_1065,claim_comparison,
compared_with,matched provenance identifier,claim:claim_rec_src_search_283a8bed6a9d_003_observation,claim,claim_comparison:claim_cmp_1065,claim_comparison,
compared_with,matched provenance identifier,claim:claim_rec_src_search_8242cbb785a1_004_cases_confirmed,claim,claim_comparison:claim_cmp_1066,claim_comparison,
compared_with,matched provenance identifier,claim:claim_rec_src_search_283a8bed6a9d_004_observation,claim,claim_comparison:claim_cmp_1066,claim_comparison,
compared_with,matched provenance identifier,claim:claim_rec_src_search_8242cbb785a1_004_cases_confirmed,claim,claim_comparison:claim_cmp_1067,claim_comparison,
compared_with,matched provenance identifier,claim:claim_rec_src_search_283a8bed6a9d_005_cases_unspecified,claim,claim_comparison:claim_cmp_1067,claim_comparison,
compared_with,matched provenance identifier,claim:claim_rec_src_search_8242cbb785a1_004_cases_confirmed,claim,claim_comparison:claim_cmp_1068,claim_comparison,
compared_with,matched provenance identifier,claim:claim_rec_src_search_283a8bed6a9d_006_observation,claim,claim_comparison:claim_cmp_1068,claim_comparison,
compared_with,matched provenance identifier,claim:claim_rec_src_search_8242cbb785a1_004_cases_confirmed,claim,claim_comparison:claim_cmp_1069,claim_comparison,
compared_with,matched provenance identifier,claim:claim_rec_src_search_283a8bed6a9d_007_cases_unspecified,claim,claim_comparison:claim_cmp_1069,claim_comparison,
compared_with,matched provenance identifier,claim:claim_rec_src_search_8242cbb785a1_004_cases_confirmed,claim,claim_comparison:claim_cmp_1070,claim_comparison,
compared_with,matched provenance identifier,claim:claim_rec_src_search_283a8bed6a9d_008_observation,claim,claim_comparison:claim_cmp_1070,claim_comparison,
compared_with,matched provenance identifier,claim:claim_rec_src_search_8242cbb785a1_004_cases_confirmed,claim,claim_comparison:claim_cmp_1071,claim_comparison,
compared_with,matched provenance identifier,claim:claim_rec_src_search_283a8bed6a9d_009_cases_unspecified,claim,claim_comparison:claim_cmp_1071,claim_comparison,
compared_with,matched provenance identifier,claim:claim_rec_src_search_8242cbb785a1_004_cases_confirmed,claim,claim_comparison:claim_cmp_1072,claim_comparison,
compared_with,matched provenance identifier,claim:claim_rec_src_search_283a8bed6a9d_010_cases_unspecified,claim,claim_comparison:claim_cmp_1072,claim_comparison,
compared_with,matched provenance identifier,claim:claim_rec_src_search_8242cbb785a1_004_cases_confirmed,claim,claim_comparison:claim_cmp_1073,claim_comparison,
compared_with,matched provenance identifier,claim:claim_rec_src_search_283a8bed6a9d_011_cases_unspecified,claim,claim_comparison:claim_cmp_1073,claim_comparison,
compared_with,matched provenance identifier,claim:claim_rec_src_search_8242cbb785a1_004_cases_confirmed,claim,claim_comparison:claim_cmp_1074,claim_comparison,
compared_with,matched provenance identifier,claim:claim_rec_src_search_283a8bed6a9d_011_hospitalizations,claim,claim_comparison:claim_cmp_1074,claim_comparison,
compared_with,matched provenance identifier,claim:claim_rec_src_search_8242cbb785a1_004_cases_confirmed,claim,claim_comparison:claim_cmp_1075,claim_comparison,
compared_with,matched provenance identifier,claim:claim_rec_src_search_283a8bed6a9d_012_hospitalizations,claim,claim_comparison:claim_cmp_1075,claim_comparison,
compared_with,matched provenance identifier,claim:claim_rec_src_search_8242cbb785a1_004_cases_confirmed,claim,claim_comparison:claim_cmp_1076,claim_comparison,
compared_with,matched provenance identifier,claim:claim_rec_src_search_283a8bed6a9d_013_hospitalizations,claim,claim_comparison:claim_cmp_1076,claim_comparison,
compared_with,matched provenance identifier,claim:claim_rec_src_search_8242cbb785a1_004_cases_confirmed,claim,claim_comparison:claim_cmp_1077,claim_comparison,
compared_with,matched provenance identifier,claim:claim_rec_src_search_283a8bed6a9d_014_hospitalizations,claim,claim_comparison:claim_cmp_1077,claim_comparison,
compared_with,matched provenance identifier,claim:claim_rec_src_search_8242cbb785a1_004_cases_confirmed,claim,claim_comparison:claim_cmp_1078,claim_comparison,
compared_with,matched provenance identifier,claim:claim_rec_src_search_283a8bed6a9d_015_cases_unspecified,claim,claim_comparison:claim_cmp_1078,claim_comparison,
compared_with,matched provenance identifier,claim:claim_rec_src_search_8242cbb785a1_004_cases_confirmed,claim,claim_comparison:claim_cmp_1079,claim_comparison,
compared_with,matched provenance identifier,claim:claim_rec_src_search_283a8bed6a9d_016_deaths,claim,claim_comparison:claim_cmp_1079,claim_comparison,
compared_with,matched provenance identifier,claim:claim_rec_src_search_8242cbb785a1_004_cases_confirmed,claim,claim_comparison:claim_cmp_1080,claim_comparison,
compared_with,matched provenance identifier,claim:claim_rec_src_search_283a8bed6a9d_017_deaths,claim,claim_comparison:claim_cmp_1080,claim_comparison,
compared_with,matched provenance identifier,claim:claim_rec_src_search_8242cbb785a1_004_cases_confirmed,claim,claim_comparison:claim_cmp_1081,claim_comparison,
compared_with,matched provenance identifier,claim:claim_rec_src_search_7cb311dd75e6_001_cases_confirmed,claim,claim_comparison:claim_cmp_1081,claim_comparison,
compared_with,matched provenance identifier,claim:claim_rec_src_search_8242cbb785a1_004_deaths,claim,claim_comparison:claim_cmp_1082,claim_comparison,
compared_with,matched provenance identifier,claim:claim_rec_src_search_6e578fc529e9_001_cases_confirmed,claim,claim_comparison:claim_cmp_1082,claim_comparison,
compared_with,matched provenance identifier,claim:claim_rec_src_search_8242cbb785a1_004_deaths,claim,claim_comparison:claim_cmp_1083,claim_comparison,
compared_with,matched provenance identifier,claim:claim_rec_src_search_6e578fc529e9_001_deaths,claim,claim_comparison:claim_cmp_1083,claim_comparison,
compared_with,matched provenance identifier,claim:claim_rec_src_search_8242cbb785a1_004_deaths,claim,claim_comparison:claim_cmp_1084,claim_comparison,
compared_with,matched provenance identifier,claim:claim_rec_src_search_cd5fb2750261_001_cases_confirmed,claim,claim_comparison:claim_cmp_1084,claim_comparison,
compared_with,matched provenance identifier,claim:claim_rec_src_search_8242cbb785a1_004_deaths,claim,claim_comparison:claim_cmp_1085,claim_comparison,
compared_with,matched provenance identifier,claim:claim_rec_src_search_cd5fb2750261_002_cases_confirmed,claim,claim_comparison:claim_cmp_1085,claim_comparison,
compared_with,matched provenance identifier,claim:claim_rec_src_search_8242cbb785a1_004_deaths,claim,claim_comparison:claim_cmp_1086,claim_comparison,
compared_with,matched provenance identifier,claim:claim_rec_src_search_d1d6036be2f6_001_cases_unspecified,claim,claim_comparison:claim_cmp_1086,claim_comparison,
compared_with,matched provenance identifier,claim:claim_rec_src_search_8242cbb785a1_004_deaths,claim,claim_comparison:claim_cmp_1087,claim_comparison,
compared_with,matched provenance identifier,claim:claim_rec_src_search_d1d6036be2f6_002_cases_unspecified,claim,claim_comparison:claim_cmp_1087,claim_comparison,
compared_with,matched provenance identifier,claim:claim_rec_src_search_8242cbb785a1_004_deaths,claim,claim_comparison:claim_cmp_1088,claim_comparison,
compared_with,matched provenance identifier,claim:claim_rec_src_search_d1d6036be2f6_003_observation,claim,claim_comparison:claim_cmp_1088,claim_comparison,
compared_with,matched provenance identifier,claim:claim_rec_src_search_8242cbb785a1_004_deaths,claim,claim_comparison:claim_cmp_1089,claim_comparison,
compared_with,matched provenance identifier,claim:claim_rec_src_search_d1d6036be2f6_004_cases_confirmed,claim,claim_comparison:claim_cmp_1089,claim_comparison,
compared_with,matched provenance identifier,claim:claim_rec_src_search_8242cbb785a1_004_deaths,claim,claim_comparison:claim_cmp_1090,claim_comparison,
compared_with,matched provenance identifier,claim:claim_rec_src_search_d1d6036be2f6_004_deaths,claim,claim_comparison:claim_cmp_1090,claim_comparison,
compared_with,matched provenance identifier,claim:claim_rec_src_search_8242cbb785a1_004_deaths,claim,claim_comparison:claim_cmp_1091,claim_comparison,
compared_with,matched provenance identifier,claim:claim_rec_src_search_d1d6036be2f6_005_observation,claim,claim_comparison:claim_cmp_1091,claim_comparison,
compared_with,matched provenance identifier,claim:claim_rec_src_search_8242cbb785a1_004_deaths,claim,claim_comparison:claim_cmp_1092,claim_comparison,
compared_with,matched provenance identifier,claim:claim_rec_src_search_d1d6036be2f6_006_cases_unspecified,claim,claim_comparison:claim_cmp_1092,claim_comparison,
compared_with,matched provenance identifier,claim:claim_rec_src_search_8242cbb785a1_004_deaths,claim,claim_comparison:claim_cmp_1093,claim_comparison,
compared_with,matched provenance identifier,claim:claim_rec_src_search_d1d6036be2f6_007_cases_unspecified,claim,claim_comparison:claim_cmp_1093,claim_comparison,
compared_with,matched provenance identifier,claim:claim_rec_src_search_8242cbb785a1_004_deaths,claim,claim_comparison:claim_cmp_1094,claim_comparison,
compared_with,matched provenance identifier,claim:claim_rec_src_search_3109afb35d90_001_cases_confirmed,claim,claim_comparison:claim_cmp_1094,claim_comparison,
compared_with,matched provenance identifier,claim:claim_rec_src_search_8242cbb785a1_004_deaths,claim,claim_comparison:claim_cmp_1095,claim_comparison,
compared_with,matched provenance identifier,claim:claim_rec_src_search_3109afb35d90_002_cases_unspecified,claim,claim_comparison:claim_cmp_1095,claim_comparison,
compared_with,matched provenance identifier,claim:claim_rec_src_search_8242cbb785a1_004_deaths,claim,claim_comparison:claim_cmp_1096,claim_comparison,
compared_with,matched provenance identifier,claim:claim_rec_src_search_3109afb35d90_003_cases_unspecified,claim,claim_comparison:claim_cmp_1096,claim_comparison,
compared_with,matched provenance identifier,claim:claim_rec_src_search_8242cbb785a1_004_deaths,claim,claim_comparison:claim_cmp_1097,claim_comparison,
compared_with,matched provenance identifier,claim:claim_rec_src_search_3109afb35d90_004_cases_unspecified,claim,claim_comparison:claim_cmp_1097,claim_comparison,
compared_with,matched provenance identifier,claim:claim_rec_src_search_8242cbb785a1_004_deaths,claim,claim_comparison:claim_cmp_1098,claim_comparison,
compared_with,matched provenance identifier,claim:claim_rec_src_search_283a8bed6a9d_001_cases_confirmed,claim,claim_comparison:claim_cmp_1098,claim_comparison,
compared_with,matched provenance identifier,claim:claim_rec_src_search_8242cbb785a1_004_deaths,claim,claim_comparison:claim_cmp_1099,claim_comparison,
compared_with,matched provenance identifier,claim:claim_rec_src_search_283a8bed6a9d_002_cases_confirmed,claim,claim_comparison:claim_cmp_1099,claim_comparison,
compared_with,matched provenance identifier,claim:claim_rec_src_search_8242cbb785a1_004_deaths,claim,claim_comparison:claim_cmp_1100,claim_comparison,
compared_with,matched provenance identifier,claim:claim_rec_src_search_283a8bed6a9d_003_observation,claim,claim_comparison:claim_cmp_1100,claim_comparison,
compared_with,matched provenance identifier,claim:claim_rec_src_search_8242cbb785a1_004_deaths,claim,claim_comparison:claim_cmp_1101,claim_comparison,
compared_with,matched provenance identifier,claim:claim_rec_src_search_283a8bed6a9d_004_observation,claim,claim_comparison:claim_cmp_1101,claim_comparison,
compared_with,matched provenance identifier,claim:claim_rec_src_search_8242cbb785a1_004_deaths,claim,claim_comparison:claim_cmp_1102,claim_comparison,
compared_with,matched provenance identifier,claim:claim_rec_src_search_283a8bed6a9d_005_cases_unspecified,claim,claim_comparison:claim_cmp_1102,claim_comparison,
compared_with,matched provenance identifier,claim:claim_rec_src_search_8242cbb785a1_004_deaths,claim,claim_comparison:claim_cmp_1103,claim_comparison,
compared_with,matched provenance identifier,claim:claim_rec_src_search_283a8bed6a9d_006_observation,claim,claim_comparison:claim_cmp_1103,claim_comparison,
compared_with,matched provenance identifier,claim:claim_rec_src_search_8242cbb785a1_004_deaths,claim,claim_comparison:claim_cmp_1104,claim_comparison,
compared_with,matched provenance identifier,claim:claim_rec_src_search_283a8bed6a9d_007_cases_unspecified,claim,claim_comparison:claim_cmp_1104,claim_comparison,
compared_with,matched provenance identifier,claim:claim_rec_src_search_8242cbb785a1_004_deaths,claim,claim_comparison:claim_cmp_1105,claim_comparison,
compared_with,matched provenance identifier,claim:claim_rec_src_search_283a8bed6a9d_008_observation,claim,claim_comparison:claim_cmp_1105,claim_comparison,
compared_with,matched provenance identifier,claim:claim_rec_src_search_8242cbb785a1_004_deaths,claim,claim_comparison:claim_cmp_1106,claim_comparison,
compared_with,matched provenance identifier,claim:claim_rec_src_search_283a8bed6a9d_009_cases_unspecified,claim,claim_comparison:claim_cmp_1106,claim_comparison,
compared_with,matched provenance identifier,claim:claim_rec_src_search_8242cbb785a1_004_deaths,claim,claim_comparison:claim_cmp_1107,claim_comparison,
compared_with,matched provenance identifier,claim:claim_rec_src_search_283a8bed6a9d_010_cases_unspecified,claim,claim_comparison:claim_cmp_1107,claim_comparison,
compared_with,matched provenance identifier,claim:claim_rec_src_search_8242cbb785a1_004_deaths,claim,claim_comparison:claim_cmp_1108,claim_comparison,
compared_with,matched provenance identifier,claim:claim_rec_src_search_283a8bed6a9d_011_cases_unspecified,claim,claim_comparison:claim_cmp_1108,claim_comparison,
compared_with,matched provenance identifier,claim:claim_rec_src_search_8242cbb785a1_004_deaths,claim,claim_comparison:claim_cmp_1109,claim_comparison,
compared_with,matched provenance identifier,claim:claim_rec_src_search_283a8bed6a9d_011_hospitalizations,claim,claim_comparison:claim_cmp_1109,claim_comparison,
compared_with,matched provenance identifier,claim:claim_rec_src_search_8242cbb785a1_004_deaths,claim,claim_comparison:claim_cmp_1110,claim_comparison,
compared_with,matched provenance identifier,claim:claim_rec_src_search_283a8bed6a9d_012_hospitalizations,claim,claim_comparison:claim_cmp_1110,claim_comparison,
compared_with,matched provenance identifier,claim:claim_rec_src_search_8242cbb785a1_004_deaths,claim,claim_comparison:claim_cmp_1111,claim_comparison,
compared_with,matched provenance identifier,claim:claim_rec_src_search_283a8bed6a9d_013_hospitalizations,claim,claim_comparison:claim_cmp_1111,claim_comparison,
compared_with,matched provenance identifier,claim:claim_rec_src_search_8242cbb785a1_004_deaths,claim,claim_comparison:claim_cmp_1112,claim_comparison,
compared_with,matched provenance identifier,claim:claim_rec_src_search_283a8bed6a9d_014_hospitalizations,claim,claim_comparison:claim_cmp_1112,claim_comparison,
compared_with,matched provenance identifier,claim:claim_rec_src_search_8242cbb785a1_004_deaths,claim,claim_comparison:claim_cmp_1113,claim_comparison,
compared_with,matched provenance identifier,claim:claim_rec_src_search_283a8bed6a9d_015_cases_unspecified,claim,claim_comparison:claim_cmp_1113,claim_comparison,
compared_with,matched provenance identifier,claim:claim_rec_src_search_8242cbb785a1_004_deaths,claim,claim_comparison:claim_cmp_1114,claim_comparison,
compared_with,matched provenance identifier,claim:claim_rec_src_search_283a8bed6a9d_016_deaths,claim,claim_comparison:claim_cmp_1114,claim_comparison,
compared_with,matched provenance identifier,claim:claim_rec_src_search_8242cbb785a1_004_deaths,claim,claim_comparison:claim_cmp_1115,claim_comparison,
compared_with,matched provenance identifier,claim:claim_rec_src_search_283a8bed6a9d_017_deaths,claim,claim_comparison:claim_cmp_1115,claim_comparison,
compared_with,matched provenance identifier,claim:claim_rec_src_search_8242cbb785a1_004_deaths,claim,claim_comparison:claim_cmp_1116,claim_comparison,
compared_with,matched provenance identifier,claim:claim_rec_src_search_7cb311dd75e6_001_cases_confirmed,claim,claim_comparison:claim_cmp_1116,claim_comparison,
compared_with,matched provenance identifier,claim:claim_rec_src_search_6e578fc529e9_001_cases_confirmed,claim,claim_comparison:claim_cmp_1117,claim_comparison,
compared_with,matched provenance identifier,claim:claim_rec_src_search_6e578fc529e9_001_deaths,claim,claim_comparison:claim_cmp_1117,claim_comparison,
compared_with,matched provenance identifier,claim:claim_rec_src_search_6e578fc529e9_001_cases_confirmed,claim,claim_comparison:claim_cmp_1118,claim_comparison,
compared_with,matched provenance identifier,claim:claim_rec_src_search_cd5fb2750261_001_cases_confirmed,claim,claim_comparison:claim_cmp_1118,claim_comparison,
compared_with,matched provenance identifier,claim:claim_rec_src_search_6e578fc529e9_001_cases_confirmed,claim,claim_comparison:claim_cmp_1119,claim_comparison,
compared_with,matched provenance identifier,claim:claim_rec_src_search_cd5fb2750261_002_cases_confirmed,claim,claim_comparison:claim_cmp_1119,claim_comparison,
compared_with,matched provenance identifier,claim:claim_rec_src_search_6e578fc529e9_001_cases_confirmed,claim,claim_comparison:claim_cmp_1120,claim_comparison,
compared_with,matched provenance identifier,claim:claim_rec_src_search_d1d6036be2f6_001_cases_unspecified,claim,claim_comparison:claim_cmp_1120,claim_comparison,
compared_with,matched provenance identifier,claim:claim_rec_src_search_6e578fc529e9_001_cases_confirmed,claim,claim_comparison:claim_cmp_1121,claim_comparison,
compared_with,matched provenance identifier,claim:claim_rec_src_search_d1d6036be2f6_002_cases_unspecified,claim,claim_comparison:claim_cmp_1121,claim_comparison,
compared_with,matched provenance identifier,claim:claim_rec_src_search_6e578fc529e9_001_cases_confirmed,claim,claim_comparison:claim_cmp_1122,claim_comparison,
compared_with,matched provenance identifier,claim:claim_rec_src_search_d1d6036be2f6_003_observation,claim,claim_comparison:claim_cmp_1122,claim_comparison,
compared_with,matched provenance identifier,claim:claim_rec_src_search_6e578fc529e9_001_cases_confirmed,claim,claim_comparison:claim_cmp_1123,claim_comparison,
compared_with,matched provenance identifier,claim:claim_rec_src_search_d1d6036be2f6_004_cases_confirmed,claim,claim_comparison:claim_cmp_1123,claim_comparison,
compared_with,matched provenance identifier,claim:claim_rec_src_search_6e578fc529e9_001_cases_confirmed,claim,claim_comparison:claim_cmp_1124,claim_comparison,
compared_with,matched provenance identifier,claim:claim_rec_src_search_d1d6036be2f6_004_deaths,claim,claim_comparison:claim_cmp_1124,claim_comparison,
compared_with,matched provenance identifier,claim:claim_rec_src_search_6e578fc529e9_001_cases_confirmed,claim,claim_comparison:claim_cmp_1125,claim_comparison,
compared_with,matched provenance identifier,claim:claim_rec_src_search_d1d6036be2f6_005_observation,claim,claim_comparison:claim_cmp_1125,claim_comparison,
compared_with,matched provenance identifier,claim:claim_rec_src_search_6e578fc529e9_001_cases_confirmed,claim,claim_comparison:claim_cmp_1126,claim_comparison,
compared_with,matched provenance identifier,claim:claim_rec_src_search_d1d6036be2f6_006_cases_unspecified,claim,claim_comparison:claim_cmp_1126,claim_comparison,
compared_with,matched provenance identifier,claim:claim_rec_src_search_6e578fc529e9_001_cases_confirmed,claim,claim_comparison:claim_cmp_1127,claim_comparison,
compared_with,matched provenance identifier,claim:claim_rec_src_search_d1d6036be2f6_007_cases_unspecified,claim,claim_comparison:claim_cmp_1127,claim_comparison,
compared_with,matched provenance identifier,claim:claim_rec_src_search_6e578fc529e9_001_cases_confirmed,claim,claim_comparison:claim_cmp_1128,claim_comparison,
compared_with,matched provenance identifier,claim:claim_rec_src_search_3109afb35d90_001_cases_confirmed,claim,claim_comparison:claim_cmp_1128,claim_comparison,
compared_with,matched provenance identifier,claim:claim_rec_src_search_6e578fc529e9_001_cases_confirmed,claim,claim_comparison:claim_cmp_1129,claim_comparison,
compared_with,matched provenance identifier,claim:claim_rec_src_search_3109afb35d90_002_cases_unspecified,claim,claim_comparison:claim_cmp_1129,claim_comparison,
compared_with,matched provenance identifier,claim:claim_rec_src_search_6e578fc529e9_001_cases_confirmed,claim,claim_comparison:claim_cmp_1130,claim_comparison,
compared_with,matched provenance identifier,claim:claim_rec_src_search_3109afb35d90_003_cases_unspecified,claim,claim_comparison:claim_cmp_1130,claim_comparison,
compared_with,matched provenance identifier,claim:claim_rec_src_search_6e578fc529e9_001_cases_confirmed,claim,claim_comparison:claim_cmp_1131,claim_comparison,
compared_with,matched provenance identifier,claim:claim_rec_src_search_3109afb35d90_004_cases_unspecified,claim,claim_comparison:claim_cmp_1131,claim_comparison,
compared_with,matched provenance identifier,claim:claim_rec_src_search_6e578fc529e9_001_cases_confirmed,claim,claim_comparison:claim_cmp_1132,claim_comparison,
compared_with,matched provenance identifier,claim:claim_rec_src_search_283a8bed6a9d_001_cases_confirmed,claim,claim_comparison:claim_cmp_1132,claim_comparison,
compared_with,matched provenance identifier,claim:claim_rec_src_search_6e578fc529e9_001_cases_confirmed,claim,claim_comparison:claim_cmp_1133,claim_comparison,
compared_with,matched provenance identifier,claim:claim_rec_src_search_283a8bed6a9d_002_cases_confirmed,claim,claim_comparison:claim_cmp_1133,claim_comparison,
compared_with,matched provenance identifier,claim:claim_rec_src_search_6e578fc529e9_001_cases_confirmed,claim,claim_comparison:claim_cmp_1134,claim_comparison,
compared_with,matched provenance identifier,claim:claim_rec_src_search_283a8bed6a9d_003_observation,claim,claim_comparison:claim_cmp_1134,claim_comparison,
compared_with,matched provenance identifier,claim:claim_rec_src_search_6e578fc529e9_001_cases_confirmed,claim,claim_comparison:claim_cmp_1135,claim_comparison,
compared_with,matched provenance identifier,claim:claim_rec_src_search_283a8bed6a9d_004_observation,claim,claim_comparison:claim_cmp_1135,claim_comparison,
compared_with,matched provenance identifier,claim:claim_rec_src_search_6e578fc529e9_001_cases_confirmed,claim,claim_comparison:claim_cmp_1136,claim_comparison,
compared_with,matched provenance identifier,claim:claim_rec_src_search_283a8bed6a9d_005_cases_unspecified,claim,claim_comparison:claim_cmp_1136,claim_comparison,
compared_with,matched provenance identifier,claim:claim_rec_src_search_6e578fc529e9_001_cases_confirmed,claim,claim_comparison:claim_cmp_1137,claim_comparison,
compared_with,matched provenance identifier,claim:claim_rec_src_search_283a8bed6a9d_006_observation,claim,claim_comparison:claim_cmp_1137,claim_comparison,
compared_with,matched provenance identifier,claim:claim_rec_src_search_6e578fc529e9_001_cases_confirmed,claim,claim_comparison:claim_cmp_1138,claim_comparison,
compared_with,matched provenance identifier,claim:claim_rec_src_search_283a8bed6a9d_007_cases_unspecified,claim,claim_comparison:claim_cmp_1138,claim_comparison,
compared_with,matched provenance identifier,claim:claim_rec_src_search_6e578fc529e9_001_cases_confirmed,claim,claim_comparison:claim_cmp_1139,claim_comparison,
compared_with,matched provenance identifier,claim:claim_rec_src_search_283a8bed6a9d_008_observation,claim,claim_comparison:claim_cmp_1139,claim_comparison,
compared_with,matched provenance identifier,claim:claim_rec_src_search_6e578fc529e9_001_cases_confirmed,claim,claim_comparison:claim_cmp_1140,claim_comparison,
compared_with,matched provenance identifier,claim:claim_rec_src_search_283a8bed6a9d_009_cases_unspecified,claim,claim_comparison:claim_cmp_1140,claim_comparison,
compared_with,matched provenance identifier,claim:claim_rec_src_search_6e578fc529e9_001_cases_confirmed,claim,claim_comparison:claim_cmp_1141,claim_comparison,
compared_with,matched provenance identifier,claim:claim_rec_src_search_283a8bed6a9d_010_cases_unspecified,claim,claim_comparison:claim_cmp_1141,claim_comparison,
compared_with,matched provenance identifier,claim:claim_rec_src_search_6e578fc529e9_001_cases_confirmed,claim,claim_comparison:claim_cmp_1142,claim_comparison,
compared_with,matched provenance identifier,claim:claim_rec_src_search_283a8bed6a9d_011_cases_unspecified,claim,claim_comparison:claim_cmp_1142,claim_comparison,
compared_with,matched provenance identifier,claim:claim_rec_src_search_6e578fc529e9_001_cases_confirmed,claim,claim_comparison:claim_cmp_1143,claim_comparison,
compared_with,matched provenance identifier,claim:claim_rec_src_search_283a8bed6a9d_011_hospitalizations,claim,claim_comparison:claim_cmp_1143,claim_comparison,
compared_with,matched provenance identifier,claim:claim_rec_src_search_6e578fc529e9_001_cases_confirmed,claim,claim_comparison:claim_cmp_1144,claim_comparison,
compared_with,matched provenance identifier,claim:claim_rec_src_search_283a8bed6a9d_012_hospitalizations,claim,claim_comparison:claim_cmp_1144,claim_comparison,
compared_with,matched provenance identifier,claim:claim_rec_src_search_6e578fc529e9_001_cases_confirmed,claim,claim_comparison:claim_cmp_1145,claim_comparison,
compared_with,matched provenance identifier,claim:claim_rec_src_search_283a8bed6a9d_013_hospitalizations,claim,claim_comparison:claim_cmp_1145,claim_comparison,
compared_with,matched provenance identifier,claim:claim_rec_src_search_6e578fc529e9_001_cases_confirmed,claim,claim_comparison:claim_cmp_1146,claim_comparison,
compared_with,matched provenance identifier,claim:claim_rec_src_search_283a8bed6a9d_014_hospitalizations,claim,claim_comparison:claim_cmp_1146,claim_comparison,
compared_with,matched provenance identifier,claim:claim_rec_src_search_6e578fc529e9_001_cases_confirmed,claim,claim_comparison:claim_cmp_1147,claim_comparison,
compared_with,matched provenance identifier,claim:claim_rec_src_search_283a8bed6a9d_015_cases_unspecified,claim,claim_comparison:claim_cmp_1147,claim_comparison,
compared_with,matched provenance identifier,claim:claim_rec_src_search_6e578fc529e9_001_cases_confirmed,claim,claim_comparison:claim_cmp_1148,claim_comparison,
compared_with,matched provenance identifier,claim:claim_rec_src_search_283a8bed6a9d_016_deaths,claim,claim_comparison:claim_cmp_1148,claim_comparison,
compared_with,matched provenance identifier,claim:claim_rec_src_search_6e578fc529e9_001_cases_confirmed,claim,claim_comparison:claim_cmp_1149,claim_comparison,
compared_with,matched provenance identifier,claim:claim_rec_src_search_283a8bed6a9d_017_deaths,claim,claim_comparison:claim_cmp_1149,claim_comparison,
compared_with,matched provenance identifier,claim:claim_rec_src_search_6e578fc529e9_001_cases_confirmed,claim,claim_comparison:claim_cmp_1150,claim_comparison,
compared_with,matched provenance identifier,claim:claim_rec_src_search_7cb311dd75e6_001_cases_confirmed,claim,claim_comparison:claim_cmp_1150,claim_comparison,
compared_with,matched provenance identifier,claim:claim_rec_src_search_6e578fc529e9_001_deaths,claim,claim_comparison:claim_cmp_1151,claim_comparison,
compared_with,matched provenance identifier,claim:claim_rec_src_search_cd5fb2750261_001_cases_confirmed,claim,claim_comparison:claim_cmp_1151,claim_comparison,
compared_with,matched provenance identifier,claim:claim_rec_src_search_6e578fc529e9_001_deaths,claim,claim_comparison:claim_cmp_1152,claim_comparison,
compared_with,matched provenance identifier,claim:claim_rec_src_search_cd5fb2750261_002_cases_confirmed,claim,claim_comparison:claim_cmp_1152,claim_comparison,
compared_with,matched provenance identifier,claim:claim_rec_src_search_6e578fc529e9_001_deaths,claim,claim_comparison:claim_cmp_1153,claim_comparison,
compared_with,matched provenance identifier,claim:claim_rec_src_search_d1d6036be2f6_001_cases_unspecified,claim,claim_comparison:claim_cmp_1153,claim_comparison,
compared_with,matched provenance identifier,claim:claim_rec_src_search_6e578fc529e9_001_deaths,claim,claim_comparison:claim_cmp_1154,claim_comparison,
compared_with,matched provenance identifier,claim:claim_rec_src_search_d1d6036be2f6_002_cases_unspecified,claim,claim_comparison:claim_cmp_1154,claim_comparison,
compared_with,matched provenance identifier,claim:claim_rec_src_search_6e578fc529e9_001_deaths,claim,claim_comparison:claim_cmp_1155,claim_comparison,
compared_with,matched provenance identifier,claim:claim_rec_src_search_d1d6036be2f6_003_observation,claim,claim_comparison:claim_cmp_1155,claim_comparison,
compared_with,matched provenance identifier,claim:claim_rec_src_search_6e578fc529e9_001_deaths,claim,claim_comparison:claim_cmp_1156,claim_comparison,
compared_with,matched provenance identifier,claim:claim_rec_src_search_d1d6036be2f6_004_cases_confirmed,claim,claim_comparison:claim_cmp_1156,claim_comparison,
compared_with,matched provenance identifier,claim:claim_rec_src_search_6e578fc529e9_001_deaths,claim,claim_comparison:claim_cmp_1157,claim_comparison,
compared_with,matched provenance identifier,claim:claim_rec_src_search_d1d6036be2f6_004_deaths,claim,claim_comparison:claim_cmp_1157,claim_comparison,
compared_with,matched provenance identifier,claim:claim_rec_src_search_6e578fc529e9_001_deaths,claim,claim_comparison:claim_cmp_1158,claim_comparison,
compared_with,matched provenance identifier,claim:claim_rec_src_search_d1d6036be2f6_005_observation,claim,claim_comparison:claim_cmp_1158,claim_comparison,
compared_with,matched provenance identifier,claim:claim_rec_src_search_6e578fc529e9_001_deaths,claim,claim_comparison:claim_cmp_1159,claim_comparison,
compared_with,matched provenance identifier,claim:claim_rec_src_search_d1d6036be2f6_006_cases_unspecified,claim,claim_comparison:claim_cmp_1159,claim_comparison,
compared_with,matched provenance identifier,claim:claim_rec_src_search_6e578fc529e9_001_deaths,claim,claim_comparison:claim_cmp_1160,claim_comparison,
compared_with,matched provenance identifier,claim:claim_rec_src_search_d1d6036be2f6_007_cases_unspecified,claim,claim_comparison:claim_cmp_1160,claim_comparison,
compared_with,matched provenance identifier,claim:claim_rec_src_search_6e578fc529e9_001_deaths,claim,claim_comparison:claim_cmp_1161,claim_comparison,
compared_with,matched provenance identifier,claim:claim_rec_src_search_3109afb35d90_001_cases_confirmed,claim,claim_comparison:claim_cmp_1161,claim_comparison,
compared_with,matched provenance identifier,claim:claim_rec_src_search_6e578fc529e9_001_deaths,claim,claim_comparison:claim_cmp_1162,claim_comparison,
compared_with,matched provenance identifier,claim:claim_rec_src_search_3109afb35d90_002_cases_unspecified,claim,claim_comparison:claim_cmp_1162,claim_comparison,
compared_with,matched provenance identifier,claim:claim_rec_src_search_6e578fc529e9_001_deaths,claim,claim_comparison:claim_cmp_1163,claim_comparison,
compared_with,matched provenance identifier,claim:claim_rec_src_search_3109afb35d90_003_cases_unspecified,claim,claim_comparison:claim_cmp_1163,claim_comparison,
compared_with,matched provenance identifier,claim:claim_rec_src_search_6e578fc529e9_001_deaths,claim,claim_comparison:claim_cmp_1164,claim_comparison,
compared_with,matched provenance identifier,claim:claim_rec_src_search_3109afb35d90_004_cases_unspecified,claim,claim_comparison:claim_cmp_1164,claim_comparison,
compared_with,matched provenance identifier,claim:claim_rec_src_search_6e578fc529e9_001_deaths,claim,claim_comparison:claim_cmp_1165,claim_comparison,
compared_with,matched provenance identifier,claim:claim_rec_src_search_283a8bed6a9d_001_cases_confirmed,claim,claim_comparison:claim_cmp_1165,claim_comparison,
compared_with,matched provenance identifier,claim:claim_rec_src_search_6e578fc529e9_001_deaths,claim,claim_comparison:claim_cmp_1166,claim_comparison,
compared_with,matched provenance identifier,claim:claim_rec_src_search_283a8bed6a9d_002_cases_confirmed,claim,claim_comparison:claim_cmp_1166,claim_comparison,
compared_with,matched provenance identifier,claim:claim_rec_src_search_6e578fc529e9_001_deaths,claim,claim_comparison:claim_cmp_1167,claim_comparison,
compared_with,matched provenance identifier,claim:claim_rec_src_search_283a8bed6a9d_003_observation,claim,claim_comparison:claim_cmp_1167,claim_comparison,
compared_with,matched provenance identifier,claim:claim_rec_src_search_6e578fc529e9_001_deaths,claim,claim_comparison:claim_cmp_1168,claim_comparison,
compared_with,matched provenance identifier,claim:claim_rec_src_search_283a8bed6a9d_004_observation,claim,claim_comparison:claim_cmp_1168,claim_comparison,
compared_with,matched provenance identifier,claim:claim_rec_src_search_6e578fc529e9_001_deaths,claim,claim_comparison:claim_cmp_1169,claim_comparison,
compared_with,matched provenance identifier,claim:claim_rec_src_search_283a8bed6a9d_005_cases_unspecified,claim,claim_comparison:claim_cmp_1169,claim_comparison,
compared_with,matched provenance identifier,claim:claim_rec_src_search_6e578fc529e9_001_deaths,claim,claim_comparison:claim_cmp_1170,claim_comparison,
compared_with,matched provenance identifier,claim:claim_rec_src_search_283a8bed6a9d_006_observation,claim,claim_comparison:claim_cmp_1170,claim_comparison,
compared_with,matched provenance identifier,claim:claim_rec_src_search_6e578fc529e9_001_deaths,claim,claim_comparison:claim_cmp_1171,claim_comparison,
compared_with,matched provenance identifier,claim:claim_rec_src_search_283a8bed6a9d_007_cases_unspecified,claim,claim_comparison:claim_cmp_1171,claim_comparison,
compared_with,matched provenance identifier,claim:claim_rec_src_search_6e578fc529e9_001_deaths,claim,claim_comparison:claim_cmp_1172,claim_comparison,
compared_with,matched provenance identifier,claim:claim_rec_src_search_283a8bed6a9d_008_observation,claim,claim_comparison:claim_cmp_1172,claim_comparison,
compared_with,matched provenance identifier,claim:claim_rec_src_search_6e578fc529e9_001_deaths,claim,claim_comparison:claim_cmp_1173,claim_comparison,
compared_with,matched provenance identifier,claim:claim_rec_src_search_283a8bed6a9d_009_cases_unspecified,claim,claim_comparison:claim_cmp_1173,claim_comparison,
compared_with,matched provenance identifier,claim:claim_rec_src_search_6e578fc529e9_001_deaths,claim,claim_comparison:claim_cmp_1174,claim_comparison,
compared_with,matched provenance identifier,claim:claim_rec_src_search_283a8bed6a9d_010_cases_unspecified,claim,claim_comparison:claim_cmp_1174,claim_comparison,
compared_with,matched provenance identifier,claim:claim_rec_src_search_6e578fc529e9_001_deaths,claim,claim_comparison:claim_cmp_1175,claim_comparison,
compared_with,matched provenance identifier,claim:claim_rec_src_search_283a8bed6a9d_011_cases_unspecified,claim,claim_comparison:claim_cmp_1175,claim_comparison,
compared_with,matched provenance identifier,claim:claim_rec_src_search_6e578fc529e9_001_deaths,claim,claim_comparison:claim_cmp_1176,claim_comparison,
compared_with,matched provenance identifier,claim:claim_rec_src_search_283a8bed6a9d_011_hospitalizations,claim,claim_comparison:claim_cmp_1176,claim_comparison,
compared_with,matched provenance identifier,claim:claim_rec_src_search_6e578fc529e9_001_deaths,claim,claim_comparison:claim_cmp_1177,claim_comparison,
compared_with,matched provenance identifier,claim:claim_rec_src_search_283a8bed6a9d_012_hospitalizations,claim,claim_comparison:claim_cmp_1177,claim_comparison,
compared_with,matched provenance identifier,claim:claim_rec_src_search_6e578fc529e9_001_deaths,claim,claim_comparison:claim_cmp_1178,claim_comparison,
compared_with,matched provenance identifier,claim:claim_rec_src_search_283a8bed6a9d_013_hospitalizations,claim,claim_comparison:claim_cmp_1178,claim_comparison,
compared_with,matched provenance identifier,claim:claim_rec_src_search_6e578fc529e9_001_deaths,claim,claim_comparison:claim_cmp_1179,claim_comparison,
compared_with,matched provenance identifier,claim:claim_rec_src_search_283a8bed6a9d_014_hospitalizations,claim,claim_comparison:claim_cmp_1179,claim_comparison,
compared_with,matched provenance identifier,claim:claim_rec_src_search_6e578fc529e9_001_deaths,claim,claim_comparison:claim_cmp_1180,claim_comparison,
compared_with,matched provenance identifier,claim:claim_rec_src_search_283a8bed6a9d_015_cases_unspecified,claim,claim_comparison:claim_cmp_1180,claim_comparison,
compared_with,matched provenance identifier,claim:claim_rec_src_search_6e578fc529e9_001_deaths,claim,claim_comparison:claim_cmp_1181,claim_comparison,
compared_with,matched provenance identifier,claim:claim_rec_src_search_283a8bed6a9d_016_deaths,claim,claim_comparison:claim_cmp_1181,claim_comparison,
compared_with,matched provenance identifier,claim:claim_rec_src_search_6e578fc529e9_001_deaths,claim,claim_comparison:claim_cmp_1182,claim_comparison,
compared_with,matched provenance identifier,claim:claim_rec_src_search_283a8bed6a9d_017_deaths,claim,claim_comparison:claim_cmp_1182,claim_comparison,
compared_with,matched provenance identifier,claim:claim_rec_src_search_6e578fc529e9_001_deaths,claim,claim_comparison:claim_cmp_1183,claim_comparison,
compared_with,matched provenance identifier,claim:claim_rec_src_search_7cb311dd75e6_001_cases_confirmed,claim,claim_comparison:claim_cmp_1183,claim_comparison,
compared_with,matched provenance identifier,claim:claim_rec_src_search_cd5fb2750261_001_cases_confirmed,claim,claim_comparison:claim_cmp_1184,claim_comparison,
compared_with,matched provenance identifier,claim:claim_rec_src_search_cd5fb2750261_002_cases_confirmed,claim,claim_comparison:claim_cmp_1184,claim_comparison,
compared_with,matched provenance identifier,claim:claim_rec_src_search_cd5fb2750261_001_cases_confirmed,claim,claim_comparison:claim_cmp_1185,claim_comparison,
compared_with,matched provenance identifier,claim:claim_rec_src_search_d1d6036be2f6_001_cases_unspecified,claim,claim_comparison:claim_cmp_1185,claim_comparison,
compared_with,matched provenance identifier,claim:claim_rec_src_search_cd5fb2750261_001_cases_confirmed,claim,claim_comparison:claim_cmp_1186,claim_comparison,
compared_with,matched provenance identifier,claim:claim_rec_src_search_d1d6036be2f6_002_cases_unspecified,claim,claim_comparison:claim_cmp_1186,claim_comparison,
compared_with,matched provenance identifier,claim:claim_rec_src_search_cd5fb2750261_001_cases_confirmed,claim,claim_comparison:claim_cmp_1187,claim_comparison,
compared_with,matched provenance identifier,claim:claim_rec_src_search_d1d6036be2f6_003_observation,claim,claim_comparison:claim_cmp_1187,claim_comparison,
compared_with,matched provenance identifier,claim:claim_rec_src_search_cd5fb2750261_001_cases_confirmed,claim,claim_comparison:claim_cmp_1188,claim_comparison,
compared_with,matched provenance identifier,claim:claim_rec_src_search_d1d6036be2f6_004_cases_confirmed,claim,claim_comparison:claim_cmp_1188,claim_comparison,
compared_with,matched provenance identifier,claim:claim_rec_src_search_cd5fb2750261_001_cases_confirmed,claim,claim_comparison:claim_cmp_1189,claim_comparison,
compared_with,matched provenance identifier,claim:claim_rec_src_search_d1d6036be2f6_004_deaths,claim,claim_comparison:claim_cmp_1189,claim_comparison,
compared_with,matched provenance identifier,claim:claim_rec_src_search_cd5fb2750261_001_cases_confirmed,claim,claim_comparison:claim_cmp_1190,claim_comparison,
compared_with,matched provenance identifier,claim:claim_rec_src_search_d1d6036be2f6_005_observation,claim,claim_comparison:claim_cmp_1190,claim_comparison,
compared_with,matched provenance identifier,claim:claim_rec_src_search_cd5fb2750261_001_cases_confirmed,claim,claim_comparison:claim_cmp_1191,claim_comparison,
compared_with,matched provenance identifier,claim:claim_rec_src_search_d1d6036be2f6_006_cases_unspecified,claim,claim_comparison:claim_cmp_1191,claim_comparison,
compared_with,matched provenance identifier,claim:claim_rec_src_search_cd5fb2750261_001_cases_confirmed,claim,claim_comparison:claim_cmp_1192,claim_comparison,
compared_with,matched provenance identifier,claim:claim_rec_src_search_d1d6036be2f6_007_cases_unspecified,claim,claim_comparison:claim_cmp_1192,claim_comparison,
compared_with,matched provenance identifier,claim:claim_rec_src_search_cd5fb2750261_001_cases_confirmed,claim,claim_comparison:claim_cmp_1193,claim_comparison,
compared_with,matched provenance identifier,claim:claim_rec_src_search_3109afb35d90_001_cases_confirmed,claim,claim_comparison:claim_cmp_1193,claim_comparison,
compared_with,matched provenance identifier,claim:claim_rec_src_search_cd5fb2750261_001_cases_confirmed,claim,claim_comparison:claim_cmp_1194,claim_comparison,
compared_with,matched provenance identifier,claim:claim_rec_src_search_3109afb35d90_002_cases_unspecified,claim,claim_comparison:claim_cmp_1194,claim_comparison,
compared_with,matched provenance identifier,claim:claim_rec_src_search_cd5fb2750261_001_cases_confirmed,claim,claim_comparison:claim_cmp_1195,claim_comparison,
compared_with,matched provenance identifier,claim:claim_rec_src_search_3109afb35d90_003_cases_unspecified,claim,claim_comparison:claim_cmp_1195,claim_comparison,
compared_with,matched provenance identifier,claim:claim_rec_src_search_cd5fb2750261_001_cases_confirmed,claim,claim_comparison:claim_cmp_1196,claim_comparison,
compared_with,matched provenance identifier,claim:claim_rec_src_search_3109afb35d90_004_cases_unspecified,claim,claim_comparison:claim_cmp_1196,claim_comparison,
compared_with,matched provenance identifier,claim:claim_rec_src_search_cd5fb2750261_001_cases_confirmed,claim,claim_comparison:claim_cmp_1197,claim_comparison,
compared_with,matched provenance identifier,claim:claim_rec_src_search_283a8bed6a9d_001_cases_confirmed,claim,claim_comparison:claim_cmp_1197,claim_comparison,
compared_with,matched provenance identifier,claim:claim_rec_src_search_cd5fb2750261_001_cases_confirmed,claim,claim_comparison:claim_cmp_1198,claim_comparison,
compared_with,matched provenance identifier,claim:claim_rec_src_search_283a8bed6a9d_002_cases_confirmed,claim,claim_comparison:claim_cmp_1198,claim_comparison,
compared_with,matched provenance identifier,claim:claim_rec_src_search_cd5fb2750261_001_cases_confirmed,claim,claim_comparison:claim_cmp_1199,claim_comparison,
compared_with,matched provenance identifier,claim:claim_rec_src_search_283a8bed6a9d_003_observation,claim,claim_comparison:claim_cmp_1199,claim_comparison,
compared_with,matched provenance identifier,claim:claim_rec_src_search_cd5fb2750261_001_cases_confirmed,claim,claim_comparison:claim_cmp_1200,claim_comparison,
compared_with,matched provenance identifier,claim:claim_rec_src_search_283a8bed6a9d_004_observation,claim,claim_comparison:claim_cmp_1200,claim_comparison,
compared_with,matched provenance identifier,claim:claim_rec_src_search_cd5fb2750261_001_cases_confirmed,claim,claim_comparison:claim_cmp_1201,claim_comparison,
compared_with,matched provenance identifier,claim:claim_rec_src_search_283a8bed6a9d_005_cases_unspecified,claim,claim_comparison:claim_cmp_1201,claim_comparison,
compared_with,matched provenance identifier,claim:claim_rec_src_search_cd5fb2750261_001_cases_confirmed,claim,claim_comparison:claim_cmp_1202,claim_comparison,
compared_with,matched provenance identifier,claim:claim_rec_src_search_283a8bed6a9d_006_observation,claim,claim_comparison:claim_cmp_1202,claim_comparison,
compared_with,matched provenance identifier,claim:claim_rec_src_search_cd5fb2750261_001_cases_confirmed,claim,claim_comparison:claim_cmp_1203,claim_comparison,
compared_with,matched provenance identifier,claim:claim_rec_src_search_283a8bed6a9d_007_cases_unspecified,claim,claim_comparison:claim_cmp_1203,claim_comparison,
compared_with,matched provenance identifier,claim:claim_rec_src_search_cd5fb2750261_001_cases_confirmed,claim,claim_comparison:claim_cmp_1204,claim_comparison,
compared_with,matched provenance identifier,claim:claim_rec_src_search_283a8bed6a9d_008_observation,claim,claim_comparison:claim_cmp_1204,claim_comparison,
compared_with,matched provenance identifier,claim:claim_rec_src_search_cd5fb2750261_001_cases_confirmed,claim,claim_comparison:claim_cmp_1205,claim_comparison,
compared_with,matched provenance identifier,claim:claim_rec_src_search_283a8bed6a9d_009_cases_unspecified,claim,claim_comparison:claim_cmp_1205,claim_comparison,
compared_with,matched provenance identifier,claim:claim_rec_src_search_cd5fb2750261_001_cases_confirmed,claim,claim_comparison:claim_cmp_1206,claim_comparison,
compared_with,matched provenance identifier,claim:claim_rec_src_search_283a8bed6a9d_010_cases_unspecified,claim,claim_comparison:claim_cmp_1206,claim_comparison,
compared_with,matched provenance identifier,claim:claim_rec_src_search_cd5fb2750261_001_cases_confirmed,claim,claim_comparison:claim_cmp_1207,claim_comparison,
compared_with,matched provenance identifier,claim:claim_rec_src_search_283a8bed6a9d_011_cases_unspecified,claim,claim_comparison:claim_cmp_1207,claim_comparison,
compared_with,matched provenance identifier,claim:claim_rec_src_search_cd5fb2750261_001_cases_confirmed,claim,claim_comparison:claim_cmp_1208,claim_comparison,
compared_with,matched provenance identifier,claim:claim_rec_src_search_283a8bed6a9d_011_hospitalizations,claim,claim_comparison:claim_cmp_1208,claim_comparison,
compared_with,matched provenance identifier,claim:claim_rec_src_search_cd5fb2750261_001_cases_confirmed,claim,claim_comparison:claim_cmp_1209,claim_comparison,
compared_with,matched provenance identifier,claim:claim_rec_src_search_283a8bed6a9d_012_hospitalizations,claim,claim_comparison:claim_cmp_1209,claim_comparison,
compared_with,matched provenance identifier,claim:claim_rec_src_search_cd5fb2750261_001_cases_confirmed,claim,claim_comparison:claim_cmp_1210,claim_comparison,
compared_with,matched provenance identifier,claim:claim_rec_src_search_283a8bed6a9d_013_hospitalizations,claim,claim_comparison:claim_cmp_1210,claim_comparison,
compared_with,matched provenance identifier,claim:claim_rec_src_search_cd5fb2750261_001_cases_confirmed,claim,claim_comparison:claim_cmp_1211,claim_comparison,
compared_with,matched provenance identifier,claim:claim_rec_src_search_283a8bed6a9d_014_hospitalizations,claim,claim_comparison:claim_cmp_1211,claim_comparison,
compared_with,matched provenance identifier,claim:claim_rec_src_search_cd5fb2750261_001_cases_confirmed,claim,claim_comparison:claim_cmp_1212,claim_comparison,
compared_with,matched provenance identifier,claim:claim_rec_src_search_283a8bed6a9d_015_cases_unspecified,claim,claim_comparison:claim_cmp_1212,claim_comparison,
compared_with,matched provenance identifier,claim:claim_rec_src_search_cd5fb2750261_001_cases_confirmed,claim,claim_comparison:claim_cmp_1213,claim_comparison,
compared_with,matched provenance identifier,claim:claim_rec_src_search_283a8bed6a9d_016_deaths,claim,claim_comparison:claim_cmp_1213,claim_comparison,
compared_with,matched provenance identifier,claim:claim_rec_src_search_cd5fb2750261_001_cases_confirmed,claim,claim_comparison:claim_cmp_1214,claim_comparison,
compared_with,matched provenance identifier,claim:claim_rec_src_search_283a8bed6a9d_017_deaths,claim,claim_comparison:claim_cmp_1214,claim_comparison,
compared_with,matched provenance identifier,claim:claim_rec_src_search_cd5fb2750261_001_cases_confirmed,claim,claim_comparison:claim_cmp_1215,claim_comparison,
compared_with,matched provenance identifier,claim:claim_rec_src_search_7cb311dd75e6_001_cases_confirmed,claim,claim_comparison:claim_cmp_1215,claim_comparison,
compared_with,matched provenance identifier,claim:claim_rec_src_search_cd5fb2750261_002_cases_confirmed,claim,claim_comparison:claim_cmp_1216,claim_comparison,
compared_with,matched provenance identifier,claim:claim_rec_src_search_d1d6036be2f6_001_cases_unspecified,claim,claim_comparison:claim_cmp_1216,claim_comparison,
compared_with,matched provenance identifier,claim:claim_rec_src_search_cd5fb2750261_002_cases_confirmed,claim,claim_comparison:claim_cmp_1217,claim_comparison,
compared_with,matched provenance identifier,claim:claim_rec_src_search_d1d6036be2f6_002_cases_unspecified,claim,claim_comparison:claim_cmp_1217,claim_comparison,
compared_with,matched provenance identifier,claim:claim_rec_src_search_cd5fb2750261_002_cases_confirmed,claim,claim_comparison:claim_cmp_1218,claim_comparison,
compared_with,matched provenance identifier,claim:claim_rec_src_search_d1d6036be2f6_003_observation,claim,claim_comparison:claim_cmp_1218,claim_comparison,
compared_with,matched provenance identifier,claim:claim_rec_src_search_cd5fb2750261_002_cases_confirmed,claim,claim_comparison:claim_cmp_1219,claim_comparison,
compared_with,matched provenance identifier,claim:claim_rec_src_search_d1d6036be2f6_004_cases_confirmed,claim,claim_comparison:claim_cmp_1219,claim_comparison,
compared_with,matched provenance identifier,claim:claim_rec_src_search_cd5fb2750261_002_cases_confirmed,claim,claim_comparison:claim_cmp_1220,claim_comparison,
compared_with,matched provenance identifier,claim:claim_rec_src_search_d1d6036be2f6_004_deaths,claim,claim_comparison:claim_cmp_1220,claim_comparison,
compared_with,matched provenance identifier,claim:claim_rec_src_search_cd5fb2750261_002_cases_confirmed,claim,claim_comparison:claim_cmp_1221,claim_comparison,
compared_with,matched provenance identifier,claim:claim_rec_src_search_d1d6036be2f6_005_observation,claim,claim_comparison:claim_cmp_1221,claim_comparison,
compared_with,matched provenance identifier,claim:claim_rec_src_search_cd5fb2750261_002_cases_confirmed,claim,claim_comparison:claim_cmp_1222,claim_comparison,
compared_with,matched provenance identifier,claim:claim_rec_src_search_d1d6036be2f6_006_cases_unspecified,claim,claim_comparison:claim_cmp_1222,claim_comparison,
compared_with,matched provenance identifier,claim:claim_rec_src_search_cd5fb2750261_002_cases_confirmed,claim,claim_comparison:claim_cmp_1223,claim_comparison,
compared_with,matched provenance identifier,claim:claim_rec_src_search_d1d6036be2f6_007_cases_unspecified,claim,claim_comparison:claim_cmp_1223,claim_comparison,
compared_with,matched provenance identifier,claim:claim_rec_src_search_cd5fb2750261_002_cases_confirmed,claim,claim_comparison:claim_cmp_1224,claim_comparison,
compared_with,matched provenance identifier,claim:claim_rec_src_search_3109afb35d90_001_cases_confirmed,claim,claim_comparison:claim_cmp_1224,claim_comparison,
compared_with,matched provenance identifier,claim:claim_rec_src_search_cd5fb2750261_002_cases_confirmed,claim,claim_comparison:claim_cmp_1225,claim_comparison,
compared_with,matched provenance identifier,claim:claim_rec_src_search_3109afb35d90_002_cases_unspecified,claim,claim_comparison:claim_cmp_1225,claim_comparison,
compared_with,matched provenance identifier,claim:claim_rec_src_search_cd5fb2750261_002_cases_confirmed,claim,claim_comparison:claim_cmp_1226,claim_comparison,
compared_with,matched provenance identifier,claim:claim_rec_src_search_3109afb35d90_003_cases_unspecified,claim,claim_comparison:claim_cmp_1226,claim_comparison,
compared_with,matched provenance identifier,claim:claim_rec_src_search_cd5fb2750261_002_cases_confirmed,claim,claim_comparison:claim_cmp_1227,claim_comparison,
compared_with,matched provenance identifier,claim:claim_rec_src_search_3109afb35d90_004_cases_unspecified,claim,claim_comparison:claim_cmp_1227,claim_comparison,
compared_with,matched provenance identifier,claim:claim_rec_src_search_cd5fb2750261_002_cases_confirmed,claim,claim_comparison:claim_cmp_1228,claim_comparison,
compared_with,matched provenance identifier,claim:claim_rec_src_search_283a8bed6a9d_001_cases_confirmed,claim,claim_comparison:claim_cmp_1228,claim_comparison,
compared_with,matched provenance identifier,claim:claim_rec_src_search_cd5fb2750261_002_cases_confirmed,claim,claim_comparison:claim_cmp_1229,claim_comparison,
compared_with,matched provenance identifier,claim:claim_rec_src_search_283a8bed6a9d_002_cases_confirmed,claim,claim_comparison:claim_cmp_1229,claim_comparison,
compared_with,matched provenance identifier,claim:claim_rec_src_search_cd5fb2750261_002_cases_confirmed,claim,claim_comparison:claim_cmp_1230,claim_comparison,
compared_with,matched provenance identifier,claim:claim_rec_src_search_283a8bed6a9d_003_observation,claim,claim_comparison:claim_cmp_1230,claim_comparison,
compared_with,matched provenance identifier,claim:claim_rec_src_search_cd5fb2750261_002_cases_confirmed,claim,claim_comparison:claim_cmp_1231,claim_comparison,
compared_with,matched provenance identifier,claim:claim_rec_src_search_283a8bed6a9d_004_observation,claim,claim_comparison:claim_cmp_1231,claim_comparison,
compared_with,matched provenance identifier,claim:claim_rec_src_search_cd5fb2750261_002_cases_confirmed,claim,claim_comparison:claim_cmp_1232,claim_comparison,
compared_with,matched provenance identifier,claim:claim_rec_src_search_283a8bed6a9d_005_cases_unspecified,claim,claim_comparison:claim_cmp_1232,claim_comparison,
compared_with,matched provenance identifier,claim:claim_rec_src_search_cd5fb2750261_002_cases_confirmed,claim,claim_comparison:claim_cmp_1233,claim_comparison,
compared_with,matched provenance identifier,claim:claim_rec_src_search_283a8bed6a9d_006_observation,claim,claim_comparison:claim_cmp_1233,claim_comparison,
compared_with,matched provenance identifier,claim:claim_rec_src_search_cd5fb2750261_002_cases_confirmed,claim,claim_comparison:claim_cmp_1234,claim_comparison,
compared_with,matched provenance identifier,claim:claim_rec_src_search_283a8bed6a9d_007_cases_unspecified,claim,claim_comparison:claim_cmp_1234,claim_comparison,
compared_with,matched provenance identifier,claim:claim_rec_src_search_cd5fb2750261_002_cases_confirmed,claim,claim_comparison:claim_cmp_1235,claim_comparison,
compared_with,matched provenance identifier,claim:claim_rec_src_search_283a8bed6a9d_008_observation,claim,claim_comparison:claim_cmp_1235,claim_comparison,
compared_with,matched provenance identifier,claim:claim_rec_src_search_cd5fb2750261_002_cases_confirmed,claim,claim_comparison:claim_cmp_1236,claim_comparison,
compared_with,matched provenance identifier,claim:claim_rec_src_search_283a8bed6a9d_009_cases_unspecified,claim,claim_comparison:claim_cmp_1236,claim_comparison,
compared_with,matched provenance identifier,claim:claim_rec_src_search_cd5fb2750261_002_cases_confirmed,claim,claim_comparison:claim_cmp_1237,claim_comparison,
compared_with,matched provenance identifier,claim:claim_rec_src_search_283a8bed6a9d_010_cases_unspecified,claim,claim_comparison:claim_cmp_1237,claim_comparison,
compared_with,matched provenance identifier,claim:claim_rec_src_search_cd5fb2750261_002_cases_confirmed,claim,claim_comparison:claim_cmp_1238,claim_comparison,
compared_with,matched provenance identifier,claim:claim_rec_src_search_283a8bed6a9d_011_cases_unspecified,claim,claim_comparison:claim_cmp_1238,claim_comparison,
compared_with,matched provenance identifier,claim:claim_rec_src_search_cd5fb2750261_002_cases_confirmed,claim,claim_comparison:claim_cmp_1239,claim_comparison,
compared_with,matched provenance identifier,claim:claim_rec_src_search_283a8bed6a9d_011_hospitalizations,claim,claim_comparison:claim_cmp_1239,claim_comparison,
compared_with,matched provenance identifier,claim:claim_rec_src_search_cd5fb2750261_002_cases_confirmed,claim,claim_comparison:claim_cmp_1240,claim_comparison,
compared_with,matched provenance identifier,claim:claim_rec_src_search_283a8bed6a9d_012_hospitalizations,claim,claim_comparison:claim_cmp_1240,claim_comparison,
compared_with,matched provenance identifier,claim:claim_rec_src_search_cd5fb2750261_002_cases_confirmed,claim,claim_comparison:claim_cmp_1241,claim_comparison,
compared_with,matched provenance identifier,claim:claim_rec_src_search_283a8bed6a9d_013_hospitalizations,claim,claim_comparison:claim_cmp_1241,claim_comparison,
compared_with,matched provenance identifier,claim:claim_rec_src_search_cd5fb2750261_002_cases_confirmed,claim,claim_comparison:claim_cmp_1242,claim_comparison,
compared_with,matched provenance identifier,claim:claim_rec_src_search_283a8bed6a9d_014_hospitalizations,claim,claim_comparison:claim_cmp_1242,claim_comparison,
compared_with,matched provenance identifier,claim:claim_rec_src_search_cd5fb2750261_002_cases_confirmed,claim,claim_comparison:claim_cmp_1243,claim_comparison,
compared_with,matched provenance identifier,claim:claim_rec_src_search_283a8bed6a9d_015_cases_unspecified,claim,claim_comparison:claim_cmp_1243,claim_comparison,
compared_with,matched provenance identifier,claim:claim_rec_src_search_cd5fb2750261_002_cases_confirmed,claim,claim_comparison:claim_cmp_1244,claim_comparison,
compared_with,matched provenance identifier,claim:claim_rec_src_search_283a8bed6a9d_016_deaths,claim,claim_comparison:claim_cmp_1244,claim_comparison,
compared_with,matched provenance identifier,claim:claim_rec_src_search_cd5fb2750261_002_cases_confirmed,claim,claim_comparison:claim_cmp_1245,claim_comparison,
compared_with,matched provenance identifier,claim:claim_rec_src_search_283a8bed6a9d_017_deaths,claim,claim_comparison:claim_cmp_1245,claim_comparison,
compared_with,matched provenance identifier,claim:claim_rec_src_search_cd5fb2750261_002_cases_confirmed,claim,claim_comparison:claim_cmp_1246,claim_comparison,
compared_with,matched provenance identifier,claim:claim_rec_src_search_7cb311dd75e6_001_cases_confirmed,claim,claim_comparison:claim_cmp_1246,claim_comparison,
compared_with,matched provenance identifier,claim:claim_rec_src_search_d1d6036be2f6_001_cases_unspecified,claim,claim_comparison:claim_cmp_1247,claim_comparison,
compared_with,matched provenance identifier,claim:claim_rec_src_search_d1d6036be2f6_002_cases_unspecified,claim,claim_comparison:claim_cmp_1247,claim_comparison,
compared_with,matched provenance identifier,claim:claim_rec_src_search_d1d6036be2f6_001_cases_unspecified,claim,claim_comparison:claim_cmp_1248,claim_comparison,
compared_with,matched provenance identifier,claim:claim_rec_src_search_d1d6036be2f6_003_observation,claim,claim_comparison:claim_cmp_1248,claim_comparison,
compared_with,matched provenance identifier,claim:claim_rec_src_search_d1d6036be2f6_001_cases_unspecified,claim,claim_comparison:claim_cmp_1249,claim_comparison,
compared_with,matched provenance identifier,claim:claim_rec_src_search_d1d6036be2f6_004_cases_confirmed,claim,claim_comparison:claim_cmp_1249,claim_comparison,
compared_with,matched provenance identifier,claim:claim_rec_src_search_d1d6036be2f6_001_cases_unspecified,claim,claim_comparison:claim_cmp_1250,claim_comparison,
compared_with,matched provenance identifier,claim:claim_rec_src_search_d1d6036be2f6_004_deaths,claim,claim_comparison:claim_cmp_1250,claim_comparison,
compared_with,matched provenance identifier,claim:claim_rec_src_search_d1d6036be2f6_001_cases_unspecified,claim,claim_comparison:claim_cmp_1251,claim_comparison,
compared_with,matched provenance identifier,claim:claim_rec_src_search_d1d6036be2f6_005_observation,claim,claim_comparison:claim_cmp_1251,claim_comparison,
compared_with,matched provenance identifier,claim:claim_rec_src_search_d1d6036be2f6_001_cases_unspecified,claim,claim_comparison:claim_cmp_1252,claim_comparison,
compared_with,matched provenance identifier,claim:claim_rec_src_search_d1d6036be2f6_006_cases_unspecified,claim,claim_comparison:claim_cmp_1252,claim_comparison,
compared_with,matched provenance identifier,claim:claim_rec_src_search_d1d6036be2f6_001_cases_unspecified,claim,claim_comparison:claim_cmp_1253,claim_comparison,
compared_with,matched provenance identifier,claim:claim_rec_src_search_d1d6036be2f6_007_cases_unspecified,claim,claim_comparison:claim_cmp_1253,claim_comparison,
compared_with,matched provenance identifier,claim:claim_rec_src_search_d1d6036be2f6_001_cases_unspecified,claim,claim_comparison:claim_cmp_1254,claim_comparison,
compared_with,matched provenance identifier,claim:claim_rec_src_search_3109afb35d90_001_cases_confirmed,claim,claim_comparison:claim_cmp_1254,claim_comparison,
compared_with,matched provenance identifier,claim:claim_rec_src_search_d1d6036be2f6_001_cases_unspecified,claim,claim_comparison:claim_cmp_1255,claim_comparison,
compared_with,matched provenance identifier,claim:claim_rec_src_search_3109afb35d90_002_cases_unspecified,claim,claim_comparison:claim_cmp_1255,claim_comparison,
compared_with,matched provenance identifier,claim:claim_rec_src_search_d1d6036be2f6_001_cases_unspecified,claim,claim_comparison:claim_cmp_1256,claim_comparison,
compared_with,matched provenance identifier,claim:claim_rec_src_search_3109afb35d90_003_cases_unspecified,claim,claim_comparison:claim_cmp_1256,claim_comparison,
compared_with,matched provenance identifier,claim:claim_rec_src_search_d1d6036be2f6_001_cases_unspecified,claim,claim_comparison:claim_cmp_1257,claim_comparison,
compared_with,matched provenance identifier,claim:claim_rec_src_search_3109afb35d90_004_cases_unspecified,claim,claim_comparison:claim_cmp_1257,claim_comparison,
compared_with,matched provenance identifier,claim:claim_rec_src_search_d1d6036be2f6_001_cases_unspecified,claim,claim_comparison:claim_cmp_1258,claim_comparison,
compared_with,matched provenance identifier,claim:claim_rec_src_search_283a8bed6a9d_001_cases_confirmed,claim,claim_comparison:claim_cmp_1258,claim_comparison,
compared_with,matched provenance identifier,claim:claim_rec_src_search_d1d6036be2f6_001_cases_unspecified,claim,claim_comparison:claim_cmp_1259,claim_comparison,
compared_with,matched provenance identifier,claim:claim_rec_src_search_283a8bed6a9d_002_cases_confirmed,claim,claim_comparison:claim_cmp_1259,claim_comparison,
compared_with,matched provenance identifier,claim:claim_rec_src_search_d1d6036be2f6_001_cases_unspecified,claim,claim_comparison:claim_cmp_1260,claim_comparison,
compared_with,matched provenance identifier,claim:claim_rec_src_search_283a8bed6a9d_003_observation,claim,claim_comparison:claim_cmp_1260,claim_comparison,
compared_with,matched provenance identifier,claim:claim_rec_src_search_d1d6036be2f6_001_cases_unspecified,claim,claim_comparison:claim_cmp_1261,claim_comparison,
compared_with,matched provenance identifier,claim:claim_rec_src_search_283a8bed6a9d_004_observation,claim,claim_comparison:claim_cmp_1261,claim_comparison,
compared_with,matched provenance identifier,claim:claim_rec_src_search_d1d6036be2f6_001_cases_unspecified,claim,claim_comparison:claim_cmp_1262,claim_comparison,
compared_with,matched provenance identifier,claim:claim_rec_src_search_283a8bed6a9d_005_cases_unspecified,claim,claim_comparison:claim_cmp_1262,claim_comparison,
compared_with,matched provenance identifier,claim:claim_rec_src_search_d1d6036be2f6_001_cases_unspecified,claim,claim_comparison:claim_cmp_1263,claim_comparison,
compared_with,matched provenance identifier,claim:claim_rec_src_search_283a8bed6a9d_006_observation,claim,claim_comparison:claim_cmp_1263,claim_comparison,
compared_with,matched provenance identifier,claim:claim_rec_src_search_d1d6036be2f6_001_cases_unspecified,claim,claim_comparison:claim_cmp_1264,claim_comparison,
compared_with,matched provenance identifier,claim:claim_rec_src_search_283a8bed6a9d_007_cases_unspecified,claim,claim_comparison:claim_cmp_1264,claim_comparison,
compared_with,matched provenance identifier,claim:claim_rec_src_search_d1d6036be2f6_001_cases_unspecified,claim,claim_comparison:claim_cmp_1265,claim_comparison,
compared_with,matched provenance identifier,claim:claim_rec_src_search_283a8bed6a9d_008_observation,claim,claim_comparison:claim_cmp_1265,claim_comparison,
compared_with,matched provenance identifier,claim:claim_rec_src_search_d1d6036be2f6_001_cases_unspecified,claim,claim_comparison:claim_cmp_1266,claim_comparison,
compared_with,matched provenance identifier,claim:claim_rec_src_search_283a8bed6a9d_009_cases_unspecified,claim,claim_comparison:claim_cmp_1266,claim_comparison,
compared_with,matched provenance identifier,claim:claim_rec_src_search_d1d6036be2f6_001_cases_unspecified,claim,claim_comparison:claim_cmp_1267,claim_comparison,
compared_with,matched provenance identifier,claim:claim_rec_src_search_283a8bed6a9d_010_cases_unspecified,claim,claim_comparison:claim_cmp_1267,claim_comparison,
compared_with,matched provenance identifier,claim:claim_rec_src_search_d1d6036be2f6_001_cases_unspecified,claim,claim_comparison:claim_cmp_1268,claim_comparison,
compared_with,matched provenance identifier,claim:claim_rec_src_search_283a8bed6a9d_011_cases_unspecified,claim,claim_comparison:claim_cmp_1268,claim_comparison,
compared_with,matched provenance identifier,claim:claim_rec_src_search_d1d6036be2f6_001_cases_unspecified,claim,claim_comparison:claim_cmp_1269,claim_comparison,
compared_with,matched provenance identifier,claim:claim_rec_src_search_283a8bed6a9d_011_hospitalizations,claim,claim_comparison:claim_cmp_1269,claim_comparison,
compared_with,matched provenance identifier,claim:claim_rec_src_search_d1d6036be2f6_001_cases_unspecified,claim,claim_comparison:claim_cmp_1270,claim_comparison,
compared_with,matched provenance identifier,claim:claim_rec_src_search_283a8bed6a9d_012_hospitalizations,claim,claim_comparison:claim_cmp_1270,claim_comparison,
compared_with,matched provenance identifier,claim:claim_rec_src_search_d1d6036be2f6_001_cases_unspecified,claim,claim_comparison:claim_cmp_1271,claim_comparison,
compared_with,matched provenance identifier,claim:claim_rec_src_search_283a8bed6a9d_013_hospitalizations,claim,claim_comparison:claim_cmp_1271,claim_comparison,
compared_with,matched provenance identifier,claim:claim_rec_src_search_d1d6036be2f6_001_cases_unspecified,claim,claim_comparison:claim_cmp_1272,claim_comparison,
compared_with,matched provenance identifier,claim:claim_rec_src_search_283a8bed6a9d_014_hospitalizations,claim,claim_comparison:claim_cmp_1272,claim_comparison,
compared_with,matched provenance identifier,claim:claim_rec_src_search_d1d6036be2f6_001_cases_unspecified,claim,claim_comparison:claim_cmp_1273,claim_comparison,
compared_with,matched provenance identifier,claim:claim_rec_src_search_283a8bed6a9d_015_cases_unspecified,claim,claim_comparison:claim_cmp_1273,claim_comparison,
compared_with,matched provenance identifier,claim:claim_rec_src_search_d1d6036be2f6_001_cases_unspecified,claim,claim_comparison:claim_cmp_1274,claim_comparison,
compared_with,matched provenance identifier,claim:claim_rec_src_search_283a8bed6a9d_016_deaths,claim,claim_comparison:claim_cmp_1274,claim_comparison,
compared_with,matched provenance identifier,claim:claim_rec_src_search_d1d6036be2f6_001_cases_unspecified,claim,claim_comparison:claim_cmp_1275,claim_comparison,
compared_with,matched provenance identifier,claim:claim_rec_src_search_283a8bed6a9d_017_deaths,claim,claim_comparison:claim_cmp_1275,claim_comparison,
compared_with,matched provenance identifier,claim:claim_rec_src_search_d1d6036be2f6_001_cases_unspecified,claim,claim_comparison:claim_cmp_1276,claim_comparison,
compared_with,matched provenance identifier,claim:claim_rec_src_search_7cb311dd75e6_001_cases_confirmed,claim,claim_comparison:claim_cmp_1276,claim_comparison,
compared_with,matched provenance identifier,claim:claim_rec_src_search_d1d6036be2f6_002_cases_unspecified,claim,claim_comparison:claim_cmp_1277,claim_comparison,
compared_with,matched provenance identifier,claim:claim_rec_src_search_d1d6036be2f6_003_observation,claim,claim_comparison:claim_cmp_1277,claim_comparison,
compared_with,matched provenance identifier,claim:claim_rec_src_search_d1d6036be2f6_002_cases_unspecified,claim,claim_comparison:claim_cmp_1278,claim_comparison,
compared_with,matched provenance identifier,claim:claim_rec_src_search_d1d6036be2f6_004_cases_confirmed,claim,claim_comparison:claim_cmp_1278,claim_comparison,
compared_with,matched provenance identifier,claim:claim_rec_src_search_d1d6036be2f6_002_cases_unspecified,claim,claim_comparison:claim_cmp_1279,claim_comparison,
compared_with,matched provenance identifier,claim:claim_rec_src_search_d1d6036be2f6_004_deaths,claim,claim_comparison:claim_cmp_1279,claim_comparison,
compared_with,matched provenance identifier,claim:claim_rec_src_search_d1d6036be2f6_002_cases_unspecified,claim,claim_comparison:claim_cmp_1280,claim_comparison,
compared_with,matched provenance identifier,claim:claim_rec_src_search_d1d6036be2f6_005_observation,claim,claim_comparison:claim_cmp_1280,claim_comparison,
compared_with,matched provenance identifier,claim:claim_rec_src_search_d1d6036be2f6_002_cases_unspecified,claim,claim_comparison:claim_cmp_1281,claim_comparison,
compared_with,matched provenance identifier,claim:claim_rec_src_search_d1d6036be2f6_006_cases_unspecified,claim,claim_comparison:claim_cmp_1281,claim_comparison,
compared_with,matched provenance identifier,claim:claim_rec_src_search_d1d6036be2f6_002_cases_unspecified,claim,claim_comparison:claim_cmp_1282,claim_comparison,
compared_with,matched provenance identifier,claim:claim_rec_src_search_d1d6036be2f6_007_cases_unspecified,claim,claim_comparison:claim_cmp_1282,claim_comparison,
compared_with,matched provenance identifier,claim:claim_rec_src_search_d1d6036be2f6_002_cases_unspecified,claim,claim_comparison:claim_cmp_1283,claim_comparison,
compared_with,matched provenance identifier,claim:claim_rec_src_search_3109afb35d90_001_cases_confirmed,claim,claim_comparison:claim_cmp_1283,claim_comparison,
compared_with,matched provenance identifier,claim:claim_rec_src_search_d1d6036be2f6_002_cases_unspecified,claim,claim_comparison:claim_cmp_1284,claim_comparison,
compared_with,matched provenance identifier,claim:claim_rec_src_search_3109afb35d90_002_cases_unspecified,claim,claim_comparison:claim_cmp_1284,claim_comparison,
compared_with,matched provenance identifier,claim:claim_rec_src_search_d1d6036be2f6_002_cases_unspecified,claim,claim_comparison:claim_cmp_1285,claim_comparison,
compared_with,matched provenance identifier,claim:claim_rec_src_search_3109afb35d90_003_cases_unspecified,claim,claim_comparison:claim_cmp_1285,claim_comparison,
compared_with,matched provenance identifier,claim:claim_rec_src_search_d1d6036be2f6_002_cases_unspecified,claim,claim_comparison:claim_cmp_1286,claim_comparison,
compared_with,matched provenance identifier,claim:claim_rec_src_search_3109afb35d90_004_cases_unspecified,claim,claim_comparison:claim_cmp_1286,claim_comparison,
compared_with,matched provenance identifier,claim:claim_rec_src_search_d1d6036be2f6_002_cases_unspecified,claim,claim_comparison:claim_cmp_1287,claim_comparison,
compared_with,matched provenance identifier,claim:claim_rec_src_search_283a8bed6a9d_001_cases_confirmed,claim,claim_comparison:claim_cmp_1287,claim_comparison,
compared_with,matched provenance identifier,claim:claim_rec_src_search_d1d6036be2f6_002_cases_unspecified,claim,claim_comparison:claim_cmp_1288,claim_comparison,
compared_with,matched provenance identifier,claim:claim_rec_src_search_283a8bed6a9d_002_cases_confirmed,claim,claim_comparison:claim_cmp_1288,claim_comparison,
compared_with,matched provenance identifier,claim:claim_rec_src_search_d1d6036be2f6_002_cases_unspecified,claim,claim_comparison:claim_cmp_1289,claim_comparison,
compared_with,matched provenance identifier,claim:claim_rec_src_search_283a8bed6a9d_003_observation,claim,claim_comparison:claim_cmp_1289,claim_comparison,
compared_with,matched provenance identifier,claim:claim_rec_src_search_d1d6036be2f6_002_cases_unspecified,claim,claim_comparison:claim_cmp_1290,claim_comparison,
compared_with,matched provenance identifier,claim:claim_rec_src_search_283a8bed6a9d_004_observation,claim,claim_comparison:claim_cmp_1290,claim_comparison,
compared_with,matched provenance identifier,claim:claim_rec_src_search_d1d6036be2f6_002_cases_unspecified,claim,claim_comparison:claim_cmp_1291,claim_comparison,
compared_with,matched provenance identifier,claim:claim_rec_src_search_283a8bed6a9d_005_cases_unspecified,claim,claim_comparison:claim_cmp_1291,claim_comparison,
compared_with,matched provenance identifier,claim:claim_rec_src_search_d1d6036be2f6_002_cases_unspecified,claim,claim_comparison:claim_cmp_1292,claim_comparison,
compared_with,matched provenance identifier,claim:claim_rec_src_search_283a8bed6a9d_006_observation,claim,claim_comparison:claim_cmp_1292,claim_comparison,
compared_with,matched provenance identifier,claim:claim_rec_src_search_d1d6036be2f6_002_cases_unspecified,claim,claim_comparison:claim_cmp_1293,claim_comparison,
compared_with,matched provenance identifier,claim:claim_rec_src_search_283a8bed6a9d_007_cases_unspecified,claim,claim_comparison:claim_cmp_1293,claim_comparison,
compared_with,matched provenance identifier,claim:claim_rec_src_search_d1d6036be2f6_002_cases_unspecified,claim,claim_comparison:claim_cmp_1294,claim_comparison,
compared_with,matched provenance identifier,claim:claim_rec_src_search_283a8bed6a9d_008_observation,claim,claim_comparison:claim_cmp_1294,claim_comparison,
compared_with,matched provenance identifier,claim:claim_rec_src_search_d1d6036be2f6_002_cases_unspecified,claim,claim_comparison:claim_cmp_1295,claim_comparison,
compared_with,matched provenance identifier,claim:claim_rec_src_search_283a8bed6a9d_009_cases_unspecified,claim,claim_comparison:claim_cmp_1295,claim_comparison,
compared_with,matched provenance identifier,claim:claim_rec_src_search_d1d6036be2f6_002_cases_unspecified,claim,claim_comparison:claim_cmp_1296,claim_comparison,
compared_with,matched provenance identifier,claim:claim_rec_src_search_283a8bed6a9d_010_cases_unspecified,claim,claim_comparison:claim_cmp_1296,claim_comparison,
compared_with,matched provenance identifier,claim:claim_rec_src_search_d1d6036be2f6_002_cases_unspecified,claim,claim_comparison:claim_cmp_1297,claim_comparison,
compared_with,matched provenance identifier,claim:claim_rec_src_search_283a8bed6a9d_011_cases_unspecified,claim,claim_comparison:claim_cmp_1297,claim_comparison,
compared_with,matched provenance identifier,claim:claim_rec_src_search_d1d6036be2f6_002_cases_unspecified,claim,claim_comparison:claim_cmp_1298,claim_comparison,
compared_with,matched provenance identifier,claim:claim_rec_src_search_283a8bed6a9d_011_hospitalizations,claim,claim_comparison:claim_cmp_1298,claim_comparison,
compared_with,matched provenance identifier,claim:claim_rec_src_search_d1d6036be2f6_002_cases_unspecified,claim,claim_comparison:claim_cmp_1299,claim_comparison,
compared_with,matched provenance identifier,claim:claim_rec_src_search_283a8bed6a9d_012_hospitalizations,claim,claim_comparison:claim_cmp_1299,claim_comparison,
compared_with,matched provenance identifier,claim:claim_rec_src_search_d1d6036be2f6_002_cases_unspecified,claim,claim_comparison:claim_cmp_1300,claim_comparison,
compared_with,matched provenance identifier,claim:claim_rec_src_search_283a8bed6a9d_013_hospitalizations,claim,claim_comparison:claim_cmp_1300,claim_comparison,
compared_with,matched provenance identifier,claim:claim_rec_src_search_d1d6036be2f6_002_cases_unspecified,claim,claim_comparison:claim_cmp_1301,claim_comparison,
compared_with,matched provenance identifier,claim:claim_rec_src_search_283a8bed6a9d_014_hospitalizations,claim,claim_comparison:claim_cmp_1301,claim_comparison,
compared_with,matched provenance identifier,claim:claim_rec_src_search_d1d6036be2f6_002_cases_unspecified,claim,claim_comparison:claim_cmp_1302,claim_comparison,
compared_with,matched provenance identifier,claim:claim_rec_src_search_283a8bed6a9d_015_cases_unspecified,claim,claim_comparison:claim_cmp_1302,claim_comparison,
compared_with,matched provenance identifier,claim:claim_rec_src_search_d1d6036be2f6_002_cases_unspecified,claim,claim_comparison:claim_cmp_1303,claim_comparison,
compared_with,matched provenance identifier,claim:claim_rec_src_search_283a8bed6a9d_016_deaths,claim,claim_comparison:claim_cmp_1303,claim_comparison,
compared_with,matched provenance identifier,claim:claim_rec_src_search_d1d6036be2f6_002_cases_unspecified,claim,claim_comparison:claim_cmp_1304,claim_comparison,
compared_with,matched provenance identifier,claim:claim_rec_src_search_283a8bed6a9d_017_deaths,claim,claim_comparison:claim_cmp_1304,claim_comparison,
compared_with,matched provenance identifier,claim:claim_rec_src_search_d1d6036be2f6_002_cases_unspecified,claim,claim_comparison:claim_cmp_1305,claim_comparison,
compared_with,matched provenance identifier,claim:claim_rec_src_search_7cb311dd75e6_001_cases_confirmed,claim,claim_comparison:claim_cmp_1305,claim_comparison,
compared_with,matched provenance identifier,claim:claim_rec_src_search_d1d6036be2f6_003_observation,claim,claim_comparison:claim_cmp_1306,claim_comparison,
compared_with,matched provenance identifier,claim:claim_rec_src_search_d1d6036be2f6_004_cases_confirmed,claim,claim_comparison:claim_cmp_1306,claim_comparison,
compared_with,matched provenance identifier,claim:claim_rec_src_search_d1d6036be2f6_003_observation,claim,claim_comparison:claim_cmp_1307,claim_comparison,
compared_with,matched provenance identifier,claim:claim_rec_src_search_d1d6036be2f6_004_deaths,claim,claim_comparison:claim_cmp_1307,claim_comparison,
compared_with,matched provenance identifier,claim:claim_rec_src_search_d1d6036be2f6_003_observation,claim,claim_comparison:claim_cmp_1308,claim_comparison,
compared_with,matched provenance identifier,claim:claim_rec_src_search_d1d6036be2f6_005_observation,claim,claim_comparison:claim_cmp_1308,claim_comparison,
compared_with,matched provenance identifier,claim:claim_rec_src_search_d1d6036be2f6_003_observation,claim,claim_comparison:claim_cmp_1309,claim_comparison,
compared_with,matched provenance identifier,claim:claim_rec_src_search_d1d6036be2f6_006_cases_unspecified,claim,claim_comparison:claim_cmp_1309,claim_comparison,
compared_with,matched provenance identifier,claim:claim_rec_src_search_d1d6036be2f6_003_observation,claim,claim_comparison:claim_cmp_1310,claim_comparison,
compared_with,matched provenance identifier,claim:claim_rec_src_search_d1d6036be2f6_007_cases_unspecified,claim,claim_comparison:claim_cmp_1310,claim_comparison,
compared_with,matched provenance identifier,claim:claim_rec_src_search_d1d6036be2f6_003_observation,claim,claim_comparison:claim_cmp_1311,claim_comparison,
compared_with,matched provenance identifier,claim:claim_rec_src_search_3109afb35d90_001_cases_confirmed,claim,claim_comparison:claim_cmp_1311,claim_comparison,
compared_with,matched provenance identifier,claim:claim_rec_src_search_d1d6036be2f6_003_observation,claim,claim_comparison:claim_cmp_1312,claim_comparison,
compared_with,matched provenance identifier,claim:claim_rec_src_search_3109afb35d90_002_cases_unspecified,claim,claim_comparison:claim_cmp_1312,claim_comparison,
compared_with,matched provenance identifier,claim:claim_rec_src_search_d1d6036be2f6_003_observation,claim,claim_comparison:claim_cmp_1313,claim_comparison,
compared_with,matched provenance identifier,claim:claim_rec_src_search_3109afb35d90_003_cases_unspecified,claim,claim_comparison:claim_cmp_1313,claim_comparison,
compared_with,matched provenance identifier,claim:claim_rec_src_search_d1d6036be2f6_003_observation,claim,claim_comparison:claim_cmp_1314,claim_comparison,
compared_with,matched provenance identifier,claim:claim_rec_src_search_3109afb35d90_004_cases_unspecified,claim,claim_comparison:claim_cmp_1314,claim_comparison,
compared_with,matched provenance identifier,claim:claim_rec_src_search_d1d6036be2f6_003_observation,claim,claim_comparison:claim_cmp_1315,claim_comparison,
compared_with,matched provenance identifier,claim:claim_rec_src_search_283a8bed6a9d_001_cases_confirmed,claim,claim_comparison:claim_cmp_1315,claim_comparison,
compared_with,matched provenance identifier,claim:claim_rec_src_search_d1d6036be2f6_003_observation,claim,claim_comparison:claim_cmp_1316,claim_comparison,
compared_with,matched provenance identifier,claim:claim_rec_src_search_283a8bed6a9d_002_cases_confirmed,claim,claim_comparison:claim_cmp_1316,claim_comparison,
compared_with,matched provenance identifier,claim:claim_rec_src_search_d1d6036be2f6_003_observation,claim,claim_comparison:claim_cmp_1317,claim_comparison,
compared_with,matched provenance identifier,claim:claim_rec_src_search_283a8bed6a9d_003_observation,claim,claim_comparison:claim_cmp_1317,claim_comparison,
compared_with,matched provenance identifier,claim:claim_rec_src_search_d1d6036be2f6_003_observation,claim,claim_comparison:claim_cmp_1318,claim_comparison,
compared_with,matched provenance identifier,claim:claim_rec_src_search_283a8bed6a9d_004_observation,claim,claim_comparison:claim_cmp_1318,claim_comparison,
compared_with,matched provenance identifier,claim:claim_rec_src_search_d1d6036be2f6_003_observation,claim,claim_comparison:claim_cmp_1319,claim_comparison,
compared_with,matched provenance identifier,claim:claim_rec_src_search_283a8bed6a9d_005_cases_unspecified,claim,claim_comparison:claim_cmp_1319,claim_comparison,
compared_with,matched provenance identifier,claim:claim_rec_src_search_d1d6036be2f6_003_observation,claim,claim_comparison:claim_cmp_1320,claim_comparison,
compared_with,matched provenance identifier,claim:claim_rec_src_search_283a8bed6a9d_006_observation,claim,claim_comparison:claim_cmp_1320,claim_comparison,
compared_with,matched provenance identifier,claim:claim_rec_src_search_d1d6036be2f6_003_observation,claim,claim_comparison:claim_cmp_1321,claim_comparison,
compared_with,matched provenance identifier,claim:claim_rec_src_search_283a8bed6a9d_007_cases_unspecified,claim,claim_comparison:claim_cmp_1321,claim_comparison,
compared_with,matched provenance identifier,claim:claim_rec_src_search_d1d6036be2f6_003_observation,claim,claim_comparison:claim_cmp_1322,claim_comparison,
compared_with,matched provenance identifier,claim:claim_rec_src_search_283a8bed6a9d_008_observation,claim,claim_comparison:claim_cmp_1322,claim_comparison,
compared_with,matched provenance identifier,claim:claim_rec_src_search_d1d6036be2f6_003_observation,claim,claim_comparison:claim_cmp_1323,claim_comparison,
compared_with,matched provenance identifier,claim:claim_rec_src_search_283a8bed6a9d_009_cases_unspecified,claim,claim_comparison:claim_cmp_1323,claim_comparison,
compared_with,matched provenance identifier,claim:claim_rec_src_search_d1d6036be2f6_003_observation,claim,claim_comparison:claim_cmp_1324,claim_comparison,
compared_with,matched provenance identifier,claim:claim_rec_src_search_283a8bed6a9d_010_cases_unspecified,claim,claim_comparison:claim_cmp_1324,claim_comparison,
compared_with,matched provenance identifier,claim:claim_rec_src_search_d1d6036be2f6_003_observation,claim,claim_comparison:claim_cmp_1325,claim_comparison,
compared_with,matched provenance identifier,claim:claim_rec_src_search_283a8bed6a9d_011_cases_unspecified,claim,claim_comparison:claim_cmp_1325,claim_comparison,
compared_with,matched provenance identifier,claim:claim_rec_src_search_d1d6036be2f6_003_observation,claim,claim_comparison:claim_cmp_1326,claim_comparison,
compared_with,matched provenance identifier,claim:claim_rec_src_search_283a8bed6a9d_011_hospitalizations,claim,claim_comparison:claim_cmp_1326,claim_comparison,
compared_with,matched provenance identifier,claim:claim_rec_src_search_d1d6036be2f6_003_observation,claim,claim_comparison:claim_cmp_1327,claim_comparison,
compared_with,matched provenance identifier,claim:claim_rec_src_search_283a8bed6a9d_012_hospitalizations,claim,claim_comparison:claim_cmp_1327,claim_comparison,
compared_with,matched provenance identifier,claim:claim_rec_src_search_d1d6036be2f6_003_observation,claim,claim_comparison:claim_cmp_1328,claim_comparison,
compared_with,matched provenance identifier,claim:claim_rec_src_search_283a8bed6a9d_013_hospitalizations,claim,claim_comparison:claim_cmp_1328,claim_comparison,
compared_with,matched provenance identifier,claim:claim_rec_src_search_d1d6036be2f6_003_observation,claim,claim_comparison:claim_cmp_1329,claim_comparison,
compared_with,matched provenance identifier,claim:claim_rec_src_search_283a8bed6a9d_014_hospitalizations,claim,claim_comparison:claim_cmp_1329,claim_comparison,
compared_with,matched provenance identifier,claim:claim_rec_src_search_d1d6036be2f6_003_observation,claim,claim_comparison:claim_cmp_1330,claim_comparison,
compared_with,matched provenance identifier,claim:claim_rec_src_search_283a8bed6a9d_015_cases_unspecified,claim,claim_comparison:claim_cmp_1330,claim_comparison,
compared_with,matched provenance identifier,claim:claim_rec_src_search_d1d6036be2f6_003_observation,claim,claim_comparison:claim_cmp_1331,claim_comparison,
compared_with,matched provenance identifier,claim:claim_rec_src_search_283a8bed6a9d_016_deaths,claim,claim_comparison:claim_cmp_1331,claim_comparison,
compared_with,matched provenance identifier,claim:claim_rec_src_search_d1d6036be2f6_003_observation,claim,claim_comparison:claim_cmp_1332,claim_comparison,
compared_with,matched provenance identifier,claim:claim_rec_src_search_283a8bed6a9d_017_deaths,claim,claim_comparison:claim_cmp_1332,claim_comparison,
compared_with,matched provenance identifier,claim:claim_rec_src_search_d1d6036be2f6_003_observation,claim,claim_comparison:claim_cmp_1333,claim_comparison,
compared_with,matched provenance identifier,claim:claim_rec_src_search_7cb311dd75e6_001_cases_confirmed,claim,claim_comparison:claim_cmp_1333,claim_comparison,
compared_with,matched provenance identifier,claim:claim_rec_src_search_d1d6036be2f6_004_cases_confirmed,claim,claim_comparison:claim_cmp_1334,claim_comparison,
compared_with,matched provenance identifier,claim:claim_rec_src_search_d1d6036be2f6_004_deaths,claim,claim_comparison:claim_cmp_1334,claim_comparison,
compared_with,matched provenance identifier,claim:claim_rec_src_search_d1d6036be2f6_004_cases_confirmed,claim,claim_comparison:claim_cmp_1335,claim_comparison,
compared_with,matched provenance identifier,claim:claim_rec_src_search_d1d6036be2f6_005_observation,claim,claim_comparison:claim_cmp_1335,claim_comparison,
compared_with,matched provenance identifier,claim:claim_rec_src_search_d1d6036be2f6_004_cases_confirmed,claim,claim_comparison:claim_cmp_1336,claim_comparison,
compared_with,matched provenance identifier,claim:claim_rec_src_search_d1d6036be2f6_006_cases_unspecified,claim,claim_comparison:claim_cmp_1336,claim_comparison,
compared_with,matched provenance identifier,claim:claim_rec_src_search_d1d6036be2f6_004_cases_confirmed,claim,claim_comparison:claim_cmp_1337,claim_comparison,
compared_with,matched provenance identifier,claim:claim_rec_src_search_d1d6036be2f6_007_cases_unspecified,claim,claim_comparison:claim_cmp_1337,claim_comparison,
compared_with,matched provenance identifier,claim:claim_rec_src_search_d1d6036be2f6_004_cases_confirmed,claim,claim_comparison:claim_cmp_1338,claim_comparison,
compared_with,matched provenance identifier,claim:claim_rec_src_search_3109afb35d90_001_cases_confirmed,claim,claim_comparison:claim_cmp_1338,claim_comparison,
compared_with,matched provenance identifier,claim:claim_rec_src_search_d1d6036be2f6_004_cases_confirmed,claim,claim_comparison:claim_cmp_1339,claim_comparison,
compared_with,matched provenance identifier,claim:claim_rec_src_search_3109afb35d90_002_cases_unspecified,claim,claim_comparison:claim_cmp_1339,claim_comparison,
compared_with,matched provenance identifier,claim:claim_rec_src_search_d1d6036be2f6_004_cases_confirmed,claim,claim_comparison:claim_cmp_1340,claim_comparison,
compared_with,matched provenance identifier,claim:claim_rec_src_search_3109afb35d90_003_cases_unspecified,claim,claim_comparison:claim_cmp_1340,claim_comparison,
compared_with,matched provenance identifier,claim:claim_rec_src_search_d1d6036be2f6_004_cases_confirmed,claim,claim_comparison:claim_cmp_1341,claim_comparison,
compared_with,matched provenance identifier,claim:claim_rec_src_search_3109afb35d90_004_cases_unspecified,claim,claim_comparison:claim_cmp_1341,claim_comparison,
compared_with,matched provenance identifier,claim:claim_rec_src_search_d1d6036be2f6_004_cases_confirmed,claim,claim_comparison:claim_cmp_1342,claim_comparison,
compared_with,matched provenance identifier,claim:claim_rec_src_search_283a8bed6a9d_001_cases_confirmed,claim,claim_comparison:claim_cmp_1342,claim_comparison,
compared_with,matched provenance identifier,claim:claim_rec_src_search_d1d6036be2f6_004_cases_confirmed,claim,claim_comparison:claim_cmp_1343,claim_comparison,
compared_with,matched provenance identifier,claim:claim_rec_src_search_283a8bed6a9d_002_cases_confirmed,claim,claim_comparison:claim_cmp_1343,claim_comparison,
compared_with,matched provenance identifier,claim:claim_rec_src_search_d1d6036be2f6_004_cases_confirmed,claim,claim_comparison:claim_cmp_1344,claim_comparison,
compared_with,matched provenance identifier,claim:claim_rec_src_search_283a8bed6a9d_003_observation,claim,claim_comparison:claim_cmp_1344,claim_comparison,
compared_with,matched provenance identifier,claim:claim_rec_src_search_d1d6036be2f6_004_cases_confirmed,claim,claim_comparison:claim_cmp_1345,claim_comparison,
compared_with,matched provenance identifier,claim:claim_rec_src_search_283a8bed6a9d_004_observation,claim,claim_comparison:claim_cmp_1345,claim_comparison,
compared_with,matched provenance identifier,claim:claim_rec_src_search_d1d6036be2f6_004_cases_confirmed,claim,claim_comparison:claim_cmp_1346,claim_comparison,
compared_with,matched provenance identifier,claim:claim_rec_src_search_283a8bed6a9d_005_cases_unspecified,claim,claim_comparison:claim_cmp_1346,claim_comparison,
compared_with,matched provenance identifier,claim:claim_rec_src_search_d1d6036be2f6_004_cases_confirmed,claim,claim_comparison:claim_cmp_1347,claim_comparison,
compared_with,matched provenance identifier,claim:claim_rec_src_search_283a8bed6a9d_006_observation,claim,claim_comparison:claim_cmp_1347,claim_comparison,
compared_with,matched provenance identifier,claim:claim_rec_src_search_d1d6036be2f6_004_cases_confirmed,claim,claim_comparison:claim_cmp_1348,claim_comparison,
compared_with,matched provenance identifier,claim:claim_rec_src_search_283a8bed6a9d_007_cases_unspecified,claim,claim_comparison:claim_cmp_1348,claim_comparison,
compared_with,matched provenance identifier,claim:claim_rec_src_search_d1d6036be2f6_004_cases_confirmed,claim,claim_comparison:claim_cmp_1349,claim_comparison,
compared_with,matched provenance identifier,claim:claim_rec_src_search_283a8bed6a9d_008_observation,claim,claim_comparison:claim_cmp_1349,claim_comparison,
compared_with,matched provenance identifier,claim:claim_rec_src_search_d1d6036be2f6_004_cases_confirmed,claim,claim_comparison:claim_cmp_1350,claim_comparison,
compared_with,matched provenance identifier,claim:claim_rec_src_search_283a8bed6a9d_009_cases_unspecified,claim,claim_comparison:claim_cmp_1350,claim_comparison,
compared_with,matched provenance identifier,claim:claim_rec_src_search_d1d6036be2f6_004_cases_confirmed,claim,claim_comparison:claim_cmp_1351,claim_comparison,
compared_with,matched provenance identifier,claim:claim_rec_src_search_283a8bed6a9d_010_cases_unspecified,claim,claim_comparison:claim_cmp_1351,claim_comparison,
compared_with,matched provenance identifier,claim:claim_rec_src_search_d1d6036be2f6_004_cases_confirmed,claim,claim_comparison:claim_cmp_1352,claim_comparison,
compared_with,matched provenance identifier,claim:claim_rec_src_search_283a8bed6a9d_011_cases_unspecified,claim,claim_comparison:claim_cmp_1352,claim_comparison,
compared_with,matched provenance identifier,claim:claim_rec_src_search_d1d6036be2f6_004_cases_confirmed,claim,claim_comparison:claim_cmp_1353,claim_comparison,
compared_with,matched provenance identifier,claim:claim_rec_src_search_283a8bed6a9d_011_hospitalizations,claim,claim_comparison:claim_cmp_1353,claim_comparison,
compared_with,matched provenance identifier,claim:claim_rec_src_search_d1d6036be2f6_004_cases_confirmed,claim,claim_comparison:claim_cmp_1354,claim_comparison,
compared_with,matched provenance identifier,claim:claim_rec_src_search_283a8bed6a9d_012_hospitalizations,claim,claim_comparison:claim_cmp_1354,claim_comparison,
compared_with,matched provenance identifier,claim:claim_rec_src_search_d1d6036be2f6_004_cases_confirmed,claim,claim_comparison:claim_cmp_1355,claim_comparison,
compared_with,matched provenance identifier,claim:claim_rec_src_search_283a8bed6a9d_013_hospitalizations,claim,claim_comparison:claim_cmp_1355,claim_comparison,
compared_with,matched provenance identifier,claim:claim_rec_src_search_d1d6036be2f6_004_cases_confirmed,claim,claim_comparison:claim_cmp_1356,claim_comparison,
compared_with,matched provenance identifier,claim:claim_rec_src_search_283a8bed6a9d_014_hospitalizations,claim,claim_comparison:claim_cmp_1356,claim_comparison,
compared_with,matched provenance identifier,claim:claim_rec_src_search_d1d6036be2f6_004_cases_confirmed,claim,claim_comparison:claim_cmp_1357,claim_comparison,
compared_with,matched provenance identifier,claim:claim_rec_src_search_283a8bed6a9d_015_cases_unspecified,claim,claim_comparison:claim_cmp_1357,claim_comparison,
compared_with,matched provenance identifier,claim:claim_rec_src_search_d1d6036be2f6_004_cases_confirmed,claim,claim_comparison:claim_cmp_1358,claim_comparison,
compared_with,matched provenance identifier,claim:claim_rec_src_search_283a8bed6a9d_016_deaths,claim,claim_comparison:claim_cmp_1358,claim_comparison,
compared_with,matched provenance identifier,claim:claim_rec_src_search_d1d6036be2f6_004_cases_confirmed,claim,claim_comparison:claim_cmp_1359,claim_comparison,
compared_with,matched provenance identifier,claim:claim_rec_src_search_283a8bed6a9d_017_deaths,claim,claim_comparison:claim_cmp_1359,claim_comparison,
compared_with,matched provenance identifier,claim:claim_rec_src_search_d1d6036be2f6_004_cases_confirmed,claim,claim_comparison:claim_cmp_1360,claim_comparison,
compared_with,matched provenance identifier,claim:claim_rec_src_search_7cb311dd75e6_001_cases_confirmed,claim,claim_comparison:claim_cmp_1360,claim_comparison,
compared_with,matched provenance identifier,claim:claim_rec_src_search_d1d6036be2f6_004_deaths,claim,claim_comparison:claim_cmp_1361,claim_comparison,
compared_with,matched provenance identifier,claim:claim_rec_src_search_d1d6036be2f6_005_observation,claim,claim_comparison:claim_cmp_1361,claim_comparison,
compared_with,matched provenance identifier,claim:claim_rec_src_search_d1d6036be2f6_004_deaths,claim,claim_comparison:claim_cmp_1362,claim_comparison,
compared_with,matched provenance identifier,claim:claim_rec_src_search_d1d6036be2f6_006_cases_unspecified,claim,claim_comparison:claim_cmp_1362,claim_comparison,
compared_with,matched provenance identifier,claim:claim_rec_src_search_d1d6036be2f6_004_deaths,claim,claim_comparison:claim_cmp_1363,claim_comparison,
compared_with,matched provenance identifier,claim:claim_rec_src_search_d1d6036be2f6_007_cases_unspecified,claim,claim_comparison:claim_cmp_1363,claim_comparison,
compared_with,matched provenance identifier,claim:claim_rec_src_search_d1d6036be2f6_004_deaths,claim,claim_comparison:claim_cmp_1364,claim_comparison,
compared_with,matched provenance identifier,claim:claim_rec_src_search_3109afb35d90_001_cases_confirmed,claim,claim_comparison:claim_cmp_1364,claim_comparison,
compared_with,matched provenance identifier,claim:claim_rec_src_search_d1d6036be2f6_004_deaths,claim,claim_comparison:claim_cmp_1365,claim_comparison,
compared_with,matched provenance identifier,claim:claim_rec_src_search_3109afb35d90_002_cases_unspecified,claim,claim_comparison:claim_cmp_1365,claim_comparison,
compared_with,matched provenance identifier,claim:claim_rec_src_search_d1d6036be2f6_004_deaths,claim,claim_comparison:claim_cmp_1366,claim_comparison,
compared_with,matched provenance identifier,claim:claim_rec_src_search_3109afb35d90_003_cases_unspecified,claim,claim_comparison:claim_cmp_1366,claim_comparison,
compared_with,matched provenance identifier,claim:claim_rec_src_search_d1d6036be2f6_004_deaths,claim,claim_comparison:claim_cmp_1367,claim_comparison,
compared_with,matched provenance identifier,claim:claim_rec_src_search_3109afb35d90_004_cases_unspecified,claim,claim_comparison:claim_cmp_1367,claim_comparison,
compared_with,matched provenance identifier,claim:claim_rec_src_search_d1d6036be2f6_004_deaths,claim,claim_comparison:claim_cmp_1368,claim_comparison,
compared_with,matched provenance identifier,claim:claim_rec_src_search_283a8bed6a9d_001_cases_confirmed,claim,claim_comparison:claim_cmp_1368,claim_comparison,
compared_with,matched provenance identifier,claim:claim_rec_src_search_d1d6036be2f6_004_deaths,claim,claim_comparison:claim_cmp_1369,claim_comparison,
compared_with,matched provenance identifier,claim:claim_rec_src_search_283a8bed6a9d_002_cases_confirmed,claim,claim_comparison:claim_cmp_1369,claim_comparison,
compared_with,matched provenance identifier,claim:claim_rec_src_search_d1d6036be2f6_004_deaths,claim,claim_comparison:claim_cmp_1370,claim_comparison,
compared_with,matched provenance identifier,claim:claim_rec_src_search_283a8bed6a9d_003_observation,claim,claim_comparison:claim_cmp_1370,claim_comparison,
compared_with,matched provenance identifier,claim:claim_rec_src_search_d1d6036be2f6_004_deaths,claim,claim_comparison:claim_cmp_1371,claim_comparison,
compared_with,matched provenance identifier,claim:claim_rec_src_search_283a8bed6a9d_004_observation,claim,claim_comparison:claim_cmp_1371,claim_comparison,
compared_with,matched provenance identifier,claim:claim_rec_src_search_d1d6036be2f6_004_deaths,claim,claim_comparison:claim_cmp_1372,claim_comparison,
compared_with,matched provenance identifier,claim:claim_rec_src_search_283a8bed6a9d_005_cases_unspecified,claim,claim_comparison:claim_cmp_1372,claim_comparison,
compared_with,matched provenance identifier,claim:claim_rec_src_search_d1d6036be2f6_004_deaths,claim,claim_comparison:claim_cmp_1373,claim_comparison,
compared_with,matched provenance identifier,claim:claim_rec_src_search_283a8bed6a9d_006_observation,claim,claim_comparison:claim_cmp_1373,claim_comparison,
compared_with,matched provenance identifier,claim:claim_rec_src_search_d1d6036be2f6_004_deaths,claim,claim_comparison:claim_cmp_1374,claim_comparison,
compared_with,matched provenance identifier,claim:claim_rec_src_search_283a8bed6a9d_007_cases_unspecified,claim,claim_comparison:claim_cmp_1374,claim_comparison,
compared_with,matched provenance identifier,claim:claim_rec_src_search_d1d6036be2f6_004_deaths,claim,claim_comparison:claim_cmp_1375,claim_comparison,
compared_with,matched provenance identifier,claim:claim_rec_src_search_283a8bed6a9d_008_observation,claim,claim_comparison:claim_cmp_1375,claim_comparison,
compared_with,matched provenance identifier,claim:claim_rec_src_search_d1d6036be2f6_004_deaths,claim,claim_comparison:claim_cmp_1376,claim_comparison,
compared_with,matched provenance identifier,claim:claim_rec_src_search_283a8bed6a9d_009_cases_unspecified,claim,claim_comparison:claim_cmp_1376,claim_comparison,
compared_with,matched provenance identifier,claim:claim_rec_src_search_d1d6036be2f6_004_deaths,claim,claim_comparison:claim_cmp_1377,claim_comparison,
compared_with,matched provenance identifier,claim:claim_rec_src_search_283a8bed6a9d_010_cases_unspecified,claim,claim_comparison:claim_cmp_1377,claim_comparison,
compared_with,matched provenance identifier,claim:claim_rec_src_search_d1d6036be2f6_004_deaths,claim,claim_comparison:claim_cmp_1378,claim_comparison,
compared_with,matched provenance identifier,claim:claim_rec_src_search_283a8bed6a9d_011_cases_unspecified,claim,claim_comparison:claim_cmp_1378,claim_comparison,
compared_with,matched provenance identifier,claim:claim_rec_src_search_d1d6036be2f6_004_deaths,claim,claim_comparison:claim_cmp_1379,claim_comparison,
compared_with,matched provenance identifier,claim:claim_rec_src_search_283a8bed6a9d_011_hospitalizations,claim,claim_comparison:claim_cmp_1379,claim_comparison,
compared_with,matched provenance identifier,claim:claim_rec_src_search_d1d6036be2f6_004_deaths,claim,claim_comparison:claim_cmp_1380,claim_comparison,
compared_with,matched provenance identifier,claim:claim_rec_src_search_283a8bed6a9d_012_hospitalizations,claim,claim_comparison:claim_cmp_1380,claim_comparison,
compared_with,matched provenance identifier,claim:claim_rec_src_search_d1d6036be2f6_004_deaths,claim,claim_comparison:claim_cmp_1381,claim_comparison,
compared_with,matched provenance identifier,claim:claim_rec_src_search_283a8bed6a9d_013_hospitalizations,claim,claim_comparison:claim_cmp_1381,claim_comparison,
compared_with,matched provenance identifier,claim:claim_rec_src_search_d1d6036be2f6_004_deaths,claim,claim_comparison:claim_cmp_1382,claim_comparison,
compared_with,matched provenance identifier,claim:claim_rec_src_search_283a8bed6a9d_014_hospitalizations,claim,claim_comparison:claim_cmp_1382,claim_comparison,
compared_with,matched provenance identifier,claim:claim_rec_src_search_d1d6036be2f6_004_deaths,claim,claim_comparison:claim_cmp_1383,claim_comparison,
compared_with,matched provenance identifier,claim:claim_rec_src_search_283a8bed6a9d_015_cases_unspecified,claim,claim_comparison:claim_cmp_1383,claim_comparison,
compared_with,matched provenance identifier,claim:claim_rec_src_search_d1d6036be2f6_004_deaths,claim,claim_comparison:claim_cmp_1384,claim_comparison,
compared_with,matched provenance identifier,claim:claim_rec_src_search_283a8bed6a9d_016_deaths,claim,claim_comparison:claim_cmp_1384,claim_comparison,
compared_with,matched provenance identifier,claim:claim_rec_src_search_d1d6036be2f6_004_deaths,claim,claim_comparison:claim_cmp_1385,claim_comparison,
compared_with,matched provenance identifier,claim:claim_rec_src_search_283a8bed6a9d_017_deaths,claim,claim_comparison:claim_cmp_1385,claim_comparison,
compared_with,matched provenance identifier,claim:claim_rec_src_search_d1d6036be2f6_004_deaths,claim,claim_comparison:claim_cmp_1386,claim_comparison,
compared_with,matched provenance identifier,claim:claim_rec_src_search_7cb311dd75e6_001_cases_confirmed,claim,claim_comparison:claim_cmp_1386,claim_comparison,
compared_with,matched provenance identifier,claim:claim_rec_src_search_d1d6036be2f6_005_observation,claim,claim_comparison:claim_cmp_1387,claim_comparison,
compared_with,matched provenance identifier,claim:claim_rec_src_search_d1d6036be2f6_006_cases_unspecified,claim,claim_comparison:claim_cmp_1387,claim_comparison,
compared_with,matched provenance identifier,claim:claim_rec_src_search_d1d6036be2f6_005_observation,claim,claim_comparison:claim_cmp_1388,claim_comparison,
compared_with,matched provenance identifier,claim:claim_rec_src_search_d1d6036be2f6_007_cases_unspecified,claim,claim_comparison:claim_cmp_1388,claim_comparison,
compared_with,matched provenance identifier,claim:claim_rec_src_search_d1d6036be2f6_005_observation,claim,claim_comparison:claim_cmp_1389,claim_comparison,
compared_with,matched provenance identifier,claim:claim_rec_src_search_3109afb35d90_001_cases_confirmed,claim,claim_comparison:claim_cmp_1389,claim_comparison,
compared_with,matched provenance identifier,claim:claim_rec_src_search_d1d6036be2f6_005_observation,claim,claim_comparison:claim_cmp_1390,claim_comparison,
compared_with,matched provenance identifier,claim:claim_rec_src_search_3109afb35d90_002_cases_unspecified,claim,claim_comparison:claim_cmp_1390,claim_comparison,
compared_with,matched provenance identifier,claim:claim_rec_src_search_d1d6036be2f6_005_observation,claim,claim_comparison:claim_cmp_1391,claim_comparison,
compared_with,matched provenance identifier,claim:claim_rec_src_search_3109afb35d90_003_cases_unspecified,claim,claim_comparison:claim_cmp_1391,claim_comparison,
compared_with,matched provenance identifier,claim:claim_rec_src_search_d1d6036be2f6_005_observation,claim,claim_comparison:claim_cmp_1392,claim_comparison,
compared_with,matched provenance identifier,claim:claim_rec_src_search_3109afb35d90_004_cases_unspecified,claim,claim_comparison:claim_cmp_1392,claim_comparison,
compared_with,matched provenance identifier,claim:claim_rec_src_search_d1d6036be2f6_005_observation,claim,claim_comparison:claim_cmp_1393,claim_comparison,
compared_with,matched provenance identifier,claim:claim_rec_src_search_283a8bed6a9d_001_cases_confirmed,claim,claim_comparison:claim_cmp_1393,claim_comparison,
compared_with,matched provenance identifier,claim:claim_rec_src_search_d1d6036be2f6_005_observation,claim,claim_comparison:claim_cmp_1394,claim_comparison,
compared_with,matched provenance identifier,claim:claim_rec_src_search_283a8bed6a9d_002_cases_confirmed,claim,claim_comparison:claim_cmp_1394,claim_comparison,
compared_with,matched provenance identifier,claim:claim_rec_src_search_d1d6036be2f6_005_observation,claim,claim_comparison:claim_cmp_1395,claim_comparison,
compared_with,matched provenance identifier,claim:claim_rec_src_search_283a8bed6a9d_003_observation,claim,claim_comparison:claim_cmp_1395,claim_comparison,
compared_with,matched provenance identifier,claim:claim_rec_src_search_d1d6036be2f6_005_observation,claim,claim_comparison:claim_cmp_1396,claim_comparison,
compared_with,matched provenance identifier,claim:claim_rec_src_search_283a8bed6a9d_004_observation,claim,claim_comparison:claim_cmp_1396,claim_comparison,
compared_with,matched provenance identifier,claim:claim_rec_src_search_d1d6036be2f6_005_observation,claim,claim_comparison:claim_cmp_1397,claim_comparison,
compared_with,matched provenance identifier,claim:claim_rec_src_search_283a8bed6a9d_005_cases_unspecified,claim,claim_comparison:claim_cmp_1397,claim_comparison,
compared_with,matched provenance identifier,claim:claim_rec_src_search_d1d6036be2f6_005_observation,claim,claim_comparison:claim_cmp_1398,claim_comparison,
compared_with,matched provenance identifier,claim:claim_rec_src_search_283a8bed6a9d_006_observation,claim,claim_comparison:claim_cmp_1398,claim_comparison,
compared_with,matched provenance identifier,claim:claim_rec_src_search_d1d6036be2f6_005_observation,claim,claim_comparison:claim_cmp_1399,claim_comparison,
compared_with,matched provenance identifier,claim:claim_rec_src_search_283a8bed6a9d_007_cases_unspecified,claim,claim_comparison:claim_cmp_1399,claim_comparison,
compared_with,matched provenance identifier,claim:claim_rec_src_search_d1d6036be2f6_005_observation,claim,claim_comparison:claim_cmp_1400,claim_comparison,
compared_with,matched provenance identifier,claim:claim_rec_src_search_283a8bed6a9d_008_observation,claim,claim_comparison:claim_cmp_1400,claim_comparison,
compared_with,matched provenance identifier,claim:claim_rec_src_search_d1d6036be2f6_005_observation,claim,claim_comparison:claim_cmp_1401,claim_comparison,
compared_with,matched provenance identifier,claim:claim_rec_src_search_283a8bed6a9d_009_cases_unspecified,claim,claim_comparison:claim_cmp_1401,claim_comparison,
compared_with,matched provenance identifier,claim:claim_rec_src_search_d1d6036be2f6_005_observation,claim,claim_comparison:claim_cmp_1402,claim_comparison,
compared_with,matched provenance identifier,claim:claim_rec_src_search_283a8bed6a9d_010_cases_unspecified,claim,claim_comparison:claim_cmp_1402,claim_comparison,
compared_with,matched provenance identifier,claim:claim_rec_src_search_d1d6036be2f6_005_observation,claim,claim_comparison:claim_cmp_1403,claim_comparison,
compared_with,matched provenance identifier,claim:claim_rec_src_search_283a8bed6a9d_011_cases_unspecified,claim,claim_comparison:claim_cmp_1403,claim_comparison,
compared_with,matched provenance identifier,claim:claim_rec_src_search_d1d6036be2f6_005_observation,claim,claim_comparison:claim_cmp_1404,claim_comparison,
compared_with,matched provenance identifier,claim:claim_rec_src_search_283a8bed6a9d_011_hospitalizations,claim,claim_comparison:claim_cmp_1404,claim_comparison,
compared_with,matched provenance identifier,claim:claim_rec_src_search_d1d6036be2f6_005_observation,claim,claim_comparison:claim_cmp_1405,claim_comparison,
compared_with,matched provenance identifier,claim:claim_rec_src_search_283a8bed6a9d_012_hospitalizations,claim,claim_comparison:claim_cmp_1405,claim_comparison,
compared_with,matched provenance identifier,claim:claim_rec_src_search_d1d6036be2f6_005_observation,claim,claim_comparison:claim_cmp_1406,claim_comparison,
compared_with,matched provenance identifier,claim:claim_rec_src_search_283a8bed6a9d_013_hospitalizations,claim,claim_comparison:claim_cmp_1406,claim_comparison,
compared_with,matched provenance identifier,claim:claim_rec_src_search_d1d6036be2f6_005_observation,claim,claim_comparison:claim_cmp_1407,claim_comparison,
compared_with,matched provenance identifier,claim:claim_rec_src_search_283a8bed6a9d_014_hospitalizations,claim,claim_comparison:claim_cmp_1407,claim_comparison,
compared_with,matched provenance identifier,claim:claim_rec_src_search_d1d6036be2f6_005_observation,claim,claim_comparison:claim_cmp_1408,claim_comparison,
compared_with,matched provenance identifier,claim:claim_rec_src_search_283a8bed6a9d_015_cases_unspecified,claim,claim_comparison:claim_cmp_1408,claim_comparison,
compared_with,matched provenance identifier,claim:claim_rec_src_search_d1d6036be2f6_005_observation,claim,claim_comparison:claim_cmp_1409,claim_comparison,
compared_with,matched provenance identifier,claim:claim_rec_src_search_283a8bed6a9d_016_deaths,claim,claim_comparison:claim_cmp_1409,claim_comparison,
compared_with,matched provenance identifier,claim:claim_rec_src_search_d1d6036be2f6_005_observation,claim,claim_comparison:claim_cmp_1410,claim_comparison,
compared_with,matched provenance identifier,claim:claim_rec_src_search_283a8bed6a9d_017_deaths,claim,claim_comparison:claim_cmp_1410,claim_comparison,
compared_with,matched provenance identifier,claim:claim_rec_src_search_d1d6036be2f6_005_observation,claim,claim_comparison:claim_cmp_1411,claim_comparison,
compared_with,matched provenance identifier,claim:claim_rec_src_search_7cb311dd75e6_001_cases_confirmed,claim,claim_comparison:claim_cmp_1411,claim_comparison,
compared_with,matched provenance identifier,claim:claim_rec_src_search_d1d6036be2f6_006_cases_unspecified,claim,claim_comparison:claim_cmp_1412,claim_comparison,
compared_with,matched provenance identifier,claim:claim_rec_src_search_d1d6036be2f6_007_cases_unspecified,claim,claim_comparison:claim_cmp_1412,claim_comparison,
compared_with,matched provenance identifier,claim:claim_rec_src_search_d1d6036be2f6_006_cases_unspecified,claim,claim_comparison:claim_cmp_1413,claim_comparison,
compared_with,matched provenance identifier,claim:claim_rec_src_search_3109afb35d90_001_cases_confirmed,claim,claim_comparison:claim_cmp_1413,claim_comparison,
compared_with,matched provenance identifier,claim:claim_rec_src_search_d1d6036be2f6_006_cases_unspecified,claim,claim_comparison:claim_cmp_1414,claim_comparison,
compared_with,matched provenance identifier,claim:claim_rec_src_search_3109afb35d90_002_cases_unspecified,claim,claim_comparison:claim_cmp_1414,claim_comparison,
compared_with,matched provenance identifier,claim:claim_rec_src_search_d1d6036be2f6_006_cases_unspecified,claim,claim_comparison:claim_cmp_1415,claim_comparison,
compared_with,matched provenance identifier,claim:claim_rec_src_search_3109afb35d90_003_cases_unspecified,claim,claim_comparison:claim_cmp_1415,claim_comparison,
compared_with,matched provenance identifier,claim:claim_rec_src_search_d1d6036be2f6_006_cases_unspecified,claim,claim_comparison:claim_cmp_1416,claim_comparison,
compared_with,matched provenance identifier,claim:claim_rec_src_search_3109afb35d90_004_cases_unspecified,claim,claim_comparison:claim_cmp_1416,claim_comparison,
compared_with,matched provenance identifier,claim:claim_rec_src_search_d1d6036be2f6_006_cases_unspecified,claim,claim_comparison:claim_cmp_1417,claim_comparison,
compared_with,matched provenance identifier,claim:claim_rec_src_search_283a8bed6a9d_001_cases_confirmed,claim,claim_comparison:claim_cmp_1417,claim_comparison,
compared_with,matched provenance identifier,claim:claim_rec_src_search_d1d6036be2f6_006_cases_unspecified,claim,claim_comparison:claim_cmp_1418,claim_comparison,
compared_with,matched provenance identifier,claim:claim_rec_src_search_283a8bed6a9d_002_cases_confirmed,claim,claim_comparison:claim_cmp_1418,claim_comparison,
compared_with,matched provenance identifier,claim:claim_rec_src_search_d1d6036be2f6_006_cases_unspecified,claim,claim_comparison:claim_cmp_1419,claim_comparison,
compared_with,matched provenance identifier,claim:claim_rec_src_search_283a8bed6a9d_003_observation,claim,claim_comparison:claim_cmp_1419,claim_comparison,
compared_with,matched provenance identifier,claim:claim_rec_src_search_d1d6036be2f6_006_cases_unspecified,claim,claim_comparison:claim_cmp_1420,claim_comparison,
compared_with,matched provenance identifier,claim:claim_rec_src_search_283a8bed6a9d_004_observation,claim,claim_comparison:claim_cmp_1420,claim_comparison,
compared_with,matched provenance identifier,claim:claim_rec_src_search_d1d6036be2f6_006_cases_unspecified,claim,claim_comparison:claim_cmp_1421,claim_comparison,
compared_with,matched provenance identifier,claim:claim_rec_src_search_283a8bed6a9d_005_cases_unspecified,claim,claim_comparison:claim_cmp_1421,claim_comparison,
compared_with,matched provenance identifier,claim:claim_rec_src_search_d1d6036be2f6_006_cases_unspecified,claim,claim_comparison:claim_cmp_1422,claim_comparison,
compared_with,matched provenance identifier,claim:claim_rec_src_search_283a8bed6a9d_006_observation,claim,claim_comparison:claim_cmp_1422,claim_comparison,
compared_with,matched provenance identifier,claim:claim_rec_src_search_d1d6036be2f6_006_cases_unspecified,claim,claim_comparison:claim_cmp_1423,claim_comparison,
compared_with,matched provenance identifier,claim:claim_rec_src_search_283a8bed6a9d_007_cases_unspecified,claim,claim_comparison:claim_cmp_1423,claim_comparison,
compared_with,matched provenance identifier,claim:claim_rec_src_search_d1d6036be2f6_006_cases_unspecified,claim,claim_comparison:claim_cmp_1424,claim_comparison,
compared_with,matched provenance identifier,claim:claim_rec_src_search_283a8bed6a9d_008_observation,claim,claim_comparison:claim_cmp_1424,claim_comparison,
compared_with,matched provenance identifier,claim:claim_rec_src_search_d1d6036be2f6_006_cases_unspecified,claim,claim_comparison:claim_cmp_1425,claim_comparison,
compared_with,matched provenance identifier,claim:claim_rec_src_search_283a8bed6a9d_009_cases_unspecified,claim,claim_comparison:claim_cmp_1425,claim_comparison,
compared_with,matched provenance identifier,claim:claim_rec_src_search_d1d6036be2f6_006_cases_unspecified,claim,claim_comparison:claim_cmp_1426,claim_comparison,
compared_with,matched provenance identifier,claim:claim_rec_src_search_283a8bed6a9d_010_cases_unspecified,claim,claim_comparison:claim_cmp_1426,claim_comparison,
compared_with,matched provenance identifier,claim:claim_rec_src_search_d1d6036be2f6_006_cases_unspecified,claim,claim_comparison:claim_cmp_1427,claim_comparison,
compared_with,matched provenance identifier,claim:claim_rec_src_search_283a8bed6a9d_011_cases_unspecified,claim,claim_comparison:claim_cmp_1427,claim_comparison,
compared_with,matched provenance identifier,claim:claim_rec_src_search_d1d6036be2f6_006_cases_unspecified,claim,claim_comparison:claim_cmp_1428,claim_comparison,
compared_with,matched provenance identifier,claim:claim_rec_src_search_283a8bed6a9d_011_hospitalizations,claim,claim_comparison:claim_cmp_1428,claim_comparison,
compared_with,matched provenance identifier,claim:claim_rec_src_search_d1d6036be2f6_006_cases_unspecified,claim,claim_comparison:claim_cmp_1429,claim_comparison,
compared_with,matched provenance identifier,claim:claim_rec_src_search_283a8bed6a9d_012_hospitalizations,claim,claim_comparison:claim_cmp_1429,claim_comparison,
compared_with,matched provenance identifier,claim:claim_rec_src_search_d1d6036be2f6_006_cases_unspecified,claim,claim_comparison:claim_cmp_1430,claim_comparison,
compared_with,matched provenance identifier,claim:claim_rec_src_search_283a8bed6a9d_013_hospitalizations,claim,claim_comparison:claim_cmp_1430,claim_comparison,
compared_with,matched provenance identifier,claim:claim_rec_src_search_d1d6036be2f6_006_cases_unspecified,claim,claim_comparison:claim_cmp_1431,claim_comparison,
compared_with,matched provenance identifier,claim:claim_rec_src_search_283a8bed6a9d_014_hospitalizations,claim,claim_comparison:claim_cmp_1431,claim_comparison,
compared_with,matched provenance identifier,claim:claim_rec_src_search_d1d6036be2f6_006_cases_unspecified,claim,claim_comparison:claim_cmp_1432,claim_comparison,
compared_with,matched provenance identifier,claim:claim_rec_src_search_283a8bed6a9d_015_cases_unspecified,claim,claim_comparison:claim_cmp_1432,claim_comparison,
compared_with,matched provenance identifier,claim:claim_rec_src_search_d1d6036be2f6_006_cases_unspecified,claim,claim_comparison:claim_cmp_1433,claim_comparison,
compared_with,matched provenance identifier,claim:claim_rec_src_search_283a8bed6a9d_016_deaths,claim,claim_comparison:claim_cmp_1433,claim_comparison,
compared_with,matched provenance identifier,claim:claim_rec_src_search_d1d6036be2f6_006_cases_unspecified,claim,claim_comparison:claim_cmp_1434,claim_comparison,
compared_with,matched provenance identifier,claim:claim_rec_src_search_283a8bed6a9d_017_deaths,claim,claim_comparison:claim_cmp_1434,claim_comparison,
compared_with,matched provenance identifier,claim:claim_rec_src_search_d1d6036be2f6_006_cases_unspecified,claim,claim_comparison:claim_cmp_1435,claim_comparison,
compared_with,matched provenance identifier,claim:claim_rec_src_search_7cb311dd75e6_001_cases_confirmed,claim,claim_comparison:claim_cmp_1435,claim_comparison,
compared_with,matched provenance identifier,claim:claim_rec_src_search_d1d6036be2f6_007_cases_unspecified,claim,claim_comparison:claim_cmp_1436,claim_comparison,
compared_with,matched provenance identifier,claim:claim_rec_src_search_3109afb35d90_001_cases_confirmed,claim,claim_comparison:claim_cmp_1436,claim_comparison,
compared_with,matched provenance identifier,claim:claim_rec_src_search_d1d6036be2f6_007_cases_unspecified,claim,claim_comparison:claim_cmp_1437,claim_comparison,
compared_with,matched provenance identifier,claim:claim_rec_src_search_3109afb35d90_002_cases_unspecified,claim,claim_comparison:claim_cmp_1437,claim_comparison,
compared_with,matched provenance identifier,claim:claim_rec_src_search_d1d6036be2f6_007_cases_unspecified,claim,claim_comparison:claim_cmp_1438,claim_comparison,
compared_with,matched provenance identifier,claim:claim_rec_src_search_3109afb35d90_003_cases_unspecified,claim,claim_comparison:claim_cmp_1438,claim_comparison,
compared_with,matched provenance identifier,claim:claim_rec_src_search_d1d6036be2f6_007_cases_unspecified,claim,claim_comparison:claim_cmp_1439,claim_comparison,
compared_with,matched provenance identifier,claim:claim_rec_src_search_3109afb35d90_004_cases_unspecified,claim,claim_comparison:claim_cmp_1439,claim_comparison,
compared_with,matched provenance identifier,claim:claim_rec_src_search_d1d6036be2f6_007_cases_unspecified,claim,claim_comparison:claim_cmp_1440,claim_comparison,
compared_with,matched provenance identifier,claim:claim_rec_src_search_283a8bed6a9d_001_cases_confirmed,claim,claim_comparison:claim_cmp_1440,claim_comparison,
compared_with,matched provenance identifier,claim:claim_rec_src_search_d1d6036be2f6_007_cases_unspecified,claim,claim_comparison:claim_cmp_1441,claim_comparison,
compared_with,matched provenance identifier,claim:claim_rec_src_search_283a8bed6a9d_002_cases_confirmed,claim,claim_comparison:claim_cmp_1441,claim_comparison,
compared_with,matched provenance identifier,claim:claim_rec_src_search_d1d6036be2f6_007_cases_unspecified,claim,claim_comparison:claim_cmp_1442,claim_comparison,
compared_with,matched provenance identifier,claim:claim_rec_src_search_283a8bed6a9d_003_observation,claim,claim_comparison:claim_cmp_1442,claim_comparison,
compared_with,matched provenance identifier,claim:claim_rec_src_search_d1d6036be2f6_007_cases_unspecified,claim,claim_comparison:claim_cmp_1443,claim_comparison,
compared_with,matched provenance identifier,claim:claim_rec_src_search_283a8bed6a9d_004_observation,claim,claim_comparison:claim_cmp_1443,claim_comparison,
compared_with,matched provenance identifier,claim:claim_rec_src_search_d1d6036be2f6_007_cases_unspecified,claim,claim_comparison:claim_cmp_1444,claim_comparison,
compared_with,matched provenance identifier,claim:claim_rec_src_search_283a8bed6a9d_005_cases_unspecified,claim,claim_comparison:claim_cmp_1444,claim_comparison,
compared_with,matched provenance identifier,claim:claim_rec_src_search_d1d6036be2f6_007_cases_unspecified,claim,claim_comparison:claim_cmp_1445,claim_comparison,
compared_with,matched provenance identifier,claim:claim_rec_src_search_283a8bed6a9d_006_observation,claim,claim_comparison:claim_cmp_1445,claim_comparison,
compared_with,matched provenance identifier,claim:claim_rec_src_search_d1d6036be2f6_007_cases_unspecified,claim,claim_comparison:claim_cmp_1446,claim_comparison,
compared_with,matched provenance identifier,claim:claim_rec_src_search_283a8bed6a9d_007_cases_unspecified,claim,claim_comparison:claim_cmp_1446,claim_comparison,
compared_with,matched provenance identifier,claim:claim_rec_src_search_d1d6036be2f6_007_cases_unspecified,claim,claim_comparison:claim_cmp_1447,claim_comparison,
compared_with,matched provenance identifier,claim:claim_rec_src_search_283a8bed6a9d_008_observation,claim,claim_comparison:claim_cmp_1447,claim_comparison,
compared_with,matched provenance identifier,claim:claim_rec_src_search_d1d6036be2f6_007_cases_unspecified,claim,claim_comparison:claim_cmp_1448,claim_comparison,
compared_with,matched provenance identifier,claim:claim_rec_src_search_283a8bed6a9d_009_cases_unspecified,claim,claim_comparison:claim_cmp_1448,claim_comparison,
compared_with,matched provenance identifier,claim:claim_rec_src_search_d1d6036be2f6_007_cases_unspecified,claim,claim_comparison:claim_cmp_1449,claim_comparison,
compared_with,matched provenance identifier,claim:claim_rec_src_search_283a8bed6a9d_010_cases_unspecified,claim,claim_comparison:claim_cmp_1449,claim_comparison,
compared_with,matched provenance identifier,claim:claim_rec_src_search_d1d6036be2f6_007_cases_unspecified,claim,claim_comparison:claim_cmp_1450,claim_comparison,
compared_with,matched provenance identifier,claim:claim_rec_src_search_283a8bed6a9d_011_cases_unspecified,claim,claim_comparison:claim_cmp_1450,claim_comparison,
compared_with,matched provenance identifier,claim:claim_rec_src_search_d1d6036be2f6_007_cases_unspecified,claim,claim_comparison:claim_cmp_1451,claim_comparison,
compared_with,matched provenance identifier,claim:claim_rec_src_search_283a8bed6a9d_011_hospitalizations,claim,claim_comparison:claim_cmp_1451,claim_comparison,
compared_with,matched provenance identifier,claim:claim_rec_src_search_d1d6036be2f6_007_cases_unspecified,claim,claim_comparison:claim_cmp_1452,claim_comparison,
compared_with,matched provenance identifier,claim:claim_rec_src_search_283a8bed6a9d_012_hospitalizations,claim,claim_comparison:claim_cmp_1452,claim_comparison,
compared_with,matched provenance identifier,claim:claim_rec_src_search_d1d6036be2f6_007_cases_unspecified,claim,claim_comparison:claim_cmp_1453,claim_comparison,
compared_with,matched provenance identifier,claim:claim_rec_src_search_283a8bed6a9d_013_hospitalizations,claim,claim_comparison:claim_cmp_1453,claim_comparison,
compared_with,matched provenance identifier,claim:claim_rec_src_search_d1d6036be2f6_007_cases_unspecified,claim,claim_comparison:claim_cmp_1454,claim_comparison,
compared_with,matched provenance identifier,claim:claim_rec_src_search_283a8bed6a9d_014_hospitalizations,claim,claim_comparison:claim_cmp_1454,claim_comparison,
compared_with,matched provenance identifier,claim:claim_rec_src_search_d1d6036be2f6_007_cases_unspecified,claim,claim_comparison:claim_cmp_1455,claim_comparison,
compared_with,matched provenance identifier,claim:claim_rec_src_search_283a8bed6a9d_015_cases_unspecified,claim,claim_comparison:claim_cmp_1455,claim_comparison,
compared_with,matched provenance identifier,claim:claim_rec_src_search_d1d6036be2f6_007_cases_unspecified,claim,claim_comparison:claim_cmp_1456,claim_comparison,
compared_with,matched provenance identifier,claim:claim_rec_src_search_283a8bed6a9d_016_deaths,claim,claim_comparison:claim_cmp_1456,claim_comparison,
compared_with,matched provenance identifier,claim:claim_rec_src_search_d1d6036be2f6_007_cases_unspecified,claim,claim_comparison:claim_cmp_1457,claim_comparison,
compared_with,matched provenance identifier,claim:claim_rec_src_search_283a8bed6a9d_017_deaths,claim,claim_comparison:claim_cmp_1457,claim_comparison,
compared_with,matched provenance identifier,claim:claim_rec_src_search_d1d6036be2f6_007_cases_unspecified,claim,claim_comparison:claim_cmp_1458,claim_comparison,
compared_with,matched provenance identifier,claim:claim_rec_src_search_7cb311dd75e6_001_cases_confirmed,claim,claim_comparison:claim_cmp_1458,claim_comparison,
compared_with,matched provenance identifier,claim:claim_rec_src_search_3109afb35d90_001_cases_confirmed,claim,claim_comparison:claim_cmp_1459,claim_comparison,
compared_with,matched provenance identifier,claim:claim_rec_src_search_3109afb35d90_002_cases_unspecified,claim,claim_comparison:claim_cmp_1459,claim_comparison,
compared_with,matched provenance identifier,claim:claim_rec_src_search_3109afb35d90_001_cases_confirmed,claim,claim_comparison:claim_cmp_1460,claim_comparison,
compared_with,matched provenance identifier,claim:claim_rec_src_search_3109afb35d90_003_cases_unspecified,claim,claim_comparison:claim_cmp_1460,claim_comparison,
compared_with,matched provenance identifier,claim:claim_rec_src_search_3109afb35d90_001_cases_confirmed,claim,claim_comparison:claim_cmp_1461,claim_comparison,
compared_with,matched provenance identifier,claim:claim_rec_src_search_3109afb35d90_004_cases_unspecified,claim,claim_comparison:claim_cmp_1461,claim_comparison,
compared_with,matched provenance identifier,claim:claim_rec_src_search_3109afb35d90_001_cases_confirmed,claim,claim_comparison:claim_cmp_1462,claim_comparison,
compared_with,matched provenance identifier,claim:claim_rec_src_search_283a8bed6a9d_001_cases_confirmed,claim,claim_comparison:claim_cmp_1462,claim_comparison,
compared_with,matched provenance identifier,claim:claim_rec_src_search_3109afb35d90_001_cases_confirmed,claim,claim_comparison:claim_cmp_1463,claim_comparison,
compared_with,matched provenance identifier,claim:claim_rec_src_search_283a8bed6a9d_002_cases_confirmed,claim,claim_comparison:claim_cmp_1463,claim_comparison,
compared_with,matched provenance identifier,claim:claim_rec_src_search_3109afb35d90_001_cases_confirmed,claim,claim_comparison:claim_cmp_1464,claim_comparison,
compared_with,matched provenance identifier,claim:claim_rec_src_search_283a8bed6a9d_003_observation,claim,claim_comparison:claim_cmp_1464,claim_comparison,
compared_with,matched provenance identifier,claim:claim_rec_src_search_3109afb35d90_001_cases_confirmed,claim,claim_comparison:claim_cmp_1465,claim_comparison,
compared_with,matched provenance identifier,claim:claim_rec_src_search_283a8bed6a9d_004_observation,claim,claim_comparison:claim_cmp_1465,claim_comparison,
compared_with,matched provenance identifier,claim:claim_rec_src_search_3109afb35d90_001_cases_confirmed,claim,claim_comparison:claim_cmp_1466,claim_comparison,
compared_with,matched provenance identifier,claim:claim_rec_src_search_283a8bed6a9d_005_cases_unspecified,claim,claim_comparison:claim_cmp_1466,claim_comparison,
compared_with,matched provenance identifier,claim:claim_rec_src_search_3109afb35d90_001_cases_confirmed,claim,claim_comparison:claim_cmp_1467,claim_comparison,
compared_with,matched provenance identifier,claim:claim_rec_src_search_283a8bed6a9d_006_observation,claim,claim_comparison:claim_cmp_1467,claim_comparison,
compared_with,matched provenance identifier,claim:claim_rec_src_search_3109afb35d90_001_cases_confirmed,claim,claim_comparison:claim_cmp_1468,claim_comparison,
compared_with,matched provenance identifier,claim:claim_rec_src_search_283a8bed6a9d_007_cases_unspecified,claim,claim_comparison:claim_cmp_1468,claim_comparison,
compared_with,matched provenance identifier,claim:claim_rec_src_search_3109afb35d90_001_cases_confirmed,claim,claim_comparison:claim_cmp_1469,claim_comparison,
compared_with,matched provenance identifier,claim:claim_rec_src_search_283a8bed6a9d_008_observation,claim,claim_comparison:claim_cmp_1469,claim_comparison,
compared_with,matched provenance identifier,claim:claim_rec_src_search_3109afb35d90_001_cases_confirmed,claim,claim_comparison:claim_cmp_1470,claim_comparison,
compared_with,matched provenance identifier,claim:claim_rec_src_search_283a8bed6a9d_009_cases_unspecified,claim,claim_comparison:claim_cmp_1470,claim_comparison,
compared_with,matched provenance identifier,claim:claim_rec_src_search_3109afb35d90_001_cases_confirmed,claim,claim_comparison:claim_cmp_1471,claim_comparison,
compared_with,matched provenance identifier,claim:claim_rec_src_search_283a8bed6a9d_010_cases_unspecified,claim,claim_comparison:claim_cmp_1471,claim_comparison,
compared_with,matched provenance identifier,claim:claim_rec_src_search_3109afb35d90_001_cases_confirmed,claim,claim_comparison:claim_cmp_1472,claim_comparison,
compared_with,matched provenance identifier,claim:claim_rec_src_search_283a8bed6a9d_011_cases_unspecified,claim,claim_comparison:claim_cmp_1472,claim_comparison,
compared_with,matched provenance identifier,claim:claim_rec_src_search_3109afb35d90_001_cases_confirmed,claim,claim_comparison:claim_cmp_1473,claim_comparison,
compared_with,matched provenance identifier,claim:claim_rec_src_search_283a8bed6a9d_011_hospitalizations,claim,claim_comparison:claim_cmp_1473,claim_comparison,
compared_with,matched provenance identifier,claim:claim_rec_src_search_3109afb35d90_001_cases_confirmed,claim,claim_comparison:claim_cmp_1474,claim_comparison,
compared_with,matched provenance identifier,claim:claim_rec_src_search_283a8bed6a9d_012_hospitalizations,claim,claim_comparison:claim_cmp_1474,claim_comparison,
compared_with,matched provenance identifier,claim:claim_rec_src_search_3109afb35d90_001_cases_confirmed,claim,claim_comparison:claim_cmp_1475,claim_comparison,
compared_with,matched provenance identifier,claim:claim_rec_src_search_283a8bed6a9d_013_hospitalizations,claim,claim_comparison:claim_cmp_1475,claim_comparison,
compared_with,matched provenance identifier,claim:claim_rec_src_search_3109afb35d90_001_cases_confirmed,claim,claim_comparison:claim_cmp_1476,claim_comparison,
compared_with,matched provenance identifier,claim:claim_rec_src_search_283a8bed6a9d_014_hospitalizations,claim,claim_comparison:claim_cmp_1476,claim_comparison,
compared_with,matched provenance identifier,claim:claim_rec_src_search_3109afb35d90_001_cases_confirmed,claim,claim_comparison:claim_cmp_1477,claim_comparison,
compared_with,matched provenance identifier,claim:claim_rec_src_search_283a8bed6a9d_015_cases_unspecified,claim,claim_comparison:claim_cmp_1477,claim_comparison,
compared_with,matched provenance identifier,claim:claim_rec_src_search_3109afb35d90_001_cases_confirmed,claim,claim_comparison:claim_cmp_1478,claim_comparison,
compared_with,matched provenance identifier,claim:claim_rec_src_search_283a8bed6a9d_016_deaths,claim,claim_comparison:claim_cmp_1478,claim_comparison,
compared_with,matched provenance identifier,claim:claim_rec_src_search_3109afb35d90_001_cases_confirmed,claim,claim_comparison:claim_cmp_1479,claim_comparison,
compared_with,matched provenance identifier,claim:claim_rec_src_search_283a8bed6a9d_017_deaths,claim,claim_comparison:claim_cmp_1479,claim_comparison,
compared_with,matched provenance identifier,claim:claim_rec_src_search_3109afb35d90_001_cases_confirmed,claim,claim_comparison:claim_cmp_1480,claim_comparison,
compared_with,matched provenance identifier,claim:claim_rec_src_search_7cb311dd75e6_001_cases_confirmed,claim,claim_comparison:claim_cmp_1480,claim_comparison,
compared_with,matched provenance identifier,claim:claim_rec_src_search_3109afb35d90_002_cases_unspecified,claim,claim_comparison:claim_cmp_1481,claim_comparison,
compared_with,matched provenance identifier,claim:claim_rec_src_search_3109afb35d90_003_cases_unspecified,claim,claim_comparison:claim_cmp_1481,claim_comparison,
compared_with,matched provenance identifier,claim:claim_rec_src_search_3109afb35d90_002_cases_unspecified,claim,claim_comparison:claim_cmp_1482,claim_comparison,
compared_with,matched provenance identifier,claim:claim_rec_src_search_3109afb35d90_004_cases_unspecified,claim,claim_comparison:claim_cmp_1482,claim_comparison,
compared_with,matched provenance identifier,claim:claim_rec_src_search_3109afb35d90_002_cases_unspecified,claim,claim_comparison:claim_cmp_1483,claim_comparison,
compared_with,matched provenance identifier,claim:claim_rec_src_search_283a8bed6a9d_001_cases_confirmed,claim,claim_comparison:claim_cmp_1483,claim_comparison,
compared_with,matched provenance identifier,claim:claim_rec_src_search_3109afb35d90_002_cases_unspecified,claim,claim_comparison:claim_cmp_1484,claim_comparison,
compared_with,matched provenance identifier,claim:claim_rec_src_search_283a8bed6a9d_002_cases_confirmed,claim,claim_comparison:claim_cmp_1484,claim_comparison,
compared_with,matched provenance identifier,claim:claim_rec_src_search_3109afb35d90_002_cases_unspecified,claim,claim_comparison:claim_cmp_1485,claim_comparison,
compared_with,matched provenance identifier,claim:claim_rec_src_search_283a8bed6a9d_003_observation,claim,claim_comparison:claim_cmp_1485,claim_comparison,
compared_with,matched provenance identifier,claim:claim_rec_src_search_3109afb35d90_002_cases_unspecified,claim,claim_comparison:claim_cmp_1486,claim_comparison,
compared_with,matched provenance identifier,claim:claim_rec_src_search_283a8bed6a9d_004_observation,claim,claim_comparison:claim_cmp_1486,claim_comparison,
compared_with,matched provenance identifier,claim:claim_rec_src_search_3109afb35d90_002_cases_unspecified,claim,claim_comparison:claim_cmp_1487,claim_comparison,
compared_with,matched provenance identifier,claim:claim_rec_src_search_283a8bed6a9d_005_cases_unspecified,claim,claim_comparison:claim_cmp_1487,claim_comparison,
compared_with,matched provenance identifier,claim:claim_rec_src_search_3109afb35d90_002_cases_unspecified,claim,claim_comparison:claim_cmp_1488,claim_comparison,
compared_with,matched provenance identifier,claim:claim_rec_src_search_283a8bed6a9d_006_observation,claim,claim_comparison:claim_cmp_1488,claim_comparison,
compared_with,matched provenance identifier,claim:claim_rec_src_search_3109afb35d90_002_cases_unspecified,claim,claim_comparison:claim_cmp_1489,claim_comparison,
compared_with,matched provenance identifier,claim:claim_rec_src_search_283a8bed6a9d_007_cases_unspecified,claim,claim_comparison:claim_cmp_1489,claim_comparison,
compared_with,matched provenance identifier,claim:claim_rec_src_search_3109afb35d90_002_cases_unspecified,claim,claim_comparison:claim_cmp_1490,claim_comparison,
compared_with,matched provenance identifier,claim:claim_rec_src_search_283a8bed6a9d_008_observation,claim,claim_comparison:claim_cmp_1490,claim_comparison,
compared_with,matched provenance identifier,claim:claim_rec_src_search_3109afb35d90_002_cases_unspecified,claim,claim_comparison:claim_cmp_1491,claim_comparison,
compared_with,matched provenance identifier,claim:claim_rec_src_search_283a8bed6a9d_009_cases_unspecified,claim,claim_comparison:claim_cmp_1491,claim_comparison,
compared_with,matched provenance identifier,claim:claim_rec_src_search_3109afb35d90_002_cases_unspecified,claim,claim_comparison:claim_cmp_1492,claim_comparison,
compared_with,matched provenance identifier,claim:claim_rec_src_search_283a8bed6a9d_010_cases_unspecified,claim,claim_comparison:claim_cmp_1492,claim_comparison,
compared_with,matched provenance identifier,claim:claim_rec_src_search_3109afb35d90_002_cases_unspecified,claim,claim_comparison:claim_cmp_1493,claim_comparison,
compared_with,matched provenance identifier,claim:claim_rec_src_search_283a8bed6a9d_011_cases_unspecified,claim,claim_comparison:claim_cmp_1493,claim_comparison,
compared_with,matched provenance identifier,claim:claim_rec_src_search_3109afb35d90_002_cases_unspecified,claim,claim_comparison:claim_cmp_1494,claim_comparison,
compared_with,matched provenance identifier,claim:claim_rec_src_search_283a8bed6a9d_011_hospitalizations,claim,claim_comparison:claim_cmp_1494,claim_comparison,
compared_with,matched provenance identifier,claim:claim_rec_src_search_3109afb35d90_002_cases_unspecified,claim,claim_comparison:claim_cmp_1495,claim_comparison,
compared_with,matched provenance identifier,claim:claim_rec_src_search_283a8bed6a9d_012_hospitalizations,claim,claim_comparison:claim_cmp_1495,claim_comparison,
compared_with,matched provenance identifier,claim:claim_rec_src_search_3109afb35d90_002_cases_unspecified,claim,claim_comparison:claim_cmp_1496,claim_comparison,
compared_with,matched provenance identifier,claim:claim_rec_src_search_283a8bed6a9d_013_hospitalizations,claim,claim_comparison:claim_cmp_1496,claim_comparison,
compared_with,matched provenance identifier,claim:claim_rec_src_search_3109afb35d90_002_cases_unspecified,claim,claim_comparison:claim_cmp_1497,claim_comparison,
compared_with,matched provenance identifier,claim:claim_rec_src_search_283a8bed6a9d_014_hospitalizations,claim,claim_comparison:claim_cmp_1497,claim_comparison,
compared_with,matched provenance identifier,claim:claim_rec_src_search_3109afb35d90_002_cases_unspecified,claim,claim_comparison:claim_cmp_1498,claim_comparison,
compared_with,matched provenance identifier,claim:claim_rec_src_search_283a8bed6a9d_015_cases_unspecified,claim,claim_comparison:claim_cmp_1498,claim_comparison,
compared_with,matched provenance identifier,claim:claim_rec_src_search_3109afb35d90_002_cases_unspecified,claim,claim_comparison:claim_cmp_1499,claim_comparison,
compared_with,matched provenance identifier,claim:claim_rec_src_search_283a8bed6a9d_016_deaths,claim,claim_comparison:claim_cmp_1499,claim_comparison,
compared_with,matched provenance identifier,claim:claim_rec_src_search_3109afb35d90_002_cases_unspecified,claim,claim_comparison:claim_cmp_1500,claim_comparison,
compared_with,matched provenance identifier,claim:claim_rec_src_search_283a8bed6a9d_017_deaths,claim,claim_comparison:claim_cmp_1500,claim_comparison,
compared_with,matched provenance identifier,claim:claim_rec_src_search_3109afb35d90_002_cases_unspecified,claim,claim_comparison:claim_cmp_1501,claim_comparison,
compared_with,matched provenance identifier,claim:claim_rec_src_search_7cb311dd75e6_001_cases_confirmed,claim,claim_comparison:claim_cmp_1501,claim_comparison,
compared_with,matched provenance identifier,claim:claim_rec_src_search_3109afb35d90_003_cases_unspecified,claim,claim_comparison:claim_cmp_1502,claim_comparison,
compared_with,matched provenance identifier,claim:claim_rec_src_search_3109afb35d90_004_cases_unspecified,claim,claim_comparison:claim_cmp_1502,claim_comparison,
compared_with,matched provenance identifier,claim:claim_rec_src_search_3109afb35d90_003_cases_unspecified,claim,claim_comparison:claim_cmp_1503,claim_comparison,
compared_with,matched provenance identifier,claim:claim_rec_src_search_283a8bed6a9d_001_cases_confirmed,claim,claim_comparison:claim_cmp_1503,claim_comparison,
compared_with,matched provenance identifier,claim:claim_rec_src_search_3109afb35d90_003_cases_unspecified,claim,claim_comparison:claim_cmp_1504,claim_comparison,
compared_with,matched provenance identifier,claim:claim_rec_src_search_283a8bed6a9d_002_cases_confirmed,claim,claim_comparison:claim_cmp_1504,claim_comparison,
compared_with,matched provenance identifier,claim:claim_rec_src_search_3109afb35d90_003_cases_unspecified,claim,claim_comparison:claim_cmp_1505,claim_comparison,
compared_with,matched provenance identifier,claim:claim_rec_src_search_283a8bed6a9d_003_observation,claim,claim_comparison:claim_cmp_1505,claim_comparison,
compared_with,matched provenance identifier,claim:claim_rec_src_search_3109afb35d90_003_cases_unspecified,claim,claim_comparison:claim_cmp_1506,claim_comparison,
compared_with,matched provenance identifier,claim:claim_rec_src_search_283a8bed6a9d_004_observation,claim,claim_comparison:claim_cmp_1506,claim_comparison,
compared_with,matched provenance identifier,claim:claim_rec_src_search_3109afb35d90_003_cases_unspecified,claim,claim_comparison:claim_cmp_1507,claim_comparison,
compared_with,matched provenance identifier,claim:claim_rec_src_search_283a8bed6a9d_005_cases_unspecified,claim,claim_comparison:claim_cmp_1507,claim_comparison,
compared_with,matched provenance identifier,claim:claim_rec_src_search_3109afb35d90_003_cases_unspecified,claim,claim_comparison:claim_cmp_1508,claim_comparison,
compared_with,matched provenance identifier,claim:claim_rec_src_search_283a8bed6a9d_006_observation,claim,claim_comparison:claim_cmp_1508,claim_comparison,
compared_with,matched provenance identifier,claim:claim_rec_src_search_3109afb35d90_003_cases_unspecified,claim,claim_comparison:claim_cmp_1509,claim_comparison,
compared_with,matched provenance identifier,claim:claim_rec_src_search_283a8bed6a9d_007_cases_unspecified,claim,claim_comparison:claim_cmp_1509,claim_comparison,
compared_with,matched provenance identifier,claim:claim_rec_src_search_3109afb35d90_003_cases_unspecified,claim,claim_comparison:claim_cmp_1510,claim_comparison,
compared_with,matched provenance identifier,claim:claim_rec_src_search_283a8bed6a9d_008_observation,claim,claim_comparison:claim_cmp_1510,claim_comparison,
compared_with,matched provenance identifier,claim:claim_rec_src_search_3109afb35d90_003_cases_unspecified,claim,claim_comparison:claim_cmp_1511,claim_comparison,
compared_with,matched provenance identifier,claim:claim_rec_src_search_283a8bed6a9d_009_cases_unspecified,claim,claim_comparison:claim_cmp_1511,claim_comparison,
compared_with,matched provenance identifier,claim:claim_rec_src_search_3109afb35d90_003_cases_unspecified,claim,claim_comparison:claim_cmp_1512,claim_comparison,
compared_with,matched provenance identifier,claim:claim_rec_src_search_283a8bed6a9d_010_cases_unspecified,claim,claim_comparison:claim_cmp_1512,claim_comparison,
compared_with,matched provenance identifier,claim:claim_rec_src_search_3109afb35d90_003_cases_unspecified,claim,claim_comparison:claim_cmp_1513,claim_comparison,
compared_with,matched provenance identifier,claim:claim_rec_src_search_283a8bed6a9d_011_cases_unspecified,claim,claim_comparison:claim_cmp_1513,claim_comparison,
compared_with,matched provenance identifier,claim:claim_rec_src_search_3109afb35d90_003_cases_unspecified,claim,claim_comparison:claim_cmp_1514,claim_comparison,
compared_with,matched provenance identifier,claim:claim_rec_src_search_283a8bed6a9d_011_hospitalizations,claim,claim_comparison:claim_cmp_1514,claim_comparison,
compared_with,matched provenance identifier,claim:claim_rec_src_search_3109afb35d90_003_cases_unspecified,claim,claim_comparison:claim_cmp_1515,claim_comparison,
compared_with,matched provenance identifier,claim:claim_rec_src_search_283a8bed6a9d_012_hospitalizations,claim,claim_comparison:claim_cmp_1515,claim_comparison,
compared_with,matched provenance identifier,claim:claim_rec_src_search_3109afb35d90_003_cases_unspecified,claim,claim_comparison:claim_cmp_1516,claim_comparison,
compared_with,matched provenance identifier,claim:claim_rec_src_search_283a8bed6a9d_013_hospitalizations,claim,claim_comparison:claim_cmp_1516,claim_comparison,
compared_with,matched provenance identifier,claim:claim_rec_src_search_3109afb35d90_003_cases_unspecified,claim,claim_comparison:claim_cmp_1517,claim_comparison,
compared_with,matched provenance identifier,claim:claim_rec_src_search_283a8bed6a9d_014_hospitalizations,claim,claim_comparison:claim_cmp_1517,claim_comparison,
compared_with,matched provenance identifier,claim:claim_rec_src_search_3109afb35d90_003_cases_unspecified,claim,claim_comparison:claim_cmp_1518,claim_comparison,
compared_with,matched provenance identifier,claim:claim_rec_src_search_283a8bed6a9d_015_cases_unspecified,claim,claim_comparison:claim_cmp_1518,claim_comparison,
compared_with,matched provenance identifier,claim:claim_rec_src_search_3109afb35d90_003_cases_unspecified,claim,claim_comparison:claim_cmp_1519,claim_comparison,
compared_with,matched provenance identifier,claim:claim_rec_src_search_283a8bed6a9d_016_deaths,claim,claim_comparison:claim_cmp_1519,claim_comparison,
compared_with,matched provenance identifier,claim:claim_rec_src_search_3109afb35d90_003_cases_unspecified,claim,claim_comparison:claim_cmp_1520,claim_comparison,
compared_with,matched provenance identifier,claim:claim_rec_src_search_283a8bed6a9d_017_deaths,claim,claim_comparison:claim_cmp_1520,claim_comparison,
compared_with,matched provenance identifier,claim:claim_rec_src_search_3109afb35d90_003_cases_unspecified,claim,claim_comparison:claim_cmp_1521,claim_comparison,
compared_with,matched provenance identifier,claim:claim_rec_src_search_7cb311dd75e6_001_cases_confirmed,claim,claim_comparison:claim_cmp_1521,claim_comparison,
compared_with,matched provenance identifier,claim:claim_rec_src_search_3109afb35d90_004_cases_unspecified,claim,claim_comparison:claim_cmp_1522,claim_comparison,
compared_with,matched provenance identifier,claim:claim_rec_src_search_283a8bed6a9d_001_cases_confirmed,claim,claim_comparison:claim_cmp_1522,claim_comparison,
compared_with,matched provenance identifier,claim:claim_rec_src_search_3109afb35d90_004_cases_unspecified,claim,claim_comparison:claim_cmp_1523,claim_comparison,
compared_with,matched provenance identifier,claim:claim_rec_src_search_283a8bed6a9d_002_cases_confirmed,claim,claim_comparison:claim_cmp_1523,claim_comparison,
compared_with,matched provenance identifier,claim:claim_rec_src_search_3109afb35d90_004_cases_unspecified,claim,claim_comparison:claim_cmp_1524,claim_comparison,
compared_with,matched provenance identifier,claim:claim_rec_src_search_283a8bed6a9d_003_observation,claim,claim_comparison:claim_cmp_1524,claim_comparison,
compared_with,matched provenance identifier,claim:claim_rec_src_search_3109afb35d90_004_cases_unspecified,claim,claim_comparison:claim_cmp_1525,claim_comparison,
compared_with,matched provenance identifier,claim:claim_rec_src_search_283a8bed6a9d_004_observation,claim,claim_comparison:claim_cmp_1525,claim_comparison,
compared_with,matched provenance identifier,claim:claim_rec_src_search_3109afb35d90_004_cases_unspecified,claim,claim_comparison:claim_cmp_1526,claim_comparison,
compared_with,matched provenance identifier,claim:claim_rec_src_search_283a8bed6a9d_005_cases_unspecified,claim,claim_comparison:claim_cmp_1526,claim_comparison,
compared_with,matched provenance identifier,claim:claim_rec_src_search_3109afb35d90_004_cases_unspecified,claim,claim_comparison:claim_cmp_1527,claim_comparison,
compared_with,matched provenance identifier,claim:claim_rec_src_search_283a8bed6a9d_006_observation,claim,claim_comparison:claim_cmp_1527,claim_comparison,
compared_with,matched provenance identifier,claim:claim_rec_src_search_3109afb35d90_004_cases_unspecified,claim,claim_comparison:claim_cmp_1528,claim_comparison,
compared_with,matched provenance identifier,claim:claim_rec_src_search_283a8bed6a9d_007_cases_unspecified,claim,claim_comparison:claim_cmp_1528,claim_comparison,
compared_with,matched provenance identifier,claim:claim_rec_src_search_3109afb35d90_004_cases_unspecified,claim,claim_comparison:claim_cmp_1529,claim_comparison,
compared_with,matched provenance identifier,claim:claim_rec_src_search_283a8bed6a9d_008_observation,claim,claim_comparison:claim_cmp_1529,claim_comparison,
compared_with,matched provenance identifier,claim:claim_rec_src_search_3109afb35d90_004_cases_unspecified,claim,claim_comparison:claim_cmp_1530,claim_comparison,
compared_with,matched provenance identifier,claim:claim_rec_src_search_283a8bed6a9d_009_cases_unspecified,claim,claim_comparison:claim_cmp_1530,claim_comparison,
compared_with,matched provenance identifier,claim:claim_rec_src_search_3109afb35d90_004_cases_unspecified,claim,claim_comparison:claim_cmp_1531,claim_comparison,
compared_with,matched provenance identifier,claim:claim_rec_src_search_283a8bed6a9d_010_cases_unspecified,claim,claim_comparison:claim_cmp_1531,claim_comparison,
compared_with,matched provenance identifier,claim:claim_rec_src_search_3109afb35d90_004_cases_unspecified,claim,claim_comparison:claim_cmp_1532,claim_comparison,
compared_with,matched provenance identifier,claim:claim_rec_src_search_283a8bed6a9d_011_cases_unspecified,claim,claim_comparison:claim_cmp_1532,claim_comparison,
compared_with,matched provenance identifier,claim:claim_rec_src_search_3109afb35d90_004_cases_unspecified,claim,claim_comparison:claim_cmp_1533,claim_comparison,
compared_with,matched provenance identifier,claim:claim_rec_src_search_283a8bed6a9d_011_hospitalizations,claim,claim_comparison:claim_cmp_1533,claim_comparison,
compared_with,matched provenance identifier,claim:claim_rec_src_search_3109afb35d90_004_cases_unspecified,claim,claim_comparison:claim_cmp_1534,claim_comparison,
compared_with,matched provenance identifier,claim:claim_rec_src_search_283a8bed6a9d_012_hospitalizations,claim,claim_comparison:claim_cmp_1534,claim_comparison,
compared_with,matched provenance identifier,claim:claim_rec_src_search_3109afb35d90_004_cases_unspecified,claim,claim_comparison:claim_cmp_1535,claim_comparison,
compared_with,matched provenance identifier,claim:claim_rec_src_search_283a8bed6a9d_013_hospitalizations,claim,claim_comparison:claim_cmp_1535,claim_comparison,
compared_with,matched provenance identifier,claim:claim_rec_src_search_3109afb35d90_004_cases_unspecified,claim,claim_comparison:claim_cmp_1536,claim_comparison,
compared_with,matched provenance identifier,claim:claim_rec_src_search_283a8bed6a9d_014_hospitalizations,claim,claim_comparison:claim_cmp_1536,claim_comparison,
compared_with,matched provenance identifier,claim:claim_rec_src_search_3109afb35d90_004_cases_unspecified,claim,claim_comparison:claim_cmp_1537,claim_comparison,
compared_with,matched provenance identifier,claim:claim_rec_src_search_283a8bed6a9d_015_cases_unspecified,claim,claim_comparison:claim_cmp_1537,claim_comparison,
compared_with,matched provenance identifier,claim:claim_rec_src_search_3109afb35d90_004_cases_unspecified,claim,claim_comparison:claim_cmp_1538,claim_comparison,
compared_with,matched provenance identifier,claim:claim_rec_src_search_283a8bed6a9d_016_deaths,claim,claim_comparison:claim_cmp_1538,claim_comparison,
compared_with,matched provenance identifier,claim:claim_rec_src_search_3109afb35d90_004_cases_unspecified,claim,claim_comparison:claim_cmp_1539,claim_comparison,
compared_with,matched provenance identifier,claim:claim_rec_src_search_283a8bed6a9d_017_deaths,claim,claim_comparison:claim_cmp_1539,claim_comparison,
compared_with,matched provenance identifier,claim:claim_rec_src_search_3109afb35d90_004_cases_unspecified,claim,claim_comparison:claim_cmp_1540,claim_comparison,
compared_with,matched provenance identifier,claim:claim_rec_src_search_7cb311dd75e6_001_cases_confirmed,claim,claim_comparison:claim_cmp_1540,claim_comparison,
compared_with,matched provenance identifier,claim:claim_rec_src_search_283a8bed6a9d_001_cases_confirmed,claim,claim_comparison:claim_cmp_1541,claim_comparison,
compared_with,matched provenance identifier,claim:claim_rec_src_search_283a8bed6a9d_002_cases_confirmed,claim,claim_comparison:claim_cmp_1541,claim_comparison,
compared_with,matched provenance identifier,claim:claim_rec_src_search_283a8bed6a9d_001_cases_confirmed,claim,claim_comparison:claim_cmp_1542,claim_comparison,
compared_with,matched provenance identifier,claim:claim_rec_src_search_283a8bed6a9d_003_observation,claim,claim_comparison:claim_cmp_1542,claim_comparison,
compared_with,matched provenance identifier,claim:claim_rec_src_search_283a8bed6a9d_001_cases_confirmed,claim,claim_comparison:claim_cmp_1543,claim_comparison,
compared_with,matched provenance identifier,claim:claim_rec_src_search_283a8bed6a9d_004_observation,claim,claim_comparison:claim_cmp_1543,claim_comparison,
compared_with,matched provenance identifier,claim:claim_rec_src_search_283a8bed6a9d_001_cases_confirmed,claim,claim_comparison:claim_cmp_1544,claim_comparison,
compared_with,matched provenance identifier,claim:claim_rec_src_search_283a8bed6a9d_005_cases_unspecified,claim,claim_comparison:claim_cmp_1544,claim_comparison,
compared_with,matched provenance identifier,claim:claim_rec_src_search_283a8bed6a9d_001_cases_confirmed,claim,claim_comparison:claim_cmp_1545,claim_comparison,
compared_with,matched provenance identifier,claim:claim_rec_src_search_283a8bed6a9d_006_observation,claim,claim_comparison:claim_cmp_1545,claim_comparison,
compared_with,matched provenance identifier,claim:claim_rec_src_search_283a8bed6a9d_001_cases_confirmed,claim,claim_comparison:claim_cmp_1546,claim_comparison,
compared_with,matched provenance identifier,claim:claim_rec_src_search_283a8bed6a9d_007_cases_unspecified,claim,claim_comparison:claim_cmp_1546,claim_comparison,
compared_with,matched provenance identifier,claim:claim_rec_src_search_283a8bed6a9d_001_cases_confirmed,claim,claim_comparison:claim_cmp_1547,claim_comparison,
compared_with,matched provenance identifier,claim:claim_rec_src_search_283a8bed6a9d_008_observation,claim,claim_comparison:claim_cmp_1547,claim_comparison,
compared_with,matched provenance identifier,claim:claim_rec_src_search_283a8bed6a9d_001_cases_confirmed,claim,claim_comparison:claim_cmp_1548,claim_comparison,
compared_with,matched provenance identifier,claim:claim_rec_src_search_283a8bed6a9d_009_cases_unspecified,claim,claim_comparison:claim_cmp_1548,claim_comparison,
compared_with,matched provenance identifier,claim:claim_rec_src_search_283a8bed6a9d_001_cases_confirmed,claim,claim_comparison:claim_cmp_1549,claim_comparison,
compared_with,matched provenance identifier,claim:claim_rec_src_search_283a8bed6a9d_010_cases_unspecified,claim,claim_comparison:claim_cmp_1549,claim_comparison,
compared_with,matched provenance identifier,claim:claim_rec_src_search_283a8bed6a9d_001_cases_confirmed,claim,claim_comparison:claim_cmp_1550,claim_comparison,
compared_with,matched provenance identifier,claim:claim_rec_src_search_283a8bed6a9d_011_cases_unspecified,claim,claim_comparison:claim_cmp_1550,claim_comparison,
compared_with,matched provenance identifier,claim:claim_rec_src_search_283a8bed6a9d_001_cases_confirmed,claim,claim_comparison:claim_cmp_1551,claim_comparison,
compared_with,matched provenance identifier,claim:claim_rec_src_search_283a8bed6a9d_011_hospitalizations,claim,claim_comparison:claim_cmp_1551,claim_comparison,
compared_with,matched provenance identifier,claim:claim_rec_src_search_283a8bed6a9d_001_cases_confirmed,claim,claim_comparison:claim_cmp_1552,claim_comparison,
compared_with,matched provenance identifier,claim:claim_rec_src_search_283a8bed6a9d_012_hospitalizations,claim,claim_comparison:claim_cmp_1552,claim_comparison,
compared_with,matched provenance identifier,claim:claim_rec_src_search_283a8bed6a9d_001_cases_confirmed,claim,claim_comparison:claim_cmp_1553,claim_comparison,
compared_with,matched provenance identifier,claim:claim_rec_src_search_283a8bed6a9d_013_hospitalizations,claim,claim_comparison:claim_cmp_1553,claim_comparison,
compared_with,matched provenance identifier,claim:claim_rec_src_search_283a8bed6a9d_001_cases_confirmed,claim,claim_comparison:claim_cmp_1554,claim_comparison,
compared_with,matched provenance identifier,claim:claim_rec_src_search_283a8bed6a9d_014_hospitalizations,claim,claim_comparison:claim_cmp_1554,claim_comparison,
compared_with,matched provenance identifier,claim:claim_rec_src_search_283a8bed6a9d_001_cases_confirmed,claim,claim_comparison:claim_cmp_1555,claim_comparison,
compared_with,matched provenance identifier,claim:claim_rec_src_search_283a8bed6a9d_015_cases_unspecified,claim,claim_comparison:claim_cmp_1555,claim_comparison,
compared_with,matched provenance identifier,claim:claim_rec_src_search_283a8bed6a9d_001_cases_confirmed,claim,claim_comparison:claim_cmp_1556,claim_comparison,
compared_with,matched provenance identifier,claim:claim_rec_src_search_283a8bed6a9d_016_deaths,claim,claim_comparison:claim_cmp_1556,claim_comparison,
compared_with,matched provenance identifier,claim:claim_rec_src_search_283a8bed6a9d_001_cases_confirmed,claim,claim_comparison:claim_cmp_1557,claim_comparison,
compared_with,matched provenance identifier,claim:claim_rec_src_search_283a8bed6a9d_017_deaths,claim,claim_comparison:claim_cmp_1557,claim_comparison,
compared_with,matched provenance identifier,claim:claim_rec_src_search_283a8bed6a9d_001_cases_confirmed,claim,claim_comparison:claim_cmp_1558,claim_comparison,
compared_with,matched provenance identifier,claim:claim_rec_src_search_7cb311dd75e6_001_cases_confirmed,claim,claim_comparison:claim_cmp_1558,claim_comparison,
compared_with,matched provenance identifier,claim:claim_rec_src_search_283a8bed6a9d_002_cases_confirmed,claim,claim_comparison:claim_cmp_1559,claim_comparison,
compared_with,matched provenance identifier,claim:claim_rec_src_search_283a8bed6a9d_003_observation,claim,claim_comparison:claim_cmp_1559,claim_comparison,
compared_with,matched provenance identifier,claim:claim_rec_src_search_283a8bed6a9d_002_cases_confirmed,claim,claim_comparison:claim_cmp_1560,claim_comparison,
compared_with,matched provenance identifier,claim:claim_rec_src_search_283a8bed6a9d_004_observation,claim,claim_comparison:claim_cmp_1560,claim_comparison,
compared_with,matched provenance identifier,claim:claim_rec_src_search_283a8bed6a9d_002_cases_confirmed,claim,claim_comparison:claim_cmp_1561,claim_comparison,
compared_with,matched provenance identifier,claim:claim_rec_src_search_283a8bed6a9d_005_cases_unspecified,claim,claim_comparison:claim_cmp_1561,claim_comparison,
compared_with,matched provenance identifier,claim:claim_rec_src_search_283a8bed6a9d_002_cases_confirmed,claim,claim_comparison:claim_cmp_1562,claim_comparison,
compared_with,matched provenance identifier,claim:claim_rec_src_search_283a8bed6a9d_006_observation,claim,claim_comparison:claim_cmp_1562,claim_comparison,
compared_with,matched provenance identifier,claim:claim_rec_src_search_283a8bed6a9d_002_cases_confirmed,claim,claim_comparison:claim_cmp_1563,claim_comparison,
compared_with,matched provenance identifier,claim:claim_rec_src_search_283a8bed6a9d_007_cases_unspecified,claim,claim_comparison:claim_cmp_1563,claim_comparison,
compared_with,matched provenance identifier,claim:claim_rec_src_search_283a8bed6a9d_002_cases_confirmed,claim,claim_comparison:claim_cmp_1564,claim_comparison,
compared_with,matched provenance identifier,claim:claim_rec_src_search_283a8bed6a9d_008_observation,claim,claim_comparison:claim_cmp_1564,claim_comparison,
compared_with,matched provenance identifier,claim:claim_rec_src_search_283a8bed6a9d_002_cases_confirmed,claim,claim_comparison:claim_cmp_1565,claim_comparison,
compared_with,matched provenance identifier,claim:claim_rec_src_search_283a8bed6a9d_009_cases_unspecified,claim,claim_comparison:claim_cmp_1565,claim_comparison,
compared_with,matched provenance identifier,claim:claim_rec_src_search_283a8bed6a9d_002_cases_confirmed,claim,claim_comparison:claim_cmp_1566,claim_comparison,
compared_with,matched provenance identifier,claim:claim_rec_src_search_283a8bed6a9d_010_cases_unspecified,claim,claim_comparison:claim_cmp_1566,claim_comparison,
compared_with,matched provenance identifier,claim:claim_rec_src_search_283a8bed6a9d_002_cases_confirmed,claim,claim_comparison:claim_cmp_1567,claim_comparison,
compared_with,matched provenance identifier,claim:claim_rec_src_search_283a8bed6a9d_011_cases_unspecified,claim,claim_comparison:claim_cmp_1567,claim_comparison,
compared_with,matched provenance identifier,claim:claim_rec_src_search_283a8bed6a9d_002_cases_confirmed,claim,claim_comparison:claim_cmp_1568,claim_comparison,
compared_with,matched provenance identifier,claim:claim_rec_src_search_283a8bed6a9d_011_hospitalizations,claim,claim_comparison:claim_cmp_1568,claim_comparison,
compared_with,matched provenance identifier,claim:claim_rec_src_search_283a8bed6a9d_002_cases_confirmed,claim,claim_comparison:claim_cmp_1569,claim_comparison,
compared_with,matched provenance identifier,claim:claim_rec_src_search_283a8bed6a9d_012_hospitalizations,claim,claim_comparison:claim_cmp_1569,claim_comparison,
compared_with,matched provenance identifier,claim:claim_rec_src_search_283a8bed6a9d_002_cases_confirmed,claim,claim_comparison:claim_cmp_1570,claim_comparison,
compared_with,matched provenance identifier,claim:claim_rec_src_search_283a8bed6a9d_013_hospitalizations,claim,claim_comparison:claim_cmp_1570,claim_comparison,
compared_with,matched provenance identifier,claim:claim_rec_src_search_283a8bed6a9d_002_cases_confirmed,claim,claim_comparison:claim_cmp_1571,claim_comparison,
compared_with,matched provenance identifier,claim:claim_rec_src_search_283a8bed6a9d_014_hospitalizations,claim,claim_comparison:claim_cmp_1571,claim_comparison,
compared_with,matched provenance identifier,claim:claim_rec_src_search_283a8bed6a9d_002_cases_confirmed,claim,claim_comparison:claim_cmp_1572,claim_comparison,
compared_with,matched provenance identifier,claim:claim_rec_src_search_283a8bed6a9d_015_cases_unspecified,claim,claim_comparison:claim_cmp_1572,claim_comparison,
compared_with,matched provenance identifier,claim:claim_rec_src_search_283a8bed6a9d_002_cases_confirmed,claim,claim_comparison:claim_cmp_1573,claim_comparison,
compared_with,matched provenance identifier,claim:claim_rec_src_search_283a8bed6a9d_016_deaths,claim,claim_comparison:claim_cmp_1573,claim_comparison,
compared_with,matched provenance identifier,claim:claim_rec_src_search_283a8bed6a9d_002_cases_confirmed,claim,claim_comparison:claim_cmp_1574,claim_comparison,
compared_with,matched provenance identifier,claim:claim_rec_src_search_283a8bed6a9d_017_deaths,claim,claim_comparison:claim_cmp_1574,claim_comparison,
compared_with,matched provenance identifier,claim:claim_rec_src_search_283a8bed6a9d_002_cases_confirmed,claim,claim_comparison:claim_cmp_1575,claim_comparison,
compared_with,matched provenance identifier,claim:claim_rec_src_search_7cb311dd75e6_001_cases_confirmed,claim,claim_comparison:claim_cmp_1575,claim_comparison,
compared_with,matched provenance identifier,claim:claim_rec_src_search_283a8bed6a9d_003_observation,claim,claim_comparison:claim_cmp_1576,claim_comparison,
compared_with,matched provenance identifier,claim:claim_rec_src_search_283a8bed6a9d_004_observation,claim,claim_comparison:claim_cmp_1576,claim_comparison,
compared_with,matched provenance identifier,claim:claim_rec_src_search_283a8bed6a9d_003_observation,claim,claim_comparison:claim_cmp_1577,claim_comparison,
compared_with,matched provenance identifier,claim:claim_rec_src_search_283a8bed6a9d_005_cases_unspecified,claim,claim_comparison:claim_cmp_1577,claim_comparison,
compared_with,matched provenance identifier,claim:claim_rec_src_search_283a8bed6a9d_003_observation,claim,claim_comparison:claim_cmp_1578,claim_comparison,
compared_with,matched provenance identifier,claim:claim_rec_src_search_283a8bed6a9d_006_observation,claim,claim_comparison:claim_cmp_1578,claim_comparison,
compared_with,matched provenance identifier,claim:claim_rec_src_search_283a8bed6a9d_003_observation,claim,claim_comparison:claim_cmp_1579,claim_comparison,
compared_with,matched provenance identifier,claim:claim_rec_src_search_283a8bed6a9d_007_cases_unspecified,claim,claim_comparison:claim_cmp_1579,claim_comparison,
compared_with,matched provenance identifier,claim:claim_rec_src_search_283a8bed6a9d_003_observation,claim,claim_comparison:claim_cmp_1580,claim_comparison,
compared_with,matched provenance identifier,claim:claim_rec_src_search_283a8bed6a9d_008_observation,claim,claim_comparison:claim_cmp_1580,claim_comparison,
compared_with,matched provenance identifier,claim:claim_rec_src_search_283a8bed6a9d_003_observation,claim,claim_comparison:claim_cmp_1581,claim_comparison,
compared_with,matched provenance identifier,claim:claim_rec_src_search_283a8bed6a9d_009_cases_unspecified,claim,claim_comparison:claim_cmp_1581,claim_comparison,
compared_with,matched provenance identifier,claim:claim_rec_src_search_283a8bed6a9d_003_observation,claim,claim_comparison:claim_cmp_1582,claim_comparison,
compared_with,matched provenance identifier,claim:claim_rec_src_search_283a8bed6a9d_010_cases_unspecified,claim,claim_comparison:claim_cmp_1582,claim_comparison,
compared_with,matched provenance identifier,claim:claim_rec_src_search_283a8bed6a9d_003_observation,claim,claim_comparison:claim_cmp_1583,claim_comparison,
compared_with,matched provenance identifier,claim:claim_rec_src_search_283a8bed6a9d_011_cases_unspecified,claim,claim_comparison:claim_cmp_1583,claim_comparison,
compared_with,matched provenance identifier,claim:claim_rec_src_search_283a8bed6a9d_003_observation,claim,claim_comparison:claim_cmp_1584,claim_comparison,
compared_with,matched provenance identifier,claim:claim_rec_src_search_283a8bed6a9d_011_hospitalizations,claim,claim_comparison:claim_cmp_1584,claim_comparison,
compared_with,matched provenance identifier,claim:claim_rec_src_search_283a8bed6a9d_003_observation,claim,claim_comparison:claim_cmp_1585,claim_comparison,
compared_with,matched provenance identifier,claim:claim_rec_src_search_283a8bed6a9d_012_hospitalizations,claim,claim_comparison:claim_cmp_1585,claim_comparison,
compared_with,matched provenance identifier,claim:claim_rec_src_search_283a8bed6a9d_003_observation,claim,claim_comparison:claim_cmp_1586,claim_comparison,
compared_with,matched provenance identifier,claim:claim_rec_src_search_283a8bed6a9d_013_hospitalizations,claim,claim_comparison:claim_cmp_1586,claim_comparison,
compared_with,matched provenance identifier,claim:claim_rec_src_search_283a8bed6a9d_003_observation,claim,claim_comparison:claim_cmp_1587,claim_comparison,
compared_with,matched provenance identifier,claim:claim_rec_src_search_283a8bed6a9d_014_hospitalizations,claim,claim_comparison:claim_cmp_1587,claim_comparison,
compared_with,matched provenance identifier,claim:claim_rec_src_search_283a8bed6a9d_003_observation,claim,claim_comparison:claim_cmp_1588,claim_comparison,
compared_with,matched provenance identifier,claim:claim_rec_src_search_283a8bed6a9d_015_cases_unspecified,claim,claim_comparison:claim_cmp_1588,claim_comparison,
compared_with,matched provenance identifier,claim:claim_rec_src_search_283a8bed6a9d_003_observation,claim,claim_comparison:claim_cmp_1589,claim_comparison,
compared_with,matched provenance identifier,claim:claim_rec_src_search_283a8bed6a9d_016_deaths,claim,claim_comparison:claim_cmp_1589,claim_comparison,
compared_with,matched provenance identifier,claim:claim_rec_src_search_283a8bed6a9d_003_observation,claim,claim_comparison:claim_cmp_1590,claim_comparison,
compared_with,matched provenance identifier,claim:claim_rec_src_search_283a8bed6a9d_017_deaths,claim,claim_comparison:claim_cmp_1590,claim_comparison,
compared_with,matched provenance identifier,claim:claim_rec_src_search_283a8bed6a9d_003_observation,claim,claim_comparison:claim_cmp_1591,claim_comparison,
compared_with,matched provenance identifier,claim:claim_rec_src_search_7cb311dd75e6_001_cases_confirmed,claim,claim_comparison:claim_cmp_1591,claim_comparison,
compared_with,matched provenance identifier,claim:claim_rec_src_search_283a8bed6a9d_004_observation,claim,claim_comparison:claim_cmp_1592,claim_comparison,
compared_with,matched provenance identifier,claim:claim_rec_src_search_283a8bed6a9d_005_cases_unspecified,claim,claim_comparison:claim_cmp_1592,claim_comparison,
compared_with,matched provenance identifier,claim:claim_rec_src_search_283a8bed6a9d_004_observation,claim,claim_comparison:claim_cmp_1593,claim_comparison,
compared_with,matched provenance identifier,claim:claim_rec_src_search_283a8bed6a9d_006_observation,claim,claim_comparison:claim_cmp_1593,claim_comparison,
compared_with,matched provenance identifier,claim:claim_rec_src_search_283a8bed6a9d_004_observation,claim,claim_comparison:claim_cmp_1594,claim_comparison,
compared_with,matched provenance identifier,claim:claim_rec_src_search_283a8bed6a9d_007_cases_unspecified,claim,claim_comparison:claim_cmp_1594,claim_comparison,
compared_with,matched provenance identifier,claim:claim_rec_src_search_283a8bed6a9d_004_observation,claim,claim_comparison:claim_cmp_1595,claim_comparison,
compared_with,matched provenance identifier,claim:claim_rec_src_search_283a8bed6a9d_008_observation,claim,claim_comparison:claim_cmp_1595,claim_comparison,
compared_with,matched provenance identifier,claim:claim_rec_src_search_283a8bed6a9d_004_observation,claim,claim_comparison:claim_cmp_1596,claim_comparison,
compared_with,matched provenance identifier,claim:claim_rec_src_search_283a8bed6a9d_009_cases_unspecified,claim,claim_comparison:claim_cmp_1596,claim_comparison,
compared_with,matched provenance identifier,claim:claim_rec_src_search_283a8bed6a9d_004_observation,claim,claim_comparison:claim_cmp_1597,claim_comparison,
compared_with,matched provenance identifier,claim:claim_rec_src_search_283a8bed6a9d_010_cases_unspecified,claim,claim_comparison:claim_cmp_1597,claim_comparison,
compared_with,matched provenance identifier,claim:claim_rec_src_search_283a8bed6a9d_004_observation,claim,claim_comparison:claim_cmp_1598,claim_comparison,
compared_with,matched provenance identifier,claim:claim_rec_src_search_283a8bed6a9d_011_cases_unspecified,claim,claim_comparison:claim_cmp_1598,claim_comparison,
compared_with,matched provenance identifier,claim:claim_rec_src_search_283a8bed6a9d_004_observation,claim,claim_comparison:claim_cmp_1599,claim_comparison,
compared_with,matched provenance identifier,claim:claim_rec_src_search_283a8bed6a9d_011_hospitalizations,claim,claim_comparison:claim_cmp_1599,claim_comparison,
compared_with,matched provenance identifier,claim:claim_rec_src_search_283a8bed6a9d_004_observation,claim,claim_comparison:claim_cmp_1600,claim_comparison,
compared_with,matched provenance identifier,claim:claim_rec_src_search_283a8bed6a9d_012_hospitalizations,claim,claim_comparison:claim_cmp_1600,claim_comparison,
compared_with,matched provenance identifier,claim:claim_rec_src_search_283a8bed6a9d_004_observation,claim,claim_comparison:claim_cmp_1601,claim_comparison,
compared_with,matched provenance identifier,claim:claim_rec_src_search_283a8bed6a9d_013_hospitalizations,claim,claim_comparison:claim_cmp_1601,claim_comparison,
compared_with,matched provenance identifier,claim:claim_rec_src_search_283a8bed6a9d_004_observation,claim,claim_comparison:claim_cmp_1602,claim_comparison,
compared_with,matched provenance identifier,claim:claim_rec_src_search_283a8bed6a9d_014_hospitalizations,claim,claim_comparison:claim_cmp_1602,claim_comparison,
compared_with,matched provenance identifier,claim:claim_rec_src_search_283a8bed6a9d_004_observation,claim,claim_comparison:claim_cmp_1603,claim_comparison,
compared_with,matched provenance identifier,claim:claim_rec_src_search_283a8bed6a9d_015_cases_unspecified,claim,claim_comparison:claim_cmp_1603,claim_comparison,
compared_with,matched provenance identifier,claim:claim_rec_src_search_283a8bed6a9d_004_observation,claim,claim_comparison:claim_cmp_1604,claim_comparison,
compared_with,matched provenance identifier,claim:claim_rec_src_search_283a8bed6a9d_016_deaths,claim,claim_comparison:claim_cmp_1604,claim_comparison,
compared_with,matched provenance identifier,claim:claim_rec_src_search_283a8bed6a9d_004_observation,claim,claim_comparison:claim_cmp_1605,claim_comparison,
compared_with,matched provenance identifier,claim:claim_rec_src_search_283a8bed6a9d_017_deaths,claim,claim_comparison:claim_cmp_1605,claim_comparison,
compared_with,matched provenance identifier,claim:claim_rec_src_search_283a8bed6a9d_004_observation,claim,claim_comparison:claim_cmp_1606,claim_comparison,
compared_with,matched provenance identifier,claim:claim_rec_src_search_7cb311dd75e6_001_cases_confirmed,claim,claim_comparison:claim_cmp_1606,claim_comparison,
compared_with,matched provenance identifier,claim:claim_rec_src_search_283a8bed6a9d_005_cases_unspecified,claim,claim_comparison:claim_cmp_1607,claim_comparison,
compared_with,matched provenance identifier,claim:claim_rec_src_search_283a8bed6a9d_006_observation,claim,claim_comparison:claim_cmp_1607,claim_comparison,
compared_with,matched provenance identifier,claim:claim_rec_src_search_283a8bed6a9d_005_cases_unspecified,claim,claim_comparison:claim_cmp_1608,claim_comparison,
compared_with,matched provenance identifier,claim:claim_rec_src_search_283a8bed6a9d_007_cases_unspecified,claim,claim_comparison:claim_cmp_1608,claim_comparison,
compared_with,matched provenance identifier,claim:claim_rec_src_search_283a8bed6a9d_005_cases_unspecified,claim,claim_comparison:claim_cmp_1609,claim_comparison,
compared_with,matched provenance identifier,claim:claim_rec_src_search_283a8bed6a9d_008_observation,claim,claim_comparison:claim_cmp_1609,claim_comparison,
compared_with,matched provenance identifier,claim:claim_rec_src_search_283a8bed6a9d_005_cases_unspecified,claim,claim_comparison:claim_cmp_1610,claim_comparison,
compared_with,matched provenance identifier,claim:claim_rec_src_search_283a8bed6a9d_009_cases_unspecified,claim,claim_comparison:claim_cmp_1610,claim_comparison,
compared_with,matched provenance identifier,claim:claim_rec_src_search_283a8bed6a9d_005_cases_unspecified,claim,claim_comparison:claim_cmp_1611,claim_comparison,
compared_with,matched provenance identifier,claim:claim_rec_src_search_283a8bed6a9d_010_cases_unspecified,claim,claim_comparison:claim_cmp_1611,claim_comparison,
compared_with,matched provenance identifier,claim:claim_rec_src_search_283a8bed6a9d_005_cases_unspecified,claim,claim_comparison:claim_cmp_1612,claim_comparison,
compared_with,matched provenance identifier,claim:claim_rec_src_search_283a8bed6a9d_011_cases_unspecified,claim,claim_comparison:claim_cmp_1612,claim_comparison,
compared_with,matched provenance identifier,claim:claim_rec_src_search_283a8bed6a9d_005_cases_unspecified,claim,claim_comparison:claim_cmp_1613,claim_comparison,
compared_with,matched provenance identifier,claim:claim_rec_src_search_283a8bed6a9d_011_hospitalizations,claim,claim_comparison:claim_cmp_1613,claim_comparison,
compared_with,matched provenance identifier,claim:claim_rec_src_search_283a8bed6a9d_005_cases_unspecified,claim,claim_comparison:claim_cmp_1614,claim_comparison,
compared_with,matched provenance identifier,claim:claim_rec_src_search_283a8bed6a9d_012_hospitalizations,claim,claim_comparison:claim_cmp_1614,claim_comparison,
compared_with,matched provenance identifier,claim:claim_rec_src_search_283a8bed6a9d_005_cases_unspecified,claim,claim_comparison:claim_cmp_1615,claim_comparison,
compared_with,matched provenance identifier,claim:claim_rec_src_search_283a8bed6a9d_013_hospitalizations,claim,claim_comparison:claim_cmp_1615,claim_comparison,
compared_with,matched provenance identifier,claim:claim_rec_src_search_283a8bed6a9d_005_cases_unspecified,claim,claim_comparison:claim_cmp_1616,claim_comparison,
compared_with,matched provenance identifier,claim:claim_rec_src_search_283a8bed6a9d_014_hospitalizations,claim,claim_comparison:claim_cmp_1616,claim_comparison,
compared_with,matched provenance identifier,claim:claim_rec_src_search_283a8bed6a9d_005_cases_unspecified,claim,claim_comparison:claim_cmp_1617,claim_comparison,
compared_with,matched provenance identifier,claim:claim_rec_src_search_283a8bed6a9d_015_cases_unspecified,claim,claim_comparison:claim_cmp_1617,claim_comparison,
compared_with,matched provenance identifier,claim:claim_rec_src_search_283a8bed6a9d_005_cases_unspecified,claim,claim_comparison:claim_cmp_1618,claim_comparison,
compared_with,matched provenance identifier,claim:claim_rec_src_search_283a8bed6a9d_016_deaths,claim,claim_comparison:claim_cmp_1618,claim_comparison,
compared_with,matched provenance identifier,claim:claim_rec_src_search_283a8bed6a9d_005_cases_unspecified,claim,claim_comparison:claim_cmp_1619,claim_comparison,
compared_with,matched provenance identifier,claim:claim_rec_src_search_283a8bed6a9d_017_deaths,claim,claim_comparison:claim_cmp_1619,claim_comparison,
compared_with,matched provenance identifier,claim:claim_rec_src_search_283a8bed6a9d_005_cases_unspecified,claim,claim_comparison:claim_cmp_1620,claim_comparison,
compared_with,matched provenance identifier,claim:claim_rec_src_search_7cb311dd75e6_001_cases_confirmed,claim,claim_comparison:claim_cmp_1620,claim_comparison,
compared_with,matched provenance identifier,claim:claim_rec_src_search_283a8bed6a9d_006_observation,claim,claim_comparison:claim_cmp_1621,claim_comparison,
compared_with,matched provenance identifier,claim:claim_rec_src_search_283a8bed6a9d_007_cases_unspecified,claim,claim_comparison:claim_cmp_1621,claim_comparison,
compared_with,matched provenance identifier,claim:claim_rec_src_search_283a8bed6a9d_006_observation,claim,claim_comparison:claim_cmp_1622,claim_comparison,
compared_with,matched provenance identifier,claim:claim_rec_src_search_283a8bed6a9d_008_observation,claim,claim_comparison:claim_cmp_1622,claim_comparison,
compared_with,matched provenance identifier,claim:claim_rec_src_search_283a8bed6a9d_006_observation,claim,claim_comparison:claim_cmp_1623,claim_comparison,
compared_with,matched provenance identifier,claim:claim_rec_src_search_283a8bed6a9d_009_cases_unspecified,claim,claim_comparison:claim_cmp_1623,claim_comparison,
compared_with,matched provenance identifier,claim:claim_rec_src_search_283a8bed6a9d_006_observation,claim,claim_comparison:claim_cmp_1624,claim_comparison,
compared_with,matched provenance identifier,claim:claim_rec_src_search_283a8bed6a9d_010_cases_unspecified,claim,claim_comparison:claim_cmp_1624,claim_comparison,
compared_with,matched provenance identifier,claim:claim_rec_src_search_283a8bed6a9d_006_observation,claim,claim_comparison:claim_cmp_1625,claim_comparison,
compared_with,matched provenance identifier,claim:claim_rec_src_search_283a8bed6a9d_011_cases_unspecified,claim,claim_comparison:claim_cmp_1625,claim_comparison,
compared_with,matched provenance identifier,claim:claim_rec_src_search_283a8bed6a9d_006_observation,claim,claim_comparison:claim_cmp_1626,claim_comparison,
compared_with,matched provenance identifier,claim:claim_rec_src_search_283a8bed6a9d_011_hospitalizations,claim,claim_comparison:claim_cmp_1626,claim_comparison,
compared_with,matched provenance identifier,claim:claim_rec_src_search_283a8bed6a9d_006_observation,claim,claim_comparison:claim_cmp_1627,claim_comparison,
compared_with,matched provenance identifier,claim:claim_rec_src_search_283a8bed6a9d_012_hospitalizations,claim,claim_comparison:claim_cmp_1627,claim_comparison,
compared_with,matched provenance identifier,claim:claim_rec_src_search_283a8bed6a9d_006_observation,claim,claim_comparison:claim_cmp_1628,claim_comparison,
compared_with,matched provenance identifier,claim:claim_rec_src_search_283a8bed6a9d_013_hospitalizations,claim,claim_comparison:claim_cmp_1628,claim_comparison,
compared_with,matched provenance identifier,claim:claim_rec_src_search_283a8bed6a9d_006_observation,claim,claim_comparison:claim_cmp_1629,claim_comparison,
compared_with,matched provenance identifier,claim:claim_rec_src_search_283a8bed6a9d_014_hospitalizations,claim,claim_comparison:claim_cmp_1629,claim_comparison,
compared_with,matched provenance identifier,claim:claim_rec_src_search_283a8bed6a9d_006_observation,claim,claim_comparison:claim_cmp_1630,claim_comparison,
compared_with,matched provenance identifier,claim:claim_rec_src_search_283a8bed6a9d_015_cases_unspecified,claim,claim_comparison:claim_cmp_1630,claim_comparison,
compared_with,matched provenance identifier,claim:claim_rec_src_search_283a8bed6a9d_006_observation,claim,claim_comparison:claim_cmp_1631,claim_comparison,
compared_with,matched provenance identifier,claim:claim_rec_src_search_283a8bed6a9d_016_deaths,claim,claim_comparison:claim_cmp_1631,claim_comparison,
compared_with,matched provenance identifier,claim:claim_rec_src_search_283a8bed6a9d_006_observation,claim,claim_comparison:claim_cmp_1632,claim_comparison,
compared_with,matched provenance identifier,claim:claim_rec_src_search_283a8bed6a9d_017_deaths,claim,claim_comparison:claim_cmp_1632,claim_comparison,
compared_with,matched provenance identifier,claim:claim_rec_src_search_283a8bed6a9d_006_observation,claim,claim_comparison:claim_cmp_1633,claim_comparison,
compared_with,matched provenance identifier,claim:claim_rec_src_search_7cb311dd75e6_001_cases_confirmed,claim,claim_comparison:claim_cmp_1633,claim_comparison,
compared_with,matched provenance identifier,claim:claim_rec_src_search_283a8bed6a9d_007_cases_unspecified,claim,claim_comparison:claim_cmp_1634,claim_comparison,
compared_with,matched provenance identifier,claim:claim_rec_src_search_283a8bed6a9d_008_observation,claim,claim_comparison:claim_cmp_1634,claim_comparison,
compared_with,matched provenance identifier,claim:claim_rec_src_search_283a8bed6a9d_007_cases_unspecified,claim,claim_comparison:claim_cmp_1635,claim_comparison,
compared_with,matched provenance identifier,claim:claim_rec_src_search_283a8bed6a9d_009_cases_unspecified,claim,claim_comparison:claim_cmp_1635,claim_comparison,
compared_with,matched provenance identifier,claim:claim_rec_src_search_283a8bed6a9d_007_cases_unspecified,claim,claim_comparison:claim_cmp_1636,claim_comparison,
compared_with,matched provenance identifier,claim:claim_rec_src_search_283a8bed6a9d_010_cases_unspecified,claim,claim_comparison:claim_cmp_1636,claim_comparison,
compared_with,matched provenance identifier,claim:claim_rec_src_search_283a8bed6a9d_007_cases_unspecified,claim,claim_comparison:claim_cmp_1637,claim_comparison,
compared_with,matched provenance identifier,claim:claim_rec_src_search_283a8bed6a9d_011_cases_unspecified,claim,claim_comparison:claim_cmp_1637,claim_comparison,
compared_with,matched provenance identifier,claim:claim_rec_src_search_283a8bed6a9d_007_cases_unspecified,claim,claim_comparison:claim_cmp_1638,claim_comparison,
compared_with,matched provenance identifier,claim:claim_rec_src_search_283a8bed6a9d_011_hospitalizations,claim,claim_comparison:claim_cmp_1638,claim_comparison,
compared_with,matched provenance identifier,claim:claim_rec_src_search_283a8bed6a9d_007_cases_unspecified,claim,claim_comparison:claim_cmp_1639,claim_comparison,
compared_with,matched provenance identifier,claim:claim_rec_src_search_283a8bed6a9d_012_hospitalizations,claim,claim_comparison:claim_cmp_1639,claim_comparison,
compared_with,matched provenance identifier,claim:claim_rec_src_search_283a8bed6a9d_007_cases_unspecified,claim,claim_comparison:claim_cmp_1640,claim_comparison,
compared_with,matched provenance identifier,claim:claim_rec_src_search_283a8bed6a9d_013_hospitalizations,claim,claim_comparison:claim_cmp_1640,claim_comparison,
compared_with,matched provenance identifier,claim:claim_rec_src_search_283a8bed6a9d_007_cases_unspecified,claim,claim_comparison:claim_cmp_1641,claim_comparison,
compared_with,matched provenance identifier,claim:claim_rec_src_search_283a8bed6a9d_014_hospitalizations,claim,claim_comparison:claim_cmp_1641,claim_comparison,
compared_with,matched provenance identifier,claim:claim_rec_src_search_283a8bed6a9d_007_cases_unspecified,claim,claim_comparison:claim_cmp_1642,claim_comparison,
compared_with,matched provenance identifier,claim:claim_rec_src_search_283a8bed6a9d_015_cases_unspecified,claim,claim_comparison:claim_cmp_1642,claim_comparison,
compared_with,matched provenance identifier,claim:claim_rec_src_search_283a8bed6a9d_007_cases_unspecified,claim,claim_comparison:claim_cmp_1643,claim_comparison,
compared_with,matched provenance identifier,claim:claim_rec_src_search_283a8bed6a9d_016_deaths,claim,claim_comparison:claim_cmp_1643,claim_comparison,
compared_with,matched provenance identifier,claim:claim_rec_src_search_283a8bed6a9d_007_cases_unspecified,claim,claim_comparison:claim_cmp_1644,claim_comparison,
compared_with,matched provenance identifier,claim:claim_rec_src_search_283a8bed6a9d_017_deaths,claim,claim_comparison:claim_cmp_1644,claim_comparison,
compared_with,matched provenance identifier,claim:claim_rec_src_search_283a8bed6a9d_007_cases_unspecified,claim,claim_comparison:claim_cmp_1645,claim_comparison,
compared_with,matched provenance identifier,claim:claim_rec_src_search_7cb311dd75e6_001_cases_confirmed,claim,claim_comparison:claim_cmp_1645,claim_comparison,
compared_with,matched provenance identifier,claim:claim_rec_src_search_283a8bed6a9d_008_observation,claim,claim_comparison:claim_cmp_1646,claim_comparison,
compared_with,matched provenance identifier,claim:claim_rec_src_search_283a8bed6a9d_009_cases_unspecified,claim,claim_comparison:claim_cmp_1646,claim_comparison,
compared_with,matched provenance identifier,claim:claim_rec_src_search_283a8bed6a9d_008_observation,claim,claim_comparison:claim_cmp_1647,claim_comparison,
compared_with,matched provenance identifier,claim:claim_rec_src_search_283a8bed6a9d_010_cases_unspecified,claim,claim_comparison:claim_cmp_1647,claim_comparison,
compared_with,matched provenance identifier,claim:claim_rec_src_search_283a8bed6a9d_008_observation,claim,claim_comparison:claim_cmp_1648,claim_comparison,
compared_with,matched provenance identifier,claim:claim_rec_src_search_283a8bed6a9d_011_cases_unspecified,claim,claim_comparison:claim_cmp_1648,claim_comparison,
compared_with,matched provenance identifier,claim:claim_rec_src_search_283a8bed6a9d_008_observation,claim,claim_comparison:claim_cmp_1649,claim_comparison,
compared_with,matched provenance identifier,claim:claim_rec_src_search_283a8bed6a9d_011_hospitalizations,claim,claim_comparison:claim_cmp_1649,claim_comparison,
compared_with,matched provenance identifier,claim:claim_rec_src_search_283a8bed6a9d_008_observation,claim,claim_comparison:claim_cmp_1650,claim_comparison,
compared_with,matched provenance identifier,claim:claim_rec_src_search_283a8bed6a9d_012_hospitalizations,claim,claim_comparison:claim_cmp_1650,claim_comparison,
compared_with,matched provenance identifier,claim:claim_rec_src_search_283a8bed6a9d_008_observation,claim,claim_comparison:claim_cmp_1651,claim_comparison,
compared_with,matched provenance identifier,claim:claim_rec_src_search_283a8bed6a9d_013_hospitalizations,claim,claim_comparison:claim_cmp_1651,claim_comparison,
compared_with,matched provenance identifier,claim:claim_rec_src_search_283a8bed6a9d_008_observation,claim,claim_comparison:claim_cmp_1652,claim_comparison,
compared_with,matched provenance identifier,claim:claim_rec_src_search_283a8bed6a9d_014_hospitalizations,claim,claim_comparison:claim_cmp_1652,claim_comparison,
compared_with,matched provenance identifier,claim:claim_rec_src_search_283a8bed6a9d_008_observation,claim,claim_comparison:claim_cmp_1653,claim_comparison,
compared_with,matched provenance identifier,claim:claim_rec_src_search_283a8bed6a9d_015_cases_unspecified,claim,claim_comparison:claim_cmp_1653,claim_comparison,
compared_with,matched provenance identifier,claim:claim_rec_src_search_283a8bed6a9d_008_observation,claim,claim_comparison:claim_cmp_1654,claim_comparison,
compared_with,matched provenance identifier,claim:claim_rec_src_search_283a8bed6a9d_016_deaths,claim,claim_comparison:claim_cmp_1654,claim_comparison,
compared_with,matched provenance identifier,claim:claim_rec_src_search_283a8bed6a9d_008_observation,claim,claim_comparison:claim_cmp_1655,claim_comparison,
compared_with,matched provenance identifier,claim:claim_rec_src_search_283a8bed6a9d_017_deaths,claim,claim_comparison:claim_cmp_1655,claim_comparison,
compared_with,matched provenance identifier,claim:claim_rec_src_search_283a8bed6a9d_008_observation,claim,claim_comparison:claim_cmp_1656,claim_comparison,
compared_with,matched provenance identifier,claim:claim_rec_src_search_7cb311dd75e6_001_cases_confirmed,claim,claim_comparison:claim_cmp_1656,claim_comparison,
compared_with,matched provenance identifier,claim:claim_rec_src_search_283a8bed6a9d_009_cases_unspecified,claim,claim_comparison:claim_cmp_1657,claim_comparison,
compared_with,matched provenance identifier,claim:claim_rec_src_search_283a8bed6a9d_010_cases_unspecified,claim,claim_comparison:claim_cmp_1657,claim_comparison,
compared_with,matched provenance identifier,claim:claim_rec_src_search_283a8bed6a9d_009_cases_unspecified,claim,claim_comparison:claim_cmp_1658,claim_comparison,
compared_with,matched provenance identifier,claim:claim_rec_src_search_283a8bed6a9d_011_cases_unspecified,claim,claim_comparison:claim_cmp_1658,claim_comparison,
compared_with,matched provenance identifier,claim:claim_rec_src_search_283a8bed6a9d_009_cases_unspecified,claim,claim_comparison:claim_cmp_1659,claim_comparison,
compared_with,matched provenance identifier,claim:claim_rec_src_search_283a8bed6a9d_011_hospitalizations,claim,claim_comparison:claim_cmp_1659,claim_comparison,
compared_with,matched provenance identifier,claim:claim_rec_src_search_283a8bed6a9d_009_cases_unspecified,claim,claim_comparison:claim_cmp_1660,claim_comparison,
compared_with,matched provenance identifier,claim:claim_rec_src_search_283a8bed6a9d_012_hospitalizations,claim,claim_comparison:claim_cmp_1660,claim_comparison,
compared_with,matched provenance identifier,claim:claim_rec_src_search_283a8bed6a9d_009_cases_unspecified,claim,claim_comparison:claim_cmp_1661,claim_comparison,
compared_with,matched provenance identifier,claim:claim_rec_src_search_283a8bed6a9d_013_hospitalizations,claim,claim_comparison:claim_cmp_1661,claim_comparison,
compared_with,matched provenance identifier,claim:claim_rec_src_search_283a8bed6a9d_009_cases_unspecified,claim,claim_comparison:claim_cmp_1662,claim_comparison,
compared_with,matched provenance identifier,claim:claim_rec_src_search_283a8bed6a9d_014_hospitalizations,claim,claim_comparison:claim_cmp_1662,claim_comparison,
compared_with,matched provenance identifier,claim:claim_rec_src_search_283a8bed6a9d_009_cases_unspecified,claim,claim_comparison:claim_cmp_1663,claim_comparison,
compared_with,matched provenance identifier,claim:claim_rec_src_search_283a8bed6a9d_015_cases_unspecified,claim,claim_comparison:claim_cmp_1663,claim_comparison,
compared_with,matched provenance identifier,claim:claim_rec_src_search_283a8bed6a9d_009_cases_unspecified,claim,claim_comparison:claim_cmp_1664,claim_comparison,
compared_with,matched provenance identifier,claim:claim_rec_src_search_283a8bed6a9d_016_deaths,claim,claim_comparison:claim_cmp_1664,claim_comparison,
compared_with,matched provenance identifier,claim:claim_rec_src_search_283a8bed6a9d_009_cases_unspecified,claim,claim_comparison:claim_cmp_1665,claim_comparison,
compared_with,matched provenance identifier,claim:claim_rec_src_search_283a8bed6a9d_017_deaths,claim,claim_comparison:claim_cmp_1665,claim_comparison,
compared_with,matched provenance identifier,claim:claim_rec_src_search_283a8bed6a9d_009_cases_unspecified,claim,claim_comparison:claim_cmp_1666,claim_comparison,
compared_with,matched provenance identifier,claim:claim_rec_src_search_7cb311dd75e6_001_cases_confirmed,claim,claim_comparison:claim_cmp_1666,claim_comparison,
compared_with,matched provenance identifier,claim:claim_rec_src_search_283a8bed6a9d_010_cases_unspecified,claim,claim_comparison:claim_cmp_1667,claim_comparison,
compared_with,matched provenance identifier,claim:claim_rec_src_search_283a8bed6a9d_011_cases_unspecified,claim,claim_comparison:claim_cmp_1667,claim_comparison,
compared_with,matched provenance identifier,claim:claim_rec_src_search_283a8bed6a9d_010_cases_unspecified,claim,claim_comparison:claim_cmp_1668,claim_comparison,
compared_with,matched provenance identifier,claim:claim_rec_src_search_283a8bed6a9d_011_hospitalizations,claim,claim_comparison:claim_cmp_1668,claim_comparison,
compared_with,matched provenance identifier,claim:claim_rec_src_search_283a8bed6a9d_010_cases_unspecified,claim,claim_comparison:claim_cmp_1669,claim_comparison,
compared_with,matched provenance identifier,claim:claim_rec_src_search_283a8bed6a9d_012_hospitalizations,claim,claim_comparison:claim_cmp_1669,claim_comparison,
compared_with,matched provenance identifier,claim:claim_rec_src_search_283a8bed6a9d_010_cases_unspecified,claim,claim_comparison:claim_cmp_1670,claim_comparison,
compared_with,matched provenance identifier,claim:claim_rec_src_search_283a8bed6a9d_013_hospitalizations,claim,claim_comparison:claim_cmp_1670,claim_comparison,
compared_with,matched provenance identifier,claim:claim_rec_src_search_283a8bed6a9d_010_cases_unspecified,claim,claim_comparison:claim_cmp_1671,claim_comparison,
compared_with,matched provenance identifier,claim:claim_rec_src_search_283a8bed6a9d_014_hospitalizations,claim,claim_comparison:claim_cmp_1671,claim_comparison,
compared_with,matched provenance identifier,claim:claim_rec_src_search_283a8bed6a9d_010_cases_unspecified,claim,claim_comparison:claim_cmp_1672,claim_comparison,
compared_with,matched provenance identifier,claim:claim_rec_src_search_283a8bed6a9d_015_cases_unspecified,claim,claim_comparison:claim_cmp_1672,claim_comparison,
compared_with,matched provenance identifier,claim:claim_rec_src_search_283a8bed6a9d_010_cases_unspecified,claim,claim_comparison:claim_cmp_1673,claim_comparison,
compared_with,matched provenance identifier,claim:claim_rec_src_search_283a8bed6a9d_016_deaths,claim,claim_comparison:claim_cmp_1673,claim_comparison,
compared_with,matched provenance identifier,claim:claim_rec_src_search_283a8bed6a9d_010_cases_unspecified,claim,claim_comparison:claim_cmp_1674,claim_comparison,
compared_with,matched provenance identifier,claim:claim_rec_src_search_283a8bed6a9d_017_deaths,claim,claim_comparison:claim_cmp_1674,claim_comparison,
compared_with,matched provenance identifier,claim:claim_rec_src_search_283a8bed6a9d_010_cases_unspecified,claim,claim_comparison:claim_cmp_1675,claim_comparison,
compared_with,matched provenance identifier,claim:claim_rec_src_search_7cb311dd75e6_001_cases_confirmed,claim,claim_comparison:claim_cmp_1675,claim_comparison,
compared_with,matched provenance identifier,claim:claim_rec_src_search_283a8bed6a9d_011_cases_unspecified,claim,claim_comparison:claim_cmp_1676,claim_comparison,
compared_with,matched provenance identifier,claim:claim_rec_src_search_283a8bed6a9d_011_hospitalizations,claim,claim_comparison:claim_cmp_1676,claim_comparison,
compared_with,matched provenance identifier,claim:claim_rec_src_search_283a8bed6a9d_011_cases_unspecified,claim,claim_comparison:claim_cmp_1677,claim_comparison,
compared_with,matched provenance identifier,claim:claim_rec_src_search_283a8bed6a9d_012_hospitalizations,claim,claim_comparison:claim_cmp_1677,claim_comparison,
compared_with,matched provenance identifier,claim:claim_rec_src_search_283a8bed6a9d_011_cases_unspecified,claim,claim_comparison:claim_cmp_1678,claim_comparison,
compared_with,matched provenance identifier,claim:claim_rec_src_search_283a8bed6a9d_013_hospitalizations,claim,claim_comparison:claim_cmp_1678,claim_comparison,
compared_with,matched provenance identifier,claim:claim_rec_src_search_283a8bed6a9d_011_cases_unspecified,claim,claim_comparison:claim_cmp_1679,claim_comparison,
compared_with,matched provenance identifier,claim:claim_rec_src_search_283a8bed6a9d_014_hospitalizations,claim,claim_comparison:claim_cmp_1679,claim_comparison,
compared_with,matched provenance identifier,claim:claim_rec_src_search_283a8bed6a9d_011_cases_unspecified,claim,claim_comparison:claim_cmp_1680,claim_comparison,
compared_with,matched provenance identifier,claim:claim_rec_src_search_283a8bed6a9d_015_cases_unspecified,claim,claim_comparison:claim_cmp_1680,claim_comparison,
compared_with,matched provenance identifier,claim:claim_rec_src_search_283a8bed6a9d_011_cases_unspecified,claim,claim_comparison:claim_cmp_1681,claim_comparison,
compared_with,matched provenance identifier,claim:claim_rec_src_search_283a8bed6a9d_016_deaths,claim,claim_comparison:claim_cmp_1681,claim_comparison,
compared_with,matched provenance identifier,claim:claim_rec_src_search_283a8bed6a9d_011_cases_unspecified,claim,claim_comparison:claim_cmp_1682,claim_comparison,
compared_with,matched provenance identifier,claim:claim_rec_src_search_283a8bed6a9d_017_deaths,claim,claim_comparison:claim_cmp_1682,claim_comparison,
compared_with,matched provenance identifier,claim:claim_rec_src_search_283a8bed6a9d_011_cases_unspecified,claim,claim_comparison:claim_cmp_1683,claim_comparison,
compared_with,matched provenance identifier,claim:claim_rec_src_search_7cb311dd75e6_001_cases_confirmed,claim,claim_comparison:claim_cmp_1683,claim_comparison,
compared_with,matched provenance identifier,claim:claim_rec_src_search_283a8bed6a9d_011_hospitalizations,claim,claim_comparison:claim_cmp_1684,claim_comparison,
compared_with,matched provenance identifier,claim:claim_rec_src_search_283a8bed6a9d_012_hospitalizations,claim,claim_comparison:claim_cmp_1684,claim_comparison,
compared_with,matched provenance identifier,claim:claim_rec_src_search_283a8bed6a9d_011_hospitalizations,claim,claim_comparison:claim_cmp_1685,claim_comparison,
compared_with,matched provenance identifier,claim:claim_rec_src_search_283a8bed6a9d_013_hospitalizations,claim,claim_comparison:claim_cmp_1685,claim_comparison,
compared_with,matched provenance identifier,claim:claim_rec_src_search_283a8bed6a9d_011_hospitalizations,claim,claim_comparison:claim_cmp_1686,claim_comparison,
compared_with,matched provenance identifier,claim:claim_rec_src_search_283a8bed6a9d_014_hospitalizations,claim,claim_comparison:claim_cmp_1686,claim_comparison,
compared_with,matched provenance identifier,claim:claim_rec_src_search_283a8bed6a9d_011_hospitalizations,claim,claim_comparison:claim_cmp_1687,claim_comparison,
compared_with,matched provenance identifier,claim:claim_rec_src_search_283a8bed6a9d_015_cases_unspecified,claim,claim_comparison:claim_cmp_1687,claim_comparison,
compared_with,matched provenance identifier,claim:claim_rec_src_search_283a8bed6a9d_011_hospitalizations,claim,claim_comparison:claim_cmp_1688,claim_comparison,
compared_with,matched provenance identifier,claim:claim_rec_src_search_283a8bed6a9d_016_deaths,claim,claim_comparison:claim_cmp_1688,claim_comparison,
compared_with,matched provenance identifier,claim:claim_rec_src_search_283a8bed6a9d_011_hospitalizations,claim,claim_comparison:claim_cmp_1689,claim_comparison,
compared_with,matched provenance identifier,claim:claim_rec_src_search_283a8bed6a9d_017_deaths,claim,claim_comparison:claim_cmp_1689,claim_comparison,
compared_with,matched provenance identifier,claim:claim_rec_src_search_283a8bed6a9d_011_hospitalizations,claim,claim_comparison:claim_cmp_1690,claim_comparison,
compared_with,matched provenance identifier,claim:claim_rec_src_search_7cb311dd75e6_001_cases_confirmed,claim,claim_comparison:claim_cmp_1690,claim_comparison,
compared_with,matched provenance identifier,claim:claim_rec_src_search_283a8bed6a9d_012_hospitalizations,claim,claim_comparison:claim_cmp_1691,claim_comparison,
compared_with,matched provenance identifier,claim:claim_rec_src_search_283a8bed6a9d_013_hospitalizations,claim,claim_comparison:claim_cmp_1691,claim_comparison,
compared_with,matched provenance identifier,claim:claim_rec_src_search_283a8bed6a9d_012_hospitalizations,claim,claim_comparison:claim_cmp_1692,claim_comparison,
compared_with,matched provenance identifier,claim:claim_rec_src_search_283a8bed6a9d_014_hospitalizations,claim,claim_comparison:claim_cmp_1692,claim_comparison,
compared_with,matched provenance identifier,claim:claim_rec_src_search_283a8bed6a9d_012_hospitalizations,claim,claim_comparison:claim_cmp_1693,claim_comparison,
compared_with,matched provenance identifier,claim:claim_rec_src_search_283a8bed6a9d_015_cases_unspecified,claim,claim_comparison:claim_cmp_1693,claim_comparison,
compared_with,matched provenance identifier,claim:claim_rec_src_search_283a8bed6a9d_012_hospitalizations,claim,claim_comparison:claim_cmp_1694,claim_comparison,
compared_with,matched provenance identifier,claim:claim_rec_src_search_283a8bed6a9d_016_deaths,claim,claim_comparison:claim_cmp_1694,claim_comparison,
compared_with,matched provenance identifier,claim:claim_rec_src_search_283a8bed6a9d_012_hospitalizations,claim,claim_comparison:claim_cmp_1695,claim_comparison,
compared_with,matched provenance identifier,claim:claim_rec_src_search_283a8bed6a9d_017_deaths,claim,claim_comparison:claim_cmp_1695,claim_comparison,
compared_with,matched provenance identifier,claim:claim_rec_src_search_283a8bed6a9d_012_hospitalizations,claim,claim_comparison:claim_cmp_1696,claim_comparison,
compared_with,matched provenance identifier,claim:claim_rec_src_search_7cb311dd75e6_001_cases_confirmed,claim,claim_comparison:claim_cmp_1696,claim_comparison,
compared_with,matched provenance identifier,claim:claim_rec_src_search_283a8bed6a9d_013_hospitalizations,claim,claim_comparison:claim_cmp_1697,claim_comparison,
compared_with,matched provenance identifier,claim:claim_rec_src_search_283a8bed6a9d_014_hospitalizations,claim,claim_comparison:claim_cmp_1697,claim_comparison,
compared_with,matched provenance identifier,claim:claim_rec_src_search_283a8bed6a9d_013_hospitalizations,claim,claim_comparison:claim_cmp_1698,claim_comparison,
compared_with,matched provenance identifier,claim:claim_rec_src_search_283a8bed6a9d_015_cases_unspecified,claim,claim_comparison:claim_cmp_1698,claim_comparison,
compared_with,matched provenance identifier,claim:claim_rec_src_search_283a8bed6a9d_013_hospitalizations,claim,claim_comparison:claim_cmp_1699,claim_comparison,
compared_with,matched provenance identifier,claim:claim_rec_src_search_283a8bed6a9d_016_deaths,claim,claim_comparison:claim_cmp_1699,claim_comparison,
compared_with,matched provenance identifier,claim:claim_rec_src_search_283a8bed6a9d_013_hospitalizations,claim,claim_comparison:claim_cmp_1700,claim_comparison,
compared_with,matched provenance identifier,claim:claim_rec_src_search_283a8bed6a9d_017_deaths,claim,claim_comparison:claim_cmp_1700,claim_comparison,
compared_with,matched provenance identifier,claim:claim_rec_src_search_283a8bed6a9d_013_hospitalizations,claim,claim_comparison:claim_cmp_1701,claim_comparison,
compared_with,matched provenance identifier,claim:claim_rec_src_search_7cb311dd75e6_001_cases_confirmed,claim,claim_comparison:claim_cmp_1701,claim_comparison,
compared_with,matched provenance identifier,claim:claim_rec_src_search_283a8bed6a9d_014_hospitalizations,claim,claim_comparison:claim_cmp_1702,claim_comparison,
compared_with,matched provenance identifier,claim:claim_rec_src_search_283a8bed6a9d_015_cases_unspecified,claim,claim_comparison:claim_cmp_1702,claim_comparison,
compared_with,matched provenance identifier,claim:claim_rec_src_search_283a8bed6a9d_014_hospitalizations,claim,claim_comparison:claim_cmp_1703,claim_comparison,
compared_with,matched provenance identifier,claim:claim_rec_src_search_283a8bed6a9d_016_deaths,claim,claim_comparison:claim_cmp_1703,claim_comparison,
compared_with,matched provenance identifier,claim:claim_rec_src_search_283a8bed6a9d_014_hospitalizations,claim,claim_comparison:claim_cmp_1704,claim_comparison,
compared_with,matched provenance identifier,claim:claim_rec_src_search_283a8bed6a9d_017_deaths,claim,claim_comparison:claim_cmp_1704,claim_comparison,
compared_with,matched provenance identifier,claim:claim_rec_src_search_283a8bed6a9d_014_hospitalizations,claim,claim_comparison:claim_cmp_1705,claim_comparison,
compared_with,matched provenance identifier,claim:claim_rec_src_search_7cb311dd75e6_001_cases_confirmed,claim,claim_comparison:claim_cmp_1705,claim_comparison,
compared_with,matched provenance identifier,claim:claim_rec_src_search_283a8bed6a9d_015_cases_unspecified,claim,claim_comparison:claim_cmp_1706,claim_comparison,
compared_with,matched provenance identifier,claim:claim_rec_src_search_283a8bed6a9d_016_deaths,claim,claim_comparison:claim_cmp_1706,claim_comparison,
compared_with,matched provenance identifier,claim:claim_rec_src_search_283a8bed6a9d_015_cases_unspecified,claim,claim_comparison:claim_cmp_1707,claim_comparison,
compared_with,matched provenance identifier,claim:claim_rec_src_search_283a8bed6a9d_017_deaths,claim,claim_comparison:claim_cmp_1707,claim_comparison,
compared_with,matched provenance identifier,claim:claim_rec_src_search_283a8bed6a9d_015_cases_unspecified,claim,claim_comparison:claim_cmp_1708,claim_comparison,
compared_with,matched provenance identifier,claim:claim_rec_src_search_7cb311dd75e6_001_cases_confirmed,claim,claim_comparison:claim_cmp_1708,claim_comparison,
compared_with,matched provenance identifier,claim:claim_rec_src_search_283a8bed6a9d_016_deaths,claim,claim_comparison:claim_cmp_1709,claim_comparison,
compared_with,matched provenance identifier,claim:claim_rec_src_search_283a8bed6a9d_017_deaths,claim,claim_comparison:claim_cmp_1709,claim_comparison,
compared_with,matched provenance identifier,claim:claim_rec_src_search_283a8bed6a9d_016_deaths,claim,claim_comparison:claim_cmp_1710,claim_comparison,
compared_with,matched provenance identifier,claim:claim_rec_src_search_7cb311dd75e6_001_cases_confirmed,claim,claim_comparison:claim_cmp_1710,claim_comparison,
compared_with,matched provenance identifier,claim:claim_rec_src_search_283a8bed6a9d_017_deaths,claim,claim_comparison:claim_cmp_1711,claim_comparison,
compared_with,matched provenance identifier,claim:claim_rec_src_search_7cb311dd75e6_001_cases_confirmed,claim,claim_comparison:claim_cmp_1711,claim_comparison,
grouped_into_event,matched provenance identifier,claim:claim_rec_src_search_87bd434eacdf_001_cases_unspecified,claim,corroborated_event:event_001,corroborated_event,
grouped_into_event,matched provenance identifier,claim:claim_rec_src_search_da86b7826545_001_hospitalizations,claim,corroborated_event:event_001,corroborated_event,
grouped_into_event,matched provenance identifier,claim:claim_rec_src_search_87bd434eacdf_003_hospitalizations,claim,corroborated_event:event_001,corroborated_event,
grouped_into_event,matched provenance identifier,claim:claim_rec_src_search_da86b7826545_001_cases_unspecified,claim,corroborated_event:event_001,corroborated_event,
grouped_into_event,matched provenance identifier,claim:claim_rec_src_search_da86b7826545_005_cases_unspecified,claim,corroborated_event:event_001,corroborated_event,
grouped_into_event,matched provenance identifier,claim:claim_rec_src_search_87bd434eacdf_005_cases_unspecified,claim,corroborated_event:event_001,corroborated_event,
grouped_into_event,matched provenance identifier,claim:claim_rec_src_search_da86b7826545_001_deaths,claim,corroborated_event:event_001,corroborated_event,
grouped_into_event,matched provenance identifier,claim:claim_rec_src_search_87bd434eacdf_002_cases_unspecified,claim,corroborated_event:event_002,corroborated_event,
grouped_into_event,matched provenance identifier,claim:claim_rec_src_search_87bd434eacdf_004_cases_unspecified,claim,corroborated_event:event_003,corroborated_event,
grouped_into_event,matched provenance identifier,claim:claim_rec_src_search_3e232b5b243d_002_deaths,claim,corroborated_event:event_004,corroborated_event,
grouped_into_event,matched provenance identifier,claim:claim_rec_src_search_3e232b5b243d_001_cases_confirmed,claim,corroborated_event:event_004,corroborated_event,
grouped_into_event,matched provenance identifier,claim:claim_rec_src_search_283a8bed6a9d_016_deaths,claim,corroborated_event:event_005,corroborated_event,
grouped_into_event,matched provenance identifier,claim:claim_rec_src_search_283a8bed6a9d_010_cases_unspecified,claim,corroborated_event:event_005,corroborated_event,
grouped_into_event,matched provenance identifier,claim:claim_rec_src_search_283a8bed6a9d_011_hospitalizations,claim,corroborated_event:event_005,corroborated_event,
grouped_into_event,matched provenance identifier,claim:claim_rec_src_search_283a8bed6a9d_011_cases_unspecified,claim,corroborated_event:event_005,corroborated_event,
grouped_into_event,matched provenance identifier,claim:claim_rec_src_search_d1d6036be2f6_002_cases_unspecified,claim,corroborated_event:event_005,corroborated_event,
grouped_into_event,matched provenance identifier,claim:claim_rec_src_search_283a8bed6a9d_005_cases_unspecified,claim,corroborated_event:event_005,corroborated_event,
grouped_into_event,matched provenance identifier,claim:claim_rec_src_search_283a8bed6a9d_015_cases_unspecified,claim,corroborated_event:event_005,corroborated_event,
grouped_into_event,matched provenance identifier,claim:claim_rec_src_search_283a8bed6a9d_009_cases_unspecified,claim,corroborated_event:event_005,corroborated_event,
grouped_into_event,matched provenance identifier,claim:claim_rec_src_search_3109afb35d90_004_cases_unspecified,claim,corroborated_event:event_005,corroborated_event,
grouped_into_event,matched provenance identifier,claim:claim_rec_src_search_283a8bed6a9d_008_observation,claim,corroborated_event:event_005,corroborated_event,
grouped_into_event,matched provenance identifier,claim:claim_rec_src_search_3109afb35d90_001_cases_confirmed,claim,corroborated_event:event_005,corroborated_event,
grouped_into_event,matched provenance identifier,claim:claim_rec_src_search_283a8bed6a9d_017_deaths,claim,corroborated_event:event_005,corroborated_event,
grouped_into_event,matched provenance identifier,claim:claim_rec_src_search_cd5fb2750261_002_cases_confirmed,claim,corroborated_event:event_005,corroborated_event,
grouped_into_event,matched provenance identifier,claim:claim_rec_src_search_7cb311dd75e6_001_cases_confirmed,claim,corroborated_event:event_005,corroborated_event,
grouped_into_event,matched provenance identifier,claim:claim_rec_src_search_283a8bed6a9d_012_hospitalizations,claim,corroborated_event:event_005,corroborated_event,
grouped_into_event,matched provenance identifier,claim:claim_rec_src_search_283a8bed6a9d_013_hospitalizations,claim,corroborated_event:event_005,corroborated_event,
grouped_into_event,matched provenance identifier,claim:claim_rec_src_search_d1d6036be2f6_004_cases_confirmed,claim,corroborated_event:event_005,corroborated_event,
grouped_into_event,matched provenance identifier,claim:claim_rec_src_search_d1d6036be2f6_001_cases_unspecified,claim,corroborated_event:event_005,corroborated_event,
grouped_into_event,matched provenance identifier,claim:claim_rec_src_search_283a8bed6a9d_006_observation,claim,corroborated_event:event_005,corroborated_event,
grouped_into_event,matched provenance identifier,claim:claim_rec_src_search_283a8bed6a9d_007_cases_unspecified,claim,corroborated_event:event_005,corroborated_event,
grouped_into_event,matched provenance identifier,claim:claim_rec_src_search_283a8bed6a9d_014_hospitalizations,claim,corroborated_event:event_005,corroborated_event,
grouped_into_event,matched provenance identifier,claim:claim_rec_src_search_3109afb35d90_003_cases_unspecified,claim,corroborated_event:event_005,corroborated_event,
grouped_into_event,matched provenance identifier,claim:claim_rec_src_search_3109afb35d90_002_cases_unspecified,claim,corroborated_event:event_005,corroborated_event,
grouped_into_event,matched provenance identifier,claim:claim_rec_src_search_d1d6036be2f6_005_observation,claim,corroborated_event:event_005,corroborated_event,
grouped_into_event,matched provenance identifier,claim:claim_rec_src_search_3f4cf9d46ec9_001_cases_unspecified,claim,corroborated_event:event_005,corroborated_event,
grouped_into_event,matched provenance identifier,claim:claim_rec_src_search_cd5fb2750261_001_cases_confirmed,claim,corroborated_event:event_005,corroborated_event,
grouped_into_event,matched provenance identifier,claim:claim_rec_src_search_283a8bed6a9d_003_observation,claim,corroborated_event:event_005,corroborated_event,
grouped_into_event,matched provenance identifier,claim:claim_rec_src_search_283a8bed6a9d_004_observation,claim,corroborated_event:event_005,corroborated_event,
grouped_into_event,matched provenance identifier,claim:claim_rec_src_search_283a8bed6a9d_001_cases_confirmed,claim,corroborated_event:event_005,corroborated_event,
grouped_into_event,matched provenance identifier,claim:claim_rec_src_search_d1d6036be2f6_004_deaths,claim,corroborated_event:event_005,corroborated_event,
grouped_into_event,matched provenance identifier,claim:claim_rec_src_search_283a8bed6a9d_002_cases_confirmed,claim,corroborated_event:event_005,corroborated_event,
grouped_into_event,matched provenance identifier,claim:claim_rec_src_search_d1d6036be2f6_003_observation,claim,corroborated_event:event_005,corroborated_event,
grouped_into_event,matched provenance identifier,claim:claim_rec_src_search_8242cbb785a1_001_cases_confirmed,claim,corroborated_event:event_005,corroborated_event,
grouped_into_event,matched provenance identifier,claim:claim_rec_src_search_3f4cf9d46ec9_003_observation,claim,corroborated_event:event_005,corroborated_event,
grouped_into_event,matched provenance identifier,claim:claim_rec_src_search_3f4cf9d46ec9_002_cases_unspecified,claim,corroborated_event:event_006,corroborated_event,
grouped_into_event,matched provenance identifier,claim:claim_rec_src_search_da86b7826545_002_cases_unspecified,claim,corroborated_event:event_007,corroborated_event,
grouped_into_event,matched provenance identifier,claim:claim_rec_src_search_da86b7826545_003_cases_unspecified,claim,corroborated_event:event_008,corroborated_event,
grouped_into_event,matched provenance identifier,claim:claim_rec_src_search_da86b7826545_004_cases_unspecified,claim,corroborated_event:event_009,corroborated_event,
grouped_into_event,matched provenance identifier,claim:claim_rec_src_search_8242cbb785a1_004_deaths,claim,corroborated_event:event_010,corroborated_event,
grouped_into_event,matched provenance identifier,claim:claim_rec_src_search_8242cbb785a1_003_cases_confirmed,claim,corroborated_event:event_010,corroborated_event,
grouped_into_event,matched provenance identifier,claim:claim_rec_src_search_8242cbb785a1_003_deaths,claim,corroborated_event:event_010,corroborated_event,
grouped_into_event,matched provenance identifier,claim:claim_rec_src_search_8242cbb785a1_002_deaths,claim,corroborated_event:event_010,corroborated_event,
grouped_into_event,matched provenance identifier,claim:claim_rec_src_search_8242cbb785a1_002_cases_confirmed,claim,corroborated_event:event_010,corroborated_event,
grouped_into_event,matched provenance identifier,claim:claim_rec_src_search_8242cbb785a1_004_cases_confirmed,claim,corroborated_event:event_010,corroborated_event,
grouped_into_event,matched provenance identifier,claim:claim_rec_src_search_6e578fc529e9_001_cases_confirmed,claim,corroborated_event:event_011,corroborated_event,
grouped_into_event,matched provenance identifier,claim:claim_rec_src_search_6e578fc529e9_001_deaths,claim,corroborated_event:event_011,corroborated_event,
grouped_into_event,matched provenance identifier,claim:claim_rec_src_search_d1d6036be2f6_006_cases_unspecified,claim,corroborated_event:event_012,corroborated_event,
grouped_into_event,matched provenance identifier,claim:claim_rec_src_search_d1d6036be2f6_007_cases_unspecified,claim,corroborated_event:event_013,corroborated_event,
included_in_dataset_view,record appears in final_dataset,normalized_record:rec_src_search_283a8bed6a9d_012,normalized_record,dataset_view:final_dataset,dataset_view,
included_in_dataset_view,record appears in final_dataset,normalized_record:rec_src_search_283a8bed6a9d_013,normalized_record,dataset_view:final_dataset,dataset_view,
included_in_dataset_view,record appears in final_dataset,normalized_record:rec_src_search_283a8bed6a9d_014,normalized_record,dataset_view:final_dataset,dataset_view,
included_in_dataset_view,record appears in final_dataset_pre_quality_gate,normalized_record:rec_src_search_87bd434eacdf_001,normalized_record,dataset_view:final_dataset_pre_quality_gate,dataset_view,
included_in_dataset_view,record appears in final_dataset_pre_quality_gate,normalized_record:rec_src_search_87bd434eacdf_002,normalized_record,dataset_view:final_dataset_pre_quality_gate,dataset_view,
included_in_dataset_view,record appears in final_dataset_pre_quality_gate,normalized_record:rec_src_search_87bd434eacdf_003,normalized_record,dataset_view:final_dataset_pre_quality_gate,dataset_view,
included_in_dataset_view,record appears in final_dataset_pre_quality_gate,normalized_record:rec_src_search_87bd434eacdf_004,normalized_record,dataset_view:final_dataset_pre_quality_gate,dataset_view,
included_in_dataset_view,record appears in final_dataset_pre_quality_gate,normalized_record:rec_src_search_87bd434eacdf_005,normalized_record,dataset_view:final_dataset_pre_quality_gate,dataset_view,
included_in_dataset_view,record appears in final_dataset_pre_quality_gate,normalized_record:rec_src_search_3e232b5b243d_001,normalized_record,dataset_view:final_dataset_pre_quality_gate,dataset_view,
included_in_dataset_view,record appears in final_dataset_pre_quality_gate,normalized_record:rec_src_search_3e232b5b243d_002,normalized_record,dataset_view:final_dataset_pre_quality_gate,dataset_view,
included_in_dataset_view,record appears in final_dataset_pre_quality_gate,normalized_record:rec_src_search_3f4cf9d46ec9_001,normalized_record,dataset_view:final_dataset_pre_quality_gate,dataset_view,
included_in_dataset_view,record appears in final_dataset_pre_quality_gate,normalized_record:rec_src_search_3f4cf9d46ec9_002,normalized_record,dataset_view:final_dataset_pre_quality_gate,dataset_view,
included_in_dataset_view,record appears in final_dataset_pre_quality_gate,normalized_record:rec_src_search_3f4cf9d46ec9_003,normalized_record,dataset_view:final_dataset_pre_quality_gate,dataset_view,
included_in_dataset_view,record appears in final_dataset_pre_quality_gate,normalized_record:rec_src_search_da86b7826545_001,normalized_record,dataset_view:final_dataset_pre_quality_gate,dataset_view,
included_in_dataset_view,record appears in final_dataset_pre_quality_gate,normalized_record:rec_src_search_da86b7826545_002,normalized_record,dataset_view:final_dataset_pre_quality_gate,dataset_view,
included_in_dataset_view,record appears in final_dataset_pre_quality_gate,normalized_record:rec_src_search_da86b7826545_003,normalized_record,dataset_view:final_dataset_pre_quality_gate,dataset_view,
included_in_dataset_view,record appears in final_dataset_pre_quality_gate,normalized_record:rec_src_search_da86b7826545_004,normalized_record,dataset_view:final_dataset_pre_quality_gate,dataset_view,
included_in_dataset_view,record appears in final_dataset_pre_quality_gate,normalized_record:rec_src_search_da86b7826545_005,normalized_record,dataset_view:final_dataset_pre_quality_gate,dataset_view,
included_in_dataset_view,record appears in final_dataset_pre_quality_gate,normalized_record:rec_src_search_8242cbb785a1_001,normalized_record,dataset_view:final_dataset_pre_quality_gate,dataset_view,
included_in_dataset_view,record appears in final_dataset_pre_quality_gate,normalized_record:rec_src_search_8242cbb785a1_002,normalized_record,dataset_view:final_dataset_pre_quality_gate,dataset_view,
included_in_dataset_view,record appears in final_dataset_pre_quality_gate,normalized_record:rec_src_search_8242cbb785a1_003,normalized_record,dataset_view:final_dataset_pre_quality_gate,dataset_view,
included_in_dataset_view,record appears in final_dataset_pre_quality_gate,normalized_record:rec_src_search_8242cbb785a1_004,normalized_record,dataset_view:final_dataset_pre_quality_gate,dataset_view,
included_in_dataset_view,record appears in final_dataset_pre_quality_gate,normalized_record:rec_src_search_6e578fc529e9_001,normalized_record,dataset_view:final_dataset_pre_quality_gate,dataset_view,
included_in_dataset_view,record appears in final_dataset_pre_quality_gate,normalized_record:rec_src_search_cd5fb2750261_001,normalized_record,dataset_view:final_dataset_pre_quality_gate,dataset_view,
included_in_dataset_view,record appears in final_dataset_pre_quality_gate,normalized_record:rec_src_search_cd5fb2750261_002,normalized_record,dataset_view:final_dataset_pre_quality_gate,dataset_view,
included_in_dataset_view,record appears in final_dataset_pre_quality_gate,normalized_record:rec_src_search_d1d6036be2f6_001,normalized_record,dataset_view:final_dataset_pre_quality_gate,dataset_view,
included_in_dataset_view,record appears in final_dataset_pre_quality_gate,normalized_record:rec_src_search_d1d6036be2f6_002,normalized_record,dataset_view:final_dataset_pre_quality_gate,dataset_view,
included_in_dataset_view,record appears in final_dataset_pre_quality_gate,normalized_record:rec_src_search_d1d6036be2f6_003,normalized_record,dataset_view:final_dataset_pre_quality_gate,dataset_view,
included_in_dataset_view,record appears in final_dataset_pre_quality_gate,normalized_record:rec_src_search_d1d6036be2f6_004,normalized_record,dataset_view:final_dataset_pre_quality_gate,dataset_view,
included_in_dataset_view,record appears in final_dataset_pre_quality_gate,normalized_record:rec_src_search_d1d6036be2f6_005,normalized_record,dataset_view:final_dataset_pre_quality_gate,dataset_view,
included_in_dataset_view,record appears in final_dataset_pre_quality_gate,normalized_record:rec_src_search_d1d6036be2f6_006,normalized_record,dataset_view:final_dataset_pre_quality_gate,dataset_view,
included_in_dataset_view,record appears in final_dataset_pre_quality_gate,normalized_record:rec_src_search_d1d6036be2f6_007,normalized_record,dataset_view:final_dataset_pre_quality_gate,dataset_view,
included_in_dataset_view,record appears in final_dataset_pre_quality_gate,normalized_record:rec_src_search_3109afb35d90_001,normalized_record,dataset_view:final_dataset_pre_quality_gate,dataset_view,
included_in_dataset_view,record appears in final_dataset_pre_quality_gate,normalized_record:rec_src_search_3109afb35d90_002,normalized_record,dataset_view:final_dataset_pre_quality_gate,dataset_view,
included_in_dataset_view,record appears in final_dataset_pre_quality_gate,normalized_record:rec_src_search_3109afb35d90_003,normalized_record,dataset_view:final_dataset_pre_quality_gate,dataset_view,
included_in_dataset_view,record appears in final_dataset_pre_quality_gate,normalized_record:rec_src_search_3109afb35d90_004,normalized_record,dataset_view:final_dataset_pre_quality_gate,dataset_view,
included_in_dataset_view,record appears in final_dataset_pre_quality_gate,normalized_record:rec_src_search_283a8bed6a9d_001,normalized_record,dataset_view:final_dataset_pre_quality_gate,dataset_view,
included_in_dataset_view,record appears in final_dataset_pre_quality_gate,normalized_record:rec_src_search_283a8bed6a9d_002,normalized_record,dataset_view:final_dataset_pre_quality_gate,dataset_view,
included_in_dataset_view,record appears in final_dataset_pre_quality_gate,normalized_record:rec_src_search_283a8bed6a9d_003,normalized_record,dataset_view:final_dataset_pre_quality_gate,dataset_view,
included_in_dataset_view,record appears in final_dataset_pre_quality_gate,normalized_record:rec_src_search_283a8bed6a9d_004,normalized_record,dataset_view:final_dataset_pre_quality_gate,dataset_view,
included_in_dataset_view,record appears in final_dataset_pre_quality_gate,normalized_record:rec_src_search_283a8bed6a9d_005,normalized_record,dataset_view:final_dataset_pre_quality_gate,dataset_view,
included_in_dataset_view,record appears in final_dataset_pre_quality_gate,normalized_record:rec_src_search_283a8bed6a9d_006,normalized_record,dataset_view:final_dataset_pre_quality_gate,dataset_view,
included_in_dataset_view,record appears in final_dataset_pre_quality_gate,normalized_record:rec_src_search_283a8bed6a9d_007,normalized_record,dataset_view:final_dataset_pre_quality_gate,dataset_view,
included_in_dataset_view,record appears in final_dataset_pre_quality_gate,normalized_record:rec_src_search_283a8bed6a9d_008,normalized_record,dataset_view:final_dataset_pre_quality_gate,dataset_view,
included_in_dataset_view,record appears in final_dataset_pre_quality_gate,normalized_record:rec_src_search_283a8bed6a9d_009,normalized_record,dataset_view:final_dataset_pre_quality_gate,dataset_view,
included_in_dataset_view,record appears in final_dataset_pre_quality_gate,normalized_record:rec_src_search_283a8bed6a9d_010,normalized_record,dataset_view:final_dataset_pre_quality_gate,dataset_view,
included_in_dataset_view,record appears in final_dataset_pre_quality_gate,normalized_record:rec_src_search_283a8bed6a9d_011,normalized_record,dataset_view:final_dataset_pre_quality_gate,dataset_view,
included_in_dataset_view,record appears in final_dataset_pre_quality_gate,normalized_record:rec_src_search_283a8bed6a9d_012,normalized_record,dataset_view:final_dataset_pre_quality_gate,dataset_view,
included_in_dataset_view,record appears in final_dataset_pre_quality_gate,normalized_record:rec_src_search_283a8bed6a9d_013,normalized_record,dataset_view:final_dataset_pre_quality_gate,dataset_view,
included_in_dataset_view,record appears in final_dataset_pre_quality_gate,normalized_record:rec_src_search_283a8bed6a9d_014,normalized_record,dataset_view:final_dataset_pre_quality_gate,dataset_view,
included_in_dataset_view,record appears in final_dataset_pre_quality_gate,normalized_record:rec_src_search_283a8bed6a9d_015,normalized_record,dataset_view:final_dataset_pre_quality_gate,dataset_view,
included_in_dataset_view,record appears in final_dataset_pre_quality_gate,normalized_record:rec_src_search_283a8bed6a9d_016,normalized_record,dataset_view:final_dataset_pre_quality_gate,dataset_view,
included_in_dataset_view,record appears in final_dataset_pre_quality_gate,normalized_record:rec_src_search_283a8bed6a9d_017,normalized_record,dataset_view:final_dataset_pre_quality_gate,dataset_view,
included_in_dataset_view,record appears in final_dataset_pre_quality_gate,normalized_record:rec_src_search_7cb311dd75e6_001,normalized_record,dataset_view:final_dataset_pre_quality_gate,dataset_view,
included_in_dataset_view,record appears in final_dataset_post_review,normalized_record:rec_src_search_283a8bed6a9d_012,normalized_record,dataset_view:final_dataset_post_review,dataset_view,
included_in_dataset_view,record appears in final_dataset_post_review,normalized_record:rec_src_search_283a8bed6a9d_013,normalized_record,dataset_view:final_dataset_post_review,dataset_view,
included_in_dataset_view,record appears in final_dataset_post_review,normalized_record:rec_src_search_283a8bed6a9d_014,normalized_record,dataset_view:final_dataset_post_review,dataset_view,
included_in_dataset_view,record appears in exposure_monitoring_records,normalized_record:rec_src_search_d1d6036be2f6_007,normalized_record,dataset_view:exposure_monitoring_records,dataset_view,
included_in_dataset_view,record appears in surveillance_summary_records,normalized_record:rec_src_search_283a8bed6a9d_003,normalized_record,dataset_view:surveillance_summary_records,dataset_view,
included_in_dataset_view,record appears in surveillance_summary_records,normalized_record:rec_src_search_283a8bed6a9d_004,normalized_record,dataset_view:surveillance_summary_records,dataset_view,
included_in_dataset_view,record appears in surveillance_summary_records,normalized_record:rec_src_search_283a8bed6a9d_006,normalized_record,dataset_view:surveillance_summary_records,dataset_view,
included_in_dataset_view,record appears in surveillance_summary_records,normalized_record:rec_src_search_283a8bed6a9d_008,normalized_record,dataset_view:surveillance_summary_records,dataset_view,
included_in_dataset_view,record appears in surveillance_summary_records,normalized_record:rec_src_search_283a8bed6a9d_011,normalized_record,dataset_view:surveillance_summary_records,dataset_view,
included_in_dataset_view,record appears in surveillance_summary_records,normalized_record:rec_src_search_283a8bed6a9d_012,normalized_record,dataset_view:surveillance_summary_records,dataset_view,
included_in_dataset_view,record appears in surveillance_summary_records,normalized_record:rec_src_search_283a8bed6a9d_013,normalized_record,dataset_view:surveillance_summary_records,dataset_view,
included_in_dataset_view,record appears in surveillance_summary_records,normalized_record:rec_src_search_283a8bed6a9d_014,normalized_record,dataset_view:surveillance_summary_records,dataset_view,
included_in_dataset_view,record appears in surveillance_summary_records,normalized_record:rec_src_search_3f4cf9d46ec9_003,normalized_record,dataset_view:surveillance_summary_records,dataset_view,
included_in_dataset_view,record appears in surveillance_summary_records,normalized_record:rec_src_search_d1d6036be2f6_003,normalized_record,dataset_view:surveillance_summary_records,dataset_view,
included_in_dataset_view,record appears in surveillance_summary_records,normalized_record:rec_src_search_d1d6036be2f6_005,normalized_record,dataset_view:surveillance_summary_records,dataset_view,
included_in_dataset_view,record appears in outbreak_summary_records,normalized_record:rec_src_search_283a8bed6a9d_003,normalized_record,dataset_view:outbreak_summary_records,dataset_view,
included_in_dataset_view,record appears in outbreak_summary_records,normalized_record:rec_src_search_283a8bed6a9d_004,normalized_record,dataset_view:outbreak_summary_records,dataset_view,
included_in_dataset_view,record appears in outbreak_summary_records,normalized_record:rec_src_search_283a8bed6a9d_006,normalized_record,dataset_view:outbreak_summary_records,dataset_view,
included_in_dataset_view,record appears in outbreak_summary_records,normalized_record:rec_src_search_283a8bed6a9d_008,normalized_record,dataset_view:outbreak_summary_records,dataset_view,
included_in_dataset_view,record appears in outbreak_summary_records,normalized_record:rec_src_search_3f4cf9d46ec9_003,normalized_record,dataset_view:outbreak_summary_records,dataset_view,
included_in_dataset_view,record appears in outbreak_summary_records,normalized_record:rec_src_search_d1d6036be2f6_003,normalized_record,dataset_view:outbreak_summary_records,dataset_view,
context_for,record appears in context_records,normalized_record:rec_src_search_6e578fc529e9_001,normalized_record,dataset_view:context_records,dataset_view,
context_for,record appears in context_records,normalized_record:rec_src_search_8242cbb785a1_001,normalized_record,dataset_view:context_records,dataset_view,
context_for,record appears in context_records,normalized_record:rec_src_search_8242cbb785a1_002,normalized_record,dataset_view:context_records,dataset_view,
context_for,record appears in context_records,normalized_record:rec_src_search_8242cbb785a1_003,normalized_record,dataset_view:context_records,dataset_view,
context_for,record appears in context_records,normalized_record:rec_src_search_8242cbb785a1_004,normalized_record,dataset_view:context_records,dataset_view,
context_for,record appears in context_records,normalized_record:rec_src_search_d1d6036be2f6_007,normalized_record,dataset_view:context_records,dataset_view,
included_in_dataset_view,record appears in unclassified_observation_records,normalized_record:rec_src_search_d1d6036be2f6_005,normalized_record,dataset_view:unclassified_observation_records,dataset_view,
included_in_dataset_view,record appears in non_primary_observations,normalized_record:rec_src_search_3f4cf9d46ec9_003,normalized_record,dataset_view:non_primary_observations,dataset_view,
included_in_dataset_view,record appears in non_primary_observations,normalized_record:rec_src_search_d1d6036be2f6_003,normalized_record,dataset_view:non_primary_observations,dataset_view,
included_in_dataset_view,record appears in non_primary_observations,normalized_record:rec_src_search_d1d6036be2f6_005,normalized_record,dataset_view:non_primary_observations,dataset_view,
included_in_dataset_view,record appears in non_primary_observations,normalized_record:rec_src_search_283a8bed6a9d_003,normalized_record,dataset_view:non_primary_observations,dataset_view,
included_in_dataset_view,record appears in non_primary_observations,normalized_record:rec_src_search_283a8bed6a9d_004,normalized_record,dataset_view:non_primary_observations,dataset_view,
included_in_dataset_view,record appears in non_primary_observations,normalized_record:rec_src_search_283a8bed6a9d_006,normalized_record,dataset_view:non_primary_observations,dataset_view,
included_in_dataset_view,record appears in non_primary_observations,normalized_record:rec_src_search_283a8bed6a9d_008,normalized_record,dataset_view:non_primary_observations,dataset_view,
included_in_dataset_view,record appears in non_primary_observations,normalized_record:rec_src_search_283a8bed6a9d_016,normalized_record,dataset_view:non_primary_observations,dataset_view,
quarantined_as,record appears in quarantined_records,normalized_record:rec_src_search_3e232b5b243d_001,normalized_record,dataset_view:quarantined_records,dataset_view,
quarantined_as,record appears in quarantined_records,normalized_record:rec_src_search_3e232b5b243d_002,normalized_record,dataset_view:quarantined_records,dataset_view,
quarantined_as,record appears in quarantined_records,normalized_record:rec_src_search_8242cbb785a1_001,normalized_record,dataset_view:quarantined_records,dataset_view,
quarantined_as,record appears in quarantined_records,normalized_record:rec_src_search_8242cbb785a1_002,normalized_record,dataset_view:quarantined_records,dataset_view,
quarantined_as,record appears in quarantined_records,normalized_record:rec_src_search_8242cbb785a1_003,normalized_record,dataset_view:quarantined_records,dataset_view,
quarantined_as,record appears in quarantined_records,normalized_record:rec_src_search_8242cbb785a1_004,normalized_record,dataset_view:quarantined_records,dataset_view,
quarantined_as,record appears in quarantined_records,normalized_record:rec_src_search_6e578fc529e9_001,normalized_record,dataset_view:quarantined_records,dataset_view,
quarantined_as,record appears in quarantined_records,normalized_record:rec_src_search_cd5fb2750261_002,normalized_record,dataset_view:quarantined_records,dataset_view,
quarantined_as,record appears in quarantined_records,normalized_record:rec_src_search_3109afb35d90_001,normalized_record,dataset_view:quarantined_records,dataset_view,
quarantined_as,record appears in quarantined_records,normalized_record:rec_src_search_3109afb35d90_002,normalized_record,dataset_view:quarantined_records,dataset_view,
quarantined_as,record appears in quarantined_records,normalized_record:rec_src_search_3109afb35d90_003,normalized_record,dataset_view:quarantined_records,dataset_view,
quarantined_as,record appears in quarantined_records,normalized_record:rec_src_search_3109afb35d90_004,normalized_record,dataset_view:quarantined_records,dataset_view,
quarantined_as,record appears in quarantined_records,normalized_record:rec_src_search_283a8bed6a9d_001,normalized_record,dataset_view:quarantined_records,dataset_view,
quarantined_as,record appears in quarantined_records,normalized_record:rec_src_search_283a8bed6a9d_002,normalized_record,dataset_view:quarantined_records,dataset_view,
quarantined_as,record appears in quarantined_records,normalized_record:rec_src_search_283a8bed6a9d_003,normalized_record,dataset_view:quarantined_records,dataset_view,
quarantined_as,record appears in quarantined_records,normalized_record:rec_src_search_283a8bed6a9d_004,normalized_record,dataset_view:quarantined_records,dataset_view,
quarantined_as,record appears in quarantined_records,normalized_record:rec_src_search_283a8bed6a9d_005,normalized_record,dataset_view:quarantined_records,dataset_view,
quarantined_as,record appears in quarantined_records,normalized_record:rec_src_search_283a8bed6a9d_006,normalized_record,dataset_view:quarantined_records,dataset_view,
quarantined_as,record appears in quarantined_records,normalized_record:rec_src_search_283a8bed6a9d_007,normalized_record,dataset_view:quarantined_records,dataset_view,
quarantined_as,record appears in quarantined_records,normalized_record:rec_src_search_283a8bed6a9d_008,normalized_record,dataset_view:quarantined_records,dataset_view,
quarantined_as,record appears in quarantined_records,normalized_record:rec_src_search_283a8bed6a9d_009,normalized_record,dataset_view:quarantined_records,dataset_view,
quarantined_as,record appears in quarantined_records,normalized_record:rec_src_search_283a8bed6a9d_010,normalized_record,dataset_view:quarantined_records,dataset_view,
quarantined_as,record appears in quarantined_records,normalized_record:rec_src_search_283a8bed6a9d_011,normalized_record,dataset_view:quarantined_records,dataset_view,
quarantined_as,record appears in quarantined_records,normalized_record:rec_src_search_283a8bed6a9d_015,normalized_record,dataset_view:quarantined_records,dataset_view,
quarantined_as,record appears in quarantined_records,normalized_record:rec_src_search_283a8bed6a9d_016,normalized_record,dataset_view:quarantined_records,dataset_view,
quarantined_as,record appears in quarantined_records,normalized_record:rec_src_search_283a8bed6a9d_017,normalized_record,dataset_view:quarantined_records,dataset_view,
pending_review_as,record appears in pending_review_records,normalized_record:rec_src_search_87bd434eacdf_001,normalized_record,dataset_view:pending_review_records,dataset_view,
pending_review_as,record appears in pending_review_records,normalized_record:rec_src_search_87bd434eacdf_002,normalized_record,dataset_view:pending_review_records,dataset_view,
pending_review_as,record appears in pending_review_records,normalized_record:rec_src_search_87bd434eacdf_003,normalized_record,dataset_view:pending_review_records,dataset_view,
pending_review_as,record appears in pending_review_records,normalized_record:rec_src_search_87bd434eacdf_004,normalized_record,dataset_view:pending_review_records,dataset_view,
pending_review_as,record appears in pending_review_records,normalized_record:rec_src_search_87bd434eacdf_005,normalized_record,dataset_view:pending_review_records,dataset_view,
pending_review_as,record appears in pending_review_records,normalized_record:rec_src_search_3f4cf9d46ec9_001,normalized_record,dataset_view:pending_review_records,dataset_view,
pending_review_as,record appears in pending_review_records,normalized_record:rec_src_search_3f4cf9d46ec9_002,normalized_record,dataset_view:pending_review_records,dataset_view,
pending_review_as,record appears in pending_review_records,normalized_record:rec_src_search_3f4cf9d46ec9_003,normalized_record,dataset_view:pending_review_records,dataset_view,
pending_review_as,record appears in pending_review_records,normalized_record:rec_src_search_da86b7826545_001,normalized_record,dataset_view:pending_review_records,dataset_view,
pending_review_as,record appears in pending_review_records,normalized_record:rec_src_search_da86b7826545_002,normalized_record,dataset_view:pending_review_records,dataset_view,
pending_review_as,record appears in pending_review_records,normalized_record:rec_src_search_da86b7826545_003,normalized_record,dataset_view:pending_review_records,dataset_view,
pending_review_as,record appears in pending_review_records,normalized_record:rec_src_search_da86b7826545_004,normalized_record,dataset_view:pending_review_records,dataset_view,
pending_review_as,record appears in pending_review_records,normalized_record:rec_src_search_da86b7826545_005,normalized_record,dataset_view:pending_review_records,dataset_view,
pending_review_as,record appears in pending_review_records,normalized_record:rec_src_search_cd5fb2750261_001,normalized_record,dataset_view:pending_review_records,dataset_view,
pending_review_as,record appears in pending_review_records,normalized_record:rec_src_search_d1d6036be2f6_001,normalized_record,dataset_view:pending_review_records,dataset_view,
pending_review_as,record appears in pending_review_records,normalized_record:rec_src_search_d1d6036be2f6_002,normalized_record,dataset_view:pending_review_records,dataset_view,
pending_review_as,record appears in pending_review_records,normalized_record:rec_src_search_d1d6036be2f6_003,normalized_record,dataset_view:pending_review_records,dataset_view,
pending_review_as,record appears in pending_review_records,normalized_record:rec_src_search_d1d6036be2f6_004,normalized_record,dataset_view:pending_review_records,dataset_view,
pending_review_as,record appears in pending_review_records,normalized_record:rec_src_search_d1d6036be2f6_005,normalized_record,dataset_view:pending_review_records,dataset_view,
pending_review_as,record appears in pending_review_records,normalized_record:rec_src_search_d1d6036be2f6_006,normalized_record,dataset_view:pending_review_records,dataset_view,
pending_review_as,record appears in pending_review_records,normalized_record:rec_src_search_d1d6036be2f6_007,normalized_record,dataset_view:pending_review_records,dataset_view,
pending_review_as,record appears in pending_review_records,normalized_record:rec_src_search_7cb311dd75e6_001,normalized_record,dataset_view:pending_review_records,dataset_view,
requires_review,matched provenance identifier,claim:claim_rec_src_search_87bd434eacdf_001_cases_unspecified,claim,human_review_item:review_claim_corroboration_conflict_corr_event_001,human_review_item,
requires_review,matched provenance identifier,source:src_search_da86b7826545,source,human_review_item:review_claim_corroboration_conflict_corr_event_001,human_review_item,
requires_review,matched provenance identifier,claim:claim_rec_src_search_da86b7826545_001_hospitalizations,claim,human_review_item:review_claim_corroboration_conflict_corr_event_001,human_review_item,
requires_review,matched provenance identifier,claim:claim_rec_src_search_87bd434eacdf_003_hospitalizations,claim,human_review_item:review_claim_corroboration_conflict_corr_event_001,human_review_item,
requires_review,matched provenance identifier,claim:claim_rec_src_search_da86b7826545_001_cases_unspecified,claim,human_review_item:review_claim_corroboration_conflict_corr_event_001,human_review_item,
requires_review,matched provenance identifier,claim:claim_rec_src_search_da86b7826545_005_cases_unspecified,claim,human_review_item:review_claim_corroboration_conflict_corr_event_001,human_review_item,
requires_review,matched provenance identifier,source:src_search_87bd434eacdf,source,human_review_item:review_claim_corroboration_conflict_corr_event_001,human_review_item,
requires_review,matched provenance identifier,claim:claim_rec_src_search_87bd434eacdf_005_cases_unspecified,claim,human_review_item:review_claim_corroboration_conflict_corr_event_001,human_review_item,
requires_review,matched provenance identifier,claim:claim_rec_src_search_da86b7826545_001_deaths,claim,human_review_item:review_claim_corroboration_conflict_corr_event_001,human_review_item,
requires_review,matched provenance identifier,claim:claim_rec_src_search_283a8bed6a9d_016_deaths,claim,human_review_item:review_claim_corroboration_conflict_corr_event_005,human_review_item,
requires_review,matched provenance identifier,claim:claim_rec_src_search_283a8bed6a9d_010_cases_unspecified,claim,human_review_item:review_claim_corroboration_conflict_corr_event_005,human_review_item,
requires_review,matched provenance identifier,claim:claim_rec_src_search_283a8bed6a9d_011_hospitalizations,claim,human_review_item:review_claim_corroboration_conflict_corr_event_005,human_review_item,
requires_review,matched provenance identifier,claim:claim_rec_src_search_283a8bed6a9d_011_cases_unspecified,claim,human_review_item:review_claim_corroboration_conflict_corr_event_005,human_review_item,
requires_review,matched provenance identifier,claim:claim_rec_src_search_d1d6036be2f6_002_cases_unspecified,claim,human_review_item:review_claim_corroboration_conflict_corr_event_005,human_review_item,
requires_review,matched provenance identifier,claim:claim_rec_src_search_283a8bed6a9d_005_cases_unspecified,claim,human_review_item:review_claim_corroboration_conflict_corr_event_005,human_review_item,
requires_review,matched provenance identifier,claim:claim_rec_src_search_283a8bed6a9d_015_cases_unspecified,claim,human_review_item:review_claim_corroboration_conflict_corr_event_005,human_review_item,
requires_review,matched provenance identifier,source:src_search_7cb311dd75e6,source,human_review_item:review_claim_corroboration_conflict_corr_event_005,human_review_item,
requires_review,matched provenance identifier,claim:claim_rec_src_search_283a8bed6a9d_009_cases_unspecified,claim,human_review_item:review_claim_corroboration_conflict_corr_event_005,human_review_item,
requires_review,matched provenance identifier,claim:claim_rec_src_search_3109afb35d90_004_cases_unspecified,claim,human_review_item:review_claim_corroboration_conflict_corr_event_005,human_review_item,
requires_review,matched provenance identifier,source:src_search_283a8bed6a9d,source,human_review_item:review_claim_corroboration_conflict_corr_event_005,human_review_item,
requires_review,matched provenance identifier,claim:claim_rec_src_search_283a8bed6a9d_008_observation,claim,human_review_item:review_claim_corroboration_conflict_corr_event_005,human_review_item,
requires_review,matched provenance identifier,claim:claim_rec_src_search_3109afb35d90_001_cases_confirmed,claim,human_review_item:review_claim_corroboration_conflict_corr_event_005,human_review_item,
requires_review,matched provenance identifier,claim:claim_rec_src_search_283a8bed6a9d_017_deaths,claim,human_review_item:review_claim_corroboration_conflict_corr_event_005,human_review_item,
requires_review,matched provenance identifier,claim:claim_rec_src_search_cd5fb2750261_002_cases_confirmed,claim,human_review_item:review_claim_corroboration_conflict_corr_event_005,human_review_item,
requires_review,matched provenance identifier,claim:claim_rec_src_search_7cb311dd75e6_001_cases_confirmed,claim,human_review_item:review_claim_corroboration_conflict_corr_event_005,human_review_item,
requires_review,matched provenance identifier,claim:claim_rec_src_search_283a8bed6a9d_012_hospitalizations,claim,human_review_item:review_claim_corroboration_conflict_corr_event_005,human_review_item,
requires_review,matched provenance identifier,claim:claim_rec_src_search_283a8bed6a9d_013_hospitalizations,claim,human_review_item:review_claim_corroboration_conflict_corr_event_005,human_review_item,
requires_review,matched provenance identifier,claim:claim_rec_src_search_d1d6036be2f6_004_cases_confirmed,claim,human_review_item:review_claim_corroboration_conflict_corr_event_005,human_review_item,
requires_review,matched provenance identifier,source:src_search_8242cbb785a1,source,human_review_item:review_claim_corroboration_conflict_corr_event_005,human_review_item,
requires_review,matched provenance identifier,claim:claim_rec_src_search_d1d6036be2f6_001_cases_unspecified,claim,human_review_item:review_claim_corroboration_conflict_corr_event_005,human_review_item,
requires_review,matched provenance identifier,claim:claim_rec_src_search_283a8bed6a9d_006_observation,claim,human_review_item:review_claim_corroboration_conflict_corr_event_005,human_review_item,
requires_review,matched provenance identifier,claim:claim_rec_src_search_283a8bed6a9d_007_cases_unspecified,claim,human_review_item:review_claim_corroboration_conflict_corr_event_005,human_review_item,
requires_review,matched provenance identifier,source:src_search_d1d6036be2f6,source,human_review_item:review_claim_corroboration_conflict_corr_event_005,human_review_item,
requires_review,matched provenance identifier,claim:claim_rec_src_search_283a8bed6a9d_014_hospitalizations,claim,human_review_item:review_claim_corroboration_conflict_corr_event_005,human_review_item,
requires_review,matched provenance identifier,source:src_search_3f4cf9d46ec9,source,human_review_item:review_claim_corroboration_conflict_corr_event_005,human_review_item,
requires_review,matched provenance identifier,claim:claim_rec_src_search_3109afb35d90_003_cases_unspecified,claim,human_review_item:review_claim_corroboration_conflict_corr_event_005,human_review_item,
requires_review,matched provenance identifier,claim:claim_rec_src_search_3109afb35d90_002_cases_unspecified,claim,human_review_item:review_claim_corroboration_conflict_corr_event_005,human_review_item,
requires_review,matched provenance identifier,claim:claim_rec_src_search_d1d6036be2f6_005_observation,claim,human_review_item:review_claim_corroboration_conflict_corr_event_005,human_review_item,
requires_review,matched provenance identifier,source:src_search_cd5fb2750261,source,human_review_item:review_claim_corroboration_conflict_corr_event_005,human_review_item,
requires_review,matched provenance identifier,claim:claim_rec_src_search_3f4cf9d46ec9_001_cases_unspecified,claim,human_review_item:review_claim_corroboration_conflict_corr_event_005,human_review_item,
requires_review,matched provenance identifier,claim:claim_rec_src_search_cd5fb2750261_001_cases_confirmed,claim,human_review_item:review_claim_corroboration_conflict_corr_event_005,human_review_item,
requires_review,matched provenance identifier,claim:claim_rec_src_search_283a8bed6a9d_003_observation,claim,human_review_item:review_claim_corroboration_conflict_corr_event_005,human_review_item,
requires_review,matched provenance identifier,claim:claim_rec_src_search_283a8bed6a9d_004_observation,claim,human_review_item:review_claim_corroboration_conflict_corr_event_005,human_review_item,
requires_review,matched provenance identifier,claim:claim_rec_src_search_283a8bed6a9d_001_cases_confirmed,claim,human_review_item:review_claim_corroboration_conflict_corr_event_005,human_review_item,
requires_review,matched provenance identifier,claim:claim_rec_src_search_d1d6036be2f6_004_deaths,claim,human_review_item:review_claim_corroboration_conflict_corr_event_005,human_review_item,
requires_review,matched provenance identifier,claim:claim_rec_src_search_283a8bed6a9d_002_cases_confirmed,claim,human_review_item:review_claim_corroboration_conflict_corr_event_005,human_review_item,
requires_review,matched provenance identifier,source:src_search_3109afb35d90,source,human_review_item:review_claim_corroboration_conflict_corr_event_005,human_review_item,
requires_review,matched provenance identifier,claim:claim_rec_src_search_d1d6036be2f6_003_observation,claim,human_review_item:review_claim_corroboration_conflict_corr_event_005,human_review_item,
requires_review,matched provenance identifier,claim:claim_rec_src_search_8242cbb785a1_001_cases_confirmed,claim,human_review_item:review_claim_corroboration_conflict_corr_event_005,human_review_item,
requires_review,matched provenance identifier,claim:claim_rec_src_search_3f4cf9d46ec9_003_observation,claim,human_review_item:review_claim_corroboration_conflict_corr_event_005,human_review_item,
requires_review,matched provenance identifier,normalized_record:rec_src_search_6e578fc529e9_001,normalized_record,human_review_item:review_duplicate_event_002,human_review_item,
requires_review,matched provenance identifier,corroborated_event:event_002,corroborated_event,human_review_item:review_duplicate_event_002,human_review_item,
requires_review,matched provenance identifier,corroborated_event:event_003,corroborated_event,human_review_item:review_duplicate_event_003,human_review_item,
requires_review,matched provenance identifier,normalized_record:rec_src_search_3f4cf9d46ec9_001,normalized_record,human_review_item:review_duplicate_event_003,human_review_item,
requires_review,matched provenance identifier,normalized_record:rec_src_search_283a8bed6a9d_009,normalized_record,human_review_item:review_duplicate_event_005,human_review_item,
requires_review,matched provenance identifier,corroborated_event:event_005,corroborated_event,human_review_item:review_duplicate_event_005,human_review_item,
requires_review,matched provenance identifier,normalized_record:rec_src_search_283a8bed6a9d_008,normalized_record,human_review_item:review_duplicate_event_005,human_review_item,
requires_review,matched provenance identifier,normalized_record:rec_src_search_283a8bed6a9d_005,normalized_record,human_review_item:review_duplicate_event_007,human_review_item,
requires_review,matched provenance identifier,normalized_record:rec_src_search_283a8bed6a9d_006,normalized_record,human_review_item:review_duplicate_event_007,human_review_item,
requires_review,matched provenance identifier,corroborated_event:event_007,corroborated_event,human_review_item:review_duplicate_event_007,human_review_item,
requires_review,matched provenance identifier,normalized_record:rec_src_search_8242cbb785a1_003,normalized_record,human_review_item:review_duplicate_event_008,human_review_item,
requires_review,matched provenance identifier,corroborated_event:event_008,corroborated_event,human_review_item:review_duplicate_event_008,human_review_item,
requires_review,matched provenance identifier,normalized_record:rec_src_search_8242cbb785a1_002,normalized_record,human_review_item:review_duplicate_event_008,human_review_item,
requires_review,matched provenance identifier,normalized_record:rec_src_search_283a8bed6a9d_003,normalized_record,human_review_item:review_duplicate_event_009,human_review_item,
requires_review,matched provenance identifier,normalized_record:rec_src_search_283a8bed6a9d_002,normalized_record,human_review_item:review_duplicate_event_009,human_review_item,
requires_review,matched provenance identifier,normalized_record:rec_src_search_283a8bed6a9d_004,normalized_record,human_review_item:review_duplicate_event_009,human_review_item,
requires_review,matched provenance identifier,corroborated_event:event_009,corroborated_event,human_review_item:review_duplicate_event_009,human_review_item,
requires_review,matched provenance identifier,normalized_record:rec_src_search_283a8bed6a9d_001,normalized_record,human_review_item:review_duplicate_event_009,human_review_item,
requires_review,matched provenance identifier,normalized_record:rec_src_search_cd5fb2750261_001,normalized_record,human_review_item:review_duplicate_event_009,human_review_item,
requires_review,matched provenance identifier,corroborated_event:event_010,corroborated_event,human_review_item:review_duplicate_event_010,human_review_item,
requires_review,matched provenance identifier,normalized_record:rec_src_search_7cb311dd75e6_001,normalized_record,human_review_item:review_duplicate_event_010,human_review_item,
requires_review,matched provenance identifier,corroborated_event:event_011,corroborated_event,human_review_item:review_duplicate_event_011,human_review_item,
requires_review,matched provenance identifier,normalized_record:rec_src_search_283a8bed6a9d_017,normalized_record,human_review_item:review_duplicate_event_011,human_review_item,
requires_review,matched provenance identifier,normalized_record:rec_src_search_283a8bed6a9d_016,normalized_record,human_review_item:review_duplicate_event_011,human_review_item,
requires_review,matched provenance identifier,normalized_record:rec_src_search_d1d6036be2f6_005,normalized_record,human_review_item:review_duplicate_event_012,human_review_item,
requires_review,matched provenance identifier,corroborated_event:event_012,corroborated_event,human_review_item:review_duplicate_event_012,human_review_item,
requires_review,matched provenance identifier,normalized_record:rec_src_search_283a8bed6a9d_011,normalized_record,human_review_item:review_duplicate_event_012,human_review_item,
requires_review,matched provenance identifier,normalized_record:rec_src_search_d1d6036be2f6_004,normalized_record,human_review_item:review_duplicate_event_012,human_review_item,
requires_review,matched provenance identifier,normalized_record:rec_src_search_d1d6036be2f6_001,normalized_record,human_review_item:review_duplicate_event_012,human_review_item,
requires_review,matched provenance identifier,normalized_record:rec_src_search_d1d6036be2f6_003,normalized_record,human_review_item:review_duplicate_event_012,human_review_item,
requires_review,matched provenance identifier,corroborated_event:event_013,corroborated_event,human_review_item:review_duplicate_event_013,human_review_item,
requires_review,matched provenance identifier,normalized_record:rec_src_search_8242cbb785a1_004,normalized_record,human_review_item:review_duplicate_event_013,human_review_item,
requires_review,matched provenance identifier,normalized_record:rec_src_search_8242cbb785a1_001,normalized_record,human_review_item:review_duplicate_event_014,human_review_item,
requires_review,matched provenance identifier,normalized_record:rec_src_search_3109afb35d90_004,normalized_record,human_review_item:review_duplicate_event_015,human_review_item,
requires_review,matched provenance identifier,normalized_record:rec_src_search_3109afb35d90_002,normalized_record,human_review_item:review_duplicate_event_015,human_review_item,
requires_review,matched provenance identifier,normalized_record:rec_src_search_3109afb35d90_003,normalized_record,human_review_item:review_duplicate_event_015,human_review_item,
requires_review,matched provenance identifier,normalized_record:rec_src_search_d1d6036be2f6_002,normalized_record,human_review_item:review_duplicate_event_016,human_review_item,
requires_review,matched provenance identifier,normalized_record:rec_src_search_283a8bed6a9d_010,normalized_record,human_review_item:review_duplicate_event_017,human_review_item,
requires_review,matched provenance identifier,normalized_record:rec_src_search_283a8bed6a9d_007,normalized_record,human_review_item:review_duplicate_event_018,human_review_item,
requires_review,matched provenance identifier,normalized_record:rec_src_search_283a8bed6a9d_012,normalized_record,human_review_item:review_duplicate_event_019,human_review_item,
requires_review,matched provenance identifier,normalized_record:rec_src_search_283a8bed6a9d_013,normalized_record,human_review_item:review_duplicate_event_019,human_review_item,
requires_review,matched provenance identifier,normalized_record:rec_src_search_283a8bed6a9d_014,normalized_record,human_review_item:review_duplicate_event_019,human_review_item,
requires_review,matched provenance identifier,normalized_record:rec_src_search_da86b7826545_001,normalized_record,human_review_item:review_duplicate_event_029,human_review_item,
requires_review,matched provenance identifier,normalized_record:rec_src_search_da86b7826545_005,normalized_record,human_review_item:review_duplicate_event_030,human_review_item,
requires_review,matched provenance identifier,normalized_record:rec_src_search_3109afb35d90_001,normalized_record,human_review_item:review_duplicate_event_033,human_review_item,
requires_review,matched provenance identifier,source:src_search_283a8bed6a9d,source,human_review_item:review_anomaly_anom_014,human_review_item,
requires_review,matched provenance identifier,corroborated_event:event_005,corroborated_event,human_review_item:review_anomaly_anom_014,human_review_item,
requires_review,matched provenance identifier,source:src_search_283a8bed6a9d,source,human_review_item:review_anomaly_anom_015,human_review_item,
requires_review,matched provenance identifier,corroborated_event:event_007,corroborated_event,human_review_item:review_anomaly_anom_015,human_review_item,
requires_review,matched provenance identifier,source:src_search_cd5fb2750261,source,human_review_item:review_anomaly_anom_016,human_review_item,
requires_review,matched provenance identifier,corroborated_event:event_009,corroborated_event,human_review_item:review_anomaly_anom_016,human_review_item,
requires_review,matched provenance identifier,source:src_search_283a8bed6a9d,source,human_review_item:review_anomaly_anom_016,human_review_item,
requires_review,matched provenance identifier,source:src_search_cd5fb2750261,source,human_review_item:review_anomaly_anom_017,human_review_item,
requires_review,matched provenance identifier,corroborated_event:event_009,corroborated_event,human_review_item:review_anomaly_anom_017,human_review_item,
requires_review,matched provenance identifier,source:src_search_283a8bed6a9d,source,human_review_item:review_anomaly_anom_017,human_review_item,
requires_review,matched provenance identifier,corroborated_event:event_011,corroborated_event,human_review_item:review_anomaly_anom_018,human_review_item,
requires_review,matched provenance identifier,source:src_search_283a8bed6a9d,source,human_review_item:review_anomaly_anom_018,human_review_item,
requires_review,matched provenance identifier,corroborated_event:event_012,corroborated_event,human_review_item:review_anomaly_anom_019,human_review_item,
requires_review,matched provenance identifier,source:src_search_d1d6036be2f6,source,human_review_item:review_anomaly_anom_019,human_review_item,
requires_review,matched provenance identifier,source:src_search_283a8bed6a9d,source,human_review_item:review_anomaly_anom_019,human_review_item,
requires_review,matched provenance identifier,corroborated_event:event_012,corroborated_event,human_review_item:review_anomaly_anom_020,human_review_item,
requires_review,matched provenance identifier,source:src_search_d1d6036be2f6,source,human_review_item:review_anomaly_anom_020,human_review_item,
requires_review,matched provenance identifier,source:src_search_283a8bed6a9d,source,human_review_item:review_anomaly_anom_020,human_review_item,
requires_review,matched provenance identifier,source:src_search_3109afb35d90,source,human_review_item:review_anomaly_anom_021,human_review_item,
requires_review,matched provenance identifier,normalized_record:rec_src_search_283a8bed6a9d_001,normalized_record,human_review_item:review_conflict_conf_003,human_review_item,
requires_review,matched provenance identifier,normalized_record:rec_src_search_cd5fb2750261_001,normalized_record,human_review_item:review_conflict_conf_003,human_review_item,
requires_review,matched provenance identifier,normalized_record:rec_src_search_283a8bed6a9d_002,normalized_record,human_review_item:review_conflict_conf_003,human_review_item,
requires_review,matched provenance identifier,normalized_record:rec_src_search_d1d6036be2f6_001,normalized_record,human_review_item:review_conflict_conf_006,human_review_item,
requires_review,matched provenance identifier,normalized_record:rec_src_search_283a8bed6a9d_011,normalized_record,human_review_item:review_conflict_conf_006,human_review_item,
requires_review,matched provenance identifier,normalized_record:rec_src_search_3109afb35d90_004,normalized_record,human_review_item:review_conflict_conf_008,human_review_item,
requires_review,matched provenance identifier,normalized_record:rec_src_search_3109afb35d90_002,normalized_record,human_review_item:review_conflict_conf_008,human_review_item,
requires_review,matched provenance identifier,normalized_record:rec_src_search_3109afb35d90_003,normalized_record,human_review_item:review_conflict_conf_008,human_review_item,
requires_review,matched provenance identifier,normalized_record:rec_src_search_3e232b5b243d_002,normalized_record,human_review_item:review_duplicate_event_027,human_review_item,
requires_review,matched provenance identifier,normalized_record:rec_src_search_3e232b5b243d_001,normalized_record,human_review_item:review_duplicate_event_027,human_review_item,
requires_review,matched provenance identifier,normalized_record:rec_src_search_87bd434eacdf_003,normalized_record,human_review_item:review_duplicate_event_028,human_review_item,
requires_review,matched provenance identifier,normalized_record:rec_src_search_87bd434eacdf_001,normalized_record,human_review_item:review_duplicate_event_028,human_review_item,
requires_review,matched provenance identifier,normalized_record:rec_src_search_283a8bed6a9d_003,normalized_record,human_review_item:review_validation_val_result_062,human_review_item,
requires_review,matched provenance identifier,normalized_record:rec_src_search_283a8bed6a9d_002,normalized_record,human_review_item:review_validation_val_result_062,human_review_item,
requires_review,matched provenance identifier,normalized_record:rec_src_search_283a8bed6a9d_004,normalized_record,human_review_item:review_validation_val_result_062,human_review_item,
requires_review,matched provenance identifier,normalized_record:rec_src_search_283a8bed6a9d_001,normalized_record,human_review_item:review_validation_val_result_062,human_review_item,
requires_review,matched provenance identifier,normalized_record:rec_src_search_cd5fb2750261_001,normalized_record,human_review_item:review_validation_val_result_062,human_review_item,
requires_review,matched provenance identifier,normalized_record:rec_src_search_d1d6036be2f6_005,normalized_record,human_review_item:review_validation_val_result_068,human_review_item,
requires_review,matched provenance identifier,normalized_record:rec_src_search_283a8bed6a9d_011,normalized_record,human_review_item:review_validation_val_result_068,human_review_item,
requires_review,matched provenance identifier,normalized_record:rec_src_search_d1d6036be2f6_004,normalized_record,human_review_item:review_validation_val_result_068,human_review_item,
requires_review,matched provenance identifier,normalized_record:rec_src_search_d1d6036be2f6_001,normalized_record,human_review_item:review_validation_val_result_068,human_review_item,
requires_review,matched provenance identifier,normalized_record:rec_src_search_d1d6036be2f6_003,normalized_record,human_review_item:review_validation_val_result_068,human_review_item,
requires_review,matched provenance identifier,normalized_record:rec_src_search_3109afb35d90_004,normalized_record,human_review_item:review_validation_val_result_073,human_review_item,
requires_review,matched provenance identifier,normalized_record:rec_src_search_3109afb35d90_002,normalized_record,human_review_item:review_validation_val_result_073,human_review_item,
requires_review,matched provenance identifier,normalized_record:rec_src_search_3109afb35d90_003,normalized_record,human_review_item:review_validation_val_result_073,human_review_item,
requires_review,matched provenance identifier,corroborated_event:event_006,corroborated_event,human_review_item:review_anomaly_anom_004,human_review_item,
requires_review,matched provenance identifier,source:src_search_3f4cf9d46ec9,source,human_review_item:review_anomaly_anom_004,human_review_item,
requires_review,matched provenance identifier,source:src_search_8242cbb785a1,source,human_review_item:review_anomaly_anom_005,human_review_item,
requires_review,matched provenance identifier,corroborated_event:event_013,corroborated_event,human_review_item:review_anomaly_anom_006,human_review_item,
requires_review,matched provenance identifier,source:src_search_8242cbb785a1,source,human_review_item:review_anomaly_anom_006,human_review_item,
requires_review,matched provenance identifier,source:src_search_283a8bed6a9d,source,human_review_item:review_anomaly_anom_007,human_review_item,
requires_review,matched provenance identifier,corroborated_event:event_007,corroborated_event,human_review_item:review_anomaly_anom_007,human_review_item,
requires_review,matched provenance identifier,source:src_search_283a8bed6a9d,source,human_review_item:review_anomaly_anom_008,human_review_item,
requires_review,matched provenance identifier,corroborated_event:event_007,corroborated_event,human_review_item:review_anomaly_anom_008,human_review_item,
requires_review,matched provenance identifier,source:src_search_283a8bed6a9d,source,human_review_item:review_anomaly_anom_009,human_review_item,
requires_review,matched provenance identifier,source:src_search_283a8bed6a9d,source,human_review_item:review_anomaly_anom_010,human_review_item,
requires_review,matched provenance identifier,corroborated_event:event_005,corroborated_event,human_review_item:review_anomaly_anom_010,human_review_item,
requires_review,matched provenance identifier,source:src_search_283a8bed6a9d,source,human_review_item:review_anomaly_anom_011,human_review_item,
requires_review,matched provenance identifier,corroborated_event:event_005,corroborated_event,human_review_item:review_anomaly_anom_011,human_review_item,
requires_review,matched provenance identifier,source:src_search_283a8bed6a9d,source,human_review_item:review_anomaly_anom_012,human_review_item,
requires_review,matched provenance identifier,source:src_search_283a8bed6a9d,source,human_review_item:review_anomaly_anom_013,human_review_item,
requires_review,matched provenance identifier,corroborated_event:event_001,corroborated_event,human_review_item:review_anomaly_anom_013,human_review_item,
requires_review,matched provenance identifier,normalized_record:rec_src_search_283a8bed6a9d_017,normalized_record,human_review_item:review_conflict_conf_005,human_review_item,
requires_review,matched provenance identifier,normalized_record:rec_src_search_283a8bed6a9d_016,normalized_record,human_review_item:review_conflict_conf_005,human_review_item,
requires_review,matched provenance identifier,normalized_record:rec_src_search_283a8bed6a9d_017,normalized_record,human_review_item:review_validation_val_result_066,human_review_item,
requires_review,matched provenance identifier,normalized_record:rec_src_search_283a8bed6a9d_016,normalized_record,human_review_item:review_validation_val_result_066,human_review_item,
requires_review,matched provenance identifier,claim:claim_rec_src_search_87bd434eacdf_002_cases_unspecified,claim,human_review_item:review_claim_corroboration_review_corr_event_002,human_review_item,
requires_review,matched provenance identifier,source:src_search_87bd434eacdf,source,human_review_item:review_claim_corroboration_review_corr_event_002,human_review_item,
requires_review,matched provenance identifier,claim:claim_rec_src_search_87bd434eacdf_004_cases_unspecified,claim,human_review_item:review_claim_corroboration_review_corr_event_003,human_review_item,
requires_review,matched provenance identifier,source:src_search_87bd434eacdf,source,human_review_item:review_claim_corroboration_review_corr_event_003,human_review_item,
requires_review,matched provenance identifier,source:src_search_3e232b5b243d,source,human_review_item:review_claim_corroboration_review_corr_event_004,human_review_item,
requires_review,matched provenance identifier,claim:claim_rec_src_search_3e232b5b243d_002_deaths,claim,human_review_item:review_claim_corroboration_review_corr_event_004,human_review_item,
requires_review,matched provenance identifier,claim:claim_rec_src_search_3e232b5b243d_001_cases_confirmed,claim,human_review_item:review_claim_corroboration_review_corr_event_004,human_review_item,
requires_review,matched provenance identifier,claim:claim_rec_src_search_3f4cf9d46ec9_002_cases_unspecified,claim,human_review_item:review_claim_corroboration_review_corr_event_006,human_review_item,
requires_review,matched provenance identifier,source:src_search_3f4cf9d46ec9,source,human_review_item:review_claim_corroboration_review_corr_event_006,human_review_item,
requires_review,matched provenance identifier,source:src_search_da86b7826545,source,human_review_item:review_claim_corroboration_review_corr_event_007,human_review_item,
requires_review,matched provenance identifier,claim:claim_rec_src_search_da86b7826545_002_cases_unspecified,claim,human_review_item:review_claim_corroboration_review_corr_event_007,human_review_item,
requires_review,matched provenance identifier,source:src_search_da86b7826545,source,human_review_item:review_claim_corroboration_review_corr_event_008,human_review_item,
requires_review,matched provenance identifier,claim:claim_rec_src_search_da86b7826545_003_cases_unspecified,claim,human_review_item:review_claim_corroboration_review_corr_event_008,human_review_item,
requires_review,matched provenance identifier,claim:claim_rec_src_search_da86b7826545_004_cases_unspecified,claim,human_review_item:review_claim_corroboration_review_corr_event_009,human_review_item,
requires_review,matched provenance identifier,source:src_search_da86b7826545,source,human_review_item:review_claim_corroboration_review_corr_event_009,human_review_item,
requires_review,matched provenance identifier,source:src_search_8242cbb785a1,source,human_review_item:review_claim_corroboration_review_corr_event_010,human_review_item,
requires_review,matched provenance identifier,claim:claim_rec_src_search_8242cbb785a1_004_deaths,claim,human_review_item:review_claim_corroboration_review_corr_event_010,human_review_item,
requires_review,matched provenance identifier,claim:claim_rec_src_search_8242cbb785a1_003_cases_confirmed,claim,human_review_item:review_claim_corroboration_review_corr_event_010,human_review_item,
requires_review,matched provenance identifier,claim:claim_rec_src_search_8242cbb785a1_003_deaths,claim,human_review_item:review_claim_corroboration_review_corr_event_010,human_review_item,
requires_review,matched provenance identifier,claim:claim_rec_src_search_8242cbb785a1_002_deaths,claim,human_review_item:review_claim_corroboration_review_corr_event_010,human_review_item,
requires_review,matched provenance identifier,claim:claim_rec_src_search_8242cbb785a1_002_cases_confirmed,claim,human_review_item:review_claim_corroboration_review_corr_event_010,human_review_item,
requires_review,matched provenance identifier,claim:claim_rec_src_search_8242cbb785a1_004_cases_confirmed,claim,human_review_item:review_claim_corroboration_review_corr_event_010,human_review_item,
requires_review,matched provenance identifier,source:src_search_6e578fc529e9,source,human_review_item:review_claim_corroboration_review_corr_event_011,human_review_item,
requires_review,matched provenance identifier,claim:claim_rec_src_search_6e578fc529e9_001_cases_confirmed,claim,human_review_item:review_claim_corroboration_review_corr_event_011,human_review_item,
requires_review,matched provenance identifier,claim:claim_rec_src_search_6e578fc529e9_001_deaths,claim,human_review_item:review_claim_corroboration_review_corr_event_011,human_review_item,
requires_review,matched provenance identifier,claim:claim_rec_src_search_d1d6036be2f6_006_cases_unspecified,claim,human_review_item:review_claim_corroboration_review_corr_event_012,human_review_item,
requires_review,matched provenance identifier,source:src_search_d1d6036be2f6,source,human_review_item:review_claim_corroboration_review_corr_event_012,human_review_item,
requires_review,matched provenance identifier,claim:claim_rec_src_search_d1d6036be2f6_007_cases_unspecified,claim,human_review_item:review_claim_corroboration_review_corr_event_013,human_review_item,
requires_review,matched provenance identifier,source:src_search_d1d6036be2f6,source,human_review_item:review_claim_corroboration_review_corr_event_013,human_review_item,
requires_review,matched provenance identifier,source:src_search_20b2c5ecff8b,source,human_review_item:review_source_credibility_src_search_20b2c5ecff8b,human_review_item,
requires_review,matched provenance identifier,source:src_search_933f09adbe25,source,human_review_item:review_source_credibility_src_search_933f09adbe25,human_review_item,
requires_review,matched provenance identifier,source:src_search_c6c6c612320d,source,human_review_item:review_source_credibility_src_search_c6c6c612320d,human_review_item,
requires_review,matched provenance identifier,corroborated_event:event_009,corroborated_event,human_review_item:review_anomaly_anom_026,human_review_item,
requires_review,matched provenance identifier,corroborated_event:event_011,corroborated_event,human_review_item:review_anomaly_anom_027,human_review_item,
requires_review,matched provenance identifier,normalized_record:rec_src_search_3f4cf9d46ec9_003,normalized_record,human_review_item:review_duplicate_event_006,human_review_item,
requires_review,matched provenance identifier,corroborated_event:event_006,corroborated_event,human_review_item:review_duplicate_event_006,human_review_item,
requires_review,matched provenance identifier,source:src_search_cd5fb2750261,source,human_review_item:review_anomaly_anom_022,human_review_item,
requires_review,matched provenance identifier,source:src_search_283a8bed6a9d,source,human_review_item:review_anomaly_anom_022,human_review_item,
requires_review,matched provenance identifier,source:src_search_cd5fb2750261,source,human_review_item:review_anomaly_anom_023,human_review_item,
requires_review,matched provenance identifier,source:src_search_283a8bed6a9d,source,human_review_item:review_anomaly_anom_023,human_review_item,
requires_review,matched provenance identifier,source:src_search_283a8bed6a9d,source,human_review_item:review_anomaly_anom_024,human_review_item,
requires_review,matched provenance identifier,source:src_search_d1d6036be2f6,source,human_review_item:review_anomaly_anom_024,human_review_item,
requires_review,matched provenance identifier,source:src_search_283a8bed6a9d,source,human_review_item:review_anomaly_anom_025,human_review_item,
requires_review,matched provenance identifier,source:src_search_d1d6036be2f6,source,human_review_item:review_anomaly_anom_025,human_review_item,
requires_review,matched provenance identifier,normalized_record:rec_src_search_8242cbb785a1_001,normalized_record,human_review_item:review_validation_val_result_016,human_review_item,
requires_review,matched provenance identifier,normalized_record:rec_src_search_8242cbb785a1_004,normalized_record,human_review_item:review_validation_val_result_019,human_review_item,
requires_review,matched provenance identifier,normalized_record:rec_src_search_283a8bed6a9d_005,normalized_record,human_review_item:review_validation_val_result_038,human_review_item,
requires_review,matched provenance identifier,normalized_record:rec_src_search_283a8bed6a9d_007,normalized_record,human_review_item:review_validation_val_result_040,human_review_item,
requires_review,matched provenance identifier,normalized_record:rec_src_search_283a8bed6a9d_009,normalized_record,human_review_item:review_validation_val_result_042,human_review_item,
requires_review,matched provenance identifier,normalized_record:rec_src_search_283a8bed6a9d_010,normalized_record,human_review_item:review_validation_val_result_043,human_review_item,
requires_review,matched provenance identifier,normalized_record:rec_src_search_283a8bed6a9d_015,normalized_record,human_review_item:review_validation_val_result_048,human_review_item,
requires_review,matched provenance identifier,source:src_search_14e93bfe3eec,source,human_review_item:review_source_credibility_src_search_14e93bfe3eec,human_review_item,
requires_review,matched provenance identifier,source:src_search_3b88e198ee65,source,human_review_item:review_source_credibility_src_search_3b88e198ee65,human_review_item,
requires_review,matched provenance identifier,source:src_search_3e232b5b243d,source,human_review_item:review_source_credibility_src_search_3e232b5b243d,human_review_item,
requires_review,matched provenance identifier,source:src_search_4344744ea569,source,human_review_item:review_source_credibility_src_search_4344744ea569,human_review_item,
requires_review,matched provenance identifier,source:src_search_62409e4d2cf9,source,human_review_item:review_source_credibility_src_search_62409e4d2cf9,human_review_item,
requires_review,matched provenance identifier,source:src_search_69d20bdba5cb,source,human_review_item:review_source_credibility_src_search_69d20bdba5cb,human_review_item,
requires_review,matched provenance identifier,source:src_search_74152a4ae4ab,source,human_review_item:review_source_credibility_src_search_74152a4ae4ab,human_review_item,
requires_review,matched provenance identifier,source:src_search_78fdd46eb63c,source,human_review_item:review_source_credibility_src_search_78fdd46eb63c,human_review_item,
requires_review,matched provenance identifier,source:src_search_7acdcc881c7b,source,human_review_item:review_source_credibility_src_search_7acdcc881c7b,human_review_item,
requires_review,matched provenance identifier,source:src_search_7cb311dd75e6,source,human_review_item:review_source_credibility_src_search_7cb311dd75e6,human_review_item,
requires_review,matched provenance identifier,source:src_search_87bd434eacdf,source,human_review_item:review_source_credibility_src_search_87bd434eacdf,human_review_item,
requires_review,matched provenance identifier,source:src_search_9570e9e8018b,source,human_review_item:review_source_credibility_src_search_9570e9e8018b,human_review_item,
requires_review,matched provenance identifier,source:src_search_c62c62e520ae,source,human_review_item:review_source_credibility_src_search_c62c62e520ae,human_review_item,
requires_review,matched provenance identifier,source:src_search_d3d9a2e23a80,source,human_review_item:review_source_credibility_src_search_d3d9a2e23a80,human_review_item,
requires_review,matched provenance identifier,source:src_search_da86b7826545,source,human_review_item:review_source_credibility_src_search_da86b7826545,human_review_item,
requires_review,matched provenance identifier,source:src_search_eec8c3f3b772,source,human_review_item:review_source_credibility_src_search_eec8c3f3b772,human_review_item,
requires_review,matched provenance identifier,normalized_record:rec_src_search_3f4cf9d46ec9_003,normalized_record,human_review_item:review_validation_val_result_010,human_review_item,
requires_review,matched provenance identifier,normalized_record:rec_src_search_283a8bed6a9d_006,normalized_record,human_review_item:review_validation_val_result_039,human_review_item,
requires_review,matched provenance identifier,normalized_record:rec_src_search_283a8bed6a9d_008,normalized_record,human_review_item:review_validation_val_result_041,human_review_item,
requires_review,matched provenance identifier,source:src_search_a9abbaac7c0e,source,human_review_item:review_source_credibility_src_search_a9abbaac7c0e,human_review_item,
requires_review,matched provenance identifier,source:src_search_ef917f9b28c7,source,human_review_item:review_source_credibility_src_search_ef917f9b28c7,human_review_item,
requires_review,matched provenance identifier,source:src_search_1cb88aa8426c,source,human_review_item:review_core_metric_gap_src_search_1cb88aa8426c,human_review_item,
requires_review,matched provenance identifier,source:src_search_9d3a148dc974,source,human_review_item:review_core_metric_gap_src_search_9d3a148dc974,human_review_item,
requires_review,matched provenance identifier,source:src_search_c912e73d8e7e,source,human_review_item:review_core_metric_gap_src_search_c912e73d8e7e,human_review_item,
requires_review,matched provenance identifier,source:src_search_14e93bfe3eec,source,human_review_item:review_source_src_search_14e93bfe3eec,human_review_item,
requires_review,matched provenance identifier,source:src_search_20b2c5ecff8b,source,human_review_item:review_source_src_search_20b2c5ecff8b,human_review_item,
requires_review,matched provenance identifier,source:src_search_2eb069f08192,source,human_review_item:review_source_src_search_2eb069f08192,human_review_item,
requires_review,matched provenance identifier,source:src_search_3b88e198ee65,source,human_review_item:review_source_src_search_3b88e198ee65,human_review_item,
requires_review,matched provenance identifier,source:src_search_3e232b5b243d,source,human_review_item:review_source_src_search_3e232b5b243d,human_review_item,
requires_review,matched provenance identifier,source:src_search_4250b5c89dbb,source,human_review_item:review_source_src_search_4250b5c89dbb,human_review_item,
requires_review,matched provenance identifier,source:src_search_4344744ea569,source,human_review_item:review_source_src_search_4344744ea569,human_review_item,
requires_review,matched provenance identifier,source:src_search_4e73f2d0f38f,source,human_review_item:review_source_src_search_4e73f2d0f38f,human_review_item,
requires_review,matched provenance identifier,source:src_search_5b3b94cad94b,source,human_review_item:review_source_src_search_5b3b94cad94b,human_review_item,
requires_review,matched provenance identifier,source:src_search_62409e4d2cf9,source,human_review_item:review_source_src_search_62409e4d2cf9,human_review_item,
requires_review,matched provenance identifier,source:src_search_642c004e56cf,source,human_review_item:review_source_src_search_642c004e56cf,human_review_item,
requires_review,matched provenance identifier,source:src_search_69d20bdba5cb,source,human_review_item:review_source_src_search_69d20bdba5cb,human_review_item,
requires_review,matched provenance identifier,source:src_search_74152a4ae4ab,source,human_review_item:review_source_src_search_74152a4ae4ab,human_review_item,
requires_review,matched provenance identifier,source:src_search_78fdd46eb63c,source,human_review_item:review_source_src_search_78fdd46eb63c,human_review_item,
requires_review,matched provenance identifier,source:src_search_7acdcc881c7b,source,human_review_item:review_source_src_search_7acdcc881c7b,human_review_item,
requires_review,matched provenance identifier,source:src_search_7cb311dd75e6,source,human_review_item:review_source_src_search_7cb311dd75e6,human_review_item,
requires_review,matched provenance identifier,source:src_search_87bd434eacdf,source,human_review_item:review_source_src_search_87bd434eacdf,human_review_item,
requires_review,matched provenance identifier,source:src_search_8d237fa2e9fb,source,human_review_item:review_source_src_search_8d237fa2e9fb,human_review_item,
requires_review,matched provenance identifier,source:src_search_933f09adbe25,source,human_review_item:review_source_src_search_933f09adbe25,human_review_item,
requires_review,matched provenance identifier,source:src_search_9570e9e8018b,source,human_review_item:review_source_src_search_9570e9e8018b,human_review_item,
requires_review,matched provenance identifier,source:src_search_a9abbaac7c0e,source,human_review_item:review_source_src_search_a9abbaac7c0e,human_review_item,
requires_review,matched provenance identifier,source:src_search_ac2170651876,source,human_review_item:review_source_src_search_ac2170651876,human_review_item,
requires_review,matched provenance identifier,source:src_search_b23316ccaad4,source,human_review_item:review_source_src_search_b23316ccaad4,human_review_item,
requires_review,matched provenance identifier,source:src_search_c62c62e520ae,source,human_review_item:review_source_src_search_c62c62e520ae,human_review_item,
requires_review,matched provenance identifier,source:src_search_c6c6c612320d,source,human_review_item:review_source_src_search_c6c6c612320d,human_review_item,
requires_review,matched provenance identifier,source:src_search_d3d9a2e23a80,source,human_review_item:review_source_src_search_d3d9a2e23a80,human_review_item,
requires_review,matched provenance identifier,source:src_search_da86b7826545,source,human_review_item:review_source_src_search_da86b7826545,human_review_item,
requires_review,matched provenance identifier,source:src_search_eec8c3f3b772,source,human_review_item:review_source_src_search_eec8c3f3b772,human_review_item,
requires_review,matched provenance identifier,source:src_search_ef917f9b28c7,source,human_review_item:review_source_src_search_ef917f9b28c7,human_review_item,
