actual_publisher,actual_publisher_normalized,as_of_date,cases_confirmed,cases_probable,cases_suspected,cases_unspecified,claim_id,claim_status,claim_support_role,claim_type,confidence,count_field,count_semantics,count_unit,count_value,country,credibility_level,credibility_score,date_or_period,date_reported,deaths,discovery_method,disease,disease_standard_name,document_id,event_cluster_id,event_end_date,event_start_date,evidence_context,evidence_quote,extraction_method,geographic_scope,hospitalizations,human_review_reason,is_background_context_claim,is_case_claim,is_death_claim,is_exposure_monitoring_claim,is_zero_case_statement,likely_syndicated_or_aggregated,linked_event_id,locality,observation_semantics_reason,observation_type,pathogen_or_syndrome,primary_case_dataset_eligible,publisher,query_used,recommended_extraction_use,recommended_fetch_use,recommended_source_role,reporting_period,requires_human_review,search_provider,source_id,source_independence_group,source_record_id,source_role_final,source_title,source_type,source_type_final,source_url,statistical_count_type,subnational_location,supporting_chunk_id,upstream_source_mentions,warnings
,,2025-08-12,762.0,,,,claim_rec_src_search_3e232b5b243d_001_cases_confirmed,active,primary_case_claim_support,public_health_observation,0.7,cases_confirmed,case_count,,762.0,United States of America,high,0.8823,2025-08-12,2025-08-12,,live_search_result,Measles,Measles,,event_016,,2025-01-01,,"At this time, 762 cases have been confirmed since late January.",llm_structured_output_extractor,Texas,,,False,True,False,False,False,False,event_016,,record reports confirmed case count,confirmed_case_record,,True,,measles outbreak 2025 state health department cases deaths United States January February March,extract_primary_case_claims,fetch_for_extraction,collection,"Since late January 2025 through August 12, 2025",False,tavily,src_search_3e232b5b243d,domain:dshs_texas_gov,rec_src_search_3e232b5b243d_001,collection,"Measles Outbreak – August 12, 2025 | Texas DSHS",official_public_health_agency,official_public_health_agency,https://www.dshs.texas.gov/news-alerts/measles-outbreak-2025,cumulative,Texas,chunk_src_search_3e232b5b243d_006,[],"[""ambiguous_metric_column_semantics""]"
,,,,,,2000.0,claim_rec_src_search_5155d9022c8b_001_cases_unspecified,active,insufficient_information,public_health_observation,0.85,cases_unspecified,case_count,,2000.0,United States of America,high,0.8594,2025-03-31,2025-03-31,,live_search_result,Measles,Measles,,event_002,,2025-01-01,,"CHICAGO -- The United States reported more than 2,000 measles cases in 2025, federal data shows, a higher annual total than the country has seen in decades.",llm_structured_output_extractor,United States,,,False,True,False,False,False,False,event_002,,record reports unspecified case count,unspecified_case_record,,True,,WHO PAHO measles United States 2025 outbreak situation report cases,needs_human_review,fetch_only_after_review,needs_human_review,2025,False,tavily,src_search_5155d9022c8b,domain:abc7_com,rec_src_search_5155d9022c8b_001,collection,Over 2K measles cases reported in US in 2025 as ongoing ... - ABC7,international_organization_report,unknown,https://abc7.com/post/2k-measles-cases-reported-us-2025-ongoing-outbreaks-threaten-elimination-status/18339323,cumulative,,chunk_src_search_5155d9022c8b_007,[],"[""filled_metric_period_from_source_reporting_period"", ""ambiguous_metric_column_semantics""]"
,,,,,,350.0,claim_rec_src_search_5155d9022c8b_002_cases_unspecified,active,insufficient_information,public_health_observation,0.85,cases_unspecified,case_count,,350.0,United States of America,high,0.8594,2025-03-31,2025-03-31,,live_search_result,Measles,Measles,,event_045,,2025-01-01,,"An outbreak on the Utah-Arizona line also continues to grow, with more than 350 cases reported between the two states in 2025.",llm_structured_output_extractor,Utah-Arizona,,,False,True,False,False,False,False,event_045,,record reports unspecified case count,unspecified_case_record,,True,,WHO PAHO measles United States 2025 outbreak situation report cases,needs_human_review,fetch_only_after_review,needs_human_review,2025,False,tavily,src_search_5155d9022c8b,domain:abc7_com,rec_src_search_5155d9022c8b_002,collection,Over 2K measles cases reported in US in 2025 as ongoing ... - ABC7,international_organization_report,unknown,https://abc7.com/post/2k-measles-cases-reported-us-2025-ongoing-outbreaks-threaten-elimination-status/18339323,cumulative,Utah; Arizona,chunk_src_search_5155d9022c8b_009,[],"[""filled_metric_period_from_source_reporting_period"", ""ambiguous_metric_column_semantics""]"
,,2025-03-21,,,,378.0,claim_rec_src_search_b285c8bbed4b_001_cases_unspecified,pending_review,context_only,public_health_observation,0.85,cases_unspecified,case_count,,378.0,United States of America,medium,0.6879,2025-03-31,2025-03-31,,live_search_result,Measles,Measles,,event_006,,,,Total Cases**: 378,llm_structured_output_extractor,United States,,,False,True,False,False,False,False,event_006,,record reports unspecified case count,unspecified_case_record,,True,,ProMED measles United States 2025 outbreak cases January February March,extract_context_only,fetch_for_context,context,"As of March 21, 2025",True,tavily,src_search_b285c8bbed4b,domain:privatehealth_com,rec_src_search_b285c8bbed4b_001,collection,Measles Cases Surge in 2025: Key Facts and Prevention Tips - PHM,structured_epidemiological_database,background_fact_sheet,https://privatehealth.com/measles-cases-surge-in-2025-key-facts-and-prevention-tips,cumulative,,chunk_src_search_b285c8bbed4b_007,[],"[""filled_metric_period_from_source_reporting_period"", ""ambiguous_metric_column_semantics""]"
Centers for Disease Control and Prevention,centers_for_disease_control_and_prevention,2025-12-31,2255.0,,,,claim_rec_src_search_cd5fb2750261_001_cases_confirmed,active,primary_case_claim_support,public_health_observation,0.85,cases_confirmed,case_count,,2255.0,United States of America,high,0.8706,2025-03-31,2025-03-31,,live_search_result,Measles,Measles,,event_004,,,,"The CDC confirmed 588 cases in the U.S. as of Jan. 29, meaning there are nearly 26% of last year's total cases (2,255) after just one month in 2026.",llm_structured_output_extractor,United States,,,False,True,False,False,False,False,event_004,,record reports confirmed case count,confirmed_case_record,,True,Centers for Disease Control and Prevention,CDC measles cases United States 2025 surveillance outbreak confirmed,extract_primary_case_claims,fetch_for_extraction,collection,2025 full year,False,tavily,src_search_cd5fb2750261,domain:forbes_com,rec_src_search_cd5fb2750261_001,collection,CDC Records Two New Measles Outbreaks — As 2026 Already Outpaces 2025,official_public_health_agency,official_public_health_agency,https://www.forbes.com/sites/antoniopequenoiv/2026/01/30/measles-cases-this-year-are-outpacing-2025---the-worst-recent-year-on-record,annual,,chunk_src_search_cd5fb2750261_008,[],"[""filled_metric_period_from_source_reporting_period"", ""ambiguous_metric_column_semantics""]"
Centers for Disease Control and Prevention,centers_for_disease_control_and_prevention,,115.0,,,,claim_rec_src_search_cd5fb2750261_002_cases_confirmed,active,primary_case_claim_support,public_health_observation,0.85,cases_confirmed,case_count,,115.0,United States of America,high,0.8706,2025-03-31,2025-03-31,,live_search_result,Measles,Measles,,event_008,,,,"Cases reached as high as 254 during the week of Jan. 11, according to the CDC, a stark difference between the highest number of cases recorded in a single week last year, when 115 cases were confirmed the week of March 30.",llm_structured_output_extractor,United States,,,False,True,False,False,False,False,event_008,,record reports confirmed case count,confirmed_case_record,,True,Centers for Disease Control and Prevention,CDC measles cases United States 2025 surveillance outbreak confirmed,extract_primary_case_claims,fetch_for_extraction,collection,"week of March 30, 2025",False,tavily,src_search_cd5fb2750261,domain:forbes_com,rec_src_search_cd5fb2750261_002,collection,CDC Records Two New Measles Outbreaks — As 2026 Already Outpaces 2025,official_public_health_agency,official_public_health_agency,https://www.forbes.com/sites/antoniopequenoiv/2026/01/30/measles-cases-this-year-are-outpacing-2025---the-worst-recent-year-on-record,newly_reported,,chunk_src_search_cd5fb2750261_009,[],"[""filled_metric_period_from_source_reporting_period"", ""ambiguous_metric_column_semantics""]"
Pan American Health Organization,pan_american_health_organization,,14503.0,,,,claim_rec_src_search_8242cbb785a1_001_cases_confirmed,active,primary_case_claim_support,public_health_observation,0.85,cases_confirmed,case_count,,14503.0,United States of America,high,0.8048,2025-03-31,2025-03-31,32.0,live_search_result,Measles,Measles,,event_001,2025-12-31,2025-01-01,,"| [Download](/sites/default/files/2026/05/measles-outbreak-situation-report-7may-2026.pdf ""Situation Report #2: Measles in the Americas Region"") | Between epidemiological weeks (EW) 1 and EW 16 of 2026, countries in the Region of the Americas reported 18,352 confirmed measles cases including 15 deaths. In 2025, 14,503 measles cases were reported, including 32 deaths. This follows a marked rise in cases during 2025, with continued acceleration observed in early 2026.  Since the publication of Situation Report No. 1 (EW 12, 2026), an additional 3,887 confirmed cases including six deaths have been reported, reflecting continued expansion of outbreaks in Mexico and Guatemala, sustained transmission in Canada, and newly reported cases in Peru.  The highest number of confirmed cases in 2026 have been reported in Mexico (10,049 cases), Guatemala (5,399 cases), the United States of America (1,792 cases), and Canada (944 cases).  Transmission continues to disproportionately affect children, particularly those aged 1–9 years, with the highest incidence rates observed among infants aged under one year.  Available vaccination data indicate that a substantial proportion of confirmed cases occurred among unvaccinated individuals. |",llm_structured_output_extractor,Americas,,,False,True,False,False,False,False,event_001,,record reports confirmed case count,confirmed_case_record,,True,Pan American Health Organization,WHO PAHO measles United States 2025 outbreak situation report cases,extract_primary_case_claims,fetch_for_extraction,collection,2025 (full year),False,tavily,src_search_8242cbb785a1,publisher:pan_american_health_organization,rec_src_search_8242cbb785a1_001,collection,Situation Report #2: Measles in the Americas Region - PAHO/WHO | Pan American Health Organization,international_organization_report,international_public_health_agency,https://www.paho.org/en/documents/situation-report-2-measles-americas-region,annual,,chunk_src_search_8242cbb785a1_006,[],"[""ambiguous_metric_column_semantics""]"
Pan American Health Organization,pan_american_health_organization,,14503.0,,,,claim_rec_src_search_8242cbb785a1_001_deaths,active,primary_case_claim_support,public_health_observation,0.85,deaths,case_count,,32.0,United States of America,high,0.8048,2025-03-31,2025-03-31,32.0,live_search_result,Measles,Measles,,event_001,2025-12-31,2025-01-01,,"| [Download](/sites/default/files/2026/05/measles-outbreak-situation-report-7may-2026.pdf ""Situation Report #2: Measles in the Americas Region"") | Between epidemiological weeks (EW) 1 and EW 16 of 2026, countries in the Region of the Americas reported 18,352 confirmed measles cases including 15 deaths. In 2025, 14,503 measles cases were reported, including 32 deaths. This follows a marked rise in cases during 2025, with continued acceleration observed in early 2026.  Since the publication of Situation Report No. 1 (EW 12, 2026), an additional 3,887 confirmed cases including six deaths have been reported, reflecting continued expansion of outbreaks in Mexico and Guatemala, sustained transmission in Canada, and newly reported cases in Peru.  The highest number of confirmed cases in 2026 have been reported in Mexico (10,049 cases), Guatemala (5,399 cases), the United States of America (1,792 cases), and Canada (944 cases).  Transmission continues to disproportionately affect children, particularly those aged 1–9 years, with the highest incidence rates observed among infants aged under one year.  Available vaccination data indicate that a substantial proportion of confirmed cases occurred among unvaccinated individuals. |",llm_structured_output_extractor,Americas,,,False,False,True,False,False,False,event_001,,record reports death count,death_record,,True,Pan American Health Organization,WHO PAHO measles United States 2025 outbreak situation report cases,extract_primary_case_claims,fetch_for_extraction,collection,2025 (full year),False,tavily,src_search_8242cbb785a1,publisher:pan_american_health_organization,rec_src_search_8242cbb785a1_001,collection,Situation Report #2: Measles in the Americas Region - PAHO/WHO | Pan American Health Organization,international_organization_report,international_public_health_agency,https://www.paho.org/en/documents/situation-report-2-measles-americas-region,annual,,chunk_src_search_8242cbb785a1_006,[],"[""ambiguous_metric_column_semantics""]"
Pan American Health Organization,pan_american_health_organization,,,,,,claim_rec_src_search_8242cbb785a1_002_deaths,active,primary_case_claim_support,public_health_observation,0.85,deaths,death_count,,32.0,United States of America,high,0.8048,2025-03-31,2025-03-31,32.0,live_search_result,Measles,Measles,,event_001,2025-12-31,2025-01-01,,"| [Download](/sites/default/files/2026/05/measles-outbreak-situation-report-7may-2026.pdf ""Situation Report #2: Measles in the Americas Region"") | Between epidemiological weeks (EW) 1 and EW 16 of 2026, countries in the Region of the Americas reported 18,352 confirmed measles cases including 15 deaths. In 2025, 14,503 measles cases were reported, including 32 deaths. This follows a marked rise in cases during 2025, with continued acceleration observed in early 2026.  Since the publication of Situation Report No. 1 (EW 12, 2026), an additional 3,887 confirmed cases including six deaths have been reported, reflecting continued expansion of outbreaks in Mexico and Guatemala, sustained transmission in Canada, and newly reported cases in Peru.  The highest number of confirmed cases in 2026 have been reported in Mexico (10,049 cases), Guatemala (5,399 cases), the United States of America (1,792 cases), and Canada (944 cases).  Transmission continues to disproportionately affect children, particularly those aged 1–9 years, with the highest incidence rates observed among infants aged under one year.  Available vaccination data indicate that a substantial proportion of confirmed cases occurred among unvaccinated individuals. |",llm_structured_output_extractor,Americas,,,False,False,True,False,False,False,event_001,,record reports death count,death_record,,True,Pan American Health Organization,WHO PAHO measles United States 2025 outbreak situation report cases,extract_primary_case_claims,fetch_for_extraction,collection,2025 (full year),False,tavily,src_search_8242cbb785a1,publisher:pan_american_health_organization,rec_src_search_8242cbb785a1_002,collection,Situation Report #2: Measles in the Americas Region - PAHO/WHO | Pan American Health Organization,international_organization_report,international_public_health_agency,https://www.paho.org/en/documents/situation-report-2-measles-americas-region,annual,,chunk_src_search_8242cbb785a1_006,[],"[""ambiguous_metric_column_semantics""]"
Pan American Health Organization,pan_american_health_organization,,,,,14503.0,claim_rec_src_search_6e578fc529e9_001_cases_unspecified,active,primary_case_claim_support,public_health_observation,0.85,cases_unspecified,case_count,,14503.0,United States of America,high,0.8048,2025-03-31,2025-03-31,32.0,live_search_result,Measles,Measles,,event_048,,,,"| [Download](/sites/default/files/2026/04/pahomeaslessitrep1engupdated_0.pdf ""Situation Report #1: Measles in the Americas Region"") | Between epidemiological weeks (EW) 1 and EW 12 of 2026, countries in the Region of the Americas reported 14,465 confirmed measles cases. In 2025, 14,503 measles cases were reported, including 32 deaths. This follows a marked rise in cases during 2025, with continued acceleration observed in early 2026.  Genotyping information indicate that the D8 lineage has been identified across multiple countries and is associated with outbreaks in at least ten countries, suggesting widespread circulation of this strain in the Region.  The highest number of cases in 2026 have been reported in Mexico (n= 8,315), Guatemala (n= 3,687), the United States of America (n= 1,664), and Canada (n= 733), with ongoing transmission documented in Bolivia and other countries across the Region.  All age groups are affected; however, the highest number of cases has been reported among children, particularly those aged 1–9 years, followed by children and adolescents aged 10–19 years. Incidence rates are highest among children under one year of age.  A substantial proportion of cases occur among unvaccinated individuals, with available data indicating that approximately two-thirds of confirmed cases have no documented history of measles vaccination. |",llm_structured_output_extractor,Region of the Americas,,,False,True,False,False,False,False,event_048,,record reports unspecified case count,unspecified_case_record,Measles morbillivirus,True,Pan American Health Organization,WHO PAHO measles United States 2025 outbreak situation report cases,extract_primary_case_claims,fetch_for_extraction,collection,2025,False,tavily,src_search_6e578fc529e9,publisher:pan_american_health_organization,rec_src_search_6e578fc529e9_001,collection,Situation Report #1: Measles in the Americas Region - PAHO/WHO | Pan American Health Organization,international_organization_report,international_public_health_agency,https://www.paho.org/en/documents/situation-report-1-measles-americas-region,annual,,chunk_src_search_6e578fc529e9_006,[],"[""ambiguous_metric_column_semantics""]"
Pan American Health Organization,pan_american_health_organization,,,,,14503.0,claim_rec_src_search_6e578fc529e9_001_deaths,active,primary_case_claim_support,public_health_observation,0.85,deaths,case_count,,32.0,United States of America,high,0.8048,2025-03-31,2025-03-31,32.0,live_search_result,Measles,Measles,,event_048,,,,"| [Download](/sites/default/files/2026/04/pahomeaslessitrep1engupdated_0.pdf ""Situation Report #1: Measles in the Americas Region"") | Between epidemiological weeks (EW) 1 and EW 12 of 2026, countries in the Region of the Americas reported 14,465 confirmed measles cases. In 2025, 14,503 measles cases were reported, including 32 deaths. This follows a marked rise in cases during 2025, with continued acceleration observed in early 2026.  Genotyping information indicate that the D8 lineage has been identified across multiple countries and is associated with outbreaks in at least ten countries, suggesting widespread circulation of this strain in the Region.  The highest number of cases in 2026 have been reported in Mexico (n= 8,315), Guatemala (n= 3,687), the United States of America (n= 1,664), and Canada (n= 733), with ongoing transmission documented in Bolivia and other countries across the Region.  All age groups are affected; however, the highest number of cases has been reported among children, particularly those aged 1–9 years, followed by children and adolescents aged 10–19 years. Incidence rates are highest among children under one year of age.  A substantial proportion of cases occur among unvaccinated individuals, with available data indicating that approximately two-thirds of confirmed cases have no documented history of measles vaccination. |",llm_structured_output_extractor,Region of the Americas,,,False,False,True,False,False,False,event_048,,record reports death count,death_record,Measles morbillivirus,True,Pan American Health Organization,WHO PAHO measles United States 2025 outbreak situation report cases,extract_primary_case_claims,fetch_for_extraction,collection,2025,False,tavily,src_search_6e578fc529e9,publisher:pan_american_health_organization,rec_src_search_6e578fc529e9_001,collection,Situation Report #1: Measles in the Americas Region - PAHO/WHO | Pan American Health Organization,international_organization_report,international_public_health_agency,https://www.paho.org/en/documents/situation-report-1-measles-americas-region,annual,,chunk_src_search_6e578fc529e9_006,[],"[""ambiguous_metric_column_semantics""]"
Pan American Health Organization,pan_american_health_organization,,14465.0,,,,claim_rec_src_search_6e578fc529e9_002_cases_confirmed,active,primary_case_claim_support,public_health_observation,0.85,cases_confirmed,case_count,,14465.0,United States of America,high,0.8048,2025-03-31,2025-03-31,,live_search_result,Measles,Measles,,event_049,,,,"| [Download](/sites/default/files/2026/04/pahomeaslessitrep1engupdated_0.pdf ""Situation Report #1: Measles in the Americas Region"") | Between epidemiological weeks (EW) 1 and EW 12 of 2026, countries in the Region of the Americas reported 14,465 confirmed measles cases. In 2025, 14,503 measles cases were reported, including 32 deaths. This follows a marked rise in cases during 2025, with continued acceleration observed in early 2026.  Genotyping information indicate that the D8 lineage has been identified across multiple countries and is associated with outbreaks in at least ten countries, suggesting widespread circulation of this strain in the Region.  The highest number of cases in 2026 have been reported in Mexico (n= 8,315), Guatemala (n= 3,687), the United States of America (n= 1,664), and Canada (n= 733), with ongoing transmission documented in Bolivia and other countries across the Region.  All age groups are affected; however, the highest number of cases has been reported among children, particularly those aged 1–9 years, followed by children and adolescents aged 10–19 years. Incidence rates are highest among children under one year of age.  A substantial proportion of cases occur among unvaccinated individuals, with available data indicating that approximately two-thirds of confirmed cases have no documented history of measles vaccination. |",llm_structured_output_extractor,Region of the Americas,,,False,True,False,False,False,False,event_049,,record reports confirmed case count,confirmed_case_record,Measles morbillivirus,True,Pan American Health Organization,WHO PAHO measles United States 2025 outbreak situation report cases,extract_primary_case_claims,fetch_for_extraction,collection,EW1-EW12 2026,False,tavily,src_search_6e578fc529e9,publisher:pan_american_health_organization,rec_src_search_6e578fc529e9_002,collection,Situation Report #1: Measles in the Americas Region - PAHO/WHO | Pan American Health Organization,international_organization_report,international_public_health_agency,https://www.paho.org/en/documents/situation-report-1-measles-americas-region,cumulative,,chunk_src_search_6e578fc529e9_006,[],"[""ambiguous_metric_column_semantics""]"
Pan American Health Organization,pan_american_health_organization,,,,,1664.0,claim_rec_src_search_6e578fc529e9_003_cases_unspecified,active,primary_case_claim_support,public_health_observation,0.85,cases_unspecified,case_count,,1664.0,United States of America,high,0.8048,2025-03-31,2025-03-31,,live_search_result,Measles,Measles,,event_050,,,,"| [Download](/sites/default/files/2026/04/pahomeaslessitrep1engupdated_0.pdf ""Situation Report #1: Measles in the Americas Region"") | Between epidemiological weeks (EW) 1 and EW 12 of 2026, countries in the Region of the Americas reported 14,465 confirmed measles cases. In 2025, 14,503 measles cases were reported, including 32 deaths. This follows a marked rise in cases during 2025, with continued acceleration observed in early 2026.  Genotyping information indicate that the D8 lineage has been identified across multiple countries and is associated with outbreaks in at least ten countries, suggesting widespread circulation of this strain in the Region.  The highest number of cases in 2026 have been reported in Mexico (n= 8,315), Guatemala (n= 3,687), the United States of America (n= 1,664), and Canada (n= 733), with ongoing transmission documented in Bolivia and other countries across the Region.  All age groups are affected; however, the highest number of cases has been reported among children, particularly those aged 1–9 years, followed by children and adolescents aged 10–19 years. Incidence rates are highest among children under one year of age.  A substantial proportion of cases occur among unvaccinated individuals, with available data indicating that approximately two-thirds of confirmed cases have no documented history of measles vaccination. |",llm_structured_output_extractor,United States of America,,,False,True,False,False,False,False,event_050,,record reports unspecified case count,unspecified_case_record,Measles morbillivirus,True,Pan American Health Organization,WHO PAHO measles United States 2025 outbreak situation report cases,extract_primary_case_claims,fetch_for_extraction,collection,EW1-EW12 2026,False,tavily,src_search_6e578fc529e9,publisher:pan_american_health_organization,rec_src_search_6e578fc529e9_003,collection,Situation Report #1: Measles in the Americas Region - PAHO/WHO | Pan American Health Organization,international_organization_report,international_public_health_agency,https://www.paho.org/en/documents/situation-report-1-measles-americas-region,cumulative,,chunk_src_search_6e578fc529e9_006,[],"[""ambiguous_metric_column_semantics""]"
Centers for Disease Control and Prevention,centers_for_disease_control_and_prevention,2025-03-28,,,,,claim_rec_src_search_4e73f2d0f38f_001_observation,active,primary_case_claim_support,public_health_observation,0.85,,cumulative,,,United States of America,high,0.8943,2025-03-31,2025-03-31,,live_search_result,Measles,Measles,,event_053,2025-03-18,2025-01-20,,"##### [Return to your place in the text](#F1_up)**FIGURE**. **Hospitalization status of patients with measles,\* by month and day of rash onset† — west Texas, January 20–March 18, 2025§**",llm_structured_output_extractor,West Texas,,,False,False,False,False,False,False,event_053,,record lacks a deterministic case/death/hospitalization claim,ambiguous_public_health_observation,Measles virus,False,Centers for Disease Control and Prevention,Texas DSHS measles outbreak 2025 confirmed cases deaths Lubbock January February March,extract_primary_case_claims,fetch_for_extraction,collection,"January 20–March 18, 2025",False,tavily,src_search_4e73f2d0f38f,publisher:centers_for_disease_control_and_prevention,rec_src_search_4e73f2d0f38f_001,collection,"Characteristics of Patients Hospitalized with Measles During an Outbreak — West Texas, January–March 2025  | MMWR",official_public_health_agency,national_public_health_agency,https://www.cdc.gov/mmwr/volumes/75/wr/mm7520a1.htm,cumulative,West Texas,chunk_src_search_4e73f2d0f38f_021,[],"[""ambiguous_metric_column_semantics""]"
Centers for Disease Control and Prevention,centers_for_disease_control_and_prevention,,,,,,claim_rec_src_search_4e73f2d0f38f_002_observation,active,primary_case_claim_support,public_health_observation,0.65,,hospitalization_count,,,United States of America,high,0.8943,2025-03-31,2025-03-31,,live_search_result,Measles,Measles,,event_046,2025-03-31,2025-01-01,,| Intensive care unit admission | 4 (7.4) |,llm_structured_output_extractor,West Texas,,,False,False,False,False,False,False,event_046,,record lacks a deterministic case/death/hospitalization claim,ambiguous_public_health_observation,,False,Centers for Disease Control and Prevention,Texas DSHS measles outbreak 2025 confirmed cases deaths Lubbock January February March,extract_primary_case_claims,fetch_for_extraction,collection,January–March 2025,False,tavily,src_search_4e73f2d0f38f,publisher:centers_for_disease_control_and_prevention,rec_src_search_4e73f2d0f38f_002,collection,"Characteristics of Patients Hospitalized with Measles During an Outbreak — West Texas, January–March 2025  | MMWR",official_public_health_agency,national_public_health_agency,https://www.cdc.gov/mmwr/volumes/75/wr/mm7520a1.htm,cumulative,West Texas,chunk_src_search_4e73f2d0f38f_025,[],"[""filled_metric_period_from_source_reporting_period"", ""ambiguous_metric_column_semantics""]"
Centers for Disease Control and Prevention,centers_for_disease_control_and_prevention,,,,,,claim_rec_src_search_4e73f2d0f38f_003_deaths,active,primary_case_claim_support,public_health_observation,0.65,deaths,death_count,,1.0,United States of America,high,0.8943,2025-03-31,2025-03-31,1.0,live_search_result,Measles,Measles,,event_046,2025-03-31,2025-01-01,,| Death | 1 (1.9) |,llm_structured_output_extractor,West Texas,,,False,False,True,False,False,False,event_046,,record reports death count,death_record,,True,Centers for Disease Control and Prevention,Texas DSHS measles outbreak 2025 confirmed cases deaths Lubbock January February March,extract_primary_case_claims,fetch_for_extraction,collection,January–March 2025,False,tavily,src_search_4e73f2d0f38f,publisher:centers_for_disease_control_and_prevention,rec_src_search_4e73f2d0f38f_003,collection,"Characteristics of Patients Hospitalized with Measles During an Outbreak — West Texas, January–March 2025  | MMWR",official_public_health_agency,national_public_health_agency,https://www.cdc.gov/mmwr/volumes/75/wr/mm7520a1.htm,cumulative,West Texas,chunk_src_search_4e73f2d0f38f_026,[],"[""filled_metric_period_from_source_reporting_period"", ""ambiguous_metric_column_semantics""]"
Centers for Disease Control and Prevention,centers_for_disease_control_and_prevention,,,,,,claim_rec_src_search_4e73f2d0f38f_004_observation,active,primary_case_claim_support,public_health_observation,0.65,,lab_positive_count,,,United States of America,high,0.8943,2025-03-31,2025-03-31,,live_search_result,Measles,Measles,,event_046,2025-03-31,2025-01-01,,| Blood cultures positive for other pathogens | 2 (3.7) |,llm_structured_output_extractor,West Texas,,,False,False,False,False,False,False,event_046,,record lacks a deterministic case/death/hospitalization claim,ambiguous_public_health_observation,,False,Centers for Disease Control and Prevention,Texas DSHS measles outbreak 2025 confirmed cases deaths Lubbock January February March,extract_primary_case_claims,fetch_for_extraction,collection,January–March 2025,False,tavily,src_search_4e73f2d0f38f,publisher:centers_for_disease_control_and_prevention,rec_src_search_4e73f2d0f38f_004,collection,"Characteristics of Patients Hospitalized with Measles During an Outbreak — West Texas, January–March 2025  | MMWR",official_public_health_agency,national_public_health_agency,https://www.cdc.gov/mmwr/volumes/75/wr/mm7520a1.htm,cumulative,West Texas,chunk_src_search_4e73f2d0f38f_027,[],"[""filled_metric_period_from_source_reporting_period"", ""ambiguous_metric_column_semantics""]"
Centers for Disease Control and Prevention,centers_for_disease_control_and_prevention,,,,,,claim_rec_src_search_4e73f2d0f38f_005_observation,active,primary_case_claim_support,public_health_observation,0.65,,lab_positive_count,,,United States of America,high,0.8943,2025-03-31,2025-03-31,,live_search_result,Measles,Measles,,event_046,2025-03-31,2025-01-01,,| Sputum cultures positive for other pathogens | 1 (1.9) |,llm_structured_output_extractor,West Texas,,,False,False,False,False,False,False,event_046,,record lacks a deterministic case/death/hospitalization claim,ambiguous_public_health_observation,,False,Centers for Disease Control and Prevention,Texas DSHS measles outbreak 2025 confirmed cases deaths Lubbock January February March,extract_primary_case_claims,fetch_for_extraction,collection,January–March 2025,False,tavily,src_search_4e73f2d0f38f,publisher:centers_for_disease_control_and_prevention,rec_src_search_4e73f2d0f38f_005,collection,"Characteristics of Patients Hospitalized with Measles During an Outbreak — West Texas, January–March 2025  | MMWR",official_public_health_agency,national_public_health_agency,https://www.cdc.gov/mmwr/volumes/75/wr/mm7520a1.htm,cumulative,West Texas,chunk_src_search_4e73f2d0f38f_028,[],"[""filled_metric_period_from_source_reporting_period"", ""ambiguous_metric_column_semantics""]"
Centers for Disease Control and Prevention,centers_for_disease_control_and_prevention,,,,,,claim_rec_src_search_4e73f2d0f38f_006_observation,active,primary_case_claim_support,public_health_observation,0.65,,other,,,United States of America,high,0.8943,2025-03-31,2025-03-31,,live_search_result,Measles,Measles,,event_047,2025-03-31,2025-01-01,,"| ****Days from rash onset to hospital admission, median (range)¶ (51)**** | 2 (−2 to 10) |",llm_structured_output_extractor,West Texas,,,False,False,False,False,False,False,event_047,,record lacks a deterministic case/death/hospitalization claim,ambiguous_public_health_observation,,False,Centers for Disease Control and Prevention,Texas DSHS measles outbreak 2025 confirmed cases deaths Lubbock January February March,extract_primary_case_claims,fetch_for_extraction,collection,January–March 2025,False,tavily,src_search_4e73f2d0f38f,publisher:centers_for_disease_control_and_prevention,rec_src_search_4e73f2d0f38f_006,collection,"Characteristics of Patients Hospitalized with Measles During an Outbreak — West Texas, January–March 2025  | MMWR",official_public_health_agency,national_public_health_agency,https://www.cdc.gov/mmwr/volumes/75/wr/mm7520a1.htm,subset,West Texas,chunk_src_search_4e73f2d0f38f_023,[],"[""filled_metric_period_from_source_reporting_period"", ""ambiguous_metric_column_semantics""]"
Centers for Disease Control and Prevention,centers_for_disease_control_and_prevention,2025-04-17,800.0,,,,claim_rec_src_search_3109afb35d90_001_cases_confirmed,active,primary_case_claim_support,public_health_observation,0.85,cases_confirmed,case_count,,800.0,United States of America,high,0.8943,2025-03-31,2025-03-31,,live_search_result,Measles,Measles,,event_003,2025-04-17,2025-01-01,,"##### [Return to your place in the text](#F1_up)**FIGURE 1**. **Reported number of confirmed\* measles cases, by state (N = 800) — United States, January 1–April 17, 2025**",llm_structured_output_extractor,United States,,,False,True,False,False,False,False,event_003,,record reports confirmed case count,confirmed_case_record,,True,Centers for Disease Control and Prevention,CDC measles cases United States 2025 surveillance outbreak confirmed,extract_primary_case_claims,fetch_for_extraction,collection,"January 1–April 17, 2025",False,tavily,src_search_3109afb35d90,publisher:centers_for_disease_control_and_prevention,rec_src_search_3109afb35d90_001,collection,"Measles Update — United States, January 1–April 17, 2025 | MMWR",official_public_health_agency,national_public_health_agency,https://www.cdc.gov/mmwr/volumes/74/wr/mm7414a1.htm,cumulative,,chunk_src_search_3109afb35d90_021,[],"[""ambiguous_metric_column_semantics""]"
Centers for Disease Control and Prevention,centers_for_disease_control_and_prevention,2025-04-17,,,,800.0,claim_rec_src_search_3109afb35d90_002_cases_unspecified,active,primary_case_claim_support,public_health_observation,0.7,cases_unspecified,case_count,,800.0,United States of America,high,0.8943,2025-03-31,2025-03-31,,live_search_result,Measles,Measles,,event_007,,,,| ****Total measles cases**** | ****800 (100)**** | ****48 (6)**** | ****752 (94)**** |,llm_structured_output_extractor,United States,,,False,True,False,False,False,False,event_007,,record reports unspecified case count,unspecified_case_record,,True,Centers for Disease Control and Prevention,CDC measles cases United States 2025 surveillance outbreak confirmed,extract_primary_case_claims,fetch_for_extraction,collection,"January 1–April 17, 2025",False,tavily,src_search_3109afb35d90,publisher:centers_for_disease_control_and_prevention,rec_src_search_3109afb35d90_002,collection,"Measles Update — United States, January 1–April 17, 2025 | MMWR",official_public_health_agency,national_public_health_agency,https://www.cdc.gov/mmwr/volumes/74/wr/mm7414a1.htm,cumulative,,chunk_src_search_3109afb35d90_023,[],"[""filled_metric_period_from_source_reporting_period"", ""ambiguous_metric_column_semantics""]"
Centers for Disease Control and Prevention,centers_for_disease_control_and_prevention,2025-04-17,,,,48.0,claim_rec_src_search_3109afb35d90_003_cases_unspecified,active,primary_case_claim_support,public_health_observation,0.7,cases_unspecified,case_count,,48.0,United States of America,high,0.8943,2025-03-31,2025-03-31,,live_search_result,Measles,Measles,,event_007,,,,| ****Total measles cases**** | ****800 (100)**** | ****48 (6)**** | ****752 (94)**** |,llm_structured_output_extractor,United States,,,False,True,False,False,False,False,event_007,,record reports unspecified case count,unspecified_case_record,,True,Centers for Disease Control and Prevention,CDC measles cases United States 2025 surveillance outbreak confirmed,extract_primary_case_claims,fetch_for_extraction,collection,"January 1–April 17, 2025",False,tavily,src_search_3109afb35d90,publisher:centers_for_disease_control_and_prevention,rec_src_search_3109afb35d90_003,collection,"Measles Update — United States, January 1–April 17, 2025 | MMWR",official_public_health_agency,national_public_health_agency,https://www.cdc.gov/mmwr/volumes/74/wr/mm7414a1.htm,cumulative,,chunk_src_search_3109afb35d90_023,[],"[""filled_metric_period_from_source_reporting_period"", ""ambiguous_metric_column_semantics""]"
Centers for Disease Control and Prevention,centers_for_disease_control_and_prevention,2025-04-17,,,,752.0,claim_rec_src_search_3109afb35d90_004_cases_unspecified,active,primary_case_claim_support,public_health_observation,0.7,cases_unspecified,case_count,,752.0,United States of America,high,0.8943,2025-03-31,2025-03-31,,live_search_result,Measles,Measles,,event_007,,,,| ****Total measles cases**** | ****800 (100)**** | ****48 (6)**** | ****752 (94)**** |,llm_structured_output_extractor,United States,,,False,True,False,False,False,False,event_007,,record reports unspecified case count,unspecified_case_record,,True,Centers for Disease Control and Prevention,CDC measles cases United States 2025 surveillance outbreak confirmed,extract_primary_case_claims,fetch_for_extraction,collection,"January 1–April 17, 2025",False,tavily,src_search_3109afb35d90,publisher:centers_for_disease_control_and_prevention,rec_src_search_3109afb35d90_004,collection,"Measles Update — United States, January 1–April 17, 2025 | MMWR",official_public_health_agency,national_public_health_agency,https://www.cdc.gov/mmwr/volumes/74/wr/mm7414a1.htm,cumulative,,chunk_src_search_3109afb35d90_023,[],"[""filled_metric_period_from_source_reporting_period"", ""ambiguous_metric_column_semantics""]"
Centers for Disease Control and Prevention,centers_for_disease_control_and_prevention,,,,,,claim_rec_src_search_9d3a148dc974_001_observation,active,primary_case_claim_support,public_health_observation,0.7,,unspecified,,,United States of America,high,0.8943,2025-03-31,2025-03-31,,live_search_result,Measles,Measles,,event_041,2025-04,2025-03,,"# Measles Outbreak in a Child Care Facility — Lubbock, Texas, March–April 2025",llm_structured_output_extractor,"Lubbock, Texas",,,False,False,False,False,False,False,event_041,,record lacks a deterministic case/death/hospitalization claim,ambiguous_public_health_observation,,False,Centers for Disease Control and Prevention,Texas DSHS measles outbreak 2025 confirmed cases deaths Lubbock January February March,extract_primary_case_claims,fetch_for_extraction,collection,March–April 2025,False,tavily,src_search_9d3a148dc974,publisher:centers_for_disease_control_and_prevention,rec_src_search_9d3a148dc974_001,collection,"Measles Outbreak in a Child Care Facility — Lubbock, Texas, March–April 2025  | MMWR",official_public_health_agency,national_public_health_agency,https://www.cdc.gov/mmwr/volumes/75/wr/mm7521a1.htm,,Texas,chunk_src_search_9d3a148dc974_014,[],"[""filled_metric_period_from_source_reporting_period"", ""ambiguous_metric_column_semantics""]"
,,,,,,762.0,claim_rec_src_search_831265159816_001_cases_unspecified,active,primary_case_claim_support,public_health_observation,0.85,cases_unspecified,case_count,,762.0,United States of America,high,0.8823,2025-03-31,2025-03-31,2.0,live_search_result,Measles,Measles,,event_024,,,,"# Texas Declares Measles Outbreak ‘Over’ After 762 Cases, Two Child Deaths",llm_structured_output_extractor,Texas,99.0,,False,True,False,False,False,False,event_024,,record reports unspecified case count,unspecified_case_record,,True,,Texas DSHS measles outbreak 2025 confirmed cases deaths Lubbock January February March,extract_primary_case_claims,fetch_for_extraction,collection,"2025 Texas measles outbreak (declared over August 18, 2025)",False,tavily,src_search_831265159816,domain:respiratory_therapy_com,rec_src_search_831265159816_001,collection,"Texas Declares Measles Outbreak 'Over' After 762 Cases, Two Child ...",official_public_health_agency,official_public_health_agency,https://respiratory-therapy.com/disorders-diseases/infectious-diseases/other-infections/texas-measles-outbreak-2025,cumulative,Texas,chunk_src_search_831265159816_022,[],"[""filled_metric_period_from_source_reporting_period"", ""ambiguous_metric_column_semantics""]"
,,,,,,762.0,claim_rec_src_search_831265159816_001_deaths,active,primary_case_claim_support,public_health_observation,0.85,deaths,case_count,,2.0,United States of America,high,0.8823,2025-03-31,2025-03-31,2.0,live_search_result,Measles,Measles,,event_024,,,,"# Texas Declares Measles Outbreak ‘Over’ After 762 Cases, Two Child Deaths",llm_structured_output_extractor,Texas,99.0,,False,False,True,False,False,False,event_024,,record reports death count,death_record,,True,,Texas DSHS measles outbreak 2025 confirmed cases deaths Lubbock January February March,extract_primary_case_claims,fetch_for_extraction,collection,"2025 Texas measles outbreak (declared over August 18, 2025)",False,tavily,src_search_831265159816,domain:respiratory_therapy_com,rec_src_search_831265159816_001,collection,"Texas Declares Measles Outbreak 'Over' After 762 Cases, Two Child ...",official_public_health_agency,official_public_health_agency,https://respiratory-therapy.com/disorders-diseases/infectious-diseases/other-infections/texas-measles-outbreak-2025,cumulative,Texas,chunk_src_search_831265159816_022,[],"[""filled_metric_period_from_source_reporting_period"", ""ambiguous_metric_column_semantics""]"
,,,,,,762.0,claim_rec_src_search_831265159816_001_hospitalizations,active,primary_case_claim_support,public_health_observation,0.85,hospitalizations,case_count,,99.0,United States of America,high,0.8823,2025-03-31,2025-03-31,2.0,live_search_result,Measles,Measles,,event_024,,,,"# Texas Declares Measles Outbreak ‘Over’ After 762 Cases, Two Child Deaths",llm_structured_output_extractor,Texas,99.0,,False,False,False,False,False,False,event_024,,record reports hospitalization count,hospitalization_record,,True,,Texas DSHS measles outbreak 2025 confirmed cases deaths Lubbock January February March,extract_primary_case_claims,fetch_for_extraction,collection,"2025 Texas measles outbreak (declared over August 18, 2025)",False,tavily,src_search_831265159816,domain:respiratory_therapy_com,rec_src_search_831265159816_001,collection,"Texas Declares Measles Outbreak 'Over' After 762 Cases, Two Child ...",official_public_health_agency,official_public_health_agency,https://respiratory-therapy.com/disorders-diseases/infectious-diseases/other-infections/texas-measles-outbreak-2025,cumulative,Texas,chunk_src_search_831265159816_022,[],"[""filled_metric_period_from_source_reporting_period"", ""ambiguous_metric_column_semantics""]"
,,,,,,738.0,claim_rec_src_search_831265159816_002_cases_unspecified,active,primary_case_claim_support,public_health_observation,0.85,cases_unspecified,case_count,,738.0,United States of America,high,0.8823,2025-03-31,2025-03-31,,live_search_result,Measles,Measles,,event_025,,,,## Texas Measles Outbreak: 738 Cases,llm_structured_output_extractor,Texas,94.0,,False,True,False,False,False,False,event_025,,record reports unspecified case count,unspecified_case_record,,True,,Texas DSHS measles outbreak 2025 confirmed cases deaths Lubbock January February March,extract_primary_case_claims,fetch_for_extraction,collection,2025 Texas measles outbreak (intermediate count as of subheading),False,tavily,src_search_831265159816,domain:respiratory_therapy_com,rec_src_search_831265159816_002,collection,"Texas Declares Measles Outbreak 'Over' After 762 Cases, Two Child ...",official_public_health_agency,official_public_health_agency,https://respiratory-therapy.com/disorders-diseases/infectious-diseases/other-infections/texas-measles-outbreak-2025,cumulative,Texas,chunk_src_search_831265159816_027,[],"[""filled_metric_period_from_source_reporting_period"", ""ambiguous_metric_column_semantics""]"
,,,,,,738.0,claim_rec_src_search_831265159816_002_hospitalizations,active,primary_case_claim_support,public_health_observation,0.85,hospitalizations,case_count,,94.0,United States of America,high,0.8823,2025-03-31,2025-03-31,,live_search_result,Measles,Measles,,event_025,,,,## Texas Measles Outbreak: 738 Cases,llm_structured_output_extractor,Texas,94.0,,False,False,False,False,False,False,event_025,,record reports hospitalization count,hospitalization_record,,True,,Texas DSHS measles outbreak 2025 confirmed cases deaths Lubbock January February March,extract_primary_case_claims,fetch_for_extraction,collection,2025 Texas measles outbreak (intermediate count as of subheading),False,tavily,src_search_831265159816,domain:respiratory_therapy_com,rec_src_search_831265159816_002,collection,"Texas Declares Measles Outbreak 'Over' After 762 Cases, Two Child ...",official_public_health_agency,official_public_health_agency,https://respiratory-therapy.com/disorders-diseases/infectious-diseases/other-infections/texas-measles-outbreak-2025,cumulative,Texas,chunk_src_search_831265159816_027,[],"[""filled_metric_period_from_source_reporting_period"", ""ambiguous_metric_column_semantics""]"
,,,,,,,claim_rec_src_search_831265159816_003_observation,active,primary_case_claim_support,public_health_observation,0.85,,case_count,,,United States of America,high,0.8823,2025-03-31,2025-03-31,,live_search_result,Measles,Measles,,event_036,,,,Only 5.0% of confirmed measles cases have occurred in vaccinated individuals.,llm_structured_output_extractor,Texas,,,False,False,False,False,False,False,event_036,,evidence is an outbreak summary,outbreak_summary,,False,,Texas DSHS measles outbreak 2025 confirmed cases deaths Lubbock January February March,extract_primary_case_claims,fetch_for_extraction,collection,2025 Texas measles outbreak,False,tavily,src_search_831265159816,domain:respiratory_therapy_com,rec_src_search_831265159816_003,collection,"Texas Declares Measles Outbreak 'Over' After 762 Cases, Two Child ...",official_public_health_agency,official_public_health_agency,https://respiratory-therapy.com/disorders-diseases/infectious-diseases/other-infections/texas-measles-outbreak-2025,subset,Texas,chunk_src_search_831265159816_026,[],"[""filled_metric_period_from_source_reporting_period"", ""ambiguous_metric_column_semantics""]"
,,2025-05-09,709.0,,,,claim_rec_src_search_831265159816_004_cases_confirmed,active,primary_case_claim_support,public_health_observation,0.7,cases_confirmed,case_count,,709.0,United States of America,high,0.8823,2025-05-09,2025-05-09,,live_search_result,Measles,Measles,,event_043,,,,"Per a May 9 update from the [Texas Department of State Health Services](https://www.dshs.texas.gov/news-alerts/measles-outbreak-2025), the total number of confirmed measles cases in the state is now 709.",llm_structured_output_extractor,Texas,,,False,True,False,False,False,False,event_043,,record reports confirmed case count,confirmed_case_record,,True,,Texas DSHS measles outbreak 2025 confirmed cases deaths Lubbock January February March,extract_primary_case_claims,fetch_for_extraction,collection,2025-01-01 to 2025-03-31,False,tavily,src_search_831265159816,domain:respiratory_therapy_com,rec_src_search_831265159816_004,collection,"Texas Declares Measles Outbreak 'Over' After 762 Cases, Two Child ...",official_public_health_agency,official_public_health_agency,https://respiratory-therapy.com/disorders-diseases/infectious-diseases/other-infections/texas-measles-outbreak-2025,cumulative,Texas,chunk_src_search_831265159816_033,[],"[""filled_metric_period_from_source_reporting_period"", ""ambiguous_metric_column_semantics""]"
,,2025-05-09,,,,,claim_rec_src_search_831265159816_005_hospitalizations,active,primary_case_claim_support,public_health_observation,0.7,hospitalizations,hospitalization_count,,92.0,United States of America,high,0.8823,2025-05-09,2025-05-09,,live_search_result,Measles,Measles,,event_043,,,,Only 5.0% of confirmed measles cases have occurred in vaccinated individuals.,llm_structured_output_extractor,Texas,92.0,,False,False,False,False,False,False,event_043,,record reports hospitalization count,hospitalization_record,,True,,Texas DSHS measles outbreak 2025 confirmed cases deaths Lubbock January February March,extract_primary_case_claims,fetch_for_extraction,collection,2025-01-01 to 2025-03-31,False,tavily,src_search_831265159816,domain:respiratory_therapy_com,rec_src_search_831265159816_005,collection,"Texas Declares Measles Outbreak 'Over' After 762 Cases, Two Child ...",official_public_health_agency,official_public_health_agency,https://respiratory-therapy.com/disorders-diseases/infectious-diseases/other-infections/texas-measles-outbreak-2025,cumulative,Texas,chunk_src_search_831265159816_030,[],"[""filled_metric_period_from_source_reporting_period"", ""metric_row_rebound_from_llm_source_row_id"", ""ambiguous_metric_column_semantics""]"
,,2025-05-09,467.0,,,,claim_rec_src_search_831265159816_006_cases_confirmed,active,primary_case_claim_support,public_health_observation,0.7,cases_confirmed,case_count,,467.0,United States of America,high,0.8823,2025-05-09,2025-05-09,,live_search_result,Measles,Measles,,event_044,,,,"Of the 690 infections with age data available, 467 have occurred in children under age 18 (67.7%).",llm_structured_output_extractor,Texas,,,False,True,False,False,False,False,event_044,,record reports confirmed case count,confirmed_case_record,,True,,Texas DSHS measles outbreak 2025 confirmed cases deaths Lubbock January February March,extract_primary_case_claims,fetch_for_extraction,collection,2025-01-01 to 2025-03-31,False,tavily,src_search_831265159816,domain:respiratory_therapy_com,rec_src_search_831265159816_006,collection,"Texas Declares Measles Outbreak 'Over' After 762 Cases, Two Child ...",official_public_health_agency,official_public_health_agency,https://respiratory-therapy.com/disorders-diseases/infectious-diseases/other-infections/texas-measles-outbreak-2025,subset,Texas,chunk_src_search_831265159816_034,[],"[""filled_metric_period_from_source_reporting_period"", ""ambiguous_metric_column_semantics""]"
,,2025-05-09,403.0,,,,claim_rec_src_search_831265159816_007_cases_confirmed,active,primary_case_claim_support,public_health_observation,0.7,cases_confirmed,case_count,,403.0,United States of America,high,0.8823,2025-05-09,2025-05-09,,live_search_result,Measles,Measles,,event_042,,,,"Gaines County continues to be the epicenter of the outbreak, with 403 cases (56.8%) out of 646 occurring in the county.",llm_structured_output_extractor,"Gaines County, Texas",,,False,True,False,False,False,False,event_042,,record reports confirmed case count,confirmed_case_record,,True,,Texas DSHS measles outbreak 2025 confirmed cases deaths Lubbock January February March,extract_primary_case_claims,fetch_for_extraction,collection,2025-01-01 to 2025-03-31,False,tavily,src_search_831265159816,domain:respiratory_therapy_com,rec_src_search_831265159816_007,collection,"Texas Declares Measles Outbreak 'Over' After 762 Cases, Two Child ...",official_public_health_agency,official_public_health_agency,https://respiratory-therapy.com/disorders-diseases/infectious-diseases/other-infections/texas-measles-outbreak-2025,cumulative,Texas,chunk_src_search_831265159816_037,[],"[""filled_metric_period_from_source_reporting_period"", ""ambiguous_metric_column_semantics""]"
,,2025-04-25,646.0,,,,claim_rec_src_search_831265159816_008_cases_confirmed,active,primary_case_claim_support,public_health_observation,0.7,cases_confirmed,cumulative,,646.0,United States of America,high,0.8823,2025-03-31,2025-03-31,,live_search_result,Measles,Measles,,event_029,,,,## Confirmed Measles Cases Reach 646 in Texas,llm_structured_output_extractor,Texas,,,False,True,False,False,False,False,event_029,,record reports confirmed case count,confirmed_case_record,,True,,Texas DSHS measles outbreak 2025 confirmed cases deaths Lubbock January February March,extract_primary_case_claims,fetch_for_extraction,collection,cumulative confirmed cases through Since start of outbreak,False,tavily,src_search_831265159816,domain:respiratory_therapy_com,rec_src_search_831265159816_008,collection,"Texas Declares Measles Outbreak 'Over' After 762 Cases, Two Child ...",official_public_health_agency,official_public_health_agency,https://respiratory-therapy.com/disorders-diseases/infectious-diseases/other-infections/texas-measles-outbreak-2025,cumulative,Texas,chunk_src_search_831265159816_038,[],"[""filled_metric_period_from_source_reporting_period"", ""inferred_cumulative_metric_from_column_label""]"
,,2025-04-25,,,,,claim_rec_src_search_831265159816_009_hospitalizations,active,primary_case_claim_support,public_health_observation,0.7,hospitalizations,cumulative,,92.0,United States of America,high,0.8823,2025-03-31,2025-03-31,,live_search_result,Measles,Measles,,event_034,,,,"According to the department’s data, a total of 64 hospitalizations have occurred since the start of the outbreak.",llm_structured_output_extractor,Texas,92.0,,False,False,False,False,False,False,event_034,,record reports hospitalization count,hospitalization_record,,True,,Texas DSHS measles outbreak 2025 confirmed cases deaths Lubbock January February March,extract_primary_case_claims,fetch_for_extraction,collection,cumulative hospitalizations through Since start of outbreak,False,tavily,src_search_831265159816,domain:respiratory_therapy_com,rec_src_search_831265159816_009,collection,"Texas Declares Measles Outbreak 'Over' After 762 Cases, Two Child ...",official_public_health_agency,official_public_health_agency,https://respiratory-therapy.com/disorders-diseases/infectious-diseases/other-infections/texas-measles-outbreak-2025,cumulative,Texas,chunk_src_search_831265159816_040,[],"[""filled_metric_period_from_source_reporting_period"", ""metric_row_rebound_from_llm_source_row_id"", ""inferred_cumulative_metric_from_column_label""]"
,,,,,,,claim_rec_src_search_831265159816_010_hospitalizations,active,primary_case_claim_support,public_health_observation,0.7,hospitalizations,cumulative,,64.0,United States of America,high,0.8823,2025-03-31,2025-03-31,,live_search_result,Measles,Measles,,event_031,,,,"According to the department’s data, a total of 64 hospitalizations have occurred since the start of the outbreak.",llm_structured_output_extractor,Texas,64.0,,False,False,False,False,False,False,event_031,,record reports hospitalization count,hospitalization_record,,True,,Texas DSHS measles outbreak 2025 confirmed cases deaths Lubbock January February March,extract_primary_case_claims,fetch_for_extraction,collection,cumulative hospitalizations (earlier update) through Since start of outbreak,False,tavily,src_search_831265159816,domain:respiratory_therapy_com,rec_src_search_831265159816_010,collection,"Texas Declares Measles Outbreak 'Over' After 762 Cases, Two Child ...",official_public_health_agency,official_public_health_agency,https://respiratory-therapy.com/disorders-diseases/infectious-diseases/other-infections/texas-measles-outbreak-2025,cumulative,Texas,chunk_src_search_831265159816_040,[],"[""filled_metric_period_from_source_reporting_period"", ""inferred_cumulative_metric_from_column_label""]"
,,,,,,,claim_rec_src_search_831265159816_011_deaths,active,primary_case_claim_support,public_health_observation,0.7,deaths,cumulative,,2.0,United States of America,high,0.8823,2025-03-31,2025-03-31,2.0,live_search_result,Measles,Measles,,event_030,2025-04-06,,,No additional deaths have been reported since a [second Texas child died](https://respiratory-therapy.com/disorders-diseases/infectious-diseases/other-infections/second-child-dies-of-measles-in-texas/) of “measles pulmonary failure” on April 6.,llm_structured_output_extractor,Texas,,,False,False,True,False,False,False,event_030,,record reports death count,death_record,,True,,Texas DSHS measles outbreak 2025 confirmed cases deaths Lubbock January February March,extract_primary_case_claims,fetch_for_extraction,collection,cumulative deaths through Since start of outbreak,False,tavily,src_search_831265159816,domain:respiratory_therapy_com,rec_src_search_831265159816_011,collection,"Texas Declares Measles Outbreak 'Over' After 762 Cases, Two Child ...",official_public_health_agency,official_public_health_agency,https://respiratory-therapy.com/disorders-diseases/infectious-diseases/other-infections/texas-measles-outbreak-2025,cumulative,Texas,chunk_src_search_831265159816_041,[],"[""filled_metric_period_from_source_reporting_period"", ""inferred_cumulative_metric_from_column_label""]"
,,2025-04-25,393.0,,,,claim_rec_src_search_831265159816_012_cases_confirmed,active,primary_case_claim_support,public_health_observation,0.7,cases_confirmed,cumulative,,393.0,United States of America,high,0.8823,2025-03-31,2025-03-31,,live_search_result,Measles,Measles,,event_013,,,,"Gaines County continues to be the epicenter of the outbreak, with 393 cases (60.8%) out of 646 occurring in the county.",llm_structured_output_extractor,"Gaines County, Texas",,,False,True,False,False,False,False,event_013,,record reports confirmed case count,confirmed_case_record,,True,,Texas DSHS measles outbreak 2025 confirmed cases deaths Lubbock January February March,extract_primary_case_claims,fetch_for_extraction,collection,cumulative confirmed cases — Gaines County through Since start of outbreak,False,tavily,src_search_831265159816,domain:respiratory_therapy_com,rec_src_search_831265159816_012,collection,"Texas Declares Measles Outbreak 'Over' After 762 Cases, Two Child ...",official_public_health_agency,official_public_health_agency,https://respiratory-therapy.com/disorders-diseases/infectious-diseases/other-infections/texas-measles-outbreak-2025,cumulative,Texas — Gaines County,chunk_src_search_831265159816_045,[],"[""filled_metric_period_from_source_reporting_period"", ""inferred_cumulative_metric_from_column_label""]"
,,2025-04-18,597.0,,,,claim_rec_src_search_831265159816_013_cases_confirmed,active,primary_case_claim_support,public_health_observation,0.7,cases_confirmed,cumulative,,597.0,United States of America,high,0.8823,2025-03-31,2025-03-31,,live_search_result,Measles,Measles,,event_028,,,,"Per an April 18 update from the [Texas Department of State Health Services](https://www.dshs.texas.gov/news-alerts/measles-outbreak-2025), the total number of confirmed measles cases in the state is now 597, an increase of 56 cases in the last week (+10%).",llm_structured_output_extractor,Texas,62.0,,False,True,False,False,False,False,event_028,,record reports confirmed case count,confirmed_case_record,,True,,Texas DSHS measles outbreak 2025 confirmed cases deaths Lubbock January February March,extract_primary_case_claims,fetch_for_extraction,collection,"cumulative confirmed cases through As of April 18, 2025",False,tavily,src_search_831265159816,domain:respiratory_therapy_com,rec_src_search_831265159816_013,collection,"Texas Declares Measles Outbreak 'Over' After 762 Cases, Two Child ...",official_public_health_agency,official_public_health_agency,https://respiratory-therapy.com/disorders-diseases/infectious-diseases/other-infections/texas-measles-outbreak-2025,cumulative,Texas,chunk_src_search_831265159816_048,[],"[""filled_metric_period_from_source_reporting_period"", ""inferred_cumulative_metric_from_column_label""]"
,,2025-04-18,597.0,,,,claim_rec_src_search_831265159816_013_hospitalizations,active,primary_case_claim_support,public_health_observation,0.7,hospitalizations,cumulative,,62.0,United States of America,high,0.8823,2025-03-31,2025-03-31,,live_search_result,Measles,Measles,,event_028,,,,"Per an April 18 update from the [Texas Department of State Health Services](https://www.dshs.texas.gov/news-alerts/measles-outbreak-2025), the total number of confirmed measles cases in the state is now 597, an increase of 56 cases in the last week (+10%).",llm_structured_output_extractor,Texas,62.0,,False,False,False,False,False,False,event_028,,record reports hospitalization count,hospitalization_record,,True,,Texas DSHS measles outbreak 2025 confirmed cases deaths Lubbock January February March,extract_primary_case_claims,fetch_for_extraction,collection,"cumulative confirmed cases through As of April 18, 2025",False,tavily,src_search_831265159816,domain:respiratory_therapy_com,rec_src_search_831265159816_013,collection,"Texas Declares Measles Outbreak 'Over' After 762 Cases, Two Child ...",official_public_health_agency,official_public_health_agency,https://respiratory-therapy.com/disorders-diseases/infectious-diseases/other-infections/texas-measles-outbreak-2025,cumulative,Texas,chunk_src_search_831265159816_048,[],"[""filled_metric_period_from_source_reporting_period"", ""inferred_cumulative_metric_from_column_label""]"
,,2025-04-18,,,,,claim_rec_src_search_831265159816_014_hospitalizations,active,primary_case_claim_support,public_health_observation,0.7,hospitalizations,cumulative,,62.0,United States of America,high,0.8823,2025-03-31,2025-03-31,,live_search_result,Measles,Measles,,event_033,,,,"According to the department’s data, 56 patients have been hospitalized.",llm_structured_output_extractor,Texas,62.0,,False,False,False,False,False,False,event_033,,record reports hospitalization count,hospitalization_record,,True,,Texas DSHS measles outbreak 2025 confirmed cases deaths Lubbock January February March,extract_primary_case_claims,fetch_for_extraction,collection,"cumulative hospitalizations through As of April 18, 2025",False,tavily,src_search_831265159816,domain:respiratory_therapy_com,rec_src_search_831265159816_014,collection,"Texas Declares Measles Outbreak 'Over' After 762 Cases, Two Child ...",official_public_health_agency,official_public_health_agency,https://respiratory-therapy.com/disorders-diseases/infectious-diseases/other-infections/texas-measles-outbreak-2025,cumulative,Texas,chunk_src_search_831265159816_053,[],"[""filled_metric_period_from_source_reporting_period"", ""metric_row_rebound_from_llm_source_row_id"", ""inferred_cumulative_metric_from_column_label""]"
,,2025-04-18,,,,401.0,claim_rec_src_search_831265159816_015_cases_unspecified,active,primary_case_claim_support,public_health_observation,0.7,cases_unspecified,case_count,,401.0,United States of America,high,0.8823,2025-03-31,2025-03-31,,live_search_result,Measles,Measles,,event_038,,,,"Of the 573 infections with age data available, 401 have occurred in children under age 18 (70%).",llm_structured_output_extractor,Texas,,,False,True,False,False,False,False,event_038,,record reports unspecified case count,unspecified_case_record,,True,,Texas DSHS measles outbreak 2025 confirmed cases deaths Lubbock January February March,extract_primary_case_claims,fetch_for_extraction,collection,"As of April 18, 2025",False,tavily,src_search_831265159816,domain:respiratory_therapy_com,rec_src_search_831265159816_015,collection,"Texas Declares Measles Outbreak 'Over' After 762 Cases, Two Child ...",official_public_health_agency,official_public_health_agency,https://respiratory-therapy.com/disorders-diseases/infectious-diseases/other-infections/texas-measles-outbreak-2025,subset,Texas,chunk_src_search_831265159816_049,[],"[""filled_metric_period_from_source_reporting_period"", ""ambiguous_metric_column_semantics""]"
,,2025-04-18,,,,,claim_rec_src_search_831265159816_016_observation,active,primary_case_claim_support,public_health_observation,0.7,,other,,,United States of America,high,0.8823,2025-03-31,2025-03-31,,live_search_result,Measles,Measles,,event_038,,,,Only 3.69% of confirmed measles cases have occurred in vaccinated individuals.,llm_structured_output_extractor,Texas,,,False,False,False,False,False,False,event_038,,evidence is an outbreak summary,outbreak_summary,,False,,Texas DSHS measles outbreak 2025 confirmed cases deaths Lubbock January February March,extract_primary_case_claims,fetch_for_extraction,collection,"As of April 18, 2025",False,tavily,src_search_831265159816,domain:respiratory_therapy_com,rec_src_search_831265159816_016,collection,"Texas Declares Measles Outbreak 'Over' After 762 Cases, Two Child ...",official_public_health_agency,official_public_health_agency,https://respiratory-therapy.com/disorders-diseases/infectious-diseases/other-infections/texas-measles-outbreak-2025,subset,Texas,chunk_src_search_831265159816_050,[],"[""filled_metric_period_from_source_reporting_period"", ""ambiguous_metric_column_semantics""]"
,,2025-04-11,,,,,claim_rec_src_search_831265159816_017_hospitalizations,active,primary_case_claim_support,public_health_observation,0.7,hospitalizations,cumulative,,56.0,United States of America,high,0.8823,2025-03-31,2025-03-31,,live_search_result,Measles,Measles,,event_032,,,,"According to the department’s data, 56 patients have been hospitalized.",llm_structured_output_extractor,Texas,56.0,,False,False,False,False,False,False,event_032,,record reports hospitalization count,hospitalization_record,,True,,Texas DSHS measles outbreak 2025 confirmed cases deaths Lubbock January February March,extract_primary_case_claims,fetch_for_extraction,collection,"cumulative hospitalizations through As of April 11, 2025",False,tavily,src_search_831265159816,domain:respiratory_therapy_com,rec_src_search_831265159816_017,collection,"Texas Declares Measles Outbreak 'Over' After 762 Cases, Two Child ...",official_public_health_agency,official_public_health_agency,https://respiratory-therapy.com/disorders-diseases/infectious-diseases/other-infections/texas-measles-outbreak-2025,cumulative,Texas,chunk_src_search_831265159816_053,[],"[""filled_metric_period_from_source_reporting_period"", ""inferred_cumulative_metric_from_column_label""]"
,,,,,,,claim_rec_src_search_831265159816_018_deaths,active,primary_case_claim_support,public_health_observation,0.85,deaths,death_count,,2.0,United States of America,high,0.8823,2025-03-31,2025-03-31,2.0,live_search_result,Measles,Measles,,event_052,,,,No additional deaths have been reported since a [second Texas child died](https://respiratory-therapy.com/disorders-diseases/infectious-diseases/other-infections/second-child-dies-of-measles-in-texas/) of “measles pulmonary failure” on April 6.,llm_structured_output_extractor,Texas,,,False,False,True,False,False,False,event_052,,record reports death count,death_record,Measles morbillivirus,True,,Texas DSHS measles outbreak 2025 confirmed cases deaths Lubbock January February March,extract_primary_case_claims,fetch_for_extraction,collection,2025-01-01 to 2025-03-31,False,tavily,src_search_831265159816,domain:respiratory_therapy_com,rec_src_search_831265159816_018,collection,"Texas Declares Measles Outbreak 'Over' After 762 Cases, Two Child ...",official_public_health_agency,official_public_health_agency,https://respiratory-therapy.com/disorders-diseases/infectious-diseases/other-infections/texas-measles-outbreak-2025,cumulative,Texas,chunk_src_search_831265159816_054,[],"[""filled_metric_period_from_source_reporting_period"", ""ambiguous_metric_column_semantics""]"
,,,,,,,claim_rec_src_search_831265159816_019_hospitalizations,active,primary_case_claim_support,public_health_observation,0.85,hospitalizations,hospitalization_count,,62.0,United States of America,high,0.8823,2025-03-31,2025-03-31,,live_search_result,Measles,Measles,,event_052,,,,"Of the 517 infections with age data available, 374 have occurred in children under age 18 (72.3%).",llm_structured_output_extractor,Texas,62.0,,False,False,False,False,False,False,event_052,,record reports hospitalization count,hospitalization_record,Measles morbillivirus,True,,Texas DSHS measles outbreak 2025 confirmed cases deaths Lubbock January February March,extract_primary_case_claims,fetch_for_extraction,collection,2025-01-01 to 2025-03-31,False,tavily,src_search_831265159816,domain:respiratory_therapy_com,rec_src_search_831265159816_019,collection,"Texas Declares Measles Outbreak 'Over' After 762 Cases, Two Child ...",official_public_health_agency,official_public_health_agency,https://respiratory-therapy.com/disorders-diseases/infectious-diseases/other-infections/texas-measles-outbreak-2025,cumulative,Texas,chunk_src_search_831265159816_055,[],"[""filled_metric_period_from_source_reporting_period"", ""metric_row_binding_unresolved"", ""ambiguous_metric_column_semantics""]"
,,,,,,355.0,claim_rec_src_search_831265159816_020_cases_unspecified,active,primary_case_claim_support,public_health_observation,0.85,cases_unspecified,case_count,,355.0,United States of America,high,0.8823,2025-03-31,2025-03-31,,live_search_result,Measles,Measles,,event_051,,,,"The vast majority of cases continue to be centralized in Gaines County, Texas, with 355 cases reported (65.6% of the state total).",llm_structured_output_extractor,"Gaines County, Texas",,,False,True,False,False,False,False,event_051,,record reports unspecified case count,unspecified_case_record,Measles morbillivirus,True,,Texas DSHS measles outbreak 2025 confirmed cases deaths Lubbock January February March,extract_primary_case_claims,fetch_for_extraction,collection,2025-01-01 to 2025-03-31,False,tavily,src_search_831265159816,domain:respiratory_therapy_com,rec_src_search_831265159816_020,collection,"Texas Declares Measles Outbreak 'Over' After 762 Cases, Two Child ...",official_public_health_agency,official_public_health_agency,https://respiratory-therapy.com/disorders-diseases/infectious-diseases/other-infections/texas-measles-outbreak-2025,cumulative,"Gaines County, Texas",chunk_src_search_831265159816_057,[],"[""filled_metric_period_from_source_reporting_period"", ""ambiguous_metric_column_semantics""]"
,,,,,,481.0,claim_rec_src_search_831265159816_021_cases_unspecified,active,primary_case_claim_support,public_health_observation,0.85,cases_unspecified,case_count,,481.0,United States of America,high,0.8823,2025-03-31,2025-03-31,,live_search_result,Measles,Measles,,event_052,,,,## Texas Measles Outbreak at 481 Cases,llm_structured_output_extractor,Texas,,,False,True,False,False,False,False,event_052,,record reports unspecified case count,unspecified_case_record,Measles morbillivirus,True,,Texas DSHS measles outbreak 2025 confirmed cases deaths Lubbock January February March,extract_primary_case_claims,fetch_for_extraction,collection,2025-01-01 to 2025-03-31,False,tavily,src_search_831265159816,domain:respiratory_therapy_com,rec_src_search_831265159816_021,collection,"Texas Declares Measles Outbreak 'Over' After 762 Cases, Two Child ...",official_public_health_agency,official_public_health_agency,https://respiratory-therapy.com/disorders-diseases/infectious-diseases/other-infections/texas-measles-outbreak-2025,cumulative,Texas,chunk_src_search_831265159816_059,[],"[""filled_metric_period_from_source_reporting_period"", ""ambiguous_metric_column_semantics""]"
,,,,,,,claim_rec_src_search_831265159816_022_observation,active,primary_case_claim_support,public_health_observation,0.85,,unknown,,,United States of America,high,0.8823,2025-03-31,2025-03-31,,live_search_result,Measles,Measles,,event_017,,2025-01-20,,"Per the department’s data, the first known case in the current outbreak was detected on January 20, 2025.",llm_structured_output_extractor,Texas,,,False,False,False,False,False,False,event_017,,evidence is an outbreak summary,outbreak_summary,,False,,Texas DSHS measles outbreak 2025 confirmed cases deaths Lubbock January February March,extract_primary_case_claims,fetch_for_extraction,collection,2025-01-01 to 2025-03-31,False,tavily,src_search_831265159816,domain:respiratory_therapy_com,rec_src_search_831265159816_022,collection,"Texas Declares Measles Outbreak 'Over' After 762 Cases, Two Child ...",official_public_health_agency,official_public_health_agency,https://respiratory-therapy.com/disorders-diseases/infectious-diseases/other-infections/texas-measles-outbreak-2025,unknown,Texas,chunk_src_search_831265159816_062,[],"[""filled_metric_period_from_source_reporting_period"", ""ambiguous_metric_column_semantics""]"
,,2025-03-28,,,,400.0,claim_rec_src_search_831265159816_023_cases_unspecified,active,primary_case_claim_support,public_health_observation,0.85,cases_unspecified,case_count,,400.0,United States of America,high,0.8823,2025-03-28,2025-03-28,,live_search_result,Measles,Measles,,event_023,,,,"The number of measles cases in the current Texas outbreak has reached 400, according to March 28 data released by The [Texas Department of State Health Services](https://www.dshs.texas.gov/news-alerts/measles-outbreak-feb-28-2025).",llm_structured_output_extractor,Texas,41.0,,False,True,False,False,False,False,event_023,,record reports unspecified case count,unspecified_case_record,,True,,Texas DSHS measles outbreak 2025 confirmed cases deaths Lubbock January February March,extract_primary_case_claims,fetch_for_extraction,collection,"as of March 28, 2025",False,tavily,src_search_831265159816,domain:respiratory_therapy_com,rec_src_search_831265159816_023,collection,"Texas Declares Measles Outbreak 'Over' After 762 Cases, Two Child ...",official_public_health_agency,official_public_health_agency,https://respiratory-therapy.com/disorders-diseases/infectious-diseases/other-infections/texas-measles-outbreak-2025,cumulative,Texas,chunk_src_search_831265159816_065,[],"[""filled_metric_period_from_source_reporting_period"", ""ambiguous_metric_column_semantics""]"
,,2025-03-28,,,,400.0,claim_rec_src_search_831265159816_023_hospitalizations,active,primary_case_claim_support,public_health_observation,0.85,hospitalizations,case_count,,41.0,United States of America,high,0.8823,2025-03-28,2025-03-28,,live_search_result,Measles,Measles,,event_023,,,,"The number of measles cases in the current Texas outbreak has reached 400, according to March 28 data released by The [Texas Department of State Health Services](https://www.dshs.texas.gov/news-alerts/measles-outbreak-feb-28-2025).",llm_structured_output_extractor,Texas,41.0,,False,False,False,False,False,False,event_023,,record reports hospitalization count,hospitalization_record,,True,,Texas DSHS measles outbreak 2025 confirmed cases deaths Lubbock January February March,extract_primary_case_claims,fetch_for_extraction,collection,"as of March 28, 2025",False,tavily,src_search_831265159816,domain:respiratory_therapy_com,rec_src_search_831265159816_023,collection,"Texas Declares Measles Outbreak 'Over' After 762 Cases, Two Child ...",official_public_health_agency,official_public_health_agency,https://respiratory-therapy.com/disorders-diseases/infectious-diseases/other-infections/texas-measles-outbreak-2025,cumulative,Texas,chunk_src_search_831265159816_065,[],"[""filled_metric_period_from_source_reporting_period"", ""ambiguous_metric_column_semantics""]"
,,2025-03-28,,,,,claim_rec_src_search_831265159816_024_hospitalizations,active,primary_case_claim_support,public_health_observation,0.85,hospitalizations,hospitalization_count,,41.0,United States of America,high,0.8823,2025-03-28,2025-03-28,,live_search_result,Measles,Measles,,event_023,,,,"According to the department’s data, 41 patients have been hospitalized, and no additional deaths have been reported.",llm_structured_output_extractor,Texas,41.0,,False,False,False,False,False,False,event_023,,record reports hospitalization count,hospitalization_record,,True,,Texas DSHS measles outbreak 2025 confirmed cases deaths Lubbock January February March,extract_primary_case_claims,fetch_for_extraction,collection,"as of March 28, 2025",False,tavily,src_search_831265159816,domain:respiratory_therapy_com,rec_src_search_831265159816_024,collection,"Texas Declares Measles Outbreak 'Over' After 762 Cases, Two Child ...",official_public_health_agency,official_public_health_agency,https://respiratory-therapy.com/disorders-diseases/infectious-diseases/other-infections/texas-measles-outbreak-2025,cumulative,Texas,chunk_src_search_831265159816_066,[],"[""filled_metric_period_from_source_reporting_period"", ""ambiguous_metric_column_semantics""]"
,,2025-03-21,,,,309.0,claim_rec_src_search_831265159816_025_cases_unspecified,active,primary_case_claim_support,public_health_observation,0.85,cases_unspecified,case_count,,309.0,United States of America,high,0.8823,2025-03-21,2025-03-21,,live_search_result,Measles,Measles,,event_022,,,,"The number of measles cases in the current Texas outbreak has hit 309, according to March 21 data released by The [Texas Department of State Health Services](https://www.dshs.texas.gov/news-alerts/measles-outbreak-feb-28-2025).",llm_structured_output_extractor,Texas,,,False,True,False,False,False,False,event_022,,record reports unspecified case count,unspecified_case_record,,True,,Texas DSHS measles outbreak 2025 confirmed cases deaths Lubbock January February March,extract_primary_case_claims,fetch_for_extraction,collection,"as of March 21, 2025",False,tavily,src_search_831265159816,domain:respiratory_therapy_com,rec_src_search_831265159816_025,collection,"Texas Declares Measles Outbreak 'Over' After 762 Cases, Two Child ...",official_public_health_agency,official_public_health_agency,https://respiratory-therapy.com/disorders-diseases/infectious-diseases/other-infections/texas-measles-outbreak-2025,cumulative,Texas,chunk_src_search_831265159816_069,[],"[""filled_metric_period_from_source_reporting_period"", ""ambiguous_metric_column_semantics""]"
,,2025-03-18,279.0,,,,claim_rec_src_search_831265159816_026_cases_confirmed,active,primary_case_claim_support,public_health_observation,0.85,cases_confirmed,case_count,,279.0,United States of America,high,0.8823,2025-03-20,2025-03-20,,live_search_result,Measles,Measles,,event_020,,,,"Per a March 18 update from the [Texas Department of State Health Services](https://www.dshs.texas.gov/news-alerts/measles-outbreak-2025), the total number of confirmed measles cases in the state is now 279, an increase of 20 cases since Friday’s update.",llm_structured_output_extractor,Texas,,,False,True,False,False,False,False,event_020,,record reports confirmed case count,confirmed_case_record,,True,,Texas DSHS measles outbreak 2025 confirmed cases deaths Lubbock January February March,extract_primary_case_claims,fetch_for_extraction,collection,"as of March 18, 2025",False,tavily,src_search_831265159816,domain:respiratory_therapy_com,rec_src_search_831265159816_026,collection,"Texas Declares Measles Outbreak 'Over' After 762 Cases, Two Child ...",official_public_health_agency,official_public_health_agency,https://respiratory-therapy.com/disorders-diseases/infectious-diseases/other-infections/texas-measles-outbreak-2025,cumulative,Texas,chunk_src_search_831265159816_076,[],"[""filled_metric_period_from_source_reporting_period"", ""ambiguous_metric_column_semantics""]"
,,2025-03-18,,,,,claim_rec_src_search_831265159816_027_hospitalizations,active,primary_case_claim_support,public_health_observation,0.85,hospitalizations,hospitalization_count,,36.0,United States of America,high,0.8823,2025-03-20,2025-03-20,,live_search_result,Measles,Measles,,event_020,,,,"According to the department’s data, 36 patients have been hospitalized, and no additional deaths have been reported. Of the 260 cases with age data available, 208 have occurred in children under age 18 (80%).",llm_structured_output_extractor,Texas,36.0,,False,False,False,False,False,False,event_020,,record reports hospitalization count,hospitalization_record,,True,,Texas DSHS measles outbreak 2025 confirmed cases deaths Lubbock January February March,extract_primary_case_claims,fetch_for_extraction,collection,"as of March 18, 2025",False,tavily,src_search_831265159816,domain:respiratory_therapy_com,rec_src_search_831265159816_027,collection,"Texas Declares Measles Outbreak 'Over' After 762 Cases, Two Child ...",official_public_health_agency,official_public_health_agency,https://respiratory-therapy.com/disorders-diseases/infectious-diseases/other-infections/texas-measles-outbreak-2025,cumulative,Texas,chunk_src_search_831265159816_077,[],"[""filled_metric_period_from_source_reporting_period"", ""ambiguous_metric_column_semantics""]"
,,2025-03-18,,,,,claim_rec_src_search_831265159816_028_deaths,active,primary_case_claim_support,public_health_observation,0.85,deaths,death_count,,0.0,United States of America,high,0.8823,2025-03-20,2025-03-20,0.0,live_search_result,Measles,Measles,,event_020,,,,"According to the department’s data, 40 patients have been hospitalized, and no additional deaths have been reported.",llm_structured_output_extractor,Texas,,,False,False,True,False,False,False,event_020,,record reports death count,death_record,,False,,Texas DSHS measles outbreak 2025 confirmed cases deaths Lubbock January February March,extract_primary_case_claims,fetch_for_extraction,collection,"as of March 18, 2025",False,tavily,src_search_831265159816,domain:respiratory_therapy_com,rec_src_search_831265159816_028,collection,"Texas Declares Measles Outbreak 'Over' After 762 Cases, Two Child ...",official_public_health_agency,official_public_health_agency,https://respiratory-therapy.com/disorders-diseases/infectious-diseases/other-infections/texas-measles-outbreak-2025,cumulative,Texas,chunk_src_search_831265159816_070,[],"[""filled_metric_period_from_source_reporting_period"", ""metric_row_rebound_from_llm_source_row_id"", ""ambiguous_metric_column_semantics""]"
,,,,,,,claim_rec_src_search_831265159816_029_hospitalizations,active,primary_case_claim_support,public_health_observation,0.85,hospitalizations,hospitalization_count,,40.0,United States of America,high,0.8823,2025-03-31,2025-03-31,,live_search_result,Measles,Measles,,event_026,,,,"According to the department’s data, 40 patients have been hospitalized, and no additional deaths have been reported.",llm_structured_output_extractor,Texas,40.0,,False,False,False,False,False,False,event_026,,record reports hospitalization count,hospitalization_record,,True,,Texas DSHS measles outbreak 2025 confirmed cases deaths Lubbock January February March,extract_primary_case_claims,fetch_for_extraction,collection,2025-01-01 to 2025-03-31,False,tavily,src_search_831265159816,domain:respiratory_therapy_com,rec_src_search_831265159816_029,collection,"Texas Declares Measles Outbreak 'Over' After 762 Cases, Two Child ...",official_public_health_agency,official_public_health_agency,https://respiratory-therapy.com/disorders-diseases/infectious-diseases/other-infections/texas-measles-outbreak-2025,cumulative,Texas,chunk_src_search_831265159816_070,[],"[""filled_metric_period_from_source_reporting_period"", ""ambiguous_metric_column_semantics""]"
,,,,,,,claim_rec_src_search_831265159816_030_observation,active,primary_case_claim_support,public_health_observation,0.85,,case_count,,,United States of America,high,0.8823,2025-03-31,2025-03-31,,live_search_result,Measles,Measles,,event_037,,,,"Of the 260 cases with age data available, 232 have occurred in children under age 18 (80%).",llm_structured_output_extractor,Texas,,,False,False,False,False,False,False,event_037,,evidence is an outbreak summary,outbreak_summary,,False,,Texas DSHS measles outbreak 2025 confirmed cases deaths Lubbock January February March,extract_primary_case_claims,fetch_for_extraction,collection,2025-01-01 to 2025-03-31,False,tavily,src_search_831265159816,domain:respiratory_therapy_com,rec_src_search_831265159816_030,collection,"Texas Declares Measles Outbreak 'Over' After 762 Cases, Two Child ...",official_public_health_agency,official_public_health_agency,https://respiratory-therapy.com/disorders-diseases/infectious-diseases/other-infections/texas-measles-outbreak-2025,subset,Texas,chunk_src_search_831265159816_071,[],"[""filled_metric_period_from_source_reporting_period"", ""ambiguous_metric_column_semantics""]"
,,,,,,,claim_rec_src_search_831265159816_031_observation,active,primary_case_claim_support,public_health_observation,0.85,,case_count,,,United States of America,high,0.8823,2025-03-31,2025-03-31,,live_search_result,Measles,Measles,,event_037,,,,Only 0.65% of confirmed measles cases have occurred in vaccinated individuals.,llm_structured_output_extractor,Texas,,,False,False,False,False,False,False,event_037,,evidence is an outbreak summary,outbreak_summary,,False,,Texas DSHS measles outbreak 2025 confirmed cases deaths Lubbock January February March,extract_primary_case_claims,fetch_for_extraction,collection,2025-01-01 to 2025-03-31,False,tavily,src_search_831265159816,domain:respiratory_therapy_com,rec_src_search_831265159816_031,collection,"Texas Declares Measles Outbreak 'Over' After 762 Cases, Two Child ...",official_public_health_agency,official_public_health_agency,https://respiratory-therapy.com/disorders-diseases/infectious-diseases/other-infections/texas-measles-outbreak-2025,subset,Texas,chunk_src_search_831265159816_072,[],"[""filled_metric_period_from_source_reporting_period"", ""ambiguous_metric_column_semantics""]"
,,2025-03-18,,,,,claim_rec_src_search_831265159816_032_observation,active,primary_case_claim_support,public_health_observation,0.85,,case_count,,,United States of America,high,0.8823,2025-03-20,2025-03-20,,live_search_result,Measles,Measles,,event_021,,,,"According to the department’s data, 36 patients have been hospitalized, and no additional deaths have been reported. Of the 260 cases with age data available, 208 have occurred in children under age 18 (80%).",llm_structured_output_extractor,Texas,,,False,False,False,False,False,False,event_021,,evidence is an outbreak summary,outbreak_summary,,False,,Texas DSHS measles outbreak 2025 confirmed cases deaths Lubbock January February March,extract_primary_case_claims,fetch_for_extraction,collection,"as of March 18, 2025",False,tavily,src_search_831265159816,domain:respiratory_therapy_com,rec_src_search_831265159816_032,collection,"Texas Declares Measles Outbreak 'Over' After 762 Cases, Two Child ...",official_public_health_agency,official_public_health_agency,https://respiratory-therapy.com/disorders-diseases/infectious-diseases/other-infections/texas-measles-outbreak-2025,subset,Texas,chunk_src_search_831265159816_077,[],"[""filled_metric_period_from_source_reporting_period"", ""ambiguous_metric_column_semantics""]"
,,2025-03-18,,,,38.0,claim_rec_src_search_831265159816_033_cases_unspecified,active,primary_case_claim_support,public_health_observation,0.7,cases_unspecified,case_count,,38.0,United States of America,high,0.8823,2025-03-31,2025-03-31,,live_search_result,Measles,Measles,,event_010,,,,"New Mexico is reporting 38 total cases, as of March 18, while Oklahoma is reporting two additional cases, with a total of four statewide, as of March 18.",llm_structured_output_extractor,New Mexico,,,False,True,False,False,False,False,event_010,,record reports unspecified case count,unspecified_case_record,,True,,Texas DSHS measles outbreak 2025 confirmed cases deaths Lubbock January February March,extract_primary_case_claims,fetch_for_extraction,collection,"as of March 18, 2025",False,tavily,src_search_831265159816,domain:respiratory_therapy_com,rec_src_search_831265159816_033,collection,"Texas Declares Measles Outbreak 'Over' After 762 Cases, Two Child ...",official_public_health_agency,official_public_health_agency,https://respiratory-therapy.com/disorders-diseases/infectious-diseases/other-infections/texas-measles-outbreak-2025,cumulative,New Mexico,chunk_src_search_831265159816_079,[],"[""filled_metric_period_from_source_reporting_period"", ""ambiguous_metric_column_semantics""]"
,,2025-03-18,,,,4.0,claim_rec_src_search_831265159816_034_cases_unspecified,active,primary_case_claim_support,public_health_observation,0.7,cases_unspecified,case_count,,4.0,United States of America,high,0.8823,2025-03-31,2025-03-31,,live_search_result,Measles,Measles,,event_012,,,,"New Mexico is reporting 38 total cases, as of March 18, while Oklahoma is reporting two additional cases, with a total of four statewide, as of March 18.",llm_structured_output_extractor,Oklahoma,,,False,True,False,False,False,False,event_012,,record reports unspecified case count,unspecified_case_record,,True,,Texas DSHS measles outbreak 2025 confirmed cases deaths Lubbock January February March,extract_primary_case_claims,fetch_for_extraction,collection,"as of March 18, 2025",False,tavily,src_search_831265159816,domain:respiratory_therapy_com,rec_src_search_831265159816_034,collection,"Texas Declares Measles Outbreak 'Over' After 762 Cases, Two Child ...",official_public_health_agency,official_public_health_agency,https://respiratory-therapy.com/disorders-diseases/infectious-diseases/other-infections/texas-measles-outbreak-2025,cumulative,Oklahoma,chunk_src_search_831265159816_079,[],"[""filled_metric_period_from_source_reporting_period"", ""ambiguous_metric_column_semantics""]"
,,2025-03-14,,,,259.0,claim_rec_src_search_831265159816_035_cases_unspecified,active,primary_case_claim_support,public_health_observation,0.7,cases_unspecified,case_count,,259.0,United States of America,high,0.8823,2025-03-31,2025-03-31,1.0,live_search_result,Measles,Measles,,event_035,,,,"The number of measles cases in the current Texas outbreak has hit 259, according to March 14 data released by The [Texas Department of State Health Services](https://www.dshs.texas.gov/news-alerts/measles-outbreak-feb-28-2025).",llm_structured_output_extractor,Texas,34.0,,False,True,False,False,False,False,event_035,,record reports unspecified case count,unspecified_case_record,,True,,Texas DSHS measles outbreak 2025 confirmed cases deaths Lubbock January February March,extract_primary_case_claims,fetch_for_extraction,collection,"March 14, 2025",False,tavily,src_search_831265159816,domain:respiratory_therapy_com,rec_src_search_831265159816_035,collection,"Texas Declares Measles Outbreak 'Over' After 762 Cases, Two Child ...",official_public_health_agency,official_public_health_agency,https://respiratory-therapy.com/disorders-diseases/infectious-diseases/other-infections/texas-measles-outbreak-2025,cumulative,Texas,chunk_src_search_831265159816_083,[],"[""filled_metric_period_from_source_reporting_period"", ""ambiguous_metric_column_semantics""]"
,,2025-03-14,,,,259.0,claim_rec_src_search_831265159816_035_deaths,active,primary_case_claim_support,public_health_observation,0.7,deaths,case_count,,1.0,United States of America,high,0.8823,2025-03-31,2025-03-31,1.0,live_search_result,Measles,Measles,,event_035,,,,"The number of measles cases in the current Texas outbreak has hit 259, according to March 14 data released by The [Texas Department of State Health Services](https://www.dshs.texas.gov/news-alerts/measles-outbreak-feb-28-2025).",llm_structured_output_extractor,Texas,34.0,,False,False,True,False,False,False,event_035,,record reports death count,death_record,,True,,Texas DSHS measles outbreak 2025 confirmed cases deaths Lubbock January February March,extract_primary_case_claims,fetch_for_extraction,collection,"March 14, 2025",False,tavily,src_search_831265159816,domain:respiratory_therapy_com,rec_src_search_831265159816_035,collection,"Texas Declares Measles Outbreak 'Over' After 762 Cases, Two Child ...",official_public_health_agency,official_public_health_agency,https://respiratory-therapy.com/disorders-diseases/infectious-diseases/other-infections/texas-measles-outbreak-2025,cumulative,Texas,chunk_src_search_831265159816_083,[],"[""filled_metric_period_from_source_reporting_period"", ""ambiguous_metric_column_semantics""]"
,,2025-03-14,,,,259.0,claim_rec_src_search_831265159816_035_hospitalizations,active,primary_case_claim_support,public_health_observation,0.7,hospitalizations,case_count,,34.0,United States of America,high,0.8823,2025-03-31,2025-03-31,1.0,live_search_result,Measles,Measles,,event_035,,,,"The number of measles cases in the current Texas outbreak has hit 259, according to March 14 data released by The [Texas Department of State Health Services](https://www.dshs.texas.gov/news-alerts/measles-outbreak-feb-28-2025).",llm_structured_output_extractor,Texas,34.0,,False,False,False,False,False,False,event_035,,record reports hospitalization count,hospitalization_record,,True,,Texas DSHS measles outbreak 2025 confirmed cases deaths Lubbock January February March,extract_primary_case_claims,fetch_for_extraction,collection,"March 14, 2025",False,tavily,src_search_831265159816,domain:respiratory_therapy_com,rec_src_search_831265159816_035,collection,"Texas Declares Measles Outbreak 'Over' After 762 Cases, Two Child ...",official_public_health_agency,official_public_health_agency,https://respiratory-therapy.com/disorders-diseases/infectious-diseases/other-infections/texas-measles-outbreak-2025,cumulative,Texas,chunk_src_search_831265159816_083,[],"[""filled_metric_period_from_source_reporting_period"", ""ambiguous_metric_column_semantics""]"
,,2025-03-14,,,,,claim_rec_src_search_831265159816_036_hospitalizations,active,primary_case_claim_support,public_health_observation,0.7,hospitalizations,hospitalization_count,,34.0,United States of America,high,0.8823,2025-03-31,2025-03-31,,live_search_result,Measles,Measles,,event_035,,,,"Thirty-four of the cases have resulted in hospitalization, and one death (Feb 26th).",llm_structured_output_extractor,Texas,34.0,,False,False,False,False,False,False,event_035,,record reports hospitalization count,hospitalization_record,,True,,Texas DSHS measles outbreak 2025 confirmed cases deaths Lubbock January February March,extract_primary_case_claims,fetch_for_extraction,collection,"March 14, 2025",False,tavily,src_search_831265159816,domain:respiratory_therapy_com,rec_src_search_831265159816_036,collection,"Texas Declares Measles Outbreak 'Over' After 762 Cases, Two Child ...",official_public_health_agency,official_public_health_agency,https://respiratory-therapy.com/disorders-diseases/infectious-diseases/other-infections/texas-measles-outbreak-2025,cumulative,Texas,chunk_src_search_831265159816_084,[],"[""filled_metric_period_from_source_reporting_period"", ""ambiguous_metric_column_semantics""]"
,,2025-03-14,,,,2.0,claim_rec_src_search_831265159816_037_cases_unspecified,active,primary_case_claim_support,public_health_observation,0.7,cases_unspecified,case_count,,2.0,United States of America,high,0.8823,2025-03-31,2025-03-31,,live_search_result,Measles,Measles,,event_040,,,,The department reports only two cases (out of 259) have occurred in vaccinated persons (zero in patients with one-dose and two in patients with 2+ doses).,llm_structured_output_extractor,Texas,,,False,True,False,False,False,False,event_040,,record reports unspecified case count,unspecified_case_record,,True,,Texas DSHS measles outbreak 2025 confirmed cases deaths Lubbock January February March,extract_primary_case_claims,fetch_for_extraction,collection,"March 14, 2025",False,tavily,src_search_831265159816,domain:respiratory_therapy_com,rec_src_search_831265159816_037,collection,"Texas Declares Measles Outbreak 'Over' After 762 Cases, Two Child ...",official_public_health_agency,official_public_health_agency,https://respiratory-therapy.com/disorders-diseases/infectious-diseases/other-infections/texas-measles-outbreak-2025,subset,Texas,chunk_src_search_831265159816_085,[],"[""filled_metric_period_from_source_reporting_period"", ""ambiguous_metric_column_semantics""]"
,,2025-03-14,,,,,claim_rec_src_search_831265159816_038_observation,active,primary_case_claim_support,public_health_observation,0.7,,case_count,,,United States of America,high,0.8823,2025-03-31,2025-03-31,,live_search_result,Measles,Measles,,event_040,,,,Only 0.7% of confirmed measles cases have occurred in vaccinated individuals.,llm_structured_output_extractor,Texas,,,False,False,False,False,False,False,event_040,,evidence is an outbreak summary,outbreak_summary,,False,,Texas DSHS measles outbreak 2025 confirmed cases deaths Lubbock January February March,extract_primary_case_claims,fetch_for_extraction,collection,"March 14, 2025",False,tavily,src_search_831265159816,domain:respiratory_therapy_com,rec_src_search_831265159816_038,collection,"Texas Declares Measles Outbreak 'Over' After 762 Cases, Two Child ...",official_public_health_agency,official_public_health_agency,https://respiratory-therapy.com/disorders-diseases/infectious-diseases/other-infections/texas-measles-outbreak-2025,subset,Texas,chunk_src_search_831265159816_078,[],"[""filled_metric_period_from_source_reporting_period"", ""ambiguous_metric_column_semantics""]"
,,2025-03-11,223.0,,,,claim_rec_src_search_831265159816_039_cases_confirmed,active,primary_case_claim_support,public_health_observation,0.85,cases_confirmed,case_count,,223.0,United States of America,high,0.8823,2025-03-31,2025-03-31,,live_search_result,Measles,Measles,,event_027,,,,"The current Texas outbreak of measles has surpassed the 200 mark and now sits at 223 confirmed cases, according to March 11 data released by The [Texas Department of State Health Services](https://www.dshs.texas.gov/news-alerts/measles-outbreak-feb-28-2025).",llm_structured_output_extractor,Texas,,,False,True,False,False,False,False,event_027,,record reports confirmed case count,confirmed_case_record,,True,,Texas DSHS measles outbreak 2025 confirmed cases deaths Lubbock January February March,extract_primary_case_claims,fetch_for_extraction,collection,"as of March 11, 2025",False,tavily,src_search_831265159816,domain:respiratory_therapy_com,rec_src_search_831265159816_039,collection,"Texas Declares Measles Outbreak 'Over' After 762 Cases, Two Child ...",official_public_health_agency,official_public_health_agency,https://respiratory-therapy.com/disorders-diseases/infectious-diseases/other-infections/texas-measles-outbreak-2025,cumulative,Texas,chunk_src_search_831265159816_091,[],"[""filled_metric_period_from_source_reporting_period"", ""ambiguous_metric_column_semantics""]"
,,2025-03-11,,,,174.0,claim_rec_src_search_831265159816_040_cases_unspecified,active,primary_case_claim_support,public_health_observation,0.85,cases_unspecified,case_count,,174.0,United States of America,high,0.8823,2025-03-31,2025-03-31,,live_search_result,Measles,Measles,,event_039,,,,"One hundred seventy-four of the cases have been confirmed in children under age 18, and 80 of the cases in unvaccinated individuals compared to five in those vaccinated with one dose of the MMR vaccine.",llm_structured_output_extractor,Texas,,,False,True,False,False,False,False,event_039,,record reports unspecified case count,unspecified_case_record,,True,,Texas DSHS measles outbreak 2025 confirmed cases deaths Lubbock January February March,extract_primary_case_claims,fetch_for_extraction,collection,"as of March 11, 2025",False,tavily,src_search_831265159816,domain:respiratory_therapy_com,rec_src_search_831265159816_040,collection,"Texas Declares Measles Outbreak 'Over' After 762 Cases, Two Child ...",official_public_health_agency,official_public_health_agency,https://respiratory-therapy.com/disorders-diseases/infectious-diseases/other-infections/texas-measles-outbreak-2025,subset,Texas,chunk_src_search_831265159816_092,[],"[""filled_metric_period_from_source_reporting_period"", ""ambiguous_metric_column_semantics""]"
,,2025-03-11,,,,156.0,claim_rec_src_search_831265159816_041_cases_unspecified,active,primary_case_claim_support,public_health_observation,0.85,cases_unspecified,case_count,,156.0,United States of America,high,0.8823,2025-03-31,2025-03-31,,live_search_result,Measles,Measles,,event_014,,,,Seventy percent of the cases (156) have occurred in Gaines County in West Texas on the border with New Mexico.,llm_structured_output_extractor,"Gaines County, Texas",,,False,True,False,False,False,False,event_014,,record reports unspecified case count,unspecified_case_record,,True,,Texas DSHS measles outbreak 2025 confirmed cases deaths Lubbock January February March,extract_primary_case_claims,fetch_for_extraction,collection,"as of March 11, 2025",False,tavily,src_search_831265159816,domain:respiratory_therapy_com,rec_src_search_831265159816_041,collection,"Texas Declares Measles Outbreak 'Over' After 762 Cases, Two Child ...",official_public_health_agency,official_public_health_agency,https://respiratory-therapy.com/disorders-diseases/infectious-diseases/other-infections/texas-measles-outbreak-2025,subset,"Texas, Gaines County",chunk_src_search_831265159816_093,[],"[""filled_metric_period_from_source_reporting_period"", ""ambiguous_metric_column_semantics""]"
,,,,,,35.0,claim_rec_src_search_831265159816_042_cases_unspecified,active,primary_case_claim_support,public_health_observation,0.85,cases_unspecified,case_count,,35.0,United States of America,high,0.8823,2025-03-31,2025-03-31,,live_search_result,Measles,Measles,,event_009,,,,"Meanwhile, New Mexico’s measles outbreak has grown to 35 cases, and Oklahoma remains at two cases, all related to the Texas outbreak.",llm_structured_output_extractor,New Mexico,,,False,True,False,False,False,False,event_009,,record reports unspecified case count,unspecified_case_record,,True,,Texas DSHS measles outbreak 2025 confirmed cases deaths Lubbock January February March,extract_primary_case_claims,fetch_for_extraction,collection,2025-01-01 to 2025-03-31,False,tavily,src_search_831265159816,domain:respiratory_therapy_com,rec_src_search_831265159816_042,collection,"Texas Declares Measles Outbreak 'Over' After 762 Cases, Two Child ...",official_public_health_agency,official_public_health_agency,https://respiratory-therapy.com/disorders-diseases/infectious-diseases/other-infections/texas-measles-outbreak-2025,cumulative,New Mexico,chunk_src_search_831265159816_086,[],"[""filled_metric_period_from_source_reporting_period"", ""ambiguous_metric_column_semantics""]"
,,,,,,2.0,claim_rec_src_search_831265159816_043_cases_unspecified,active,primary_case_claim_support,public_health_observation,0.85,cases_unspecified,case_count,,2.0,United States of America,high,0.8823,2025-03-31,2025-03-31,,live_search_result,Measles,Measles,,event_011,,,,"Meanwhile, New Mexico’s measles outbreak has grown to 35 cases, and Oklahoma remains at two cases, all related to the Texas outbreak.",llm_structured_output_extractor,Oklahoma,,,False,True,False,False,False,False,event_011,,record reports unspecified case count,unspecified_case_record,,True,,Texas DSHS measles outbreak 2025 confirmed cases deaths Lubbock January February March,extract_primary_case_claims,fetch_for_extraction,collection,2025-01-01 to 2025-03-31,False,tavily,src_search_831265159816,domain:respiratory_therapy_com,rec_src_search_831265159816_043,collection,"Texas Declares Measles Outbreak 'Over' After 762 Cases, Two Child ...",official_public_health_agency,official_public_health_agency,https://respiratory-therapy.com/disorders-diseases/infectious-diseases/other-infections/texas-measles-outbreak-2025,cumulative,Oklahoma,chunk_src_search_831265159816_086,[],"[""filled_metric_period_from_source_reporting_period"", ""ambiguous_metric_column_semantics""]"
,,,,,,296.0,claim_rec_src_search_831265159816_044_cases_unspecified,active,primary_case_claim_support,public_health_observation,0.85,cases_unspecified,case_count,,296.0,United States of America,high,0.8823,2025-03-31,2025-03-31,,live_search_result,Measles,Measles,,event_015,,,,"According to CNN.com, the three-state outbreak has reached 296 cases, which is already [greater than the 285 total cases](https://www.cnn.com/2025/03/14/health/measles-outbreak-2025/index.html) the United States documented in all of 2024.",llm_structured_output_extractor,"Texas, New Mexico, Oklahoma",,,False,True,False,False,False,False,event_015,,record reports unspecified case count,unspecified_case_record,,True,,Texas DSHS measles outbreak 2025 confirmed cases deaths Lubbock January February March,extract_primary_case_claims,fetch_for_extraction,collection,2025-01-01 to 2025-03-31,False,tavily,src_search_831265159816,domain:respiratory_therapy_com,rec_src_search_831265159816_044,collection,"Texas Declares Measles Outbreak 'Over' After 762 Cases, Two Child ...",official_public_health_agency,official_public_health_agency,https://respiratory-therapy.com/disorders-diseases/infectious-diseases/other-infections/texas-measles-outbreak-2025,cumulative,"Texas, New Mexico, Oklahoma",chunk_src_search_831265159816_087,[],"[""filled_metric_period_from_source_reporting_period"", ""ambiguous_metric_column_semantics""]"
,,2025-03-14,,,,320.0,claim_rec_src_search_831265159816_045_cases_unspecified,active,primary_case_claim_support,public_health_observation,0.85,cases_unspecified,case_count,,320.0,United States of America,high,0.8823,2025-03-31,2025-03-31,,live_search_result,Measles,Measles,,event_005,,,,"As of March 14, 2025, CNN data estimates 320 cases in 2025, and “experts say this is probably a severe undercount.”",llm_structured_output_extractor,United States,,,False,True,False,False,False,False,event_005,,record reports unspecified case count,unspecified_case_record,,True,,Texas DSHS measles outbreak 2025 confirmed cases deaths Lubbock January February March,extract_primary_case_claims,fetch_for_extraction,collection,"as of March 14, 2025",False,tavily,src_search_831265159816,domain:respiratory_therapy_com,rec_src_search_831265159816_045,collection,"Texas Declares Measles Outbreak 'Over' After 762 Cases, Two Child ...",official_public_health_agency,official_public_health_agency,https://respiratory-therapy.com/disorders-diseases/infectious-diseases/other-infections/texas-measles-outbreak-2025,cumulative,,chunk_src_search_831265159816_088,[],"[""filled_metric_period_from_source_reporting_period"", ""ambiguous_metric_column_semantics""]"
,,2025-03-07,,,,198.0,claim_rec_src_search_831265159816_046_cases_unspecified,active,primary_case_claim_support,public_health_observation,0.85,cases_unspecified,case_count,,198.0,United States of America,high,0.8823,2025-03-07,2025-03-07,,live_search_result,Measles,Measles,,event_018,,,,## Texas Measles Outbreak Reaches 198 Cases,llm_structured_output_extractor,Texas,23.0,,False,True,False,False,False,False,event_018,,record reports unspecified case count,unspecified_case_record,,True,,Texas DSHS measles outbreak 2025 confirmed cases deaths Lubbock January February March,extract_primary_case_claims,fetch_for_extraction,collection,"as of March 7, 2025",False,tavily,src_search_831265159816,domain:respiratory_therapy_com,rec_src_search_831265159816_046,collection,"Texas Declares Measles Outbreak 'Over' After 762 Cases, Two Child ...",official_public_health_agency,official_public_health_agency,https://respiratory-therapy.com/disorders-diseases/infectious-diseases/other-infections/texas-measles-outbreak-2025,cumulative,Texas,chunk_src_search_831265159816_096,[],"[""filled_metric_period_from_source_reporting_period"", ""ambiguous_metric_column_semantics""]"
,,2025-03-07,,,,198.0,claim_rec_src_search_831265159816_046_hospitalizations,active,primary_case_claim_support,public_health_observation,0.85,hospitalizations,case_count,,23.0,United States of America,high,0.8823,2025-03-07,2025-03-07,,live_search_result,Measles,Measles,,event_018,,,,## Texas Measles Outbreak Reaches 198 Cases,llm_structured_output_extractor,Texas,23.0,,False,False,False,False,False,False,event_018,,record reports hospitalization count,hospitalization_record,,True,,Texas DSHS measles outbreak 2025 confirmed cases deaths Lubbock January February March,extract_primary_case_claims,fetch_for_extraction,collection,"as of March 7, 2025",False,tavily,src_search_831265159816,domain:respiratory_therapy_com,rec_src_search_831265159816_046,collection,"Texas Declares Measles Outbreak 'Over' After 762 Cases, Two Child ...",official_public_health_agency,official_public_health_agency,https://respiratory-therapy.com/disorders-diseases/infectious-diseases/other-infections/texas-measles-outbreak-2025,cumulative,Texas,chunk_src_search_831265159816_096,[],"[""filled_metric_period_from_source_reporting_period"", ""ambiguous_metric_column_semantics""]"
,,2025-03-07,,,,,claim_rec_src_search_831265159816_047_hospitalizations,active,primary_case_claim_support,public_health_observation,0.85,hospitalizations,hospitalization_count,,23.0,United States of America,high,0.8823,2025-03-07,2025-03-07,,live_search_result,Measles,Measles,,event_018,,,,"One additional person has been hospitalized, bringing the count to 23. No additional deaths were reported.",llm_structured_output_extractor,Texas,23.0,,False,False,False,False,False,False,event_018,,record reports hospitalization count,hospitalization_record,,True,,Texas DSHS measles outbreak 2025 confirmed cases deaths Lubbock January February March,extract_primary_case_claims,fetch_for_extraction,collection,"as of March 7, 2025",False,tavily,src_search_831265159816,domain:respiratory_therapy_com,rec_src_search_831265159816_047,collection,"Texas Declares Measles Outbreak 'Over' After 762 Cases, Two Child ...",official_public_health_agency,official_public_health_agency,https://respiratory-therapy.com/disorders-diseases/infectious-diseases/other-infections/texas-measles-outbreak-2025,cumulative,Texas,chunk_src_search_831265159816_098,[],"[""filled_metric_period_from_source_reporting_period"", ""ambiguous_metric_column_semantics""]"
,,2025-03-07,,,,153.0,claim_rec_src_search_831265159816_048_cases_unspecified,active,primary_case_claim_support,public_health_observation,0.85,cases_unspecified,case_count,,153.0,United States of America,high,0.8823,2025-03-07,2025-03-07,,live_search_result,Measles,Measles,,event_019,,,,"According to the state’s data, 153 of the cases have occurred in children under the age of 18. Eighty of the 85 confirmed cases with a known vaccination status have occurred in unvaccinated persons, or 94%.",llm_structured_output_extractor,Texas,,,False,True,False,False,False,False,event_019,,record reports unspecified case count,unspecified_case_record,,True,,Texas DSHS measles outbreak 2025 confirmed cases deaths Lubbock January February March,extract_primary_case_claims,fetch_for_extraction,collection,"as of March 7, 2025",False,tavily,src_search_831265159816,domain:respiratory_therapy_com,rec_src_search_831265159816_048,collection,"Texas Declares Measles Outbreak 'Over' After 762 Cases, Two Child ...",official_public_health_agency,official_public_health_agency,https://respiratory-therapy.com/disorders-diseases/infectious-diseases/other-infections/texas-measles-outbreak-2025,subset,Texas,chunk_src_search_831265159816_099,[],"[""filled_metric_period_from_source_reporting_period"", ""ambiguous_metric_column_semantics""]"
,,2025-03-07,80.0,,,,claim_rec_src_search_831265159816_049_cases_confirmed,active,primary_case_claim_support,public_health_observation,0.85,cases_confirmed,case_count,,80.0,United States of America,high,0.8823,2025-03-07,2025-03-07,,live_search_result,Measles,Measles,,event_019,,,,"According to the state’s data, 153 of the cases have occurred in children under the age of 18. Eighty of the 85 confirmed cases with a known vaccination status have occurred in unvaccinated persons, or 94%.",llm_structured_output_extractor,Texas,,,False,True,False,False,False,False,event_019,,record reports confirmed case count,confirmed_case_record,,True,,Texas DSHS measles outbreak 2025 confirmed cases deaths Lubbock January February March,extract_primary_case_claims,fetch_for_extraction,collection,"as of March 7, 2025",False,tavily,src_search_831265159816,domain:respiratory_therapy_com,rec_src_search_831265159816_049,collection,"Texas Declares Measles Outbreak 'Over' After 762 Cases, Two Child ...",official_public_health_agency,official_public_health_agency,https://respiratory-therapy.com/disorders-diseases/infectious-diseases/other-infections/texas-measles-outbreak-2025,subset,Texas,chunk_src_search_831265159816_099,[],"[""filled_metric_period_from_source_reporting_period"", ""ambiguous_metric_column_semantics""]"
,,,,,,2.0,claim_rec_src_search_831265159816_050_cases_unspecified,active,primary_case_claim_support,public_health_observation,0.85,cases_unspecified,case_count,,2.0,United States of America,high,0.8823,2025-03-31,2025-03-31,,live_search_result,Measles,Measles,,event_011,,,,"The Texas epidemic has been linked to an outbreak in New Mexico as well as a two cases in Oklahoma, [according to The Hill](https://thehill.com/homenews/state-watch/5191117-measles-outbreak-texas-new-mexico/).",llm_structured_output_extractor,Oklahoma,,,False,True,False,False,False,False,event_011,,record reports unspecified case count,unspecified_case_record,,True,,Texas DSHS measles outbreak 2025 confirmed cases deaths Lubbock January February March,extract_primary_case_claims,fetch_for_extraction,collection,2025-01-01 to 2025-03-31,False,tavily,src_search_831265159816,domain:respiratory_therapy_com,rec_src_search_831265159816_050,collection,"Texas Declares Measles Outbreak 'Over' After 762 Cases, Two Child ...",official_public_health_agency,official_public_health_agency,https://respiratory-therapy.com/disorders-diseases/infectious-diseases/other-infections/texas-measles-outbreak-2025,cumulative,Oklahoma,chunk_src_search_831265159816_094,[],"[""filled_metric_period_from_source_reporting_period"", ""ambiguous_metric_column_semantics""]"
