actual_publisher,allowed_decision_types,date_or_period,disease,evidence_quote,issue_category,issue_type,location,priority_level,priority_rank,recommended_artifacts_to_open,short_title,source_title,source_url,suggested_action,suggested_reviewer_question,target_ids,target_type,why_it_matters
,needs_more_evidence; defer_decision,2024-01-01-2024-03-31,Dengue,Comparable public-health claims conflict and require review.,conflicting_claims_review,claim_corroboration_conflict,Brazil,P0_critical,1,human_review_items; record_inclusion_decisions; claims; claim_comparisons; corroborated_events,conflicting claims review - review_claim_corroboration_conflict_corr_event_001 - Brazil reports 217K probable dengue cases during the fir...,Brazil reports 217K probable dengue cases during the first weeks of ...,https://outbreaknewstoday.substack.com/p/brazil-reports-217k-probable-dengue,review_claim_corroboration,Which claim should be treated as comparable evidence after review?,claim_rec_src_search_2ac70c766155_004_cases_probable; claim_rec_src_search_2ac70c766155_005_deaths; claim_rec_src_search_2ac70c766155_006_deaths; claim_rec_src_search_2ac70c766155_007_observation; claim_rec_src_search_2ac70c766155_008_cases_probable; claim_rec_src_search_2ac70c766155_001_cases_probable; claim_rec_src_search_2ac70c766155_002_cases_probable; claim_rec_src_search_2ac70c766155_003_cases_confirmed; claim_rec_src_search_2ac70c766155_003_deaths; claim_rec_src_search_0d8e5c276e4c_001_cases_probable; claim_rec_src_search_0d8e5c276e4c_003_cases_unspecified; claim_rec_src_search_0d8e5c276e4c_002_deaths; src_search_2ac70c766155; src_search_0d8e5c276e4c; corr_event_001,claim,"Comparable claims conflict and may affect cases, date, location, or count semantics."
,accept_as_is; correct_fields; reject_record; mark_requires_review; mark_review_resolved; mark_non_countable; mark_countable; mark_duplicate; mark_not_duplicate; needs_more_evidence; defer_decision,2024-10-18,Dengue,"![Brand](https://www.cofen.gov.br/wp-content/themes/cofen/assets/imagens/logo-cofen.png) ![Transparência e Prestação de Contas](https://www.cofen.gov.br/wp-content/uploads/2023/09/transp_logo-1.png) ###### Transparência e Prestação de Contas ### Dengue aumentou 400% no Brasil em 2024 em comparação ao ano passado ##### Apesar de uma queda recente nos casos, especialistas alertam que a doença voltará a crescer em dezembro 18.10.2024 ![Mosquito Aedes aegypti. Feche um Mosquito sugando sangue humano](https://www.cofen.gov.br/wp-content/uploads/2024/10/mosquito-aedes-aegypti-feche-um-mosquito-sugando-sangue-humano_45334-157.avif) O Brasil registrou 6,5 milhões de casos prováveis de dengue até 7 de outubro de 2024, de acordo com o [Painel de Monitoramento das Arboviroses](https://www.gov.br/s...",possible_primary_case_evidence,duplicate_event_clustering,Brazil,P0_critical,2,human_review_items; record_inclusion_decisions; quarantined_records; context_records; final_case_dataset; claims; claim_comparisons; corroborated_events,possible primary case evidence - review_duplicate_event_003 - Dengue aumentou 400% no Brasil em 2024 em comparação ao ano passado - Cofen,Dengue aumentou 400% no Brasil em 2024 em comparação ao ano passado - Cofen,https://www.cofen.gov.br/dengue-aumentou-400-no-brasil-em-2024-em-comparacao-ao-ano-passado,Inspect corroboration and source identity before deciding whether a structured human decision is warranted.,Is this a task-compatible primary case observation or only context/secondary evidence?,rec_src_search_0cb54d17a3e3_001; rec_src_search_0cb54d17a3e3_002; rec_src_search_0cb54d17a3e3_003; rec_src_search_0cb54d17a3e3_004; event_003,record,"No accepted primary case dataset records exist, and this item may contain possible primary case evidence."
,accept_as_is; correct_fields; reject_record; mark_requires_review; mark_review_resolved; mark_non_countable; mark_countable; mark_duplicate; mark_not_duplicate; needs_more_evidence; defer_decision,2024-01-30,Dengue,"[Latin America and the Caribbean](https://outbreaknewstoday.substack.com/s/latin-america-and-the-caribbean/?utm_source=substack&utm_medium=menu) # Brazil reports 217K probable dengue cases during the first weeks of 2024 ### Nearly 13,000 chikungunya cases reported [Robert Herriman](https://substack.com/@outbreaknewstoday) Jan 30, 2024 Brazil health authorities report today a cumulative 217,841 probable cases of dengue in 2024 to date. There are 15 confirmed deaths and another 149 under investigation. Based on the latest data, the incidence of dengue in the country is 107.1 cases for each group of 100,000 inhabitants, while the disease's fatality rate is 0.9%. The number of cases are a 80 percent increase over the 120,874 probable cases of the disease reported last week. Photo by [Leandr...",possible_primary_case_evidence,duplicate_event_clustering,Brazil,P0_critical,3,human_review_items; record_inclusion_decisions; quarantined_records; context_records; final_case_dataset; claims; claim_comparisons; corroborated_events,possible primary case evidence - review_duplicate_event_005 - Brazil reports 217K probable dengue cases during the first weeks of ...,Brazil reports 217K probable dengue cases during the first weeks of ...,https://outbreaknewstoday.substack.com/p/brazil-reports-217k-probable-dengue,Inspect corroboration and source identity before deciding whether a structured human decision is warranted.,Is this a task-compatible primary case observation or only context/secondary evidence?,rec_src_search_2ac70c766155_004; rec_src_search_2ac70c766155_005; rec_src_search_2ac70c766155_006; rec_src_search_2ac70c766155_007; event_005,record,"No accepted primary case dataset records exist, and this item may contain possible primary case evidence."
,accept_as_is; correct_fields; reject_record; mark_requires_review; mark_review_resolved; mark_non_countable; mark_countable; mark_duplicate; mark_not_duplicate; needs_more_evidence; defer_decision,2024-04-18,Dengue,"## Content Search Informing humanitarians worldwide 24/7 — a service provided by UN OCHA [Brazil](/country/bra) + 23 more # Situation Report No 14 - Dengue Epidemiological Situation in the Region of the Americas - Epidemiological Week 13, 2024 Format : Situation Report Source : * [PAHO](/organization/paho) Posted Originally published Origin : [View original](https://www.paho.org/en/documents/situation-report-no-14-dengue-epidemiological-situation-region-americas-epidemiological) ## Attachments * [![Preview of 2024-cde-dengue-sitrep-americas-epi-week-13-18-apr.pdf](/sites/default/files/styles/small/public/previews/2d/3c/2d3cc80a-8c2d-44d6-aa00-73f02f563d0f.png?2522960-1-0) **Download Report** (PDF | 249.89 KB)](/attachments/2d3cc80a-8c2d-44d6-aa00-73f02f563d0f/2024-cde-dengue-sitrep-amer...",possible_primary_case_evidence,duplicate_event_clustering,Brazil,P0_critical,4,human_review_items; record_inclusion_decisions; quarantined_records; context_records; final_case_dataset; claims; claim_comparisons; corroborated_events,"possible primary case evidence - review_duplicate_event_007 - Situation Report No 14 - Epidemiological Week 13, 2024 - Brazil","Situation Report No 14 - Epidemiological Week 13, 2024 - Brazil",https://reliefweb.int/report/brazil/situation-report-no-14-dengue-epidemiological-situation-region-americas-epidemiological-week-13-2024,Inspect corroboration and source identity before deciding whether a structured human decision is warranted.,Is this a task-compatible primary case observation or only context/secondary evidence?,rec_src_search_d40be1c01bdd_001; rec_src_search_d40be1c01bdd_002; event_007,record,"No accepted primary case dataset records exist, and this item may contain possible primary case evidence."
,accept_anomaly; dismiss_anomaly; confirm_anomaly; mark_anomaly_resolved; mark_anomaly_needs_more_evidence,2024-01-01-2024-03-31,Dengue,"![](https://www.scielo.br/media/images/rsbmt_logo.png) # Open-access The greatest Dengue epidemic in Brazil: Surveillance, Prevention, and Control ![Open-access](https://ds.scielo.org/img/logo-open-access.svg) ## ABSTRACT In this review, we discuss dengue surveillance, prevention, and control measures in Brazil. Data on dengue epidemics between 2000 and 2024 indicates an increase in the number of dengue cases and deaths. Global climate change is a key driver of this growth. Over the past 25 years, nearly 18 million Brazilians have been infected with the dengue virus, and the highest number of dengue cases in Brazil's history is projected to reach 2024. Dengue mortality in Brazil increased geographically over time. As of June, there were approximately 6 million probable cases and 4,000 c...",validation_conflict_review,anomaly,Brazil,P0_critical,5,human_review_items; record_inclusion_decisions; validation_results; validation_source_compatibility_summary; anomaly_results,"validation conflict review - review_anomaly_anom_023 - Brasil - The greatest Dengue epidemic in Brazil: Surveillance, Prevention, and Con...","Brasil - The greatest Dengue epidemic in Brazil: Surveillance, Prevention, and Control The greatest Dengue epidemic in Brazil: Surveillance, Prevention, and Control",https://www.scielo.br/j/rsbmt/a/gTT8ZZVR8g4Xx9xQPyp4GBz?lang=en,resolve_validation_conflict,"What decision, if any, should a human reviewer record?",src_search_0d8e5c276e4c; event_002; anom_023; val_result_029,anomaly,This review item requires human inspection before it should affect downstream interpretation.
,accept_anomaly; dismiss_anomaly; confirm_anomaly; mark_anomaly_resolved; mark_anomaly_needs_more_evidence,2024-01-01-2024-03-31,Dengue,"![Brand](https://www.cofen.gov.br/wp-content/themes/cofen/assets/imagens/logo-cofen.png) ![Transparência e Prestação de Contas](https://www.cofen.gov.br/wp-content/uploads/2023/09/transp_logo-1.png) ###### Transparência e Prestação de Contas ### Dengue aumentou 400% no Brasil em 2024 em comparação ao ano passado ##### Apesar de uma queda recente nos casos, especialistas alertam que a doença voltará a crescer em dezembro 18.10.2024 ![Mosquito Aedes aegypti. Feche um Mosquito sugando sangue humano](https://www.cofen.gov.br/wp-content/uploads/2024/10/mosquito-aedes-aegypti-feche-um-mosquito-sugando-sangue-humano_45334-157.avif) O Brasil registrou 6,5 milhões de casos prováveis de dengue até 7 de outubro de 2024, de acordo com o [Painel de Monitoramento das Arboviroses](https://www.gov.br/s...",validation_conflict_review,anomaly,Brazil,P0_critical,6,human_review_items; record_inclusion_decisions; validation_results; validation_source_compatibility_summary; anomaly_results,validation conflict review - review_anomaly_anom_024 - Dengue aumentou 400% no Brasil em 2024 em comparação ao ano passado - Cofen,Dengue aumentou 400% no Brasil em 2024 em comparação ao ano passado - Cofen,https://www.cofen.gov.br/dengue-aumentou-400-no-brasil-em-2024-em-comparacao-ao-ano-passado,resolve_validation_conflict,"What decision, if any, should a human reviewer record?",src_search_0cb54d17a3e3; event_003; anom_024; val_result_031,anomaly,This review item requires human inspection before it should affect downstream interpretation.
,accept_anomaly; dismiss_anomaly; confirm_anomaly; mark_anomaly_resolved; mark_anomaly_needs_more_evidence,2024-01-01-2024-03-31,Dengue,"![Brand](https://www.cofen.gov.br/wp-content/themes/cofen/assets/imagens/logo-cofen.png) ![Transparência e Prestação de Contas](https://www.cofen.gov.br/wp-content/uploads/2023/09/transp_logo-1.png) ###### Transparência e Prestação de Contas ### Dengue aumentou 400% no Brasil em 2024 em comparação ao ano passado ##### Apesar de uma queda recente nos casos, especialistas alertam que a doença voltará a crescer em dezembro 18.10.2024 ![Mosquito Aedes aegypti. Feche um Mosquito sugando sangue humano](https://www.cofen.gov.br/wp-content/uploads/2024/10/mosquito-aedes-aegypti-feche-um-mosquito-sugando-sangue-humano_45334-157.avif) O Brasil registrou 6,5 milhões de casos prováveis de dengue até 7 de outubro de 2024, de acordo com o [Painel de Monitoramento das Arboviroses](https://www.gov.br/s...",validation_conflict_review,anomaly,Brazil,P0_critical,7,human_review_items; record_inclusion_decisions; validation_results; validation_source_compatibility_summary; anomaly_results,validation conflict review - review_anomaly_anom_025 - Dengue aumentou 400% no Brasil em 2024 em comparação ao ano passado - Cofen,Dengue aumentou 400% no Brasil em 2024 em comparação ao ano passado - Cofen,https://www.cofen.gov.br/dengue-aumentou-400-no-brasil-em-2024-em-comparacao-ao-ano-passado,resolve_validation_conflict,"What decision, if any, should a human reviewer record?",src_search_0cb54d17a3e3; event_003; anom_025; val_result_032,anomaly,This review item requires human inspection before it should affect downstream interpretation.
,accept_anomaly; dismiss_anomaly; confirm_anomaly; mark_anomaly_resolved; mark_anomaly_needs_more_evidence,2024-01-01-2024-03-31,Dengue,"[Latin America and the Caribbean](https://outbreaknewstoday.substack.com/s/latin-america-and-the-caribbean/?utm_source=substack&utm_medium=menu) # Brazil reports 217K probable dengue cases during the first weeks of 2024 ### Nearly 13,000 chikungunya cases reported [Robert Herriman](https://substack.com/@outbreaknewstoday) Jan 30, 2024 Brazil health authorities report today a cumulative 217,841 probable cases of dengue in 2024 to date. There are 15 confirmed deaths and another 149 under investigation. Based on the latest data, the incidence of dengue in the country is 107.1 cases for each group of 100,000 inhabitants, while the disease's fatality rate is 0.9%. The number of cases are a 80 percent increase over the 120,874 probable cases of the disease reported last week. Photo by [Leandr...",validation_conflict_review,anomaly,Brazil,P0_critical,8,human_review_items; record_inclusion_decisions; validation_results; validation_source_compatibility_summary; anomaly_results,validation conflict review - review_anomaly_anom_026 - Brazil reports 217K probable dengue cases during the first weeks of ...,Brazil reports 217K probable dengue cases during the first weeks of ...,https://outbreaknewstoday.substack.com/p/brazil-reports-217k-probable-dengue,resolve_validation_conflict,"What decision, if any, should a human reviewer record?",src_search_2ac70c766155; event_005; anom_026; val_result_035,anomaly,This review item requires human inspection before it should affect downstream interpretation.
,accept_anomaly; dismiss_anomaly; confirm_anomaly; mark_anomaly_resolved; mark_anomaly_needs_more_evidence,2024-01-01-2024-03-31,Dengue,"[Latin America and the Caribbean](https://outbreaknewstoday.substack.com/s/latin-america-and-the-caribbean/?utm_source=substack&utm_medium=menu) # Brazil reports 217K probable dengue cases during the first weeks of 2024 ### Nearly 13,000 chikungunya cases reported [Robert Herriman](https://substack.com/@outbreaknewstoday) Jan 30, 2024 Brazil health authorities report today a cumulative 217,841 probable cases of dengue in 2024 to date. There are 15 confirmed deaths and another 149 under investigation. Based on the latest data, the incidence of dengue in the country is 107.1 cases for each group of 100,000 inhabitants, while the disease's fatality rate is 0.9%. The number of cases are a 80 percent increase over the 120,874 probable cases of the disease reported last week. Photo by [Leandr...",validation_conflict_review,anomaly,Brazil,P0_critical,9,human_review_items; record_inclusion_decisions; validation_results; validation_source_compatibility_summary; anomaly_results,validation conflict review - review_anomaly_anom_027 - Brazil reports 217K probable dengue cases during the first weeks of ...,Brazil reports 217K probable dengue cases during the first weeks of ...,https://outbreaknewstoday.substack.com/p/brazil-reports-217k-probable-dengue,resolve_validation_conflict,"What decision, if any, should a human reviewer record?",src_search_2ac70c766155; event_005; anom_027; val_result_036,anomaly,This review item requires human inspection before it should affect downstream interpretation.
,accept_anomaly; dismiss_anomaly; confirm_anomaly; mark_anomaly_resolved; mark_anomaly_needs_more_evidence,2024-01-01-2024-03-31,Dengue,# Brazil reports 217K probable dengue cases during the first weeks of 2024,validation_conflict_review,anomaly,Brazil,P0_critical,10,human_review_items; record_inclusion_decisions; validation_results; validation_source_compatibility_summary; anomaly_results,validation conflict review - review_anomaly_anom_028 - Brazil reports 217K probable dengue cases during the first weeks of ...,Brazil reports 217K probable dengue cases during the first weeks of ...,https://outbreaknewstoday.substack.com/p/brazil-reports-217k-probable-dengue,resolve_validation_conflict,"What decision, if any, should a human reviewer record?",src_search_2ac70c766155; event_010; anom_028; val_result_042,anomaly,This review item requires human inspection before it should affect downstream interpretation.
,accept_anomaly; dismiss_anomaly; confirm_anomaly; mark_anomaly_resolved; mark_anomaly_needs_more_evidence,2024-01-01-2024-03-31,Dengue,"o explicado por outras condições, que resida ou tenha viajado para áreas de transmissão até 14 dias antes do início dos sintomas, ou que tenha vínculo epidemiológico com um caso importado confirmado. ZIKA Pacientes que apresentam exantema maculopapular pruriginoso, acompanhado de um ou mais dos seguintes sinais e sintomas: febre (podendo apresentar-se baixa ≤38,5°C), hiperemia conjuntival/conjuntivite não purulenta, artralgia/poliartralgia, edema periarticular. NOTIFICAÇÃO PACIENTES ATENDIDOS NO HNSC E HCC: - Os profissionais da saúde devem preencher a FICHA DE NOTIFICAÇÃO INDIVIDUAL DO SINAN disponível no repositório de documentos no prontuário eletrônico do GHC Sistemas: Vigilância epidemiológica – Núcleo Hospitalar de Epidemiologia – Fichas de Notificação. - A FICHA DE NOTIFICAÇÃO IN...",validation_conflict_review,anomaly,Brazil,P0_critical,11,human_review_items; record_inclusion_decisions; validation_results; validation_source_compatibility_summary; anomaly_results,"validation conflict review - review_anomaly_anom_029 - [PDF] Informe Epidemiológico DENGUE, CHIKUNGUNYA E ZIKA - GHC","[PDF] Informe Epidemiológico DENGUE, CHIKUNGUNYA E ZIKA - GHC",https://www.ghc.com.br/files/DENGUE_SE26.pdf,resolve_validation_conflict,"What decision, if any, should a human reviewer record?",src_search_2eb1c67db46f; event_012; anom_029; val_result_045,anomaly,This review item requires human inspection before it should affect downstream interpretation.
,accept_as_is; correct_fields; reject_record; mark_requires_review; mark_review_resolved; mark_non_countable; mark_countable; mark_duplicate; mark_not_duplicate; needs_more_evidence; defer_decision,2024-10-18,Dengue,"![Brand](https://www.cofen.gov.br/wp-content/themes/cofen/assets/imagens/logo-cofen.png) ![Transparência e Prestação de Contas](https://www.cofen.gov.br/wp-content/uploads/2023/09/transp_logo-1.png) ###### Transparência e Prestação de Contas ### Dengue aumentou 400% no Brasil em 2024 em comparação ao ano passado ##### Apesar de uma queda recente nos casos, especialistas alertam que a doença voltará a crescer em dezembro 18.10.2024 ![Mosquito Aedes aegypti. Feche um Mosquito sugando sangue humano](https://www.cofen.gov.br/wp-content/uploads/2024/10/mosquito-aedes-aegypti-feche-um-mosquito-sugando-sangue-humano_45334-157.avif) O Brasil registrou 6,5 milhões de casos prováveis de dengue até 7 de outubro de 2024, de acordo com o [Painel de Monitoramento das Arboviroses](https://www.gov.br/s...",validation_conflict_review,cross_source_conflict,Brazil,P0_critical,12,human_review_items; record_inclusion_decisions; quarantined_records; context_records; final_case_dataset; validation_results; validation_source_compatibility_summary,validation conflict review - review_conflict_conf_002 - Dengue aumentou 400% no Brasil em 2024 em comparação ao ano passado - Cofen,Dengue aumentou 400% no Brasil em 2024 em comparação ao ano passado - Cofen,https://www.cofen.gov.br/dengue-aumentou-400-no-brasil-em-2024-em-comparacao-ao-ano-passado,Inspect the linked artifacts and only then edit a decision file if needed.,"What decision, if any, should a human reviewer record?",rec_src_search_0cb54d17a3e3_001; rec_src_search_0cb54d17a3e3_002; rec_src_search_0cb54d17a3e3_003; conf_002,record,This review item requires human inspection before it should affect downstream interpretation.
,accept_as_is; correct_fields; reject_record; mark_requires_review; mark_review_resolved; mark_non_countable; mark_countable; mark_duplicate; mark_not_duplicate; needs_more_evidence; defer_decision,2024-01-30,Dengue,"[Latin America and the Caribbean](https://outbreaknewstoday.substack.com/s/latin-america-and-the-caribbean/?utm_source=substack&utm_medium=menu) # Brazil reports 217K probable dengue cases during the first weeks of 2024 ### Nearly 13,000 chikungunya cases reported [Robert Herriman](https://substack.com/@outbreaknewstoday) Jan 30, 2024 Brazil health authorities report today a cumulative 217,841 probable cases of dengue in 2024 to date. There are 15 confirmed deaths and another 149 under investigation. Based on the latest data, the incidence of dengue in the country is 107.1 cases for each group of 100,000 inhabitants, while the disease's fatality rate is 0.9%. The number of cases are a 80 percent increase over the 120,874 probable cases of the disease reported last week. Photo by [Leandr...",validation_conflict_review,cross_source_conflict,Brazil,P0_critical,13,human_review_items; record_inclusion_decisions; quarantined_records; context_records; final_case_dataset; validation_results; validation_source_compatibility_summary,validation conflict review - review_conflict_conf_004 - Brazil reports 217K probable dengue cases during the first weeks of ...,Brazil reports 217K probable dengue cases during the first weeks of ...,https://outbreaknewstoday.substack.com/p/brazil-reports-217k-probable-dengue,Inspect the linked artifacts and only then edit a decision file if needed.,"What decision, if any, should a human reviewer record?",rec_src_search_2ac70c766155_005; rec_src_search_2ac70c766155_006; conf_004,record,This review item requires human inspection before it should affect downstream interpretation.
Pan American Health Organization,accept_as_is; correct_fields; reject_record; mark_requires_review; mark_review_resolved; mark_non_countable; mark_countable; mark_duplicate; mark_not_duplicate; needs_more_evidence; defer_decision,2024-03-28,Dengue,"Washington, DC, March 28, 2024 (PAHO)- The Pan American Health Organization (PAHO) today warned about the surge in dengue cases in the Americas. As of March 26, 2024, over 3.5 million cases and more than 1,000 deaths have been reported in the region.",validation_conflict_review,duplicate_event_clustering,Brazil,P0_critical,14,human_review_items; record_inclusion_decisions; quarantined_records; context_records; final_case_dataset; validation_results; validation_source_compatibility_summary,validation conflict review - review_duplicate_event_008 - PAHO calls for collective action in response to record increase in ...,PAHO calls for collective action in response to record increase in ...,https://www.paho.org/en/news/28-3-2024-paho-calls-collective-action-response-record-increase-dengue-cases-americas,Inspect the linked artifacts and only then edit a decision file if needed.,"What decision, if any, should a human reviewer record?",rec_src_search_c19140f0ec24_001; rec_src_search_c19140f0ec24_002; event_008,record,This review item requires human inspection before it should affect downstream interpretation.
,accept_as_is; correct_fields; reject_record; mark_requires_review; mark_review_resolved; mark_non_countable; mark_countable; mark_duplicate; mark_not_duplicate; needs_more_evidence; defer_decision,2024-03-31,Dengue,# Brazil reports 217K probable dengue cases during the first weeks of 2024,validation_conflict_review,duplicate_event_clustering,Brazil,P0_critical,15,human_review_items; record_inclusion_decisions; quarantined_records; context_records; final_case_dataset; validation_results; validation_source_compatibility_summary,validation conflict review - review_duplicate_event_010 - Brazil reports 217K probable dengue cases during the first weeks of ...,Brazil reports 217K probable dengue cases during the first weeks of ...,https://outbreaknewstoday.substack.com/p/brazil-reports-217k-probable-dengue,Inspect the linked artifacts and only then edit a decision file if needed.,"What decision, if any, should a human reviewer record?",rec_src_search_2ac70c766155_001; rec_src_search_2ac70c766155_003; event_010,record,This review item requires human inspection before it should affect downstream interpretation.
,accept_as_is; correct_fields; reject_record; mark_requires_review; mark_review_resolved; mark_non_countable; mark_countable; mark_duplicate; mark_not_duplicate; needs_more_evidence; defer_decision,2024-03-31,Dengue,"o explicado por outras condições, que resida ou tenha viajado para áreas de transmissão até 14 dias antes do início dos sintomas, ou que tenha vínculo epidemiológico com um caso importado confirmado. ZIKA Pacientes que apresentam exantema maculopapular pruriginoso, acompanhado de um ou mais dos seguintes sinais e sintomas: febre (podendo apresentar-se baixa ≤38,5°C), hiperemia conjuntival/conjuntivite não purulenta, artralgia/poliartralgia, edema periarticular. NOTIFICAÇÃO PACIENTES ATENDIDOS NO HNSC E HCC: - Os profissionais da saúde devem preencher a FICHA DE NOTIFICAÇÃO INDIVIDUAL DO SINAN disponível no repositório de documentos no prontuário eletrônico do GHC Sistemas: Vigilância epidemiológica – Núcleo Hospitalar de Epidemiologia – Fichas de Notificação. - A FICHA DE NOTIFICAÇÃO IN...",validation_conflict_review,duplicate_event_clustering,"Porto Alegre, Rio Grande do Sul (Grupo Hospitalar Conceição - HNSC/HCC)",P0_critical,16,human_review_items; record_inclusion_decisions; quarantined_records; context_records; final_case_dataset; validation_results; validation_source_compatibility_summary,"validation conflict review - review_duplicate_event_012 - [PDF] Informe Epidemiológico DENGUE, CHIKUNGUNYA E ZIKA - GHC","[PDF] Informe Epidemiológico DENGUE, CHIKUNGUNYA E ZIKA - GHC",https://www.ghc.com.br/files/DENGUE_SE26.pdf,Inspect the linked artifacts and only then edit a decision file if needed.,"What decision, if any, should a human reviewer record?",rec_src_search_2eb1c67db46f_001; rec_src_search_2eb1c67db46f_002; rec_src_search_2eb1c67db46f_003; rec_src_search_2eb1c67db46f_004; event_012,record,This review item requires human inspection before it should affect downstream interpretation.
,accept_validation_result; mark_validation_result_not_applicable; confirm_conflict; resolve_conflict_as_left; resolve_conflict_as_right; mark_needs_more_evidence; override_validation_status,2024-10-18,Dengue,"![Brand](https://www.cofen.gov.br/wp-content/themes/cofen/assets/imagens/logo-cofen.png) ![Transparência e Prestação de Contas](https://www.cofen.gov.br/wp-content/uploads/2023/09/transp_logo-1.png) ###### Transparência e Prestação de Contas ### Dengue aumentou 400% no Brasil em 2024 em comparação ao ano passado ##### Apesar de uma queda recente nos casos, especialistas alertam que a doença voltará a crescer em dezembro 18.10.2024 ![Mosquito Aedes aegypti. Feche um Mosquito sugando sangue humano](https://www.cofen.gov.br/wp-content/uploads/2024/10/mosquito-aedes-aegypti-feche-um-mosquito-sugando-sangue-humano_45334-157.avif) O Brasil registrou 6,5 milhões de casos prováveis de dengue até 7 de outubro de 2024, de acordo com o [Painel de Monitoramento das Arboviroses](https://www.gov.br/s...",validation_conflict_review,validation_conflict,Brazil,P0_critical,17,human_review_items; record_inclusion_decisions; validation_results; validation_source_compatibility_summary,validation conflict review - review_validation_val_result_031 - Dengue aumentou 400% no Brasil em 2024 em comparação ao ano passado - Cofen,Dengue aumentou 400% no Brasil em 2024 em comparação ao ano passado - Cofen,https://www.cofen.gov.br/dengue-aumentou-400-no-brasil-em-2024-em-comparacao-ao-ano-passado,Inspect the linked artifacts and only then edit a decision file if needed.,"What decision, if any, should a human reviewer record?",rec_src_search_0cb54d17a3e3_001; rec_src_search_0cb54d17a3e3_002; rec_src_search_0cb54d17a3e3_003; rec_src_search_0cb54d17a3e3_004; val_result_031,validation_result,This review item requires human inspection before it should affect downstream interpretation.
,accept_validation_result; mark_validation_result_not_applicable; confirm_conflict; resolve_conflict_as_left; resolve_conflict_as_right; mark_needs_more_evidence; override_validation_status,2024-01-30,Dengue,"[Latin America and the Caribbean](https://outbreaknewstoday.substack.com/s/latin-america-and-the-caribbean/?utm_source=substack&utm_medium=menu) # Brazil reports 217K probable dengue cases during the first weeks of 2024 ### Nearly 13,000 chikungunya cases reported [Robert Herriman](https://substack.com/@outbreaknewstoday) Jan 30, 2024 Brazil health authorities report today a cumulative 217,841 probable cases of dengue in 2024 to date. There are 15 confirmed deaths and another 149 under investigation. Based on the latest data, the incidence of dengue in the country is 107.1 cases for each group of 100,000 inhabitants, while the disease's fatality rate is 0.9%. The number of cases are a 80 percent increase over the 120,874 probable cases of the disease reported last week. Photo by [Leandr...",validation_conflict_review,validation_conflict,Brazil,P0_critical,18,human_review_items; record_inclusion_decisions; validation_results; validation_source_compatibility_summary,validation conflict review - review_validation_val_result_035 - Brazil reports 217K probable dengue cases during the first weeks of ...,Brazil reports 217K probable dengue cases during the first weeks of ...,https://outbreaknewstoday.substack.com/p/brazil-reports-217k-probable-dengue,Inspect the linked artifacts and only then edit a decision file if needed.,"What decision, if any, should a human reviewer record?",rec_src_search_2ac70c766155_004; rec_src_search_2ac70c766155_005; rec_src_search_2ac70c766155_006; rec_src_search_2ac70c766155_007; val_result_035,validation_result,This review item requires human inspection before it should affect downstream interpretation.
Pan American Health Organization,accept_anomaly; dismiss_anomaly; confirm_anomaly; mark_anomaly_resolved; mark_anomaly_needs_more_evidence,2024-01-01-2024-03-31,Dengue,"Washington, DC, March 28, 2024 (PAHO)- The Pan American Health Organization (PAHO) today warned about the surge in dengue cases in the Americas. As of March 26, 2024, over 3.5 million cases and more than 1,000 deaths have been reported in the region.",claim_corroboration_review,anomaly,Brazil,P0_critical,19,human_review_items; record_inclusion_decisions; claims; claim_comparisons; corroborated_events; anomaly_results,claim corroboration review - review_anomaly_anom_017 - PAHO calls for collective action in response to record increase in ...,PAHO calls for collective action in response to record increase in ...,https://www.paho.org/en/news/28-3-2024-paho-calls-collective-action-response-record-increase-dengue-cases-americas,confirm_scope_or_reject_record,"Is the claim independently corroborated, conflicting, or only single-source evidence?",src_search_c19140f0ec24; event_008; anom_017; val_result_004,anomaly,Claim-level support is unresolved or depends on a single source.
Pan American Health Organization,accept_anomaly; dismiss_anomaly; confirm_anomaly; mark_anomaly_resolved; mark_anomaly_needs_more_evidence,2024-01-01-2024-03-31,Dengue,"Washington, DC, March 28, 2024 (PAHO)- The Pan American Health Organization (PAHO) today warned about the surge in dengue cases in the Americas. As of March 26, 2024, over 3.5 million cases and more than 1,000 deaths have been reported in the region.",claim_corroboration_review,anomaly,Brazil,P0_critical,20,human_review_items; record_inclusion_decisions; claims; claim_comparisons; corroborated_events; anomaly_results,claim corroboration review - review_anomaly_anom_018 - PAHO calls for collective action in response to record increase in ...,PAHO calls for collective action in response to record increase in ...,https://www.paho.org/en/news/28-3-2024-paho-calls-collective-action-response-record-increase-dengue-cases-americas,confirm_scope_or_reject_record,"Is the claim independently corroborated, conflicting, or only single-source evidence?",src_search_c19140f0ec24; event_008; anom_018; val_result_005,anomaly,Claim-level support is unresolved or depends on a single source.
,accept_anomaly; dismiss_anomaly; confirm_anomaly; mark_anomaly_resolved; mark_anomaly_needs_more_evidence,2024-01-01-2024-03-31,Dengue,"![](https://www.scielo.br/media/images/rsbmt_logo.png) # Open-access The greatest Dengue epidemic in Brazil: Surveillance, Prevention, and Control ![Open-access](https://ds.scielo.org/img/logo-open-access.svg) ## ABSTRACT In this review, we discuss dengue surveillance, prevention, and control measures in Brazil. Data on dengue epidemics between 2000 and 2024 indicates an increase in the number of dengue cases and deaths. Global climate change is a key driver of this growth. Over the past 25 years, nearly 18 million Brazilians have been infected with the dengue virus, and the highest number of dengue cases in Brazil's history is projected to reach 2024. Dengue mortality in Brazil increased geographically over time. As of June, there were approximately 6 million probable cases and 4,000 c...",claim_corroboration_review,anomaly,Brazil,P0_critical,21,human_review_items; record_inclusion_decisions; claims; claim_comparisons; corroborated_events; anomaly_results,"claim corroboration review - review_anomaly_anom_019 - Brasil - The greatest Dengue epidemic in Brazil: Surveillance, Prevention, and Con...","Brasil - The greatest Dengue epidemic in Brazil: Surveillance, Prevention, and Control The greatest Dengue epidemic in Brazil: Surveillance, Prevention, and Control",https://www.scielo.br/j/rsbmt/a/gTT8ZZVR8g4Xx9xQPyp4GBz?lang=en,confirm_scope_or_reject_record,"Is the claim independently corroborated, conflicting, or only single-source evidence?",src_search_0d8e5c276e4c; event_001; anom_019; val_result_013,anomaly,Claim-level support is unresolved or depends on a single source.
,accept_anomaly; dismiss_anomaly; confirm_anomaly; mark_anomaly_resolved; mark_anomaly_needs_more_evidence,2024-01-01-2024-03-31,Dengue,"## Content Search Informing humanitarians worldwide 24/7 — a service provided by UN OCHA [Brazil](/country/bra) + 23 more # Situation Report No 14 - Dengue Epidemiological Situation in the Region of the Americas - Epidemiological Week 13, 2024 Format : Situation Report Source : * [PAHO](/organization/paho) Posted Originally published Origin : [View original](https://www.paho.org/en/documents/situation-report-no-14-dengue-epidemiological-situation-region-americas-epidemiological) ## Attachments * [![Preview of 2024-cde-dengue-sitrep-americas-epi-week-13-18-apr.pdf](/sites/default/files/styles/small/public/previews/2d/3c/2d3cc80a-8c2d-44d6-aa00-73f02f563d0f.png?2522960-1-0) **Download Report** (PDF | 249.89 KB)](/attachments/2d3cc80a-8c2d-44d6-aa00-73f02f563d0f/2024-cde-dengue-sitrep-amer...",claim_corroboration_review,anomaly,Brazil,P0_critical,22,human_review_items; record_inclusion_decisions; claims; claim_comparisons; corroborated_events; anomaly_results,"claim corroboration review - review_anomaly_anom_020 - Situation Report No 14 - Epidemiological Week 13, 2024 - Brazil","Situation Report No 14 - Epidemiological Week 13, 2024 - Brazil",https://reliefweb.int/report/brazil/situation-report-no-14-dengue-epidemiological-situation-region-americas-epidemiological-week-13-2024,confirm_scope_or_reject_record,"Is the claim independently corroborated, conflicting, or only single-source evidence?",src_search_d40be1c01bdd; event_007; anom_020; val_result_019,anomaly,Claim-level support is unresolved or depends on a single source.
,accept_anomaly; dismiss_anomaly; confirm_anomaly; mark_anomaly_resolved; mark_anomaly_needs_more_evidence,2024-01-01-2024-03-31,Dengue,"## Content Search Informing humanitarians worldwide 24/7 — a service provided by UN OCHA [Brazil](/country/bra) + 23 more # Situation Report No 14 - Dengue Epidemiological Situation in the Region of the Americas - Epidemiological Week 13, 2024 Format : Situation Report Source : * [PAHO](/organization/paho) Posted Originally published Origin : [View original](https://www.paho.org/en/documents/situation-report-no-14-dengue-epidemiological-situation-region-americas-epidemiological) ## Attachments * [![Preview of 2024-cde-dengue-sitrep-americas-epi-week-13-18-apr.pdf](/sites/default/files/styles/small/public/previews/2d/3c/2d3cc80a-8c2d-44d6-aa00-73f02f563d0f.png?2522960-1-0) **Download Report** (PDF | 249.89 KB)](/attachments/2d3cc80a-8c2d-44d6-aa00-73f02f563d0f/2024-cde-dengue-sitrep-amer...",claim_corroboration_review,anomaly,Brazil,P0_critical,23,human_review_items; record_inclusion_decisions; claims; claim_comparisons; corroborated_events; anomaly_results,"claim corroboration review - review_anomaly_anom_021 - Situation Report No 14 - Epidemiological Week 13, 2024 - Brazil","Situation Report No 14 - Epidemiological Week 13, 2024 - Brazil",https://reliefweb.int/report/brazil/situation-report-no-14-dengue-epidemiological-situation-region-americas-epidemiological-week-13-2024,confirm_scope_or_reject_record,"Is the claim independently corroborated, conflicting, or only single-source evidence?",src_search_d40be1c01bdd; event_007; anom_021; val_result_020,anomaly,Claim-level support is unresolved or depends on a single source.
,accept_anomaly; dismiss_anomaly; confirm_anomaly; mark_anomaly_resolved; mark_anomaly_needs_more_evidence,2024-01-01-2024-03-31,Dengue,"e temperatura e chuvas, decorrentes dos impactos do fenômeno climático El Niño. Como consequência, diversos países, especialmente das Américas, tiveram aumento no número de casos suspeitos de dengue. Até abril de 2024, a Organização Mundial da Saúde (OMS) registrou mais de 7,6 milhões de casos suspeitos de dengue em todo o mundo, com mais de 3 mil óbitos2. Esse aumento ocorreu especialmente na região das Américas, responsável por mais de 90% dos casos notificados. No Brasil, além dos efeitos das anomalias meteorológicas, a grande extensão territorial, o elevado contingente populacional (que corresponde a 32% da população das Américas, excluídos Canadá e Estados Unidos) e as altas sensibilidade e capacidade do sistema de vigilância colocam o Brasil em posição de destaque quando comparado...",claim_corroboration_review,anomaly,Brazil,P0_critical,24,human_review_items; record_inclusion_decisions; claims; claim_comparisons; corroborated_events; anomaly_results,claim corroboration review - review_anomaly_anom_022 - [PDF] 2024 - Boletim Epidemiológico,[PDF] 2024 - Boletim Epidemiológico,https://www.gov.br/saude/pt-br/centrais-de-conteudo/publicacoes/boletins/epidemiologicos/edicoes/2024/boletim-epidemiologico-volume-55-no-11.pdf,confirm_scope_or_reject_record,"Is the claim independently corroborated, conflicting, or only single-source evidence?",src_search_4520d2861241; event_009; anom_022; val_result_023,anomaly,Claim-level support is unresolved or depends on a single source.
,accept_as_is; correct_fields; reject_record; mark_requires_review; mark_review_resolved; mark_non_countable; mark_countable; mark_duplicate; mark_not_duplicate; needs_more_evidence; defer_decision,2024-03-31,Dengue,"![](https://www.scielo.br/media/images/rsbmt_logo.png) # Open-access The greatest Dengue epidemic in Brazil: Surveillance, Prevention, and Control ![Open-access](https://ds.scielo.org/img/logo-open-access.svg) ## ABSTRACT In this review, we discuss dengue surveillance, prevention, and control measures in Brazil. Data on dengue epidemics between 2000 and 2024 indicates an increase in the number of dengue cases and deaths. Global climate change is a key driver of this growth. Over the past 25 years, nearly 18 million Brazilians have been infected with the dengue virus, and the highest number of dengue cases in Brazil's history is projected to reach 2024. Dengue mortality in Brazil increased geographically over time. As of June, there were approximately 6 million probable cases and 4,000 c...",validation_conflict_review,duplicate_event_clustering,Brazil,P1_high,25,human_review_items; record_inclusion_decisions; quarantined_records; context_records; final_case_dataset; validation_results; validation_source_compatibility_summary,"validation conflict review - review_duplicate_event_002 - Brasil - The greatest Dengue epidemic in Brazil: Surveillance, Prevention, and...","Brasil - The greatest Dengue epidemic in Brazil: Surveillance, Prevention, and Control The greatest Dengue epidemic in Brazil: Surveillance, Prevention, and Control",https://www.scielo.br/j/rsbmt/a/gTT8ZZVR8g4Xx9xQPyp4GBz?lang=en,Inspect the linked artifacts and only then edit a decision file if needed.,"What decision, if any, should a human reviewer record?",rec_src_search_0d8e5c276e4c_001; rec_src_search_0d8e5c276e4c_002; event_002,record,This review item requires human inspection before it should affect downstream interpretation.
Pan American Health Organization,needs_more_evidence; defer_decision,2024-01-01-2024-03-31,Dengue,Primary case claim has no independent corroborating source.,claim_corroboration_review,claim_corroboration_review,Brazil,P1_high,26,human_review_items; record_inclusion_decisions; claims; claim_comparisons; corroborated_events,claim corroboration review - review_claim_corroboration_review_corr_event_002 - PAHO calls for collective action in response to record in...,PAHO calls for collective action in response to record increase in ...,https://www.paho.org/en/news/28-3-2024-paho-calls-collective-action-response-record-increase-dengue-cases-americas,review_claim_corroboration,"Is the claim independently corroborated, conflicting, or only single-source evidence?",claim_rec_src_search_c19140f0ec24_001_cases_unspecified; claim_rec_src_search_c19140f0ec24_002_deaths; src_search_c19140f0ec24; corr_event_002,claim,Claim-level support is unresolved or depends on a single source.
,needs_more_evidence; defer_decision,2024-01-01-2024-03-31,Dengue,Primary case claim has no independent corroborating source.,claim_corroboration_review,claim_corroboration_review,Brazil,P1_high,27,human_review_items; record_inclusion_decisions; claims; claim_comparisons; corroborated_events,claim corroboration review - review_claim_corroboration_review_corr_event_003 - Dengue aumentou 400% no Brasil em 2024 em comparação ao a...,Dengue aumentou 400% no Brasil em 2024 em comparação ao ano passado - Cofen,https://www.cofen.gov.br/dengue-aumentou-400-no-brasil-em-2024-em-comparacao-ao-ano-passado,review_claim_corroboration,"Is the claim independently corroborated, conflicting, or only single-source evidence?",claim_rec_src_search_0cb54d17a3e3_001_cases_probable; claim_rec_src_search_0cb54d17a3e3_001_deaths; claim_rec_src_search_0cb54d17a3e3_002_deaths; claim_rec_src_search_0cb54d17a3e3_003_deaths; claim_rec_src_search_0cb54d17a3e3_004_observation; claim_rec_src_search_0cb54d17a3e3_005_cases_probable; claim_rec_src_search_0cb54d17a3e3_005_deaths; claim_rec_src_search_0cb54d17a3e3_006_cases_unspecified; claim_rec_src_search_0cb54d17a3e3_006_deaths; src_search_0cb54d17a3e3; corr_event_003,claim,Claim-level support is unresolved or depends on a single source.
,needs_more_evidence; defer_decision,2024-01-01-2024-03-31,Dengue,Primary case claim has no independent corroborating source.,claim_corroboration_review,claim_corroboration_review,Brazil,P1_high,28,human_review_items; record_inclusion_decisions; claims; claim_comparisons; corroborated_events,"claim corroboration review - review_claim_corroboration_review_corr_event_004 - Situation Report No 14 - Epidemiological Week 13, 2024 -...","Situation Report No 14 - Epidemiological Week 13, 2024 - Brazil",https://reliefweb.int/report/brazil/situation-report-no-14-dengue-epidemiological-situation-region-americas-epidemiological-week-13-2024,review_claim_corroboration,"Is the claim independently corroborated, conflicting, or only single-source evidence?",claim_rec_src_search_d40be1c01bdd_001_cases_suspected; claim_rec_src_search_d40be1c01bdd_002_observation; src_search_d40be1c01bdd; corr_event_004,claim,Claim-level support is unresolved or depends on a single source.
,needs_more_evidence; defer_decision,2024-01-01-2024-03-31,Dengue,Primary case claim has no independent corroborating source.,claim_corroboration_review,claim_corroboration_review,Brazil,P1_high,29,human_review_items; record_inclusion_decisions; claims; claim_comparisons; corroborated_events,claim corroboration review - review_claim_corroboration_review_corr_event_005 - Dengue aumentou 400% no Brasil em 2024 em comparação ao a...,Dengue aumentou 400% no Brasil em 2024 em comparação ao ano passado - Cofen,https://www.cofen.gov.br/dengue-aumentou-400-no-brasil-em-2024-em-comparacao-ao-ano-passado,review_claim_corroboration,"Is the claim independently corroborated, conflicting, or only single-source evidence?",claim_rec_src_search_0cb54d17a3e3_007_cases_unspecified; claim_rec_src_search_0cb54d17a3e3_007_deaths; src_search_0cb54d17a3e3; corr_event_005,claim,Claim-level support is unresolved or depends on a single source.
,needs_more_evidence; defer_decision,2024-01-01-2024-03-31,Dengue,Primary case claim has no independent corroborating source.,claim_corroboration_review,claim_corroboration_review,Brazil,P1_high,30,human_review_items; record_inclusion_decisions; claims; claim_comparisons; corroborated_events,claim corroboration review - review_claim_corroboration_review_corr_event_006 - [PDF] 2024 - Boletim Epidemiológico,[PDF] 2024 - Boletim Epidemiológico,https://www.gov.br/saude/pt-br/centrais-de-conteudo/publicacoes/boletins/epidemiologicos/edicoes/2024/boletim-epidemiologico-volume-55-no-11.pdf,review_claim_corroboration,"Is the claim independently corroborated, conflicting, or only single-source evidence?",claim_rec_src_search_4520d2861241_001_cases_suspected; claim_rec_src_search_4520d2861241_001_deaths; src_search_4520d2861241; corr_event_006,claim,Claim-level support is unresolved or depends on a single source.
,needs_more_evidence; defer_decision,2024-01-01-2024-03-31,Dengue,Primary case claim has no independent corroborating source.,claim_corroboration_review,claim_corroboration_review,Brazil,P1_high,31,human_review_items; record_inclusion_decisions; claims; claim_comparisons; corroborated_events,"claim corroboration review - review_claim_corroboration_review_corr_event_007 - [PDF] Informe Epidemiológico DENGUE, CHIKUNGUNYA E ZIKA -...","[PDF] Informe Epidemiológico DENGUE, CHIKUNGUNYA E ZIKA - GHC",https://www.ghc.com.br/files/DENGUE_SE26.pdf,review_claim_corroboration,"Is the claim independently corroborated, conflicting, or only single-source evidence?",claim_rec_src_search_2eb1c67db46f_001_cases_suspected; claim_rec_src_search_2eb1c67db46f_002_cases_confirmed; claim_rec_src_search_2eb1c67db46f_003_hospitalizations; claim_rec_src_search_2eb1c67db46f_004_deaths; src_search_2eb1c67db46f; corr_event_007,claim,Claim-level support is unresolved or depends on a single source.
Pan American Health Organization,accept_anomaly; dismiss_anomaly; confirm_anomaly; mark_anomaly_resolved; mark_anomaly_needs_more_evidence,2024-03-28,Dengue,"Washington, DC, March 28, 2024 (PAHO)- The Pan American Health Organization (PAHO) today warned about the surge in dengue cases in the Americas. As of March 26, 2024, over 3.5 million cases and more than 1,000 deaths have been reported in the region.",anomaly_review,anomaly,Brazil,P1_high,32,human_review_items; record_inclusion_decisions; anomaly_results,anomaly review - review_anomaly_anom_001 - PAHO calls for collective action in response to record increase in ...,PAHO calls for collective action in response to record increase in ...,https://www.paho.org/en/news/28-3-2024-paho-calls-collective-action-response-record-increase-dengue-cases-americas,review_possible_spike_or_extraction_error,Is this a real public-health signal or an extraction/count-semantics problem?,rec_src_search_c19140f0ec24_001; src_search_c19140f0ec24; anom_001,anomaly,An anomaly rule flagged the item for expert inspection.
,accept_anomaly; dismiss_anomaly; confirm_anomaly; mark_anomaly_resolved; mark_anomaly_needs_more_evidence,2024-10-18,Dengue,"![Brand](https://www.cofen.gov.br/wp-content/themes/cofen/assets/imagens/logo-cofen.png) ![Transparência e Prestação de Contas](https://www.cofen.gov.br/wp-content/uploads/2023/09/transp_logo-1.png) ###### Transparência e Prestação de Contas ### Dengue aumentou 400% no Brasil em 2024 em comparação ao ano passado ##### Apesar de uma queda recente nos casos, especialistas alertam que a doença voltará a crescer em dezembro 18.10.2024 ![Mosquito Aedes aegypti. Feche um Mosquito sugando sangue humano](https://www.cofen.gov.br/wp-content/uploads/2024/10/mosquito-aedes-aegypti-feche-um-mosquito-sugando-sangue-humano_45334-157.avif) O Brasil registrou 6,5 milhões de casos prováveis de dengue até 7 de outubro de 2024, de acordo com o [Painel de Monitoramento das Arboviroses](https://www.gov.br/s...",anomaly_review,anomaly,Brazil,P1_high,33,human_review_items; record_inclusion_decisions; anomaly_results,anomaly review - review_anomaly_anom_003 - Dengue aumentou 400% no Brasil em 2024 em comparação ao ano passado - Cofen,Dengue aumentou 400% no Brasil em 2024 em comparação ao ano passado - Cofen,https://www.cofen.gov.br/dengue-aumentou-400-no-brasil-em-2024-em-comparacao-ao-ano-passado,review_possible_spike_or_extraction_error,Is this a real public-health signal or an extraction/count-semantics problem?,rec_src_search_0cb54d17a3e3_001; src_search_0cb54d17a3e3; anom_003,anomaly,An anomaly rule flagged the item for expert inspection.
,accept_anomaly; dismiss_anomaly; confirm_anomaly; mark_anomaly_resolved; mark_anomaly_needs_more_evidence,2024-10-18,Dengue,"![Brand](https://www.cofen.gov.br/wp-content/themes/cofen/assets/imagens/logo-cofen.png) ![Transparência e Prestação de Contas](https://www.cofen.gov.br/wp-content/uploads/2023/09/transp_logo-1.png) ###### Transparência e Prestação de Contas ### Dengue aumentou 400% no Brasil em 2024 em comparação ao ano passado ##### Apesar de uma queda recente nos casos, especialistas alertam que a doença voltará a crescer em dezembro 18.10.2024 ![Mosquito Aedes aegypti. Feche um Mosquito sugando sangue humano](https://www.cofen.gov.br/wp-content/uploads/2024/10/mosquito-aedes-aegypti-feche-um-mosquito-sugando-sangue-humano_45334-157.avif) O Brasil registrou 6,5 milhões de casos prováveis de dengue até 7 de outubro de 2024, de acordo com o [Painel de Monitoramento das Arboviroses](https://www.gov.br/s...",anomaly_review,anomaly,São Paulo,P1_high,34,human_review_items; record_inclusion_decisions; anomaly_results,anomaly review - review_anomaly_anom_007 - Dengue aumentou 400% no Brasil em 2024 em comparação ao ano passado - Cofen,Dengue aumentou 400% no Brasil em 2024 em comparação ao ano passado - Cofen,https://www.cofen.gov.br/dengue-aumentou-400-no-brasil-em-2024-em-comparacao-ao-ano-passado,review_possible_spike_or_extraction_error,Is this a real public-health signal or an extraction/count-semantics problem?,rec_src_search_0cb54d17a3e3_005; src_search_0cb54d17a3e3; anom_007,anomaly,An anomaly rule flagged the item for expert inspection.
,accept_anomaly; dismiss_anomaly; confirm_anomaly; mark_anomaly_resolved; mark_anomaly_needs_more_evidence,2024-04-18,Dengue,"## Content Search Informing humanitarians worldwide 24/7 — a service provided by UN OCHA [Brazil](/country/bra) + 23 more # Situation Report No 14 - Dengue Epidemiological Situation in the Region of the Americas - Epidemiological Week 13, 2024 Format : Situation Report Source : * [PAHO](/organization/paho) Posted Originally published Origin : [View original](https://www.paho.org/en/documents/situation-report-no-14-dengue-epidemiological-situation-region-americas-epidemiological) ## Attachments * [![Preview of 2024-cde-dengue-sitrep-americas-epi-week-13-18-apr.pdf](/sites/default/files/styles/small/public/previews/2d/3c/2d3cc80a-8c2d-44d6-aa00-73f02f563d0f.png?2522960-1-0) **Download Report** (PDF | 249.89 KB)](/attachments/2d3cc80a-8c2d-44d6-aa00-73f02f563d0f/2024-cde-dengue-sitrep-amer...",anomaly_review,anomaly,Brazil,P1_high,35,human_review_items; record_inclusion_decisions; anomaly_results,"anomaly review - review_anomaly_anom_013 - Situation Report No 14 - Epidemiological Week 13, 2024 - Brazil","Situation Report No 14 - Epidemiological Week 13, 2024 - Brazil",https://reliefweb.int/report/brazil/situation-report-no-14-dengue-epidemiological-situation-region-americas-epidemiological-week-13-2024,review_possible_spike_or_extraction_error,Is this a real public-health signal or an extraction/count-semantics problem?,rec_src_search_d40be1c01bdd_001; src_search_d40be1c01bdd; anom_013,anomaly,An anomaly rule flagged the item for expert inspection.
,accept_anomaly; dismiss_anomaly; confirm_anomaly; mark_anomaly_resolved; mark_anomaly_needs_more_evidence,2024-01-01-2024-03-31,Dengue,,claim_corroboration_review,anomaly,Brazil,P1_high,36,human_review_items; record_inclusion_decisions; claims; claim_comparisons; corroborated_events; anomaly_results,claim corroboration review - review_anomaly_anom_030 - event_003,,,review_cluster_canonical_count,"Is the claim independently corroborated, conflicting, or only single-source evidence?",event_003; anom_030,anomaly,Claim-level support is unresolved or depends on a single source.
,accept_anomaly; dismiss_anomaly; confirm_anomaly; mark_anomaly_resolved; mark_anomaly_needs_more_evidence,2024-03-31,Dengue,"![](https://www.scielo.br/media/images/rsbmt_logo.png) # Open-access The greatest Dengue epidemic in Brazil: Surveillance, Prevention, and Control ![Open-access](https://ds.scielo.org/img/logo-open-access.svg) ## ABSTRACT In this review, we discuss dengue surveillance, prevention, and control measures in Brazil. Data on dengue epidemics between 2000 and 2024 indicates an increase in the number of dengue cases and deaths. Global climate change is a key driver of this growth. Over the past 25 years, nearly 18 million Brazilians have been infected with the dengue virus, and the highest number of dengue cases in Brazil's history is projected to reach 2024. Dengue mortality in Brazil increased geographically over time. As of June, there were approximately 6 million probable cases and 4,000 c...",anomaly_review,anomaly,Brazil,P1_high,37,human_review_items; record_inclusion_decisions; anomaly_results,"anomaly review - review_anomaly_anom_008 - Brasil - The greatest Dengue epidemic in Brazil: Surveillance, Prevention, and Control The gre...","Brasil - The greatest Dengue epidemic in Brazil: Surveillance, Prevention, and Control The greatest Dengue epidemic in Brazil: Surveillance, Prevention, and Control",https://www.scielo.br/j/rsbmt/a/gTT8ZZVR8g4Xx9xQPyp4GBz?lang=en,review_possible_spike_or_extraction_error,Is this a real public-health signal or an extraction/count-semantics problem?,rec_src_search_0d8e5c276e4c_001; src_search_0d8e5c276e4c; anom_008,anomaly,An anomaly rule flagged the item for expert inspection.
,accept_anomaly; dismiss_anomaly; confirm_anomaly; mark_anomaly_resolved; mark_anomaly_needs_more_evidence,2024-03-31,Dengue,"![](https://www.scielo.br/media/images/rsbmt_logo.png) # Open-access The greatest Dengue epidemic in Brazil: Surveillance, Prevention, and Control ![Open-access](https://ds.scielo.org/img/logo-open-access.svg) ## ABSTRACT In this review, we discuss dengue surveillance, prevention, and control measures in Brazil. Data on dengue epidemics between 2000 and 2024 indicates an increase in the number of dengue cases and deaths. Global climate change is a key driver of this growth. Over the past 25 years, nearly 18 million Brazilians have been infected with the dengue virus, and the highest number of dengue cases in Brazil's history is projected to reach 2024. Dengue mortality in Brazil increased geographically over time. As of June, there were approximately 6 million probable cases and 4,000 c...",anomaly_review,anomaly,Brazil,P1_high,38,human_review_items; record_inclusion_decisions; anomaly_results,"anomaly review - review_anomaly_anom_010 - Brasil - The greatest Dengue epidemic in Brazil: Surveillance, Prevention, and Control The gre...","Brasil - The greatest Dengue epidemic in Brazil: Surveillance, Prevention, and Control The greatest Dengue epidemic in Brazil: Surveillance, Prevention, and Control",https://www.scielo.br/j/rsbmt/a/gTT8ZZVR8g4Xx9xQPyp4GBz?lang=en,review_possible_spike_or_extraction_error,Is this a real public-health signal or an extraction/count-semantics problem?,rec_src_search_0d8e5c276e4c_003; src_search_0d8e5c276e4c; anom_010,anomaly,An anomaly rule flagged the item for expert inspection.
,accept_anomaly; dismiss_anomaly; confirm_anomaly; mark_anomaly_resolved; mark_anomaly_needs_more_evidence,2024-03-31,Dengue,"tam para uma possível nova alta em dezembro, com expectativa de pico entre março e abril de 2025. O estado de São Paulo concentra 32,3% dos casos, totalizando 2,1 milhões de infecções e 1.786 mortes. Na capital paulista, foram registradas 639.066 infecções, com 365 mortes confirmadas. O infectologista Antonio Carlos Bandeira, membro do Comitê de Arboviroses da Sociedade Brasileira de Infectologia (SBI) e assessor técnico do Laboratório Central do Estado da Bahia, destaca que os números de dengue devem permanecer menos expressivos até dezembro, com uma previsão de aumento de casos no início do próximo ano. “O pico da doença deverá ocorrer de março a abril do ano que vem. De maio em diante, a tendência é cair. Neste ano, ficamos durante muitos meses com um platô alto. Não dá para prever s...",anomaly_review,anomaly,São Paulo,P1_high,39,human_review_items; record_inclusion_decisions; anomaly_results,anomaly review - review_anomaly_anom_014 - Dengue aumentou 400% no Brasil em 2024 em comparação ao ano passado - Cofen,Dengue aumentou 400% no Brasil em 2024 em comparação ao ano passado - Cofen,https://www.cofen.gov.br/dengue-aumentou-400-no-brasil-em-2024-em-comparacao-ao-ano-passado,review_possible_spike_or_extraction_error,Is this a real public-health signal or an extraction/count-semantics problem?,rec_src_search_0cb54d17a3e3_006; src_search_0cb54d17a3e3; anom_014,anomaly,An anomaly rule flagged the item for expert inspection.
,accept_anomaly; dismiss_anomaly; confirm_anomaly; mark_anomaly_resolved; mark_anomaly_needs_more_evidence,2024-03-31,Dengue,"e temperatura e chuvas, decorrentes dos impactos do fenômeno climático El Niño. Como consequência, diversos países, especialmente das Américas, tiveram aumento no número de casos suspeitos de dengue. Até abril de 2024, a Organização Mundial da Saúde (OMS) registrou mais de 7,6 milhões de casos suspeitos de dengue em todo o mundo, com mais de 3 mil óbitos2. Esse aumento ocorreu especialmente na região das Américas, responsável por mais de 90% dos casos notificados. No Brasil, além dos efeitos das anomalias meteorológicas, a grande extensão territorial, o elevado contingente populacional (que corresponde a 32% da população das Américas, excluídos Canadá e Estados Unidos) e as altas sensibilidade e capacidade do sistema de vigilância colocam o Brasil em posição de destaque quando comparado...",anomaly_review,anomaly,Brazil,P1_high,40,human_review_items; record_inclusion_decisions; anomaly_results,anomaly review - review_anomaly_anom_015 - [PDF] 2024 - Boletim Epidemiológico,[PDF] 2024 - Boletim Epidemiológico,https://www.gov.br/saude/pt-br/centrais-de-conteudo/publicacoes/boletins/epidemiologicos/edicoes/2024/boletim-epidemiologico-volume-55-no-11.pdf,review_possible_spike_or_extraction_error,Is this a real public-health signal or an extraction/count-semantics problem?,rec_src_search_4520d2861241_001; src_search_4520d2861241; anom_015,anomaly,An anomaly rule flagged the item for expert inspection.
,accept_as_is; correct_fields; reject_record; mark_requires_review; mark_review_resolved; mark_non_countable; mark_countable; mark_duplicate; mark_not_duplicate; needs_more_evidence; defer_decision,2024-04-18,Dengue,"## Content Search Informing humanitarians worldwide 24/7 — a service provided by UN OCHA [Brazil](/country/bra) + 23 more # Situation Report No 14 - Dengue Epidemiological Situation in the Region of the Americas - Epidemiological Week 13, 2024 Format : Situation Report Source : * [PAHO](/organization/paho) Posted Originally published Origin : [View original](https://www.paho.org/en/documents/situation-report-no-14-dengue-epidemiological-situation-region-americas-epidemiological) ## Attachments * [![Preview of 2024-cde-dengue-sitrep-americas-epi-week-13-18-apr.pdf](/sites/default/files/styles/small/public/previews/2d/3c/2d3cc80a-8c2d-44d6-aa00-73f02f563d0f.png?2522960-1-0) **Download Report** (PDF | 249.89 KB)](/attachments/2d3cc80a-8c2d-44d6-aa00-73f02f563d0f/2024-cde-dengue-sitrep-amer...",outside_scope_review,record_linking,Brazil,P1_high,41,human_review_items; record_inclusion_decisions; quarantined_records; context_records; final_case_dataset,"outside scope review - review_linking_event_007 - Situation Report No 14 - Epidemiological Week 13, 2024 - Brazil","Situation Report No 14 - Epidemiological Week 13, 2024 - Brazil",https://reliefweb.int/report/brazil/situation-report-no-14-dengue-epidemiological-situation-region-americas-epidemiological-week-13-2024,Inspect the evidence quote and record inclusion decision.,Does the evidence actually match the requested scope?,rec_src_search_d40be1c01bdd_001; rec_src_search_d40be1c01bdd_002,record,"The item may be outside the requested disease, location, or time window."
Pan American Health Organization,accept_as_is; correct_fields; reject_record; mark_requires_review; mark_review_resolved; mark_non_countable; mark_countable; mark_duplicate; mark_not_duplicate; needs_more_evidence; defer_decision,2024-03-28,Dengue,"Washington, DC, March 28, 2024 (PAHO)- The Pan American Health Organization (PAHO) today warned about the surge in dengue cases in the Americas. As of March 26, 2024, over 3.5 million cases and more than 1,000 deaths have been reported in the region.",outside_scope_review,record_linking,Brazil,P1_high,42,human_review_items; record_inclusion_decisions; quarantined_records; context_records; final_case_dataset,outside scope review - review_linking_event_008 - PAHO calls for collective action in response to record increase in ...,PAHO calls for collective action in response to record increase in ...,https://www.paho.org/en/news/28-3-2024-paho-calls-collective-action-response-record-increase-dengue-cases-americas,Inspect the evidence quote and record inclusion decision.,Does the evidence actually match the requested scope?,rec_src_search_c19140f0ec24_001; rec_src_search_c19140f0ec24_002,record,"The item may be outside the requested disease, location, or time window."
Pan American Health Organization,accept_as_is; correct_fields; reject_record; mark_requires_review; mark_review_resolved; mark_non_countable; mark_countable; mark_duplicate; mark_not_duplicate; needs_more_evidence; defer_decision,2024-03-28,Dengue,"Washington, DC, March 28, 2024 (PAHO)- The Pan American Health Organization (PAHO) today warned about the surge in dengue cases in the Americas. As of March 26, 2024, over 3.5 million cases and more than 1,000 deaths have been reported in the region.",outside_scope_review,record_normalization,Brazil,P1_high,43,human_review_items; record_inclusion_decisions; quarantined_records; context_records; final_case_dataset,outside scope review - review_normalization_rec_src_search_c19140f0ec24_001 - PAHO calls for collective action in response to record incr...,PAHO calls for collective action in response to record increase in ...,https://www.paho.org/en/news/28-3-2024-paho-calls-collective-action-response-record-increase-dengue-cases-americas,Inspect the evidence quote and record inclusion decision.,Does the evidence actually match the requested scope?,rec_src_search_c19140f0ec24_001,record,"The item may be outside the requested disease, location, or time window."
Pan American Health Organization,accept_as_is; correct_fields; reject_record; mark_requires_review; mark_review_resolved; mark_non_countable; mark_countable; mark_duplicate; mark_not_duplicate; needs_more_evidence; defer_decision,2024-03-28,Dengue,"Washington, DC, March 28, 2024 (PAHO)- The Pan American Health Organization (PAHO) today warned about the surge in dengue cases in the Americas. As of March 26, 2024, over 3.5 million cases and more than 1,000 deaths have been reported in the region.",outside_scope_review,record_normalization,Brazil,P1_high,44,human_review_items; record_inclusion_decisions; quarantined_records; context_records; final_case_dataset,outside scope review - review_normalization_rec_src_search_c19140f0ec24_002 - PAHO calls for collective action in response to record incr...,PAHO calls for collective action in response to record increase in ...,https://www.paho.org/en/news/28-3-2024-paho-calls-collective-action-response-record-increase-dengue-cases-americas,Inspect the evidence quote and record inclusion decision.,Does the evidence actually match the requested scope?,rec_src_search_c19140f0ec24_002,record,"The item may be outside the requested disease, location, or time window."
,accept_as_is; correct_fields; reject_record; mark_requires_review; mark_review_resolved; mark_non_countable; mark_countable; mark_duplicate; mark_not_duplicate; needs_more_evidence; defer_decision,2024-04-18,Dengue,"## Content Search Informing humanitarians worldwide 24/7 — a service provided by UN OCHA [Brazil](/country/bra) + 23 more # Situation Report No 14 - Dengue Epidemiological Situation in the Region of the Americas - Epidemiological Week 13, 2024 Format : Situation Report Source : * [PAHO](/organization/paho) Posted Originally published Origin : [View original](https://www.paho.org/en/documents/situation-report-no-14-dengue-epidemiological-situation-region-americas-epidemiological) ## Attachments * [![Preview of 2024-cde-dengue-sitrep-americas-epi-week-13-18-apr.pdf](/sites/default/files/styles/small/public/previews/2d/3c/2d3cc80a-8c2d-44d6-aa00-73f02f563d0f.png?2522960-1-0) **Download Report** (PDF | 249.89 KB)](/attachments/2d3cc80a-8c2d-44d6-aa00-73f02f563d0f/2024-cde-dengue-sitrep-amer...",outside_scope_review,record_normalization,Brazil,P1_high,45,human_review_items; record_inclusion_decisions; quarantined_records; context_records; final_case_dataset,"outside scope review - review_normalization_rec_src_search_d40be1c01bdd_001 - Situation Report No 14 - Epidemiological Week 13, 2024 - Br...","Situation Report No 14 - Epidemiological Week 13, 2024 - Brazil",https://reliefweb.int/report/brazil/situation-report-no-14-dengue-epidemiological-situation-region-americas-epidemiological-week-13-2024,Inspect the evidence quote and record inclusion decision.,Does the evidence actually match the requested scope?,rec_src_search_d40be1c01bdd_001,record,"The item may be outside the requested disease, location, or time window."
,accept_validation_result; mark_validation_result_not_applicable; confirm_conflict; resolve_conflict_as_left; resolve_conflict_as_right; mark_needs_more_evidence; override_validation_status,2024-03-31,Dengue,"The number of cases are a 80 percent increase over the 120,874 probable cases of the disease reported last week.",outside_scope_review,validation_scope_issue,Brazil,P1_high,46,human_review_items; record_inclusion_decisions; validation_results; validation_source_compatibility_summary,outside scope review - review_validation_val_result_002 - Brazil reports 217K probable dengue cases during the first weeks of ...,Brazil reports 217K probable dengue cases during the first weeks of ...,https://outbreaknewstoday.substack.com/p/brazil-reports-217k-probable-dengue,Inspect the evidence quote and record inclusion decision.,Does the evidence actually match the requested scope?,rec_src_search_2ac70c766155_002; val_result_002,validation_result,"The item may be outside the requested disease, location, or time window."
Pan American Health Organization,accept_validation_result; mark_validation_result_not_applicable; confirm_conflict; resolve_conflict_as_left; resolve_conflict_as_right; mark_needs_more_evidence; override_validation_status,2024-03-28,Dengue,"Washington, DC, March 28, 2024 (PAHO)- The Pan American Health Organization (PAHO) today warned about the surge in dengue cases in the Americas. As of March 26, 2024, over 3.5 million cases and more than 1,000 deaths have been reported in the region.",outside_scope_review,validation_scope_issue,Brazil,P1_high,47,human_review_items; record_inclusion_decisions; validation_results; validation_source_compatibility_summary,outside scope review - review_validation_val_result_004 - PAHO calls for collective action in response to record increase in ...,PAHO calls for collective action in response to record increase in ...,https://www.paho.org/en/news/28-3-2024-paho-calls-collective-action-response-record-increase-dengue-cases-americas,Inspect the evidence quote and record inclusion decision.,Does the evidence actually match the requested scope?,rec_src_search_c19140f0ec24_001; val_result_004,validation_result,"The item may be outside the requested disease, location, or time window."
Pan American Health Organization,accept_validation_result; mark_validation_result_not_applicable; confirm_conflict; resolve_conflict_as_left; resolve_conflict_as_right; mark_needs_more_evidence; override_validation_status,2024-03-28,Dengue,"Washington, DC, March 28, 2024 (PAHO)- The Pan American Health Organization (PAHO) today warned about the surge in dengue cases in the Americas. As of March 26, 2024, over 3.5 million cases and more than 1,000 deaths have been reported in the region.",outside_scope_review,validation_scope_issue,Brazil,P1_high,48,human_review_items; record_inclusion_decisions; validation_results; validation_source_compatibility_summary,outside scope review - review_validation_val_result_005 - PAHO calls for collective action in response to record increase in ...,PAHO calls for collective action in response to record increase in ...,https://www.paho.org/en/news/28-3-2024-paho-calls-collective-action-response-record-increase-dengue-cases-americas,Inspect the evidence quote and record inclusion decision.,Does the evidence actually match the requested scope?,rec_src_search_c19140f0ec24_002; val_result_005,validation_result,"The item may be outside the requested disease, location, or time window."
,accept_validation_result; mark_validation_result_not_applicable; confirm_conflict; resolve_conflict_as_left; resolve_conflict_as_right; mark_needs_more_evidence; override_validation_status,2024-04-18,Dengue,"## Content Search Informing humanitarians worldwide 24/7 — a service provided by UN OCHA [Brazil](/country/bra) + 23 more # Situation Report No 14 - Dengue Epidemiological Situation in the Region of the Americas - Epidemiological Week 13, 2024 Format : Situation Report Source : * [PAHO](/organization/paho) Posted Originally published Origin : [View original](https://www.paho.org/en/documents/situation-report-no-14-dengue-epidemiological-situation-region-americas-epidemiological) ## Attachments * [![Preview of 2024-cde-dengue-sitrep-americas-epi-week-13-18-apr.pdf](/sites/default/files/styles/small/public/previews/2d/3c/2d3cc80a-8c2d-44d6-aa00-73f02f563d0f.png?2522960-1-0) **Download Report** (PDF | 249.89 KB)](/attachments/2d3cc80a-8c2d-44d6-aa00-73f02f563d0f/2024-cde-dengue-sitrep-amer...",outside_scope_review,validation_scope_issue,Brazil,P1_high,49,human_review_items; record_inclusion_decisions; validation_results; validation_source_compatibility_summary,"outside scope review - review_validation_val_result_019 - Situation Report No 14 - Epidemiological Week 13, 2024 - Brazil","Situation Report No 14 - Epidemiological Week 13, 2024 - Brazil",https://reliefweb.int/report/brazil/situation-report-no-14-dengue-epidemiological-situation-region-americas-epidemiological-week-13-2024,Inspect the evidence quote and record inclusion decision.,Does the evidence actually match the requested scope?,rec_src_search_d40be1c01bdd_001; val_result_019,validation_result,"The item may be outside the requested disease, location, or time window."
,accept_anomaly; dismiss_anomaly; confirm_anomaly; mark_anomaly_resolved; mark_anomaly_needs_more_evidence,2024-10-18,Dengue,"![Brand](https://www.cofen.gov.br/wp-content/themes/cofen/assets/imagens/logo-cofen.png) ![Transparência e Prestação de Contas](https://www.cofen.gov.br/wp-content/uploads/2023/09/transp_logo-1.png) ###### Transparência e Prestação de Contas ### Dengue aumentou 400% no Brasil em 2024 em comparação ao ano passado ##### Apesar de uma queda recente nos casos, especialistas alertam que a doença voltará a crescer em dezembro 18.10.2024 ![Mosquito Aedes aegypti. Feche um Mosquito sugando sangue humano](https://www.cofen.gov.br/wp-content/uploads/2024/10/mosquito-aedes-aegypti-feche-um-mosquito-sugando-sangue-humano_45334-157.avif) O Brasil registrou 6,5 milhões de casos prováveis de dengue até 7 de outubro de 2024, de acordo com o [Painel de Monitoramento das Arboviroses](https://www.gov.br/s...",anomaly_review,anomaly,Brazil,P1_high,50,human_review_items; record_inclusion_decisions; anomaly_results,anomaly review - review_anomaly_anom_004 - Dengue aumentou 400% no Brasil em 2024 em comparação ao ano passado - Cofen,Dengue aumentou 400% no Brasil em 2024 em comparação ao ano passado - Cofen,https://www.cofen.gov.br/dengue-aumentou-400-no-brasil-em-2024-em-comparacao-ao-ano-passado,review_possible_spike_or_count_semantics,Is this a real public-health signal or an extraction/count-semantics problem?,rec_src_search_0cb54d17a3e3_001; src_search_0cb54d17a3e3; anom_004,anomaly,An anomaly rule flagged the item for expert inspection.
,approve_source_role; override_source_role; exclude_source; mark_source_needs_review,2024-01-01-2024-03-31,Dengue,,source_identity_review,source_credibility,Brazil,P1_high,51,human_review_items; record_inclusion_decisions; source_registry; source_identity_assessments,"source identity review - review_source_credibility_src_search_042037d6ca22 - Boletim Epidemiológico – Dengue, Chikungunya E Zika | Secret...","Boletim Epidemiológico – Dengue, Chikungunya E Zika | Secretaria De Estado De Saúde De Minas Gerais",https://www.saude.mg.gov.br/categoria/documentos/boletim-epidemiologico-dengue-chikungunya-e-zika,Open source identity assessments and source registry metadata.,"Who is the actual publisher, and is it independent of other evidence?",src_search_042037d6ca22,source,Publisher or source identity uncertainty can affect source independence and credibility.
,approve_source_role; override_source_role; exclude_source; mark_source_needs_review,2024-01-01-2024-03-31,Dengue,,source_identity_review,source_credibility,Brazil,P1_high,52,human_review_items; record_inclusion_decisions; source_registry; source_identity_assessments,source identity review - review_source_credibility_src_search_0cb54d17a3e3 - Dengue aumentou 400% no Brasil em 2024 em comparação ao ano...,Dengue aumentou 400% no Brasil em 2024 em comparação ao ano passado - Cofen,https://www.cofen.gov.br/dengue-aumentou-400-no-brasil-em-2024-em-comparacao-ao-ano-passado,Open source identity assessments and source registry metadata.,"Who is the actual publisher, and is it independent of other evidence?",src_search_0cb54d17a3e3,source,Publisher or source identity uncertainty can affect source independence and credibility.
,approve_source_role; override_source_role; exclude_source; mark_source_needs_review,2024-01-01-2024-03-31,Dengue,,source_identity_review,source_credibility,Brazil,P1_high,53,human_review_items; record_inclusion_decisions; source_registry; source_identity_assessments,"source identity review - review_source_credibility_src_search_2eb1c67db46f - [PDF] Informe Epidemiológico DENGUE, CHIKUNGUNYA E ZIKA - GHC","[PDF] Informe Epidemiológico DENGUE, CHIKUNGUNYA E ZIKA - GHC",https://www.ghc.com.br/files/DENGUE_SE26.pdf,Open source identity assessments and source registry metadata.,"Who is the actual publisher, and is it independent of other evidence?",src_search_2eb1c67db46f,source,Publisher or source identity uncertainty can affect source independence and credibility.
,approve_source_role; override_source_role; exclude_source; mark_source_needs_review,2024-01-01-2024-03-31,Dengue,,source_identity_review,source_credibility,Brazil,P1_high,54,human_review_items; record_inclusion_decisions; source_registry; source_identity_assessments,source identity review - review_source_credibility_src_search_4520d2861241 - [PDF] 2024 - Boletim Epidemiológico,[PDF] 2024 - Boletim Epidemiológico,https://www.gov.br/saude/pt-br/centrais-de-conteudo/publicacoes/boletins/epidemiologicos/edicoes/2024/boletim-epidemiologico-volume-55-no-11.pdf,Open source identity assessments and source registry metadata.,"Who is the actual publisher, and is it independent of other evidence?",src_search_4520d2861241,source,Publisher or source identity uncertainty can affect source independence and credibility.
,approve_source_role; override_source_role; exclude_source; mark_source_needs_review,2024-01-01-2024-03-31,Dengue,,source_identity_review,source_credibility,Brazil,P1_high,55,human_review_items; record_inclusion_decisions; source_registry; source_identity_assessments,source identity review - review_source_credibility_src_search_5f398ee9785b - Info Dengue,Info Dengue,https://info.dengue.mat.br,Open source identity assessments and source registry metadata.,"Who is the actual publisher, and is it independent of other evidence?",src_search_5f398ee9785b,source,Publisher or source identity uncertainty can affect source independence and credibility.
,approve_source_role; override_source_role; exclude_source; mark_source_needs_review,2024-01-01-2024-03-31,Dengue,,source_identity_review,source_credibility,Brazil,P1_high,56,human_review_items; record_inclusion_decisions; source_registry; source_identity_assessments,"source identity review - review_source_credibility_src_search_ba94b872eb23 - Dengue, Chikungunya, Zika e Febre Amarela","Dengue, Chikungunya, Zika e Febre Amarela",https://www.saude.df.gov.br/informes-dengue-chikungunya-zika-febre-amarela,Open source identity assessments and source registry metadata.,"Who is the actual publisher, and is it independent of other evidence?",src_search_ba94b872eb23,source,Publisher or source identity uncertainty can affect source independence and credibility.
,accept_as_is; correct_fields; reject_record; mark_requires_review; mark_review_resolved; mark_non_countable; mark_countable; mark_duplicate; mark_not_duplicate; needs_more_evidence; defer_decision,2024-03-31,Dengue,"e temperatura e chuvas, decorrentes dos impactos do fenômeno climático El Niño. Como consequência, diversos países, especialmente das Américas, tiveram aumento no número de casos suspeitos de dengue. Até abril de 2024, a Organização Mundial da Saúde (OMS) registrou mais de 7,6 milhões de casos suspeitos de dengue em todo o mundo, com mais de 3 mil óbitos2. Esse aumento ocorreu especialmente na região das Américas, responsável por mais de 90% dos casos notificados. No Brasil, além dos efeitos das anomalias meteorológicas, a grande extensão territorial, o elevado contingente populacional (que corresponde a 32% da população das Américas, excluídos Canadá e Estados Unidos) e as altas sensibilidade e capacidade do sistema de vigilância colocam o Brasil em posição de destaque quando comparado...",outside_scope_review,record_linking,Brazil,P1_high,57,human_review_items; record_inclusion_decisions; quarantined_records; context_records; final_case_dataset,outside scope review - review_linking_event_009 - [PDF] 2024 - Boletim Epidemiológico,[PDF] 2024 - Boletim Epidemiológico,https://www.gov.br/saude/pt-br/centrais-de-conteudo/publicacoes/boletins/epidemiologicos/edicoes/2024/boletim-epidemiologico-volume-55-no-11.pdf,Inspect the evidence quote and record inclusion decision.,Does the evidence actually match the requested scope?,rec_src_search_4520d2861241_001,record,"The item may be outside the requested disease, location, or time window."
,accept_as_is; correct_fields; reject_record; mark_requires_review; mark_review_resolved; mark_non_countable; mark_countable; mark_duplicate; mark_not_duplicate; needs_more_evidence; defer_decision,2024-03-31,Dengue,"e temperatura e chuvas, decorrentes dos impactos do fenômeno climático El Niño. Como consequência, diversos países, especialmente das Américas, tiveram aumento no número de casos suspeitos de dengue. Até abril de 2024, a Organização Mundial da Saúde (OMS) registrou mais de 7,6 milhões de casos suspeitos de dengue em todo o mundo, com mais de 3 mil óbitos2. Esse aumento ocorreu especialmente na região das Américas, responsável por mais de 90% dos casos notificados. No Brasil, além dos efeitos das anomalias meteorológicas, a grande extensão territorial, o elevado contingente populacional (que corresponde a 32% da população das Américas, excluídos Canadá e Estados Unidos) e as altas sensibilidade e capacidade do sistema de vigilância colocam o Brasil em posição de destaque quando comparado...",outside_scope_review,record_normalization,Brazil,P1_high,58,human_review_items; record_inclusion_decisions; quarantined_records; context_records; final_case_dataset,outside scope review - review_normalization_rec_src_search_4520d2861241_001 - [PDF] 2024 - Boletim Epidemiológico,[PDF] 2024 - Boletim Epidemiológico,https://www.gov.br/saude/pt-br/centrais-de-conteudo/publicacoes/boletins/epidemiologicos/edicoes/2024/boletim-epidemiologico-volume-55-no-11.pdf,Inspect the evidence quote and record inclusion decision.,Does the evidence actually match the requested scope?,rec_src_search_4520d2861241_001,record,"The item may be outside the requested disease, location, or time window."
,accept_as_is; correct_fields; reject_record; mark_requires_review; mark_review_resolved; mark_non_countable; mark_countable; mark_duplicate; mark_not_duplicate; needs_more_evidence; defer_decision,2024-04-18,Dengue,"## Content Search Informing humanitarians worldwide 24/7 — a service provided by UN OCHA [Brazil](/country/bra) + 23 more # Situation Report No 14 - Dengue Epidemiological Situation in the Region of the Americas - Epidemiological Week 13, 2024 Format : Situation Report Source : * [PAHO](/organization/paho) Posted Originally published Origin : [View original](https://www.paho.org/en/documents/situation-report-no-14-dengue-epidemiological-situation-region-americas-epidemiological) ## Attachments * [![Preview of 2024-cde-dengue-sitrep-americas-epi-week-13-18-apr.pdf](/sites/default/files/styles/small/public/previews/2d/3c/2d3cc80a-8c2d-44d6-aa00-73f02f563d0f.png?2522960-1-0) **Download Report** (PDF | 249.89 KB)](/attachments/2d3cc80a-8c2d-44d6-aa00-73f02f563d0f/2024-cde-dengue-sitrep-amer...",outside_scope_review,record_normalization,Brazil,P1_high,59,human_review_items; record_inclusion_decisions; quarantined_records; context_records; final_case_dataset,"outside scope review - review_normalization_rec_src_search_d40be1c01bdd_002 - Situation Report No 14 - Epidemiological Week 13, 2024 - Br...","Situation Report No 14 - Epidemiological Week 13, 2024 - Brazil",https://reliefweb.int/report/brazil/situation-report-no-14-dengue-epidemiological-situation-region-americas-epidemiological-week-13-2024,Inspect the evidence quote and record inclusion decision.,Does the evidence actually match the requested scope?,rec_src_search_d40be1c01bdd_002,record,"The item may be outside the requested disease, location, or time window."
Pan American Health Organization,accept_validation_result; mark_validation_result_not_applicable; confirm_conflict; resolve_conflict_as_left; resolve_conflict_as_right; mark_needs_more_evidence; override_validation_status,2024-03-28,Dengue,"Washington, DC, March 28, 2024 (PAHO)- The Pan American Health Organization (PAHO) today warned about the surge in dengue cases in the Americas. As of March 26, 2024, over 3.5 million cases and more than 1,000 deaths have been reported in the region.",missing_required_fields_review,record_schema_validation,Brazil,P1_high,60,human_review_items; record_inclusion_decisions; validation_results; validation_source_compatibility_summary,missing required fields review - review_record_rec_src_search_c19140f0ec24_001 - PAHO calls for collective action in response to record i...,PAHO calls for collective action in response to record increase in ...,https://www.paho.org/en/news/28-3-2024-paho-calls-collective-action-response-record-increase-dengue-cases-americas,Inspect the linked artifacts and only then edit a decision file if needed.,"What decision, if any, should a human reviewer record?",rec_src_search_c19140f0ec24_001,validation_result,This review item requires human inspection before it should affect downstream interpretation.
Pan American Health Organization,accept_validation_result; mark_validation_result_not_applicable; confirm_conflict; resolve_conflict_as_left; resolve_conflict_as_right; mark_needs_more_evidence; override_validation_status,2024-03-28,Dengue,"Washington, DC, March 28, 2024 (PAHO)- The Pan American Health Organization (PAHO) today warned about the surge in dengue cases in the Americas. As of March 26, 2024, over 3.5 million cases and more than 1,000 deaths have been reported in the region.",missing_required_fields_review,record_schema_validation,Brazil,P1_high,61,human_review_items; record_inclusion_decisions; validation_results; validation_source_compatibility_summary,missing required fields review - review_record_rec_src_search_c19140f0ec24_002 - PAHO calls for collective action in response to record i...,PAHO calls for collective action in response to record increase in ...,https://www.paho.org/en/news/28-3-2024-paho-calls-collective-action-response-record-increase-dengue-cases-americas,Inspect the linked artifacts and only then edit a decision file if needed.,"What decision, if any, should a human reviewer record?",rec_src_search_c19140f0ec24_002,validation_result,This review item requires human inspection before it should affect downstream interpretation.
,accept_validation_result; mark_validation_result_not_applicable; confirm_conflict; resolve_conflict_as_left; resolve_conflict_as_right; mark_needs_more_evidence; override_validation_status,2024-04-18,Dengue,"## Content Search Informing humanitarians worldwide 24/7 — a service provided by UN OCHA [Brazil](/country/bra) + 23 more # Situation Report No 14 - Dengue Epidemiological Situation in the Region of the Americas - Epidemiological Week 13, 2024 Format : Situation Report Source : * [PAHO](/organization/paho) Posted Originally published Origin : [View original](https://www.paho.org/en/documents/situation-report-no-14-dengue-epidemiological-situation-region-americas-epidemiological) ## Attachments * [![Preview of 2024-cde-dengue-sitrep-americas-epi-week-13-18-apr.pdf](/sites/default/files/styles/small/public/previews/2d/3c/2d3cc80a-8c2d-44d6-aa00-73f02f563d0f.png?2522960-1-0) **Download Report** (PDF | 249.89 KB)](/attachments/2d3cc80a-8c2d-44d6-aa00-73f02f563d0f/2024-cde-dengue-sitrep-amer...",missing_required_fields_review,record_schema_validation,Brazil,P1_high,62,human_review_items; record_inclusion_decisions; validation_results; validation_source_compatibility_summary,"missing required fields review - review_record_rec_src_search_d40be1c01bdd_001 - Situation Report No 14 - Epidemiological Week 13, 2024 -...","Situation Report No 14 - Epidemiological Week 13, 2024 - Brazil",https://reliefweb.int/report/brazil/situation-report-no-14-dengue-epidemiological-situation-region-americas-epidemiological-week-13-2024,Inspect the linked artifacts and only then edit a decision file if needed.,"What decision, if any, should a human reviewer record?",rec_src_search_d40be1c01bdd_001,validation_result,This review item requires human inspection before it should affect downstream interpretation.
,accept_validation_result; mark_validation_result_not_applicable; confirm_conflict; resolve_conflict_as_left; resolve_conflict_as_right; mark_needs_more_evidence; override_validation_status,2024-03-31,Dengue,"![](https://www.scielo.br/media/images/rsbmt_logo.png) # Open-access The greatest Dengue epidemic in Brazil: Surveillance, Prevention, and Control ![Open-access](https://ds.scielo.org/img/logo-open-access.svg) ## ABSTRACT In this review, we discuss dengue surveillance, prevention, and control measures in Brazil. Data on dengue epidemics between 2000 and 2024 indicates an increase in the number of dengue cases and deaths. Global climate change is a key driver of this growth. Over the past 25 years, nearly 18 million Brazilians have been infected with the dengue virus, and the highest number of dengue cases in Brazil's history is projected to reach 2024. Dengue mortality in Brazil increased geographically over time. As of June, there were approximately 6 million probable cases and 4,000 c...",outside_scope_review,validation_scope_issue,Brazil,P1_high,63,human_review_items; record_inclusion_decisions; validation_results; validation_source_compatibility_summary,"outside scope review - review_validation_val_result_013 - Brasil - The greatest Dengue epidemic in Brazil: Surveillance, Prevention, and...","Brasil - The greatest Dengue epidemic in Brazil: Surveillance, Prevention, and Control The greatest Dengue epidemic in Brazil: Surveillance, Prevention, and Control",https://www.scielo.br/j/rsbmt/a/gTT8ZZVR8g4Xx9xQPyp4GBz?lang=en,Inspect the evidence quote and record inclusion decision.,Does the evidence actually match the requested scope?,rec_src_search_0d8e5c276e4c_003; val_result_013,validation_result,"The item may be outside the requested disease, location, or time window."
,accept_validation_result; mark_validation_result_not_applicable; confirm_conflict; resolve_conflict_as_left; resolve_conflict_as_right; mark_needs_more_evidence; override_validation_status,2024-04-18,Dengue,"## Content Search Informing humanitarians worldwide 24/7 — a service provided by UN OCHA [Brazil](/country/bra) + 23 more # Situation Report No 14 - Dengue Epidemiological Situation in the Region of the Americas - Epidemiological Week 13, 2024 Format : Situation Report Source : * [PAHO](/organization/paho) Posted Originally published Origin : [View original](https://www.paho.org/en/documents/situation-report-no-14-dengue-epidemiological-situation-region-americas-epidemiological) ## Attachments * [![Preview of 2024-cde-dengue-sitrep-americas-epi-week-13-18-apr.pdf](/sites/default/files/styles/small/public/previews/2d/3c/2d3cc80a-8c2d-44d6-aa00-73f02f563d0f.png?2522960-1-0) **Download Report** (PDF | 249.89 KB)](/attachments/2d3cc80a-8c2d-44d6-aa00-73f02f563d0f/2024-cde-dengue-sitrep-amer...",outside_scope_review,validation_scope_issue,Brazil,P1_high,64,human_review_items; record_inclusion_decisions; validation_results; validation_source_compatibility_summary,"outside scope review - review_validation_val_result_020 - Situation Report No 14 - Epidemiological Week 13, 2024 - Brazil","Situation Report No 14 - Epidemiological Week 13, 2024 - Brazil",https://reliefweb.int/report/brazil/situation-report-no-14-dengue-epidemiological-situation-region-americas-epidemiological-week-13-2024,Inspect the evidence quote and record inclusion decision.,Does the evidence actually match the requested scope?,rec_src_search_d40be1c01bdd_002; val_result_020,validation_result,"The item may be outside the requested disease, location, or time window."
,accept_validation_result; mark_validation_result_not_applicable; confirm_conflict; resolve_conflict_as_left; resolve_conflict_as_right; mark_needs_more_evidence; override_validation_status,2024-03-31,Dengue,"e temperatura e chuvas, decorrentes dos impactos do fenômeno climático El Niño. Como consequência, diversos países, especialmente das Américas, tiveram aumento no número de casos suspeitos de dengue. Até abril de 2024, a Organização Mundial da Saúde (OMS) registrou mais de 7,6 milhões de casos suspeitos de dengue em todo o mundo, com mais de 3 mil óbitos2. Esse aumento ocorreu especialmente na região das Américas, responsável por mais de 90% dos casos notificados. No Brasil, além dos efeitos das anomalias meteorológicas, a grande extensão territorial, o elevado contingente populacional (que corresponde a 32% da população das Américas, excluídos Canadá e Estados Unidos) e as altas sensibilidade e capacidade do sistema de vigilância colocam o Brasil em posição de destaque quando comparado...",outside_scope_review,validation_scope_issue,Brazil,P1_high,65,human_review_items; record_inclusion_decisions; validation_results; validation_source_compatibility_summary,outside scope review - review_validation_val_result_023 - [PDF] 2024 - Boletim Epidemiológico,[PDF] 2024 - Boletim Epidemiológico,https://www.gov.br/saude/pt-br/centrais-de-conteudo/publicacoes/boletins/epidemiologicos/edicoes/2024/boletim-epidemiologico-volume-55-no-11.pdf,Inspect the evidence quote and record inclusion decision.,Does the evidence actually match the requested scope?,rec_src_search_4520d2861241_001; val_result_023,validation_result,"The item may be outside the requested disease, location, or time window."
,accept_validation_result; mark_validation_result_not_applicable; confirm_conflict; resolve_conflict_as_left; resolve_conflict_as_right; mark_needs_more_evidence; override_validation_status,2024-03-31,Dengue,"e temperatura e chuvas, decorrentes dos impactos do fenômeno climático El Niño. Como consequência, diversos países, especialmente das Américas, tiveram aumento no número de casos suspeitos de dengue. Até abril de 2024, a Organização Mundial da Saúde (OMS) registrou mais de 7,6 milhões de casos suspeitos de dengue em todo o mundo, com mais de 3 mil óbitos2. Esse aumento ocorreu especialmente na região das Américas, responsável por mais de 90% dos casos notificados. No Brasil, além dos efeitos das anomalias meteorológicas, a grande extensão territorial, o elevado contingente populacional (que corresponde a 32% da população das Américas, excluídos Canadá e Estados Unidos) e as altas sensibilidade e capacidade do sistema de vigilância colocam o Brasil em posição de destaque quando comparado...",missing_required_fields_review,record_schema_validation,Brazil,P2_medium,66,human_review_items; record_inclusion_decisions; validation_results; validation_source_compatibility_summary,missing required fields review - review_record_rec_src_search_4520d2861241_001 - [PDF] 2024 - Boletim Epidemiológico,[PDF] 2024 - Boletim Epidemiológico,https://www.gov.br/saude/pt-br/centrais-de-conteudo/publicacoes/boletins/epidemiologicos/edicoes/2024/boletim-epidemiologico-volume-55-no-11.pdf,Inspect the linked artifacts and only then edit a decision file if needed.,"What decision, if any, should a human reviewer record?",rec_src_search_4520d2861241_001,validation_result,This review item requires human inspection before it should affect downstream interpretation.
,accept_validation_result; mark_validation_result_not_applicable; confirm_conflict; resolve_conflict_as_left; resolve_conflict_as_right; mark_needs_more_evidence; override_validation_status,2024-04-18,Dengue,"## Content Search Informing humanitarians worldwide 24/7 — a service provided by UN OCHA [Brazil](/country/bra) + 23 more # Situation Report No 14 - Dengue Epidemiological Situation in the Region of the Americas - Epidemiological Week 13, 2024 Format : Situation Report Source : * [PAHO](/organization/paho) Posted Originally published Origin : [View original](https://www.paho.org/en/documents/situation-report-no-14-dengue-epidemiological-situation-region-americas-epidemiological) ## Attachments * [![Preview of 2024-cde-dengue-sitrep-americas-epi-week-13-18-apr.pdf](/sites/default/files/styles/small/public/previews/2d/3c/2d3cc80a-8c2d-44d6-aa00-73f02f563d0f.png?2522960-1-0) **Download Report** (PDF | 249.89 KB)](/attachments/2d3cc80a-8c2d-44d6-aa00-73f02f563d0f/2024-cde-dengue-sitrep-amer...",missing_required_fields_review,record_schema_validation,Brazil,P2_medium,67,human_review_items; record_inclusion_decisions; validation_results; validation_source_compatibility_summary,"missing required fields review - review_record_rec_src_search_d40be1c01bdd_002 - Situation Report No 14 - Epidemiological Week 13, 2024 -...","Situation Report No 14 - Epidemiological Week 13, 2024 - Brazil",https://reliefweb.int/report/brazil/situation-report-no-14-dengue-epidemiological-situation-region-americas-epidemiological-week-13-2024,Inspect the linked artifacts and only then edit a decision file if needed.,"What decision, if any, should a human reviewer record?",rec_src_search_d40be1c01bdd_002,validation_result,This review item requires human inspection before it should affect downstream interpretation.
World Health Organization,approve_source_role; override_source_role; exclude_source; mark_source_needs_review,2024-01-01-2024-03-31,Dengue,"Task-relevant source text appeared to contain core epidemiology metric signals, but extraction produced no structured records.",general_review,core_metric_extraction_gap,Brazil,P3_low,68,human_review_items; record_inclusion_decisions; source_registry; source_identity_assessments,general review - review_core_metric_gap_src_search_1a6203f794f1 - [PDF] Epidemiological Alert Increase in dengue cases in the Americas ...,[PDF] Epidemiological Alert Increase in dengue cases in the Americas ...,https://www.paho.org/sites/default/files/2024-10/2024-oct-07-phe-epi-alert-dengue-final.pdf,review_source_for_core_metric_extraction,"What decision, if any, should a human reviewer record?",src_search_1a6203f794f1,source,This review item requires human inspection before it should affect downstream interpretation.
World Health Organization,approve_source_role; override_source_role; exclude_source; mark_source_needs_review,2024-01-01-2024-03-31,Dengue,"Task-relevant source text appeared to contain core epidemiology metric signals, but extraction produced no structured records.",general_review,core_metric_extraction_gap,Brazil,P3_low,69,human_review_items; record_inclusion_decisions; source_registry; source_identity_assessments,general review - review_core_metric_gap_src_search_5bd1cae37e40 - Dengue - Global situation,Dengue - Global situation,https://www.who.int/emergencies/disease-outbreak-news/item/2024-DON518,review_source_for_core_metric_extraction,"What decision, if any, should a human reviewer record?",src_search_5bd1cae37e40,source,This review item requires human inspection before it should affect downstream interpretation.
,approve_source_role; override_source_role; exclude_source; mark_source_needs_review,2024-01-01-2024-03-31,Dengue,"Task-relevant source text appeared to contain core epidemiology metric signals, but extraction produced no structured records.",general_review,core_metric_extraction_gap,Brazil,P3_low,70,human_review_items; record_inclusion_decisions; source_registry; source_identity_assessments,general review - review_core_metric_gap_src_search_5f398ee9785b - Info Dengue,Info Dengue,https://info.dengue.mat.br,review_source_for_core_metric_extraction,"What decision, if any, should a human reviewer record?",src_search_5f398ee9785b,source,This review item requires human inspection before it should affect downstream interpretation.
Pan American Health Organization,approve_source_role; override_source_role; exclude_source; mark_source_needs_review,2024-01-01-2024-03-31,Dengue,"Task-relevant source text appeared to contain core epidemiology metric signals, but extraction produced no structured records.",general_review,core_metric_extraction_gap,Brazil,P3_low,71,human_review_items; record_inclusion_decisions; source_registry; source_identity_assessments,general review - review_core_metric_gap_src_search_60f9228c083d - Dengue Multi-Country Outbreak - PAHO/WHO,Dengue Multi-Country Outbreak - PAHO/WHO,https://www.paho.org/en/topics/dengue/dengue-multi-country-grade-3-outbreak,review_source_for_core_metric_extraction,"What decision, if any, should a human reviewer record?",src_search_60f9228c083d,source,This review item requires human inspection before it should affect downstream interpretation.
,approve_source_role; override_source_role; exclude_source; mark_source_needs_review,2024-01-01-2024-03-31,Dengue,"Task-relevant source text appeared to contain core epidemiology metric signals, but extraction produced no structured records.",general_review,core_metric_extraction_gap,Brazil,P3_low,72,human_review_items; record_inclusion_decisions; source_registry; source_identity_assessments,general review - review_core_metric_gap_src_search_beb2acd883bf - Reported cases of dengue in Brazil from 2015 to 2024 - MedCrave online,Reported cases of dengue in Brazil from 2015 to 2024 - MedCrave online,https://medcraveonline.com/MOJPH/reported-cases-of-dengue-in-brazil-from-2015-to-2024.html,review_source_for_core_metric_extraction,"What decision, if any, should a human reviewer record?",src_search_beb2acd883bf,source,This review item requires human inspection before it should affect downstream interpretation.
World Health Organization,approve_source_role; override_source_role; exclude_source; mark_source_needs_review,2024-01-01-2024-03-31,Dengue,"Task-relevant source text appeared to contain core epidemiology metric signals, but extraction produced no structured records.",general_review,core_metric_extraction_gap,Brazil,P3_low,73,human_review_items; record_inclusion_decisions; source_registry; source_identity_assessments,general review - review_core_metric_gap_src_search_e6a611dc2382 - Epidemiological Alert - Increase in dengue cases in the Americas Region...,Epidemiological Alert - Increase in dengue cases in the Americas Region - 7 October 2024 - Brazil | ReliefWeb,https://reliefweb.int/report/brazil/epidemiological-alert-increase-dengue-cases-americas-region-7-october-2024,review_source_for_core_metric_extraction,"What decision, if any, should a human reviewer record?",src_search_e6a611dc2382,source,This review item requires human inspection before it should affect downstream interpretation.
,approve_source_role; override_source_role; exclude_source; mark_source_needs_review,2024-01-01-2024-03-31,Dengue,,general_review,source_screening,Brazil,P3_low,74,human_review_items; record_inclusion_decisions; source_registry; source_identity_assessments,"general review - review_source_src_search_042037d6ca22 - Boletim Epidemiológico – Dengue, Chikungunya E Zika | Secretaria De Estado De Sa...","Boletim Epidemiológico – Dengue, Chikungunya E Zika | Secretaria De Estado De Saúde De Minas Gerais",https://www.saude.mg.gov.br/categoria/documentos/boletim-epidemiologico-dengue-chikungunya-e-zika,Inspect the linked artifacts and only then edit a decision file if needed.,"What decision, if any, should a human reviewer record?",src_search_042037d6ca22,source,This review item requires human inspection before it should affect downstream interpretation.
,approve_source_role; override_source_role; exclude_source; mark_source_needs_review,2024-01-01-2024-03-31,Dengue,,general_review,source_screening,Brazil,P3_low,75,human_review_items; record_inclusion_decisions; source_registry; source_identity_assessments,general review - review_source_src_search_08f8dd56800e - Brasil registra mais de 1 milhão de casos de dengue em 2024 - G1,Brasil registra mais de 1 milhão de casos de dengue em 2024 - G1,https://g1.globo.com/saude/dengue/noticia/2024/02/29/brasil-registra-mais-de-um-milhao-de-casos-de-dengue-em-2024.ghtml,Inspect the linked artifacts and only then edit a decision file if needed.,"What decision, if any, should a human reviewer record?",src_search_08f8dd56800e,source,This review item requires human inspection before it should affect downstream interpretation.
,approve_source_role; override_source_role; exclude_source; mark_source_needs_review,2024-01-01-2024-03-31,Dengue,,general_review,source_screening,Brazil,P3_low,76,human_review_items; record_inclusion_decisions; source_registry; source_identity_assessments,general review - review_source_src_search_0cb54d17a3e3 - Dengue aumentou 400% no Brasil em 2024 em comparação ao ano passado - Cofen,Dengue aumentou 400% no Brasil em 2024 em comparação ao ano passado - Cofen,https://www.cofen.gov.br/dengue-aumentou-400-no-brasil-em-2024-em-comparacao-ao-ano-passado,Inspect the linked artifacts and only then edit a decision file if needed.,"What decision, if any, should a human reviewer record?",src_search_0cb54d17a3e3,source,This review item requires human inspection before it should affect downstream interpretation.
,approve_source_role; override_source_role; exclude_source; mark_source_needs_review,2024-01-01-2024-03-31,Dengue,,general_review,source_screening,Brazil,P3_low,77,human_review_items; record_inclusion_decisions; source_registry; source_identity_assessments,general review - review_source_src_search_2e8e30169e0b - Dengue outbreak in Brazil prompting emergency health measures,Dengue outbreak in Brazil prompting emergency health measures,https://www.youtube.com/watch?v=V3_rv56QgQw,Inspect the linked artifacts and only then edit a decision file if needed.,"What decision, if any, should a human reviewer record?",src_search_2e8e30169e0b,source,This review item requires human inspection before it should affect downstream interpretation.
,approve_source_role; override_source_role; exclude_source; mark_source_needs_review,2024-01-01-2024-03-31,Dengue,,general_review,source_screening,Brazil,P3_low,78,human_review_items; record_inclusion_decisions; source_registry; source_identity_assessments,"general review - review_source_src_search_2eb1c67db46f - [PDF] Informe Epidemiológico DENGUE, CHIKUNGUNYA E ZIKA - GHC","[PDF] Informe Epidemiológico DENGUE, CHIKUNGUNYA E ZIKA - GHC",https://www.ghc.com.br/files/DENGUE_SE26.pdf,Inspect the linked artifacts and only then edit a decision file if needed.,"What decision, if any, should a human reviewer record?",src_search_2eb1c67db46f,source,This review item requires human inspection before it should affect downstream interpretation.
,approve_source_role; override_source_role; exclude_source; mark_source_needs_review,2024-01-01-2024-03-31,Dengue,,general_review,source_screening,Brazil,P3_low,79,human_review_items; record_inclusion_decisions; source_registry; source_identity_assessments,general review - review_source_src_search_3cd97c76f675 - #AoVivo | Atualização do cenário epidemiológico da dengue no país,#AoVivo | Atualização do cenário epidemiológico da dengue no país,https://www.youtube.com/watch?v=VdSs9QCSR5I,Inspect the linked artifacts and only then edit a decision file if needed.,"What decision, if any, should a human reviewer record?",src_search_3cd97c76f675,source,This review item requires human inspection before it should affect downstream interpretation.
,approve_source_role; override_source_role; exclude_source; mark_source_needs_review,2024-01-01-2024-03-31,Dengue,,general_review,source_screening,Brazil,P3_low,80,human_review_items; record_inclusion_decisions; source_registry; source_identity_assessments,general review - review_source_src_search_4520d2861241 - [PDF] 2024 - Boletim Epidemiológico,[PDF] 2024 - Boletim Epidemiológico,https://www.gov.br/saude/pt-br/centrais-de-conteudo/publicacoes/boletins/epidemiologicos/edicoes/2024/boletim-epidemiologico-volume-55-no-11.pdf,Inspect the linked artifacts and only then edit a decision file if needed.,"What decision, if any, should a human reviewer record?",src_search_4520d2861241,source,This review item requires human inspection before it should affect downstream interpretation.
National Center for Biotechnology Information,approve_source_role; override_source_role; exclude_source; mark_source_needs_review,2024-01-01-2024-03-31,Dengue,,general_review,source_screening,Brazil,P3_low,81,human_review_items; record_inclusion_decisions; source_registry; source_identity_assessments,"general review - review_source_src_search_55a815a5dfd8 - Space-time dynamics of the dengue epidemic in Brazil, 2024 - PMC","Space-time dynamics of the dengue epidemic in Brazil, 2024 - PMC",https://pmc.ncbi.nlm.nih.gov/articles/PMC11430439,Inspect the linked artifacts and only then edit a decision file if needed.,"What decision, if any, should a human reviewer record?",src_search_55a815a5dfd8,source,This review item requires human inspection before it should affect downstream interpretation.
,approve_source_role; override_source_role; exclude_source; mark_source_needs_review,2024-01-01-2024-03-31,Dengue,,general_review,source_screening,Brazil,P3_low,82,human_review_items; record_inclusion_decisions; source_registry; source_identity_assessments,general review - review_source_src_search_5f398ee9785b - Info Dengue,Info Dengue,https://info.dengue.mat.br,Inspect the linked artifacts and only then edit a decision file if needed.,"What decision, if any, should a human reviewer record?",src_search_5f398ee9785b,source,This review item requires human inspection before it should affect downstream interpretation.
,approve_source_role; override_source_role; exclude_source; mark_source_needs_review,2024-01-01-2024-03-31,Dengue,,general_review,source_screening,Brazil,P3_low,83,human_review_items; record_inclusion_decisions; source_registry; source_identity_assessments,general review - review_source_src_search_8a863e6c52f9 - Brasil registra queda de quase 70% nos casos de dengue nos 2 ...,Brasil registra queda de quase 70% nos casos de dengue nos 2 ...,https://www.gov.br/saude/pt-br/assuntos/noticias/2025/marco/brasil-registra-queda-de-quase-70-nos-casos-de-dengue-nos-2-primeiros-meses-de-2025,Inspect the linked artifacts and only then edit a decision file if needed.,"What decision, if any, should a human reviewer record?",src_search_8a863e6c52f9,source,This review item requires human inspection before it should affect downstream interpretation.
,approve_source_role; override_source_role; exclude_source; mark_source_needs_review,2024-01-01-2024-03-31,Dengue,,general_review,source_screening,Brazil,P3_low,84,human_review_items; record_inclusion_decisions; source_registry; source_identity_assessments,general review - review_source_src_search_a55218ea3f18 - São Paulo tem mais de 2 milhões de casos de dengue em 2024,São Paulo tem mais de 2 milhões de casos de dengue em 2024,https://www.youtube.com/watch?v=zR-y1FTMvmE,Inspect the linked artifacts and only then edit a decision file if needed.,"What decision, if any, should a human reviewer record?",src_search_a55218ea3f18,source,This review item requires human inspection before it should affect downstream interpretation.
,approve_source_role; override_source_role; exclude_source; mark_source_needs_review,2024-01-01-2024-03-31,Dengue,,general_review,source_screening,Brazil,P3_low,85,human_review_items; record_inclusion_decisions; source_registry; source_identity_assessments,general review - review_source_src_search_aa712b85098b - Brasil tem quase mil mortes por dengue em investigação,Brasil tem quase mil mortes por dengue em investigação,https://agenciabrasil.ebc.com.br/saude/noticia/2024-03/brasil-tem-quase-mil-mortes-por-dengue-em-investigacao,Inspect the linked artifacts and only then edit a decision file if needed.,"What decision, if any, should a human reviewer record?",src_search_aa712b85098b,source,This review item requires human inspection before it should affect downstream interpretation.
,approve_source_role; override_source_role; exclude_source; mark_source_needs_review,2024-01-01-2024-03-31,Dengue,,general_review,source_screening,Brazil,P3_low,86,human_review_items; record_inclusion_decisions; source_registry; source_identity_assessments,"general review - review_source_src_search_ba94b872eb23 - Dengue, Chikungunya, Zika e Febre Amarela","Dengue, Chikungunya, Zika e Febre Amarela",https://www.saude.df.gov.br/informes-dengue-chikungunya-zika-febre-amarela,Inspect the linked artifacts and only then edit a decision file if needed.,"What decision, if any, should a human reviewer record?",src_search_ba94b872eb23,source,This review item requires human inspection before it should affect downstream interpretation.
,approve_source_role; override_source_role; exclude_source; mark_source_needs_review,2024-01-01-2024-03-31,Dengue,,general_review,source_screening,Brazil,P3_low,87,human_review_items; record_inclusion_decisions; source_registry; source_identity_assessments,general review - review_source_src_search_bca377d72697 - Governo e estados divergem sobre mortos pela dengue - 06/03/2024,Governo e estados divergem sobre mortos pela dengue - 06/03/2024,https://www1.folha.uol.com.br/equilibrioesaude/2024/03/ministerio-da-saude-e-governos-estaduais-divergem-sobre-casos-de-dengue.shtml,Inspect the linked artifacts and only then edit a decision file if needed.,"What decision, if any, should a human reviewer record?",src_search_bca377d72697,source,This review item requires human inspection before it should affect downstream interpretation.
,approve_source_role; override_source_role; exclude_source; mark_source_needs_review,2024-01-01-2024-03-31,Dengue,,general_review,source_screening,Brazil,P3_low,88,human_review_items; record_inclusion_decisions; source_registry; source_identity_assessments,general review - review_source_src_search_f28b6af274cc - Dengue mata mais que Covid-19 em 2024 no Brasil,Dengue mata mais que Covid-19 em 2024 no Brasil,https://www.youtube.com/watch?v=FswNgPHVQgU,Inspect the linked artifacts and only then edit a decision file if needed.,"What decision, if any, should a human reviewer record?",src_search_f28b6af274cc,source,This review item requires human inspection before it should affect downstream interpretation.
