actual_publisher,actual_publisher_confidence,actual_publisher_normalized,aggregation_or_syndication_reason,assessed_at,authority_bucket,canonical_url,claim_support_role,credibility_level_llm,credibility_rationale,discovery_method,disease_relevance_assessment,domain,errors,geography_relevance_assessment,independence_confidence,jurisdiction_scope,likely_contains_extractable_data,likely_syndicated_or_aggregated,llm_model,llm_provider,llm_used,method,page_author_or_org_candidate,page_function,page_identity_evidence,page_identity_excerpt,page_publisher_candidate,page_site_name_candidate,page_title,post_fetch_identity_assessed,post_fetch_identity_confidence,primary_vs_secondary,publisher_evidence_fields,publisher_evidence_quotes,publisher_source,publisher_type,query_used,recommended_extraction_use,recommended_fetch_use,recommended_source_role,search_provider,search_provider_result_source,search_rank,search_result_source_raw,snippet,source_id,source_identity_llm_skipped_reason,source_identity_status,source_independence_group,source_owner,source_owner_confidence,source_type_confidence,source_type_evidence,source_type_final,source_type_llm,source_type_warning_flags,source_url,supports_context_only,supports_exposure_monitoring_claims,supports_primary_case_claims,supports_zero_case_claims,task_relevance_assessment,time_relevance_assessment,title,trust_basis,upstream_source_mentions,warnings
,low,,,2026-06-25T15:25:31+00:00,official_authority,https://www.fda.gov/food/outbreaks-foodborne-illness/outbreak-investigation-salmonella-cucumbers-june-2024,primary_case_claim_support,,,live_search_result,not_assessed,fda.gov,[],not_assessed,medium,official_unspecified,True,False,,,False,source_identity_publisher_credibility_v1,,unknown,[],"![U.S. flag](/themes/custom/preview/assets/images/US_Flag.png)
![Dot gov](/themes/custom/preview/assets/images/icon-dot-gov.svg)

**The .gov means it’s official.**  
Federal government websites often end in .gov or .mil. Before sharing sensitive information, make sure you're on a federal government site.

![SSL](/themes/custom/preview/assets/images/icon-https.svg)

**The site is secure.**  
 The **https://** ensures that you are connecting to the official website and that any information you provide is encrypted and transmitted securely.

![U.S. Food and Drug Administration logo](/themes/custo",,,Outbreak Investigation of Salmonella: Cucumbers (June 2024) - FDA,True,low,primary_or_authoritative,[],[],,official_public_health_agency,CDC Salmonella outbreak investigation 2024 cases hospitalizations deaths United States May June July,extract_primary_case_claims,fetch_for_extraction,collection,tavily,Tavily,1,Tavily,,src_search_33733b13ba13,direct_target_official_fast_path_skips_source_identity,assessed,domain:fda_gov,,low,low,"[""source_type""]",official_public_health_agency,,[],https://www.fda.gov/food/outbreaks-foodborne-illness/outbreak-investigation-salmonella-cucumbers-june-2024,False,False,True,False,possibly_relevant,not_assessed,Outbreak Investigation of Salmonella: Cucumbers (June 2024) - FDA,Search metadata only,[],"[""search_provider_not_publisher"", ""publisher_from_search_metadata_unverified"", ""actual_publisher_unknown"", ""direct_target_official_fast_path_skips_source_identity""]"
Centers for Disease Control and Prevention,high,centers_for_disease_control_and_prevention,,2026-06-25T15:25:31+00:00,official_authority,https://www.cdc.gov/salmonella/outbreaks/mbandaka-05-01/investigation.html,primary_case_claim_support,,,live_search_result,not_assessed,cdc.gov,[],not_assessed,medium,national,True,False,,,False,source_identity_publisher_credibility_v1,,unknown,"[""Investigation Update: Salmonella Outbreaks, May 2025 | Salmonella Infection | CDC""]","![](/TemplatePackage/5.0/img/uswds/us_flag_small.png)
![](/TemplatePackage/5.0/img/uswds/icon-dot-gov.svg)

A **.gov** website belongs to an official government organization in the United States.

![](/TemplatePackage/5.0/img/uswds/icon-https.svg)

A **lock** (  ) or **https://** means you've safely connected to the .gov website. Share sensitive information only on official, secure websites.

![Centers for Disease Control and Prevention. CDC twenty four seven. Saving Lives, Protecting People](/TemplatePackage/5.0/img/logo/logo-notext.svg)
![Centers for Disease Control and Prevention. CDC twent",Centers for Disease Control and Prevention,,"Investigation Update: Salmonella Outbreaks, May 2025 | Salmonella Infection | CDC",True,high,primary_or_authoritative,"[""domain"", ""page_title""]","[""Investigation Update: Salmonella Outbreaks, May 2025 | Salmonella Infection | CDC""]",page_metadata_or_text,national_public_health_agency,CDC Salmonella outbreak investigation 2024 cases hospitalizations deaths United States May June July,extract_primary_case_claims,fetch_for_extraction,collection,tavily,Tavily,2,Tavily,,src_search_85d5f7f41e48,direct_target_official_fast_path_skips_source_identity,assessed,publisher:centers_for_disease_control_and_prevention,Centers for Disease Control and Prevention,high,high,"[""domain""]",national_public_health_agency,,[],https://www.cdc.gov/salmonella/outbreaks/mbandaka-05-01/investigation.html,False,False,True,False,possibly_relevant,not_assessed,"Investigation Update: Salmonella Outbreaks, May 2025 | Salmonella Infection | CDC",Official domain pattern,[],"[""search_provider_not_publisher"", ""publisher_from_search_metadata_unverified"", ""direct_target_official_fast_path_skips_source_identity""]"
Centers for Disease Control and Prevention,high,centers_for_disease_control_and_prevention,,2026-06-25T15:25:31+00:00,official_authority,https://www.cdc.gov/salmonella/outbreaks/eggs-09-24/investigation.html,primary_case_claim_support,,,live_search_result,not_assessed,cdc.gov,[],not_assessed,medium,national,True,False,,,False,source_identity_publisher_credibility_v1,,unknown,"[""Investigation Update: Salmonella Outbreak, Eggs - September 2024 | Salmonella Infection | CDC""]","![](/TemplatePackage/5.0/img/uswds/us_flag_small.png)
![](/TemplatePackage/5.0/img/uswds/icon-dot-gov.svg)

A **.gov** website belongs to an official government organization in the United States.

![](/TemplatePackage/5.0/img/uswds/icon-https.svg)

A **lock** (  ) or **https://** means you've safely connected to the .gov website. Share sensitive information only on official, secure websites.

![Centers for Disease Control and Prevention. CDC twenty four seven. Saving Lives, Protecting People](/TemplatePackage/5.0/img/logo/logo-notext.svg)
![Centers for Disease Control and Prevention. CDC twent",Centers for Disease Control and Prevention,,"Investigation Update: Salmonella Outbreak, Eggs - September 2024 | Salmonella Infection | CDC",True,high,primary_or_authoritative,"[""domain"", ""page_title""]","[""Investigation Update: Salmonella Outbreak, Eggs - September 2024 | Salmonella Infection | CDC""]",page_metadata_or_text,national_public_health_agency,CDC Salmonella outbreak investigation 2024 cases hospitalizations deaths United States May June July,extract_primary_case_claims,fetch_for_extraction,collection,tavily,Tavily,3,Tavily,,src_search_a5bc6c5400a7,direct_target_official_fast_path_skips_source_identity,assessed,publisher:centers_for_disease_control_and_prevention,Centers for Disease Control and Prevention,high,high,"[""domain""]",national_public_health_agency,,[],https://www.cdc.gov/salmonella/outbreaks/eggs-09-24/investigation.html,False,False,True,False,possibly_relevant,not_assessed,"Investigation Update: Salmonella Outbreak, Eggs - September 2024 | Salmonella Infection | CDC",Official domain pattern,[],"[""search_provider_not_publisher"", ""publisher_from_search_metadata_unverified"", ""direct_target_official_fast_path_skips_source_identity""]"
Centers for Disease Control and Prevention,high,centers_for_disease_control_and_prevention,,2026-06-25T15:25:31+00:00,official_authority,https://www.cdc.gov/salmonella/outbreaks/africana-06-24/index.html,primary_case_claim_support,,,live_search_result,not_assessed,cdc.gov,[],not_assessed,medium,national,True,False,,,False,source_identity_publisher_credibility_v1,,unknown,"[""Salmonella Outbreak Linked to Cucumbers - June 2024 - CDC""]","![](/TemplatePackage/5.0/img/uswds/us_flag_small.png)
![](/TemplatePackage/5.0/img/uswds/icon-dot-gov.svg)

A **.gov** website belongs to an official government organization in the United States.

![](/TemplatePackage/5.0/img/uswds/icon-https.svg)

A **lock** (  ) or **https://** means you've safely connected to the .gov website. Share sensitive information only on official, secure websites.

![Centers for Disease Control and Prevention. CDC twenty four seven. Saving Lives, Protecting People](/TemplatePackage/5.0/img/logo/logo-notext.svg)
![Centers for Disease Control and Prevention. CDC twent",Centers for Disease Control and Prevention,,Salmonella Outbreak Linked to Cucumbers - June 2024 - CDC,True,high,primary_or_authoritative,"[""domain"", ""page_title""]","[""Salmonella Outbreak Linked to Cucumbers - June 2024 - CDC""]",page_metadata_or_text,national_public_health_agency,CDC Salmonella outbreak investigation 2024 cases hospitalizations deaths United States May June July,extract_primary_case_claims,fetch_for_extraction,collection,tavily,Tavily,4,Tavily,,src_search_e0c58bcf769a,direct_target_official_fast_path_skips_source_identity,assessed,publisher:centers_for_disease_control_and_prevention,Centers for Disease Control and Prevention,high,high,"[""domain""]",national_public_health_agency,,[],https://www.cdc.gov/salmonella/outbreaks/africana-06-24/index.html,False,False,True,False,possibly_relevant,not_assessed,Salmonella Outbreak Linked to Cucumbers - June 2024 - CDC,Official domain pattern,[],"[""search_provider_not_publisher"", ""publisher_from_search_metadata_unverified"", ""direct_target_official_fast_path_skips_source_identity""]"
Centers for Disease Control and Prevention,high,centers_for_disease_control_and_prevention,,2026-06-25T15:25:31+00:00,social_media,https://www.facebook.com/CBSPittsburgh/posts/salmonella-outbreak-at-least-16-illnesses-have-been-reported-with-six-hospitaliz/674381181403410,insufficient_information,,,live_search_result,not_assessed,facebook.com,[],not_assessed,medium,non_authority,False,False,,,False,source_identity_publisher_credibility_v1,,report,"[""## KDKA-TV | CBS Pittsburgh's post\n\n---\n\n### [**KDKA-TV | CBS Pittsburgh**](https://www.facebook.com/CBSPittsburgh?__cft__[0]=AZZu5r8iFWx226i5LFr4jfs-3a32jMhkaHwPsXwtosUMDOQ55io4FkeknFn7lO86NTgG2s91mEOqwL2rtgs-CeqUZ86Ffc""]","## KDKA-TV | CBS Pittsburgh's post

---

### [**KDKA-TV | CBS Pittsburgh**](https://www.facebook.com/CBSPittsburgh?__cft__[0]=AZZu5r8iFWx226i5LFr4jfs-3a32jMhkaHwPsXwtosUMDOQ55io4FkeknFn7lO86NTgG2s91mEOqwL2rtgs-CeqUZ86Ffc71Ah0HanqqorSANLNbKsIc8JMMSzHMiN-VoKXspHASxLrB1b10ZfEPmU5E5kSzey7ygpQ90Dyw03XiUg&__tn__=-UC%2CP-R)

[26 July 2023](https://www.facebook.com/CBSPittsburgh/posts/pfbid02p4x4mCyCyysvi3vmFDMmakQy1FF2JiLTrfbfXkNnkMfK9jvpgnn7JVJCMKUBJkMAl?__cft__[0]=AZZu5r8iFWx226i5LFr4jfs-3a32jMhkaHwPsXwtosUMDOQ55io4FkeknFn7lO86NTgG2s91mEOqwL2rtgs-CeqUZ86Ffc71Ah0HanqqorSANLNbKsIc8JMMSzHMiN-VoKXspHAS",Centers for Disease Control and Prevention,,"At least 16 illnesses have been reported, with six hospitalizations ...",True,high,social,"[""clean_text""]","[""## KDKA-TV | CBS Pittsburgh's post\n\n---\n\n### [**KDKA-TV | CBS Pittsburgh**](https://www.facebook.com/CBSPittsburgh?__cft__[0]=AZZu5r8iFWx226i5LFr4jfs-3a32jMhkaHwPsXwtosUMDOQ55io4FkeknFn7lO86NTgG2s91mEOqwL2rtgs-CeqUZ86Ffc""]",page_metadata_or_text,social_media,CDC Salmonella outbreak investigation 2024 cases hospitalizations deaths United States May June July,needs_human_review,fetch_only_after_review,needs_human_review,tavily,Tavily,5,Tavily,,src_search_712e948506d7,direct_target_official_fast_path_skips_source_identity,assessed,domain:facebook_com,,low,high,"[""domain""]",social_media,,[],https://www.facebook.com/CBSPittsburgh/posts/salmonella-outbreak-at-least-16-illnesses-have-been-reported-with-six-hospitaliz/674381181403410,True,False,False,False,possibly_relevant,not_assessed,"At least 16 illnesses have been reported, with six hospitalizations ...",Search metadata only,[],"[""search_provider_not_publisher"", ""publisher_from_search_metadata_unverified"", ""actual_publisher_unknown"", ""direct_target_official_fast_path_skips_source_identity""]"
Centers for Disease Control and Prevention,high,centers_for_disease_control_and_prevention,,2026-06-25T15:25:31+00:00,official_authority,https://www.cdc.gov/salmonella/outbreaks/sproutedbeans-07-25/investigation.html,primary_case_claim_support,,,live_search_result,not_assessed,cdc.gov,[],not_assessed,medium,national,True,False,,,False,source_identity_publisher_credibility_v1,,unknown,"[""Investigation Update: Salmonella Outbreak, July 2025 | Salmonella Infection | CDC""]","![](/TemplatePackage/5.0/img/uswds/us_flag_small.png)
![](/TemplatePackage/5.0/img/uswds/icon-dot-gov.svg)

A **.gov** website belongs to an official government organization in the United States.

![](/TemplatePackage/5.0/img/uswds/icon-https.svg)

A **lock** (  ) or **https://** means you've safely connected to the .gov website. Share sensitive information only on official, secure websites.

![Centers for Disease Control and Prevention. CDC twenty four seven. Saving Lives, Protecting People](/TemplatePackage/5.0/img/logo/logo-notext.svg)
![Centers for Disease Control and Prevention. CDC twent",Centers for Disease Control and Prevention,,"Investigation Update: Salmonella Outbreak, July 2025 | Salmonella Infection | CDC",True,high,primary_or_authoritative,"[""domain"", ""page_title""]","[""Investigation Update: Salmonella Outbreak, July 2025 | Salmonella Infection | CDC""]",page_metadata_or_text,national_public_health_agency,CDC Salmonella outbreak investigation 2024 cases hospitalizations deaths United States May June July,extract_primary_case_claims,fetch_for_extraction,collection,tavily,Tavily,6,Tavily,,src_search_057e55c5d693,direct_target_official_fast_path_skips_source_identity,assessed,publisher:centers_for_disease_control_and_prevention,Centers for Disease Control and Prevention,high,high,"[""domain""]",national_public_health_agency,,[],https://www.cdc.gov/salmonella/outbreaks/sproutedbeans-07-25/investigation.html,False,False,True,False,possibly_relevant,not_assessed,"Investigation Update: Salmonella Outbreak, July 2025 | Salmonella Infection | CDC",Official domain pattern,[],"[""search_provider_not_publisher"", ""publisher_from_search_metadata_unverified"", ""direct_target_official_fast_path_skips_source_identity""]"
Centers for Disease Control and Prevention,high,centers_for_disease_control_and_prevention,,2026-06-25T15:25:31+00:00,social_media,https://x.com/CDCgov/status/2067329330817224750,insufficient_information,,,live_search_result,not_assessed,x.com,[],not_assessed,medium,non_authority,False,False,,,False,source_identity_publisher_credibility_v1,,social_post,"[""## Post\n\n[Log in](/i/jf/onboarding/web?mode=login)[Sign up](/i/jf/onboarding/web?mode=signup)\n\n## Post\n\n[![user avatar](https://pbs.twimg.com/profile_images/1775519665390772225/clcxou-0_normal.jpg)](https://x.com/CDCgov)""]","## Post

[Log in](/i/jf/onboarding/web?mode=login)[Sign up](/i/jf/onboarding/web?mode=signup)

## Post

[![user avatar](https://pbs.twimg.com/profile_images/1775519665390772225/clcxou-0_normal.jpg)](https://x.com/CDCgov)

[CDC](https://x.com/CDCgov)

[@CDCgov](https://x.com/CDCgov)

Salmonella Outbreak Update: 513 people sick, 134 hospitalized with 1 death, in 42 states and Puerto Rico from contact with backyard poultry. Backyard poultry can carry Salmonella germs that can make you sick. Take steps to keep yourself and your flock healthy. [cdc.gov/salmonella/out…](https://www.cdc.gov/salmonell",Centers for Disease Control and Prevention,,Salmonella Outbreak Update,True,high,social,"[""clean_text""]","[""## Post\n\n[Log in](/i/jf/onboarding/web?mode=login)[Sign up](/i/jf/onboarding/web?mode=signup)\n\n## Post\n\n[![user avatar](https://pbs.twimg.com/profile_images/1775519665390772225/clcxou-0_normal.jpg)](https://x.com/CDCgov)""]",page_metadata_or_text,social_media,CDC Salmonella outbreak investigation 2024 cases hospitalizations deaths United States May June July,needs_human_review,fetch_only_after_review,needs_human_review,tavily,Tavily,7,Tavily,,src_search_b51a5ab7bcd8,direct_target_official_fast_path_skips_source_identity,assessed,domain:x_com,,low,high,"[""domain""]",social_media,,[],https://x.com/CDCgov/status/2067329330817224750,True,False,False,False,possibly_relevant,not_assessed,Salmonella Outbreak Update,Search metadata only,[],"[""search_provider_not_publisher"", ""publisher_from_search_metadata_unverified"", ""actual_publisher_unknown"", ""direct_target_official_fast_path_skips_source_identity""]"
CIDRAP,high,cidrap,,2026-06-25T15:25:31+00:00,academic_source,https://www.cidrap.umn.edu/foodborne-disease/report-illnesses-contaminated-food-increased-2024-severe-cases-doubled,insufficient_information,,,live_search_result,not_assessed,cidrap.umn.edu,[],not_assessed,medium,unknown,False,False,,,False,source_identity_publisher_credibility_v1,,report,[],"# Report: Illnesses from contaminated food increased in 2024, severe cases doubled

[Chris Dall, MA](/chris-dall-ma)

[Foodborne Disease](/foodborne-disease)

[E coli](/e-coli)

[Listeria](/listeria)

[Salmonella](/salmonella)

![Contaminated lettuce](/sites/default/files/styles/article_detail/public/article/iStock-1190512185.jpg?itok=x-dsFsw3)
> Manjurul / iStock

[Copied to clipboard](# ""Copy link"")

The number of Americans with confirmed illness caused by contaminated food rose by 25% last year, according to a new [report](https://pirg.org/edfund/resources/food-for-thought-2025/) from the U",,,"Report: Illnesses from contaminated food increased in 2024, severe cases doubled | CIDRAP",True,low,primary_or_authoritative,"[""domain""]",[],domain,academic_or_peer_reviewed_source,CDC Salmonella outbreak investigation 2024 cases hospitalizations deaths United States May June July,needs_human_review,fetch_only_after_review,needs_human_review,tavily,Tavily,8,Tavily,,src_search_8207a084046e,direct_target_official_fast_path_skips_source_identity,assessed,publisher:cidrap,CIDRAP,high,high,"[""domain""]",academic_or_peer_reviewed_source,,[],https://www.cidrap.umn.edu/foodborne-disease/report-illnesses-contaminated-food-increased-2024-severe-cases-doubled,False,False,False,False,possibly_relevant,not_assessed,"Report: Illnesses from contaminated food increased in 2024, severe cases doubled | CIDRAP",Official domain pattern,[],"[""search_provider_not_publisher"", ""publisher_from_search_metadata_unverified"", ""direct_target_official_fast_path_skips_source_identity""]"
,low,,,2026-06-25T15:25:31+00:00,official_authority,https://www.fda.gov/food/outbreaks-foodborne-illness/outbreak-investigation-salmonella-cucumbers-november-2024,primary_case_claim_support,,,live_search_result,not_assessed,fda.gov,[],not_assessed,medium,official_unspecified,True,False,,,False,source_identity_publisher_credibility_v1,,official_alert,[],"* [Skip to FDA Search](#search-form)
* [Skip to in this section menu](#section-nav)
* [Skip to footer links](#footer)

![U.S. flag](/themes/custom/preview/assets/images/US_Flag.png) An official website of the United States government [Here’s how you know](#) 

![Dot gov](/themes/custom/preview/assets/images/icon-dot-gov.svg)

**The .gov means it’s official.**  
Federal government websites often end in .gov or .mil. Before sharing sensitive information, make sure you're on a federal government site.

![SSL](/themes/custom/preview/assets/images/icon-https.svg)

**The site is secure.**  
 The **h",,,Outbreak Investigation of Salmonella: Cucumbers (November 2024),True,low,primary_or_authoritative,[],[],,official_public_health_agency,FDA Salmonella outbreak recall advisory 2024 cases United States May June July food vehicle,extract_primary_case_claims,fetch_for_extraction,collection,tavily,Tavily,1,Tavily,,src_search_793a8dd9911b,direct_target_official_fast_path_skips_source_identity,assessed,domain:fda_gov,,low,low,"[""source_type""]",official_public_health_agency,,[],https://www.fda.gov/food/outbreaks-foodborne-illness/outbreak-investigation-salmonella-cucumbers-november-2024,False,False,True,False,possibly_relevant,not_assessed,Outbreak Investigation of Salmonella: Cucumbers (November 2024),Search metadata only,[],"[""search_provider_not_publisher"", ""publisher_from_search_metadata_unverified"", ""actual_publisher_unknown"", ""direct_target_official_fast_path_skips_source_identity""]"
,low,,,2026-06-25T15:25:31+00:00,official_authority,https://www.contagionlive.com/view/fda-recalls-mid-month-check-in,primary_case_claim_support,,,live_search_result,not_assessed,contagionlive.com,[],not_assessed,medium,official_unspecified,True,False,,,False,source_identity_publisher_credibility_v1,,official_alert,[],Just a moment...,,,Just a moment...,True,low,primary_or_authoritative,[],[],,official_public_health_agency,FDA Salmonella outbreak recall advisory 2024 cases United States May June July food vehicle,extract_primary_case_claims,fetch_for_extraction,collection,tavily,Tavily,3,Tavily,,src_search_a37f3105d277,direct_target_official_fast_path_skips_source_identity,assessed,domain:contagionlive_com,,low,low,"[""source_type""]",official_public_health_agency,,[],https://www.contagionlive.com/view/fda-recalls-mid-month-check-in,False,False,True,False,possibly_relevant,not_assessed,FDA Recalls: July 2024 Mid-Month Check In | Contagion Live,Search metadata only,[],"[""search_provider_not_publisher"", ""publisher_from_search_metadata_unverified"", ""actual_publisher_unknown"", ""direct_target_official_fast_path_skips_source_identity""]"
,low,,,2026-06-25T15:25:31+00:00,official_authority,http://www.fsis.usda.gov/recalls-alerts/fsis-issues-public-health-alert-various-meat-and-poultry-products-containing-fda,primary_case_claim_support,,,live_search_result,not_assessed,fsis.usda.gov,[],not_assessed,medium,official_unspecified,True,False,,,False,source_identity_publisher_credibility_v1,,official_alert,[],"[Skip navigation](#main-content)

![U.S. flag](/themes/uswds/img/us_flag_small.png)

An official website of the United States government

Here’s how you know

![Dot gov](/themes/uswds/img/icon-dot-gov.svg)

**The .gov means it’s official.**   
 Federal government websites often end in .gov or .mil. Before sharing sensitive information, make sure you’re on a federal government site.

![Https](/themes/uswds/img/icon-https.svg)

**The site is secure.**   
 The **https://** ensures that you are connecting to the official website and that any information you provide is encrypted and transmitted sec",,,FSIS Issues Public Health Alert for Various Meat and Poultry Products Containing FDA-Regulated Dairy Products That Have Been Recalled Due to Possible Salmonella Contamination | Food Safety and Inspection Service,True,low,primary_or_authoritative,[],[],,official_public_health_agency,FDA Salmonella outbreak recall advisory 2024 cases United States May June July food vehicle,extract_primary_case_claims,fetch_for_extraction,collection,tavily,Tavily,4,Tavily,,src_search_843a36718811,direct_target_official_fast_path_skips_source_identity,assessed,domain:fsis_usda_gov,,low,low,"[""source_type""]",official_public_health_agency,,[],http://www.fsis.usda.gov/recalls-alerts/fsis-issues-public-health-alert-various-meat-and-poultry-products-containing-fda,False,False,True,False,possibly_relevant,not_assessed,FSIS Issues Public Health Alert for Various Meat and Poultry Products Containing FDA-Regulated Dairy Products That Have Been Recalled Due to Possible Salmonella Contamination | Food Safety and Inspection Service,Search metadata only,[],"[""search_provider_not_publisher"", ""publisher_from_search_metadata_unverified"", ""actual_publisher_unknown"", ""direct_target_official_fast_path_skips_source_identity""]"
,low,,,2026-06-25T15:25:31+00:00,official_authority,https://kidsadvisory.com/food-recalls-us,primary_case_claim_support,,,live_search_result,not_assessed,kidsadvisory.com,[],not_assessed,medium,official_unspecified,True,False,,,False,source_identity_publisher_credibility_v1,,official_alert,[],"[Skip to content](#main)


[![KidsAdvisory.com logo](https://kidsadvisory.com/wp-content/uploads/2024/09/KA-800-x-320-px.png)](https://kidsadvisory.com/)

[Get Alerts!](https://kidsadvisory.com/get-recall-alerts/)

[![KidsAdvisory.com logo](https://kidsadvisory.com/wp-content/uploads/2024/09/KA-800-x-320-px.png)](https://kidsadvisory.com/)

# Food Recalls US – The complete List for Parents

## 2025 Food Recalls US – Updated Daily

\*This list includes all food and beverages for families, excluding alcohol, caffeine, and supplements not intended for children. Recalls and alerts are listed from ",,,Food Recalls US – Complete List for Parents - KidsAdvisory,True,low,primary_or_authoritative,[],[],,official_public_health_agency,FDA Salmonella outbreak recall advisory 2024 cases United States May June July food vehicle,extract_primary_case_claims,fetch_for_extraction,collection,tavily,Tavily,5,Tavily,,src_search_1f2ad0f9f937,direct_target_official_fast_path_skips_source_identity,assessed,domain:kidsadvisory_com,,low,low,"[""source_type""]",official_public_health_agency,,[],https://kidsadvisory.com/food-recalls-us,False,False,True,False,possibly_relevant,not_assessed,Food Recalls US – Complete List for Parents - KidsAdvisory,Search metadata only,[],"[""search_provider_not_publisher"", ""publisher_from_search_metadata_unverified"", ""actual_publisher_unknown"", ""direct_target_official_fast_path_skips_source_identity""]"
,low,,,2026-06-25T15:25:31+00:00,official_authority,https://www.foodsafety.gov/recalls-and-outbreaks,primary_case_claim_support,,,live_search_result,not_assessed,foodsafety.gov,[],not_assessed,medium,official_unspecified,True,False,,,False,source_identity_publisher_credibility_v1,,official_alert,[],"[Skip to main content](https://www.foodsafety.gov/recalls-and-outbreaks#main-content)

![Image 1: U.S. flag](https://www.foodsafety.gov/themes/custom/foodsafety/assets/img/us_flag_small.png)

An official website of the United States government

Here’s how you know

Here’s how you know

![Image 2: Dot gov](https://www.foodsafety.gov/themes/custom/foodsafety/assets/img/icon-dot-gov.svg)

**Official websites use .gov**

A **.gov** website belongs to an official government organization in the United States.

![Image 3: Https](https://www.foodsafety.gov/themes/custom/foodsafety/assets/img/icon-http",,,Recalls and Outbreaks | FoodSafety.gov,True,low,primary_or_authoritative,[],[],,official_public_health_agency,FDA Salmonella outbreak recall advisory 2024 cases United States May June July food vehicle,extract_primary_case_claims,fetch_for_extraction,collection,tavily,Tavily,6,Tavily,,src_search_139b1ba6fd05,direct_target_official_fast_path_skips_source_identity,assessed,domain:foodsafety_gov,,low,low,"[""source_type""]",official_public_health_agency,,[],https://www.foodsafety.gov/recalls-and-outbreaks,False,False,True,False,possibly_relevant,not_assessed,Recalls and Outbreaks | FoodSafety.gov,Search metadata only,[],"[""search_provider_not_publisher"", ""publisher_from_search_metadata_unverified"", ""actual_publisher_unknown"", ""direct_target_official_fast_path_skips_source_identity""]"
,low,,,2026-06-25T15:25:31+00:00,social_media,https://www.facebook.com/nbcchicago/videos/as-of-friday-at-least-a-dozen-products-related-to-the-recall-have-been-impacted-/870851292702148,insufficient_information,,,live_search_result,not_assessed,facebook.com,[],not_assessed,medium,non_authority,False,False,,,False,source_identity_publisher_credibility_v1,,official_alert,[],"[Log In](https://www.facebook.com/login/device-based/regular/login/?login_attempt=1&next=https%3A%2F%2Fwww.facebook.com%2Fnbcchicago%2Fvideos%2Fas-of-friday-at-least-a-dozen-products-related-to-the-recall-have-been-impacted-%2F870851292702148)

Log In

[Forgot Account?](https://www.facebook.com/recover/initiate?ars=royal_blue_bar)

# [Video](https://www.facebook.com/watch/)

[Home](https://www.facebook.com/watch/)

[Live](https://www.facebook.com/watch/live/?ref=watch)

[Reels](https://www.facebook.com/reel/?s=bookmark)

[Explore](https://www.facebook.com/watch/topic/)

More

[Home](https://ww",,,"As of Friday, at least a dozen products related to the recall have ...",True,low,social,[],[],,social_media,FDA Salmonella outbreak recall advisory 2024 cases United States May June July food vehicle,needs_human_review,fetch_only_after_review,needs_human_review,tavily,Tavily,7,Tavily,,src_search_34a66c01ab1b,direct_target_official_fast_path_skips_source_identity,assessed,domain:facebook_com,,low,high,"[""domain""]",social_media,,[],https://www.facebook.com/nbcchicago/videos/as-of-friday-at-least-a-dozen-products-related-to-the-recall-have-been-impacted-/870851292702148,True,False,False,False,possibly_relevant,not_assessed,"As of Friday, at least a dozen products related to the recall have ...",Search metadata only,[],"[""search_provider_not_publisher"", ""publisher_from_search_metadata_unverified"", ""actual_publisher_unknown"", ""direct_target_official_fast_path_skips_source_identity""]"
,low,,,2026-06-25T15:25:31+00:00,social_media,https://www.facebook.com/FOXBaltimore/posts/a-major-food-brand-issued-a-voluntary-recall-on-its-products-on-monday-after-a-p/1433009788870944,insufficient_information,,,live_search_result,not_assessed,facebook.com,[],not_assessed,medium,non_authority,False,False,,,False,source_identity_publisher_credibility_v1,,official_alert,[],"## WBFF FOX 45's post

---

### [**WBFF FOX 45**](https://www.facebook.com/FOXBaltimore?__cft__[0]=AZbFgxSpLWm_bBiHRYOiIGdEJuQBaeghRdI6y68XWV1gv2xDGfWjeUqLj1g5nX3jIdyCqerIEsD82usQTQmkCEWoPyoLvsZ6yRcohT6I10Q3_JSyBmu0eo_CjOPheWxposOMG6_OvmiIHufA1vHKOL6RLxLd9LRAuXRiYr6axjQoxQ&__tn__=-UC%2CP-R)

[5 May](https://www.facebook.com/FOXBaltimore/posts/pfbid0MWYTD2yMbmQonW6ruBs8vMNYvm1cSdKumX1LN6PR4GhvhJMNUAoS7gBtKwLThPFbl?__cft__[0]=AZbFgxSpLWm_bBiHRYOiIGdEJuQBaeghRdI6y68XWV1gv2xDGfWjeUqLj1g5nX3jIdyCqerIEsD82usQTQmkCEWoPyoLvsZ6yRcohT6I10Q3_JSyBmu0eo_CjOPheWxposOMG6_OvmiIHufA1vHKOL6RLxLd9LRAuXRiYr6axjQo",,,WBFF FOX 45 - A major food brand issued a voluntary recall...,True,low,social,[],[],,social_media,FDA Salmonella outbreak recall advisory 2024 cases United States May June July food vehicle,needs_human_review,fetch_only_after_review,needs_human_review,tavily,Tavily,8,Tavily,,src_search_d75a6eda1263,direct_target_official_fast_path_skips_source_identity,assessed,domain:facebook_com,,low,high,"[""domain""]",social_media,,[],https://www.facebook.com/FOXBaltimore/posts/a-major-food-brand-issued-a-voluntary-recall-on-its-products-on-monday-after-a-p/1433009788870944,True,False,False,False,possibly_relevant,not_assessed,WBFF FOX 45 - A major food brand issued a voluntary recall...,Search metadata only,[],"[""search_provider_not_publisher"", ""publisher_from_search_metadata_unverified"", ""actual_publisher_unknown"", ""direct_target_official_fast_path_skips_source_identity""]"
Centers for Disease Control and Prevention,high,centers_for_disease_control_and_prevention,,2026-06-25T15:25:31+00:00,official_authority,https://www.cdc.gov/salmonella/outbreaks/saintpaul-04-26/investigation.html,primary_case_claim_support,,,live_search_result,not_assessed,cdc.gov,[],not_assessed,medium,national,True,False,,,False,source_identity_publisher_credibility_v1,,unknown,"[""Investigation Update: Salmonella Outbreaks, April 2026 | Salmonella Infection | CDC""]","![](/TemplatePackage/5.0/img/uswds/us_flag_small.png)
![](/TemplatePackage/5.0/img/uswds/icon-dot-gov.svg)

A **.gov** website belongs to an official government organization in the United States.

![](/TemplatePackage/5.0/img/uswds/icon-https.svg)

A **lock** (  ) or **https://** means you've safely connected to the .gov website. Share sensitive information only on official, secure websites.

![Centers for Disease Control and Prevention. CDC twenty four seven. Saving Lives, Protecting People](/TemplatePackage/5.0/img/logo/logo-notext.svg)
![Centers for Disease Control and Prevention. CDC twent",Centers for Disease Control and Prevention,,"Investigation Update: Salmonella Outbreaks, April 2026 | Salmonella Infection | CDC",True,high,primary_or_authoritative,"[""domain"", ""page_title""]","[""Investigation Update: Salmonella Outbreaks, April 2026 | Salmonella Infection | CDC""]",page_metadata_or_text,national_public_health_agency,Salmonella multistate outbreak United States 2024 cases deaths hospitalizations state health department,extract_primary_case_claims,fetch_for_extraction,collection,tavily,Tavily,1,Tavily,,src_search_1a43f41dad6f,direct_target_official_fast_path_skips_source_identity,assessed,publisher:centers_for_disease_control_and_prevention,Centers for Disease Control and Prevention,high,high,"[""domain""]",national_public_health_agency,,[],https://www.cdc.gov/salmonella/outbreaks/saintpaul-04-26/investigation.html,False,False,True,False,possibly_relevant,not_assessed,"Investigation Update: Salmonella Outbreaks, April 2026 | Salmonella Infection | CDC",Official domain pattern,[],"[""search_provider_not_publisher"", ""publisher_from_search_metadata_unverified"", ""direct_target_official_fast_path_skips_source_identity""]"
Centers for Disease Control and Prevention,high,centers_for_disease_control_and_prevention,,2026-06-25T15:25:31+00:00,official_authority,https://doh.wa.gov/you-and-your-family/illness-and-disease-z/foodborne-illness/outbreaks/2026-extensively-drug-resistant-salmonella-multistate-outbreak-linked-moringa-powder-capsules,primary_case_claim_support,,,live_search_result,not_assessed,doh.wa.gov,[],not_assessed,medium,subnational,True,False,,,False,source_identity_publisher_credibility_v1,,unknown,"[""![Washington State Department of Health Logo](/themes/drupalbase_custom/assets/images/doh_logo_horizontal.svg)\n\n[About Us](/about-us)  |  [Contact Us](/about-us/contact-us)  |  [Newsroom](/newsroom)\n\nbreadcrumb\n\n# 2026 E""]","![Washington State Department of Health Logo](/themes/drupalbase_custom/assets/images/doh_logo_horizontal.svg)

[About Us](/about-us)  |  [Contact Us](/about-us/contact-us)  |  [Newsroom](/newsroom)

breadcrumb

# 2026 Extensively Drug-Resistant Salmonella Multistate Outbreak linked to Moringa Powder Capsules

[Foodborne Illness](/node/6013) | [All Outbreaks](/node/9474)

**Final Update - April 1, 2026**

The CDC, FDA, and public health officials in several states and local health jurisdictions investigated an outbreak of extensively drug-resistant *Salmonella* infections. Epidemiologic, labor",Centers for Disease Control and Prevention,,2026 Extensively Drug-Resistant Salmonella Multistate Outbreak linked to Moringa Powder Capsules | Washington State Department of Health,True,high,primary_or_authoritative,"[""domain"", ""clean_text""]","[""![Washington State Department of Health Logo](/themes/drupalbase_custom/assets/images/doh_logo_horizontal.svg)\n\n[About Us](/about-us)  |  [Contact Us](/about-us/contact-us)  |  [Newsroom](/newsroom)\n\nbreadcrumb\n\n# 2026 E""]",page_metadata_or_text,state_or_local_public_health_agency,Salmonella multistate outbreak United States 2024 cases deaths hospitalizations state health department,extract_primary_case_claims,fetch_for_extraction,collection,tavily,Tavily,2,Tavily,,src_search_bebdb72f384b,direct_target_official_fast_path_skips_source_identity,assessed,publisher:doh_wa_gov,doh.wa.gov,high,high,"[""domain""]",state_or_local_public_health_agency,,[],https://doh.wa.gov/you-and-your-family/illness-and-disease-z/foodborne-illness/outbreaks/2026-extensively-drug-resistant-salmonella-multistate-outbreak-linked-moringa-powder-capsules,False,False,True,False,possibly_relevant,not_assessed,2026 Extensively Drug-Resistant Salmonella Multistate Outbreak linked to Moringa Powder Capsules | Washington State Department of Health,Official domain pattern,[],"[""search_provider_not_publisher"", ""publisher_from_search_metadata_unverified"", ""direct_target_official_fast_path_skips_source_identity""]"
Centers for Disease Control and Prevention,high,centers_for_disease_control_and_prevention,,2026-06-25T15:25:31+00:00,official_authority,https://www.cdc.gov/salmonella/outbreaks/supergreenssupplementpowders-1-26/investigation.html,primary_case_claim_support,,,live_search_result,not_assessed,cdc.gov,[],not_assessed,medium,national,True,False,,,False,source_identity_publisher_credibility_v1,,unknown,"[""Investigation Update: Salmonella Outbreak, January 2026 | Salmonella Infection | CDC""]","![](/TemplatePackage/5.0/img/uswds/us_flag_small.png)
![](/TemplatePackage/5.0/img/uswds/icon-dot-gov.svg)

A **.gov** website belongs to an official government organization in the United States.

![](/TemplatePackage/5.0/img/uswds/icon-https.svg)

A **lock** (  ) or **https://** means you've safely connected to the .gov website. Share sensitive information only on official, secure websites.

![Centers for Disease Control and Prevention. CDC twenty four seven. Saving Lives, Protecting People](/TemplatePackage/5.0/img/logo/logo-notext.svg)
![Centers for Disease Control and Prevention. CDC twent",Centers for Disease Control and Prevention,,"Investigation Update: Salmonella Outbreak, January 2026 | Salmonella Infection | CDC",True,high,primary_or_authoritative,"[""domain"", ""page_title""]","[""Investigation Update: Salmonella Outbreak, January 2026 | Salmonella Infection | CDC""]",page_metadata_or_text,national_public_health_agency,Salmonella multistate outbreak United States 2024 cases deaths hospitalizations state health department,extract_primary_case_claims,fetch_for_extraction,collection,tavily,Tavily,3,Tavily,,src_search_58cd0c44b219,direct_target_official_fast_path_skips_source_identity,assessed,publisher:centers_for_disease_control_and_prevention,Centers for Disease Control and Prevention,high,high,"[""domain""]",national_public_health_agency,,[],https://www.cdc.gov/salmonella/outbreaks/supergreenssupplementpowders-1-26/investigation.html,False,False,True,False,possibly_relevant,not_assessed,"Investigation Update: Salmonella Outbreak, January 2026 | Salmonella Infection | CDC",Official domain pattern,[],"[""search_provider_not_publisher"", ""publisher_from_search_metadata_unverified"", ""direct_target_official_fast_path_skips_source_identity""]"
Centers for Disease Control and Prevention,high,centers_for_disease_control_and_prevention,,2026-06-25T15:25:31+00:00,official_authority,https://medtigo.com/news/public-health-alert-issued-amid-january-2026-salmonella-outbreak,primary_case_claim_support,,,live_search_result,not_assessed,medtigo.com,[],not_assessed,medium,official_unspecified,True,False,,,False,source_identity_publisher_credibility_v1,,official_alert,"[""###### Logging you in...\n\n![Medtigo White Logo](/images/logo-white.svg)\n![Search](/icons/header/search.svg)\n![Call Us](/icons/header/phone.svg)\n![FAQ Center](/icons/header/help.svg)\n![Slide 1](https://cms.medtigo.com/wp-""]","###### Logging you in...

![Medtigo White Logo](/images/logo-white.svg)
![Search](/icons/header/search.svg)
![Call Us](/icons/header/phone.svg)
![FAQ Center](/icons/header/help.svg)
![Slide 1](https://cms.medtigo.com/wp-content/uploads/2025/05/acls.webp)
![Slide 2](https://cms.medtigo.com/wp-content/uploads/2025/05/bls.webp)
![Slide 3](https://cms.medtigo.com/wp-content/uploads/2025/05/pals.webp)
![Slide 4](https://cms.medtigo.com/wp-content/uploads/2025/07/full-access-cme_banner-scaled.webp)

# Public Health Alert Issued Amid January 2026 Salmonella Outbreak

![Public Health Alert Issued Amid",Centers for Disease Control and Prevention,,Public Health Alert Issued Amid January 2026 Salmonella Outbreak,True,high,primary_or_authoritative,"[""clean_text""]","[""###### Logging you in...\n\n![Medtigo White Logo](/images/logo-white.svg)\n![Search](/icons/header/search.svg)\n![Call Us](/icons/header/phone.svg)\n![FAQ Center](/icons/header/help.svg)\n![Slide 1](https://cms.medtigo.com/wp-""]",page_metadata_or_text,official_public_health_agency,Salmonella multistate outbreak United States 2024 cases deaths hospitalizations state health department,extract_primary_case_claims,fetch_for_extraction,collection,tavily,Tavily,5,Tavily,,src_search_814630932f43,direct_target_official_fast_path_skips_source_identity,assessed,domain:medtigo_com,,low,low,"[""source_type""]",official_public_health_agency,,[],https://medtigo.com/news/public-health-alert-issued-amid-january-2026-salmonella-outbreak,False,False,True,False,possibly_relevant,not_assessed,Public Health Alert Issued Amid January 2026 Salmonella Outbreak,Search metadata only,[],"[""search_provider_not_publisher"", ""publisher_from_search_metadata_unverified"", ""actual_publisher_unknown"", ""direct_target_official_fast_path_skips_source_identity""]"
,low,,,2026-06-25T15:25:31+00:00,official_authority,https://ktla.com/news/more-than-270-infected-in-mysterious-salmonella-outbreak-detected-in-29-states,primary_case_claim_support,,,live_search_result,not_assessed,ktla.com,[],not_assessed,medium,official_unspecified,True,False,,,False,source_identity_publisher_credibility_v1,,unknown,[],"px-captcha
Access to this page has been denied",,,Access to this page has been denied,True,low,primary_or_authoritative,[],[],,official_public_health_agency,Salmonella multistate outbreak United States 2024 cases deaths hospitalizations state health department,extract_primary_case_claims,fetch_for_extraction,collection,tavily,Tavily,6,Tavily,,src_search_25738f18fb27,direct_target_official_fast_path_skips_source_identity,assessed,domain:ktla_com,,low,low,"[""source_type""]",official_public_health_agency,,[],https://ktla.com/news/more-than-270-infected-in-mysterious-salmonella-outbreak-detected-in-29-states,False,False,True,False,possibly_relevant,not_assessed,Salmonella outbreak detected in 29 U.S. states as health officials ...,Search metadata only,[],"[""search_provider_not_publisher"", ""publisher_from_search_metadata_unverified"", ""actual_publisher_unknown"", ""direct_target_official_fast_path_skips_source_identity""]"
,low,,,2026-06-25T15:25:31+00:00,social_media,https://www.facebook.com/fox26houston/posts/there-are-173-new-cases-and-50-new-hospitalizations-from-salmonella-outbreak/10160924353830348,insufficient_information,,,live_search_result,not_assessed,facebook.com,[],not_assessed,medium,non_authority,False,False,,,False,source_identity_publisher_credibility_v1,,social_post,[],"## FOX 26 Houston's Post

---

### [**FOX 26 Houston**](https://www.facebook.com/fox26houston?__cft__[0]=AZbwX0NAVHIkz3mj7woTiOJBPtfeQccb1SNt_NZWuDnYdXKQg91wfOBNElnAPXc43zJqC3U1sNRaNJ6tPJVJOAs03IJUBcnnL7dHr3ilkYLTSf-wmMVrPK7ia1qdlcetQ_y9N0CDsJUgegOn-h-k46K2clql9105zO_b96MrWjy9ZA&__tn__=-UC%2CP-R)

[October 18, 2021](https://www.facebook.com/fox26houston/posts/pfbid02JyeusDxKWbPApAQFqsxkv2w9FRBEMbrFYmwaDFXD2L7DFCdWyx9iLH1fsddppThcl?__cft__[0]=AZbwX0NAVHIkz3mj7woTiOJBPtfeQccb1SNt_NZWuDnYdXKQg91wfOBNElnAPXc43zJqC3U1sNRaNJ6tPJVJOAs03IJUBcnnL7dHr3ilkYLTSf-wmMVrPK7ia1qdlcetQ_y9N0CDsJUgegOn-h-k46K2cl",,,There are 173 new cases and 50 new hospitalizations ... - Facebook,True,low,social,[],[],,social_media,Salmonella multistate outbreak United States 2024 cases deaths hospitalizations state health department,needs_human_review,fetch_only_after_review,needs_human_review,tavily,Tavily,7,Tavily,,src_search_1aa919b25056,direct_target_official_fast_path_skips_source_identity,assessed,domain:facebook_com,,low,high,"[""domain""]",social_media,,[],https://www.facebook.com/fox26houston/posts/there-are-173-new-cases-and-50-new-hospitalizations-from-salmonella-outbreak/10160924353830348,True,False,False,False,possibly_relevant,not_assessed,There are 173 new cases and 50 new hospitalizations ... - Facebook,Search metadata only,[],"[""search_provider_not_publisher"", ""publisher_from_search_metadata_unverified"", ""actual_publisher_unknown"", ""direct_target_official_fast_path_skips_source_identity""]"
,low,,,2026-06-25T15:25:31+00:00,official_authority,https://beaconbio.org/en/event?eventid=6a50eced-5b6d-4a08-b25d-b45132969687&locations=8c348b43-d00a-48b6-90e6-01254a59d109,primary_case_claim_support,,,live_search_result,not_assessed,beaconbio.org,[],not_assessed,medium,official_unspecified,True,False,,,False,source_identity_publisher_credibility_v1,,unknown,[],"[![Image 1: BEACON Logo](https://beaconbio.org/beaconLogo.svg)](https://beaconbio.org/en/)

*   [Disease Events](https://beaconbio.org/en/)
*   [About](https://beaconbio.org/en/about)
*   [Resources](https://beaconbio.org/en/resources)
*   [Blog](https://beaconbio.org/en/blog)
*   [Errata](https://beaconbio.org/en/errata)
*   [Contact Us](https://beaconbio.org/en/contact)
*   [Subscribe](https://subscribe.beaconbio.org/beacon-email-subscription)

![Image 2: BEACON Logo](https://beaconbio.org/beaconLogoFull.svg)

* * *

[Disease Events](https://beaconbio.org/en/)

[About](https://beaconbio.org/",,,"Salmonellosis, USA - BEACON",True,low,primary_or_authoritative,[],[],,official_public_health_agency,Salmonella multistate outbreak United States 2024 cases deaths hospitalizations state health department,extract_primary_case_claims,fetch_for_extraction,collection,tavily,Tavily,8,Tavily,,src_search_8d0aef1a7c3b,direct_target_official_fast_path_skips_source_identity,assessed,domain:beaconbio_org,,low,low,"[""source_type""]",official_public_health_agency,,[],https://beaconbio.org/en/event?eventid=6a50eced-5b6d-4a08-b25d-b45132969687&locations=8c348b43-d00a-48b6-90e6-01254a59d109,False,False,True,False,possibly_relevant,not_assessed,"Salmonellosis, USA - BEACON",Search metadata only,[],"[""search_provider_not_publisher"", ""publisher_from_search_metadata_unverified"", ""actual_publisher_unknown"", ""direct_target_official_fast_path_skips_source_identity""]"
,low,,News or aggregator source may summarize upstream official reporting,2026-06-25T15:25:31+00:00,secondary_media,https://pirg.org/edfund/resources/food-for-thought-2025,corroboration_support,,,live_search_result,not_assessed,pirg.org,[],not_assessed,medium,non_authority,True,True,,,False,source_identity_publisher_credibility_v1,,secondary_report,[],,,,,False,,secondary,[],[],,news_media,Salmonella outbreak US 2024 sick hospitalized recalled food cucumbers eggs poultry May July cases,extract_public_health_observations,fetch_for_extraction,collection_support,tavily,Tavily,1,Tavily,,src_search_15fc5f8d47e2,direct_target_official_fast_path_skips_source_identity,assessed,domain:pirg_org,,low,medium,"[""source_type""]",news_media,,[],https://pirg.org/edfund/resources/food-for-thought-2025,False,False,False,False,possibly_relevant,not_assessed,Food for Thought 2025,Search metadata only,[],"[""search_provider_not_publisher"", ""publisher_from_search_metadata_unverified"", ""actual_publisher_unknown"", ""direct_target_official_fast_path_skips_source_identity""]"
,low,,News or aggregator source may summarize upstream official reporting,2026-06-25T15:25:31+00:00,secondary_media,https://abc7ny.com/post/cucumbers-recalled-salmonella-outbreak-cdc-fda/15189755,corroboration_support,,,live_search_result,not_assessed,abc7ny.com,[],not_assessed,medium,non_authority,True,True,,,False,source_identity_publisher_credibility_v1,,secondary_report,[],,,,,False,,secondary,[],[],,news_media,Salmonella outbreak US 2024 sick hospitalized recalled food cucumbers eggs poultry May July cases,extract_public_health_observations,fetch_for_extraction,collection_support,tavily,Tavily,4,Tavily,,src_search_397f647da895,direct_target_official_fast_path_skips_source_identity,assessed,domain:abc7ny_com,,low,medium,"[""source_type""]",news_media,,[],https://abc7ny.com/post/cucumbers-recalled-salmonella-outbreak-cdc-fda/15189755,False,False,False,False,possibly_relevant,not_assessed,Cucumbers linked to salmonella outbreak in 31 states - abc7NY,Search metadata only,[],"[""search_provider_not_publisher"", ""publisher_from_search_metadata_unverified"", ""actual_publisher_unknown"", ""direct_target_official_fast_path_skips_source_identity""]"
Centers for Disease Control and Prevention,high,centers_for_disease_control_and_prevention,,2026-06-25T15:25:31+00:00,official_authority,https://www.cdc.gov/salmonella/outbreaks/eggs-08-25/investigation.html,primary_case_claim_support,,,live_search_result,not_assessed,cdc.gov,[],not_assessed,medium,national,True,False,,,False,source_identity_publisher_credibility_v1,,unknown,"[""Investigation Update: Salmonella Outbreak, August 2025 | Salmonella Infection | CDC""]","![](/TemplatePackage/5.0/img/uswds/us_flag_small.png)
![](/TemplatePackage/5.0/img/uswds/icon-dot-gov.svg)

A **.gov** website belongs to an official government organization in the United States.

![](/TemplatePackage/5.0/img/uswds/icon-https.svg)

A **lock** (  ) or **https://** means you've safely connected to the .gov website. Share sensitive information only on official, secure websites.

![Centers for Disease Control and Prevention. CDC twenty four seven. Saving Lives, Protecting People](/TemplatePackage/5.0/img/logo/logo-notext.svg)
![Centers for Disease Control and Prevention. CDC twent",Centers for Disease Control and Prevention,,"Investigation Update: Salmonella Outbreak, August 2025 | Salmonella Infection | CDC",True,high,primary_or_authoritative,"[""domain"", ""page_title""]","[""Investigation Update: Salmonella Outbreak, August 2025 | Salmonella Infection | CDC""]",page_metadata_or_text,national_public_health_agency,Salmonella outbreak US 2024 sick hospitalized recalled food cucumbers eggs poultry May July cases,extract_primary_case_claims,fetch_for_extraction,collection,tavily,Tavily,5,Tavily,,src_search_fe233d5728e3,direct_target_official_fast_path_skips_source_identity,assessed,publisher:centers_for_disease_control_and_prevention,Centers for Disease Control and Prevention,high,high,"[""domain""]",national_public_health_agency,,[],https://www.cdc.gov/salmonella/outbreaks/eggs-08-25/investigation.html,False,False,True,False,possibly_relevant,not_assessed,"Investigation Update: Salmonella Outbreak, August 2025 | Salmonella Infection | CDC",Official domain pattern,[],"[""search_provider_not_publisher"", ""publisher_from_search_metadata_unverified"", ""direct_target_official_fast_path_skips_source_identity""]"
,low,,News or aggregator source may summarize upstream official reporting,2026-06-25T15:25:31+00:00,secondary_aggregator,https://en.wikipedia.org/wiki/List_of_foodborne_illness_outbreaks_in_the_United_States,corroboration_support,,,live_search_result,not_assessed,en.wikipedia.org,[],not_assessed,medium,non_authority,True,True,,,False,source_identity_publisher_credibility_v1,,secondary_report,[],,,,,False,,secondary,[],[],,secondary_aggregator,Salmonella outbreak US 2024 sick hospitalized recalled food cucumbers eggs poultry May July cases,extract_public_health_observations,fetch_for_extraction,collection_support,tavily,Tavily,6,Tavily,,src_search_76394e8294e0,direct_target_official_fast_path_skips_source_identity,assessed,domain:en_wikipedia_org,,low,high,"[""domain""]",secondary_aggregator,,[],https://en.wikipedia.org/wiki/List_of_foodborne_illness_outbreaks_in_the_United_States,False,False,False,False,possibly_relevant,not_assessed,List of foodborne illness outbreaks in the United States - Wikipedia,Search metadata only,[],"[""search_provider_not_publisher"", ""publisher_from_search_metadata_unverified"", ""actual_publisher_unknown"", ""direct_target_official_fast_path_skips_source_identity""]"
,low,,News or aggregator source may summarize upstream official reporting,2026-06-25T15:25:31+00:00,secondary_media,http://www.fsis.usda.gov/recalls,corroboration_support,,,live_search_result,not_assessed,fsis.usda.gov,[],not_assessed,medium,non_authority,True,True,,,False,source_identity_publisher_credibility_v1,,official_alert,[],,,,,False,,secondary,[],[],,news_media,Salmonella outbreak US 2024 sick hospitalized recalled food cucumbers eggs poultry May July cases,extract_public_health_observations,fetch_for_extraction,collection_support,tavily,Tavily,7,Tavily,,src_search_db7489def0f9,direct_target_official_fast_path_skips_source_identity,assessed,domain:fsis_usda_gov,,low,medium,"[""source_type""]",news_media,,[],http://www.fsis.usda.gov/recalls,False,False,False,False,possibly_relevant,not_assessed,Recalls & Public Health Alerts | Food Safety and Inspection Service,Search metadata only,[],"[""search_provider_not_publisher"", ""publisher_from_search_metadata_unverified"", ""actual_publisher_unknown"", ""direct_target_official_fast_path_skips_source_identity""]"
,low,,News or aggregator source may summarize upstream official reporting,2026-06-25T15:25:31+00:00,secondary_media,https://www.allrecipes.com/the-ten-riskiest-foods-to-eat-according-to-recall-data-2025-11731640,corroboration_support,,,live_search_result,not_assessed,allrecipes.com,[],not_assessed,medium,non_authority,True,True,,,False,source_identity_publisher_credibility_v1,,secondary_report,[],,,,,False,,secondary,[],[],,news_media,Salmonella outbreak US 2024 sick hospitalized recalled food cucumbers eggs poultry May July cases,extract_public_health_observations,fetch_for_extraction,collection_support,tavily,Tavily,8,Tavily,,src_search_e48f82c4451a,direct_target_official_fast_path_skips_source_identity,assessed,domain:allrecipes_com,,low,medium,"[""source_type""]",news_media,,[],https://www.allrecipes.com/the-ten-riskiest-foods-to-eat-according-to-recall-data-2025-11731640,False,False,False,False,possibly_relevant,not_assessed,"The 10 Riskiest Foods to Eat Right Now, According to Food Safety ...",Search metadata only,[],"[""search_provider_not_publisher"", ""publisher_from_search_metadata_unverified"", ""actual_publisher_unknown"", ""direct_target_official_fast_path_skips_source_identity""]"
Centers for Disease Control and Prevention,high,centers_for_disease_control_and_prevention,,2026-06-25T15:25:31+00:00,official_authority,https://www.cdc.gov/salmonella/outbreaks/backyardpoultry-05-24/investigation.html,primary_case_claim_support,,,live_search_result,not_assessed,cdc.gov,[],not_assessed,medium,national,True,False,,,False,source_identity_publisher_credibility_v1,,unknown,"[""Investigation Update: Salmonella Outbreak, Backyard Poultry - CDC""]","![](/TemplatePackage/5.0/img/uswds/us_flag_small.png)
![](/TemplatePackage/5.0/img/uswds/icon-dot-gov.svg)

A **.gov** website belongs to an official government organization in the United States.

![](/TemplatePackage/5.0/img/uswds/icon-https.svg)

A **lock** (  ) or **https://** means you've safely connected to the .gov website. Share sensitive information only on official, secure websites.

![Centers for Disease Control and Prevention. CDC twenty four seven. Saving Lives, Protecting People](/TemplatePackage/5.0/img/logo/logo-notext.svg)
![Centers for Disease Control and Prevention. CDC twent",Centers for Disease Control and Prevention,,"Investigation Update: Salmonella Outbreak, Backyard Poultry - CDC",True,high,primary_or_authoritative,"[""domain"", ""page_title""]","[""Investigation Update: Salmonella Outbreak, Backyard Poultry - CDC""]",page_metadata_or_text,national_public_health_agency,CDC Salmonella backyard poultry outbreak 2024 investigation cases hospitalizations deaths,extract_primary_case_claims,fetch_for_extraction,collection,tavily,Tavily,1,Tavily,,src_search_341f243cf7df,direct_target_official_fast_path_skips_source_identity,assessed,publisher:centers_for_disease_control_and_prevention,Centers for Disease Control and Prevention,high,high,"[""domain""]",national_public_health_agency,,[],https://www.cdc.gov/salmonella/outbreaks/backyardpoultry-05-24/investigation.html,False,False,True,False,possibly_relevant,not_assessed,"Investigation Update: Salmonella Outbreak, Backyard Poultry - CDC",Official domain pattern,[],"[""search_provider_not_publisher"", ""publisher_from_search_metadata_unverified"", ""direct_target_official_fast_path_skips_source_identity""]"
Centers for Disease Control and Prevention,high,centers_for_disease_control_and_prevention,,2026-06-25T15:25:31+00:00,official_authority,https://www.cdc.gov/salmonella/outbreaks/backyardpoultry-05-24/index.html,primary_case_claim_support,,,live_search_result,not_assessed,cdc.gov,[],not_assessed,medium,national,True,False,,,False,source_identity_publisher_credibility_v1,,unknown,"[""Salmonella Outbreak Linked to Backyard Poultry -May 2024 - CDC""]","![](/TemplatePackage/5.0/img/uswds/us_flag_small.png)
![](/TemplatePackage/5.0/img/uswds/icon-dot-gov.svg)

A **.gov** website belongs to an official government organization in the United States.

![](/TemplatePackage/5.0/img/uswds/icon-https.svg)

A **lock** (  ) or **https://** means you've safely connected to the .gov website. Share sensitive information only on official, secure websites.

![Centers for Disease Control and Prevention. CDC twenty four seven. Saving Lives, Protecting People](/TemplatePackage/5.0/img/logo/logo-notext.svg)
![Centers for Disease Control and Prevention. CDC twent",Centers for Disease Control and Prevention,,Salmonella Outbreak Linked to Backyard Poultry -May 2024 - CDC,True,high,primary_or_authoritative,"[""domain"", ""page_title""]","[""Salmonella Outbreak Linked to Backyard Poultry -May 2024 - CDC""]",page_metadata_or_text,national_public_health_agency,CDC Salmonella backyard poultry outbreak 2024 investigation cases hospitalizations deaths,extract_primary_case_claims,fetch_for_extraction,collection,tavily,Tavily,2,Tavily,,src_search_b85f60e7676f,direct_target_official_fast_path_skips_source_identity,assessed,publisher:centers_for_disease_control_and_prevention,Centers for Disease Control and Prevention,high,high,"[""domain""]",national_public_health_agency,,[],https://www.cdc.gov/salmonella/outbreaks/backyardpoultry-05-24/index.html,False,False,True,False,possibly_relevant,not_assessed,Salmonella Outbreak Linked to Backyard Poultry -May 2024 - CDC,Official domain pattern,[],"[""search_provider_not_publisher"", ""publisher_from_search_metadata_unverified"", ""direct_target_official_fast_path_skips_source_identity""]"
,low,,,2026-06-25T15:25:31+00:00,official_authority,https://www.allrecipes.com/backyard-poultry-salmonella-outbreak-may-2024-8655959,primary_case_claim_support,,,live_search_result,not_assessed,allrecipes.com,[],not_assessed,medium,official_unspecified,True,False,,,False,source_identity_publisher_credibility_v1,,unknown,[],"[Skip to content](https://www.allrecipes.com/backyard-poultry-salmonella-outbreak-may-2024-8655959#main)

[Allrecipes](https://www.allrecipes.com/)

*   Search   Please fill out this field.    Search the site   Please fill out this field.    
*   [Newsletters](https://www.allrecipes.com/backyard-poultry-salmonella-outbreak-may-2024-8655959#)
*   [Sweepstakes](https://www.allrecipes.com/sweepstakes)
*   [My Saves](https://www.myrecipes.com/)

[Allrecipes](https://www.allrecipes.com/)

Search 

 Please fill out this field. 

*   [Dinner Tonight](https://www.allrecipes.com/recipes/17562/dinner/)
",,,Chicken Linked to Salmonella Outbreak in 29 States - Allrecipes,True,low,primary_or_authoritative,[],[],,official_public_health_agency,CDC Salmonella backyard poultry outbreak 2024 investigation cases hospitalizations deaths,extract_primary_case_claims,fetch_for_extraction,collection,tavily,Tavily,3,Tavily,,src_search_48540a4df4f2,direct_target_official_fast_path_skips_source_identity,assessed,domain:allrecipes_com,,low,low,"[""source_type""]",official_public_health_agency,,[],https://www.allrecipes.com/backyard-poultry-salmonella-outbreak-may-2024-8655959,False,False,True,False,possibly_relevant,not_assessed,Chicken Linked to Salmonella Outbreak in 29 States - Allrecipes,Search metadata only,[],"[""search_provider_not_publisher"", ""publisher_from_search_metadata_unverified"", ""actual_publisher_unknown"", ""direct_target_official_fast_path_skips_source_identity""]"
Centers for Disease Control and Prevention,high,centers_for_disease_control_and_prevention,,2026-06-25T15:25:31+00:00,academic_source,https://www.cidrap.umn.edu/salmonella/salmonella-outbreak-linked-backyard-poultry-grows-104-illnesses-1-death,insufficient_information,,,live_search_result,not_assessed,cidrap.umn.edu,[],not_assessed,medium,unknown,False,False,,,False,source_identity_publisher_credibility_v1,,unknown,"[""# Salmonella outbreak linked to backyard poultry grows to 104 illnesses, 1 death\n\nNews brief\n\n[Jim Wappes](/jim-wappes)\n\n[Copied to clipboard](# \""Copy link\"")\n\n![backyard chickens](/sites/default/files/backyard_hens-crop.""]","# Salmonella outbreak linked to backyard poultry grows to 104 illnesses, 1 death

News brief

[Jim Wappes](/jim-wappes)

[Copied to clipboard](# ""Copy link"")

![backyard chickens](/sites/default/files/backyard_hens-crop.jpg) 

iStock

 

A multistate *Salmonella* outbreak has grown in just a few weeks from 7 to 104 cases, with 1 death now recorded, the Centers for Disease Control and Prevention (CDC) said in an [update](https://www.cdc.gov/salmonella/outbreaks/mbandaka-05-01/index.html) yesterday.

Since its [previous update](https://www.cidrap.umn.edu/foodborne-disease/multistate-salmonella-o",Centers for Disease Control and Prevention,,Salmonella outbreak linked to backyard poultry grows to ... - CIDRAP,True,high,primary_or_authoritative,"[""domain"", ""clean_text""]","[""# Salmonella outbreak linked to backyard poultry grows to 104 illnesses, 1 death\n\nNews brief\n\n[Jim Wappes](/jim-wappes)\n\n[Copied to clipboard](# \""Copy link\"")\n\n![backyard chickens](/sites/default/files/backyard_hens-crop.""]",page_metadata_or_text,academic_or_peer_reviewed_source,CDC Salmonella backyard poultry outbreak 2024 investigation cases hospitalizations deaths,needs_human_review,fetch_only_after_review,needs_human_review,tavily,Tavily,4,Tavily,,src_search_95a418d2f831,direct_target_official_fast_path_skips_source_identity,assessed,publisher:cidrap,CIDRAP,high,high,"[""domain""]",academic_or_peer_reviewed_source,,[],https://www.cidrap.umn.edu/salmonella/salmonella-outbreak-linked-backyard-poultry-grows-104-illnesses-1-death,False,False,False,False,possibly_relevant,not_assessed,Salmonella outbreak linked to backyard poultry grows to ... - CIDRAP,Official domain pattern,[],"[""search_provider_not_publisher"", ""publisher_from_search_metadata_unverified"", ""direct_target_official_fast_path_skips_source_identity""]"
Centers for Disease Control and Prevention,high,centers_for_disease_control_and_prevention,,2026-06-25T15:25:31+00:00,official_authority,https://www.cdc.gov/media/releases/2024/s0523-salmonella-poultry-flocks.html,primary_case_claim_support,,,live_search_result,not_assessed,cdc.gov,[],not_assessed,medium,national,True,False,,,False,source_identity_publisher_credibility_v1,,unknown,"[""CDC warns of Salmonella outbreaks linked to backyard poultry flocks | CDC Online Newsroom | CDC""]","![](/TemplatePackage/4.0/assets/imgs/uswds/us_flag_small.png)
![](/TemplatePackage/4.0/assets/imgs/uswds/icon-dot-gov.svg)

**Official websites use .gov**

A .gov website belongs to an official government organization in the United States.

![](/TemplatePackage/4.0/assets/imgs/uswds/icon-https.svg)

**Secure .gov websites use HTTPS**

A lock (  ) or https:// means you've safely connected to the .gov website. Share sensitive information only on official, secure websites.

![CDC Logo](/TemplatePackage/4.0/assets/imgs/logo/logo-notext.svg)
![CDC Logo](/TemplatePackage/4.0/assets/imgs/logo/logo-no",Centers for Disease Control and Prevention,,CDC warns of Salmonella outbreaks linked to backyard poultry flocks | CDC Online Newsroom | CDC,True,high,primary_or_authoritative,"[""domain"", ""page_title""]","[""CDC warns of Salmonella outbreaks linked to backyard poultry flocks | CDC Online Newsroom | CDC""]",page_metadata_or_text,national_public_health_agency,CDC Salmonella backyard poultry outbreak 2024 investigation cases hospitalizations deaths,extract_primary_case_claims,fetch_for_extraction,collection,tavily,Tavily,6,Tavily,,src_search_af2190be6282,direct_target_official_fast_path_skips_source_identity,assessed,publisher:centers_for_disease_control_and_prevention,Centers for Disease Control and Prevention,high,high,"[""domain""]",national_public_health_agency,,[],https://www.cdc.gov/media/releases/2024/s0523-salmonella-poultry-flocks.html,False,False,True,False,possibly_relevant,not_assessed,CDC warns of Salmonella outbreaks linked to backyard poultry flocks | CDC Online Newsroom | CDC,Official domain pattern,[],"[""search_provider_not_publisher"", ""publisher_from_search_metadata_unverified"", ""direct_target_official_fast_path_skips_source_identity""]"
Centers for Disease Control and Prevention,high,centers_for_disease_control_and_prevention,,2026-06-25T15:25:31+00:00,official_authority,https://www.cdc.gov/media/releases/2026/2026-update-ongoing-salmonella-outbreaks-linked-to-backyard-poultry-sickens-150-more-people-with-over.html,primary_case_claim_support,,,live_search_result,not_assessed,cdc.gov,[],not_assessed,medium,national,True,False,,,False,source_identity_publisher_credibility_v1,,unknown,"[""![](/TemplatePackage/5.0/img/uswds/us_flag_small.png)\n![](/TemplatePackage/5.0/img/uswds/icon-dot-gov.svg)\n\nA **.gov** website belongs to an official government organization in the United States.\n\n![](/TemplatePackage/5.""]","![](/TemplatePackage/5.0/img/uswds/us_flag_small.png)
![](/TemplatePackage/5.0/img/uswds/icon-dot-gov.svg)

A **.gov** website belongs to an official government organization in the United States.

![](/TemplatePackage/5.0/img/uswds/icon-https.svg)

A **lock** (  ) or **https://** means you've safely connected to the .gov website. Share sensitive information only on official, secure websites.

![Centers for Disease Control and Prevention. CDC twenty four seven. Saving Lives, Protecting People](/TemplatePackage/5.0/img/logo/logo-notext.svg)

**Related Topics:**

![Centers for Disease Control and",Centers for Disease Control and Prevention,,Ongoing Salmonella outbreaks linked to backyard poultry sickens ...,True,high,primary_or_authoritative,"[""domain"", ""clean_text""]","[""![](/TemplatePackage/5.0/img/uswds/us_flag_small.png)\n![](/TemplatePackage/5.0/img/uswds/icon-dot-gov.svg)\n\nA **.gov** website belongs to an official government organization in the United States.\n\n![](/TemplatePackage/5.""]",page_metadata_or_text,national_public_health_agency,CDC Salmonella backyard poultry outbreak 2024 investigation cases hospitalizations deaths,extract_primary_case_claims,fetch_for_extraction,collection,tavily,Tavily,8,Tavily,,src_search_6ec6e3fd8adc,direct_target_official_fast_path_skips_source_identity,assessed,publisher:centers_for_disease_control_and_prevention,Centers for Disease Control and Prevention,high,high,"[""domain""]",national_public_health_agency,,[],https://www.cdc.gov/media/releases/2026/2026-update-ongoing-salmonella-outbreaks-linked-to-backyard-poultry-sickens-150-more-people-with-over.html,False,False,True,False,possibly_relevant,not_assessed,Ongoing Salmonella outbreaks linked to backyard poultry sickens ...,Official domain pattern,[],"[""search_provider_not_publisher"", ""publisher_from_search_metadata_unverified"", ""direct_target_official_fast_path_skips_source_identity""]"
Centers for Disease Control and Prevention,high,centers_for_disease_control_and_prevention,,2026-06-25T15:25:31+00:00,official_authority,https://www.cdc.gov/salmonella/outbreaks/africana-06-24/investigation.html,primary_case_claim_support,,,live_search_result,not_assessed,cdc.gov,[],not_assessed,medium,national,True,False,,,False,source_identity_publisher_credibility_v1,,unknown,"[""![](/TemplatePackage/5.0/img/uswds/us_flag_small.png)\n![](/TemplatePackage/5.0/img/uswds/icon-dot-gov.svg)\n\nA **.gov** website belongs to an official government organization in the United States.\n\n![](/TemplatePackage/5.""]","![](/TemplatePackage/5.0/img/uswds/us_flag_small.png)
![](/TemplatePackage/5.0/img/uswds/icon-dot-gov.svg)

A **.gov** website belongs to an official government organization in the United States.

![](/TemplatePackage/5.0/img/uswds/icon-https.svg)

A **lock** (  ) or **https://** means you've safely connected to the .gov website. Share sensitive information only on official, secure websites.

![Centers for Disease Control and Prevention. CDC twenty four seven. Saving Lives, Protecting People](/TemplatePackage/5.0/img/logo/logo-notext.svg)
![Centers for Disease Control and Prevention. CDC twent",Centers for Disease Control and Prevention,,"Investigation Update: Salmonella Outbreak, Cucumbers - June 2024",True,high,primary_or_authoritative,"[""domain"", ""clean_text""]","[""![](/TemplatePackage/5.0/img/uswds/us_flag_small.png)\n![](/TemplatePackage/5.0/img/uswds/icon-dot-gov.svg)\n\nA **.gov** website belongs to an official government organization in the United States.\n\n![](/TemplatePackage/5.""]",page_metadata_or_text,national_public_health_agency,CDC Salmonella Africana Braenderup cucumbers 2024 outbreak cases hospitalizations deaths states investigation update,extract_primary_case_claims,fetch_for_extraction,collection,tavily,Tavily,2,Tavily,,src_search_bbfd11297ad8,direct_target_official_fast_path_skips_source_identity,assessed,publisher:centers_for_disease_control_and_prevention,Centers for Disease Control and Prevention,high,high,"[""domain""]",national_public_health_agency,,[],https://www.cdc.gov/salmonella/outbreaks/africana-06-24/investigation.html,False,False,True,False,possibly_relevant,not_assessed,"Investigation Update: Salmonella Outbreak, Cucumbers - June 2024",Official domain pattern,[],"[""search_provider_not_publisher"", ""publisher_from_search_metadata_unverified"", ""direct_target_official_fast_path_skips_source_identity""]"
Centers for Disease Control and Prevention,high,centers_for_disease_control_and_prevention,,2026-06-25T15:25:31+00:00,academic_source,https://www.cidrap.umn.edu/salmonella/cdc-ends-its-probe-cucumber-salmonella-outbreak-after-551-cases,insufficient_information,,,live_search_result,not_assessed,cidrap.umn.edu,[],not_assessed,medium,unknown,False,False,,,False,source_identity_publisher_credibility_v1,,unknown,"[""CDC ends its probe of cucumber Salmonella outbreak after 551 cases | CIDRAP""]","# CDC ends its probe of cucumber Salmonella outbreak after 551 cases

News brief

[Jim Wappes](/jim-wappes)

[Foodborne Disease](/foodborne-disease)

[Copied to clipboard](# ""Copy link"")

![Pile of cucumbers](/sites/default/files/Cucumbers%20in%20crate-Bill%20Couch.jpg) 

Bill Couch / Flickr cc

 

The US Centers for Disease Control and Prevention (CDC) [yesterday declared](https://www.cdc.gov/salmonella/outbreaks/africana-06-24/?CDC_AAref_Val=https://www.cdc.gov/salmonella/africana-06-24/index.html) its investigation into a multistate *Salmonella* outbreak tied to cucumbers over after 551 cas",Centers for Disease Control and Prevention,,CDC ends its probe of cucumber Salmonella outbreak after 551 cases | CIDRAP,True,high,primary_or_authoritative,"[""domain"", ""page_title""]","[""CDC ends its probe of cucumber Salmonella outbreak after 551 cases | CIDRAP""]",page_metadata_or_text,academic_or_peer_reviewed_source,CDC Salmonella Africana Braenderup cucumbers 2024 outbreak cases hospitalizations deaths states investigation update,needs_human_review,fetch_only_after_review,needs_human_review,tavily,Tavily,3,Tavily,,src_search_8fb76173fa13,direct_target_official_fast_path_skips_source_identity,assessed,publisher:cidrap,CIDRAP,high,high,"[""domain""]",academic_or_peer_reviewed_source,,[],https://www.cidrap.umn.edu/salmonella/cdc-ends-its-probe-cucumber-salmonella-outbreak-after-551-cases,False,False,False,False,possibly_relevant,not_assessed,CDC ends its probe of cucumber Salmonella outbreak after 551 cases | CIDRAP,Official domain pattern,[],"[""search_provider_not_publisher"", ""publisher_from_search_metadata_unverified"", ""direct_target_official_fast_path_skips_source_identity""]"
Centers for Disease Control and Prevention,high,centers_for_disease_control_and_prevention,,2026-06-25T15:25:31+00:00,official_authority,https://doh.wa.gov/you-and-your-family/illness-and-disease-z/foodborne-illness/outbreaks/2024-salmonella-multi-state-outbreak-linked-cucumbers,primary_case_claim_support,,,live_search_result,not_assessed,doh.wa.gov,[],not_assessed,medium,subnational,True,False,,,False,source_identity_publisher_credibility_v1,,unknown,"[""![Washington State Department of Health Logo](/themes/drupalbase_custom/assets/images/doh_logo_horizontal.svg)\n\n[About Us](/about-us)  |  [Contact Us](/about-us/contact-us)  |  [Newsroom](/newsroom)\n\nbreadcrumb\n\n# 2024 S""]","![Washington State Department of Health Logo](/themes/drupalbase_custom/assets/images/doh_logo_horizontal.svg)

[About Us](/about-us)  |  [Contact Us](/about-us/contact-us)  |  [Newsroom](/newsroom)

breadcrumb

# 2024 Salmonella Multi-state Outbreak Linked to Cucumbers

Last updated: November 29, 2024

## Overview

CDC, public health and regulatory officials in several states, and the U.S. Food and Drug Administration (FDA) are collecting data to investigate a multistate outbreak of Salmonella Typhimurium infections.

Epidemiologic and traceback data show that cucumbers grown by Agrotato, S.A",Centers for Disease Control and Prevention,,2024 Salmonella Multi-state Outbreak Linked to Cucumbers | Washington State Department of Health,True,high,primary_or_authoritative,"[""domain"", ""clean_text""]","[""![Washington State Department of Health Logo](/themes/drupalbase_custom/assets/images/doh_logo_horizontal.svg)\n\n[About Us](/about-us)  |  [Contact Us](/about-us/contact-us)  |  [Newsroom](/newsroom)\n\nbreadcrumb\n\n# 2024 S""]",page_metadata_or_text,state_or_local_public_health_agency,CDC Salmonella Africana Braenderup cucumbers 2024 outbreak cases hospitalizations deaths states investigation update,extract_primary_case_claims,fetch_for_extraction,collection,tavily,Tavily,4,Tavily,,src_search_fe091021a27e,direct_target_official_fast_path_skips_source_identity,assessed,publisher:doh_wa_gov,doh.wa.gov,high,high,"[""domain""]",state_or_local_public_health_agency,,[],https://doh.wa.gov/you-and-your-family/illness-and-disease-z/foodborne-illness/outbreaks/2024-salmonella-multi-state-outbreak-linked-cucumbers,False,False,True,False,possibly_relevant,not_assessed,2024 Salmonella Multi-state Outbreak Linked to Cucumbers | Washington State Department of Health,Official domain pattern,[],"[""search_provider_not_publisher"", ""publisher_from_search_metadata_unverified"", ""direct_target_official_fast_path_skips_source_identity""]"
,low,,,2026-06-25T15:25:31+00:00,official_authority,https://pirg.org/edfund/updates/cucumber-outbreak-from-salmonella-over,primary_case_claim_support,,,live_search_result,not_assessed,pirg.org,[],not_assessed,medium,official_unspecified,True,False,,,False,source_identity_publisher_credibility_v1,,unknown,[],"[![U.S. PIRG Education Fund](https://publicinterestnetwork.org/wp-content/uploads/2022/07/logo-pirg-c3-US.svg)](https://pirg.org/edfund)  

Part of the [Public Interest Network](https://publicinterestnetwork.org/)

##### Trending

* [Pesticides](https://pirg.org/edfund/topics/pesticides/)
* [Beyond plastic](https://pirg.org/edfund/topics/beyond-plastic/)
* [Kids’ health](https://pirg.org/edfund/topics/kids-health/)

* [Our work](https://pirg.org/edfund/our-work/) 

  + [Consumer protection](https://pirg.org/edfund/our-work/consumer-protection/)
  + [Democracy & government](https://pirg.org/edf",,,Cucumber outbreak from salmonella over - PIRG,True,low,primary_or_authoritative,[],[],,official_public_health_agency,CDC Salmonella Africana Braenderup cucumbers 2024 outbreak cases hospitalizations deaths states investigation update,extract_primary_case_claims,fetch_for_extraction,collection,tavily,Tavily,6,Tavily,,src_search_f06158a1a260,direct_target_official_fast_path_skips_source_identity,assessed,domain:pirg_org,,low,low,"[""source_type""]",official_public_health_agency,,[],https://pirg.org/edfund/updates/cucumber-outbreak-from-salmonella-over,False,False,True,False,possibly_relevant,not_assessed,Cucumber outbreak from salmonella over - PIRG,Search metadata only,[],"[""search_provider_not_publisher"", ""publisher_from_search_metadata_unverified"", ""actual_publisher_unknown"", ""direct_target_official_fast_path_skips_source_identity""]"
,low,,,2026-06-25T15:25:31+00:00,official_authority,https://www.fda.gov/food/outbreaks-foodborne-illness/outbreak-investigation-salmonella-cucumbers-may-2025,primary_case_claim_support,,,live_search_result,not_assessed,fda.gov,[],not_assessed,medium,official_unspecified,True,False,,,False,source_identity_publisher_credibility_v1,,unknown,[],"![U.S. flag](/themes/custom/preview/assets/images/US_Flag.png)
![Dot gov](/themes/custom/preview/assets/images/icon-dot-gov.svg)

**The .gov means it’s official.**  
Federal government websites often end in .gov or .mil. Before sharing sensitive information, make sure you're on a federal government site.

![SSL](/themes/custom/preview/assets/images/icon-https.svg)

**The site is secure.**  
 The **https://** ensures that you are connecting to the official website and that any information you provide is encrypted and transmitted securely.

![U.S. Food and Drug Administration logo](/themes/custo",,,Outbreak Investigation of Salmonella: Cucumbers (May 2025) - FDA,True,low,primary_or_authoritative,[],[],,official_public_health_agency,CDC Salmonella Africana Braenderup cucumbers 2024 outbreak cases hospitalizations deaths states investigation update,extract_primary_case_claims,fetch_for_extraction,collection,tavily,Tavily,7,Tavily,,src_search_3c32f8c03a31,direct_target_official_fast_path_skips_source_identity,assessed,domain:fda_gov,,low,low,"[""source_type""]",official_public_health_agency,,[],https://www.fda.gov/food/outbreaks-foodborne-illness/outbreak-investigation-salmonella-cucumbers-may-2025,False,False,True,False,possibly_relevant,not_assessed,Outbreak Investigation of Salmonella: Cucumbers (May 2025) - FDA,Search metadata only,[],"[""search_provider_not_publisher"", ""publisher_from_search_metadata_unverified"", ""actual_publisher_unknown"", ""direct_target_official_fast_path_skips_source_identity""]"
,low,,,2026-06-25T15:25:31+00:00,official_authority,https://www.fda.gov/food/outbreaks-foodborne-illness/outbreak-investigation-salmonella-eggs-sept-2024,primary_case_claim_support,,,live_search_result,not_assessed,fda.gov,[],not_assessed,medium,official_unspecified,True,False,,,False,source_identity_publisher_credibility_v1,,unknown,[],"![U.S. flag](/themes/custom/preview/assets/images/US_Flag.png)
![Dot gov](/themes/custom/preview/assets/images/icon-dot-gov.svg)

**The .gov means it’s official.**  
Federal government websites often end in .gov or .mil. Before sharing sensitive information, make sure you're on a federal government site.

![SSL](/themes/custom/preview/assets/images/icon-https.svg)

**The site is secure.**  
 The **https://** ensures that you are connecting to the official website and that any information you provide is encrypted and transmitted securely.

![U.S. Food and Drug Administration logo](/themes/custo",,,Outbreak Investigation of Salmonella: Eggs (Sept 2024) - FDA,True,low,primary_or_authoritative,[],[],,official_public_health_agency,CDC Salmonella Enteritidis eggs Milo's Poultry Farms 2024 outbreak cases hospitalizations deaths May June July investigation,extract_primary_case_claims,fetch_for_extraction,collection,tavily,Tavily,1,Tavily,,src_search_d95e02cc3006,direct_target_official_fast_path_skips_source_identity,assessed,domain:fda_gov,,low,low,"[""source_type""]",official_public_health_agency,,[],https://www.fda.gov/food/outbreaks-foodborne-illness/outbreak-investigation-salmonella-eggs-sept-2024,False,False,True,False,possibly_relevant,not_assessed,Outbreak Investigation of Salmonella: Eggs (Sept 2024) - FDA,Search metadata only,[],"[""search_provider_not_publisher"", ""publisher_from_search_metadata_unverified"", ""actual_publisher_unknown"", ""direct_target_official_fast_path_skips_source_identity""]"
Centers for Disease Control and Prevention,high,centers_for_disease_control_and_prevention,,2026-06-25T15:25:31+00:00,official_authority,https://www.cdc.gov/salmonella/outbreaks/eggs-06-25/investigation.html,primary_case_claim_support,,,live_search_result,not_assessed,cdc.gov,[],not_assessed,medium,national,True,False,,,False,source_identity_publisher_credibility_v1,,unknown,"[""Investigation Update: Salmonella Outbreak, Eggs, June 2025 | Salmonella Infection | CDC""]","![](/TemplatePackage/5.0/img/uswds/us_flag_small.png)
![](/TemplatePackage/5.0/img/uswds/icon-dot-gov.svg)

A **.gov** website belongs to an official government organization in the United States.

![](/TemplatePackage/5.0/img/uswds/icon-https.svg)

A **lock** (  ) or **https://** means you've safely connected to the .gov website. Share sensitive information only on official, secure websites.

![Centers for Disease Control and Prevention. CDC twenty four seven. Saving Lives, Protecting People](/TemplatePackage/5.0/img/logo/logo-notext.svg)
![Centers for Disease Control and Prevention. CDC twent",Centers for Disease Control and Prevention,,"Investigation Update: Salmonella Outbreak, Eggs, June 2025 | Salmonella Infection | CDC",True,high,primary_or_authoritative,"[""domain"", ""page_title""]","[""Investigation Update: Salmonella Outbreak, Eggs, June 2025 | Salmonella Infection | CDC""]",page_metadata_or_text,national_public_health_agency,CDC Salmonella Enteritidis eggs Milo's Poultry Farms 2024 outbreak cases hospitalizations deaths May June July investigation,extract_primary_case_claims,fetch_for_extraction,collection,tavily,Tavily,2,Tavily,,src_search_f3dfdc0c6d99,direct_target_official_fast_path_skips_source_identity,assessed,publisher:centers_for_disease_control_and_prevention,Centers for Disease Control and Prevention,high,high,"[""domain""]",national_public_health_agency,,[],https://www.cdc.gov/salmonella/outbreaks/eggs-06-25/investigation.html,False,False,True,False,possibly_relevant,not_assessed,"Investigation Update: Salmonella Outbreak, Eggs, June 2025 | Salmonella Infection | CDC",Official domain pattern,[],"[""search_provider_not_publisher"", ""publisher_from_search_metadata_unverified"", ""direct_target_official_fast_path_skips_source_identity""]"
,low,,,2026-06-25T15:25:31+00:00,official_authority,https://beaconbio.org/en/report?reportid=197bb328-3948-43a5-bfcd-c6d06fba6ff1&eventid=6a50eced-5b6d-4a08-b25d-b45132969687&search=&diseases=fb8d5e74-cf88-4da8-a1f3-606c3904873e&locations=8c348b43-d00a-48b6-90e6-01254a59d109,primary_case_claim_support,,,live_search_result,not_assessed,beaconbio.org,[],not_assessed,medium,official_unspecified,True,False,,,False,source_identity_publisher_credibility_v1,,unknown,[],"Track biological threats, share vital information, and collaborate on solutions for community protection and preparedness.
BEACON",,,BEACON,True,low,primary_or_authoritative,[],[],,official_public_health_agency,CDC Salmonella Enteritidis eggs Milo's Poultry Farms 2024 outbreak cases hospitalizations deaths May June July investigation,extract_primary_case_claims,fetch_for_extraction,collection,tavily,Tavily,4,Tavily,,src_search_00ed2e227127,direct_target_official_fast_path_skips_source_identity,assessed,domain:beaconbio_org,,low,low,"[""source_type""]",official_public_health_agency,,[],https://beaconbio.org/en/report?reportid=197bb328-3948-43a5-bfcd-c6d06fba6ff1&eventid=6a50eced-5b6d-4a08-b25d-b45132969687&search=&diseases=fb8d5e74-cf88-4da8-a1f3-606c3904873e&locations=8c348b43-d00a-48b6-90e6-01254a59d109,False,False,True,False,possibly_relevant,not_assessed,Salmonella Enteritidis outbreak linked to eggs sickens 79 ... - BEACON,Search metadata only,[],"[""search_provider_not_publisher"", ""publisher_from_search_metadata_unverified"", ""actual_publisher_unknown"", ""direct_target_official_fast_path_skips_source_identity""]"
Centers for Disease Control and Prevention,high,centers_for_disease_control_and_prevention,,2026-06-25T15:25:31+00:00,official_authority,https://www.cdc.gov/media/releases/2026/2026-cdc-announces-salmonella-outbreak-in-13-states-linked-to-backyard-poultry-take-steps-to-protect.html,primary_case_claim_support,,,live_search_result,not_assessed,cdc.gov,[],not_assessed,medium,national,True,False,,,False,source_identity_publisher_credibility_v1,,unknown,"[""CDC announces Salmonella outbreak in 13 states linked to backyard poultry. Take steps to protect your flocks and families. | CDC Newsroom""]","![](/TemplatePackage/5.0/img/uswds/us_flag_small.png)
![](/TemplatePackage/5.0/img/uswds/icon-dot-gov.svg)

A **.gov** website belongs to an official government organization in the United States.

![](/TemplatePackage/5.0/img/uswds/icon-https.svg)

A **lock** (  ) or **https://** means you've safely connected to the .gov website. Share sensitive information only on official, secure websites.

![Centers for Disease Control and Prevention. CDC twenty four seven. Saving Lives, Protecting People](/TemplatePackage/5.0/img/logo/logo-notext.svg)

**Related Topics:**

![Centers for Disease Control and",Centers for Disease Control and Prevention,,CDC announces Salmonella outbreak in 13 states linked to backyard poultry. Take steps to protect your flocks and families. | CDC Newsroom,True,high,primary_or_authoritative,"[""domain"", ""page_title""]","[""CDC announces Salmonella outbreak in 13 states linked to backyard poultry. Take steps to protect your flocks and families. | CDC Newsroom""]",page_metadata_or_text,national_public_health_agency,CDC Salmonella Enteritidis eggs Milo's Poultry Farms 2024 outbreak cases hospitalizations deaths May June July investigation,extract_primary_case_claims,fetch_for_extraction,collection,tavily,Tavily,6,Tavily,,src_search_69331015856f,direct_target_official_fast_path_skips_source_identity,assessed,publisher:centers_for_disease_control_and_prevention,Centers for Disease Control and Prevention,high,high,"[""domain""]",national_public_health_agency,,[],https://www.cdc.gov/media/releases/2026/2026-cdc-announces-salmonella-outbreak-in-13-states-linked-to-backyard-poultry-take-steps-to-protect.html,False,False,True,False,possibly_relevant,not_assessed,CDC announces Salmonella outbreak in 13 states linked to backyard poultry. Take steps to protect your flocks and families. | CDC Newsroom,Official domain pattern,[],"[""search_provider_not_publisher"", ""publisher_from_search_metadata_unverified"", ""direct_target_official_fast_path_skips_source_identity""]"
,low,,,2026-06-25T15:25:31+00:00,social_media,https://www.youtube.com/watch?v=fjvKjnu6GCQ,insufficient_information,,,live_search_result,not_assessed,youtube.com,[],not_assessed,medium,non_authority,False,False,,,False,source_identity_publisher_credibility_v1,,social_post,[],"Back [![Image 1](https://www.youtube.com/watch?v=fjvKjnu6GCQ)](https://www.youtube.com/ ""YouTube Home"")

Skip navigation

 Search 

 Search with your voice 

[](https://www.youtube.com/watch?v=fjvKjnu6GCQ)

[Sign in](https://accounts.google.com/ServiceLogin?service=youtube&uilel=3&passive=true&continue=https%3A%2F%2Fwww.youtube.com%2Fsignin%3Faction_handle_signin%3Dtrue%26app%3Ddesktop%26hl%3Den%26next%3Dhttps%253A%252F%252Fwww.youtube.com%252Fwatch%253Fv%253DfjvKjnu6GCQ&hl=en&ec=65620)

[![Image 2](https://www.youtube.com/watch?v=fjvKjnu6GCQ)](https://www.youtube.com/ ""YouTube Home"")

[](http",,,Eggs linked to salmonella outbreak sold by Milo's Poultry Farms in ...,True,low,social,[],[],,social_media,CDC Salmonella Enteritidis eggs Milo's Poultry Farms 2024 outbreak cases hospitalizations deaths May June July investigation,needs_human_review,fetch_only_after_review,needs_human_review,tavily,Tavily,7,Tavily,,src_search_b1fd759a3dac,direct_target_official_fast_path_skips_source_identity,assessed,domain:youtube_com,,low,high,"[""domain""]",social_media,,[],https://www.youtube.com/watch?v=fjvKjnu6GCQ,True,False,False,False,possibly_relevant,not_assessed,Eggs linked to salmonella outbreak sold by Milo's Poultry Farms in ...,Search metadata only,[],"[""search_provider_not_publisher"", ""publisher_from_search_metadata_unverified"", ""actual_publisher_unknown"", ""direct_target_official_fast_path_skips_source_identity""]"
,low,,,2026-06-25T15:25:31+00:00,official_authority,https://content.govdelivery.com/accounts/USFSIS/bulletins/3b3168e,primary_case_claim_support,,,live_search_result,not_assessed,content.govdelivery.com,[],not_assessed,medium,official_unspecified,True,False,,,False,source_identity_publisher_credibility_v1,,unknown,[],"[![USDA FSIS Email Subscription](/system/images/45545/original/FSIS_-_New_Subscription_Banner_-_Food_Safety_-_14.01.png?1420477284)](http://www.fsis.usda.gov/)

# USDA-FSIS Recall Cases, Retail List - Update

USDA Food Safety and Inspection Service sent this bulletin at 09/04/2024 08:00 PM EDT

[![Bookmark and Share](https://content.govdelivery.com/assets/share_this-795413ad3d604760a450815a10e46c8ea06b7315facb759ffdacbc7b7830f87b.gif)](https://content.govdelivery.com/accounts/USFSIS/bulletins/3b3168e?reqfrom=share) Having trouble viewing this email? [View it as a Web page](https://content.govd",,,"USDA-FSIS Recall Cases, Retail List - Update",True,low,primary_or_authoritative,[],[],,official_public_health_agency,USDA FSIS Salmonella recall outbreak 2024 poultry meat cases United States May June July,extract_primary_case_claims,fetch_for_extraction,collection,tavily,Tavily,1,Tavily,,src_search_c6847df134ad,direct_target_official_fast_path_skips_source_identity,assessed,domain:content_govdelivery_com,,low,low,"[""source_type""]",official_public_health_agency,,[],https://content.govdelivery.com/accounts/USFSIS/bulletins/3b3168e,False,False,True,False,possibly_relevant,not_assessed,"USDA-FSIS Recall Cases, Retail List - Update",Search metadata only,[],"[""search_provider_not_publisher"", ""publisher_from_search_metadata_unverified"", ""actual_publisher_unknown"", ""direct_target_official_fast_path_skips_source_identity""]"
,low,,,2026-06-25T15:25:31+00:00,official_authority,http://www.fsis.usda.gov/food-safety/foodborne-illness-and-disease/outbreaks/outbreak-investigations-response,primary_case_claim_support,,,live_search_result,not_assessed,fsis.usda.gov,[],not_assessed,medium,official_unspecified,True,False,,,False,source_identity_publisher_credibility_v1,,unknown,[],"[Skip navigation](#main-content)

![U.S. flag](/themes/uswds/img/us_flag_small.png)

An official website of the United States government

Here’s how you know

![Dot gov](/themes/uswds/img/icon-dot-gov.svg)

**The .gov means it’s official.**   
 Federal government websites often end in .gov or .mil. Before sharing sensitive information, make sure you’re on a federal government site.

![Https](/themes/uswds/img/icon-https.svg)

**The site is secure.**   
 The **https://** ensures that you are connecting to the official website and that any information you provide is encrypted and transmitted sec",,,Outbreak Investigations: Response | Food Safety and Inspection Service,True,low,primary_or_authoritative,[],[],,official_public_health_agency,USDA FSIS Salmonella recall outbreak 2024 poultry meat cases United States May June July,extract_primary_case_claims,fetch_for_extraction,collection,tavily,Tavily,3,Tavily,,src_search_e7a1cca073de,direct_target_official_fast_path_skips_source_identity,assessed,domain:fsis_usda_gov,,low,low,"[""source_type""]",official_public_health_agency,,[],http://www.fsis.usda.gov/food-safety/foodborne-illness-and-disease/outbreaks/outbreak-investigations-response,False,False,True,False,possibly_relevant,not_assessed,Outbreak Investigations: Response | Food Safety and Inspection Service,Search metadata only,[],"[""search_provider_not_publisher"", ""publisher_from_search_metadata_unverified"", ""actual_publisher_unknown"", ""direct_target_official_fast_path_skips_source_identity""]"
,low,,,2026-06-25T15:25:31+00:00,official_authority,http://www.fsis.usda.gov/recalls-alerts/fsis-issues-public-health-alert-ready-eat-poultry-products-containing-fda-regulated,primary_case_claim_support,,,live_search_result,not_assessed,fsis.usda.gov,[],not_assessed,medium,official_unspecified,True,False,,,False,source_identity_publisher_credibility_v1,,official_alert,[],"[Skip navigation](#main-content)

![U.S. flag](/themes/uswds/img/us_flag_small.png)

An official website of the United States government

Here’s how you know

![Dot gov](/themes/uswds/img/icon-dot-gov.svg)

**The .gov means it’s official.**   
 Federal government websites often end in .gov or .mil. Before sharing sensitive information, make sure you’re on a federal government site.

![Https](/themes/uswds/img/icon-https.svg)

**The site is secure.**   
 The **https://** ensures that you are connecting to the official website and that any information you provide is encrypted and transmitted sec",,,FSIS Issues Public Health Alert For Ready-To-Eat Poultry Products Containing FDA-Regulated Dairy Products That Have Been Recalled Due To Possible Listeria Monocytogenes Contamination | Food Safety and Inspection Service,True,low,primary_or_authoritative,[],[],,official_public_health_agency,USDA FSIS Salmonella recall outbreak 2024 poultry meat cases United States May June July,extract_primary_case_claims,fetch_for_extraction,collection,tavily,Tavily,4,Tavily,,src_search_01e4ab75e33f,direct_target_official_fast_path_skips_source_identity,assessed,domain:fsis_usda_gov,,low,low,"[""source_type""]",official_public_health_agency,,[],http://www.fsis.usda.gov/recalls-alerts/fsis-issues-public-health-alert-ready-eat-poultry-products-containing-fda-regulated,False,False,True,False,possibly_relevant,not_assessed,FSIS Issues Public Health Alert For Ready-To-Eat Poultry Products Containing FDA-Regulated Dairy Products That Have Been Recalled Due To Possible Listeria Monocytogenes Contamination | Food Safety and Inspection Service,Search metadata only,[],"[""search_provider_not_publisher"", ""publisher_from_search_metadata_unverified"", ""actual_publisher_unknown"", ""direct_target_official_fast_path_skips_source_identity""]"
Centers for Disease Control and Prevention,high,centers_for_disease_control_and_prevention,,2026-06-25T15:25:31+00:00,official_authority,https://www.cdc.gov/listeria/outbreaks/meat-and-poultry-products-11-24/investigation.html,primary_case_claim_support,,,live_search_result,not_assessed,cdc.gov,[],not_assessed,medium,national,True,False,,,False,source_identity_publisher_credibility_v1,,unknown,"[""Investigation Update: Listeria Outbreak, Meat and Poultry Products, 2024 | Listeria Infection | CDC""]","![](/TemplatePackage/5.0/img/uswds/us_flag_small.png)
![](/TemplatePackage/5.0/img/uswds/icon-dot-gov.svg)

A **.gov** website belongs to an official government organization in the United States.

![](/TemplatePackage/5.0/img/uswds/icon-https.svg)

A **lock** (  ) or **https://** means you've safely connected to the .gov website. Share sensitive information only on official, secure websites.

![Centers for Disease Control and Prevention. CDC twenty four seven. Saving Lives, Protecting People](/TemplatePackage/5.0/img/logo/logo-notext.svg)
![Centers for Disease Control and Prevention. CDC twent",Centers for Disease Control and Prevention,,"Investigation Update: Listeria Outbreak, Meat and Poultry Products, 2024 | Listeria Infection | CDC",True,high,primary_or_authoritative,"[""domain"", ""page_title""]","[""Investigation Update: Listeria Outbreak, Meat and Poultry Products, 2024 | Listeria Infection | CDC""]",page_metadata_or_text,national_public_health_agency,USDA FSIS Salmonella recall outbreak 2024 poultry meat cases United States May June July,extract_primary_case_claims,fetch_for_extraction,collection,tavily,Tavily,5,Tavily,,src_search_4526a2ab0e84,direct_target_official_fast_path_skips_source_identity,assessed,publisher:centers_for_disease_control_and_prevention,Centers for Disease Control and Prevention,high,high,"[""domain""]",national_public_health_agency,,[],https://www.cdc.gov/listeria/outbreaks/meat-and-poultry-products-11-24/investigation.html,False,False,True,False,possibly_relevant,not_assessed,"Investigation Update: Listeria Outbreak, Meat and Poultry Products, 2024 | Listeria Infection | CDC",Official domain pattern,[],"[""search_provider_not_publisher"", ""publisher_from_search_metadata_unverified"", ""direct_target_official_fast_path_skips_source_identity""]"
,low,,,2026-06-25T15:25:31+00:00,official_authority,http://www.fsis.usda.gov/news-events/news-press-releases/constituent-update-april-25-2025,primary_case_claim_support,,,live_search_result,not_assessed,fsis.usda.gov,[],not_assessed,medium,official_unspecified,True,False,,,False,source_identity_publisher_credibility_v1,,unknown,[],"[Skip navigation](#main-content)

![U.S. flag](/themes/uswds/img/us_flag_small.png)

An official website of the United States government

Here’s how you know

![Dot gov](/themes/uswds/img/icon-dot-gov.svg)

**The .gov means it’s official.**   
 Federal government websites often end in .gov or .mil. Before sharing sensitive information, make sure you’re on a federal government site.

![Https](/themes/uswds/img/icon-https.svg)

**The site is secure.**   
 The **https://** ensures that you are connecting to the official website and that any information you provide is encrypted and transmitted sec",,,"Constituent Update - April 25, 2025 | Food Safety and Inspection Service",True,low,primary_or_authoritative,[],[],,official_public_health_agency,USDA FSIS Salmonella recall outbreak 2024 poultry meat cases United States May June July,extract_primary_case_claims,fetch_for_extraction,collection,tavily,Tavily,6,Tavily,,src_search_b3970fa613bc,direct_target_official_fast_path_skips_source_identity,assessed,domain:fsis_usda_gov,,low,low,"[""source_type""]",official_public_health_agency,,[],http://www.fsis.usda.gov/news-events/news-press-releases/constituent-update-april-25-2025,False,False,True,False,possibly_relevant,not_assessed,"Constituent Update - April 25, 2025 | Food Safety and Inspection Service",Search metadata only,[],"[""search_provider_not_publisher"", ""publisher_from_search_metadata_unverified"", ""actual_publisher_unknown"", ""direct_target_official_fast_path_skips_source_identity""]"
,low,,,2026-06-25T15:25:31+00:00,social_media,https://www.youtube.com/watch?v=bAJbyiu9YA4,insufficient_information,,,live_search_result,not_assessed,youtube.com,[],not_assessed,medium,non_authority,False,False,,,False,source_identity_publisher_credibility_v1,,social_post,[],"# USDA withdraws proposed rule on salmonella-contaminated poultry
## WPBF 25 News
248000 subscribers
7 likes

### Description
709 views
Posted: 27 Jun 2025
USDA withdraws proposed rule on salmonella-contaminated poultry

Subscribe to WPBF on YouTube now for more: http://bit.ly/1qfxvbX

Get more West Palm Beach news: http://www.wpbf.com
Like us:  http://www.facebook.com/wpbf25news
Follow us: http://twitter.com/WPBF25News
Instagram: https://www.instagram.com/wpbf25news/


### Transcript:
YOUR PLATE? SAN MARINO IS A SALMONELLA THAT IS IS A LEADING CAUSE OF FOODBORNE ILLNESS. YET THE DEPARTMENT OF",,,USDA withdraws proposed rule on salmonella-contaminated poultry,True,low,social,[],[],,social_media,USDA FSIS Salmonella recall outbreak 2024 poultry meat cases United States May June July,needs_human_review,fetch_only_after_review,needs_human_review,tavily,Tavily,8,Tavily,,src_search_efda92ce4d43,direct_target_official_fast_path_skips_source_identity,assessed,domain:youtube_com,,low,high,"[""domain""]",social_media,,[],https://www.youtube.com/watch?v=bAJbyiu9YA4,True,False,False,False,possibly_relevant,not_assessed,USDA withdraws proposed rule on salmonella-contaminated poultry,Search metadata only,[],"[""search_provider_not_publisher"", ""publisher_from_search_metadata_unverified"", ""actual_publisher_unknown"", ""direct_target_official_fast_path_skips_source_identity""]"
