actual_publisher,allowed_decision_types,date_or_period,disease,evidence_quote,issue_category,issue_type,location,priority_level,priority_rank,recommended_artifacts_to_open,short_title,source_title,source_url,suggested_action,suggested_reviewer_question,target_ids,target_type,why_it_matters
World Health Organization,needs_more_evidence; defer_decision,2024-08-01-2024-08-31,Mpox,Comparable public-health claims conflict and require review.,conflicting_claims_review,claim_corroboration_conflict,Democratic Republic of the Congo,P0_critical,1,human_review_items; record_inclusion_decisions; claims; claim_comparisons; corroborated_events,conflicting claims review - review_claim_corroboration_conflict_corr_event_001 - [PDF] Mpox: Multi-country External Situation Report n.38,[PDF] Mpox: Multi-country External Situation Report n.38,https://cdn.who.int/media/docs/default-source/documents/emergencies/20240928_mpox_external-sitrep_-38.pdf?sfvrsn=758b85b0_1,review_claim_corroboration,Which claim should be treated as comparable evidence after review?,claim_rec_src_search_94cc3f59e20e_001_observation; claim_rec_src_search_94cc3f59e20e_002_observation; claim_rec_src_search_c86ca682ec75_004_observation; claim_rec_src_search_c86ca682ec75_005_observation; claim_rec_src_search_c86ca682ec75_006_observation; claim_rec_src_search_c86ca682ec75_007_observation; claim_rec_src_search_c86ca682ec75_008_observation; claim_rec_src_search_525c0a51cb88_004_observation; claim_rec_src_search_525c0a51cb88_005_observation; claim_rec_src_search_1bd6a9f9e638_001_cases_confirmed; claim_rec_src_search_1bd6a9f9e638_001_deaths; claim_rec_src_search_1bd6a9f9e638_002_deaths; claim_rec_src_search_c86ca682ec75_001_cases_unspecified; claim_rec_src_search_c86ca682ec75_002_cases_confirmed; claim_rec_src_search_c86ca682ec75_003_cases_unspecified; claim_rec_src_search_c86ca682ec75_003_deaths; claim_rec_src_search_525c0a51cb88_003_cases_confirmed; claim_rec_src_search_525c0a51cb88_006_cases_suspected; claim_rec_src_search_525c0a51cb88_001_cases_suspected; claim_rec_src_search_5d3071bb1dac_001_cases_unspecified; claim_rec_src_search_525c0a51cb88_002_deaths; claim_rec_src_search_5d3071bb1dac_002_deaths; src_search_94cc3f59e20e; src_search_c86ca682ec75; src_search_525c0a51cb88; src_search_1bd6a9f9e638; src_search_5d3071bb1dac; corr_event_001,claim,"Comparable claims conflict and may affect cases, date, location, or count semantics."
World Health Organization,accept_as_is; correct_fields; reject_record; mark_requires_review; mark_review_resolved; mark_non_countable; mark_countable; mark_duplicate; mark_not_duplicate; needs_more_evidence; defer_decision,2024-08-31,Mpox (Monkeypox),"Figure 1. Geographic distribution of reported mpox cases, the Democratic Republic of the Congo, 1 January to 26 May 2024 (n=7 851).**",possible_primary_case_evidence,duplicate_event_clustering,Democratic Republic of the Congo,P0_critical,2,human_review_items; record_inclusion_decisions; quarantined_records; context_records; final_case_dataset; claims; claim_comparisons; corroborated_events,possible primary case evidence - review_duplicate_event_002 - Mpox - Democratic Republic of the Congo,Mpox - Democratic Republic of the Congo,https://www.who.int/emergencies/disease-outbreak-news/item/2024-DON522,Inspect corroboration and source identity before deciding whether a structured human decision is warranted.,Is this a task-compatible primary case observation or only context/secondary evidence?,rec_src_search_c86ca682ec75_001; rec_src_search_c86ca682ec75_002; event_002,record,"No accepted primary case dataset records exist, and this item may contain possible primary case evidence."
World Health Organization,accept_as_is; correct_fields; reject_record; mark_requires_review; mark_review_resolved; mark_non_countable; mark_countable; mark_duplicate; mark_not_duplicate; needs_more_evidence; defer_decision,2024-08-31,Mpox (Monkeypox),"In 2024, children continue to represent the most affected age group (Table 1); of the 7 851 reported mpox cases, 39% were reported in children aged under 5 years (n=3 090), including 240 deaths (62% of the total).",possible_primary_case_evidence,duplicate_event_clustering,Democratic Republic of the Congo,P0_critical,3,human_review_items; record_inclusion_decisions; quarantined_records; context_records; final_case_dataset; claims; claim_comparisons; corroborated_events,possible primary case evidence - review_duplicate_event_003 - Mpox - Democratic Republic of the Congo,Mpox - Democratic Republic of the Congo,https://www.who.int/emergencies/disease-outbreak-news/item/2024-DON522,Inspect corroboration and source identity before deciding whether a structured human decision is warranted.,Is this a task-compatible primary case observation or only context/secondary evidence?,rec_src_search_c86ca682ec75_003; event_003,record,"No accepted primary case dataset records exist, and this item may contain possible primary case evidence."
Centers for Disease Control and Prevention,accept_as_is; correct_fields; reject_record; mark_requires_review; mark_review_resolved; mark_non_countable; mark_countable; mark_duplicate; mark_not_duplicate; needs_more_evidence; defer_decision,2024-08-31,Mpox (Monkeypox),"• As of August 31, 2024, there have been 24,873 cases (5,549 confirmed cases) and 643 deaths. The Democratic Republic of Congo (DRC) accounts for the vast majority of the reported cases and deaths in Africa.",possible_primary_case_evidence,duplicate_event_clustering,Democratic Republic of the Congo,P0_critical,4,human_review_items; record_inclusion_decisions; quarantined_records; context_records; final_case_dataset; claims; claim_comparisons; corroborated_events,possible primary case evidence - review_duplicate_event_010 - Mpox Sequencing in Africa - Democratic Republic of the Congo,Mpox Sequencing in Africa - Democratic Republic of the Congo,https://reliefweb.int/report/democratic-republic-congo/mpox-sequencing-africa,Inspect corroboration and source identity before deciding whether a structured human decision is warranted.,Is this a task-compatible primary case observation or only context/secondary evidence?,rec_src_search_da73a01ad891_001; rec_src_search_da73a01ad891_002; rec_src_search_da73a01ad891_003; event_010,record,"No accepted primary case dataset records exist, and this item may contain possible primary case evidence."
,accept_as_is; correct_fields; reject_record; mark_requires_review; mark_review_resolved; mark_non_countable; mark_countable; mark_duplicate; mark_not_duplicate; needs_more_evidence; defer_decision,2024-08-31,Mpox (Monkeypox),[URGENT] Ebola outbreak in DR Congo ## Search results COMMON QUESTIONS 90% of our funding comes from individual donors. Learn how you can [support MSF’s lifesaving care with a gift.](https://donate.doctorswithoutborders.org/secure/donate) ![MSF logo](/themes/custom/msf/logo.svg) News Activities We need your support to continue this lifesaving work. News Activities ### We speak out. Get updates. # Mpox outbreak in DR Congo: What to know A recent surge of mpox (formerly known as monkeypox) infections in DR Congo is cause for alarm. Here’s what to know and why we need a comprehensive response. ### Share ![Mpox Cases Amidst Displacement Sites Near Goma](/sites/default/files/styles/crop_article_mobile_335_189/public/image_base_media/2024/09/MSB205871.jpg?h=b31044db&itok=ACy3roai) MSF health...,possible_primary_case_evidence,duplicate_event_clustering,Democratic Republic of the Congo,P0_critical,5,human_review_items; record_inclusion_decisions; quarantined_records; context_records; final_case_dataset; claims; claim_comparisons; corroborated_events,possible primary case evidence - review_duplicate_event_011 - Mpox outbreak in DR Congo: What to know | Doctors Without Borders - USA,Mpox outbreak in DR Congo: What to know | Doctors Without Borders - USA,https://www.doctorswithoutborders.org/latest/mpox-outbreak-dr-congo-what-know,Inspect corroboration and source identity before deciding whether a structured human decision is warranted.,Is this a task-compatible primary case observation or only context/secondary evidence?,rec_src_search_5d3071bb1dac_001; rec_src_search_5d3071bb1dac_002; event_011,record,"No accepted primary case dataset records exist, and this item may contain possible primary case evidence."
,accept_as_is; correct_fields; reject_record; mark_requires_review; mark_review_resolved; mark_non_countable; mark_countable; mark_duplicate; mark_not_duplicate; needs_more_evidence; defer_decision,2024-08-31,Mpox (Monkeypox),"The epidemiological situation in 2024 shows that, as of week 35, 20,015 suspected cases and 632 deaths have been reported, resulting in a",possible_primary_case_evidence,duplicate_event_clustering,Democratic Republic of the Congo,P0_critical,6,human_review_items; record_inclusion_decisions; quarantined_records; context_records; final_case_dataset; claims; claim_comparisons; corroborated_events,possible primary case evidence - review_duplicate_event_016 - [PDF] Democratic Republic of Congo Mpox Level 3 Emergency-2024 ...,[PDF] Democratic Republic of Congo Mpox Level 3 Emergency-2024 ...,https://www.unicef.org/media/161951/file/Democratic-Republic-of-the-Congo-Humanitarian-SitRep-No.-1-(Level-3-Mpox)-20-August-to-01-September-2024.pdf.pdf,Inspect corroboration and source identity before deciding whether a structured human decision is warranted.,Is this a task-compatible primary case observation or only context/secondary evidence?,rec_src_search_525c0a51cb88_002; event_016,record,"No accepted primary case dataset records exist, and this item may contain possible primary case evidence."
,accept_as_is; correct_fields; reject_record; mark_requires_review; mark_review_resolved; mark_non_countable; mark_countable; mark_duplicate; mark_not_duplicate; needs_more_evidence; defer_decision,2024-08-31,Mpox (Monkeypox),"The epidemiological situation in 2024 shows that, as of week 35, 20,015 suspected cases and 632 deaths have been reported, resulting in a",possible_primary_case_evidence,duplicate_event_clustering,Democratic Republic of the Congo,P0_critical,7,human_review_items; record_inclusion_decisions; quarantined_records; context_records; final_case_dataset; claims; claim_comparisons; corroborated_events,possible primary case evidence - review_duplicate_event_017 - [PDF] Democratic Republic of Congo Mpox Level 3 Emergency-2024 ...,[PDF] Democratic Republic of Congo Mpox Level 3 Emergency-2024 ...,https://www.unicef.org/media/161951/file/Democratic-Republic-of-the-Congo-Humanitarian-SitRep-No.-1-(Level-3-Mpox)-20-August-to-01-September-2024.pdf.pdf,Inspect corroboration and source identity before deciding whether a structured human decision is warranted.,Is this a task-compatible primary case observation or only context/secondary evidence?,rec_src_search_525c0a51cb88_001; event_017,record,"No accepted primary case dataset records exist, and this item may contain possible primary case evidence."
,accept_as_is; correct_fields; reject_record; mark_requires_review; mark_review_resolved; mark_non_countable; mark_countable; mark_duplicate; mark_not_duplicate; needs_more_evidence; defer_decision,2024-08-31,Mpox (Monkeypox),"# 11,208",possible_primary_case_evidence,duplicate_event_clustering,Democratic Republic of the Congo,P0_critical,8,human_review_items; record_inclusion_decisions; quarantined_records; context_records; final_case_dataset; claims; claim_comparisons; corroborated_events,possible primary case evidence - review_duplicate_event_018 - [PDF] Democratic Republic of Congo Mpox Level 3 Emergency-2024 ...,[PDF] Democratic Republic of Congo Mpox Level 3 Emergency-2024 ...,https://www.unicef.org/media/161951/file/Democratic-Republic-of-the-Congo-Humanitarian-SitRep-No.-1-(Level-3-Mpox)-20-August-to-01-September-2024.pdf.pdf,Inspect corroboration and source identity before deciding whether a structured human decision is warranted.,Is this a task-compatible primary case observation or only context/secondary evidence?,rec_src_search_525c0a51cb88_006; event_018,record,"No accepted primary case dataset records exist, and this item may contain possible primary case evidence."
National Center for Biotechnology Information,accept_as_is; correct_fields; reject_record; mark_requires_review; mark_review_resolved; mark_non_countable; mark_countable; mark_duplicate; mark_not_duplicate; needs_more_evidence; defer_decision,2024-08-31,Mpox (Monkeypox),| **Hospitalization** | 32/35 | 14/16 | 46/51 (90 %) |,possible_primary_case_evidence,duplicate_event_clustering,"Kokolo health zone, Kinshasa",P0_critical,9,human_review_items; record_inclusion_decisions; quarantined_records; context_records; final_case_dataset; claims; claim_comparisons; corroborated_events,possible primary case evidence - review_duplicate_event_022 - Profil des cas de mpox identifiés lors de la surveillance de la zone de san...,Profil des cas de mpox identifiés lors de la surveillance de la zone de santé Kokolo à Kinshasa (RDC) d'août à novembre 2024,https://pmc.ncbi.nlm.nih.gov/articles/PMC12001985,Inspect corroboration and source identity before deciding whether a structured human decision is warranted.,Is this a task-compatible primary case observation or only context/secondary evidence?,rec_src_search_1255139db91f_001; rec_src_search_1255139db91f_002; event_022,record,"No accepted primary case dataset records exist, and this item may contain possible primary case evidence."
World Health Organization,accept_anomaly; dismiss_anomaly; confirm_anomaly; mark_anomaly_resolved; mark_anomaly_needs_more_evidence,2024-08-01-2024-08-31,Mpox,"Figure 1. Geographic distribution of reported mpox cases, the Democratic Republic of the Congo, 1 January to 26 May 2024 (n=7 851).**",validation_conflict_review,anomaly,Democratic Republic of the Congo,P0_critical,10,human_review_items; record_inclusion_decisions; validation_results; validation_source_compatibility_summary; anomaly_results,validation conflict review - review_anomaly_anom_016 - Mpox - Democratic Republic of the Congo,Mpox - Democratic Republic of the Congo,https://www.who.int/emergencies/disease-outbreak-news/item/2024-DON522,resolve_validation_conflict,"What decision, if any, should a human reviewer record?",src_search_c86ca682ec75; event_002; anom_016; val_result_037,anomaly,This review item requires human inspection before it should affect downstream interpretation.
Centers for Disease Control and Prevention,accept_anomaly; dismiss_anomaly; confirm_anomaly; mark_anomaly_resolved; mark_anomaly_needs_more_evidence,2024-08-01-2024-08-31,Mpox,"• As of August 31, 2024, there have been 24,873 cases (5,549 confirmed cases) and 643 deaths. The Democratic Republic of Congo (DRC) accounts for the vast majority of the reported cases and deaths in Africa.",validation_conflict_review,anomaly,Democratic Republic of the Congo,P0_critical,11,human_review_items; record_inclusion_decisions; validation_results; validation_source_compatibility_summary; anomaly_results,validation conflict review - review_anomaly_anom_017 - Mpox Sequencing in Africa - Democratic Republic of the Congo,Mpox Sequencing in Africa - Democratic Republic of the Congo,https://reliefweb.int/report/democratic-republic-congo/mpox-sequencing-africa,resolve_validation_conflict,"What decision, if any, should a human reviewer record?",src_search_da73a01ad891; event_010; anom_017; val_result_046,anomaly,This review item requires human inspection before it should affect downstream interpretation.
World Health Organization,accept_as_is; correct_fields; reject_record; mark_requires_review; mark_review_resolved; mark_non_countable; mark_countable; mark_duplicate; mark_not_duplicate; needs_more_evidence; defer_decision,2025-08-28,Mpox (Monkeypox),"Mpox: Multi-country External Situation Report no.57 1 Mpox Multi-country external situation report no. 57 published 28 August 2025 KEY FIGURES Area Number of reported confirmed cases Number of deaths among confirmed cases Number of reporting countries Global (1 Jan – 31 July 2025)* 34 386 138 84 Key countries (1 Jan – 17 August 2025) Democratic Republic of the Congo 15 377 30 - Uganda 6522 35 - Sierra Leone 5149 52 - Burundi 1394 0 - * Most recent global surveillance data available. Highlights • All clades of monkeypox virus (MPXV) continue to circulate in several countries. When mpox outbreaks are not rapidly contained and human-to-human transmission is not interrupted, they continue to pose a risk of sustained community transmission. Since the last edition of this report, one country,...",validation_conflict_review,duplicate_event_clustering,Democratic Republic of the Congo,P0_critical,12,human_review_items; record_inclusion_decisions; quarantined_records; context_records; final_case_dataset; validation_results; validation_source_compatibility_summary,validation conflict review - review_duplicate_event_020 - [PDF] Mpox: Multi-country External Situation Report no.57,[PDF] Mpox: Multi-country External Situation Report no.57,https://cdn.who.int/media/docs/default-source/documents/emergencies/multi-country-outbreak-of-mpox--external-situation-report--57.pdf?sfvrsn=420b121c_4,Inspect the linked artifacts and only then edit a decision file if needed.,"What decision, if any, should a human reviewer record?",rec_src_search_1bd6a9f9e638_001; rec_src_search_1bd6a9f9e638_002; event_020,record,This review item requires human inspection before it should affect downstream interpretation.
Centers for Disease Control and Prevention,accept_anomaly; dismiss_anomaly; confirm_anomaly; mark_anomaly_resolved; mark_anomaly_needs_more_evidence,2024-08-01-2024-08-31,Mpox,"• As of August 31, 2024, there have been 24,873 cases (5,549 confirmed cases) and 643 deaths. The Democratic Republic of Congo (DRC) accounts for the vast majority of the reported cases and deaths in Africa.",claim_corroboration_review,anomaly,Democratic Republic of the Congo,P0_critical,13,human_review_items; record_inclusion_decisions; claims; claim_comparisons; corroborated_events; anomaly_results,claim corroboration review - review_anomaly_anom_010 - Mpox Sequencing in Africa - Democratic Republic of the Congo,Mpox Sequencing in Africa - Democratic Republic of the Congo,https://reliefweb.int/report/democratic-republic-congo/mpox-sequencing-africa,confirm_scope_or_reject_record,"Is the claim independently corroborated, conflicting, or only single-source evidence?",src_search_da73a01ad891; event_010; anom_010; val_result_003,anomaly,Claim-level support is unresolved or depends on a single source.
Centers for Disease Control and Prevention,accept_anomaly; dismiss_anomaly; confirm_anomaly; mark_anomaly_resolved; mark_anomaly_needs_more_evidence,2024-08-01-2024-08-31,Mpox,"• As of August 31, 2024, there have been 24,873 cases (5,549 confirmed cases) and 643 deaths. The Democratic Republic of Congo (DRC) accounts for the vast majority of the reported cases and deaths in Africa.",claim_corroboration_review,anomaly,Democratic Republic of the Congo,P0_critical,14,human_review_items; record_inclusion_decisions; claims; claim_comparisons; corroborated_events; anomaly_results,claim corroboration review - review_anomaly_anom_011 - Mpox Sequencing in Africa - Democratic Republic of the Congo,Mpox Sequencing in Africa - Democratic Republic of the Congo,https://reliefweb.int/report/democratic-republic-congo/mpox-sequencing-africa,confirm_scope_or_reject_record,"Is the claim independently corroborated, conflicting, or only single-source evidence?",src_search_da73a01ad891; event_010; anom_011; val_result_004,anomaly,Claim-level support is unresolved or depends on a single source.
Centers for Disease Control and Prevention,accept_anomaly; dismiss_anomaly; confirm_anomaly; mark_anomaly_resolved; mark_anomaly_needs_more_evidence,2024-08-01-2024-08-31,Mpox,"• As of August 31, 2024, there have been 24,873 cases (5,549 confirmed cases) and 643 deaths. The Democratic Republic of Congo (DRC) accounts for the vast majority of the reported cases and deaths in Africa.",claim_corroboration_review,anomaly,Democratic Republic of the Congo,P0_critical,15,human_review_items; record_inclusion_decisions; claims; claim_comparisons; corroborated_events; anomaly_results,claim corroboration review - review_anomaly_anom_012 - Mpox Sequencing in Africa - Democratic Republic of the Congo,Mpox Sequencing in Africa - Democratic Republic of the Congo,https://reliefweb.int/report/democratic-republic-congo/mpox-sequencing-africa,confirm_scope_or_reject_record,"Is the claim independently corroborated, conflicting, or only single-source evidence?",src_search_da73a01ad891; event_010; anom_012; val_result_005,anomaly,Claim-level support is unresolved or depends on a single source.
Centers for Disease Control and Prevention,accept_anomaly; dismiss_anomaly; confirm_anomaly; mark_anomaly_resolved; mark_anomaly_needs_more_evidence,2024-08-01-2024-08-31,Mpox,"![](/TemplatePackage/4.0/assets/imgs/uswds/us_flag_small.png) ![](/TemplatePackage/4.0/assets/imgs/uswds/icon-dot-gov.svg) **Official websites use .gov** A .gov website belongs to an official government organization in the United States. ![](/TemplatePackage/4.0/assets/imgs/uswds/icon-https.svg) **Secure .gov websites use HTTPS** A lock ( ) or https:// means you've safely connected to the .gov website. Share sensitive information only on official, secure websites. ![CDC Logo](/TemplatePackage/4.0/assets/imgs/logo/logo-notext.svg) ![CDC Logo](/TemplatePackage/4.0/assets/imgs/logo/logo-notext.svg) # Monkeypox Caused by Human-to-Human Transmission of *Monkeypox Virus* in the Democratic Republic of the Congo with Spread to Neighboring Countries ![Health Alert Network logo.](/han/images/HAN-...",claim_corroboration_review,anomaly,Democratic Republic of the Congo,P0_critical,16,human_review_items; record_inclusion_decisions; claims; claim_comparisons; corroborated_events; anomaly_results,claim corroboration review - review_anomaly_anom_013 - Health Alert Network (HAN) - 00513 | Mpox Caused by Human-to-Human Transmission of...,Health Alert Network (HAN) - 00513 | Mpox Caused by Human-to-Human Transmission of Monkeypox Virus in the Democratic Republic of the Congo with Spread to Neighboring Countries,https://www.cdc.gov/han/2024/han00513.html,confirm_scope_or_reject_record,"Is the claim independently corroborated, conflicting, or only single-source evidence?",src_search_bda3df613334; event_001; anom_013; val_result_030,anomaly,Claim-level support is unresolved or depends on a single source.
World Health Organization,accept_anomaly; dismiss_anomaly; confirm_anomaly; mark_anomaly_resolved; mark_anomaly_needs_more_evidence,2024-08-01-2024-08-31,Mpox,"Mpox: Multi-country External Situation Report no.57 1 Mpox Multi-country external situation report no. 57 published 28 August 2025 KEY FIGURES Area Number of reported confirmed cases Number of deaths among confirmed cases Number of reporting countries Global (1 Jan – 31 July 2025)* 34 386 138 84 Key countries (1 Jan – 17 August 2025) Democratic Republic of the Congo 15 377 30 - Uganda 6522 35 - Sierra Leone 5149 52 - Burundi 1394 0 - * Most recent global surveillance data available. Highlights • All clades of monkeypox virus (MPXV) continue to circulate in several countries. When mpox outbreaks are not rapidly contained and human-to-human transmission is not interrupted, they continue to pose a risk of sustained community transmission. Since the last edition of this report, one country,...",claim_corroboration_review,anomaly,Democratic Republic of the Congo,P0_critical,17,human_review_items; record_inclusion_decisions; claims; claim_comparisons; corroborated_events; anomaly_results,claim corroboration review - review_anomaly_anom_014 - [PDF] Mpox: Multi-country External Situation Report no.57,[PDF] Mpox: Multi-country External Situation Report no.57,https://cdn.who.int/media/docs/default-source/documents/emergencies/multi-country-outbreak-of-mpox--external-situation-report--57.pdf?sfvrsn=420b121c_4,confirm_scope_or_reject_record,"Is the claim independently corroborated, conflicting, or only single-source evidence?",src_search_1bd6a9f9e638; event_020; anom_014; val_result_032,anomaly,Claim-level support is unresolved or depends on a single source.
World Health Organization,accept_anomaly; dismiss_anomaly; confirm_anomaly; mark_anomaly_resolved; mark_anomaly_needs_more_evidence,2024-08-01-2024-08-31,Mpox,"Mpox: Multi-country External Situation Report no.57 1 Mpox Multi-country external situation report no. 57 published 28 August 2025 KEY FIGURES Area Number of reported confirmed cases Number of deaths among confirmed cases Number of reporting countries Global (1 Jan – 31 July 2025)* 34 386 138 84 Key countries (1 Jan – 17 August 2025) Democratic Republic of the Congo 15 377 30 - Uganda 6522 35 - Sierra Leone 5149 52 - Burundi 1394 0 - * Most recent global surveillance data available. Highlights • All clades of monkeypox virus (MPXV) continue to circulate in several countries. When mpox outbreaks are not rapidly contained and human-to-human transmission is not interrupted, they continue to pose a risk of sustained community transmission. Since the last edition of this report, one country,...",claim_corroboration_review,anomaly,Democratic Republic of the Congo,P0_critical,18,human_review_items; record_inclusion_decisions; claims; claim_comparisons; corroborated_events; anomaly_results,claim corroboration review - review_anomaly_anom_015 - [PDF] Mpox: Multi-country External Situation Report no.57,[PDF] Mpox: Multi-country External Situation Report no.57,https://cdn.who.int/media/docs/default-source/documents/emergencies/multi-country-outbreak-of-mpox--external-situation-report--57.pdf?sfvrsn=420b121c_4,confirm_scope_or_reject_record,"Is the claim independently corroborated, conflicting, or only single-source evidence?",src_search_1bd6a9f9e638; event_020; anom_015; val_result_033,anomaly,Claim-level support is unresolved or depends on a single source.
Centers for Disease Control and Prevention,needs_more_evidence; defer_decision,2024-08-01-2024-08-31,Mpox,Primary case claim has no independent corroborating source.,claim_corroboration_review,claim_corroboration_review,Democratic Republic of the Congo,P1_high,19,human_review_items; record_inclusion_decisions; claims; claim_comparisons; corroborated_events,claim corroboration review - review_claim_corroboration_review_corr_event_002 - Mpox Sequencing in Africa - Democratic Republic of the Congo,Mpox Sequencing in Africa - Democratic Republic of the Congo,https://reliefweb.int/report/democratic-republic-congo/mpox-sequencing-africa,review_claim_corroboration,"Is the claim independently corroborated, conflicting, or only single-source evidence?",claim_rec_src_search_da73a01ad891_001_cases_unspecified; claim_rec_src_search_da73a01ad891_002_cases_confirmed; claim_rec_src_search_da73a01ad891_003_deaths; src_search_da73a01ad891; corr_event_002,claim,Claim-level support is unresolved or depends on a single source.
,needs_more_evidence; defer_decision,2024-08-01-2024-08-31,Mpox,Primary case claim has no independent corroborating source.,claim_corroboration_review,claim_corroboration_review,Democratic Republic of the Congo,P1_high,20,human_review_items; record_inclusion_decisions; claims; claim_comparisons; corroborated_events,claim corroboration review - review_claim_corroboration_review_corr_event_004 - [PDF] Democratic Republic of Congo Mpox Level 3 Emergency...,[PDF] Democratic Republic of Congo Mpox Level 3 Emergency-2024 ...,https://www.unicef.org/media/161951/file/Democratic-Republic-of-the-Congo-Humanitarian-SitRep-No.-1-(Level-3-Mpox)-20-August-to-01-September-2024.pdf.pdf,review_claim_corroboration,"Is the claim independently corroborated, conflicting, or only single-source evidence?",claim_rec_src_search_525c0a51cb88_007_cases_unspecified; claim_rec_src_search_525c0a51cb88_007_deaths; src_search_525c0a51cb88; corr_event_004,claim,Claim-level support is unresolved or depends on a single source.
,needs_more_evidence; defer_decision,2024-08-01-2024-08-31,Mpox,Primary case claim has no independent corroborating source.,claim_corroboration_review,claim_corroboration_review,Democratic Republic of the Congo,P1_high,21,human_review_items; record_inclusion_decisions; claims; claim_comparisons; corroborated_events,claim corroboration review - review_claim_corroboration_review_corr_event_005 - [PDF] Democratic Republic of Congo Mpox Level 3 Emergency...,[PDF] Democratic Republic of Congo Mpox Level 3 Emergency-2024 ...,https://www.unicef.org/media/161951/file/Democratic-Republic-of-the-Congo-Humanitarian-SitRep-No.-1-(Level-3-Mpox)-20-August-to-01-September-2024.pdf.pdf,review_claim_corroboration,"Is the claim independently corroborated, conflicting, or only single-source evidence?",claim_rec_src_search_525c0a51cb88_008_cases_unspecified; claim_rec_src_search_525c0a51cb88_008_hospitalizations; src_search_525c0a51cb88; corr_event_005,claim,Claim-level support is unresolved or depends on a single source.
,needs_more_evidence; defer_decision,2024-08-01-2024-08-31,Mpox,Primary case claim has no independent corroborating source.,claim_corroboration_review,claim_corroboration_review,Democratic Republic of the Congo,P1_high,22,human_review_items; record_inclusion_decisions; claims; claim_comparisons; corroborated_events,claim corroboration review - review_claim_corroboration_review_corr_event_006 - [PDF] Democratic Republic of Congo Mpox Level 3 Emergency...,[PDF] Democratic Republic of Congo Mpox Level 3 Emergency-2024 ...,https://www.unicef.org/media/161951/file/Democratic-Republic-of-the-Congo-Humanitarian-SitRep-No.-1-(Level-3-Mpox)-20-August-to-01-September-2024.pdf.pdf,review_claim_corroboration,"Is the claim independently corroborated, conflicting, or only single-source evidence?",claim_rec_src_search_525c0a51cb88_009_cases_suspected; src_search_525c0a51cb88; corr_event_006,claim,Claim-level support is unresolved or depends on a single source.
,needs_more_evidence; defer_decision,2024-08-01-2024-08-31,Mpox,Primary case claim has no independent corroborating source.,claim_corroboration_review,claim_corroboration_review,Democratic Republic of the Congo,P1_high,23,human_review_items; record_inclusion_decisions; claims; claim_comparisons; corroborated_events,claim corroboration review - review_claim_corroboration_review_corr_event_007 - [PDF] Democratic Republic of Congo Mpox Level 3 Emergency...,[PDF] Democratic Republic of Congo Mpox Level 3 Emergency-2024 ...,https://www.unicef.org/media/161951/file/Democratic-Republic-of-the-Congo-Humanitarian-SitRep-No.-1-(Level-3-Mpox)-20-August-to-01-September-2024.pdf.pdf,review_claim_corroboration,"Is the claim independently corroborated, conflicting, or only single-source evidence?",claim_rec_src_search_525c0a51cb88_010_cases_unspecified; src_search_525c0a51cb88; corr_event_007,claim,Claim-level support is unresolved or depends on a single source.
,needs_more_evidence; defer_decision,2024-08-01-2024-08-31,Mpox,Primary case claim has no independent corroborating source.,claim_corroboration_review,claim_corroboration_review,Democratic Republic of the Congo,P1_high,24,human_review_items; record_inclusion_decisions; claims; claim_comparisons; corroborated_events,claim corroboration review - review_claim_corroboration_review_corr_event_008 - [PDF] Democratic Republic of Congo Mpox Level 3 Emergency...,[PDF] Democratic Republic of Congo Mpox Level 3 Emergency-2024 ...,https://www.unicef.org/media/161951/file/Democratic-Republic-of-the-Congo-Humanitarian-SitRep-No.-1-(Level-3-Mpox)-20-August-to-01-September-2024.pdf.pdf,review_claim_corroboration,"Is the claim independently corroborated, conflicting, or only single-source evidence?",claim_rec_src_search_525c0a51cb88_011_cases_unspecified; src_search_525c0a51cb88; corr_event_008,claim,Claim-level support is unresolved or depends on a single source.
National Center for Biotechnology Information,needs_more_evidence; defer_decision,2024-08-01-2024-08-31,Mpox,Primary case claim has no independent corroborating source.,claim_corroboration_review,claim_corroboration_review,Democratic Republic of the Congo,P1_high,25,human_review_items; record_inclusion_decisions; claims; claim_comparisons; corroborated_events,claim corroboration review - review_claim_corroboration_review_corr_event_009 - Profil des cas de mpox identifiés lors de la surveillance...,Profil des cas de mpox identifiés lors de la surveillance de la zone de santé Kokolo à Kinshasa (RDC) d'août à novembre 2024,https://pmc.ncbi.nlm.nih.gov/articles/PMC12001985,review_claim_corroboration,"Is the claim independently corroborated, conflicting, or only single-source evidence?",claim_rec_src_search_1255139db91f_001_cases_unspecified; claim_rec_src_search_1255139db91f_001_hospitalizations; claim_rec_src_search_1255139db91f_002_observation; src_search_1255139db91f; corr_event_009,claim,Claim-level support is unresolved or depends on a single source.
,approve_source_role; override_source_role; exclude_source; mark_source_needs_review,2024-08-01-2024-08-31,Mpox,,source_identity_review,source_credibility,Democratic Republic of the Congo,P1_high,26,human_review_items; record_inclusion_decisions; source_registry; source_identity_assessments,"source identity review - review_source_credibility_src_search_56e2081249ad - Arise News - WHO has reported at least 8,000 Mpox cases in...","Arise News - WHO has reported at least 8,000 Mpox cases in...",https://www.facebook.com/AriseTVNews/posts/who-has-reported-at-least-8000-mpox-cases-in-congo-in-2024-resulting-in-384-deat/962929085838964,Open source identity assessments and source registry metadata.,"Who is the actual publisher, and is it independent of other evidence?",src_search_56e2081249ad,source,Publisher or source identity uncertainty can affect source independence and credibility.
,approve_source_role; override_source_role; exclude_source; mark_source_needs_review,2024-08-01-2024-08-31,Mpox,,source_identity_review,source_credibility,Democratic Republic of the Congo,P1_high,27,human_review_items; record_inclusion_decisions; source_registry; source_identity_assessments,"source identity review - review_source_credibility_src_search_ea380d328268 - Mpox cases have declined significantly in the DR Congo, heal...","Mpox cases have declined significantly in the DR Congo, health ...",https://www.facebook.com/cgtnafrica/posts/mpox-cases-have-declined-significantly-in-the-dr-congo-health-officials-say-week/1343149054518142,Open source identity assessments and source registry metadata.,"Who is the actual publisher, and is it independent of other evidence?",src_search_ea380d328268,source,Publisher or source identity uncertainty can affect source independence and credibility.
,accept_anomaly; dismiss_anomaly; confirm_anomaly; mark_anomaly_resolved; mark_anomaly_needs_more_evidence,2024-08-01-2024-08-31,Mpox,,claim_corroboration_review,anomaly,Democratic Republic of the Congo,P1_high,28,human_review_items; record_inclusion_decisions; claims; claim_comparisons; corroborated_events; anomaly_results,claim corroboration review - review_anomaly_anom_018 - event_020,,,review_cluster_canonical_count,"Is the claim independently corroborated, conflicting, or only single-source evidence?",event_020; anom_018,anomaly,Claim-level support is unresolved or depends on a single source.
World Health Organization,accept_as_is; correct_fields; reject_record; mark_requires_review; mark_review_resolved; mark_non_countable; mark_countable; mark_duplicate; mark_not_duplicate; needs_more_evidence; defer_decision,2024-08-31,Mpox (Monkeypox),"Mpox: Multi-country External Situation Report n.38 1 Mpox Multi-country external situation report no. 38, published 28 September 2024 This situation report provides an update of the weekly mpox epidemiological situation in Africa, and the monthly global epidemiological situation. Highlights • This report provides an update on the mpox epidemiological situation in Africa as of 22 September 2024. A total of 6603 confirmed mpox cases, including 32 deaths have been reported across 15 African countries in 2024, with 402 confirmed cases and no deaths reported in the last week. The Democratic Republic of the Congo accounts for most cases (5621 cases, 25 deaths), followed by Burundi (696 cases, no deaths) and Nigeria (78 cases, no deaths). • All currently affected countries on the continent hav...",claim_corroboration_review,duplicate_event_clustering,Democratic Republic of the Congo,P1_high,29,human_review_items; record_inclusion_decisions; quarantined_records; context_records; final_case_dataset; claims; claim_comparisons; corroborated_events,claim corroboration review - review_duplicate_event_005 - [PDF] Mpox: Multi-country External Situation Report n.38,[PDF] Mpox: Multi-country External Situation Report n.38,https://cdn.who.int/media/docs/default-source/documents/emergencies/20240928_mpox_external-sitrep_-38.pdf?sfvrsn=758b85b0_1,"Open claims, claim comparisons, and corroborated events.","Is the claim independently corroborated, conflicting, or only single-source evidence?",rec_src_search_94cc3f59e20e_001; rec_src_search_94cc3f59e20e_002; event_005,record,Claim-level support is unresolved or depends on a single source.
Centers for Disease Control and Prevention,accept_as_is; correct_fields; reject_record; mark_requires_review; mark_review_resolved; mark_non_countable; mark_countable; mark_duplicate; mark_not_duplicate; needs_more_evidence; defer_decision,2024-08-31,Mpox (Monkeypox),"Many of the areas affected are remote, and there is limited governmental capacity or access to laboratory testing. In 2024, only about 40% of all suspected cases have been tested, 55% of which tested positive (VOA 14/09/2024).",claim_corroboration_review,duplicate_event_clustering,Democratic Republic of the Congo,P1_high,30,human_review_items; record_inclusion_decisions; quarantined_records; context_records; final_case_dataset; claims; claim_comparisons; corroborated_events,claim corroboration review - review_duplicate_event_012 - [PDF] Democratic Republic of Congo: Monkeypox outbreak - ACAPS,[PDF] Democratic Republic of Congo: Monkeypox outbreak - ACAPS,https://www.acaps.org/fileadmin/Data_Product/Main_media/20240920_ACAPS_DRC_-_Monkeypox_update.pdf,"Open claims, claim comparisons, and corroborated events.","Is the claim independently corroborated, conflicting, or only single-source evidence?",rec_src_search_255065bc24b2_001; rec_src_search_255065bc24b2_002; event_012,record,Claim-level support is unresolved or depends on a single source.
,accept_as_is; correct_fields; reject_record; mark_requires_review; mark_review_resolved; mark_non_countable; mark_countable; mark_duplicate; mark_not_duplicate; needs_more_evidence; defer_decision,2024-08-31,Mpox (Monkeypox),"of laboratory testing, 4,901 were laboratory-confirmed, yielding a positivity rate of 52.1%. Of these suspected cases, a significant proportion",claim_corroboration_review,duplicate_event_clustering,Democratic Republic of the Congo,P1_high,31,human_review_items; record_inclusion_decisions; quarantined_records; context_records; final_case_dataset; claims; claim_comparisons; corroborated_events,claim corroboration review - review_duplicate_event_013 - [PDF] Democratic Republic of Congo Mpox Level 3 Emergency-2024 ...,[PDF] Democratic Republic of Congo Mpox Level 3 Emergency-2024 ...,https://www.unicef.org/media/161951/file/Democratic-Republic-of-the-Congo-Humanitarian-SitRep-No.-1-(Level-3-Mpox)-20-August-to-01-September-2024.pdf.pdf,"Open claims, claim comparisons, and corroborated events.","Is the claim independently corroborated, conflicting, or only single-source evidence?",rec_src_search_525c0a51cb88_003; event_013,record,Claim-level support is unresolved or depends on a single source.
,accept_as_is; correct_fields; reject_record; mark_requires_review; mark_review_resolved; mark_non_countable; mark_countable; mark_duplicate; mark_not_duplicate; needs_more_evidence; defer_decision,2024-08-31,Mpox (Monkeypox),"of laboratory testing, 4,901 were laboratory-confirmed, yielding a positivity rate of 52.1%. Of these suspected cases, a significant proportion",claim_corroboration_review,duplicate_event_clustering,Democratic Republic of the Congo,P1_high,32,human_review_items; record_inclusion_decisions; quarantined_records; context_records; final_case_dataset; claims; claim_comparisons; corroborated_events,claim corroboration review - review_duplicate_event_014 - [PDF] Democratic Republic of Congo Mpox Level 3 Emergency-2024 ...,[PDF] Democratic Republic of Congo Mpox Level 3 Emergency-2024 ...,https://www.unicef.org/media/161951/file/Democratic-Republic-of-the-Congo-Humanitarian-SitRep-No.-1-(Level-3-Mpox)-20-August-to-01-September-2024.pdf.pdf,"Open claims, claim comparisons, and corroborated events.","Is the claim independently corroborated, conflicting, or only single-source evidence?",rec_src_search_525c0a51cb88_005; event_014,record,Claim-level support is unresolved or depends on a single source.
,accept_as_is; correct_fields; reject_record; mark_requires_review; mark_review_resolved; mark_non_countable; mark_countable; mark_duplicate; mark_not_duplicate; needs_more_evidence; defer_decision,2024-08-31,Mpox (Monkeypox),"case fatality rate of 3.2%. The testing rate is 47% with 9,408 samples analyzed out of 20,015 suspected cases. Despite the relatively low rate",claim_corroboration_review,duplicate_event_clustering,Democratic Republic of the Congo,P1_high,33,human_review_items; record_inclusion_decisions; quarantined_records; context_records; final_case_dataset; claims; claim_comparisons; corroborated_events,claim corroboration review - review_duplicate_event_015 - [PDF] Democratic Republic of Congo Mpox Level 3 Emergency-2024 ...,[PDF] Democratic Republic of Congo Mpox Level 3 Emergency-2024 ...,https://www.unicef.org/media/161951/file/Democratic-Republic-of-the-Congo-Humanitarian-SitRep-No.-1-(Level-3-Mpox)-20-August-to-01-September-2024.pdf.pdf,"Open claims, claim comparisons, and corroborated events.","Is the claim independently corroborated, conflicting, or only single-source evidence?",rec_src_search_525c0a51cb88_004; event_015,record,Claim-level support is unresolved or depends on a single source.
World Health Organization,accept_as_is; correct_fields; reject_record; mark_requires_review; mark_review_resolved; mark_non_countable; mark_countable; mark_duplicate; mark_not_duplicate; needs_more_evidence; defer_decision,2024-08-31,Mpox (Monkeypox),"There is high (around 70% overall) or very high (around 90% in South Kivu) test positivity among reported cases, despite efforts to significantly expand surveillance. This suggests significant under detection or underreporting of transmission.",claim_corroboration_review,duplicate_event_clustering,Democratic Republic of the Congo,P1_high,34,human_review_items; record_inclusion_decisions; quarantined_records; context_records; final_case_dataset; claims; claim_comparisons; corroborated_events,claim corroboration review - review_duplicate_event_019 - Mpox - Democratic Republic of the Congo,Mpox - Democratic Republic of the Congo,https://www.who.int/emergencies/disease-outbreak-news/item/2024-DON522,"Open claims, claim comparisons, and corroborated events.","Is the claim independently corroborated, conflicting, or only single-source evidence?",rec_src_search_c86ca682ec75_007; event_019,record,Claim-level support is unresolved or depends on a single source.
World Health Organization,accept_as_is; correct_fields; reject_record; mark_requires_review; mark_review_resolved; mark_non_countable; mark_countable; mark_duplicate; mark_not_duplicate; needs_more_evidence; defer_decision,2024-08-31,Mpox (Monkeypox),"The mpox cluster in South Kivu, initially detected in the Kamituga Health Zone and driven by sexual contact transmission, has been expanding geographically and currently 19 of 34 (56%) health zones have reported at least one mpox case.",claim_corroboration_review,duplicate_event_clustering,South Kivu,P1_high,35,human_review_items; record_inclusion_decisions; quarantined_records; context_records; final_case_dataset; claims; claim_comparisons; corroborated_events,claim corroboration review - review_duplicate_event_024 - Mpox - Democratic Republic of the Congo,Mpox - Democratic Republic of the Congo,https://www.who.int/emergencies/disease-outbreak-news/item/2024-DON522,"Open claims, claim comparisons, and corroborated events.","Is the claim independently corroborated, conflicting, or only single-source evidence?",rec_src_search_c86ca682ec75_004; event_024,record,Claim-level support is unresolved or depends on a single source.
World Health Organization,accept_as_is; correct_fields; reject_record; mark_requires_review; mark_review_resolved; mark_non_countable; mark_countable; mark_duplicate; mark_not_duplicate; needs_more_evidence; defer_decision,2024-08-31,Mpox (Monkeypox),"The majority of laboratory confirmed cases in South Kivu are among persons aged more than 15 years, and among those with age and sex data available, the sex distribution is similar, with 51% female and 49% male.",claim_corroboration_review,duplicate_event_clustering,South Kivu,P1_high,36,human_review_items; record_inclusion_decisions; quarantined_records; context_records; final_case_dataset; claims; claim_comparisons; corroborated_events,claim corroboration review - review_duplicate_event_025 - Mpox - Democratic Republic of the Congo,Mpox - Democratic Republic of the Congo,https://www.who.int/emergencies/disease-outbreak-news/item/2024-DON522,"Open claims, claim comparisons, and corroborated events.","Is the claim independently corroborated, conflicting, or only single-source evidence?",rec_src_search_c86ca682ec75_005; rec_src_search_c86ca682ec75_006; event_025,record,Claim-level support is unresolved or depends on a single source.
World Health Organization,accept_as_is; correct_fields; reject_record; mark_requires_review; mark_review_resolved; mark_non_countable; mark_countable; mark_duplicate; mark_not_duplicate; needs_more_evidence; defer_decision,2024-08-31,Mpox (Monkeypox),"There is high (around 70% overall) or very high (around 90% in South Kivu) test positivity among reported cases, despite efforts to significantly expand surveillance. This suggests significant under detection or underreporting of transmission.",claim_corroboration_review,duplicate_event_clustering,South Kivu,P1_high,37,human_review_items; record_inclusion_decisions; quarantined_records; context_records; final_case_dataset; claims; claim_comparisons; corroborated_events,claim corroboration review - review_duplicate_event_026 - Mpox - Democratic Republic of the Congo,Mpox - Democratic Republic of the Congo,https://www.who.int/emergencies/disease-outbreak-news/item/2024-DON522,"Open claims, claim comparisons, and corroborated events.","Is the claim independently corroborated, conflicting, or only single-source evidence?",rec_src_search_c86ca682ec75_008; event_026,record,Claim-level support is unresolved or depends on a single source.
Centers for Disease Control and Prevention,accept_as_is; correct_fields; reject_record; mark_requires_review; mark_review_resolved; mark_non_countable; mark_countable; mark_duplicate; mark_not_duplicate; needs_more_evidence; defer_decision,2024-08-31,Mpox (Monkeypox),"• As of August 31, 2024, there have been 24,873 cases (5,549 confirmed cases) and 643 deaths. The Democratic Republic of Congo (DRC) accounts for the vast majority of the reported cases and deaths in Africa.",outside_scope_review,record_linking,Democratic Republic of the Congo,P1_high,38,human_review_items; record_inclusion_decisions; quarantined_records; context_records; final_case_dataset,outside scope review - review_linking_event_010 - Mpox Sequencing in Africa - Democratic Republic of the Congo,Mpox Sequencing in Africa - Democratic Republic of the Congo,https://reliefweb.int/report/democratic-republic-congo/mpox-sequencing-africa,Inspect the evidence quote and record inclusion decision.,Does the evidence actually match the requested scope?,rec_src_search_da73a01ad891_001; rec_src_search_da73a01ad891_002; rec_src_search_da73a01ad891_003,record,"The item may be outside the requested disease, location, or time window."
Centers for Disease Control and Prevention,accept_as_is; correct_fields; reject_record; mark_requires_review; mark_review_resolved; mark_non_countable; mark_countable; mark_duplicate; mark_not_duplicate; needs_more_evidence; defer_decision,2024-08-31,Mpox (Monkeypox),"• As of August 31, 2024, there have been 24,873 cases (5,549 confirmed cases) and 643 deaths. The Democratic Republic of Congo (DRC) accounts for the vast majority of the reported cases and deaths in Africa.",outside_scope_review,record_normalization,Democratic Republic of the Congo,P1_high,39,human_review_items; record_inclusion_decisions; quarantined_records; context_records; final_case_dataset,outside scope review - review_normalization_rec_src_search_da73a01ad891_001 - Mpox Sequencing in Africa - Democratic Republic of the Congo,Mpox Sequencing in Africa - Democratic Republic of the Congo,https://reliefweb.int/report/democratic-republic-congo/mpox-sequencing-africa,Inspect the evidence quote and record inclusion decision.,Does the evidence actually match the requested scope?,rec_src_search_da73a01ad891_001,record,"The item may be outside the requested disease, location, or time window."
Centers for Disease Control and Prevention,accept_as_is; correct_fields; reject_record; mark_requires_review; mark_review_resolved; mark_non_countable; mark_countable; mark_duplicate; mark_not_duplicate; needs_more_evidence; defer_decision,2024-08-31,Mpox (Monkeypox),"• As of August 31, 2024, there have been 24,873 cases (5,549 confirmed cases) and 643 deaths. The Democratic Republic of Congo (DRC) accounts for the vast majority of the reported cases and deaths in Africa.",outside_scope_review,record_normalization,Democratic Republic of the Congo,P1_high,40,human_review_items; record_inclusion_decisions; quarantined_records; context_records; final_case_dataset,outside scope review - review_normalization_rec_src_search_da73a01ad891_002 - Mpox Sequencing in Africa - Democratic Republic of the Congo,Mpox Sequencing in Africa - Democratic Republic of the Congo,https://reliefweb.int/report/democratic-republic-congo/mpox-sequencing-africa,Inspect the evidence quote and record inclusion decision.,Does the evidence actually match the requested scope?,rec_src_search_da73a01ad891_002,record,"The item may be outside the requested disease, location, or time window."
Centers for Disease Control and Prevention,accept_as_is; correct_fields; reject_record; mark_requires_review; mark_review_resolved; mark_non_countable; mark_countable; mark_duplicate; mark_not_duplicate; needs_more_evidence; defer_decision,2024-08-31,Mpox (Monkeypox),"• As of August 31, 2024, there have been 24,873 cases (5,549 confirmed cases) and 643 deaths. The Democratic Republic of Congo (DRC) accounts for the vast majority of the reported cases and deaths in Africa.",outside_scope_review,record_normalization,Democratic Republic of the Congo,P1_high,41,human_review_items; record_inclusion_decisions; quarantined_records; context_records; final_case_dataset,outside scope review - review_normalization_rec_src_search_da73a01ad891_003 - Mpox Sequencing in Africa - Democratic Republic of the Congo,Mpox Sequencing in Africa - Democratic Republic of the Congo,https://reliefweb.int/report/democratic-republic-congo/mpox-sequencing-africa,Inspect the evidence quote and record inclusion decision.,Does the evidence actually match the requested scope?,rec_src_search_da73a01ad891_003,record,"The item may be outside the requested disease, location, or time window."
Centers for Disease Control and Prevention,accept_validation_result; mark_validation_result_not_applicable; confirm_conflict; resolve_conflict_as_left; resolve_conflict_as_right; mark_needs_more_evidence; override_validation_status,2024-08-31,Mpox (Monkeypox),"• As of August 31, 2024, there have been 24,873 cases (5,549 confirmed cases) and 643 deaths. The Democratic Republic of Congo (DRC) accounts for the vast majority of the reported cases and deaths in Africa.",outside_scope_review,validation_scope_issue,Democratic Republic of the Congo,P1_high,42,human_review_items; record_inclusion_decisions; validation_results; validation_source_compatibility_summary,outside scope review - review_validation_val_result_003 - Mpox Sequencing in Africa - Democratic Republic of the Congo,Mpox Sequencing in Africa - Democratic Republic of the Congo,https://reliefweb.int/report/democratic-republic-congo/mpox-sequencing-africa,Inspect the evidence quote and record inclusion decision.,Does the evidence actually match the requested scope?,rec_src_search_da73a01ad891_001; val_result_003,validation_result,"The item may be outside the requested disease, location, or time window."
Centers for Disease Control and Prevention,accept_validation_result; mark_validation_result_not_applicable; confirm_conflict; resolve_conflict_as_left; resolve_conflict_as_right; mark_needs_more_evidence; override_validation_status,2024-08-31,Mpox (Monkeypox),"• As of August 31, 2024, there have been 24,873 cases (5,549 confirmed cases) and 643 deaths. The Democratic Republic of Congo (DRC) accounts for the vast majority of the reported cases and deaths in Africa.",outside_scope_review,validation_scope_issue,Democratic Republic of the Congo,P1_high,43,human_review_items; record_inclusion_decisions; validation_results; validation_source_compatibility_summary,outside scope review - review_validation_val_result_004 - Mpox Sequencing in Africa - Democratic Republic of the Congo,Mpox Sequencing in Africa - Democratic Republic of the Congo,https://reliefweb.int/report/democratic-republic-congo/mpox-sequencing-africa,Inspect the evidence quote and record inclusion decision.,Does the evidence actually match the requested scope?,rec_src_search_da73a01ad891_002; val_result_004,validation_result,"The item may be outside the requested disease, location, or time window."
Centers for Disease Control and Prevention,accept_validation_result; mark_validation_result_not_applicable; confirm_conflict; resolve_conflict_as_left; resolve_conflict_as_right; mark_needs_more_evidence; override_validation_status,2024-08-31,Mpox (Monkeypox),"• As of August 31, 2024, there have been 24,873 cases (5,549 confirmed cases) and 643 deaths. The Democratic Republic of Congo (DRC) accounts for the vast majority of the reported cases and deaths in Africa.",outside_scope_review,validation_scope_issue,Democratic Republic of the Congo,P1_high,44,human_review_items; record_inclusion_decisions; validation_results; validation_source_compatibility_summary,outside scope review - review_validation_val_result_005 - Mpox Sequencing in Africa - Democratic Republic of the Congo,Mpox Sequencing in Africa - Democratic Republic of the Congo,https://reliefweb.int/report/democratic-republic-congo/mpox-sequencing-africa,Inspect the evidence quote and record inclusion decision.,Does the evidence actually match the requested scope?,rec_src_search_da73a01ad891_003; val_result_005,validation_result,"The item may be outside the requested disease, location, or time window."
World Health Organization,accept_validation_result; mark_validation_result_not_applicable; confirm_conflict; resolve_conflict_as_left; resolve_conflict_as_right; mark_needs_more_evidence; override_validation_status,2025-08-28,Mpox (Monkeypox),"Mpox: Multi-country External Situation Report no.57 1 Mpox Multi-country external situation report no. 57 published 28 August 2025 KEY FIGURES Area Number of reported confirmed cases Number of deaths among confirmed cases Number of reporting countries Global (1 Jan – 31 July 2025)* 34 386 138 84 Key countries (1 Jan – 17 August 2025) Democratic Republic of the Congo 15 377 30 - Uganda 6522 35 - Sierra Leone 5149 52 - Burundi 1394 0 - * Most recent global surveillance data available. Highlights • All clades of monkeypox virus (MPXV) continue to circulate in several countries. When mpox outbreaks are not rapidly contained and human-to-human transmission is not interrupted, they continue to pose a risk of sustained community transmission. Since the last edition of this report, one country,...",outside_scope_review,validation_scope_issue,Democratic Republic of the Congo,P1_high,45,human_review_items; record_inclusion_decisions; validation_results; validation_source_compatibility_summary,outside scope review - review_validation_val_result_032 - [PDF] Mpox: Multi-country External Situation Report no.57,[PDF] Mpox: Multi-country External Situation Report no.57,https://cdn.who.int/media/docs/default-source/documents/emergencies/multi-country-outbreak-of-mpox--external-situation-report--57.pdf?sfvrsn=420b121c_4,Inspect the evidence quote and record inclusion decision.,Does the evidence actually match the requested scope?,rec_src_search_1bd6a9f9e638_001; val_result_032,validation_result,"The item may be outside the requested disease, location, or time window."
World Health Organization,accept_validation_result; mark_validation_result_not_applicable; confirm_conflict; resolve_conflict_as_left; resolve_conflict_as_right; mark_needs_more_evidence; override_validation_status,2025-08-28,Mpox (Monkeypox),"Mpox: Multi-country External Situation Report no.57 1 Mpox Multi-country external situation report no. 57 published 28 August 2025 KEY FIGURES Area Number of reported confirmed cases Number of deaths among confirmed cases Number of reporting countries Global (1 Jan – 31 July 2025)* 34 386 138 84 Key countries (1 Jan – 17 August 2025) Democratic Republic of the Congo 15 377 30 - Uganda 6522 35 - Sierra Leone 5149 52 - Burundi 1394 0 - * Most recent global surveillance data available. Highlights • All clades of monkeypox virus (MPXV) continue to circulate in several countries. When mpox outbreaks are not rapidly contained and human-to-human transmission is not interrupted, they continue to pose a risk of sustained community transmission. Since the last edition of this report, one country,...",outside_scope_review,validation_scope_issue,Democratic Republic of the Congo,P1_high,46,human_review_items; record_inclusion_decisions; validation_results; validation_source_compatibility_summary,outside scope review - review_validation_val_result_033 - [PDF] Mpox: Multi-country External Situation Report no.57,[PDF] Mpox: Multi-country External Situation Report no.57,https://cdn.who.int/media/docs/default-source/documents/emergencies/multi-country-outbreak-of-mpox--external-situation-report--57.pdf?sfvrsn=420b121c_4,Inspect the evidence quote and record inclusion decision.,Does the evidence actually match the requested scope?,rec_src_search_1bd6a9f9e638_002; val_result_033,validation_result,"The item may be outside the requested disease, location, or time window."
,approve_source_role; override_source_role; exclude_source; mark_source_needs_review,2024-08-01-2024-08-31,Mpox,,source_identity_review,source_credibility,Democratic Republic of the Congo,P1_high,47,human_review_items; record_inclusion_decisions; source_registry; source_identity_assessments,source identity review - review_source_credibility_src_search_350b26302501 - Africa Region | Mpox Appeal - Operation Update #3 (MDRS1003),Africa Region | Mpox Appeal - Operation Update #3 (MDRS1003),https://reliefweb.int/report/democratic-republic-congo/africa-region-mpox-appeal-operation-update-3-mdrs1003,Open source identity assessments and source registry metadata.,"Who is the actual publisher, and is it independent of other evidence?",src_search_350b26302501,source,Publisher or source identity uncertainty can affect source independence and credibility.
Centers for Disease Control and Prevention,approve_source_role; override_source_role; exclude_source; mark_source_needs_review,2024-08-01-2024-08-31,Mpox,,source_identity_review,source_credibility,Democratic Republic of the Congo,P1_high,48,human_review_items; record_inclusion_decisions; source_registry; source_identity_assessments,source identity review - review_source_credibility_src_search_46e96c569bac - Clade I Mpox Outbreak Originating in Central Africa - Restor...,Clade I Mpox Outbreak Originating in Central Africa - Restored CDC,https://www.restoredcdc.org/www.cdc.gov/mpox/outbreaks/2023/index.html,Open source identity assessments and source registry metadata.,"Who is the actual publisher, and is it independent of other evidence?",src_search_46e96c569bac,source,Publisher or source identity uncertainty can affect source independence and credibility.
,approve_source_role; override_source_role; exclude_source; mark_source_needs_review,2024-08-01-2024-08-31,Mpox,,source_identity_review,source_credibility,Democratic Republic of the Congo,P1_high,49,human_review_items; record_inclusion_decisions; source_registry; source_identity_assessments,source identity review - review_source_credibility_src_search_525c0a51cb88 - [PDF] Democratic Republic of Congo Mpox Level 3 Emergency-20...,[PDF] Democratic Republic of Congo Mpox Level 3 Emergency-2024 ...,https://www.unicef.org/media/161951/file/Democratic-Republic-of-the-Congo-Humanitarian-SitRep-No.-1-(Level-3-Mpox)-20-August-to-01-September-2024.pdf.pdf,Open source identity assessments and source registry metadata.,"Who is the actual publisher, and is it independent of other evidence?",src_search_525c0a51cb88,source,Publisher or source identity uncertainty can affect source independence and credibility.
,approve_source_role; override_source_role; exclude_source; mark_source_needs_review,2024-08-01-2024-08-31,Mpox,,source_identity_review,source_credibility,Democratic Republic of the Congo,P1_high,50,human_review_items; record_inclusion_decisions; source_registry; source_identity_assessments,source identity review - review_source_credibility_src_search_5d3071bb1dac - Mpox outbreak in DR Congo: What to know | Doctors Without Bo...,Mpox outbreak in DR Congo: What to know | Doctors Without Borders - USA,https://www.doctorswithoutborders.org/latest/mpox-outbreak-dr-congo-what-know,Open source identity assessments and source registry metadata.,"Who is the actual publisher, and is it independent of other evidence?",src_search_5d3071bb1dac,source,Publisher or source identity uncertainty can affect source independence and credibility.
,approve_source_role; override_source_role; exclude_source; mark_source_needs_review,2024-08-01-2024-08-31,Mpox,,source_identity_review,source_credibility,Democratic Republic of the Congo,P1_high,51,human_review_items; record_inclusion_decisions; source_registry; source_identity_assessments,source identity review - review_source_credibility_src_search_612c687e0be4 - RDC : 20 décès dus au Mpox enregistrés à la première semaine...,RDC : 20 décès dus au Mpox enregistrés à la première semaine de ...,https://www.aa.com.tr/fr/afrique/rdc-20-d%C3%A9c%C3%A8s-dus-au-mpox-enregistr%C3%A9s-%C3%A0-la-premi%C3%A8re-semaine-de-2025/3449345,Open source identity assessments and source registry metadata.,"Who is the actual publisher, and is it independent of other evidence?",src_search_612c687e0be4,source,Publisher or source identity uncertainty can affect source independence and credibility.
,approve_source_role; override_source_role; exclude_source; mark_source_needs_review,2024-08-01-2024-08-31,Mpox,,source_identity_review,source_credibility,Democratic Republic of the Congo,P1_high,52,human_review_items; record_inclusion_decisions; source_registry; source_identity_assessments,source identity review - review_source_credibility_src_search_6d0aa2af1853 - Epidémie de mpox en RDC : déclarée urgence de santé publique...,Epidémie de mpox en RDC : déclarée urgence de santé publique internationale | Médecins Sans Frontières (MSF),https://www.msf.ch/nos-actualites/articles/epidemie-mpox-rdc-declaree-urgence-sante-publique-internationale,Open source identity assessments and source registry metadata.,"Who is the actual publisher, and is it independent of other evidence?",src_search_6d0aa2af1853,source,Publisher or source identity uncertainty can affect source independence and credibility.
,approve_source_role; override_source_role; exclude_source; mark_source_needs_review,2024-08-01-2024-08-31,Mpox,,source_identity_review,source_credibility,Democratic Republic of the Congo,P1_high,53,human_review_items; record_inclusion_decisions; source_registry; source_identity_assessments,source identity review - review_source_credibility_src_search_80ad6c5bbfa5 - DRC officially declares the end of the mpox epidemic - BEACON,DRC officially declares the end of the mpox epidemic - BEACON,https://beaconbio.org/en/report?reportid=2d6eb9e8-5390-422a-b16b-df49f5613a8b&eventid=12e5dd59-09db-45e8-b279-910c56a82d76&pathogens=16eb05a8-610e-4b1e-a63a-5c75302deb33,Open source identity assessments and source registry metadata.,"Who is the actual publisher, and is it independent of other evidence?",src_search_80ad6c5bbfa5,source,Publisher or source identity uncertainty can affect source independence and credibility.
,approve_source_role; override_source_role; exclude_source; mark_source_needs_review,2024-08-01-2024-08-31,Mpox,,source_identity_review,source_credibility,Democratic Republic of the Congo,P1_high,54,human_review_items; record_inclusion_decisions; source_registry; source_identity_assessments,"source identity review - review_source_credibility_src_search_9befc0a97780 - Multi-country outbreak of mpox, External situation report #4...","Multi-country outbreak of mpox, External situation report #42 - 9 November 2024 - Democratic Republic of the Congo | ReliefWeb",https://reliefweb.int/report/democratic-republic-congo/multi-country-outbreak-mpox-external-situation-report-42-9-november-2024,Open source identity assessments and source registry metadata.,"Who is the actual publisher, and is it independent of other evidence?",src_search_9befc0a97780,source,Publisher or source identity uncertainty can affect source independence and credibility.
,approve_source_role; override_source_role; exclude_source; mark_source_needs_review,2024-08-01-2024-08-31,Mpox,,source_identity_review,source_credibility,Democratic Republic of the Congo,P1_high,55,human_review_items; record_inclusion_decisions; source_registry; source_identity_assessments,source identity review - review_source_credibility_src_search_b0d9edeca9ff - Situation Report: Mpox Spreads in Africa | NETEC,Situation Report: Mpox Spreads in Africa | NETEC,https://netec.org/2024/08/08/situation-report-mpox-spreads-in-africa,Open source identity assessments and source registry metadata.,"Who is the actual publisher, and is it independent of other evidence?",src_search_b0d9edeca9ff,source,Publisher or source identity uncertainty can affect source independence and credibility.
World Health Organization,approve_source_role; override_source_role; exclude_source; mark_source_needs_review,2024-08-01-2024-08-31,Mpox,,source_identity_review,source_credibility,Democratic Republic of the Congo,P1_high,56,human_review_items; record_inclusion_decisions; source_registry; source_identity_assessments,"source identity review - review_source_credibility_src_search_c182f7c3ebb1 - [PDF] Mpox Alert, 27 August 2024 Africa - NICD","[PDF] Mpox Alert, 27 August 2024 Africa - NICD",https://www.nicd.ac.za/wp-content/uploads/2024/08/Mpox-Alert-August-2024.pdf,Open source identity assessments and source registry metadata.,"Who is the actual publisher, and is it independent of other evidence?",src_search_c182f7c3ebb1,source,Publisher or source identity uncertainty can affect source independence and credibility.
,approve_source_role; override_source_role; exclude_source; mark_source_needs_review,2024-08-01-2024-08-31,Mpox,,source_identity_review,source_credibility,Democratic Republic of the Congo,P1_high,57,human_review_items; record_inclusion_decisions; source_registry; source_identity_assessments,source identity review - review_source_credibility_src_search_fca80a60fed0 - Mpox : la situation en République démocratique du Congo rest...,Mpox : la situation en République démocratique du Congo reste « préoccupante » (OMS) | ONU Info,https://news.un.org/fr/story/2025/01/1152071,Open source identity assessments and source registry metadata.,"Who is the actual publisher, and is it independent of other evidence?",src_search_fca80a60fed0,source,Publisher or source identity uncertainty can affect source independence and credibility.
,approve_source_role; override_source_role; exclude_source; mark_source_needs_review,2024-08-01-2024-08-31,Mpox,,source_identity_review,source_credibility,Democratic Republic of the Congo,P1_high,58,human_review_items; record_inclusion_decisions; source_registry; source_identity_assessments,source identity review - review_source_credibility_src_search_fe1a1f839d46 - RDC: 537 décès de l'épidémie de Mpox enregistrés depuis débu...,RDC: 537 décès de l'épidémie de Mpox enregistrés depuis début ...,https://www.forumdesas.cd/rdc-537-deces-de-lepidemie-de-mpox-enregistres-depuis-debut-2024,Open source identity assessments and source registry metadata.,"Who is the actual publisher, and is it independent of other evidence?",src_search_fe1a1f839d46,source,Publisher or source identity uncertainty can affect source independence and credibility.
European Centre for Disease Prevention and Control,approve_source_role; override_source_role; exclude_source; mark_source_needs_review,2024-08-01-2024-08-31,Mpox,,source_credibility_review,source_credibility,Democratic Republic of the Congo,P1_high,59,human_review_items; record_inclusion_decisions; source_registry; source_identity_assessments,source credibility review - review_source_credibility_src_search_07a961e1c71b - Epidemiological update – Week 36/2024: Mpox due to monkey...,Epidemiological update – Week 36/2024: Mpox due to monkeypox virus clade I,https://www.ecdc.europa.eu/en/news-events/mpox-epidemiological-update-week-36-2024-clade-i,Review source registry and source credibility/source critic outputs.,"Should this source be collection, support, context, or excluded?",src_search_07a961e1c71b,source,Source credibility affects whether evidence should support collection or only context.
World Health Organization,accept_anomaly; dismiss_anomaly; confirm_anomaly; mark_anomaly_resolved; mark_anomaly_needs_more_evidence,2024-08-31,Mpox (Monkeypox),"Mpox: Multi-country External Situation Report n.38 1 Mpox Multi-country external situation report no. 38, published 28 September 2024 This situation report provides an update of the weekly mpox epidemiological situation in Africa, and the monthly global epidemiological situation. Highlights • This report provides an update on the mpox epidemiological situation in Africa as of 22 September 2024. A total of 6603 confirmed mpox cases, including 32 deaths have been reported across 15 African countries in 2024, with 402 confirmed cases and no deaths reported in the last week. The Democratic Republic of the Congo accounts for most cases (5621 cases, 25 deaths), followed by Burundi (696 cases, no deaths) and Nigeria (78 cases, no deaths). • All currently affected countries on the continent hav...",outside_scope_review,anomaly,Democratic Republic of the Congo,P1_high,60,human_review_items; record_inclusion_decisions; anomaly_results,outside scope review - review_anomaly_anom_001 - [PDF] Mpox: Multi-country External Situation Report n.38,[PDF] Mpox: Multi-country External Situation Report n.38,https://cdn.who.int/media/docs/default-source/documents/emergencies/20240928_mpox_external-sitrep_-38.pdf?sfvrsn=758b85b0_1,review_rate_scale_or_extraction,Does the evidence actually match the requested scope?,rec_src_search_94cc3f59e20e_002; src_search_94cc3f59e20e; anom_001,anomaly,"The item may be outside the requested disease, location, or time window."
World Health Organization,accept_anomaly; dismiss_anomaly; confirm_anomaly; mark_anomaly_resolved; mark_anomaly_needs_more_evidence,2024-08-31,Mpox (Monkeypox),"There is high (around 70% overall) or very high (around 90% in South Kivu) test positivity among reported cases, despite efforts to significantly expand surveillance. This suggests significant under detection or underreporting of transmission.",outside_scope_review,anomaly,Democratic Republic of the Congo,P1_high,61,human_review_items; record_inclusion_decisions; anomaly_results,outside scope review - review_anomaly_anom_003 - Mpox - Democratic Republic of the Congo,Mpox - Democratic Republic of the Congo,https://www.who.int/emergencies/disease-outbreak-news/item/2024-DON522,review_rate_scale_or_extraction,Does the evidence actually match the requested scope?,rec_src_search_c86ca682ec75_007; src_search_c86ca682ec75; anom_003,anomaly,"The item may be outside the requested disease, location, or time window."
World Health Organization,accept_anomaly; dismiss_anomaly; confirm_anomaly; mark_anomaly_resolved; mark_anomaly_needs_more_evidence,2024-08-31,Mpox (Monkeypox),"There is high (around 70% overall) or very high (around 90% in South Kivu) test positivity among reported cases, despite efforts to significantly expand surveillance. This suggests significant under detection or underreporting of transmission.",outside_scope_review,anomaly,South Kivu,P1_high,62,human_review_items; record_inclusion_decisions; anomaly_results,outside scope review - review_anomaly_anom_004 - Mpox - Democratic Republic of the Congo,Mpox - Democratic Republic of the Congo,https://www.who.int/emergencies/disease-outbreak-news/item/2024-DON522,review_rate_scale_or_extraction,Does the evidence actually match the requested scope?,rec_src_search_c86ca682ec75_008; src_search_c86ca682ec75; anom_004,anomaly,"The item may be outside the requested disease, location, or time window."
,accept_anomaly; dismiss_anomaly; confirm_anomaly; mark_anomaly_resolved; mark_anomaly_needs_more_evidence,2024-08-31,Mpox (Monkeypox),"of laboratory testing, 4,901 were laboratory-confirmed, yielding a positivity rate of 52.1%. Of these suspected cases, a significant proportion",outside_scope_review,anomaly,Democratic Republic of the Congo,P1_high,63,human_review_items; record_inclusion_decisions; anomaly_results,outside scope review - review_anomaly_anom_006 - [PDF] Democratic Republic of Congo Mpox Level 3 Emergency-2024 ...,[PDF] Democratic Republic of Congo Mpox Level 3 Emergency-2024 ...,https://www.unicef.org/media/161951/file/Democratic-Republic-of-the-Congo-Humanitarian-SitRep-No.-1-(Level-3-Mpox)-20-August-to-01-September-2024.pdf.pdf,review_rate_scale_or_extraction,Does the evidence actually match the requested scope?,rec_src_search_525c0a51cb88_005; src_search_525c0a51cb88; anom_006,anomaly,"The item may be outside the requested disease, location, or time window."
Centers for Disease Control and Prevention,accept_anomaly; dismiss_anomaly; confirm_anomaly; mark_anomaly_resolved; mark_anomaly_needs_more_evidence,2024-08-31,Mpox (Monkeypox),"Many of the areas affected are remote, and there is limited governmental capacity or access to laboratory testing. In 2024, only about 40% of all suspected cases have been tested, 55% of which tested positive (VOA 14/09/2024).",outside_scope_review,anomaly,Democratic Republic of the Congo,P1_high,64,human_review_items; record_inclusion_decisions; anomaly_results,outside scope review - review_anomaly_anom_007 - [PDF] Democratic Republic of Congo: Monkeypox outbreak - ACAPS,[PDF] Democratic Republic of Congo: Monkeypox outbreak - ACAPS,https://www.acaps.org/fileadmin/Data_Product/Main_media/20240920_ACAPS_DRC_-_Monkeypox_update.pdf,review_rate_scale_or_extraction,Does the evidence actually match the requested scope?,rec_src_search_255065bc24b2_002; src_search_255065bc24b2; anom_007,anomaly,"The item may be outside the requested disease, location, or time window."
Centers for Disease Control and Prevention,accept_validation_result; mark_validation_result_not_applicable; confirm_conflict; resolve_conflict_as_left; resolve_conflict_as_right; mark_needs_more_evidence; override_validation_status,2024-08-31,Mpox (Monkeypox),"• As of August 31, 2024, there have been 24,873 cases (5,549 confirmed cases) and 643 deaths. The Democratic Republic of Congo (DRC) accounts for the vast majority of the reported cases and deaths in Africa.",missing_required_fields_review,record_schema_validation,Democratic Republic of the Congo,P1_high,65,human_review_items; record_inclusion_decisions; validation_results; validation_source_compatibility_summary,missing required fields review - review_record_rec_src_search_da73a01ad891_001 - Mpox Sequencing in Africa - Democratic Republic of the C...,Mpox Sequencing in Africa - Democratic Republic of the Congo,https://reliefweb.int/report/democratic-republic-congo/mpox-sequencing-africa,Inspect the linked artifacts and only then edit a decision file if needed.,"What decision, if any, should a human reviewer record?",rec_src_search_da73a01ad891_001,validation_result,This review item requires human inspection before it should affect downstream interpretation.
Centers for Disease Control and Prevention,accept_validation_result; mark_validation_result_not_applicable; confirm_conflict; resolve_conflict_as_left; resolve_conflict_as_right; mark_needs_more_evidence; override_validation_status,2024-08-31,Mpox (Monkeypox),"• As of August 31, 2024, there have been 24,873 cases (5,549 confirmed cases) and 643 deaths. The Democratic Republic of Congo (DRC) accounts for the vast majority of the reported cases and deaths in Africa.",missing_required_fields_review,record_schema_validation,Democratic Republic of the Congo,P1_high,66,human_review_items; record_inclusion_decisions; validation_results; validation_source_compatibility_summary,missing required fields review - review_record_rec_src_search_da73a01ad891_002 - Mpox Sequencing in Africa - Democratic Republic of the C...,Mpox Sequencing in Africa - Democratic Republic of the Congo,https://reliefweb.int/report/democratic-republic-congo/mpox-sequencing-africa,Inspect the linked artifacts and only then edit a decision file if needed.,"What decision, if any, should a human reviewer record?",rec_src_search_da73a01ad891_002,validation_result,This review item requires human inspection before it should affect downstream interpretation.
Centers for Disease Control and Prevention,accept_validation_result; mark_validation_result_not_applicable; confirm_conflict; resolve_conflict_as_left; resolve_conflict_as_right; mark_needs_more_evidence; override_validation_status,2024-08-31,Mpox (Monkeypox),"• As of August 31, 2024, there have been 24,873 cases (5,549 confirmed cases) and 643 deaths. The Democratic Republic of Congo (DRC) accounts for the vast majority of the reported cases and deaths in Africa.",missing_required_fields_review,record_schema_validation,Democratic Republic of the Congo,P1_high,67,human_review_items; record_inclusion_decisions; validation_results; validation_source_compatibility_summary,missing required fields review - review_record_rec_src_search_da73a01ad891_003 - Mpox Sequencing in Africa - Democratic Republic of the C...,Mpox Sequencing in Africa - Democratic Republic of the Congo,https://reliefweb.int/report/democratic-republic-congo/mpox-sequencing-africa,Inspect the linked artifacts and only then edit a decision file if needed.,"What decision, if any, should a human reviewer record?",rec_src_search_da73a01ad891_003,validation_result,This review item requires human inspection before it should affect downstream interpretation.
Centers for Disease Control and Prevention,accept_validation_result; mark_validation_result_not_applicable; confirm_conflict; resolve_conflict_as_left; resolve_conflict_as_right; mark_needs_more_evidence; override_validation_status,2024-08-07,Mpox (Monkeypox),"![](/TemplatePackage/4.0/assets/imgs/uswds/us_flag_small.png) ![](/TemplatePackage/4.0/assets/imgs/uswds/icon-dot-gov.svg) **Official websites use .gov** A .gov website belongs to an official government organization in the United States. ![](/TemplatePackage/4.0/assets/imgs/uswds/icon-https.svg) **Secure .gov websites use HTTPS** A lock ( ) or https:// means you've safely connected to the .gov website. Share sensitive information only on official, secure websites. ![CDC Logo](/TemplatePackage/4.0/assets/imgs/logo/logo-notext.svg) ![CDC Logo](/TemplatePackage/4.0/assets/imgs/logo/logo-notext.svg) # Monkeypox Caused by Human-to-Human Transmission of *Monkeypox Virus* in the Democratic Republic of the Congo with Spread to Neighboring Countries ![Health Alert Network logo.](/han/images/HAN-...",outside_scope_review,validation_scope_issue,Democratic Republic of the Congo,P1_high,68,human_review_items; record_inclusion_decisions; validation_results; validation_source_compatibility_summary,outside scope review - review_validation_val_result_030 - Health Alert Network (HAN) - 00513 | Mpox Caused by Human-to-Human Transmission...,Health Alert Network (HAN) - 00513 | Mpox Caused by Human-to-Human Transmission of Monkeypox Virus in the Democratic Republic of the Congo with Spread to Neighboring Countries,https://www.cdc.gov/han/2024/han00513.html,Inspect the evidence quote and record inclusion decision.,Does the evidence actually match the requested scope?,rec_src_search_bda3df613334_001; val_result_030,validation_result,"The item may be outside the requested disease, location, or time window."
National Center for Biotechnology Information,approve_source_role; override_source_role; exclude_source; mark_source_needs_review,2024-08-01-2024-08-31,Mpox,,source_credibility_review,source_credibility,Democratic Republic of the Congo,P2_medium,69,human_review_items; record_inclusion_decisions; source_registry; source_identity_assessments,source credibility review - review_source_credibility_src_search_1255139db91f - Profil des cas de mpox identifiés lors de la surveillance...,Profil des cas de mpox identifiés lors de la surveillance de la zone de santé Kokolo à Kinshasa (RDC) d'août à novembre 2024,https://pmc.ncbi.nlm.nih.gov/articles/PMC12001985,Review source registry and source credibility/source critic outputs.,"Should this source be collection, support, context, or excluded?",src_search_1255139db91f,source,Source credibility affects whether evidence should support collection or only context.
World Health Organization,accept_as_is; correct_fields; reject_record; mark_requires_review; mark_review_resolved; mark_non_countable; mark_countable; mark_duplicate; mark_not_duplicate; needs_more_evidence; defer_decision,2024-08-31,Mpox (Monkeypox),"Mpox: Multi-country External Situation Report n.38 1 Mpox Multi-country external situation report no. 38, published 28 September 2024 This situation report provides an update of the weekly mpox epidemiological situation in Africa, and the monthly global epidemiological situation. Highlights • This report provides an update on the mpox epidemiological situation in Africa as of 22 September 2024. A total of 6603 confirmed mpox cases, including 32 deaths have been reported across 15 African countries in 2024, with 402 confirmed cases and no deaths reported in the last week. The Democratic Republic of the Congo accounts for most cases (5621 cases, 25 deaths), followed by Burundi (696 cases, no deaths) and Nigeria (78 cases, no deaths). • All currently affected countries on the continent hav...",missing_required_fields_review,record_normalization,Democratic Republic of the Congo,P2_medium,70,human_review_items; record_inclusion_decisions; quarantined_records; context_records; final_case_dataset,missing required fields review - review_normalization_rec_src_search_94cc3f59e20e_001 - [PDF] Mpox: Multi-country External Situation Repo...,[PDF] Mpox: Multi-country External Situation Report n.38,https://cdn.who.int/media/docs/default-source/documents/emergencies/20240928_mpox_external-sitrep_-38.pdf?sfvrsn=758b85b0_1,Inspect the linked artifacts and only then edit a decision file if needed.,"What decision, if any, should a human reviewer record?",rec_src_search_94cc3f59e20e_001,record,This review item requires human inspection before it should affect downstream interpretation.
World Health Organization,accept_as_is; correct_fields; reject_record; mark_requires_review; mark_review_resolved; mark_non_countable; mark_countable; mark_duplicate; mark_not_duplicate; needs_more_evidence; defer_decision,2024-08-31,Mpox (Monkeypox),"Mpox: Multi-country External Situation Report n.38 1 Mpox Multi-country external situation report no. 38, published 28 September 2024 This situation report provides an update of the weekly mpox epidemiological situation in Africa, and the monthly global epidemiological situation. Highlights • This report provides an update on the mpox epidemiological situation in Africa as of 22 September 2024. A total of 6603 confirmed mpox cases, including 32 deaths have been reported across 15 African countries in 2024, with 402 confirmed cases and no deaths reported in the last week. The Democratic Republic of the Congo accounts for most cases (5621 cases, 25 deaths), followed by Burundi (696 cases, no deaths) and Nigeria (78 cases, no deaths). • All currently affected countries on the continent hav...",missing_required_fields_review,record_normalization,Democratic Republic of the Congo,P2_medium,71,human_review_items; record_inclusion_decisions; quarantined_records; context_records; final_case_dataset,missing required fields review - review_normalization_rec_src_search_94cc3f59e20e_002 - [PDF] Mpox: Multi-country External Situation Repo...,[PDF] Mpox: Multi-country External Situation Report n.38,https://cdn.who.int/media/docs/default-source/documents/emergencies/20240928_mpox_external-sitrep_-38.pdf?sfvrsn=758b85b0_1,Inspect the linked artifacts and only then edit a decision file if needed.,"What decision, if any, should a human reviewer record?",rec_src_search_94cc3f59e20e_002,record,This review item requires human inspection before it should affect downstream interpretation.
World Health Organization,accept_validation_result; mark_validation_result_not_applicable; confirm_conflict; resolve_conflict_as_left; resolve_conflict_as_right; mark_needs_more_evidence; override_validation_status,2024-08-31,Mpox (Monkeypox),"Mpox: Multi-country External Situation Report n.38 1 Mpox Multi-country external situation report no. 38, published 28 September 2024 This situation report provides an update of the weekly mpox epidemiological situation in Africa, and the monthly global epidemiological situation. Highlights • This report provides an update on the mpox epidemiological situation in Africa as of 22 September 2024. A total of 6603 confirmed mpox cases, including 32 deaths have been reported across 15 African countries in 2024, with 402 confirmed cases and no deaths reported in the last week. The Democratic Republic of the Congo accounts for most cases (5621 cases, 25 deaths), followed by Burundi (696 cases, no deaths) and Nigeria (78 cases, no deaths). • All currently affected countries on the continent hav...",missing_required_fields_review,record_schema_validation,Democratic Republic of the Congo,P2_medium,72,human_review_items; record_inclusion_decisions; validation_results; validation_source_compatibility_summary,missing required fields review - review_record_rec_src_search_94cc3f59e20e_001 - [PDF] Mpox: Multi-country External Situation Report n.38,[PDF] Mpox: Multi-country External Situation Report n.38,https://cdn.who.int/media/docs/default-source/documents/emergencies/20240928_mpox_external-sitrep_-38.pdf?sfvrsn=758b85b0_1,Inspect the linked artifacts and only then edit a decision file if needed.,"What decision, if any, should a human reviewer record?",rec_src_search_94cc3f59e20e_001,validation_result,This review item requires human inspection before it should affect downstream interpretation.
World Health Organization,accept_validation_result; mark_validation_result_not_applicable; confirm_conflict; resolve_conflict_as_left; resolve_conflict_as_right; mark_needs_more_evidence; override_validation_status,2024-08-31,Mpox (Monkeypox),"Mpox: Multi-country External Situation Report n.38 1 Mpox Multi-country external situation report no. 38, published 28 September 2024 This situation report provides an update of the weekly mpox epidemiological situation in Africa, and the monthly global epidemiological situation. Highlights • This report provides an update on the mpox epidemiological situation in Africa as of 22 September 2024. A total of 6603 confirmed mpox cases, including 32 deaths have been reported across 15 African countries in 2024, with 402 confirmed cases and no deaths reported in the last week. The Democratic Republic of the Congo accounts for most cases (5621 cases, 25 deaths), followed by Burundi (696 cases, no deaths) and Nigeria (78 cases, no deaths). • All currently affected countries on the continent hav...",missing_required_fields_review,record_schema_validation,Democratic Republic of the Congo,P2_medium,73,human_review_items; record_inclusion_decisions; validation_results; validation_source_compatibility_summary,missing required fields review - review_record_rec_src_search_94cc3f59e20e_002 - [PDF] Mpox: Multi-country External Situation Report n.38,[PDF] Mpox: Multi-country External Situation Report n.38,https://cdn.who.int/media/docs/default-source/documents/emergencies/20240928_mpox_external-sitrep_-38.pdf?sfvrsn=758b85b0_1,Inspect the linked artifacts and only then edit a decision file if needed.,"What decision, if any, should a human reviewer record?",rec_src_search_94cc3f59e20e_002,validation_result,This review item requires human inspection before it should affect downstream interpretation.
World Health Organization,approve_source_role; override_source_role; exclude_source; mark_source_needs_review,2024-08-01-2024-08-31,Mpox,"Task-relevant source text appeared to contain core epidemiology metric signals, but extraction produced no structured records.",general_review,core_metric_extraction_gap,Democratic Republic of the Congo,P3_low,74,human_review_items; record_inclusion_decisions; source_registry; source_identity_assessments,general review - review_core_metric_gap_src_search_0a1fd0f7808b - Mpox – African Region,Mpox – African Region,https://www.who.int/emergencies/disease-outbreak-news/item/2024-DON528,review_source_for_core_metric_extraction,"What decision, if any, should a human reviewer record?",src_search_0a1fd0f7808b,source,This review item requires human inspection before it should affect downstream interpretation.
,approve_source_role; override_source_role; exclude_source; mark_source_needs_review,2024-08-01-2024-08-31,Mpox,"Task-relevant source text appeared to contain core epidemiology metric signals, but extraction produced no structured records.",general_review,core_metric_extraction_gap,Democratic Republic of the Congo,P3_low,75,human_review_items; record_inclusion_decisions; source_registry; source_identity_assessments,general review - review_core_metric_gap_src_search_350b26302501 - Africa Region | Mpox Appeal - Operation Update #3 (MDRS1003),Africa Region | Mpox Appeal - Operation Update #3 (MDRS1003),https://reliefweb.int/report/democratic-republic-congo/africa-region-mpox-appeal-operation-update-3-mdrs1003,review_source_for_core_metric_extraction,"What decision, if any, should a human reviewer record?",src_search_350b26302501,source,This review item requires human inspection before it should affect downstream interpretation.
World Health Organization,approve_source_role; override_source_role; exclude_source; mark_source_needs_review,2024-08-01-2024-08-31,Mpox,"Task-relevant source text appeared to contain core epidemiology metric signals, but extraction produced no structured records.",general_review,core_metric_extraction_gap,Democratic Republic of the Congo,P3_low,76,human_review_items; record_inclusion_decisions; source_registry; source_identity_assessments,general review - review_core_metric_gap_src_search_5f5f052dfde8 - Variole simienne – République démocratique du Congo,Variole simienne – République démocratique du Congo,https://www.who.int/fr/emergencies/disease-outbreak-news/item/2024-DON522,review_source_for_core_metric_extraction,"What decision, if any, should a human reviewer record?",src_search_5f5f052dfde8,source,This review item requires human inspection before it should affect downstream interpretation.
,approve_source_role; override_source_role; exclude_source; mark_source_needs_review,2024-08-01-2024-08-31,Mpox,"Task-relevant source text appeared to contain core epidemiology metric signals, but extraction produced no structured records.",general_review,core_metric_extraction_gap,Democratic Republic of the Congo,P3_low,77,human_review_items; record_inclusion_decisions; source_registry; source_identity_assessments,general review - review_core_metric_gap_src_search_6d0aa2af1853 - Epidémie de mpox en RDC : déclarée urgence de santé publique internatio...,Epidémie de mpox en RDC : déclarée urgence de santé publique internationale | Médecins Sans Frontières (MSF),https://www.msf.ch/nos-actualites/articles/epidemie-mpox-rdc-declaree-urgence-sante-publique-internationale,review_source_for_core_metric_extraction,"What decision, if any, should a human reviewer record?",src_search_6d0aa2af1853,source,This review item requires human inspection before it should affect downstream interpretation.
,approve_source_role; override_source_role; exclude_source; mark_source_needs_review,2024-08-01-2024-08-31,Mpox,"Task-relevant source text appeared to contain core epidemiology metric signals, but extraction produced no structured records.",general_review,core_metric_extraction_gap,Democratic Republic of the Congo,P3_low,78,human_review_items; record_inclusion_decisions; source_registry; source_identity_assessments,general review - review_core_metric_gap_src_search_88f3866c9627 - [PDF] Rapport - Annuel - INRB,[PDF] Rapport - Annuel - INRB,http://inrb.cd/images/2025/Rapport_Annuel_2024_EPIDSG_INRB_WEB.pdf,review_source_for_core_metric_extraction,"What decision, if any, should a human reviewer record?",src_search_88f3866c9627,source,This review item requires human inspection before it should affect downstream interpretation.
,approve_source_role; override_source_role; exclude_source; mark_source_needs_review,2024-08-01-2024-08-31,Mpox,"Task-relevant source text appeared to contain core epidemiology metric signals, but extraction produced no structured records.",general_review,core_metric_extraction_gap,Democratic Republic of the Congo,P3_low,79,human_review_items; record_inclusion_decisions; source_registry; source_identity_assessments,general review - review_core_metric_gap_src_search_b0d9edeca9ff - Situation Report: Mpox Spreads in Africa | NETEC,Situation Report: Mpox Spreads in Africa | NETEC,https://netec.org/2024/08/08/situation-report-mpox-spreads-in-africa,review_source_for_core_metric_extraction,"What decision, if any, should a human reviewer record?",src_search_b0d9edeca9ff,source,This review item requires human inspection before it should affect downstream interpretation.
,approve_source_role; override_source_role; exclude_source; mark_source_needs_review,2024-08-01-2024-08-31,Mpox,"Task-relevant source text appeared to contain core epidemiology metric signals, but extraction produced no structured records.",general_review,core_metric_extraction_gap,Democratic Republic of the Congo,P3_low,80,human_review_items; record_inclusion_decisions; source_registry; source_identity_assessments,general review - review_core_metric_gap_src_search_cd800c67453f - WHO African Region Mpox Bulletin - 11 August 2024 - ReliefWeb,WHO African Region Mpox Bulletin - 11 August 2024 - ReliefWeb,https://reliefweb.int/report/democratic-republic-congo/who-african-region-mpox-bulletin-11-august-2024,review_source_for_core_metric_extraction,"What decision, if any, should a human reviewer record?",src_search_cd800c67453f,source,This review item requires human inspection before it should affect downstream interpretation.
Centers for Disease Control and Prevention,approve_source_role; override_source_role; exclude_source; mark_source_needs_review,2024-08-01-2024-08-31,Mpox,"Task-relevant source text appeared to contain core epidemiology metric signals, but extraction produced no structured records.",general_review,core_metric_extraction_gap,Democratic Republic of the Congo,P3_low,81,human_review_items; record_inclusion_decisions; source_registry; source_identity_assessments,general review - review_core_metric_gap_src_search_fa50642e386d - [PDF] Mpox Virus: Clade I and Clade II,[PDF] Mpox Virus: Clade I and Clade II,https://publichealth.jhu.edu/sites/default/files/2024-12/Mpox-SU-12.3.24.pdf,review_source_for_core_metric_extraction,"What decision, if any, should a human reviewer record?",src_search_fa50642e386d,source,This review item requires human inspection before it should affect downstream interpretation.
World Health Organization,accept_as_is; correct_fields; reject_record; mark_requires_review; mark_review_resolved; mark_non_countable; mark_countable; mark_duplicate; mark_not_duplicate; needs_more_evidence; defer_decision,2024-08-31,Mpox (Monkeypox),"Mpox: Multi-country External Situation Report n.38 1 Mpox Multi-country external situation report no. 38, published 28 September 2024 This situation report provides an update of the weekly mpox epidemiological situation in Africa, and the monthly global epidemiological situation. Highlights • This report provides an update on the mpox epidemiological situation in Africa as of 22 September 2024. A total of 6603 confirmed mpox cases, including 32 deaths have been reported across 15 African countries in 2024, with 402 confirmed cases and no deaths reported in the last week. The Democratic Republic of the Congo accounts for most cases (5621 cases, 25 deaths), followed by Burundi (696 cases, no deaths) and Nigeria (78 cases, no deaths). • All currently affected countries on the continent hav...",general_review,record_linking,Democratic Republic of the Congo,P3_low,82,human_review_items; record_inclusion_decisions; quarantined_records; context_records; final_case_dataset,general review - review_linking_event_005 - [PDF] Mpox: Multi-country External Situation Report n.38,[PDF] Mpox: Multi-country External Situation Report n.38,https://cdn.who.int/media/docs/default-source/documents/emergencies/20240928_mpox_external-sitrep_-38.pdf?sfvrsn=758b85b0_1,Inspect the linked artifacts and only then edit a decision file if needed.,"What decision, if any, should a human reviewer record?",rec_src_search_94cc3f59e20e_001; rec_src_search_94cc3f59e20e_002,record,This review item requires human inspection before it should affect downstream interpretation.
European Centre for Disease Prevention and Control,approve_source_role; override_source_role; exclude_source; mark_source_needs_review,2024-08-01-2024-08-31,Mpox,,general_review,source_screening,Democratic Republic of the Congo,P3_low,83,human_review_items; record_inclusion_decisions; source_registry; source_identity_assessments,general review - review_source_src_search_07a961e1c71b - Epidemiological update – Week 36/2024: Mpox due to monkeypox virus clade I,Epidemiological update – Week 36/2024: Mpox due to monkeypox virus clade I,https://www.ecdc.europa.eu/en/news-events/mpox-epidemiological-update-week-36-2024-clade-i,Inspect the linked artifacts and only then edit a decision file if needed.,"What decision, if any, should a human reviewer record?",src_search_07a961e1c71b,source,This review item requires human inspection before it should affect downstream interpretation.
National Center for Biotechnology Information,approve_source_role; override_source_role; exclude_source; mark_source_needs_review,2024-08-01-2024-08-31,Mpox,,general_review,source_screening,Democratic Republic of the Congo,P3_low,84,human_review_items; record_inclusion_decisions; source_registry; source_identity_assessments,general review - review_source_src_search_1255139db91f - Profil des cas de mpox identifiés lors de la surveillance de la zone de santé Ko...,Profil des cas de mpox identifiés lors de la surveillance de la zone de santé Kokolo à Kinshasa (RDC) d'août à novembre 2024,https://pmc.ncbi.nlm.nih.gov/articles/PMC12001985,Inspect the linked artifacts and only then edit a decision file if needed.,"What decision, if any, should a human reviewer record?",src_search_1255139db91f,source,This review item requires human inspection before it should affect downstream interpretation.
,approve_source_role; override_source_role; exclude_source; mark_source_needs_review,2024-08-01-2024-08-31,Mpox,,general_review,source_screening,Democratic Republic of the Congo,P3_low,85,human_review_items; record_inclusion_decisions; source_registry; source_identity_assessments,general review - review_source_src_search_350b26302501 - Africa Region | Mpox Appeal - Operation Update #3 (MDRS1003),Africa Region | Mpox Appeal - Operation Update #3 (MDRS1003),https://reliefweb.int/report/democratic-republic-congo/africa-region-mpox-appeal-operation-update-3-mdrs1003,Inspect the linked artifacts and only then edit a decision file if needed.,"What decision, if any, should a human reviewer record?",src_search_350b26302501,source,This review item requires human inspection before it should affect downstream interpretation.
Centers for Disease Control and Prevention,approve_source_role; override_source_role; exclude_source; mark_source_needs_review,2024-08-01-2024-08-31,Mpox,,general_review,source_screening,Democratic Republic of the Congo,P3_low,86,human_review_items; record_inclusion_decisions; source_registry; source_identity_assessments,general review - review_source_src_search_46e96c569bac - Clade I Mpox Outbreak Originating in Central Africa - Restored CDC,Clade I Mpox Outbreak Originating in Central Africa - Restored CDC,https://www.restoredcdc.org/www.cdc.gov/mpox/outbreaks/2023/index.html,Inspect the linked artifacts and only then edit a decision file if needed.,"What decision, if any, should a human reviewer record?",src_search_46e96c569bac,source,This review item requires human inspection before it should affect downstream interpretation.
,approve_source_role; override_source_role; exclude_source; mark_source_needs_review,2024-08-01-2024-08-31,Mpox,,general_review,source_screening,Democratic Republic of the Congo,P3_low,87,human_review_items; record_inclusion_decisions; source_registry; source_identity_assessments,general review - review_source_src_search_525c0a51cb88 - [PDF] Democratic Republic of Congo Mpox Level 3 Emergency-2024 ...,[PDF] Democratic Republic of Congo Mpox Level 3 Emergency-2024 ...,https://www.unicef.org/media/161951/file/Democratic-Republic-of-the-Congo-Humanitarian-SitRep-No.-1-(Level-3-Mpox)-20-August-to-01-September-2024.pdf.pdf,Inspect the linked artifacts and only then edit a decision file if needed.,"What decision, if any, should a human reviewer record?",src_search_525c0a51cb88,source,This review item requires human inspection before it should affect downstream interpretation.
,approve_source_role; override_source_role; exclude_source; mark_source_needs_review,2024-08-01-2024-08-31,Mpox,,general_review,source_screening,Democratic Republic of the Congo,P3_low,88,human_review_items; record_inclusion_decisions; source_registry; source_identity_assessments,"general review - review_source_src_search_56e2081249ad - Arise News - WHO has reported at least 8,000 Mpox cases in...","Arise News - WHO has reported at least 8,000 Mpox cases in...",https://www.facebook.com/AriseTVNews/posts/who-has-reported-at-least-8000-mpox-cases-in-congo-in-2024-resulting-in-384-deat/962929085838964,Inspect the linked artifacts and only then edit a decision file if needed.,"What decision, if any, should a human reviewer record?",src_search_56e2081249ad,source,This review item requires human inspection before it should affect downstream interpretation.
,approve_source_role; override_source_role; exclude_source; mark_source_needs_review,2024-08-01-2024-08-31,Mpox,,general_review,source_screening,Democratic Republic of the Congo,P3_low,89,human_review_items; record_inclusion_decisions; source_registry; source_identity_assessments,general review - review_source_src_search_5d3071bb1dac - Mpox outbreak in DR Congo: What to know | Doctors Without Borders - USA,Mpox outbreak in DR Congo: What to know | Doctors Without Borders - USA,https://www.doctorswithoutborders.org/latest/mpox-outbreak-dr-congo-what-know,Inspect the linked artifacts and only then edit a decision file if needed.,"What decision, if any, should a human reviewer record?",src_search_5d3071bb1dac,source,This review item requires human inspection before it should affect downstream interpretation.
,approve_source_role; override_source_role; exclude_source; mark_source_needs_review,2024-08-01-2024-08-31,Mpox,,general_review,source_screening,Democratic Republic of the Congo,P3_low,90,human_review_items; record_inclusion_decisions; source_registry; source_identity_assessments,general review - review_source_src_search_612c687e0be4 - RDC : 20 décès dus au Mpox enregistrés à la première semaine de ...,RDC : 20 décès dus au Mpox enregistrés à la première semaine de ...,https://www.aa.com.tr/fr/afrique/rdc-20-d%C3%A9c%C3%A8s-dus-au-mpox-enregistr%C3%A9s-%C3%A0-la-premi%C3%A8re-semaine-de-2025/3449345,Inspect the linked artifacts and only then edit a decision file if needed.,"What decision, if any, should a human reviewer record?",src_search_612c687e0be4,source,This review item requires human inspection before it should affect downstream interpretation.
,approve_source_role; override_source_role; exclude_source; mark_source_needs_review,2024-08-01-2024-08-31,Mpox,,general_review,source_screening,Democratic Republic of the Congo,P3_low,91,human_review_items; record_inclusion_decisions; source_registry; source_identity_assessments,general review - review_source_src_search_6d0aa2af1853 - Epidémie de mpox en RDC : déclarée urgence de santé publique internationale | Mé...,Epidémie de mpox en RDC : déclarée urgence de santé publique internationale | Médecins Sans Frontières (MSF),https://www.msf.ch/nos-actualites/articles/epidemie-mpox-rdc-declaree-urgence-sante-publique-internationale,Inspect the linked artifacts and only then edit a decision file if needed.,"What decision, if any, should a human reviewer record?",src_search_6d0aa2af1853,source,This review item requires human inspection before it should affect downstream interpretation.
,approve_source_role; override_source_role; exclude_source; mark_source_needs_review,2024-08-01-2024-08-31,Mpox,,general_review,source_screening,Democratic Republic of the Congo,P3_low,92,human_review_items; record_inclusion_decisions; source_registry; source_identity_assessments,general review - review_source_src_search_80ad6c5bbfa5 - DRC officially declares the end of the mpox epidemic - BEACON,DRC officially declares the end of the mpox epidemic - BEACON,https://beaconbio.org/en/report?reportid=2d6eb9e8-5390-422a-b16b-df49f5613a8b&eventid=12e5dd59-09db-45e8-b279-910c56a82d76&pathogens=16eb05a8-610e-4b1e-a63a-5c75302deb33,Inspect the linked artifacts and only then edit a decision file if needed.,"What decision, if any, should a human reviewer record?",src_search_80ad6c5bbfa5,source,This review item requires human inspection before it should affect downstream interpretation.
,approve_source_role; override_source_role; exclude_source; mark_source_needs_review,2024-08-01-2024-08-31,Mpox,,general_review,source_screening,Democratic Republic of the Congo,P3_low,93,human_review_items; record_inclusion_decisions; source_registry; source_identity_assessments,"general review - review_source_src_search_9befc0a97780 - Multi-country outbreak of mpox, External situation report #42 - 9 November 2024...","Multi-country outbreak of mpox, External situation report #42 - 9 November 2024 - Democratic Republic of the Congo | ReliefWeb",https://reliefweb.int/report/democratic-republic-congo/multi-country-outbreak-mpox-external-situation-report-42-9-november-2024,Inspect the linked artifacts and only then edit a decision file if needed.,"What decision, if any, should a human reviewer record?",src_search_9befc0a97780,source,This review item requires human inspection before it should affect downstream interpretation.
,approve_source_role; override_source_role; exclude_source; mark_source_needs_review,2024-08-01-2024-08-31,Mpox,,general_review,source_screening,Democratic Republic of the Congo,P3_low,94,human_review_items; record_inclusion_decisions; source_registry; source_identity_assessments,general review - review_source_src_search_b0d9edeca9ff - Situation Report: Mpox Spreads in Africa | NETEC,Situation Report: Mpox Spreads in Africa | NETEC,https://netec.org/2024/08/08/situation-report-mpox-spreads-in-africa,Inspect the linked artifacts and only then edit a decision file if needed.,"What decision, if any, should a human reviewer record?",src_search_b0d9edeca9ff,source,This review item requires human inspection before it should affect downstream interpretation.
World Health Organization,approve_source_role; override_source_role; exclude_source; mark_source_needs_review,2024-08-01-2024-08-31,Mpox,,general_review,source_screening,Democratic Republic of the Congo,P3_low,95,human_review_items; record_inclusion_decisions; source_registry; source_identity_assessments,"general review - review_source_src_search_c182f7c3ebb1 - [PDF] Mpox Alert, 27 August 2024 Africa - NICD","[PDF] Mpox Alert, 27 August 2024 Africa - NICD",https://www.nicd.ac.za/wp-content/uploads/2024/08/Mpox-Alert-August-2024.pdf,Inspect the linked artifacts and only then edit a decision file if needed.,"What decision, if any, should a human reviewer record?",src_search_c182f7c3ebb1,source,This review item requires human inspection before it should affect downstream interpretation.
,approve_source_role; override_source_role; exclude_source; mark_source_needs_review,2024-08-01-2024-08-31,Mpox,,general_review,source_screening,Democratic Republic of the Congo,P3_low,96,human_review_items; record_inclusion_decisions; source_registry; source_identity_assessments,"general review - review_source_src_search_ea380d328268 - Mpox cases have declined significantly in the DR Congo, health ...","Mpox cases have declined significantly in the DR Congo, health ...",https://www.facebook.com/cgtnafrica/posts/mpox-cases-have-declined-significantly-in-the-dr-congo-health-officials-say-week/1343149054518142,Inspect the linked artifacts and only then edit a decision file if needed.,"What decision, if any, should a human reviewer record?",src_search_ea380d328268,source,This review item requires human inspection before it should affect downstream interpretation.
,approve_source_role; override_source_role; exclude_source; mark_source_needs_review,2024-08-01-2024-08-31,Mpox,,general_review,source_screening,Democratic Republic of the Congo,P3_low,97,human_review_items; record_inclusion_decisions; source_registry; source_identity_assessments,general review - review_source_src_search_fca80a60fed0 - Mpox : la situation en République démocratique du Congo reste « préoccupante » (...,Mpox : la situation en République démocratique du Congo reste « préoccupante » (OMS) | ONU Info,https://news.un.org/fr/story/2025/01/1152071,Inspect the linked artifacts and only then edit a decision file if needed.,"What decision, if any, should a human reviewer record?",src_search_fca80a60fed0,source,This review item requires human inspection before it should affect downstream interpretation.
,approve_source_role; override_source_role; exclude_source; mark_source_needs_review,2024-08-01-2024-08-31,Mpox,,general_review,source_screening,Democratic Republic of the Congo,P3_low,98,human_review_items; record_inclusion_decisions; source_registry; source_identity_assessments,general review - review_source_src_search_fe1a1f839d46 - RDC: 537 décès de l'épidémie de Mpox enregistrés depuis début ...,RDC: 537 décès de l'épidémie de Mpox enregistrés depuis début ...,https://www.forumdesas.cd/rdc-537-deces-de-lepidemie-de-mpox-enregistres-depuis-debut-2024,Inspect the linked artifacts and only then edit a decision file if needed.,"What decision, if any, should a human reviewer record?",src_search_fe1a1f839d46,source,This review item requires human inspection before it should affect downstream interpretation.
