apply_decision,decided_at,decision_id,decision_type,evidence_quote,issue_category,notes,priority_level,reason,review_id,reviewer_id,short_title,source_url,target_ids,target_type
False,REPLACE_WITH_ISO_TIMESTAMP,prefill_review_claim_corroboration_conflict_corr_event_002,needs_more_evidence,Comparable public-health claims conflict and require review.,conflicting_claims_review,Which claim should be treated as comparable evidence after review?,P0_critical,Review required: conflicting_claims_review,review_claim_corroboration_conflict_corr_event_002,REPLACE_WITH_REVIEWER_ID,conflicting claims review - review_claim_corroboration_conflict_corr_event_002 - Dengue in Florida: What to know - Emerging Pathogens Ins...,https://epi.ufl.edu/2025/06/24/dengue-in-florida-what-to-know,claim_rec_src_search_1298a67f3fad_001_cases_unspecified; claim_rec_src_search_1298a67f3fad_002_cases_unspecified; claim_rec_src_search_752899844c7d_001_cases_unspecified; claim_rec_src_search_752899844c7d_002_cases_unspecified; claim_rec_src_search_752899844c7d_003_cases_unspecified; claim_rec_src_search_53763309bf94_001_cases_unspecified; claim_rec_src_search_ce6ce02a80f2_001_cases_unspecified; claim_rec_src_search_ce6ce02a80f2_002_cases_unspecified; claim_rec_src_search_ce6ce02a80f2_003_cases_unspecified; claim_rec_src_search_ce6ce02a80f2_004_cases_unspecified; claim_rec_src_search_ce6ce02a80f2_005_cases_unspecified; claim_rec_src_search_ce6ce02a80f2_011_cases_unspecified; claim_rec_src_search_19aff7ba1bc3_001_cases_unspecified; claim_rec_src_search_19aff7ba1bc3_002_cases_unspecified; claim_rec_src_search_19aff7ba1bc3_003_cases_unspecified; claim_rec_src_search_19aff7ba1bc3_004_cases_unspecified; claim_rec_src_search_84acc76573c8_001_cases_unspecified; claim_rec_src_search_84acc76573c8_002_cases_unspecified; claim_rec_src_search_84acc76573c8_003_cases_unspecified; claim_rec_src_search_e1219da5b350_001_cases_unspecified; claim_rec_src_search_e1219da5b350_002_cases_unspecified; claim_rec_src_search_e1219da5b350_003_cases_unspecified; src_search_53763309bf94; src_search_ce6ce02a80f2; src_search_19aff7ba1bc3; src_search_84acc76573c8; src_search_1298a67f3fad; src_search_e1219da5b350; src_search_752899844c7d; corr_event_002,claim
False,REPLACE_WITH_ISO_TIMESTAMP,prefill_review_duplicate_event_015,accept_as_is,"[In 2024](https://www.cdc.gov/dengue/data-research/facts-stats/historic-data.html), Florida reported 1,044 local and travel-associated cases of dengue, the most in the continental U.S., with California following with 719 cases.",possible_primary_case_evidence,Is this a task-compatible primary case observation or only context/secondary evidence?,P0_critical,Review required: possible_primary_case_evidence,review_duplicate_event_015,REPLACE_WITH_REVIEWER_ID,possible primary case evidence - review_duplicate_event_015 - Dengue in Florida: What to know - Emerging Pathogens Institute,https://epi.ufl.edu/2025/06/24/dengue-in-florida-what-to-know,rec_src_search_53763309bf94_001; event_015,record
False,REPLACE_WITH_ISO_TIMESTAMP,prefill_review_duplicate_event_016,accept_as_is,"international travel . In 2025, 81 travel -associated dengue cases have been reported .",possible_primary_case_evidence,Is this a task-compatible primary case observation or only context/secondary evidence?,P0_critical,Review required: possible_primary_case_evidence,review_duplicate_event_016,REPLACE_WITH_REVIEWER_ID,possible primary case evidence - review_duplicate_event_016 - [PDF] Florida Arbovirus Surveillance,https://www.floridahealth.gov/wp-content/uploads/2025/07/2025-23-arbovirus-surveillance.pdf,rec_src_search_ce6ce02a80f2_001; rec_src_search_ce6ce02a80f2_003; event_016,record
False,REPLACE_WITH_ISO_TIMESTAMP,prefill_review_duplicate_event_018,accept_as_is,"Volusia . Four case s were reported in non -Florida resident s. In 2025, sixty -seven cases of dengue reported in",possible_primary_case_evidence,Is this a task-compatible primary case observation or only context/secondary evidence?,P0_critical,Review required: possible_primary_case_evidence,review_duplicate_event_018,REPLACE_WITH_REVIEWER_ID,possible primary case evidence - review_duplicate_event_018 - [PDF] Florida Arbovirus Surveillance,https://www.floridahealth.gov/wp-content/uploads/2025/07/2025-23-arbovirus-surveillance.pdf,rec_src_search_ce6ce02a80f2_004; rec_src_search_ce6ce02a80f2_005; event_018,record
False,REPLACE_WITH_ISO_TIMESTAMP,prefill_review_anomaly_anom_005,accept_anomaly,"1 Florida Arbovirus Surveillance Week 26: June 23-29, 2024 Arbovirus surveillance in Florida includes endemic mosquito-borne viruses such as West Nile virus (WNV), Eastern equine encephalitis virus (EEEV), and St. Louis encephalitis virus (SLEV), as well as exotic viruses such as dengue virus (DENV), chikungunya virus (CHIKV), Zika virus (ZIKV) and California encephalitis group viruses (CEV). Malaria, a parasitic mosquito-borne disease is also included. During the period of June 23-29, 2024, the following arboviral activity was recorded in Florida. WNV activity: No human cases of WNV infection were reported this week. No horses with WNV infection were reported this week. No sentinel chickens tested positive for antibodies to WNV this week. No mosquito pools tested positive for WNV this...",validation_conflict_review,"What decision, if any, should a human reviewer record?",P0_critical,Review required: validation_conflict_review,review_anomaly_anom_005,REPLACE_WITH_REVIEWER_ID,validation conflict review - review_anomaly_anom_005 - [PDF] Florida Arbovirus Surveillance,https://www.floridahealth.gov/wp-content/uploads/2025/07/2024-26-arbovirus-surveillance.pdf,src_search_752899844c7d; event_002; anom_005; val_result_045,anomaly
False,REPLACE_WITH_ISO_TIMESTAMP,prefill_review_anomaly_anom_006,accept_anomaly,"1 Florida Arbovirus Surveillance Week 24: June 8-14, 2025 Arbovirus surveillance in Florida includes endemic mosquito-borne viruses such as West Nile virus (WNV), Eastern equine encephalitis virus (EEEV), and St. Louis encephalitis virus (SLEV), as well as exotic viruses such as dengue virus (DENV), chikungunya virus (CHIKV), Zika virus (ZIKV), and California encephalitis group viruses (CEV). Malaria, a parasitic mosquito-borne disease is also included. During the period of June 8-14, 2025, the following arboviral activity was recorded in Florida. WNV activity: No human cases of WNV infection were reported this week. No horses with WNV infection were reported this week. No sentinel chickens tested positive for antibodies to WNV this week. In 2025, positive samples from one horse and 26...",validation_conflict_review,"What decision, if any, should a human reviewer record?",P0_critical,Review required: validation_conflict_review,review_anomaly_anom_006,REPLACE_WITH_REVIEWER_ID,validation conflict review - review_anomaly_anom_006 - [PDF] Florida Arbovirus Surveillance,https://www.floridahealth.gov/wp-content/uploads/2025/07/2025-24-arbovirus-surveillance.pdf,src_search_19aff7ba1bc3; event_003; anom_006; val_result_047,anomaly
False,REPLACE_WITH_ISO_TIMESTAMP,prefill_review_anomaly_anom_007,accept_anomaly,"1 Florida Arbovirus Surveillance Week 24: June 8-14, 2025 Arbovirus surveillance in Florida includes endemic mosquito-borne viruses such as West Nile virus (WNV), Eastern equine encephalitis virus (EEEV), and St. Louis encephalitis virus (SLEV), as well as exotic viruses such as dengue virus (DENV), chikungunya virus (CHIKV), Zika virus (ZIKV), and California encephalitis group viruses (CEV). Malaria, a parasitic mosquito-borne disease is also included. During the period of June 8-14, 2025, the following arboviral activity was recorded in Florida. WNV activity: No human cases of WNV infection were reported this week. No horses with WNV infection were reported this week. No sentinel chickens tested positive for antibodies to WNV this week. In 2025, positive samples from one horse and 26...",validation_conflict_review,"What decision, if any, should a human reviewer record?",P0_critical,Review required: validation_conflict_review,review_anomaly_anom_007,REPLACE_WITH_REVIEWER_ID,validation conflict review - review_anomaly_anom_007 - [PDF] Florida Arbovirus Surveillance,https://www.floridahealth.gov/wp-content/uploads/2025/07/2025-24-arbovirus-surveillance.pdf,src_search_19aff7ba1bc3; event_003; anom_007; val_result_048,anomaly
False,REPLACE_WITH_ISO_TIMESTAMP,prefill_review_anomaly_anom_008,accept_anomaly,"1 Florida Arbovirus Surveillance Week 24: June 8-14, 2025 Arbovirus surveillance in Florida includes endemic mosquito-borne viruses such as West Nile virus (WNV), Eastern equine encephalitis virus (EEEV), and St. Louis encephalitis virus (SLEV), as well as exotic viruses such as dengue virus (DENV), chikungunya virus (CHIKV), Zika virus (ZIKV), and California encephalitis group viruses (CEV). Malaria, a parasitic mosquito-borne disease is also included. During the period of June 8-14, 2025, the following arboviral activity was recorded in Florida. WNV activity: No human cases of WNV infection were reported this week. No horses with WNV infection were reported this week. No sentinel chickens tested positive for antibodies to WNV this week. In 2025, positive samples from one horse and 26...",validation_conflict_review,"What decision, if any, should a human reviewer record?",P0_critical,Review required: validation_conflict_review,review_anomaly_anom_008,REPLACE_WITH_REVIEWER_ID,validation conflict review - review_anomaly_anom_008 - [PDF] Florida Arbovirus Surveillance,https://www.floridahealth.gov/wp-content/uploads/2025/07/2025-24-arbovirus-surveillance.pdf,src_search_19aff7ba1bc3; event_005; anom_008; val_result_051,anomaly
False,REPLACE_WITH_ISO_TIMESTAMP,prefill_review_anomaly_anom_009,accept_anomaly,"1 Florida Arbovirus Surveillance Week 24: June 8-14, 2025 Arbovirus surveillance in Florida includes endemic mosquito-borne viruses such as West Nile virus (WNV), Eastern equine encephalitis virus (EEEV), and St. Louis encephalitis virus (SLEV), as well as exotic viruses such as dengue virus (DENV), chikungunya virus (CHIKV), Zika virus (ZIKV), and California encephalitis group viruses (CEV). Malaria, a parasitic mosquito-borne disease is also included. During the period of June 8-14, 2025, the following arboviral activity was recorded in Florida. WNV activity: No human cases of WNV infection were reported this week. No horses with WNV infection were reported this week. No sentinel chickens tested positive for antibodies to WNV this week. In 2025, positive samples from one horse and 26...",validation_conflict_review,"What decision, if any, should a human reviewer record?",P0_critical,Review required: validation_conflict_review,review_anomaly_anom_009,REPLACE_WITH_REVIEWER_ID,validation conflict review - review_anomaly_anom_009 - [PDF] Florida Arbovirus Surveillance,https://www.floridahealth.gov/wp-content/uploads/2025/07/2025-24-arbovirus-surveillance.pdf,src_search_19aff7ba1bc3; event_005; anom_009; val_result_052,anomaly
False,REPLACE_WITH_ISO_TIMESTAMP,prefill_review_anomaly_anom_010,accept_anomaly,"1 Florida Arbovirus Surveillance Week 25: June 15-21, 2025 Arbovirus surveillance in Florida includes endemic mosquito-borne viruses such as West Nile virus (WNV), Eastern equine encephalitis virus (EEEV), and St. Louis encephalitis virus (SLEV), as well as exotic viruses such as dengue virus (DENV), chikungunya virus (CHIKV), Zika virus (ZIKV), and California encephalitis group viruses (CEV). Malaria, a parasitic mosquito-borne disease is also included. During the period of June 15-21, 2025, the following arboviral activity was recorded in Florida. WNV activity: One human case of WNV infection was reported this week in St. Johns County. No horses with WNV infection were reported this week. No sentinel chickens tested positive for antibodies to WNV this week. In 2025, positive samples f...",validation_conflict_review,"What decision, if any, should a human reviewer record?",P0_critical,Review required: validation_conflict_review,review_anomaly_anom_010,REPLACE_WITH_REVIEWER_ID,validation conflict review - review_anomaly_anom_010 - [PDF] Florida Arbovirus Surveillance,https://www.floridahealth.gov/wp-content/uploads/2025/07/2025-25-arbovirus-surveillance.pdf,src_search_84acc76573c8; event_006; anom_010; val_result_054,anomaly
False,REPLACE_WITH_ISO_TIMESTAMP,prefill_review_anomaly_anom_011,accept_anomaly,"1 Florida Arbovirus Surveillance Week 26: June 22-28, 2025 Arbovirus surveillance in Florida includes endemic mosquito-borne viruses such as West Nile virus (WNV), Eastern equine encephalitis virus (EEEV), and St. Louis encephalitis virus (SLEV), as well as exotic viruses such as dengue virus (DENV), chikungunya virus (CHIKV), Zika virus (ZIKV), and California encephalitis group viruses (CEV). Malaria, a parasitic mosquito-borne disease is also included. During the period of June 22-28, 2025, the following arboviral activity was recorded in Florida. WNV activity: No human cases of WNV infection were reported this week. No horses with WNV infection were reported this week. Three sentinel chickens tested positive for antibodies to WNV this week in Palm Beach and Polk counties. In 2025, po...",validation_conflict_review,"What decision, if any, should a human reviewer record?",P0_critical,Review required: validation_conflict_review,review_anomaly_anom_011,REPLACE_WITH_REVIEWER_ID,validation conflict review - review_anomaly_anom_011 - [PDF] Florida Arbovirus Surveillance,https://www.floridahealth.gov/wp-content/uploads/2025/07/2025-26-arbovirus-surveillance.pdf,src_search_e1219da5b350; event_007; anom_011; val_result_056,anomaly
False,REPLACE_WITH_ISO_TIMESTAMP,prefill_review_anomaly_anom_012,accept_anomaly,"international travel . In 2025, 81 travel -associated dengue cases have been reported .",validation_conflict_review,"What decision, if any, should a human reviewer record?",P0_critical,Review required: validation_conflict_review,review_anomaly_anom_012,REPLACE_WITH_REVIEWER_ID,validation conflict review - review_anomaly_anom_012 - [PDF] Florida Arbovirus Surveillance,https://www.floridahealth.gov/wp-content/uploads/2025/07/2025-23-arbovirus-surveillance.pdf,src_search_ce6ce02a80f2; event_016; anom_012; val_result_066,anomaly
False,REPLACE_WITH_ISO_TIMESTAMP,prefill_review_anomaly_anom_013,accept_anomaly,"Volusia . Four case s were reported in non -Florida resident s. In 2025, sixty -seven cases of dengue reported in",validation_conflict_review,"What decision, if any, should a human reviewer record?",P0_critical,Review required: validation_conflict_review,review_anomaly_anom_013,REPLACE_WITH_REVIEWER_ID,validation conflict review - review_anomaly_anom_013 - [PDF] Florida Arbovirus Surveillance,https://www.floridahealth.gov/wp-content/uploads/2025/07/2025-23-arbovirus-surveillance.pdf,src_search_ce6ce02a80f2; event_018; anom_013; val_result_069,anomaly
False,REPLACE_WITH_ISO_TIMESTAMP,prefill_review_anomaly_anom_014,accept_anomaly,"Volusia . Four case s were reported in non -Florida resident s. In 2025, sixty -seven cases of dengue reported in",validation_conflict_review,"What decision, if any, should a human reviewer record?",P0_critical,Review required: validation_conflict_review,review_anomaly_anom_014,REPLACE_WITH_REVIEWER_ID,validation conflict review - review_anomaly_anom_014 - [PDF] Florida Arbovirus Surveillance,https://www.floridahealth.gov/wp-content/uploads/2025/07/2025-23-arbovirus-surveillance.pdf,src_search_ce6ce02a80f2; event_018; anom_014; val_result_070,anomaly
False,REPLACE_WITH_ISO_TIMESTAMP,prefill_review_conflict_conf_009,accept_as_is,"Volusia . Four case s were reported in non -Florida resident s. In 2025, sixty -seven cases of dengue reported in",validation_conflict_review,"What decision, if any, should a human reviewer record?",P0_critical,Review required: validation_conflict_review,review_conflict_conf_009,REPLACE_WITH_REVIEWER_ID,validation conflict review - review_conflict_conf_009 - [PDF] Florida Arbovirus Surveillance,https://www.floridahealth.gov/wp-content/uploads/2025/07/2025-23-arbovirus-surveillance.pdf,rec_src_search_ce6ce02a80f2_004; rec_src_search_ce6ce02a80f2_005; conf_009,record
False,REPLACE_WITH_ISO_TIMESTAMP,prefill_review_validation_val_result_069,accept_validation_result,"Volusia . Four case s were reported in non -Florida resident s. In 2025, sixty -seven cases of dengue reported in",validation_conflict_review,"What decision, if any, should a human reviewer record?",P0_critical,Review required: validation_conflict_review,review_validation_val_result_069,REPLACE_WITH_REVIEWER_ID,validation conflict review - review_validation_val_result_069 - [PDF] Florida Arbovirus Surveillance,https://www.floridahealth.gov/wp-content/uploads/2025/07/2025-23-arbovirus-surveillance.pdf,rec_src_search_ce6ce02a80f2_004; rec_src_search_ce6ce02a80f2_005; val_result_069,validation_result
False,REPLACE_WITH_ISO_TIMESTAMP,prefill_review_anomaly_anom_001,accept_anomaly,"[In 2024](https://www.cdc.gov/dengue/data-research/facts-stats/historic-data.html), Florida reported 1,044 local and travel-associated cases of dengue, the most in the continental U.S., with California following with 719 cases.",claim_corroboration_review,"Is the claim independently corroborated, conflicting, or only single-source evidence?",P0_critical,Review required: claim_corroboration_review,review_anomaly_anom_001,REPLACE_WITH_REVIEWER_ID,claim corroboration review - review_anomaly_anom_001 - Dengue in Florida: What to know - Emerging Pathogens Institute,https://epi.ufl.edu/2025/06/24/dengue-in-florida-what-to-know,src_search_53763309bf94; event_015; anom_001; val_result_017,anomaly
False,REPLACE_WITH_ISO_TIMESTAMP,prefill_review_anomaly_anom_002,accept_anomaly,"1 Florida Arbovirus Surveillance Week 26: June 23-29, 2024 Arbovirus surveillance in Florida includes endemic mosquito-borne viruses such as West Nile virus (WNV), Eastern equine encephalitis virus (EEEV), and St. Louis encephalitis virus (SLEV), as well as exotic viruses such as dengue virus (DENV), chikungunya virus (CHIKV), Zika virus (ZIKV) and California encephalitis group viruses (CEV). Malaria, a parasitic mosquito-borne disease is also included. During the period of June 23-29, 2024, the following arboviral activity was recorded in Florida. WNV activity: No human cases of WNV infection were reported this week. No horses with WNV infection were reported this week. No sentinel chickens tested positive for antibodies to WNV this week. No mosquito pools tested positive for WNV this...",claim_corroboration_review,"Is the claim independently corroborated, conflicting, or only single-source evidence?",P0_critical,Review required: claim_corroboration_review,review_anomaly_anom_002,REPLACE_WITH_REVIEWER_ID,claim corroboration review - review_anomaly_anom_002 - [PDF] Florida Arbovirus Surveillance,https://www.floridahealth.gov/wp-content/uploads/2025/07/2024-26-arbovirus-surveillance.pdf,src_search_752899844c7d; event_002; anom_002; val_result_041,anomaly
False,REPLACE_WITH_ISO_TIMESTAMP,prefill_review_anomaly_anom_003,accept_anomaly,"1 Florida Arbovirus Surveillance Week 26: June 23-29, 2024 Arbovirus surveillance in Florida includes endemic mosquito-borne viruses such as West Nile virus (WNV), Eastern equine encephalitis virus (EEEV), and St. Louis encephalitis virus (SLEV), as well as exotic viruses such as dengue virus (DENV), chikungunya virus (CHIKV), Zika virus (ZIKV) and California encephalitis group viruses (CEV). Malaria, a parasitic mosquito-borne disease is also included. During the period of June 23-29, 2024, the following arboviral activity was recorded in Florida. WNV activity: No human cases of WNV infection were reported this week. No horses with WNV infection were reported this week. No sentinel chickens tested positive for antibodies to WNV this week. No mosquito pools tested positive for WNV this...",claim_corroboration_review,"Is the claim independently corroborated, conflicting, or only single-source evidence?",P0_critical,Review required: claim_corroboration_review,review_anomaly_anom_003,REPLACE_WITH_REVIEWER_ID,claim corroboration review - review_anomaly_anom_003 - [PDF] Florida Arbovirus Surveillance,https://www.floridahealth.gov/wp-content/uploads/2025/07/2024-26-arbovirus-surveillance.pdf,src_search_752899844c7d; event_001; anom_003; val_result_042,anomaly
False,REPLACE_WITH_ISO_TIMESTAMP,prefill_review_anomaly_anom_004,accept_anomaly,"1 Florida Arbovirus Surveillance Week 26: June 23-29, 2024 Arbovirus surveillance in Florida includes endemic mosquito-borne viruses such as West Nile virus (WNV), Eastern equine encephalitis virus (EEEV), and St. Louis encephalitis virus (SLEV), as well as exotic viruses such as dengue virus (DENV), chikungunya virus (CHIKV), Zika virus (ZIKV) and California encephalitis group viruses (CEV). Malaria, a parasitic mosquito-borne disease is also included. During the period of June 23-29, 2024, the following arboviral activity was recorded in Florida. WNV activity: No human cases of WNV infection were reported this week. No horses with WNV infection were reported this week. No sentinel chickens tested positive for antibodies to WNV this week. No mosquito pools tested positive for WNV this...",claim_corroboration_review,"Is the claim independently corroborated, conflicting, or only single-source evidence?",P0_critical,Review required: claim_corroboration_review,review_anomaly_anom_004,REPLACE_WITH_REVIEWER_ID,claim corroboration review - review_anomaly_anom_004 - [PDF] Florida Arbovirus Surveillance,https://www.floridahealth.gov/wp-content/uploads/2025/07/2024-26-arbovirus-surveillance.pdf,src_search_752899844c7d; event_002; anom_004; val_result_043,anomaly
False,REPLACE_WITH_ISO_TIMESTAMP,prefill_review_conflict_conf_001,accept_as_is,"1 Florida Arbovirus Surveillance Week 26: June 23-29, 2024 Arbovirus surveillance in Florida includes endemic mosquito-borne viruses such as West Nile virus (WNV), Eastern equine encephalitis virus (EEEV), and St. Louis encephalitis virus (SLEV), as well as exotic viruses such as dengue virus (DENV), chikungunya virus (CHIKV), Zika virus (ZIKV) and California encephalitis group viruses (CEV). Malaria, a parasitic mosquito-borne disease is also included. During the period of June 23-29, 2024, the following arboviral activity was recorded in Florida. WNV activity: No human cases of WNV infection were reported this week. No horses with WNV infection were reported this week. No sentinel chickens tested positive for antibodies to WNV this week. No mosquito pools tested positive for WNV this...",validation_conflict_review,"What decision, if any, should a human reviewer record?",P1_high,Review required: validation_conflict_review,review_conflict_conf_001,REPLACE_WITH_REVIEWER_ID,validation conflict review - review_conflict_conf_001 - [PDF] Florida Arbovirus Surveillance,https://www.floridahealth.gov/wp-content/uploads/2025/07/2024-26-arbovirus-surveillance.pdf,rec_src_search_752899844c7d_001; rec_src_search_752899844c7d_003; conf_001,record
False,REPLACE_WITH_ISO_TIMESTAMP,prefill_review_conflict_conf_002,accept_as_is,"1 Florida Arbovirus Surveillance Week 24: June 8-14, 2025 Arbovirus surveillance in Florida includes endemic mosquito-borne viruses such as West Nile virus (WNV), Eastern equine encephalitis virus (EEEV), and St. Louis encephalitis virus (SLEV), as well as exotic viruses such as dengue virus (DENV), chikungunya virus (CHIKV), Zika virus (ZIKV), and California encephalitis group viruses (CEV). Malaria, a parasitic mosquito-borne disease is also included. During the period of June 8-14, 2025, the following arboviral activity was recorded in Florida. WNV activity: No human cases of WNV infection were reported this week. No horses with WNV infection were reported this week. No sentinel chickens tested positive for antibodies to WNV this week. In 2025, positive samples from one horse and 26...",validation_conflict_review,"What decision, if any, should a human reviewer record?",P1_high,Review required: validation_conflict_review,review_conflict_conf_002,REPLACE_WITH_REVIEWER_ID,validation conflict review - review_conflict_conf_002 - [PDF] Florida Arbovirus Surveillance,https://www.floridahealth.gov/wp-content/uploads/2025/07/2025-24-arbovirus-surveillance.pdf,rec_src_search_19aff7ba1bc3_002; rec_src_search_19aff7ba1bc3_004; conf_002,record
False,REPLACE_WITH_ISO_TIMESTAMP,prefill_review_conflict_conf_004,accept_as_is,"1 Florida Arbovirus Surveillance Week 24: June 8-14, 2025 Arbovirus surveillance in Florida includes endemic mosquito-borne viruses such as West Nile virus (WNV), Eastern equine encephalitis virus (EEEV), and St. Louis encephalitis virus (SLEV), as well as exotic viruses such as dengue virus (DENV), chikungunya virus (CHIKV), Zika virus (ZIKV), and California encephalitis group viruses (CEV). Malaria, a parasitic mosquito-borne disease is also included. During the period of June 8-14, 2025, the following arboviral activity was recorded in Florida. WNV activity: No human cases of WNV infection were reported this week. No horses with WNV infection were reported this week. No sentinel chickens tested positive for antibodies to WNV this week. In 2025, positive samples from one horse and 26...",validation_conflict_review,"What decision, if any, should a human reviewer record?",P1_high,Review required: validation_conflict_review,review_conflict_conf_004,REPLACE_WITH_REVIEWER_ID,validation conflict review - review_conflict_conf_004 - [PDF] Florida Arbovirus Surveillance,https://www.floridahealth.gov/wp-content/uploads/2025/07/2025-24-arbovirus-surveillance.pdf,rec_src_search_19aff7ba1bc3_001; rec_src_search_19aff7ba1bc3_003; conf_004,record
False,REPLACE_WITH_ISO_TIMESTAMP,prefill_review_conflict_conf_006,accept_as_is,"1 Florida Arbovirus Surveillance Week 25: June 15-21, 2025 Arbovirus surveillance in Florida includes endemic mosquito-borne viruses such as West Nile virus (WNV), Eastern equine encephalitis virus (EEEV), and St. Louis encephalitis virus (SLEV), as well as exotic viruses such as dengue virus (DENV), chikungunya virus (CHIKV), Zika virus (ZIKV), and California encephalitis group viruses (CEV). Malaria, a parasitic mosquito-borne disease is also included. During the period of June 15-21, 2025, the following arboviral activity was recorded in Florida. WNV activity: One human case of WNV infection was reported this week in St. Johns County. No horses with WNV infection were reported this week. No sentinel chickens tested positive for antibodies to WNV this week. In 2025, positive samples f...",validation_conflict_review,"What decision, if any, should a human reviewer record?",P1_high,Review required: validation_conflict_review,review_conflict_conf_006,REPLACE_WITH_REVIEWER_ID,validation conflict review - review_conflict_conf_006 - [PDF] Florida Arbovirus Surveillance,https://www.floridahealth.gov/wp-content/uploads/2025/07/2025-25-arbovirus-surveillance.pdf,rec_src_search_84acc76573c8_001; rec_src_search_84acc76573c8_003; conf_006,record
False,REPLACE_WITH_ISO_TIMESTAMP,prefill_review_conflict_conf_007,accept_as_is,"1 Florida Arbovirus Surveillance Week 26: June 22-28, 2025 Arbovirus surveillance in Florida includes endemic mosquito-borne viruses such as West Nile virus (WNV), Eastern equine encephalitis virus (EEEV), and St. Louis encephalitis virus (SLEV), as well as exotic viruses such as dengue virus (DENV), chikungunya virus (CHIKV), Zika virus (ZIKV), and California encephalitis group viruses (CEV). Malaria, a parasitic mosquito-borne disease is also included. During the period of June 22-28, 2025, the following arboviral activity was recorded in Florida. WNV activity: No human cases of WNV infection were reported this week. No horses with WNV infection were reported this week. Three sentinel chickens tested positive for antibodies to WNV this week in Palm Beach and Polk counties. In 2025, po...",validation_conflict_review,"What decision, if any, should a human reviewer record?",P1_high,Review required: validation_conflict_review,review_conflict_conf_007,REPLACE_WITH_REVIEWER_ID,validation conflict review - review_conflict_conf_007 - [PDF] Florida Arbovirus Surveillance,https://www.floridahealth.gov/wp-content/uploads/2025/07/2025-26-arbovirus-surveillance.pdf,rec_src_search_e1219da5b350_001; rec_src_search_e1219da5b350_003; conf_007,record
False,REPLACE_WITH_ISO_TIMESTAMP,prefill_review_duplicate_event_002,accept_as_is,"1 Florida Arbovirus Surveillance Week 26: June 23-29, 2024 Arbovirus surveillance in Florida includes endemic mosquito-borne viruses such as West Nile virus (WNV), Eastern equine encephalitis virus (EEEV), and St. Louis encephalitis virus (SLEV), as well as exotic viruses such as dengue virus (DENV), chikungunya virus (CHIKV), Zika virus (ZIKV) and California encephalitis group viruses (CEV). Malaria, a parasitic mosquito-borne disease is also included. During the period of June 23-29, 2024, the following arboviral activity was recorded in Florida. WNV activity: No human cases of WNV infection were reported this week. No horses with WNV infection were reported this week. No sentinel chickens tested positive for antibodies to WNV this week. No mosquito pools tested positive for WNV this...",validation_conflict_review,"What decision, if any, should a human reviewer record?",P1_high,Review required: validation_conflict_review,review_duplicate_event_002,REPLACE_WITH_REVIEWER_ID,validation conflict review - review_duplicate_event_002 - [PDF] Florida Arbovirus Surveillance,https://www.floridahealth.gov/wp-content/uploads/2025/07/2024-26-arbovirus-surveillance.pdf,rec_src_search_752899844c7d_001; rec_src_search_752899844c7d_003; event_002,record
False,REPLACE_WITH_ISO_TIMESTAMP,prefill_review_duplicate_event_003,accept_as_is,"1 Florida Arbovirus Surveillance Week 24: June 8-14, 2025 Arbovirus surveillance in Florida includes endemic mosquito-borne viruses such as West Nile virus (WNV), Eastern equine encephalitis virus (EEEV), and St. Louis encephalitis virus (SLEV), as well as exotic viruses such as dengue virus (DENV), chikungunya virus (CHIKV), Zika virus (ZIKV), and California encephalitis group viruses (CEV). Malaria, a parasitic mosquito-borne disease is also included. During the period of June 8-14, 2025, the following arboviral activity was recorded in Florida. WNV activity: No human cases of WNV infection were reported this week. No horses with WNV infection were reported this week. No sentinel chickens tested positive for antibodies to WNV this week. In 2025, positive samples from one horse and 26...",validation_conflict_review,"What decision, if any, should a human reviewer record?",P1_high,Review required: validation_conflict_review,review_duplicate_event_003,REPLACE_WITH_REVIEWER_ID,validation conflict review - review_duplicate_event_003 - [PDF] Florida Arbovirus Surveillance,https://www.floridahealth.gov/wp-content/uploads/2025/07/2025-24-arbovirus-surveillance.pdf,rec_src_search_19aff7ba1bc3_002; rec_src_search_19aff7ba1bc3_004; event_003,record
False,REPLACE_WITH_ISO_TIMESTAMP,prefill_review_duplicate_event_005,accept_as_is,"1 Florida Arbovirus Surveillance Week 24: June 8-14, 2025 Arbovirus surveillance in Florida includes endemic mosquito-borne viruses such as West Nile virus (WNV), Eastern equine encephalitis virus (EEEV), and St. Louis encephalitis virus (SLEV), as well as exotic viruses such as dengue virus (DENV), chikungunya virus (CHIKV), Zika virus (ZIKV), and California encephalitis group viruses (CEV). Malaria, a parasitic mosquito-borne disease is also included. During the period of June 8-14, 2025, the following arboviral activity was recorded in Florida. WNV activity: No human cases of WNV infection were reported this week. No horses with WNV infection were reported this week. No sentinel chickens tested positive for antibodies to WNV this week. In 2025, positive samples from one horse and 26...",validation_conflict_review,"What decision, if any, should a human reviewer record?",P1_high,Review required: validation_conflict_review,review_duplicate_event_005,REPLACE_WITH_REVIEWER_ID,validation conflict review - review_duplicate_event_005 - [PDF] Florida Arbovirus Surveillance,https://www.floridahealth.gov/wp-content/uploads/2025/07/2025-24-arbovirus-surveillance.pdf,rec_src_search_19aff7ba1bc3_001; rec_src_search_19aff7ba1bc3_003; event_005,record
False,REPLACE_WITH_ISO_TIMESTAMP,prefill_review_duplicate_event_006,accept_as_is,"1 Florida Arbovirus Surveillance Week 25: June 15-21, 2025 Arbovirus surveillance in Florida includes endemic mosquito-borne viruses such as West Nile virus (WNV), Eastern equine encephalitis virus (EEEV), and St. Louis encephalitis virus (SLEV), as well as exotic viruses such as dengue virus (DENV), chikungunya virus (CHIKV), Zika virus (ZIKV), and California encephalitis group viruses (CEV). Malaria, a parasitic mosquito-borne disease is also included. During the period of June 15-21, 2025, the following arboviral activity was recorded in Florida. WNV activity: One human case of WNV infection was reported this week in St. Johns County. No horses with WNV infection were reported this week. No sentinel chickens tested positive for antibodies to WNV this week. In 2025, positive samples f...",validation_conflict_review,"What decision, if any, should a human reviewer record?",P1_high,Review required: validation_conflict_review,review_duplicate_event_006,REPLACE_WITH_REVIEWER_ID,validation conflict review - review_duplicate_event_006 - [PDF] Florida Arbovirus Surveillance,https://www.floridahealth.gov/wp-content/uploads/2025/07/2025-25-arbovirus-surveillance.pdf,rec_src_search_84acc76573c8_001; rec_src_search_84acc76573c8_003; event_006,record
False,REPLACE_WITH_ISO_TIMESTAMP,prefill_review_duplicate_event_007,accept_as_is,"1 Florida Arbovirus Surveillance Week 26: June 22-28, 2025 Arbovirus surveillance in Florida includes endemic mosquito-borne viruses such as West Nile virus (WNV), Eastern equine encephalitis virus (EEEV), and St. Louis encephalitis virus (SLEV), as well as exotic viruses such as dengue virus (DENV), chikungunya virus (CHIKV), Zika virus (ZIKV), and California encephalitis group viruses (CEV). Malaria, a parasitic mosquito-borne disease is also included. During the period of June 22-28, 2025, the following arboviral activity was recorded in Florida. WNV activity: No human cases of WNV infection were reported this week. No horses with WNV infection were reported this week. Three sentinel chickens tested positive for antibodies to WNV this week in Palm Beach and Polk counties. In 2025, po...",validation_conflict_review,"What decision, if any, should a human reviewer record?",P1_high,Review required: validation_conflict_review,review_duplicate_event_007,REPLACE_WITH_REVIEWER_ID,validation conflict review - review_duplicate_event_007 - [PDF] Florida Arbovirus Surveillance,https://www.floridahealth.gov/wp-content/uploads/2025/07/2025-26-arbovirus-surveillance.pdf,rec_src_search_e1219da5b350_001; rec_src_search_e1219da5b350_003; event_007,record
False,REPLACE_WITH_ISO_TIMESTAMP,prefill_review_validation_val_result_045,accept_validation_result,"1 Florida Arbovirus Surveillance Week 26: June 23-29, 2024 Arbovirus surveillance in Florida includes endemic mosquito-borne viruses such as West Nile virus (WNV), Eastern equine encephalitis virus (EEEV), and St. Louis encephalitis virus (SLEV), as well as exotic viruses such as dengue virus (DENV), chikungunya virus (CHIKV), Zika virus (ZIKV) and California encephalitis group viruses (CEV). Malaria, a parasitic mosquito-borne disease is also included. During the period of June 23-29, 2024, the following arboviral activity was recorded in Florida. WNV activity: No human cases of WNV infection were reported this week. No horses with WNV infection were reported this week. No sentinel chickens tested positive for antibodies to WNV this week. No mosquito pools tested positive for WNV this...",validation_conflict_review,"What decision, if any, should a human reviewer record?",P1_high,Review required: validation_conflict_review,review_validation_val_result_045,REPLACE_WITH_REVIEWER_ID,validation conflict review - review_validation_val_result_045 - [PDF] Florida Arbovirus Surveillance,https://www.floridahealth.gov/wp-content/uploads/2025/07/2024-26-arbovirus-surveillance.pdf,rec_src_search_752899844c7d_001; rec_src_search_752899844c7d_003; val_result_045,validation_result
False,REPLACE_WITH_ISO_TIMESTAMP,prefill_review_validation_val_result_047,accept_validation_result,"1 Florida Arbovirus Surveillance Week 24: June 8-14, 2025 Arbovirus surveillance in Florida includes endemic mosquito-borne viruses such as West Nile virus (WNV), Eastern equine encephalitis virus (EEEV), and St. Louis encephalitis virus (SLEV), as well as exotic viruses such as dengue virus (DENV), chikungunya virus (CHIKV), Zika virus (ZIKV), and California encephalitis group viruses (CEV). Malaria, a parasitic mosquito-borne disease is also included. During the period of June 8-14, 2025, the following arboviral activity was recorded in Florida. WNV activity: No human cases of WNV infection were reported this week. No horses with WNV infection were reported this week. No sentinel chickens tested positive for antibodies to WNV this week. In 2025, positive samples from one horse and 26...",validation_conflict_review,"What decision, if any, should a human reviewer record?",P1_high,Review required: validation_conflict_review,review_validation_val_result_047,REPLACE_WITH_REVIEWER_ID,validation conflict review - review_validation_val_result_047 - [PDF] Florida Arbovirus Surveillance,https://www.floridahealth.gov/wp-content/uploads/2025/07/2025-24-arbovirus-surveillance.pdf,rec_src_search_19aff7ba1bc3_002; rec_src_search_19aff7ba1bc3_004; val_result_047,validation_result
False,REPLACE_WITH_ISO_TIMESTAMP,prefill_review_validation_val_result_051,accept_validation_result,"1 Florida Arbovirus Surveillance Week 24: June 8-14, 2025 Arbovirus surveillance in Florida includes endemic mosquito-borne viruses such as West Nile virus (WNV), Eastern equine encephalitis virus (EEEV), and St. Louis encephalitis virus (SLEV), as well as exotic viruses such as dengue virus (DENV), chikungunya virus (CHIKV), Zika virus (ZIKV), and California encephalitis group viruses (CEV). Malaria, a parasitic mosquito-borne disease is also included. During the period of June 8-14, 2025, the following arboviral activity was recorded in Florida. WNV activity: No human cases of WNV infection were reported this week. No horses with WNV infection were reported this week. No sentinel chickens tested positive for antibodies to WNV this week. In 2025, positive samples from one horse and 26...",validation_conflict_review,"What decision, if any, should a human reviewer record?",P1_high,Review required: validation_conflict_review,review_validation_val_result_051,REPLACE_WITH_REVIEWER_ID,validation conflict review - review_validation_val_result_051 - [PDF] Florida Arbovirus Surveillance,https://www.floridahealth.gov/wp-content/uploads/2025/07/2025-24-arbovirus-surveillance.pdf,rec_src_search_19aff7ba1bc3_001; rec_src_search_19aff7ba1bc3_003; val_result_051,validation_result
False,REPLACE_WITH_ISO_TIMESTAMP,prefill_review_validation_val_result_054,accept_validation_result,"1 Florida Arbovirus Surveillance Week 25: June 15-21, 2025 Arbovirus surveillance in Florida includes endemic mosquito-borne viruses such as West Nile virus (WNV), Eastern equine encephalitis virus (EEEV), and St. Louis encephalitis virus (SLEV), as well as exotic viruses such as dengue virus (DENV), chikungunya virus (CHIKV), Zika virus (ZIKV), and California encephalitis group viruses (CEV). Malaria, a parasitic mosquito-borne disease is also included. During the period of June 15-21, 2025, the following arboviral activity was recorded in Florida. WNV activity: One human case of WNV infection was reported this week in St. Johns County. No horses with WNV infection were reported this week. No sentinel chickens tested positive for antibodies to WNV this week. In 2025, positive samples f...",validation_conflict_review,"What decision, if any, should a human reviewer record?",P1_high,Review required: validation_conflict_review,review_validation_val_result_054,REPLACE_WITH_REVIEWER_ID,validation conflict review - review_validation_val_result_054 - [PDF] Florida Arbovirus Surveillance,https://www.floridahealth.gov/wp-content/uploads/2025/07/2025-25-arbovirus-surveillance.pdf,rec_src_search_84acc76573c8_001; rec_src_search_84acc76573c8_003; val_result_054,validation_result
False,REPLACE_WITH_ISO_TIMESTAMP,prefill_review_validation_val_result_056,accept_validation_result,"1 Florida Arbovirus Surveillance Week 26: June 22-28, 2025 Arbovirus surveillance in Florida includes endemic mosquito-borne viruses such as West Nile virus (WNV), Eastern equine encephalitis virus (EEEV), and St. Louis encephalitis virus (SLEV), as well as exotic viruses such as dengue virus (DENV), chikungunya virus (CHIKV), Zika virus (ZIKV), and California encephalitis group viruses (CEV). Malaria, a parasitic mosquito-borne disease is also included. During the period of June 22-28, 2025, the following arboviral activity was recorded in Florida. WNV activity: No human cases of WNV infection were reported this week. No horses with WNV infection were reported this week. Three sentinel chickens tested positive for antibodies to WNV this week in Palm Beach and Polk counties. In 2025, po...",validation_conflict_review,"What decision, if any, should a human reviewer record?",P1_high,Review required: validation_conflict_review,review_validation_val_result_056,REPLACE_WITH_REVIEWER_ID,validation conflict review - review_validation_val_result_056 - [PDF] Florida Arbovirus Surveillance,https://www.floridahealth.gov/wp-content/uploads/2025/07/2025-26-arbovirus-surveillance.pdf,rec_src_search_e1219da5b350_001; rec_src_search_e1219da5b350_003; val_result_056,validation_result
False,REPLACE_WITH_ISO_TIMESTAMP,prefill_review_claim_corroboration_review_corr_event_003,needs_more_evidence,Primary case claim has no independent corroborating source.,claim_corroboration_review,"Is the claim independently corroborated, conflicting, or only single-source evidence?",P1_high,Review required: claim_corroboration_review,review_claim_corroboration_review_corr_event_003,REPLACE_WITH_REVIEWER_ID,claim corroboration review - review_claim_corroboration_review_corr_event_003 - [PDF] Florida Arbovirus Surveillance,https://www.floridahealth.gov/wp-content/uploads/2025/07/2025-23-arbovirus-surveillance.pdf,claim_rec_src_search_ce6ce02a80f2_006_cases_unspecified; src_search_ce6ce02a80f2; corr_event_003,claim
False,REPLACE_WITH_ISO_TIMESTAMP,prefill_review_claim_corroboration_review_corr_event_004,needs_more_evidence,Primary case claim has no independent corroborating source.,claim_corroboration_review,"Is the claim independently corroborated, conflicting, or only single-source evidence?",P1_high,Review required: claim_corroboration_review,review_claim_corroboration_review_corr_event_004,REPLACE_WITH_REVIEWER_ID,claim corroboration review - review_claim_corroboration_review_corr_event_004 - [PDF] Florida Arbovirus Surveillance,https://www.floridahealth.gov/wp-content/uploads/2025/07/2025-23-arbovirus-surveillance.pdf,claim_rec_src_search_ce6ce02a80f2_007_cases_unspecified; src_search_ce6ce02a80f2; corr_event_004,claim
False,REPLACE_WITH_ISO_TIMESTAMP,prefill_review_claim_corroboration_review_corr_event_005,needs_more_evidence,Primary case claim has no independent corroborating source.,claim_corroboration_review,"Is the claim independently corroborated, conflicting, or only single-source evidence?",P1_high,Review required: claim_corroboration_review,review_claim_corroboration_review_corr_event_005,REPLACE_WITH_REVIEWER_ID,claim corroboration review - review_claim_corroboration_review_corr_event_005 - [PDF] Florida Arbovirus Surveillance,https://www.floridahealth.gov/wp-content/uploads/2025/07/2025-23-arbovirus-surveillance.pdf,claim_rec_src_search_ce6ce02a80f2_008_cases_unspecified; src_search_ce6ce02a80f2; corr_event_005,claim
False,REPLACE_WITH_ISO_TIMESTAMP,prefill_review_claim_corroboration_review_corr_event_006,needs_more_evidence,Primary case claim has no independent corroborating source.,claim_corroboration_review,"Is the claim independently corroborated, conflicting, or only single-source evidence?",P1_high,Review required: claim_corroboration_review,review_claim_corroboration_review_corr_event_006,REPLACE_WITH_REVIEWER_ID,claim corroboration review - review_claim_corroboration_review_corr_event_006 - [PDF] Florida Arbovirus Surveillance,https://www.floridahealth.gov/wp-content/uploads/2025/07/2025-23-arbovirus-surveillance.pdf,claim_rec_src_search_ce6ce02a80f2_009_cases_unspecified; src_search_ce6ce02a80f2; corr_event_006,claim
False,REPLACE_WITH_ISO_TIMESTAMP,prefill_review_claim_corroboration_review_corr_event_007,needs_more_evidence,Primary case claim has no independent corroborating source.,claim_corroboration_review,"Is the claim independently corroborated, conflicting, or only single-source evidence?",P1_high,Review required: claim_corroboration_review,review_claim_corroboration_review_corr_event_007,REPLACE_WITH_REVIEWER_ID,claim corroboration review - review_claim_corroboration_review_corr_event_007 - [PDF] Florida Arbovirus Surveillance,https://www.floridahealth.gov/wp-content/uploads/2025/07/2025-23-arbovirus-surveillance.pdf,claim_rec_src_search_ce6ce02a80f2_010_cases_unspecified; src_search_ce6ce02a80f2; corr_event_007,claim
False,REPLACE_WITH_ISO_TIMESTAMP,prefill_review_source_credibility_src_search_304300adfbfc,approve_source_role,,source_identity_review,"Who is the actual publisher, and is it independent of other evidence?",P1_high,Review required: source_identity_review,review_source_credibility_src_search_304300adfbfc,REPLACE_WITH_REVIEWER_ID,source identity review - review_source_credibility_src_search_304300adfbfc - Florida reports 1st dengue local transmission case of 2025,https://outbreaknewstoday.substack.com/p/florida-reports-1st-dengue-local,src_search_304300adfbfc,source
False,REPLACE_WITH_ISO_TIMESTAMP,prefill_review_source_credibility_src_search_ba28ea669df7,approve_source_role,,source_identity_review,"Who is the actual publisher, and is it independent of other evidence?",P1_high,Review required: source_identity_review,review_source_credibility_src_search_ba28ea669df7,REPLACE_WITH_REVIEWER_ID,source identity review - review_source_credibility_src_search_ba28ea669df7 - Report finds 359% rise in U.S. cases of dengue | AHA News,https://www.aha.org/news/headline/2026-05-15-report-finds-359-rise-us-cases-dengue,src_search_ba28ea669df7,source
False,REPLACE_WITH_ISO_TIMESTAMP,prefill_review_anomaly_anom_015,accept_anomaly,,claim_corroboration_review,"Is the claim independently corroborated, conflicting, or only single-source evidence?",P1_high,Review required: claim_corroboration_review,review_anomaly_anom_015,REPLACE_WITH_REVIEWER_ID,claim corroboration review - review_anomaly_anom_015 - event_002,,event_002; anom_015,anomaly
False,REPLACE_WITH_ISO_TIMESTAMP,prefill_review_anomaly_anom_016,accept_anomaly,,claim_corroboration_review,"Is the claim independently corroborated, conflicting, or only single-source evidence?",P1_high,Review required: claim_corroboration_review,review_anomaly_anom_016,REPLACE_WITH_REVIEWER_ID,claim corroboration review - review_anomaly_anom_016 - event_003,,event_003; anom_016,anomaly
False,REPLACE_WITH_ISO_TIMESTAMP,prefill_review_anomaly_anom_017,accept_anomaly,,claim_corroboration_review,"Is the claim independently corroborated, conflicting, or only single-source evidence?",P1_high,Review required: claim_corroboration_review,review_anomaly_anom_017,REPLACE_WITH_REVIEWER_ID,claim corroboration review - review_anomaly_anom_017 - event_007,,event_007; anom_017,anomaly
False,REPLACE_WITH_ISO_TIMESTAMP,prefill_review_anomaly_anom_018,accept_anomaly,,claim_corroboration_review,"Is the claim independently corroborated, conflicting, or only single-source evidence?",P1_high,Review required: claim_corroboration_review,review_anomaly_anom_018,REPLACE_WITH_REVIEWER_ID,claim corroboration review - review_anomaly_anom_018 - event_018,,event_018; anom_018,anomaly
False,REPLACE_WITH_ISO_TIMESTAMP,prefill_review_duplicate_event_008,accept_as_is,"1 Florida Arbovirus Surveillance Week 26: June 22-28, 2025 Arbovirus surveillance in Florida includes endemic mosquito-borne viruses such as West Nile virus (WNV), Eastern equine encephalitis virus (EEEV), and St. Louis encephalitis virus (SLEV), as well as exotic viruses such as dengue virus (DENV), chikungunya virus (CHIKV), Zika virus (ZIKV), and California encephalitis group viruses (CEV). Malaria, a parasitic mosquito-borne disease is also included. During the period of June 22-28, 2025, the following arboviral activity was recorded in Florida. WNV activity: No human cases of WNV infection were reported this week. No horses with WNV infection were reported this week. Three sentinel chickens tested positive for antibodies to WNV this week in Palm Beach and Polk counties. In 2025, po...",claim_corroboration_review,"Is the claim independently corroborated, conflicting, or only single-source evidence?",P1_high,Review required: claim_corroboration_review,review_duplicate_event_008,REPLACE_WITH_REVIEWER_ID,claim corroboration review - review_duplicate_event_008 - [PDF] Florida Arbovirus Surveillance,https://www.floridahealth.gov/wp-content/uploads/2025/07/2025-26-arbovirus-surveillance.pdf,rec_src_search_e1219da5b350_002; event_008,record
False,REPLACE_WITH_ISO_TIMESTAMP,prefill_review_duplicate_event_009,accept_as_is,"1 Florida Arbovirus Surveillance Week 52: December 21-27, 2025 Arbovirus surveillance in Florida includes endemic mosquito-borne viruses such as West Nile virus (WNV), Eastern equine encephalitis virus (EEEV), and St. Louis encephalitis virus (SLEV), as well as exotic viruses such as dengue virus (DENV), chikungunya virus (CHIKV), Zika virus (ZIKV), and California encephalitis group viruses (CEV). Malaria, a parasitic mosquito-borne disease is also included. During the period of December 21-27, 2025, the following arboviral activity was recorded in Florida. WNV activity: No human cases of WNV infection were reported this week. No horses with WNV infection were reported this week. Six sentinel chickens tested positive for antibodies to WNV in Bay, Pinellas, and Walton counties. In 2025,...",claim_corroboration_review,"Is the claim independently corroborated, conflicting, or only single-source evidence?",P1_high,Review required: claim_corroboration_review,review_duplicate_event_009,REPLACE_WITH_REVIEWER_ID,claim corroboration review - review_duplicate_event_009 - [PDF] Florida Arbovirus Surveillance,https://www.floridahealth.gov/wp-content/uploads/2026/01/2025Week52ArbovirusReport_12-27-25.pdf,rec_src_search_1298a67f3fad_002; event_009,record
False,REPLACE_WITH_ISO_TIMESTAMP,prefill_review_duplicate_event_010,accept_as_is,"1 Florida Arbovirus Surveillance Week 52: December 21-27, 2025 Arbovirus surveillance in Florida includes endemic mosquito-borne viruses such as West Nile virus (WNV), Eastern equine encephalitis virus (EEEV), and St. Louis encephalitis virus (SLEV), as well as exotic viruses such as dengue virus (DENV), chikungunya virus (CHIKV), Zika virus (ZIKV), and California encephalitis group viruses (CEV). Malaria, a parasitic mosquito-borne disease is also included. During the period of December 21-27, 2025, the following arboviral activity was recorded in Florida. WNV activity: No human cases of WNV infection were reported this week. No horses with WNV infection were reported this week. Six sentinel chickens tested positive for antibodies to WNV in Bay, Pinellas, and Walton counties. In 2025,...",claim_corroboration_review,"Is the claim independently corroborated, conflicting, or only single-source evidence?",P1_high,Review required: claim_corroboration_review,review_duplicate_event_010,REPLACE_WITH_REVIEWER_ID,claim corroboration review - review_duplicate_event_010 - [PDF] Florida Arbovirus Surveillance,https://www.floridahealth.gov/wp-content/uploads/2026/01/2025Week52ArbovirusReport_12-27-25.pdf,rec_src_search_1298a67f3fad_001; event_010,record
False,REPLACE_WITH_ISO_TIMESTAMP,prefill_review_duplicate_event_011,accept_as_is,"1 Date: 1/22/26 This weekly report from the New York State Department of Health presents summaries of select ongoing and emerging infectious disease outbreaks of interest to public health professionals and the public, both globally and in the United States. The Global Health Update summaries include preliminary and up-to-date data that are publicly available for these events at the time of posting. Because this report aggregates and summarizes data and information from outside sources, the quality, accuracy or completeness of that data, and the appropriateness of the methodology used, cannot be guaranteed. Please refer directly to those sources for any data questions. Because the report includes preliminary information, subsequent reports may contain updates or revisions to information...",claim_corroboration_review,"Is the claim independently corroborated, conflicting, or only single-source evidence?",P1_high,Review required: claim_corroboration_review,review_duplicate_event_011,REPLACE_WITH_REVIEWER_ID,claim corroboration review - review_duplicate_event_011 - [PDF] Second Locally Acquired Case of 2025 Reported in Florida,https://globalhealthreports.health.ny.gov/sites/default/files/2026-01/Global%20Health%20Update%201.22.26%20-%20Final.pdf,rec_src_search_31cd9572c4dd_001; rec_src_search_31cd9572c4dd_002; rec_src_search_31cd9572c4dd_003; rec_src_search_31cd9572c4dd_004; rec_src_search_31cd9572c4dd_005; rec_src_search_31cd9572c4dd_006; rec_src_search_31cd9572c4dd_007; rec_src_search_31cd9572c4dd_008; rec_src_search_31cd9572c4dd_009; rec_src_search_31cd9572c4dd_010; rec_src_search_31cd9572c4dd_011; rec_src_search_31cd9572c4dd_012; rec_src_search_31cd9572c4dd_013; rec_src_search_31cd9572c4dd_014; rec_src_search_31cd9572c4dd_015; rec_src_search_31cd9572c4dd_016; event_011,record
False,REPLACE_WITH_ISO_TIMESTAMP,prefill_review_duplicate_event_017,accept_as_is,"Dengue Cases Acquired in Florida: No case s of loc ally acquired dengue were reported this wee k. In 2025,",claim_corroboration_review,"Is the claim independently corroborated, conflicting, or only single-source evidence?",P1_high,Review required: claim_corroboration_review,review_duplicate_event_017,REPLACE_WITH_REVIEWER_ID,claim corroboration review - review_duplicate_event_017 - [PDF] Florida Arbovirus Surveillance,https://www.floridahealth.gov/wp-content/uploads/2025/07/2025-23-arbovirus-surveillance.pdf,rec_src_search_ce6ce02a80f2_002; event_017,record
False,REPLACE_WITH_ISO_TIMESTAMP,prefill_review_validation_val_result_017,accept_validation_result,"[In 2024](https://www.cdc.gov/dengue/data-research/facts-stats/historic-data.html), Florida reported 1,044 local and travel-associated cases of dengue, the most in the continental U.S., with California following with 719 cases.",outside_scope_review,Does the evidence actually match the requested scope?,P1_high,Review required: outside_scope_review,review_validation_val_result_017,REPLACE_WITH_REVIEWER_ID,outside scope review - review_validation_val_result_017 - Dengue in Florida: What to know - Emerging Pathogens Institute,https://epi.ufl.edu/2025/06/24/dengue-in-florida-what-to-know,rec_src_search_53763309bf94_001; val_result_017,validation_result
False,REPLACE_WITH_ISO_TIMESTAMP,prefill_review_source_credibility_src_search_53763309bf94,approve_source_role,,source_identity_review,"Who is the actual publisher, and is it independent of other evidence?",P1_high,Review required: source_identity_review,review_source_credibility_src_search_53763309bf94,REPLACE_WITH_REVIEWER_ID,source identity review - review_source_credibility_src_search_53763309bf94 - Dengue in Florida: What to know - Emerging Pathogens Institute,https://epi.ufl.edu/2025/06/24/dengue-in-florida-what-to-know,src_search_53763309bf94,source
False,REPLACE_WITH_ISO_TIMESTAMP,prefill_review_source_credibility_src_search_d0df6d007394,approve_source_role,,source_identity_review,"Who is the actual publisher, and is it independent of other evidence?",P1_high,Review required: source_identity_review,review_source_credibility_src_search_d0df6d007394,REPLACE_WITH_REVIEWER_ID,"source identity review - review_source_credibility_src_search_d0df6d007394 - CDC issues dengue fever warning for spring, summer travelers",https://thehill.com/policy/healthcare/5203674-dengue-fever-rising-us-travelers,src_search_d0df6d007394,source
False,REPLACE_WITH_ISO_TIMESTAMP,prefill_review_source_credibility_src_search_538a1d433fd1,approve_source_role,,source_credibility_review,"Should this source be collection, support, context, or excluded?",P1_high,Review required: source_credibility_review,review_source_credibility_src_search_538a1d433fd1,REPLACE_WITH_REVIEWER_ID,source credibility review - review_source_credibility_src_search_538a1d433fd1 - Dengue Epidemiological Situation in the Region of the Ame...,https://www.paho.org/en/documents/dengue-epidemiological-situation-region-americas-epidemiological-week-20-2026,src_search_538a1d433fd1,source
False,REPLACE_WITH_ISO_TIMESTAMP,prefill_review_validation_val_result_041,accept_validation_result,"1 Florida Arbovirus Surveillance Week 26: June 23-29, 2024 Arbovirus surveillance in Florida includes endemic mosquito-borne viruses such as West Nile virus (WNV), Eastern equine encephalitis virus (EEEV), and St. Louis encephalitis virus (SLEV), as well as exotic viruses such as dengue virus (DENV), chikungunya virus (CHIKV), Zika virus (ZIKV) and California encephalitis group viruses (CEV). Malaria, a parasitic mosquito-borne disease is also included. During the period of June 23-29, 2024, the following arboviral activity was recorded in Florida. WNV activity: No human cases of WNV infection were reported this week. No horses with WNV infection were reported this week. No sentinel chickens tested positive for antibodies to WNV this week. No mosquito pools tested positive for WNV this...",outside_scope_review,Does the evidence actually match the requested scope?,P1_high,Review required: outside_scope_review,review_validation_val_result_041,REPLACE_WITH_REVIEWER_ID,outside scope review - review_validation_val_result_041 - [PDF] Florida Arbovirus Surveillance,https://www.floridahealth.gov/wp-content/uploads/2025/07/2024-26-arbovirus-surveillance.pdf,rec_src_search_752899844c7d_001; val_result_041,validation_result
False,REPLACE_WITH_ISO_TIMESTAMP,prefill_review_validation_val_result_042,accept_validation_result,"1 Florida Arbovirus Surveillance Week 26: June 23-29, 2024 Arbovirus surveillance in Florida includes endemic mosquito-borne viruses such as West Nile virus (WNV), Eastern equine encephalitis virus (EEEV), and St. Louis encephalitis virus (SLEV), as well as exotic viruses such as dengue virus (DENV), chikungunya virus (CHIKV), Zika virus (ZIKV) and California encephalitis group viruses (CEV). Malaria, a parasitic mosquito-borne disease is also included. During the period of June 23-29, 2024, the following arboviral activity was recorded in Florida. WNV activity: No human cases of WNV infection were reported this week. No horses with WNV infection were reported this week. No sentinel chickens tested positive for antibodies to WNV this week. No mosquito pools tested positive for WNV this...",outside_scope_review,Does the evidence actually match the requested scope?,P1_high,Review required: outside_scope_review,review_validation_val_result_042,REPLACE_WITH_REVIEWER_ID,outside scope review - review_validation_val_result_042 - [PDF] Florida Arbovirus Surveillance,https://www.floridahealth.gov/wp-content/uploads/2025/07/2024-26-arbovirus-surveillance.pdf,rec_src_search_752899844c7d_002; val_result_042,validation_result
False,REPLACE_WITH_ISO_TIMESTAMP,prefill_review_validation_val_result_043,accept_validation_result,"1 Florida Arbovirus Surveillance Week 26: June 23-29, 2024 Arbovirus surveillance in Florida includes endemic mosquito-borne viruses such as West Nile virus (WNV), Eastern equine encephalitis virus (EEEV), and St. Louis encephalitis virus (SLEV), as well as exotic viruses such as dengue virus (DENV), chikungunya virus (CHIKV), Zika virus (ZIKV) and California encephalitis group viruses (CEV). Malaria, a parasitic mosquito-borne disease is also included. During the period of June 23-29, 2024, the following arboviral activity was recorded in Florida. WNV activity: No human cases of WNV infection were reported this week. No horses with WNV infection were reported this week. No sentinel chickens tested positive for antibodies to WNV this week. No mosquito pools tested positive for WNV this...",outside_scope_review,Does the evidence actually match the requested scope?,P1_high,Review required: outside_scope_review,review_validation_val_result_043,REPLACE_WITH_REVIEWER_ID,outside scope review - review_validation_val_result_043 - [PDF] Florida Arbovirus Surveillance,https://www.floridahealth.gov/wp-content/uploads/2025/07/2024-26-arbovirus-surveillance.pdf,rec_src_search_752899844c7d_003; val_result_043,validation_result
False,REPLACE_WITH_ISO_TIMESTAMP,prefill_review_normalization_rec_src_search_31cd9572c4dd_001,accept_as_is,"1 Date: 1/22/26 This weekly report from the New York State Department of Health presents summaries of select ongoing and emerging infectious disease outbreaks of interest to public health professionals and the public, both globally and in the United States. The Global Health Update summaries include preliminary and up-to-date data that are publicly available for these events at the time of posting. Because this report aggregates and summarizes data and information from outside sources, the quality, accuracy or completeness of that data, and the appropriateness of the methodology used, cannot be guaranteed. Please refer directly to those sources for any data questions. Because the report includes preliminary information, subsequent reports may contain updates or revisions to information...",missing_required_fields_review,"What decision, if any, should a human reviewer record?",P2_medium,Review required: missing_required_fields_review,review_normalization_rec_src_search_31cd9572c4dd_001,REPLACE_WITH_REVIEWER_ID,missing required fields review - review_normalization_rec_src_search_31cd9572c4dd_001 - [PDF] Second Locally Acquired Case of 2025 Report...,https://globalhealthreports.health.ny.gov/sites/default/files/2026-01/Global%20Health%20Update%201.22.26%20-%20Final.pdf,rec_src_search_31cd9572c4dd_001,record
False,REPLACE_WITH_ISO_TIMESTAMP,prefill_review_normalization_rec_src_search_31cd9572c4dd_002,accept_as_is,"1 Date: 1/22/26 This weekly report from the New York State Department of Health presents summaries of select ongoing and emerging infectious disease outbreaks of interest to public health professionals and the public, both globally and in the United States. The Global Health Update summaries include preliminary and up-to-date data that are publicly available for these events at the time of posting. Because this report aggregates and summarizes data and information from outside sources, the quality, accuracy or completeness of that data, and the appropriateness of the methodology used, cannot be guaranteed. Please refer directly to those sources for any data questions. Because the report includes preliminary information, subsequent reports may contain updates or revisions to information...",missing_required_fields_review,"What decision, if any, should a human reviewer record?",P2_medium,Review required: missing_required_fields_review,review_normalization_rec_src_search_31cd9572c4dd_002,REPLACE_WITH_REVIEWER_ID,missing required fields review - review_normalization_rec_src_search_31cd9572c4dd_002 - [PDF] Second Locally Acquired Case of 2025 Report...,https://globalhealthreports.health.ny.gov/sites/default/files/2026-01/Global%20Health%20Update%201.22.26%20-%20Final.pdf,rec_src_search_31cd9572c4dd_002,record
False,REPLACE_WITH_ISO_TIMESTAMP,prefill_review_normalization_rec_src_search_31cd9572c4dd_003,accept_as_is,"1 Date: 1/22/26 This weekly report from the New York State Department of Health presents summaries of select ongoing and emerging infectious disease outbreaks of interest to public health professionals and the public, both globally and in the United States. The Global Health Update summaries include preliminary and up-to-date data that are publicly available for these events at the time of posting. Because this report aggregates and summarizes data and information from outside sources, the quality, accuracy or completeness of that data, and the appropriateness of the methodology used, cannot be guaranteed. Please refer directly to those sources for any data questions. Because the report includes preliminary information, subsequent reports may contain updates or revisions to information...",missing_required_fields_review,"What decision, if any, should a human reviewer record?",P2_medium,Review required: missing_required_fields_review,review_normalization_rec_src_search_31cd9572c4dd_003,REPLACE_WITH_REVIEWER_ID,missing required fields review - review_normalization_rec_src_search_31cd9572c4dd_003 - [PDF] Second Locally Acquired Case of 2025 Report...,https://globalhealthreports.health.ny.gov/sites/default/files/2026-01/Global%20Health%20Update%201.22.26%20-%20Final.pdf,rec_src_search_31cd9572c4dd_003,record
False,REPLACE_WITH_ISO_TIMESTAMP,prefill_review_normalization_rec_src_search_31cd9572c4dd_004,accept_as_is,"1 Date: 1/22/26 This weekly report from the New York State Department of Health presents summaries of select ongoing and emerging infectious disease outbreaks of interest to public health professionals and the public, both globally and in the United States. The Global Health Update summaries include preliminary and up-to-date data that are publicly available for these events at the time of posting. Because this report aggregates and summarizes data and information from outside sources, the quality, accuracy or completeness of that data, and the appropriateness of the methodology used, cannot be guaranteed. Please refer directly to those sources for any data questions. Because the report includes preliminary information, subsequent reports may contain updates or revisions to information...",missing_required_fields_review,"What decision, if any, should a human reviewer record?",P2_medium,Review required: missing_required_fields_review,review_normalization_rec_src_search_31cd9572c4dd_004,REPLACE_WITH_REVIEWER_ID,missing required fields review - review_normalization_rec_src_search_31cd9572c4dd_004 - [PDF] Second Locally Acquired Case of 2025 Report...,https://globalhealthreports.health.ny.gov/sites/default/files/2026-01/Global%20Health%20Update%201.22.26%20-%20Final.pdf,rec_src_search_31cd9572c4dd_004,record
False,REPLACE_WITH_ISO_TIMESTAMP,prefill_review_normalization_rec_src_search_31cd9572c4dd_005,accept_as_is,"1 Date: 1/22/26 This weekly report from the New York State Department of Health presents summaries of select ongoing and emerging infectious disease outbreaks of interest to public health professionals and the public, both globally and in the United States. The Global Health Update summaries include preliminary and up-to-date data that are publicly available for these events at the time of posting. Because this report aggregates and summarizes data and information from outside sources, the quality, accuracy or completeness of that data, and the appropriateness of the methodology used, cannot be guaranteed. Please refer directly to those sources for any data questions. Because the report includes preliminary information, subsequent reports may contain updates or revisions to information...",missing_required_fields_review,"What decision, if any, should a human reviewer record?",P2_medium,Review required: missing_required_fields_review,review_normalization_rec_src_search_31cd9572c4dd_005,REPLACE_WITH_REVIEWER_ID,missing required fields review - review_normalization_rec_src_search_31cd9572c4dd_005 - [PDF] Second Locally Acquired Case of 2025 Report...,https://globalhealthreports.health.ny.gov/sites/default/files/2026-01/Global%20Health%20Update%201.22.26%20-%20Final.pdf,rec_src_search_31cd9572c4dd_005,record
False,REPLACE_WITH_ISO_TIMESTAMP,prefill_review_normalization_rec_src_search_31cd9572c4dd_006,accept_as_is,"1 Date: 1/22/26 This weekly report from the New York State Department of Health presents summaries of select ongoing and emerging infectious disease outbreaks of interest to public health professionals and the public, both globally and in the United States. The Global Health Update summaries include preliminary and up-to-date data that are publicly available for these events at the time of posting. Because this report aggregates and summarizes data and information from outside sources, the quality, accuracy or completeness of that data, and the appropriateness of the methodology used, cannot be guaranteed. Please refer directly to those sources for any data questions. Because the report includes preliminary information, subsequent reports may contain updates or revisions to information...",missing_required_fields_review,"What decision, if any, should a human reviewer record?",P2_medium,Review required: missing_required_fields_review,review_normalization_rec_src_search_31cd9572c4dd_006,REPLACE_WITH_REVIEWER_ID,missing required fields review - review_normalization_rec_src_search_31cd9572c4dd_006 - [PDF] Second Locally Acquired Case of 2025 Report...,https://globalhealthreports.health.ny.gov/sites/default/files/2026-01/Global%20Health%20Update%201.22.26%20-%20Final.pdf,rec_src_search_31cd9572c4dd_006,record
False,REPLACE_WITH_ISO_TIMESTAMP,prefill_review_normalization_rec_src_search_31cd9572c4dd_007,accept_as_is,"1 Date: 1/22/26 This weekly report from the New York State Department of Health presents summaries of select ongoing and emerging infectious disease outbreaks of interest to public health professionals and the public, both globally and in the United States. The Global Health Update summaries include preliminary and up-to-date data that are publicly available for these events at the time of posting. Because this report aggregates and summarizes data and information from outside sources, the quality, accuracy or completeness of that data, and the appropriateness of the methodology used, cannot be guaranteed. Please refer directly to those sources for any data questions. Because the report includes preliminary information, subsequent reports may contain updates or revisions to information...",missing_required_fields_review,"What decision, if any, should a human reviewer record?",P2_medium,Review required: missing_required_fields_review,review_normalization_rec_src_search_31cd9572c4dd_007,REPLACE_WITH_REVIEWER_ID,missing required fields review - review_normalization_rec_src_search_31cd9572c4dd_007 - [PDF] Second Locally Acquired Case of 2025 Report...,https://globalhealthreports.health.ny.gov/sites/default/files/2026-01/Global%20Health%20Update%201.22.26%20-%20Final.pdf,rec_src_search_31cd9572c4dd_007,record
False,REPLACE_WITH_ISO_TIMESTAMP,prefill_review_normalization_rec_src_search_31cd9572c4dd_008,accept_as_is,"1 Date: 1/22/26 This weekly report from the New York State Department of Health presents summaries of select ongoing and emerging infectious disease outbreaks of interest to public health professionals and the public, both globally and in the United States. The Global Health Update summaries include preliminary and up-to-date data that are publicly available for these events at the time of posting. Because this report aggregates and summarizes data and information from outside sources, the quality, accuracy or completeness of that data, and the appropriateness of the methodology used, cannot be guaranteed. Please refer directly to those sources for any data questions. Because the report includes preliminary information, subsequent reports may contain updates or revisions to information...",missing_required_fields_review,"What decision, if any, should a human reviewer record?",P2_medium,Review required: missing_required_fields_review,review_normalization_rec_src_search_31cd9572c4dd_008,REPLACE_WITH_REVIEWER_ID,missing required fields review - review_normalization_rec_src_search_31cd9572c4dd_008 - [PDF] Second Locally Acquired Case of 2025 Report...,https://globalhealthreports.health.ny.gov/sites/default/files/2026-01/Global%20Health%20Update%201.22.26%20-%20Final.pdf,rec_src_search_31cd9572c4dd_008,record
False,REPLACE_WITH_ISO_TIMESTAMP,prefill_review_normalization_rec_src_search_31cd9572c4dd_009,accept_as_is,"1 Date: 1/22/26 This weekly report from the New York State Department of Health presents summaries of select ongoing and emerging infectious disease outbreaks of interest to public health professionals and the public, both globally and in the United States. The Global Health Update summaries include preliminary and up-to-date data that are publicly available for these events at the time of posting. Because this report aggregates and summarizes data and information from outside sources, the quality, accuracy or completeness of that data, and the appropriateness of the methodology used, cannot be guaranteed. Please refer directly to those sources for any data questions. Because the report includes preliminary information, subsequent reports may contain updates or revisions to information...",missing_required_fields_review,"What decision, if any, should a human reviewer record?",P2_medium,Review required: missing_required_fields_review,review_normalization_rec_src_search_31cd9572c4dd_009,REPLACE_WITH_REVIEWER_ID,missing required fields review - review_normalization_rec_src_search_31cd9572c4dd_009 - [PDF] Second Locally Acquired Case of 2025 Report...,https://globalhealthreports.health.ny.gov/sites/default/files/2026-01/Global%20Health%20Update%201.22.26%20-%20Final.pdf,rec_src_search_31cd9572c4dd_009,record
False,REPLACE_WITH_ISO_TIMESTAMP,prefill_review_normalization_rec_src_search_31cd9572c4dd_010,accept_as_is,"1 Date: 1/22/26 This weekly report from the New York State Department of Health presents summaries of select ongoing and emerging infectious disease outbreaks of interest to public health professionals and the public, both globally and in the United States. The Global Health Update summaries include preliminary and up-to-date data that are publicly available for these events at the time of posting. Because this report aggregates and summarizes data and information from outside sources, the quality, accuracy or completeness of that data, and the appropriateness of the methodology used, cannot be guaranteed. Please refer directly to those sources for any data questions. Because the report includes preliminary information, subsequent reports may contain updates or revisions to information...",missing_required_fields_review,"What decision, if any, should a human reviewer record?",P2_medium,Review required: missing_required_fields_review,review_normalization_rec_src_search_31cd9572c4dd_010,REPLACE_WITH_REVIEWER_ID,missing required fields review - review_normalization_rec_src_search_31cd9572c4dd_010 - [PDF] Second Locally Acquired Case of 2025 Report...,https://globalhealthreports.health.ny.gov/sites/default/files/2026-01/Global%20Health%20Update%201.22.26%20-%20Final.pdf,rec_src_search_31cd9572c4dd_010,record
False,REPLACE_WITH_ISO_TIMESTAMP,prefill_review_normalization_rec_src_search_31cd9572c4dd_011,accept_as_is,"1 Date: 1/22/26 This weekly report from the New York State Department of Health presents summaries of select ongoing and emerging infectious disease outbreaks of interest to public health professionals and the public, both globally and in the United States. The Global Health Update summaries include preliminary and up-to-date data that are publicly available for these events at the time of posting. Because this report aggregates and summarizes data and information from outside sources, the quality, accuracy or completeness of that data, and the appropriateness of the methodology used, cannot be guaranteed. Please refer directly to those sources for any data questions. Because the report includes preliminary information, subsequent reports may contain updates or revisions to information...",missing_required_fields_review,"What decision, if any, should a human reviewer record?",P2_medium,Review required: missing_required_fields_review,review_normalization_rec_src_search_31cd9572c4dd_011,REPLACE_WITH_REVIEWER_ID,missing required fields review - review_normalization_rec_src_search_31cd9572c4dd_011 - [PDF] Second Locally Acquired Case of 2025 Report...,https://globalhealthreports.health.ny.gov/sites/default/files/2026-01/Global%20Health%20Update%201.22.26%20-%20Final.pdf,rec_src_search_31cd9572c4dd_011,record
False,REPLACE_WITH_ISO_TIMESTAMP,prefill_review_normalization_rec_src_search_31cd9572c4dd_012,accept_as_is,"1 Date: 1/22/26 This weekly report from the New York State Department of Health presents summaries of select ongoing and emerging infectious disease outbreaks of interest to public health professionals and the public, both globally and in the United States. The Global Health Update summaries include preliminary and up-to-date data that are publicly available for these events at the time of posting. Because this report aggregates and summarizes data and information from outside sources, the quality, accuracy or completeness of that data, and the appropriateness of the methodology used, cannot be guaranteed. Please refer directly to those sources for any data questions. Because the report includes preliminary information, subsequent reports may contain updates or revisions to information...",missing_required_fields_review,"What decision, if any, should a human reviewer record?",P2_medium,Review required: missing_required_fields_review,review_normalization_rec_src_search_31cd9572c4dd_012,REPLACE_WITH_REVIEWER_ID,missing required fields review - review_normalization_rec_src_search_31cd9572c4dd_012 - [PDF] Second Locally Acquired Case of 2025 Report...,https://globalhealthreports.health.ny.gov/sites/default/files/2026-01/Global%20Health%20Update%201.22.26%20-%20Final.pdf,rec_src_search_31cd9572c4dd_012,record
False,REPLACE_WITH_ISO_TIMESTAMP,prefill_review_normalization_rec_src_search_31cd9572c4dd_013,accept_as_is,"1 Date: 1/22/26 This weekly report from the New York State Department of Health presents summaries of select ongoing and emerging infectious disease outbreaks of interest to public health professionals and the public, both globally and in the United States. The Global Health Update summaries include preliminary and up-to-date data that are publicly available for these events at the time of posting. Because this report aggregates and summarizes data and information from outside sources, the quality, accuracy or completeness of that data, and the appropriateness of the methodology used, cannot be guaranteed. Please refer directly to those sources for any data questions. Because the report includes preliminary information, subsequent reports may contain updates or revisions to information...",missing_required_fields_review,"What decision, if any, should a human reviewer record?",P2_medium,Review required: missing_required_fields_review,review_normalization_rec_src_search_31cd9572c4dd_013,REPLACE_WITH_REVIEWER_ID,missing required fields review - review_normalization_rec_src_search_31cd9572c4dd_013 - [PDF] Second Locally Acquired Case of 2025 Report...,https://globalhealthreports.health.ny.gov/sites/default/files/2026-01/Global%20Health%20Update%201.22.26%20-%20Final.pdf,rec_src_search_31cd9572c4dd_013,record
False,REPLACE_WITH_ISO_TIMESTAMP,prefill_review_normalization_rec_src_search_31cd9572c4dd_014,accept_as_is,"1 Date: 1/22/26 This weekly report from the New York State Department of Health presents summaries of select ongoing and emerging infectious disease outbreaks of interest to public health professionals and the public, both globally and in the United States. The Global Health Update summaries include preliminary and up-to-date data that are publicly available for these events at the time of posting. Because this report aggregates and summarizes data and information from outside sources, the quality, accuracy or completeness of that data, and the appropriateness of the methodology used, cannot be guaranteed. Please refer directly to those sources for any data questions. Because the report includes preliminary information, subsequent reports may contain updates or revisions to information...",missing_required_fields_review,"What decision, if any, should a human reviewer record?",P2_medium,Review required: missing_required_fields_review,review_normalization_rec_src_search_31cd9572c4dd_014,REPLACE_WITH_REVIEWER_ID,missing required fields review - review_normalization_rec_src_search_31cd9572c4dd_014 - [PDF] Second Locally Acquired Case of 2025 Report...,https://globalhealthreports.health.ny.gov/sites/default/files/2026-01/Global%20Health%20Update%201.22.26%20-%20Final.pdf,rec_src_search_31cd9572c4dd_014,record
False,REPLACE_WITH_ISO_TIMESTAMP,prefill_review_normalization_rec_src_search_31cd9572c4dd_015,accept_as_is,"1 Date: 1/22/26 This weekly report from the New York State Department of Health presents summaries of select ongoing and emerging infectious disease outbreaks of interest to public health professionals and the public, both globally and in the United States. The Global Health Update summaries include preliminary and up-to-date data that are publicly available for these events at the time of posting. Because this report aggregates and summarizes data and information from outside sources, the quality, accuracy or completeness of that data, and the appropriateness of the methodology used, cannot be guaranteed. Please refer directly to those sources for any data questions. Because the report includes preliminary information, subsequent reports may contain updates or revisions to information...",missing_required_fields_review,"What decision, if any, should a human reviewer record?",P2_medium,Review required: missing_required_fields_review,review_normalization_rec_src_search_31cd9572c4dd_015,REPLACE_WITH_REVIEWER_ID,missing required fields review - review_normalization_rec_src_search_31cd9572c4dd_015 - [PDF] Second Locally Acquired Case of 2025 Report...,https://globalhealthreports.health.ny.gov/sites/default/files/2026-01/Global%20Health%20Update%201.22.26%20-%20Final.pdf,rec_src_search_31cd9572c4dd_015,record
False,REPLACE_WITH_ISO_TIMESTAMP,prefill_review_normalization_rec_src_search_31cd9572c4dd_016,accept_as_is,"1 Date: 1/22/26 This weekly report from the New York State Department of Health presents summaries of select ongoing and emerging infectious disease outbreaks of interest to public health professionals and the public, both globally and in the United States. The Global Health Update summaries include preliminary and up-to-date data that are publicly available for these events at the time of posting. Because this report aggregates and summarizes data and information from outside sources, the quality, accuracy or completeness of that data, and the appropriateness of the methodology used, cannot be guaranteed. Please refer directly to those sources for any data questions. Because the report includes preliminary information, subsequent reports may contain updates or revisions to information...",missing_required_fields_review,"What decision, if any, should a human reviewer record?",P2_medium,Review required: missing_required_fields_review,review_normalization_rec_src_search_31cd9572c4dd_016,REPLACE_WITH_REVIEWER_ID,missing required fields review - review_normalization_rec_src_search_31cd9572c4dd_016 - [PDF] Second Locally Acquired Case of 2025 Report...,https://globalhealthreports.health.ny.gov/sites/default/files/2026-01/Global%20Health%20Update%201.22.26%20-%20Final.pdf,rec_src_search_31cd9572c4dd_016,record
False,REPLACE_WITH_ISO_TIMESTAMP,prefill_review_record_rec_src_search_31cd9572c4dd_001,accept_validation_result,"1 Date: 1/22/26 This weekly report from the New York State Department of Health presents summaries of select ongoing and emerging infectious disease outbreaks of interest to public health professionals and the public, both globally and in the United States. The Global Health Update summaries include preliminary and up-to-date data that are publicly available for these events at the time of posting. Because this report aggregates and summarizes data and information from outside sources, the quality, accuracy or completeness of that data, and the appropriateness of the methodology used, cannot be guaranteed. Please refer directly to those sources for any data questions. Because the report includes preliminary information, subsequent reports may contain updates or revisions to information...",missing_required_fields_review,"What decision, if any, should a human reviewer record?",P2_medium,Review required: missing_required_fields_review,review_record_rec_src_search_31cd9572c4dd_001,REPLACE_WITH_REVIEWER_ID,missing required fields review - review_record_rec_src_search_31cd9572c4dd_001 - [PDF] Second Locally Acquired Case of 2025 Reported in F...,https://globalhealthreports.health.ny.gov/sites/default/files/2026-01/Global%20Health%20Update%201.22.26%20-%20Final.pdf,rec_src_search_31cd9572c4dd_001,validation_result
False,REPLACE_WITH_ISO_TIMESTAMP,prefill_review_record_rec_src_search_31cd9572c4dd_002,accept_validation_result,"1 Date: 1/22/26 This weekly report from the New York State Department of Health presents summaries of select ongoing and emerging infectious disease outbreaks of interest to public health professionals and the public, both globally and in the United States. The Global Health Update summaries include preliminary and up-to-date data that are publicly available for these events at the time of posting. Because this report aggregates and summarizes data and information from outside sources, the quality, accuracy or completeness of that data, and the appropriateness of the methodology used, cannot be guaranteed. Please refer directly to those sources for any data questions. Because the report includes preliminary information, subsequent reports may contain updates or revisions to information...",missing_required_fields_review,"What decision, if any, should a human reviewer record?",P2_medium,Review required: missing_required_fields_review,review_record_rec_src_search_31cd9572c4dd_002,REPLACE_WITH_REVIEWER_ID,missing required fields review - review_record_rec_src_search_31cd9572c4dd_002 - [PDF] Second Locally Acquired Case of 2025 Reported in F...,https://globalhealthreports.health.ny.gov/sites/default/files/2026-01/Global%20Health%20Update%201.22.26%20-%20Final.pdf,rec_src_search_31cd9572c4dd_002,validation_result
False,REPLACE_WITH_ISO_TIMESTAMP,prefill_review_record_rec_src_search_31cd9572c4dd_003,accept_validation_result,"1 Date: 1/22/26 This weekly report from the New York State Department of Health presents summaries of select ongoing and emerging infectious disease outbreaks of interest to public health professionals and the public, both globally and in the United States. The Global Health Update summaries include preliminary and up-to-date data that are publicly available for these events at the time of posting. Because this report aggregates and summarizes data and information from outside sources, the quality, accuracy or completeness of that data, and the appropriateness of the methodology used, cannot be guaranteed. Please refer directly to those sources for any data questions. Because the report includes preliminary information, subsequent reports may contain updates or revisions to information...",missing_required_fields_review,"What decision, if any, should a human reviewer record?",P2_medium,Review required: missing_required_fields_review,review_record_rec_src_search_31cd9572c4dd_003,REPLACE_WITH_REVIEWER_ID,missing required fields review - review_record_rec_src_search_31cd9572c4dd_003 - [PDF] Second Locally Acquired Case of 2025 Reported in F...,https://globalhealthreports.health.ny.gov/sites/default/files/2026-01/Global%20Health%20Update%201.22.26%20-%20Final.pdf,rec_src_search_31cd9572c4dd_003,validation_result
False,REPLACE_WITH_ISO_TIMESTAMP,prefill_review_record_rec_src_search_31cd9572c4dd_004,accept_validation_result,"1 Date: 1/22/26 This weekly report from the New York State Department of Health presents summaries of select ongoing and emerging infectious disease outbreaks of interest to public health professionals and the public, both globally and in the United States. The Global Health Update summaries include preliminary and up-to-date data that are publicly available for these events at the time of posting. Because this report aggregates and summarizes data and information from outside sources, the quality, accuracy or completeness of that data, and the appropriateness of the methodology used, cannot be guaranteed. Please refer directly to those sources for any data questions. Because the report includes preliminary information, subsequent reports may contain updates or revisions to information...",missing_required_fields_review,"What decision, if any, should a human reviewer record?",P2_medium,Review required: missing_required_fields_review,review_record_rec_src_search_31cd9572c4dd_004,REPLACE_WITH_REVIEWER_ID,missing required fields review - review_record_rec_src_search_31cd9572c4dd_004 - [PDF] Second Locally Acquired Case of 2025 Reported in F...,https://globalhealthreports.health.ny.gov/sites/default/files/2026-01/Global%20Health%20Update%201.22.26%20-%20Final.pdf,rec_src_search_31cd9572c4dd_004,validation_result
False,REPLACE_WITH_ISO_TIMESTAMP,prefill_review_record_rec_src_search_31cd9572c4dd_005,accept_validation_result,"1 Date: 1/22/26 This weekly report from the New York State Department of Health presents summaries of select ongoing and emerging infectious disease outbreaks of interest to public health professionals and the public, both globally and in the United States. The Global Health Update summaries include preliminary and up-to-date data that are publicly available for these events at the time of posting. Because this report aggregates and summarizes data and information from outside sources, the quality, accuracy or completeness of that data, and the appropriateness of the methodology used, cannot be guaranteed. Please refer directly to those sources for any data questions. Because the report includes preliminary information, subsequent reports may contain updates or revisions to information...",missing_required_fields_review,"What decision, if any, should a human reviewer record?",P2_medium,Review required: missing_required_fields_review,review_record_rec_src_search_31cd9572c4dd_005,REPLACE_WITH_REVIEWER_ID,missing required fields review - review_record_rec_src_search_31cd9572c4dd_005 - [PDF] Second Locally Acquired Case of 2025 Reported in F...,https://globalhealthreports.health.ny.gov/sites/default/files/2026-01/Global%20Health%20Update%201.22.26%20-%20Final.pdf,rec_src_search_31cd9572c4dd_005,validation_result
False,REPLACE_WITH_ISO_TIMESTAMP,prefill_review_record_rec_src_search_31cd9572c4dd_006,accept_validation_result,"1 Date: 1/22/26 This weekly report from the New York State Department of Health presents summaries of select ongoing and emerging infectious disease outbreaks of interest to public health professionals and the public, both globally and in the United States. The Global Health Update summaries include preliminary and up-to-date data that are publicly available for these events at the time of posting. Because this report aggregates and summarizes data and information from outside sources, the quality, accuracy or completeness of that data, and the appropriateness of the methodology used, cannot be guaranteed. Please refer directly to those sources for any data questions. Because the report includes preliminary information, subsequent reports may contain updates or revisions to information...",missing_required_fields_review,"What decision, if any, should a human reviewer record?",P2_medium,Review required: missing_required_fields_review,review_record_rec_src_search_31cd9572c4dd_006,REPLACE_WITH_REVIEWER_ID,missing required fields review - review_record_rec_src_search_31cd9572c4dd_006 - [PDF] Second Locally Acquired Case of 2025 Reported in F...,https://globalhealthreports.health.ny.gov/sites/default/files/2026-01/Global%20Health%20Update%201.22.26%20-%20Final.pdf,rec_src_search_31cd9572c4dd_006,validation_result
False,REPLACE_WITH_ISO_TIMESTAMP,prefill_review_record_rec_src_search_31cd9572c4dd_007,accept_validation_result,"1 Date: 1/22/26 This weekly report from the New York State Department of Health presents summaries of select ongoing and emerging infectious disease outbreaks of interest to public health professionals and the public, both globally and in the United States. The Global Health Update summaries include preliminary and up-to-date data that are publicly available for these events at the time of posting. Because this report aggregates and summarizes data and information from outside sources, the quality, accuracy or completeness of that data, and the appropriateness of the methodology used, cannot be guaranteed. Please refer directly to those sources for any data questions. Because the report includes preliminary information, subsequent reports may contain updates or revisions to information...",missing_required_fields_review,"What decision, if any, should a human reviewer record?",P2_medium,Review required: missing_required_fields_review,review_record_rec_src_search_31cd9572c4dd_007,REPLACE_WITH_REVIEWER_ID,missing required fields review - review_record_rec_src_search_31cd9572c4dd_007 - [PDF] Second Locally Acquired Case of 2025 Reported in F...,https://globalhealthreports.health.ny.gov/sites/default/files/2026-01/Global%20Health%20Update%201.22.26%20-%20Final.pdf,rec_src_search_31cd9572c4dd_007,validation_result
False,REPLACE_WITH_ISO_TIMESTAMP,prefill_review_record_rec_src_search_31cd9572c4dd_008,accept_validation_result,"1 Date: 1/22/26 This weekly report from the New York State Department of Health presents summaries of select ongoing and emerging infectious disease outbreaks of interest to public health professionals and the public, both globally and in the United States. The Global Health Update summaries include preliminary and up-to-date data that are publicly available for these events at the time of posting. Because this report aggregates and summarizes data and information from outside sources, the quality, accuracy or completeness of that data, and the appropriateness of the methodology used, cannot be guaranteed. Please refer directly to those sources for any data questions. Because the report includes preliminary information, subsequent reports may contain updates or revisions to information...",missing_required_fields_review,"What decision, if any, should a human reviewer record?",P2_medium,Review required: missing_required_fields_review,review_record_rec_src_search_31cd9572c4dd_008,REPLACE_WITH_REVIEWER_ID,missing required fields review - review_record_rec_src_search_31cd9572c4dd_008 - [PDF] Second Locally Acquired Case of 2025 Reported in F...,https://globalhealthreports.health.ny.gov/sites/default/files/2026-01/Global%20Health%20Update%201.22.26%20-%20Final.pdf,rec_src_search_31cd9572c4dd_008,validation_result
False,REPLACE_WITH_ISO_TIMESTAMP,prefill_review_record_rec_src_search_31cd9572c4dd_009,accept_validation_result,"1 Date: 1/22/26 This weekly report from the New York State Department of Health presents summaries of select ongoing and emerging infectious disease outbreaks of interest to public health professionals and the public, both globally and in the United States. The Global Health Update summaries include preliminary and up-to-date data that are publicly available for these events at the time of posting. Because this report aggregates and summarizes data and information from outside sources, the quality, accuracy or completeness of that data, and the appropriateness of the methodology used, cannot be guaranteed. Please refer directly to those sources for any data questions. Because the report includes preliminary information, subsequent reports may contain updates or revisions to information...",missing_required_fields_review,"What decision, if any, should a human reviewer record?",P2_medium,Review required: missing_required_fields_review,review_record_rec_src_search_31cd9572c4dd_009,REPLACE_WITH_REVIEWER_ID,missing required fields review - review_record_rec_src_search_31cd9572c4dd_009 - [PDF] Second Locally Acquired Case of 2025 Reported in F...,https://globalhealthreports.health.ny.gov/sites/default/files/2026-01/Global%20Health%20Update%201.22.26%20-%20Final.pdf,rec_src_search_31cd9572c4dd_009,validation_result
False,REPLACE_WITH_ISO_TIMESTAMP,prefill_review_record_rec_src_search_31cd9572c4dd_010,accept_validation_result,"1 Date: 1/22/26 This weekly report from the New York State Department of Health presents summaries of select ongoing and emerging infectious disease outbreaks of interest to public health professionals and the public, both globally and in the United States. The Global Health Update summaries include preliminary and up-to-date data that are publicly available for these events at the time of posting. Because this report aggregates and summarizes data and information from outside sources, the quality, accuracy or completeness of that data, and the appropriateness of the methodology used, cannot be guaranteed. Please refer directly to those sources for any data questions. Because the report includes preliminary information, subsequent reports may contain updates or revisions to information...",missing_required_fields_review,"What decision, if any, should a human reviewer record?",P2_medium,Review required: missing_required_fields_review,review_record_rec_src_search_31cd9572c4dd_010,REPLACE_WITH_REVIEWER_ID,missing required fields review - review_record_rec_src_search_31cd9572c4dd_010 - [PDF] Second Locally Acquired Case of 2025 Reported in F...,https://globalhealthreports.health.ny.gov/sites/default/files/2026-01/Global%20Health%20Update%201.22.26%20-%20Final.pdf,rec_src_search_31cd9572c4dd_010,validation_result
False,REPLACE_WITH_ISO_TIMESTAMP,prefill_review_record_rec_src_search_31cd9572c4dd_011,accept_validation_result,"1 Date: 1/22/26 This weekly report from the New York State Department of Health presents summaries of select ongoing and emerging infectious disease outbreaks of interest to public health professionals and the public, both globally and in the United States. The Global Health Update summaries include preliminary and up-to-date data that are publicly available for these events at the time of posting. Because this report aggregates and summarizes data and information from outside sources, the quality, accuracy or completeness of that data, and the appropriateness of the methodology used, cannot be guaranteed. Please refer directly to those sources for any data questions. Because the report includes preliminary information, subsequent reports may contain updates or revisions to information...",missing_required_fields_review,"What decision, if any, should a human reviewer record?",P2_medium,Review required: missing_required_fields_review,review_record_rec_src_search_31cd9572c4dd_011,REPLACE_WITH_REVIEWER_ID,missing required fields review - review_record_rec_src_search_31cd9572c4dd_011 - [PDF] Second Locally Acquired Case of 2025 Reported in F...,https://globalhealthreports.health.ny.gov/sites/default/files/2026-01/Global%20Health%20Update%201.22.26%20-%20Final.pdf,rec_src_search_31cd9572c4dd_011,validation_result
False,REPLACE_WITH_ISO_TIMESTAMP,prefill_review_record_rec_src_search_31cd9572c4dd_012,accept_validation_result,"1 Date: 1/22/26 This weekly report from the New York State Department of Health presents summaries of select ongoing and emerging infectious disease outbreaks of interest to public health professionals and the public, both globally and in the United States. The Global Health Update summaries include preliminary and up-to-date data that are publicly available for these events at the time of posting. Because this report aggregates and summarizes data and information from outside sources, the quality, accuracy or completeness of that data, and the appropriateness of the methodology used, cannot be guaranteed. Please refer directly to those sources for any data questions. Because the report includes preliminary information, subsequent reports may contain updates or revisions to information...",missing_required_fields_review,"What decision, if any, should a human reviewer record?",P2_medium,Review required: missing_required_fields_review,review_record_rec_src_search_31cd9572c4dd_012,REPLACE_WITH_REVIEWER_ID,missing required fields review - review_record_rec_src_search_31cd9572c4dd_012 - [PDF] Second Locally Acquired Case of 2025 Reported in F...,https://globalhealthreports.health.ny.gov/sites/default/files/2026-01/Global%20Health%20Update%201.22.26%20-%20Final.pdf,rec_src_search_31cd9572c4dd_012,validation_result
False,REPLACE_WITH_ISO_TIMESTAMP,prefill_review_record_rec_src_search_31cd9572c4dd_013,accept_validation_result,"1 Date: 1/22/26 This weekly report from the New York State Department of Health presents summaries of select ongoing and emerging infectious disease outbreaks of interest to public health professionals and the public, both globally and in the United States. The Global Health Update summaries include preliminary and up-to-date data that are publicly available for these events at the time of posting. Because this report aggregates and summarizes data and information from outside sources, the quality, accuracy or completeness of that data, and the appropriateness of the methodology used, cannot be guaranteed. Please refer directly to those sources for any data questions. Because the report includes preliminary information, subsequent reports may contain updates or revisions to information...",missing_required_fields_review,"What decision, if any, should a human reviewer record?",P2_medium,Review required: missing_required_fields_review,review_record_rec_src_search_31cd9572c4dd_013,REPLACE_WITH_REVIEWER_ID,missing required fields review - review_record_rec_src_search_31cd9572c4dd_013 - [PDF] Second Locally Acquired Case of 2025 Reported in F...,https://globalhealthreports.health.ny.gov/sites/default/files/2026-01/Global%20Health%20Update%201.22.26%20-%20Final.pdf,rec_src_search_31cd9572c4dd_013,validation_result
False,REPLACE_WITH_ISO_TIMESTAMP,prefill_review_record_rec_src_search_31cd9572c4dd_014,accept_validation_result,"1 Date: 1/22/26 This weekly report from the New York State Department of Health presents summaries of select ongoing and emerging infectious disease outbreaks of interest to public health professionals and the public, both globally and in the United States. The Global Health Update summaries include preliminary and up-to-date data that are publicly available for these events at the time of posting. Because this report aggregates and summarizes data and information from outside sources, the quality, accuracy or completeness of that data, and the appropriateness of the methodology used, cannot be guaranteed. Please refer directly to those sources for any data questions. Because the report includes preliminary information, subsequent reports may contain updates or revisions to information...",missing_required_fields_review,"What decision, if any, should a human reviewer record?",P2_medium,Review required: missing_required_fields_review,review_record_rec_src_search_31cd9572c4dd_014,REPLACE_WITH_REVIEWER_ID,missing required fields review - review_record_rec_src_search_31cd9572c4dd_014 - [PDF] Second Locally Acquired Case of 2025 Reported in F...,https://globalhealthreports.health.ny.gov/sites/default/files/2026-01/Global%20Health%20Update%201.22.26%20-%20Final.pdf,rec_src_search_31cd9572c4dd_014,validation_result
False,REPLACE_WITH_ISO_TIMESTAMP,prefill_review_record_rec_src_search_31cd9572c4dd_015,accept_validation_result,"1 Date: 1/22/26 This weekly report from the New York State Department of Health presents summaries of select ongoing and emerging infectious disease outbreaks of interest to public health professionals and the public, both globally and in the United States. The Global Health Update summaries include preliminary and up-to-date data that are publicly available for these events at the time of posting. Because this report aggregates and summarizes data and information from outside sources, the quality, accuracy or completeness of that data, and the appropriateness of the methodology used, cannot be guaranteed. Please refer directly to those sources for any data questions. Because the report includes preliminary information, subsequent reports may contain updates or revisions to information...",missing_required_fields_review,"What decision, if any, should a human reviewer record?",P2_medium,Review required: missing_required_fields_review,review_record_rec_src_search_31cd9572c4dd_015,REPLACE_WITH_REVIEWER_ID,missing required fields review - review_record_rec_src_search_31cd9572c4dd_015 - [PDF] Second Locally Acquired Case of 2025 Reported in F...,https://globalhealthreports.health.ny.gov/sites/default/files/2026-01/Global%20Health%20Update%201.22.26%20-%20Final.pdf,rec_src_search_31cd9572c4dd_015,validation_result
False,REPLACE_WITH_ISO_TIMESTAMP,prefill_review_record_rec_src_search_31cd9572c4dd_016,accept_validation_result,"1 Date: 1/22/26 This weekly report from the New York State Department of Health presents summaries of select ongoing and emerging infectious disease outbreaks of interest to public health professionals and the public, both globally and in the United States. The Global Health Update summaries include preliminary and up-to-date data that are publicly available for these events at the time of posting. Because this report aggregates and summarizes data and information from outside sources, the quality, accuracy or completeness of that data, and the appropriateness of the methodology used, cannot be guaranteed. Please refer directly to those sources for any data questions. Because the report includes preliminary information, subsequent reports may contain updates or revisions to information...",missing_required_fields_review,"What decision, if any, should a human reviewer record?",P2_medium,Review required: missing_required_fields_review,review_record_rec_src_search_31cd9572c4dd_016,REPLACE_WITH_REVIEWER_ID,missing required fields review - review_record_rec_src_search_31cd9572c4dd_016 - [PDF] Second Locally Acquired Case of 2025 Reported in F...,https://globalhealthreports.health.ny.gov/sites/default/files/2026-01/Global%20Health%20Update%201.22.26%20-%20Final.pdf,rec_src_search_31cd9572c4dd_016,validation_result
False,REPLACE_WITH_ISO_TIMESTAMP,prefill_review_core_metric_gap_src_search_0b6168dbc1ac,approve_source_role,"Task-relevant source text appeared to contain core epidemiology metric signals, but extraction produced no structured records.",general_review,"What decision, if any, should a human reviewer record?",P3_low,Review required: general_review,review_core_metric_gap_src_search_0b6168dbc1ac,REPLACE_WITH_REVIEWER_ID,general review - review_core_metric_gap_src_search_0b6168dbc1ac - [PDF] Florida Arbovirus Surveillance,https://www.floridahealth.gov/wp-content/uploads/2026/01/2025Week42ArbovirusReport_10-18-25.pdf,src_search_0b6168dbc1ac,source
False,REPLACE_WITH_ISO_TIMESTAMP,prefill_review_core_metric_gap_src_search_1b7b98980b61,approve_source_role,"Task-relevant source text appeared to contain core epidemiology metric signals, but extraction produced no structured records.",general_review,"What decision, if any, should a human reviewer record?",P3_low,Review required: general_review,review_core_metric_gap_src_search_1b7b98980b61,REPLACE_WITH_REVIEWER_ID,general review - review_core_metric_gap_src_search_1b7b98980b61 - Current Year Data (2026) | Dengue | CDC,https://www.cdc.gov/dengue/data-research/facts-stats/current-data.html,src_search_1b7b98980b61,source
False,REPLACE_WITH_ISO_TIMESTAMP,prefill_review_core_metric_gap_src_search_24c5b0ef4721,approve_source_role,"Task-relevant source text appeared to contain core epidemiology metric signals, but extraction produced no structured records.",general_review,"What decision, if any, should a human reviewer record?",P3_low,Review required: general_review,review_core_metric_gap_src_search_24c5b0ef4721,REPLACE_WITH_REVIEWER_ID,general review - review_core_metric_gap_src_search_24c5b0ef4721 - [PDF] Florida Arbovirus Surveillance,https://www.floridahealth.gov/wp-content/uploads/2025/07/2025-8-arbovirus-surveillance.pdf,src_search_24c5b0ef4721,source
False,REPLACE_WITH_ISO_TIMESTAMP,prefill_review_core_metric_gap_src_search_526c2e2794af,approve_source_role,"Task-relevant source text appeared to contain core epidemiology metric signals, but extraction produced no structured records.",general_review,"What decision, if any, should a human reviewer record?",P3_low,Review required: general_review,review_core_metric_gap_src_search_526c2e2794af,REPLACE_WITH_REVIEWER_ID,general review - review_core_metric_gap_src_search_526c2e2794af - Using Routine Surveillance Data to Assess Dengue Virus Transmission Ris...,https://wwwnc.cdc.gov/eid/article/32/2/25-1217_article,src_search_526c2e2794af,source
False,REPLACE_WITH_ISO_TIMESTAMP,prefill_review_core_metric_gap_src_search_5aec5f976eeb,approve_source_role,"Task-relevant source text appeared to contain core epidemiology metric signals, but extraction produced no structured records.",general_review,"What decision, if any, should a human reviewer record?",P3_low,Review required: general_review,review_core_metric_gap_src_search_5aec5f976eeb,REPLACE_WITH_REVIEWER_ID,general review - review_core_metric_gap_src_search_5aec5f976eeb - Dengue 2025 global surge: urgent call to bolster hospital ... - PMC,https://pmc.ncbi.nlm.nih.gov/articles/PMC12768135,src_search_5aec5f976eeb,source
False,REPLACE_WITH_ISO_TIMESTAMP,prefill_review_core_metric_gap_src_search_60f9228c083d,approve_source_role,"Task-relevant source text appeared to contain core epidemiology metric signals, but extraction produced no structured records.",general_review,"What decision, if any, should a human reviewer record?",P3_low,Review required: general_review,review_core_metric_gap_src_search_60f9228c083d,REPLACE_WITH_REVIEWER_ID,general review - review_core_metric_gap_src_search_60f9228c083d - Dengue Multi-Country Outbreak - PAHO/WHO,https://www.paho.org/en/topics/dengue/dengue-multi-country-grade-3-outbreak,src_search_60f9228c083d,source
False,REPLACE_WITH_ISO_TIMESTAMP,prefill_review_core_metric_gap_src_search_61d84b08b5f6,approve_source_role,"Task-relevant source text appeared to contain core epidemiology metric signals, but extraction produced no structured records.",general_review,"What decision, if any, should a human reviewer record?",P3_low,Review required: general_review,review_core_metric_gap_src_search_61d84b08b5f6,REPLACE_WITH_REVIEWER_ID,general review - review_core_metric_gap_src_search_61d84b08b5f6 - Historic Data (2010-2025) | Dengue | CDC,https://www.cdc.gov/dengue/data-research/facts-stats/historic-data.html,src_search_61d84b08b5f6,source
False,REPLACE_WITH_ISO_TIMESTAMP,prefill_review_core_metric_gap_src_search_b833a635676e,approve_source_role,"Task-relevant source text appeared to contain core epidemiology metric signals, but extraction produced no structured records.",general_review,"What decision, if any, should a human reviewer record?",P3_low,Review required: general_review,review_core_metric_gap_src_search_b833a635676e,REPLACE_WITH_REVIEWER_ID,general review - review_core_metric_gap_src_search_b833a635676e - [PDF] Dengue Situation Update 725 - 10 July 2025,https://cdn.who.int/media/docs/default-source/wpro---documents/emergency/surveillance/dengue/dengue_20250710.pdf?sfvrsn=261f7f36_1,src_search_b833a635676e,source
False,REPLACE_WITH_ISO_TIMESTAMP,prefill_review_core_metric_gap_src_search_ca32feb87a96,approve_source_role,"Task-relevant source text appeared to contain core epidemiology metric signals, but extraction produced no structured records.",general_review,"What decision, if any, should a human reviewer record?",P3_low,Review required: general_review,review_core_metric_gap_src_search_ca32feb87a96,REPLACE_WITH_REVIEWER_ID,"general review - review_core_metric_gap_src_search_ca32feb87a96 - PAHO updates dengue situation in the Americas, recommends strengthened...",https://www.paho.org/en/news/20-2-2026-paho-updates-dengue-situation-americas-recommends-strengthened-surveillance-and,src_search_ca32feb87a96,source
False,REPLACE_WITH_ISO_TIMESTAMP,prefill_review_core_metric_gap_src_search_cab7ecda0f44,approve_source_role,"Task-relevant source text appeared to contain core epidemiology metric signals, but extraction produced no structured records.",general_review,"What decision, if any, should a human reviewer record?",P3_low,Review required: general_review,review_core_metric_gap_src_search_cab7ecda0f44,REPLACE_WITH_REVIEWER_ID,general review - review_core_metric_gap_src_search_cab7ecda0f44 - Florida Arbovirus Reports - Pasco County Mosquito Control District,https://www.pascomosquito.org/florida-arbovirus-reports,src_search_cab7ecda0f44,source
False,REPLACE_WITH_ISO_TIMESTAMP,prefill_review_core_metric_gap_src_search_d0df6d007394,approve_source_role,"Task-relevant source text appeared to contain core epidemiology metric signals, but extraction produced no structured records.",general_review,"What decision, if any, should a human reviewer record?",P3_low,Review required: general_review,review_core_metric_gap_src_search_d0df6d007394,REPLACE_WITH_REVIEWER_ID,"general review - review_core_metric_gap_src_search_d0df6d007394 - CDC issues dengue fever warning for spring, summer travelers",https://thehill.com/policy/healthcare/5203674-dengue-fever-rising-us-travelers,src_search_d0df6d007394,source
False,REPLACE_WITH_ISO_TIMESTAMP,prefill_review_core_metric_gap_src_search_f8170b43e1cb,approve_source_role,"Task-relevant source text appeared to contain core epidemiology metric signals, but extraction produced no structured records.",general_review,"What decision, if any, should a human reviewer record?",P3_low,Review required: general_review,review_core_metric_gap_src_search_f8170b43e1cb,REPLACE_WITH_REVIEWER_ID,general review - review_core_metric_gap_src_search_f8170b43e1cb - Arbovirus Surveillance - Florida Department of Health,https://www.floridahealth.gov/statistics-data/population-surveillance/arbovirus-surveillance,src_search_f8170b43e1cb,source
False,REPLACE_WITH_ISO_TIMESTAMP,prefill_review_core_metric_gap_src_search_fbce10f4ecc0,approve_source_role,"Task-relevant source text appeared to contain core epidemiology metric signals, but extraction produced no structured records.",general_review,"What decision, if any, should a human reviewer record?",P3_low,Review required: general_review,review_core_metric_gap_src_search_fbce10f4ecc0,REPLACE_WITH_REVIEWER_ID,general review - review_core_metric_gap_src_search_fbce10f4ecc0 - Ongoing Risk of Dengue Virus Infections and Updated Testing Recommendat...,https://www.cdc.gov/han/php/notices/han00523.html,src_search_fbce10f4ecc0,source
False,REPLACE_WITH_ISO_TIMESTAMP,prefill_review_core_metric_gap_src_search_ff7b38a2792d,approve_source_role,"Task-relevant source text appeared to contain core epidemiology metric signals, but extraction produced no structured records.",general_review,"What decision, if any, should a human reviewer record?",P3_low,Review required: general_review,review_core_metric_gap_src_search_ff7b38a2792d,REPLACE_WITH_REVIEWER_ID,general review - review_core_metric_gap_src_search_ff7b38a2792d - Situation reports - PAHO/WHO | Pan American Health Organization,https://www.paho.org/en/situation-reports,src_search_ff7b38a2792d,source
False,REPLACE_WITH_ISO_TIMESTAMP,prefill_review_linking_event_011,accept_as_is,"1 Date: 1/22/26 This weekly report from the New York State Department of Health presents summaries of select ongoing and emerging infectious disease outbreaks of interest to public health professionals and the public, both globally and in the United States. The Global Health Update summaries include preliminary and up-to-date data that are publicly available for these events at the time of posting. Because this report aggregates and summarizes data and information from outside sources, the quality, accuracy or completeness of that data, and the appropriateness of the methodology used, cannot be guaranteed. Please refer directly to those sources for any data questions. Because the report includes preliminary information, subsequent reports may contain updates or revisions to information...",general_review,"What decision, if any, should a human reviewer record?",P3_low,Review required: general_review,review_linking_event_011,REPLACE_WITH_REVIEWER_ID,general review - review_linking_event_011 - [PDF] Second Locally Acquired Case of 2025 Reported in Florida,https://globalhealthreports.health.ny.gov/sites/default/files/2026-01/Global%20Health%20Update%201.22.26%20-%20Final.pdf,rec_src_search_31cd9572c4dd_001; rec_src_search_31cd9572c4dd_002; rec_src_search_31cd9572c4dd_003; rec_src_search_31cd9572c4dd_004; rec_src_search_31cd9572c4dd_005; rec_src_search_31cd9572c4dd_006; rec_src_search_31cd9572c4dd_007; rec_src_search_31cd9572c4dd_008; rec_src_search_31cd9572c4dd_009; rec_src_search_31cd9572c4dd_010; rec_src_search_31cd9572c4dd_011; rec_src_search_31cd9572c4dd_012; rec_src_search_31cd9572c4dd_013; rec_src_search_31cd9572c4dd_014; rec_src_search_31cd9572c4dd_015; rec_src_search_31cd9572c4dd_016,record
False,REPLACE_WITH_ISO_TIMESTAMP,prefill_review_source_src_search_051cb6779b0a,approve_source_role,,general_review,"What decision, if any, should a human reviewer record?",P3_low,Review required: general_review,review_source_src_search_051cb6779b0a,REPLACE_WITH_REVIEWER_ID,general review - review_source_src_search_051cb6779b0a - Imported Dengue Case Numbers and Local Climatic Patterns Are ...,https://www.mdpi.com/2075-4450/13/2/163,src_search_051cb6779b0a,source
False,REPLACE_WITH_ISO_TIMESTAMP,prefill_review_source_src_search_19e4b6b2e376,approve_source_role,,general_review,"What decision, if any, should a human reviewer record?",P3_low,Review required: general_review,review_source_src_search_19e4b6b2e376,REPLACE_WITH_REVIEWER_ID,general review - review_source_src_search_19e4b6b2e376 - News Release – DOH Reports 14th Travel-Related Dengue Virus Case of 2025 | Gover...,https://governor.hawaii.gov/newsroom/news-release-doh-reports-14th-travel-related-dengue-virus-case-of-2025,src_search_19e4b6b2e376,source
False,REPLACE_WITH_ISO_TIMESTAMP,prefill_review_source_src_search_302edcfa2635,approve_source_role,,general_review,"What decision, if any, should a human reviewer record?",P3_low,Review required: general_review,review_source_src_search_302edcfa2635,REPLACE_WITH_REVIEWER_ID,general review - review_source_src_search_302edcfa2635 - What is dengue? Mosquito-borne illness reported in Florida counties,https://www.floridatoday.com/story/news/2025/07/30/what-is-dengue-symptoms-to-watch-for-florida-cases-brevard-miami-dade-county/85438435007,src_search_302edcfa2635,source
False,REPLACE_WITH_ISO_TIMESTAMP,prefill_review_source_src_search_304300adfbfc,approve_source_role,,general_review,"What decision, if any, should a human reviewer record?",P3_low,Review required: general_review,review_source_src_search_304300adfbfc,REPLACE_WITH_REVIEWER_ID,general review - review_source_src_search_304300adfbfc - Florida reports 1st dengue local transmission case of 2025,https://outbreaknewstoday.substack.com/p/florida-reports-1st-dengue-local,src_search_304300adfbfc,source
False,REPLACE_WITH_ISO_TIMESTAMP,prefill_review_source_src_search_53763309bf94,approve_source_role,,general_review,"What decision, if any, should a human reviewer record?",P3_low,Review required: general_review,review_source_src_search_53763309bf94,REPLACE_WITH_REVIEWER_ID,general review - review_source_src_search_53763309bf94 - Dengue in Florida: What to know - Emerging Pathogens Institute,https://epi.ufl.edu/2025/06/24/dengue-in-florida-what-to-know,src_search_53763309bf94,source
False,REPLACE_WITH_ISO_TIMESTAMP,prefill_review_source_src_search_538a1d433fd1,approve_source_role,,general_review,"What decision, if any, should a human reviewer record?",P3_low,Review required: general_review,review_source_src_search_538a1d433fd1,REPLACE_WITH_REVIEWER_ID,general review - review_source_src_search_538a1d433fd1 - Dengue Epidemiological Situation in the Region of the Americas - Epidemiological...,https://www.paho.org/en/documents/dengue-epidemiological-situation-region-americas-epidemiological-week-20-2026,src_search_538a1d433fd1,source
False,REPLACE_WITH_ISO_TIMESTAMP,prefill_review_source_src_search_6cc03a0a2cfe,approve_source_role,,general_review,"What decision, if any, should a human reviewer record?",P3_low,Review required: general_review,review_source_src_search_6cc03a0a2cfe,REPLACE_WITH_REVIEWER_ID,"general review - review_source_src_search_6cc03a0a2cfe - Brevard topped the 2025 locally acquired dengue fever cases, with ...",https://www.facebook.com/Floridatoday/posts/brevard-topped-the-2025-locally-acquired-dengue-fever-cases-with-35-of-62-statew/1342224017947611,src_search_6cc03a0a2cfe,source
False,REPLACE_WITH_ISO_TIMESTAMP,prefill_review_source_src_search_74e6da22c7aa,approve_source_role,,general_review,"What decision, if any, should a human reviewer record?",P3_low,Review required: general_review,review_source_src_search_74e6da22c7aa,REPLACE_WITH_REVIEWER_ID,general review - review_source_src_search_74e6da22c7aa - Fatal Dengue Acquired in Florida - PMC - NIH,https://pmc.ncbi.nlm.nih.gov/articles/PMC11304554,src_search_74e6da22c7aa,source
False,REPLACE_WITH_ISO_TIMESTAMP,prefill_review_source_src_search_ba28ea669df7,approve_source_role,,general_review,"What decision, if any, should a human reviewer record?",P3_low,Review required: general_review,review_source_src_search_ba28ea669df7,REPLACE_WITH_REVIEWER_ID,general review - review_source_src_search_ba28ea669df7 - Report finds 359% rise in U.S. cases of dengue | AHA News,https://www.aha.org/news/headline/2026-05-15-report-finds-359-rise-us-cases-dengue,src_search_ba28ea669df7,source
False,REPLACE_WITH_ISO_TIMESTAMP,prefill_review_source_src_search_be4bdb98b361,approve_source_role,,general_review,"What decision, if any, should a human reviewer record?",P3_low,Review required: general_review,review_source_src_search_be4bdb98b361,REPLACE_WITH_REVIEWER_ID,"general review - review_source_src_search_be4bdb98b361 - Florida Dengue travel cases exceed this year's expectations, data ...",https://www.wusf.org/health-news-florida/2024-06-27/florida-dengue-travel-cases-exceed-expectations-state-data-mosquito-control,src_search_be4bdb98b361,source
False,REPLACE_WITH_ISO_TIMESTAMP,prefill_review_source_src_search_d0df6d007394,approve_source_role,,general_review,"What decision, if any, should a human reviewer record?",P3_low,Review required: general_review,review_source_src_search_d0df6d007394,REPLACE_WITH_REVIEWER_ID,"general review - review_source_src_search_d0df6d007394 - CDC issues dengue fever warning for spring, summer travelers",https://thehill.com/policy/healthcare/5203674-dengue-fever-rising-us-travelers,src_search_d0df6d007394,source
False,REPLACE_WITH_ISO_TIMESTAMP,prefill_review_source_src_search_fbcc657a07a3,approve_source_role,,general_review,"What decision, if any, should a human reviewer record?",P3_low,Review required: general_review,review_source_src_search_fbcc657a07a3,REPLACE_WITH_REVIEWER_ID,general review - review_source_src_search_fbcc657a07a3 - Dengue fever Florida. Symptoms watch for. - Sarasota Herald-Tribune,https://www.heraldtribune.com/story/news/2024/06/24/dengue-fever-florida-cases-symptoms-mosquitoes/74193846007,src_search_fbcc657a07a3,source
