actual_publisher,allowed_decision_types,date_or_period,disease,evidence_quote,issue_category,issue_type,location,priority_level,priority_rank,recommended_artifacts_to_open,short_title,source_title,source_url,suggested_action,suggested_reviewer_question,target_ids,target_type,why_it_matters
Centers for Disease Control and Prevention,accept_as_is; correct_fields; reject_record; mark_requires_review; mark_review_resolved; mark_non_countable; mark_countable; mark_duplicate; mark_not_duplicate; needs_more_evidence; defer_decision,2024-08-31,West Nile Virus Disease,"Two more people have died, in New Jersey, from West Nile virus, bringing the total number of U.S. deaths in 2024 to five—*Newsweek* maps show the extent of the outbreak.",primary_case_dataset_blocker,record_linking,California,P0_critical,1,human_review_items; record_inclusion_decisions; quarantined_records; context_records; final_case_dataset; claims; claim_comparisons; corroborated_events,primary case dataset blocker - review_linking_event_008 - West Nile Virus Maps Show Cases in US This Year - Newsweek,West Nile Virus Maps Show Cases in US This Year - Newsweek,https://www.newsweek.com/west-nile-virus-maps-show-cases-us-this-year-1947235,"Inspect the record, evidence quote, source identity, and quality-gate reasons before editing a decision file.",Does this evidence support a task-compatible primary case record?,rec_src_search_29301bcfe202_001; rec_src_search_29301bcfe202_002,record,This item can change whether a record is eligible for the primary case dataset.
,accept_as_is; correct_fields; reject_record; mark_requires_review; mark_review_resolved; mark_non_countable; mark_countable; mark_duplicate; mark_not_duplicate; needs_more_evidence; defer_decision,2024-08-31,West Nile Virus Disease,"| **Human cases (fatal)** | 3 (0) | 791 (32) | 880 (21) | 278 (9) | 382 (22) | 446 (15) | 112 (5) | 112 (6) | 159 (9) | 480 (23) | 387 (19) | 842 (34) | 800 (55) | 461 (21) | 556 (44) | 217 (11) | 225 (6) | 214 (15) | 129 (12) | 209 (15) | 433 (20) | 132 (12) | 116 (11) | 0 (0) | 8,364 (417) |",primary_case_dataset_blocker,record_linking,California,P0_critical,2,human_review_items; record_inclusion_decisions; quarantined_records; context_records; final_case_dataset; claims; claim_comparisons; corroborated_events,primary case dataset blocker - review_linking_event_015 - California West Nile Virus Website: Westnile.ca.gov,California West Nile Virus Website: Westnile.ca.gov,https://westnile.ca.gov,"Inspect the record, evidence quote, source identity, and quality-gate reasons before editing a decision file.",Does this evidence support a task-compatible primary case record?,rec_src_search_fc3322f3069f_001,record,This item can change whether a record is eligible for the primary case dataset.
,accept_as_is; correct_fields; reject_record; mark_requires_review; mark_review_resolved; mark_non_countable; mark_countable; mark_duplicate; mark_not_duplicate; needs_more_evidence; defer_decision,2024-08-31,West Nile Virus Disease,##### Human Cases **Year-to-date:** 5 **Counties:** 3,primary_case_dataset_blocker,record_linking,California,P0_critical,3,human_review_items; record_inclusion_decisions; quarantined_records; context_records; final_case_dataset; claims; claim_comparisons; corroborated_events,primary case dataset blocker - review_linking_event_019 - Westnile.ca.gov | California West Nile Virus Website,Westnile.ca.gov | California West Nile Virus Website,https://westnile.ca.gov/resources.php,"Inspect the record, evidence quote, source identity, and quality-gate reasons before editing a decision file.",Does this evidence support a task-compatible primary case record?,rec_src_search_14d0fc5d0793_001,record,This item can change whether a record is eligible for the primary case dataset.
,accept_as_is; correct_fields; reject_record; mark_requires_review; mark_review_resolved; mark_non_countable; mark_countable; mark_duplicate; mark_not_duplicate; needs_more_evidence; defer_decision,2024-08-31,West Nile Virus Disease,YTD 27 0 0,primary_case_dataset_blocker,record_linking,California,P0_critical,4,human_review_items; record_inclusion_decisions; quarantined_records; context_records; final_case_dataset; claims; claim_comparisons; corroborated_events,primary case dataset blocker - review_linking_event_020 - [PDF] WEEKLY UPDATE - California West Nile Virus,[PDF] WEEKLY UPDATE - California West Nile Virus,https://westnile.ca.gov/download?download_id=5027,"Inspect the record, evidence quote, source identity, and quality-gate reasons before editing a decision file.",Does this evidence support a task-compatible primary case record?,rec_src_search_1901d64d67f4_009,record,This item can change whether a record is eligible for the primary case dataset.
,accept_as_is; correct_fields; reject_record; mark_requires_review; mark_review_resolved; mark_non_countable; mark_countable; mark_duplicate; mark_not_duplicate; needs_more_evidence; defer_decision,2024-08-31,West Nile Virus Disease,"Tulare County: At least 13 human cases, including one death.",primary_case_dataset_blocker,record_linking,"Tulare County, California",P0_critical,5,human_review_items; record_inclusion_decisions; quarantined_records; context_records; final_case_dataset; claims; claim_comparisons; corroborated_events,"primary case dataset blocker - review_linking_event_035 - West Nile virus, spread by mosquitoes, claims a third life in the San ...","West Nile virus, spread by mosquitoes, claims a third life in the San ...",https://theintersectionreports.org/west-nile-virus-spread-by-mosquitoes-claims-a-third-life-in-the-san-joaquin-valley,"Inspect the record, evidence quote, source identity, and quality-gate reasons before editing a decision file.",Does this evidence support a task-compatible primary case record?,rec_src_search_c0d70a141aca_002,record,This item can change whether a record is eligible for the primary case dataset.
,accept_as_is; correct_fields; reject_record; mark_requires_review; mark_review_resolved; mark_non_countable; mark_countable; mark_duplicate; mark_not_duplicate; needs_more_evidence; defer_decision,2024-08-31,West Nile Virus Disease,##### Human Cases **Year-to-date:** 5 **Counties:** 3,primary_case_dataset_blocker,record_normalization,California,P0_critical,6,human_review_items; record_inclusion_decisions; quarantined_records; context_records; final_case_dataset; claims; claim_comparisons; corroborated_events,primary case dataset blocker - review_normalization_rec_src_search_14d0fc5d0793_001 - Westnile.ca.gov | California West Nile Virus Website,Westnile.ca.gov | California West Nile Virus Website,https://westnile.ca.gov/resources.php,"Inspect the record, evidence quote, source identity, and quality-gate reasons before editing a decision file.",Does this evidence support a task-compatible primary case record?,rec_src_search_14d0fc5d0793_001,record,This item can change whether a record is eligible for the primary case dataset.
,accept_as_is; correct_fields; reject_record; mark_requires_review; mark_review_resolved; mark_non_countable; mark_countable; mark_duplicate; mark_not_duplicate; needs_more_evidence; defer_decision,2024-08-31,West Nile Virus Disease,YTD 27 0 0,primary_case_dataset_blocker,record_normalization,California,P0_critical,7,human_review_items; record_inclusion_decisions; quarantined_records; context_records; final_case_dataset; claims; claim_comparisons; corroborated_events,primary case dataset blocker - review_normalization_rec_src_search_1901d64d67f4_009 - [PDF] WEEKLY UPDATE - California West Nile Virus,[PDF] WEEKLY UPDATE - California West Nile Virus,https://westnile.ca.gov/download?download_id=5027,"Inspect the record, evidence quote, source identity, and quality-gate reasons before editing a decision file.",Does this evidence support a task-compatible primary case record?,rec_src_search_1901d64d67f4_009,record,This item can change whether a record is eligible for the primary case dataset.
Centers for Disease Control and Prevention,accept_as_is; correct_fields; reject_record; mark_requires_review; mark_review_resolved; mark_non_countable; mark_countable; mark_duplicate; mark_not_duplicate; needs_more_evidence; defer_decision,2024-08-31,West Nile Virus Disease,"A total of 289 cases of the disease have been detected so far, according to the U.S. Centers for Disease Control and Prevention ([CDC](https://www.newsweek.com/topic/cdc)), across 33 different states, but what is West Nile virus, and who is most at risk?",primary_case_dataset_blocker,record_normalization,California,P0_critical,8,human_review_items; record_inclusion_decisions; quarantined_records; context_records; final_case_dataset; claims; claim_comparisons; corroborated_events,primary case dataset blocker - review_normalization_rec_src_search_29301bcfe202_002 - West Nile Virus Maps Show Cases in US This Year - N...,West Nile Virus Maps Show Cases in US This Year - Newsweek,https://www.newsweek.com/west-nile-virus-maps-show-cases-us-this-year-1947235,"Inspect the record, evidence quote, source identity, and quality-gate reasons before editing a decision file.",Does this evidence support a task-compatible primary case record?,rec_src_search_29301bcfe202_002,record,This item can change whether a record is eligible for the primary case dataset.
,accept_as_is; correct_fields; reject_record; mark_requires_review; mark_review_resolved; mark_non_countable; mark_countable; mark_duplicate; mark_not_duplicate; needs_more_evidence; defer_decision,2024-08-31,West Nile Virus Disease,"Tulare County: At least 13 human cases, including one death.",primary_case_dataset_blocker,record_normalization,"Tulare County, California",P0_critical,9,human_review_items; record_inclusion_decisions; quarantined_records; context_records; final_case_dataset; claims; claim_comparisons; corroborated_events,"primary case dataset blocker - review_normalization_rec_src_search_c0d70a141aca_002 - West Nile virus, spread by mosquitoes, claims a thi...","West Nile virus, spread by mosquitoes, claims a third life in the San ...",https://theintersectionreports.org/west-nile-virus-spread-by-mosquitoes-claims-a-third-life-in-the-san-joaquin-valley,"Inspect the record, evidence quote, source identity, and quality-gate reasons before editing a decision file.",Does this evidence support a task-compatible primary case record?,rec_src_search_c0d70a141aca_002,record,This item can change whether a record is eligible for the primary case dataset.
,accept_as_is; correct_fields; reject_record; mark_requires_review; mark_review_resolved; mark_non_countable; mark_countable; mark_duplicate; mark_not_duplicate; needs_more_evidence; defer_decision,2024-08-31,West Nile Virus Disease,"| **Human cases (fatal)** | 3 (0) | 791 (32) | 880 (21) | 278 (9) | 382 (22) | 446 (15) | 112 (5) | 112 (6) | 159 (9) | 480 (23) | 387 (19) | 842 (34) | 800 (55) | 461 (21) | 556 (44) | 217 (11) | 225 (6) | 214 (15) | 129 (12) | 209 (15) | 433 (20) | 132 (12) | 116 (11) | 0 (0) | 8,364 (417) |",primary_case_dataset_blocker,record_normalization,California,P0_critical,10,human_review_items; record_inclusion_decisions; quarantined_records; context_records; final_case_dataset; claims; claim_comparisons; corroborated_events,primary case dataset blocker - review_normalization_rec_src_search_fc3322f3069f_001 - California West Nile Virus Website: Westnile.ca.gov,California West Nile Virus Website: Westnile.ca.gov,https://westnile.ca.gov,"Inspect the record, evidence quote, source identity, and quality-gate reasons before editing a decision file.",Does this evidence support a task-compatible primary case record?,rec_src_search_fc3322f3069f_001,record,This item can change whether a record is eligible for the primary case dataset.
,needs_more_evidence; defer_decision,2024-08-01-2024-08-31,West Nile virus,Comparable public-health claims conflict and require review.,conflicting_claims_review,claim_corroboration_conflict,California,P0_critical,11,human_review_items; record_inclusion_decisions; claims; claim_comparisons; corroborated_events,conflicting claims review - review_claim_corroboration_conflict_corr_event_002 - West Nile Virus Information - Placer Mosquito Vector Con...,West Nile Virus Information - Placer Mosquito Vector Control District,https://placermosquito.org/west-nile-information,review_claim_corroboration,Which claim should be treated as comparable evidence after review?,claim_rec_src_search_67a72fbb98c5_002_cases_unspecified; claim_rec_src_search_67a72fbb98c5_002_deaths; claim_rec_src_search_29301bcfe202_001_deaths; claim_rec_src_search_29301bcfe202_002_cases_unspecified; claim_rec_src_search_b9348b953aaa_001_cases_unspecified; claim_rec_src_search_b9348b953aaa_004_cases_unspecified; claim_rec_src_search_b9348b953aaa_005_cases_unspecified; claim_rec_src_search_b9348b953aaa_006_deaths; claim_rec_src_search_b9348b953aaa_007_cases_unspecified; claim_rec_src_search_b9348b953aaa_008_cases_unspecified; claim_rec_src_search_b9348b953aaa_009_cases_unspecified; claim_rec_src_search_b9348b953aaa_010_cases_unspecified; claim_rec_src_search_a39e4fa28013_001_cases_unspecified; claim_rec_src_search_a39e4fa28013_006_cases_unspecified; claim_rec_src_search_a39e4fa28013_007_cases_unspecified; claim_rec_src_search_a39e4fa28013_008_deaths; claim_rec_src_search_a39e4fa28013_009_cases_unspecified; claim_rec_src_search_a39e4fa28013_010_cases_unspecified; claim_rec_src_search_a39e4fa28013_011_cases_unspecified; claim_rec_src_search_a39e4fa28013_012_cases_unspecified; claim_rec_src_search_fc3322f3069f_001_cases_unspecified; claim_rec_src_search_fc3322f3069f_001_deaths; claim_rec_src_search_fc3322f3069f_002_cases_unspecified; claim_rec_src_search_fc3322f3069f_002_deaths; claim_rec_src_search_14d0fc5d0793_001_cases_unspecified; claim_rec_src_search_14d0fc5d0793_003_cases_unspecified; claim_rec_src_search_14d0fc5d0793_003_deaths; claim_rec_src_search_26c03daad21f_001_cases_confirmed; claim_rec_src_search_26c03daad21f_001_deaths; claim_rec_src_search_26c03daad21f_002_cases_confirmed; claim_rec_src_search_26c03daad21f_002_deaths; claim_rec_src_search_1901d64d67f4_001_cases_unspecified; claim_rec_src_search_1901d64d67f4_002_cases_unspecified; claim_rec_src_search_1901d64d67f4_003_cases_unspecified; claim_rec_src_search_1901d64d67f4_005_cases_unspecified; claim_rec_src_search_1901d64d67f4_006_cases_unspecified; claim_rec_src_search_1901d64d67f4_007_cases_unspecified; claim_rec_src_search_1901d64d67f4_009_cases_confirmed; claim_rec_src_search_1901d64d67f4_004_deaths; claim_rec_src_search_1901d64d67f4_008_cases_confirmed; claim_rec_src_search_1901d64d67f4_008_cases_probable; claim_rec_src_search_1901d64d67f4_009_cases_probable; src_search_67a72fbb98c5; src_search_29301bcfe202; src_search_b9348b953aaa; src_search_a39e4fa28013; src_search_fc3322f3069f; src_search_14d0fc5d0793; src_search_26c03daad21f; src_search_1901d64d67f4; corr_event_002,claim,"Comparable claims conflict and may affect cases, date, location, or count semantics."
,needs_more_evidence; defer_decision,2024-08-01-2024-08-31,West Nile virus,Comparable public-health claims conflict and require review.,conflicting_claims_review,claim_corroboration_conflict,California,P0_critical,12,human_review_items; record_inclusion_decisions; claims; claim_comparisons; corroborated_events,"conflicting claims review - review_claim_corroboration_conflict_corr_event_003 - West Nile virus, spread by mosquitoes, claims a third li...","West Nile virus, spread by mosquitoes, claims a third life in the San ...",https://theintersectionreports.org/west-nile-virus-spread-by-mosquitoes-claims-a-third-life-in-the-san-joaquin-valley,review_claim_corroboration,Which claim should be treated as comparable evidence after review?,claim_rec_src_search_c0d70a141aca_001_deaths; claim_rec_src_search_c0d70a141aca_001_cases_unspecified; claim_rec_src_search_a39e4fa28013_002_cases_unspecified; src_search_c0d70a141aca; src_search_a39e4fa28013; corr_event_003,claim,"Comparable claims conflict and may affect cases, date, location, or count semantics."
,needs_more_evidence; defer_decision,2024-08-01-2024-08-31,West Nile virus,Comparable public-health claims conflict and require review.,conflicting_claims_review,claim_corroboration_conflict,California,P0_critical,13,human_review_items; record_inclusion_decisions; claims; claim_comparisons; corroborated_events,"conflicting claims review - review_claim_corroboration_conflict_corr_event_004 - West Nile virus, spread by mosquitoes, claims a third li...","West Nile virus, spread by mosquitoes, claims a third life in the San ...",https://theintersectionreports.org/west-nile-virus-spread-by-mosquitoes-claims-a-third-life-in-the-san-joaquin-valley,review_claim_corroboration,Which claim should be treated as comparable evidence after review?,claim_rec_src_search_c0d70a141aca_002_deaths; claim_rec_src_search_14d0fc5d0793_002_deaths; claim_rec_src_search_c0d70a141aca_002_cases_unspecified; claim_rec_src_search_a39e4fa28013_005_cases_unspecified; src_search_c0d70a141aca; src_search_a39e4fa28013; src_search_14d0fc5d0793; corr_event_004,claim,"Comparable claims conflict and may affect cases, date, location, or count semantics."
,accept_as_is; correct_fields; reject_record; mark_requires_review; mark_review_resolved; mark_non_countable; mark_countable; mark_duplicate; mark_not_duplicate; needs_more_evidence; defer_decision,2024-08-31,West Nile Virus Disease,"Of the 112 cases, 86 (77%) had neuroinvasive disease and 11 (10%) were fatal. The median age of the",possible_primary_case_evidence,duplicate_event_clustering,California,P0_critical,14,human_review_items; record_inclusion_decisions; quarantined_records; context_records; final_case_dataset; claims; claim_comparisons; corroborated_events,possible primary case evidence - review_duplicate_event_001 - Arbobulletin_2024_32.pdf,Arbobulletin_2024_32.pdf,https://westnile.ca.gov/download?download_id=5072,Inspect corroboration and source identity before deciding whether a structured human decision is warranted.,Is this a task-compatible primary case observation or only context/secondary evidence?,rec_src_search_b9348b953aaa_005; event_001,record,"No accepted primary case dataset records exist, and this item may contain possible primary case evidence."
,accept_as_is; correct_fields; reject_record; mark_requires_review; mark_review_resolved; mark_non_countable; mark_countable; mark_duplicate; mark_not_duplicate; needs_more_evidence; defer_decision,2024-08-31,West Nile Virus Disease,"counties. Of the 98 cases, 75 (77%) had neuroinvasive disease and 11 (11 %) were fatal. The median age",possible_primary_case_evidence,duplicate_event_clustering,California,P0_critical,15,human_review_items; record_inclusion_decisions; quarantined_records; context_records; final_case_dataset; claims; claim_comparisons; corroborated_events,possible primary case evidence - review_duplicate_event_002 - Arbobulletin_2024_29.pdf,Arbobulletin_2024_29.pdf,https://westnile.ca.gov/download?download_id=5061,Inspect corroboration and source identity before deciding whether a structured human decision is warranted.,Is this a task-compatible primary case observation or only context/secondary evidence?,rec_src_search_a39e4fa28013_007; event_002,record,"No accepted primary case dataset records exist, and this item may contain possible primary case evidence."
,accept_as_is; correct_fields; reject_record; mark_requires_review; mark_review_resolved; mark_non_countable; mark_countable; mark_duplicate; mark_not_duplicate; needs_more_evidence; defer_decision,2024-08-31,West Nile Virus Disease,"onset ranged from May 28 to August 15 . In addition to the 27 cases of WNV disease, 8 asymptomatic",possible_primary_case_evidence,duplicate_event_clustering,California,P0_critical,16,human_review_items; record_inclusion_decisions; quarantined_records; context_records; final_case_dataset; claims; claim_comparisons; corroborated_events,possible primary case evidence - review_duplicate_event_004 - [PDF] WEEKLY UPDATE - California West Nile Virus,[PDF] WEEKLY UPDATE - California West Nile Virus,https://westnile.ca.gov/download?download_id=5027,Inspect corroboration and source identity before deciding whether a structured human decision is warranted.,Is this a task-compatible primary case observation or only context/secondary evidence?,rec_src_search_1901d64d67f4_005; event_004,record,"No accepted primary case dataset records exist, and this item may contain possible primary case evidence."
,accept_as_is; correct_fields; reject_record; mark_requires_review; mark_review_resolved; mark_non_countable; mark_countable; mark_duplicate; mark_not_duplicate; needs_more_evidence; defer_decision,2024-08-31,West Nile Virus Disease,A total of 8 new human cases of West Nile virus (WNV) disease were reported this week from 6,possible_primary_case_evidence,duplicate_event_clustering,California,P0_critical,17,human_review_items; record_inclusion_decisions; quarantined_records; context_records; final_case_dataset; claims; claim_comparisons; corroborated_events,possible primary case evidence - review_duplicate_event_005 - [PDF] WEEKLY UPDATE - California West Nile Virus,[PDF] WEEKLY UPDATE - California West Nile Virus,https://westnile.ca.gov/download?download_id=5027,Inspect corroboration and source identity before deciding whether a structured human decision is warranted.,Is this a task-compatible primary case observation or only context/secondary evidence?,rec_src_search_1901d64d67f4_001; event_005,record,"No accepted primary case dataset records exist, and this item may contain possible primary case evidence."
,accept_as_is; correct_fields; reject_record; mark_requires_review; mark_review_resolved; mark_non_countable; mark_countable; mark_duplicate; mark_not_duplicate; needs_more_evidence; defer_decision,2024-08-31,West Nile Virus Disease,"the 27 cases, 21 (78%) had neuroinvasive disease and 3 ( 11 %) were fatal. The median age of the",possible_primary_case_evidence,duplicate_event_clustering,California,P0_critical,18,human_review_items; record_inclusion_decisions; quarantined_records; context_records; final_case_dataset; claims; claim_comparisons; corroborated_events,possible primary case evidence - review_duplicate_event_006 - [PDF] WEEKLY UPDATE - California West Nile Virus,[PDF] WEEKLY UPDATE - California West Nile Virus,https://westnile.ca.gov/download?download_id=5027,Inspect corroboration and source identity before deciding whether a structured human decision is warranted.,Is this a task-compatible primary case observation or only context/secondary evidence?,rec_src_search_1901d64d67f4_003; rec_src_search_1901d64d67f4_004; event_006,record,"No accepted primary case dataset records exist, and this item may contain possible primary case evidence."
,accept_as_is; correct_fields; reject_record; mark_requires_review; mark_review_resolved; mark_non_countable; mark_countable; mark_duplicate; mark_not_duplicate; needs_more_evidence; defer_decision,2024-08-31,West Nile Virus Disease,No. Human Cases 324 112,possible_primary_case_evidence,duplicate_event_clustering,California,P0_critical,19,human_review_items; record_inclusion_decisions; quarantined_records; context_records; final_case_dataset; claims; claim_comparisons; corroborated_events,possible primary case evidence - review_duplicate_event_012 - Arbobulletin_2024_32.pdf,Arbobulletin_2024_32.pdf,https://westnile.ca.gov/download?download_id=5072,Inspect corroboration and source identity before deciding whether a structured human decision is warranted.,Is this a task-compatible primary case observation or only context/secondary evidence?,rec_src_search_b9348b953aaa_009; event_012,record,"No accepted primary case dataset records exist, and this item may contain possible primary case evidence."
,accept_as_is; correct_fields; reject_record; mark_requires_review; mark_review_resolved; mark_non_countable; mark_countable; mark_duplicate; mark_not_duplicate; needs_more_evidence; defer_decision,2024-08-31,West Nile Virus Disease,No. Human Cases 286 98,possible_primary_case_evidence,duplicate_event_clustering,California,P0_critical,20,human_review_items; record_inclusion_decisions; quarantined_records; context_records; final_case_dataset; claims; claim_comparisons; corroborated_events,possible primary case evidence - review_duplicate_event_013 - Arbobulletin_2024_29.pdf,Arbobulletin_2024_29.pdf,https://westnile.ca.gov/download?download_id=5061,Inspect corroboration and source identity before deciding whether a structured human decision is warranted.,Is this a task-compatible primary case observation or only context/secondary evidence?,rec_src_search_a39e4fa28013_009; event_013,record,"No accepted primary case dataset records exist, and this item may contain possible primary case evidence."
,accept_as_is; correct_fields; reject_record; mark_requires_review; mark_review_resolved; mark_non_countable; mark_countable; mark_duplicate; mark_not_duplicate; needs_more_evidence; defer_decision,2024-08-31,West Nile Virus Disease,"from Tulare County this year. In 2024, 98 human cases of WNV disease were reported from 23",possible_primary_case_evidence,duplicate_event_clustering,California,P0_critical,21,human_review_items; record_inclusion_decisions; quarantined_records; context_records; final_case_dataset; claims; claim_comparisons; corroborated_events,possible primary case evidence - review_duplicate_event_014 - Arbobulletin_2024_29.pdf,Arbobulletin_2024_29.pdf,https://westnile.ca.gov/download?download_id=5061,Inspect corroboration and source identity before deciding whether a structured human decision is warranted.,Is this a task-compatible primary case observation or only context/secondary evidence?,rec_src_search_a39e4fa28013_006; event_014,record,"No accepted primary case dataset records exist, and this item may contain possible primary case evidence."
,accept_as_is; correct_fields; reject_record; mark_requires_review; mark_review_resolved; mark_non_countable; mark_countable; mark_duplicate; mark_not_duplicate; needs_more_evidence; defer_decision,2024-08-31,West Nile Virus Disease,"| **Human cases (fatal)** | 3 (0) | 791 (32) | 880 (21) | 278 (9) | 382 (22) | 446 (15) | 112 (5) | 112 (6) | 159 (9) | 480 (23) | 387 (19) | 842 (34) | 800 (55) | 461 (21) | 556 (44) | 217 (11) | 225 (6) | 214 (15) | 129 (12) | 209 (15) | 433 (20) | 132 (12) | 116 (11) | 0 (0) | 8,364 (417) |",possible_primary_case_evidence,duplicate_event_clustering,California,P0_critical,22,human_review_items; record_inclusion_decisions; quarantined_records; context_records; final_case_dataset; claims; claim_comparisons; corroborated_events,possible primary case evidence - review_duplicate_event_015 - California West Nile Virus Website: Westnile.ca.gov,California West Nile Virus Website: Westnile.ca.gov,https://westnile.ca.gov,Inspect corroboration and source identity before deciding whether a structured human decision is warranted.,Is this a task-compatible primary case observation or only context/secondary evidence?,rec_src_search_fc3322f3069f_001; event_015,record,"No accepted primary case dataset records exist, and this item may contain possible primary case evidence."
,accept_as_is; correct_fields; reject_record; mark_requires_review; mark_review_resolved; mark_non_countable; mark_countable; mark_duplicate; mark_not_duplicate; needs_more_evidence; defer_decision,2024-08-31,West Nile Virus Disease,No. Human Cases 286 98,possible_primary_case_evidence,duplicate_event_clustering,California,P0_critical,23,human_review_items; record_inclusion_decisions; quarantined_records; context_records; final_case_dataset; claims; claim_comparisons; corroborated_events,possible primary case evidence - review_duplicate_event_016 - Arbobulletin_2024_29.pdf,Arbobulletin_2024_29.pdf,https://westnile.ca.gov/download?download_id=5061,Inspect corroboration and source identity before deciding whether a structured human decision is warranted.,Is this a task-compatible primary case observation or only context/secondary evidence?,rec_src_search_a39e4fa28013_010; event_016,record,"No accepted primary case dataset records exist, and this item may contain possible primary case evidence."
,accept_as_is; correct_fields; reject_record; mark_requires_review; mark_review_resolved; mark_non_countable; mark_countable; mark_duplicate; mark_not_duplicate; needs_more_evidence; defer_decision,2024-08-31,West Nile Virus Disease,"Fresno (1) and Yolo (1 ). In 2024, 11 2 human cases of WNV disease were reported from 23 counties.",possible_primary_case_evidence,duplicate_event_clustering,California,P0_critical,24,human_review_items; record_inclusion_decisions; quarantined_records; context_records; final_case_dataset; claims; claim_comparisons; corroborated_events,possible primary case evidence - review_duplicate_event_017 - Arbobulletin_2024_32.pdf,Arbobulletin_2024_32.pdf,https://westnile.ca.gov/download?download_id=5072,Inspect corroboration and source identity before deciding whether a structured human decision is warranted.,Is this a task-compatible primary case observation or only context/secondary evidence?,rec_src_search_b9348b953aaa_004; rec_src_search_b9348b953aaa_006; rec_src_search_b9348b953aaa_007; event_017,record,"No accepted primary case dataset records exist, and this item may contain possible primary case evidence."
,accept_as_is; correct_fields; reject_record; mark_requires_review; mark_review_resolved; mark_non_countable; mark_countable; mark_duplicate; mark_not_duplicate; needs_more_evidence; defer_decision,2024-08-31,West Nile Virus Disease,No. Human Cases 324 112,possible_primary_case_evidence,duplicate_event_clustering,California,P0_critical,25,human_review_items; record_inclusion_decisions; quarantined_records; context_records; final_case_dataset; claims; claim_comparisons; corroborated_events,possible primary case evidence - review_duplicate_event_018 - Arbobulletin_2024_32.pdf,Arbobulletin_2024_32.pdf,https://westnile.ca.gov/download?download_id=5072,Inspect corroboration and source identity before deciding whether a structured human decision is warranted.,Is this a task-compatible primary case observation or only context/secondary evidence?,rec_src_search_b9348b953aaa_008; event_018,record,"No accepted primary case dataset records exist, and this item may contain possible primary case evidence."
,accept_as_is; correct_fields; reject_record; mark_requires_review; mark_review_resolved; mark_non_countable; mark_countable; mark_duplicate; mark_not_duplicate; needs_more_evidence; defer_decision,2024-08-31,West Nile Virus Disease,##### Human Cases **Year-to-date:** 5 **Counties:** 3,possible_primary_case_evidence,duplicate_event_clustering,California,P0_critical,26,human_review_items; record_inclusion_decisions; quarantined_records; context_records; final_case_dataset; claims; claim_comparisons; corroborated_events,possible primary case evidence - review_duplicate_event_019 - Westnile.ca.gov | California West Nile Virus Website,Westnile.ca.gov | California West Nile Virus Website,https://westnile.ca.gov/resources.php,Inspect corroboration and source identity before deciding whether a structured human decision is warranted.,Is this a task-compatible primary case observation or only context/secondary evidence?,rec_src_search_14d0fc5d0793_001; event_019,record,"No accepted primary case dataset records exist, and this item may contain possible primary case evidence."
,accept_as_is; correct_fields; reject_record; mark_requires_review; mark_review_resolved; mark_non_countable; mark_countable; mark_duplicate; mark_not_duplicate; needs_more_evidence; defer_decision,2024-08-31,West Nile Virus Disease,YTD 27 0 0,possible_primary_case_evidence,duplicate_event_clustering,California,P0_critical,27,human_review_items; record_inclusion_decisions; quarantined_records; context_records; final_case_dataset; claims; claim_comparisons; corroborated_events,possible primary case evidence - review_duplicate_event_020 - [PDF] WEEKLY UPDATE - California West Nile Virus,[PDF] WEEKLY UPDATE - California West Nile Virus,https://westnile.ca.gov/download?download_id=5027,Inspect corroboration and source identity before deciding whether a structured human decision is warranted.,Is this a task-compatible primary case observation or only context/secondary evidence?,rec_src_search_1901d64d67f4_009; event_020,record,"No accepted primary case dataset records exist, and this item may contain possible primary case evidence."
,accept_as_is; correct_fields; reject_record; mark_requires_review; mark_review_resolved; mark_non_countable; mark_countable; mark_duplicate; mark_not_duplicate; needs_more_evidence; defer_decision,2024-08-31,West Nile Virus Disease,A total of 2 new human cases of West Nile virus (WNV) disease were reported this week from 2 counties:,possible_primary_case_evidence,duplicate_event_clustering,California,P0_critical,28,human_review_items; record_inclusion_decisions; quarantined_records; context_records; final_case_dataset; claims; claim_comparisons; corroborated_events,possible primary case evidence - review_duplicate_event_021 - Arbobulletin_2024_32.pdf,Arbobulletin_2024_32.pdf,https://westnile.ca.gov/download?download_id=5072,Inspect corroboration and source identity before deciding whether a structured human decision is warranted.,Is this a task-compatible primary case observation or only context/secondary evidence?,rec_src_search_b9348b953aaa_001; event_021,record,"No accepted primary case dataset records exist, and this item may contain possible primary case evidence."
,accept_as_is; correct_fields; reject_record; mark_requires_review; mark_review_resolved; mark_non_countable; mark_countable; mark_duplicate; mark_not_duplicate; needs_more_evidence; defer_decision,2024-08-31,West Nile Virus Disease,A total of 9 new human cases of West Nile virus (WNV) disease were reported this week from 4 counties:,possible_primary_case_evidence,duplicate_event_clustering,California,P0_critical,29,human_review_items; record_inclusion_decisions; quarantined_records; context_records; final_case_dataset; claims; claim_comparisons; corroborated_events,possible primary case evidence - review_duplicate_event_022 - Arbobulletin_2024_29.pdf,Arbobulletin_2024_29.pdf,https://westnile.ca.gov/download?download_id=5061,Inspect corroboration and source identity before deciding whether a structured human decision is warranted.,Is this a task-compatible primary case observation or only context/secondary evidence?,rec_src_search_a39e4fa28013_001; event_022,record,"No accepted primary case dataset records exist, and this item may contain possible primary case evidence."
,accept_as_is; correct_fields; reject_record; mark_requires_review; mark_review_resolved; mark_non_countable; mark_countable; mark_duplicate; mark_not_duplicate; needs_more_evidence; defer_decision,2024-08-31,West Nile Virus Disease,"counties. Of the 98 cases, 75 (77%) had neuroinvasive disease and 11 (11 %) were fatal. The median age",possible_primary_case_evidence,duplicate_event_clustering,California,P0_critical,30,human_review_items; record_inclusion_decisions; quarantined_records; context_records; final_case_dataset; claims; claim_comparisons; corroborated_events,possible primary case evidence - review_duplicate_event_026 - Arbobulletin_2024_29.pdf,Arbobulletin_2024_29.pdf,https://westnile.ca.gov/download?download_id=5061,Inspect corroboration and source identity before deciding whether a structured human decision is warranted.,Is this a task-compatible primary case observation or only context/secondary evidence?,rec_src_search_a39e4fa28013_008; event_026,record,"No accepted primary case dataset records exist, and this item may contain possible primary case evidence."
,accept_as_is; correct_fields; reject_record; mark_requires_review; mark_review_resolved; mark_non_countable; mark_countable; mark_duplicate; mark_not_duplicate; needs_more_evidence; defer_decision,2024-08-31,West Nile Virus Disease,"Kern County: At least 13 human cases, no deaths.",possible_primary_case_evidence,duplicate_event_clustering,"Kern County, California",P0_critical,31,human_review_items; record_inclusion_decisions; quarantined_records; context_records; final_case_dataset; claims; claim_comparisons; corroborated_events,"possible primary case evidence - review_duplicate_event_029 - West Nile virus, spread by mosquitoes, claims a third life in the San ...","West Nile virus, spread by mosquitoes, claims a third life in the San ...",https://theintersectionreports.org/west-nile-virus-spread-by-mosquitoes-claims-a-third-life-in-the-san-joaquin-valley,Inspect corroboration and source identity before deciding whether a structured human decision is warranted.,Is this a task-compatible primary case observation or only context/secondary evidence?,rec_src_search_c0d70a141aca_001; event_029,record,"No accepted primary case dataset records exist, and this item may contain possible primary case evidence."
,accept_as_is; correct_fields; reject_record; mark_requires_review; mark_review_resolved; mark_non_countable; mark_countable; mark_duplicate; mark_not_duplicate; needs_more_evidence; defer_decision,2024-08-31,West Nile Virus Disease,A total of 9 new human cases of West Nile virus (WNV) disease were reported this week from 4 counties:,possible_primary_case_evidence,duplicate_event_clustering,"Kern County, California",P0_critical,32,human_review_items; record_inclusion_decisions; quarantined_records; context_records; final_case_dataset; claims; claim_comparisons; corroborated_events,possible primary case evidence - review_duplicate_event_030 - Arbobulletin_2024_29.pdf,Arbobulletin_2024_29.pdf,https://westnile.ca.gov/download?download_id=5061,Inspect corroboration and source identity before deciding whether a structured human decision is warranted.,Is this a task-compatible primary case observation or only context/secondary evidence?,rec_src_search_a39e4fa28013_002; event_030,record,"No accepted primary case dataset records exist, and this item may contain possible primary case evidence."
,accept_as_is; correct_fields; reject_record; mark_requires_review; mark_review_resolved; mark_non_countable; mark_countable; mark_duplicate; mark_not_duplicate; needs_more_evidence; defer_decision,2024-08-31,West Nile Virus Disease,"Tulare County: At least 13 human cases, including one death.",possible_primary_case_evidence,duplicate_event_clustering,"Tulare County, California",P0_critical,33,human_review_items; record_inclusion_decisions; quarantined_records; context_records; final_case_dataset; claims; claim_comparisons; corroborated_events,"possible primary case evidence - review_duplicate_event_035 - West Nile virus, spread by mosquitoes, claims a third life in the San ...","West Nile virus, spread by mosquitoes, claims a third life in the San ...",https://theintersectionreports.org/west-nile-virus-spread-by-mosquitoes-claims-a-third-life-in-the-san-joaquin-valley,Inspect corroboration and source identity before deciding whether a structured human decision is warranted.,Is this a task-compatible primary case observation or only context/secondary evidence?,rec_src_search_c0d70a141aca_002; event_035,record,"No accepted primary case dataset records exist, and this item may contain possible primary case evidence."
,accept_as_is; correct_fields; reject_record; mark_requires_review; mark_review_resolved; mark_non_countable; mark_countable; mark_duplicate; mark_not_duplicate; needs_more_evidence; defer_decision,2024-08-31,West Nile Virus Disease,1** WNV-related fatalities have been reported to CDPH this year from 1 jurisdictions: Tulare (1),possible_primary_case_evidence,duplicate_event_clustering,"Tulare County, California",P0_critical,34,human_review_items; record_inclusion_decisions; quarantined_records; context_records; final_case_dataset; claims; claim_comparisons; corroborated_events,possible primary case evidence - review_duplicate_event_036 - Westnile.ca.gov | California West Nile Virus Website,Westnile.ca.gov | California West Nile Virus Website,https://westnile.ca.gov/resources.php,Inspect corroboration and source identity before deciding whether a structured human decision is warranted.,Is this a task-compatible primary case observation or only context/secondary evidence?,rec_src_search_14d0fc5d0793_002; event_036,record,"No accepted primary case dataset records exist, and this item may contain possible primary case evidence."
,accept_as_is; correct_fields; reject_record; mark_requires_review; mark_review_resolved; mark_non_countable; mark_countable; mark_duplicate; mark_not_duplicate; needs_more_evidence; defer_decision,2024-08-31,West Nile Virus Disease,"Kern (4), Los Angeles (2), Sacramento (2), and Tulare (1). This is the first WNV positive human case",possible_primary_case_evidence,duplicate_event_clustering,"Tulare County, California",P0_critical,35,human_review_items; record_inclusion_decisions; quarantined_records; context_records; final_case_dataset; claims; claim_comparisons; corroborated_events,possible primary case evidence - review_duplicate_event_037 - Arbobulletin_2024_29.pdf,Arbobulletin_2024_29.pdf,https://westnile.ca.gov/download?download_id=5061,Inspect corroboration and source identity before deciding whether a structured human decision is warranted.,Is this a task-compatible primary case observation or only context/secondary evidence?,rec_src_search_a39e4fa28013_005; event_037,record,"No accepted primary case dataset records exist, and this item may contain possible primary case evidence."
,accept_as_is; correct_fields; reject_record; mark_requires_review; mark_review_resolved; mark_non_countable; mark_countable; mark_duplicate; mark_not_duplicate; needs_more_evidence; defer_decision,2024-08-31,West Nile Virus Disease,No. Human Cases 75 27,possible_primary_case_evidence,duplicate_event_clustering,California,P0_critical,36,human_review_items; record_inclusion_decisions; quarantined_records; context_records; final_case_dataset; claims; claim_comparisons; corroborated_events,possible primary case evidence - review_duplicate_event_039 - [PDF] WEEKLY UPDATE - California West Nile Virus,[PDF] WEEKLY UPDATE - California West Nile Virus,https://westnile.ca.gov/download?download_id=5027,Inspect corroboration and source identity before deciding whether a structured human decision is warranted.,Is this a task-compatible primary case observation or only context/secondary evidence?,rec_src_search_1901d64d67f4_006; event_039,record,"No accepted primary case dataset records exist, and this item may contain possible primary case evidence."
,accept_as_is; correct_fields; reject_record; mark_requires_review; mark_review_resolved; mark_non_countable; mark_countable; mark_duplicate; mark_not_duplicate; needs_more_evidence; defer_decision,2024-08-31,West Nile Virus Disease,No. Human Cases 75 27,possible_primary_case_evidence,duplicate_event_clustering,California,P0_critical,37,human_review_items; record_inclusion_decisions; quarantined_records; context_records; final_case_dataset; claims; claim_comparisons; corroborated_events,possible primary case evidence - review_duplicate_event_040 - [PDF] WEEKLY UPDATE - California West Nile Virus,[PDF] WEEKLY UPDATE - California West Nile Virus,https://westnile.ca.gov/download?download_id=5027,Inspect corroboration and source identity before deciding whether a structured human decision is warranted.,Is this a task-compatible primary case observation or only context/secondary evidence?,rec_src_search_1901d64d67f4_007; event_040,record,"No accepted primary case dataset records exist, and this item may contain possible primary case evidence."
,accept_anomaly; dismiss_anomaly; confirm_anomaly; mark_anomaly_resolved; mark_anomaly_needs_more_evidence,2024-08-01-2024-08-31,West Nile virus,"Fresno (1) and Yolo (1 ). In 2024, 11 2 human cases of WNV disease were reported from 23 counties.",validation_conflict_review,anomaly,California,P0_critical,38,human_review_items; record_inclusion_decisions; validation_results; validation_source_compatibility_summary; anomaly_results,validation conflict review - review_anomaly_anom_014 - Arbobulletin_2024_32.pdf,Arbobulletin_2024_32.pdf,https://westnile.ca.gov/download?download_id=5072,resolve_validation_conflict,"What decision, if any, should a human reviewer record?",src_search_b9348b953aaa; event_017; anom_014; val_result_062,anomaly,This review item requires human inspection before it should affect downstream interpretation.
,accept_as_is; correct_fields; reject_record; mark_requires_review; mark_review_resolved; mark_non_countable; mark_countable; mark_duplicate; mark_not_duplicate; needs_more_evidence; defer_decision,2024-08-31,West Nile Virus Disease,"Fresno (1) and Yolo (1 ). In 2024, 11 2 human cases of WNV disease were reported from 23 counties.",validation_conflict_review,cross_source_conflict,California,P0_critical,39,human_review_items; record_inclusion_decisions; quarantined_records; context_records; final_case_dataset; validation_results; validation_source_compatibility_summary,validation conflict review - review_conflict_conf_001 - Arbobulletin_2024_32.pdf,Arbobulletin_2024_32.pdf,https://westnile.ca.gov/download?download_id=5072,Inspect the linked artifacts and only then edit a decision file if needed.,"What decision, if any, should a human reviewer record?",rec_src_search_b9348b953aaa_004; rec_src_search_b9348b953aaa_007; conf_001,record,This review item requires human inspection before it should affect downstream interpretation.
Centers for Disease Control and Prevention,accept_as_is; correct_fields; reject_record; mark_requires_review; mark_review_resolved; mark_non_countable; mark_countable; mark_duplicate; mark_not_duplicate; needs_more_evidence; defer_decision,2024-08-31,West Nile Virus Disease,"Two more people have died, in New Jersey, from West Nile virus, bringing the total number of U.S. deaths in 2024 to five—*Newsweek* maps show the extent of the outbreak.",validation_conflict_review,duplicate_event_clustering,California,P0_critical,40,human_review_items; record_inclusion_decisions; quarantined_records; context_records; final_case_dataset; validation_results; validation_source_compatibility_summary,validation conflict review - review_duplicate_event_008 - West Nile Virus Maps Show Cases in US This Year - Newsweek,West Nile Virus Maps Show Cases in US This Year - Newsweek,https://www.newsweek.com/west-nile-virus-maps-show-cases-us-this-year-1947235,Inspect the linked artifacts and only then edit a decision file if needed.,"What decision, if any, should a human reviewer record?",rec_src_search_29301bcfe202_001; rec_src_search_29301bcfe202_002; event_008,record,This review item requires human inspection before it should affect downstream interpretation.
,accept_validation_result; mark_validation_result_not_applicable; confirm_conflict; resolve_conflict_as_left; resolve_conflict_as_right; mark_needs_more_evidence; override_validation_status,2024-08-31,West Nile Virus Disease,"Fresno (1) and Yolo (1 ). In 2024, 11 2 human cases of WNV disease were reported from 23 counties.",validation_conflict_review,validation_conflict,California,P0_critical,41,human_review_items; record_inclusion_decisions; validation_results; validation_source_compatibility_summary,validation conflict review - review_validation_val_result_062 - Arbobulletin_2024_32.pdf,Arbobulletin_2024_32.pdf,https://westnile.ca.gov/download?download_id=5072,Inspect the linked artifacts and only then edit a decision file if needed.,"What decision, if any, should a human reviewer record?",rec_src_search_b9348b953aaa_004; rec_src_search_b9348b953aaa_006; rec_src_search_b9348b953aaa_007; val_result_062,validation_result,This review item requires human inspection before it should affect downstream interpretation.
Centers for Disease Control and Prevention,accept_anomaly; dismiss_anomaly; confirm_anomaly; mark_anomaly_resolved; mark_anomaly_needs_more_evidence,2024-08-01-2024-08-31,West Nile virus,"Two more people have died, in New Jersey, from West Nile virus, bringing the total number of U.S. deaths in 2024 to five—*Newsweek* maps show the extent of the outbreak.",claim_corroboration_review,anomaly,California,P0_critical,42,human_review_items; record_inclusion_decisions; claims; claim_comparisons; corroborated_events; anomaly_results,claim corroboration review - review_anomaly_anom_007 - West Nile Virus Maps Show Cases in US This Year - Newsweek,West Nile Virus Maps Show Cases in US This Year - Newsweek,https://www.newsweek.com/west-nile-virus-maps-show-cases-us-this-year-1947235,confirm_scope_or_reject_record,"Is the claim independently corroborated, conflicting, or only single-source evidence?",src_search_29301bcfe202; event_008; anom_007; val_result_003,anomaly,Claim-level support is unresolved or depends on a single source.
Centers for Disease Control and Prevention,accept_anomaly; dismiss_anomaly; confirm_anomaly; mark_anomaly_resolved; mark_anomaly_needs_more_evidence,2024-08-01-2024-08-31,West Nile virus,"A total of 289 cases of the disease have been detected so far, according to the U.S. Centers for Disease Control and Prevention ([CDC](https://www.newsweek.com/topic/cdc)), across 33 different states, but what is West Nile virus, and who is most at risk?",claim_corroboration_review,anomaly,California,P0_critical,43,human_review_items; record_inclusion_decisions; claims; claim_comparisons; corroborated_events; anomaly_results,claim corroboration review - review_anomaly_anom_008 - West Nile Virus Maps Show Cases in US This Year - Newsweek,West Nile Virus Maps Show Cases in US This Year - Newsweek,https://www.newsweek.com/west-nile-virus-maps-show-cases-us-this-year-1947235,confirm_scope_or_reject_record,"Is the claim independently corroborated, conflicting, or only single-source evidence?",src_search_29301bcfe202; event_008; anom_008; val_result_004,anomaly,Claim-level support is unresolved or depends on a single source.
,accept_anomaly; dismiss_anomaly; confirm_anomaly; mark_anomaly_resolved; mark_anomaly_needs_more_evidence,2024-08-01-2024-08-31,West Nile virus,No. Human Cases 324 112,claim_corroboration_review,anomaly,California,P0_critical,44,human_review_items; record_inclusion_decisions; claims; claim_comparisons; corroborated_events; anomaly_results,claim corroboration review - review_anomaly_anom_009 - Arbobulletin_2024_32.pdf,Arbobulletin_2024_32.pdf,https://westnile.ca.gov/download?download_id=5072,confirm_scope_or_reject_record,"Is the claim independently corroborated, conflicting, or only single-source evidence?",src_search_b9348b953aaa; event_012; anom_009; val_result_016,anomaly,Claim-level support is unresolved or depends on a single source.
,accept_anomaly; dismiss_anomaly; confirm_anomaly; mark_anomaly_resolved; mark_anomaly_needs_more_evidence,2024-08-01-2024-08-31,West Nile virus,No. Human Cases 286 98,claim_corroboration_review,anomaly,California,P0_critical,45,human_review_items; record_inclusion_decisions; claims; claim_comparisons; corroborated_events; anomaly_results,claim corroboration review - review_anomaly_anom_010 - Arbobulletin_2024_29.pdf,Arbobulletin_2024_29.pdf,https://westnile.ca.gov/download?download_id=5061,confirm_scope_or_reject_record,"Is the claim independently corroborated, conflicting, or only single-source evidence?",src_search_a39e4fa28013; event_016; anom_010; val_result_027,anomaly,Claim-level support is unresolved or depends on a single source.
,accept_anomaly; dismiss_anomaly; confirm_anomaly; mark_anomaly_resolved; mark_anomaly_needs_more_evidence,2024-08-01-2024-08-31,West Nile virus,"West Nile virus is the most common and serious vector-borne disease in California. There have been more than 7,500 human cases and over 300 deaths reported in California since 2003. The mosquitoes that spread WNV are found throughout the state.",claim_corroboration_review,anomaly,California,P0_critical,46,human_review_items; record_inclusion_decisions; claims; claim_comparisons; corroborated_events; anomaly_results,claim corroboration review - review_anomaly_anom_011 - Westnile.ca.gov | California West Nile Virus Website,Westnile.ca.gov | California West Nile Virus Website,https://westnile.ca.gov/resources.php,confirm_scope_or_reject_record,"Is the claim independently corroborated, conflicting, or only single-source evidence?",src_search_14d0fc5d0793; event_010; anom_011; val_result_034,anomaly,Claim-level support is unresolved or depends on a single source.
Centers for Disease Control and Prevention,accept_anomaly; dismiss_anomaly; confirm_anomaly; mark_anomaly_resolved; mark_anomaly_needs_more_evidence,2024-08-01-2024-08-31,West Nile virus,"Since 1999 over 51,000 confirmed human cases and 2,390 deaths have been reported across the United States. Since its arrival in 2002 there have been almost 7,200 confirmed human cases and 320 deaths in California.",claim_corroboration_review,anomaly,California,P0_critical,47,human_review_items; record_inclusion_decisions; claims; claim_comparisons; corroborated_events; anomaly_results,claim corroboration review - review_anomaly_anom_012 - West Nile Virus - Antelope Valley Mosquito and Vector Control District,West Nile Virus - Antelope Valley Mosquito and Vector Control District,https://www.avmosquito.org/west-nile-virus-5a9ceef,confirm_scope_or_reject_record,"Is the claim independently corroborated, conflicting, or only single-source evidence?",src_search_26c03daad21f; event_007; anom_012; val_result_035,anomaly,Claim-level support is unresolved or depends on a single source.
Centers for Disease Control and Prevention,accept_anomaly; dismiss_anomaly; confirm_anomaly; mark_anomaly_resolved; mark_anomaly_needs_more_evidence,2024-08-01-2024-08-31,West Nile virus,"Since 1999 over 51,000 confirmed human cases and 2,390 deaths have been reported across the United States. Since its arrival in 2002 there have been almost 7,200 confirmed human cases and 320 deaths in California.",claim_corroboration_review,anomaly,California,P0_critical,48,human_review_items; record_inclusion_decisions; claims; claim_comparisons; corroborated_events; anomaly_results,claim corroboration review - review_anomaly_anom_013 - West Nile Virus - Antelope Valley Mosquito and Vector Control District,West Nile Virus - Antelope Valley Mosquito and Vector Control District,https://www.avmosquito.org/west-nile-virus-5a9ceef,confirm_scope_or_reject_record,"Is the claim independently corroborated, conflicting, or only single-source evidence?",src_search_26c03daad21f; event_009; anom_013; val_result_036,anomaly,Claim-level support is unresolved or depends on a single source.
,needs_more_evidence; defer_decision,2024-08-01-2024-08-31,West Nile virus,Primary case claim has no independent corroborating source.,claim_corroboration_review,claim_corroboration_review,California,P1_high,49,human_review_items; record_inclusion_decisions; claims; claim_comparisons; corroborated_events,"claim corroboration review - review_claim_corroboration_review_corr_event_005 - West Nile virus, spread by mosquitoes, claims a third lif...","West Nile virus, spread by mosquitoes, claims a third life in the San ...",https://theintersectionreports.org/west-nile-virus-spread-by-mosquitoes-claims-a-third-life-in-the-san-joaquin-valley,review_claim_corroboration,"Is the claim independently corroborated, conflicting, or only single-source evidence?",claim_rec_src_search_c0d70a141aca_003_cases_unspecified; claim_rec_src_search_c0d70a141aca_003_deaths; src_search_c0d70a141aca; corr_event_005,claim,Claim-level support is unresolved or depends on a single source.
,needs_more_evidence; defer_decision,2024-08-01-2024-08-31,West Nile virus,Primary case claim has no independent corroborating source.,claim_corroboration_review,claim_corroboration_review,California,P1_high,50,human_review_items; record_inclusion_decisions; claims; claim_comparisons; corroborated_events,claim corroboration review - review_claim_corroboration_review_corr_event_006 - Arbobulletin_2024_32.pdf,Arbobulletin_2024_32.pdf,https://westnile.ca.gov/download?download_id=5072,review_claim_corroboration,"Is the claim independently corroborated, conflicting, or only single-source evidence?",claim_rec_src_search_b9348b953aaa_002_cases_unspecified; src_search_b9348b953aaa; corr_event_006,claim,Claim-level support is unresolved or depends on a single source.
,needs_more_evidence; defer_decision,2024-08-01-2024-08-31,West Nile virus,Primary case claim has no independent corroborating source.,claim_corroboration_review,claim_corroboration_review,California,P1_high,51,human_review_items; record_inclusion_decisions; claims; claim_comparisons; corroborated_events,claim corroboration review - review_claim_corroboration_review_corr_event_007 - Arbobulletin_2024_32.pdf,Arbobulletin_2024_32.pdf,https://westnile.ca.gov/download?download_id=5072,review_claim_corroboration,"Is the claim independently corroborated, conflicting, or only single-source evidence?",claim_rec_src_search_b9348b953aaa_003_cases_unspecified; src_search_b9348b953aaa; corr_event_007,claim,Claim-level support is unresolved or depends on a single source.
,needs_more_evidence; defer_decision,2024-08-01-2024-08-31,West Nile virus,Primary case claim has no independent corroborating source.,claim_corroboration_review,claim_corroboration_review,California,P1_high,52,human_review_items; record_inclusion_decisions; claims; claim_comparisons; corroborated_events,claim corroboration review - review_claim_corroboration_review_corr_event_008 - Arbobulletin_2024_29.pdf,Arbobulletin_2024_29.pdf,https://westnile.ca.gov/download?download_id=5061,review_claim_corroboration,"Is the claim independently corroborated, conflicting, or only single-source evidence?",claim_rec_src_search_a39e4fa28013_003_cases_unspecified; src_search_a39e4fa28013; corr_event_008,claim,Claim-level support is unresolved or depends on a single source.
,needs_more_evidence; defer_decision,2024-08-01-2024-08-31,West Nile virus,Primary case claim has no independent corroborating source.,claim_corroboration_review,claim_corroboration_review,California,P1_high,53,human_review_items; record_inclusion_decisions; claims; claim_comparisons; corroborated_events,claim corroboration review - review_claim_corroboration_review_corr_event_009 - Arbobulletin_2024_29.pdf,Arbobulletin_2024_29.pdf,https://westnile.ca.gov/download?download_id=5061,review_claim_corroboration,"Is the claim independently corroborated, conflicting, or only single-source evidence?",claim_rec_src_search_a39e4fa28013_004_cases_unspecified; src_search_a39e4fa28013; corr_event_009,claim,Claim-level support is unresolved or depends on a single source.
,approve_source_role; override_source_role; exclude_source; mark_source_needs_review,2024-08-01-2024-08-31,West Nile virus,,source_identity_review,source_credibility,California,P1_high,54,human_review_items; record_inclusion_decisions; source_registry; source_identity_assessments,source identity review - review_source_credibility_src_search_7b25eaafb554 - Public Health has confirmed the first death due to West Nile...,Public Health has confirmed the first death due to West Nile virus for ...,https://www.facebook.com/lapublichealth/posts/public-health-has-confirmed-the-first-death-due-to-west-nile-virus-for-the-2024-/914264540750165,Open source identity assessments and source registry metadata.,"Who is the actual publisher, and is it independent of other evidence?",src_search_7b25eaafb554,source,Publisher or source identity uncertainty can affect source independence and credibility.
,approve_source_role; override_source_role; exclude_source; mark_source_needs_review,2024-08-01-2024-08-31,West Nile virus,,source_identity_review,source_credibility,California,P1_high,55,human_review_items; record_inclusion_decisions; source_registry; source_identity_assessments,source identity review - review_source_credibility_src_search_d2a24a52e44f - Public Health Department statement on the year's first human...,Public Health Department statement on the year's first human cases ...,https://news.santaclaracounty.gov/public-health-department-statement-years-first-human-cases-west-nile-virus-santa-clara-county,Open source identity assessments and source registry metadata.,"Who is the actual publisher, and is it independent of other evidence?",src_search_d2a24a52e44f,source,Publisher or source identity uncertainty can affect source independence and credibility.
,accept_anomaly; dismiss_anomaly; confirm_anomaly; mark_anomaly_resolved; mark_anomaly_needs_more_evidence,2024-08-01-2024-08-31,West Nile virus,,claim_corroboration_review,anomaly,California,P1_high,56,human_review_items; record_inclusion_decisions; claims; claim_comparisons; corroborated_events; anomaly_results,claim corroboration review - review_anomaly_anom_015 - event_017,,,review_cluster_canonical_count,"Is the claim independently corroborated, conflicting, or only single-source evidence?",event_017; anom_015,anomaly,Claim-level support is unresolved or depends on a single source.
,accept_as_is; correct_fields; reject_record; mark_requires_review; mark_review_resolved; mark_non_countable; mark_countable; mark_duplicate; mark_not_duplicate; needs_more_evidence; defer_decision,2024-08-31,West Nile Virus Disease,"| **Human cases (fatal)** | 3 (0) | 791 (32) | 880 (21) | 278 (9) | 382 (22) | 446 (15) | 112 (5) | 112 (6) | 159 (9) | 480 (23) | 387 (19) | 842 (34) | 800 (55) | 461 (21) | 556 (44) | 217 (11) | 225 (6) | 214 (15) | 129 (12) | 209 (15) | 433 (20) | 132 (12) | 116 (11) | 0 (0) | 8,364 (417) |",claim_corroboration_review,duplicate_event_clustering,California,P1_high,57,human_review_items; record_inclusion_decisions; quarantined_records; context_records; final_case_dataset; claims; claim_comparisons; corroborated_events,claim corroboration review - review_duplicate_event_011 - California West Nile Virus Website: Westnile.ca.gov,California West Nile Virus Website: Westnile.ca.gov,https://westnile.ca.gov,"Open claims, claim comparisons, and corroborated events.","Is the claim independently corroborated, conflicting, or only single-source evidence?",rec_src_search_fc3322f3069f_002; event_011,record,Claim-level support is unresolved or depends on a single source.
,accept_as_is; correct_fields; reject_record; mark_requires_review; mark_review_resolved; mark_non_countable; mark_countable; mark_duplicate; mark_not_duplicate; needs_more_evidence; defer_decision,2024-08-31,West Nile Virus Disease,Human Cases Week 2 0 0,claim_corroboration_review,duplicate_event_clustering,California,P1_high,58,human_review_items; record_inclusion_decisions; quarantined_records; context_records; final_case_dataset; claims; claim_comparisons; corroborated_events,claim corroboration review - review_duplicate_event_023 - Arbobulletin_2024_32.pdf,Arbobulletin_2024_32.pdf,https://westnile.ca.gov/download?download_id=5072,"Open claims, claim comparisons, and corroborated events.","Is the claim independently corroborated, conflicting, or only single-source evidence?",rec_src_search_b9348b953aaa_010; event_023,record,Claim-level support is unresolved or depends on a single source.
,accept_as_is; correct_fields; reject_record; mark_requires_review; mark_review_resolved; mark_non_countable; mark_countable; mark_duplicate; mark_not_duplicate; needs_more_evidence; defer_decision,2024-08-31,West Nile Virus Disease,Week 8 0 0,claim_corroboration_review,duplicate_event_clustering,California,P1_high,59,human_review_items; record_inclusion_decisions; quarantined_records; context_records; final_case_dataset; claims; claim_comparisons; corroborated_events,claim corroboration review - review_duplicate_event_024 - [PDF] WEEKLY UPDATE - California West Nile Virus,[PDF] WEEKLY UPDATE - California West Nile Virus,https://westnile.ca.gov/download?download_id=5027,"Open claims, claim comparisons, and corroborated events.","Is the claim independently corroborated, conflicting, or only single-source evidence?",rec_src_search_1901d64d67f4_008; event_024,record,Claim-level support is unresolved or depends on a single source.
,accept_as_is; correct_fields; reject_record; mark_requires_review; mark_review_resolved; mark_non_countable; mark_countable; mark_duplicate; mark_not_duplicate; needs_more_evidence; defer_decision,2024-08-31,West Nile Virus Disease,Human Cases Week 9 0 0,claim_corroboration_review,duplicate_event_clustering,California,P1_high,60,human_review_items; record_inclusion_decisions; quarantined_records; context_records; final_case_dataset; claims; claim_comparisons; corroborated_events,claim corroboration review - review_duplicate_event_025 - Arbobulletin_2024_29.pdf,Arbobulletin_2024_29.pdf,https://westnile.ca.gov/download?download_id=5061,"Open claims, claim comparisons, and corroborated events.","Is the claim independently corroborated, conflicting, or only single-source evidence?",rec_src_search_a39e4fa28013_011; rec_src_search_a39e4fa28013_012; event_025,record,Claim-level support is unresolved or depends on a single source.
,accept_as_is; correct_fields; reject_record; mark_requires_review; mark_review_resolved; mark_non_countable; mark_countable; mark_duplicate; mark_not_duplicate; needs_more_evidence; defer_decision,2024-08-31,West Nile Virus Disease,| Human Cases/Fatal Cases | 0/0 | 0/0 |,claim_corroboration_review,duplicate_event_clustering,California,P1_high,61,human_review_items; record_inclusion_decisions; quarantined_records; context_records; final_case_dataset; claims; claim_comparisons; corroborated_events,claim corroboration review - review_duplicate_event_027 - West Nile Virus Information - Placer Mosquito Vector Control District,West Nile Virus Information - Placer Mosquito Vector Control District,https://placermosquito.org/west-nile-information,"Open claims, claim comparisons, and corroborated events.","Is the claim independently corroborated, conflicting, or only single-source evidence?",rec_src_search_67a72fbb98c5_002; event_027,record,Claim-level support is unresolved or depends on a single source.
Centers for Disease Control and Prevention,accept_validation_result; mark_validation_result_not_applicable; confirm_conflict; resolve_conflict_as_left; resolve_conflict_as_right; mark_needs_more_evidence; override_validation_status,2024-08-31,West Nile Virus Disease,"Two more people have died, in New Jersey, from West Nile virus, bringing the total number of U.S. deaths in 2024 to five—*Newsweek* maps show the extent of the outbreak.",outside_scope_review,validation_scope_issue,California,P1_high,62,human_review_items; record_inclusion_decisions; validation_results; validation_source_compatibility_summary,outside scope review - review_validation_val_result_003 - West Nile Virus Maps Show Cases in US This Year - Newsweek,West Nile Virus Maps Show Cases in US This Year - Newsweek,https://www.newsweek.com/west-nile-virus-maps-show-cases-us-this-year-1947235,Inspect the evidence quote and record inclusion decision.,Does the evidence actually match the requested scope?,rec_src_search_29301bcfe202_001; val_result_003,validation_result,"The item may be outside the requested disease, location, or time window."
Centers for Disease Control and Prevention,accept_validation_result; mark_validation_result_not_applicable; confirm_conflict; resolve_conflict_as_left; resolve_conflict_as_right; mark_needs_more_evidence; override_validation_status,2024-08-31,West Nile Virus Disease,"A total of 289 cases of the disease have been detected so far, according to the U.S. Centers for Disease Control and Prevention ([CDC](https://www.newsweek.com/topic/cdc)), across 33 different states, but what is West Nile virus, and who is most at risk?",outside_scope_review,validation_scope_issue,California,P1_high,63,human_review_items; record_inclusion_decisions; validation_results; validation_source_compatibility_summary,outside scope review - review_validation_val_result_004 - West Nile Virus Maps Show Cases in US This Year - Newsweek,West Nile Virus Maps Show Cases in US This Year - Newsweek,https://www.newsweek.com/west-nile-virus-maps-show-cases-us-this-year-1947235,Inspect the evidence quote and record inclusion decision.,Does the evidence actually match the requested scope?,rec_src_search_29301bcfe202_002; val_result_004,validation_result,"The item may be outside the requested disease, location, or time window."
,accept_validation_result; mark_validation_result_not_applicable; confirm_conflict; resolve_conflict_as_left; resolve_conflict_as_right; mark_needs_more_evidence; override_validation_status,2024-08-31,West Nile Virus Disease,No. Human Cases 324 112,outside_scope_review,validation_scope_issue,California,P1_high,64,human_review_items; record_inclusion_decisions; validation_results; validation_source_compatibility_summary,outside scope review - review_validation_val_result_016 - Arbobulletin_2024_32.pdf,Arbobulletin_2024_32.pdf,https://westnile.ca.gov/download?download_id=5072,Inspect the evidence quote and record inclusion decision.,Does the evidence actually match the requested scope?,rec_src_search_b9348b953aaa_009; val_result_016,validation_result,"The item may be outside the requested disease, location, or time window."
,accept_validation_result; mark_validation_result_not_applicable; confirm_conflict; resolve_conflict_as_left; resolve_conflict_as_right; mark_needs_more_evidence; override_validation_status,2024-08-31,West Nile Virus Disease,No. Human Cases 286 98,outside_scope_review,validation_scope_issue,California,P1_high,65,human_review_items; record_inclusion_decisions; validation_results; validation_source_compatibility_summary,outside scope review - review_validation_val_result_027 - Arbobulletin_2024_29.pdf,Arbobulletin_2024_29.pdf,https://westnile.ca.gov/download?download_id=5061,Inspect the evidence quote and record inclusion decision.,Does the evidence actually match the requested scope?,rec_src_search_a39e4fa28013_010; val_result_027,validation_result,"The item may be outside the requested disease, location, or time window."
,accept_validation_result; mark_validation_result_not_applicable; confirm_conflict; resolve_conflict_as_left; resolve_conflict_as_right; mark_needs_more_evidence; override_validation_status,2024-08-31,West Nile Virus Disease,##### Human Cases **Year-to-date:** 5 **Counties:** 3,outside_scope_review,validation_scope_issue,California,P1_high,66,human_review_items; record_inclusion_decisions; validation_results; validation_source_compatibility_summary,outside scope review - review_validation_val_result_032 - Westnile.ca.gov | California West Nile Virus Website,Westnile.ca.gov | California West Nile Virus Website,https://westnile.ca.gov/resources.php,Inspect the evidence quote and record inclusion decision.,Does the evidence actually match the requested scope?,rec_src_search_14d0fc5d0793_001; val_result_032,validation_result,"The item may be outside the requested disease, location, or time window."
,accept_validation_result; mark_validation_result_not_applicable; confirm_conflict; resolve_conflict_as_left; resolve_conflict_as_right; mark_needs_more_evidence; override_validation_status,2024-08-31,West Nile Virus Disease,1** WNV-related fatalities have been reported to CDPH this year from 1 jurisdictions: Tulare (1),outside_scope_review,validation_scope_issue,"Tulare County, California",P1_high,67,human_review_items; record_inclusion_decisions; validation_results; validation_source_compatibility_summary,outside scope review - review_validation_val_result_033 - Westnile.ca.gov | California West Nile Virus Website,Westnile.ca.gov | California West Nile Virus Website,https://westnile.ca.gov/resources.php,Inspect the evidence quote and record inclusion decision.,Does the evidence actually match the requested scope?,rec_src_search_14d0fc5d0793_002; val_result_033,validation_result,"The item may be outside the requested disease, location, or time window."
,accept_validation_result; mark_validation_result_not_applicable; confirm_conflict; resolve_conflict_as_left; resolve_conflict_as_right; mark_needs_more_evidence; override_validation_status,2024-08-31,West Nile Virus Disease,"West Nile virus is the most common and serious vector-borne disease in California. There have been more than 7,500 human cases and over 300 deaths reported in California since 2003. The mosquitoes that spread WNV are found throughout the state.",outside_scope_review,validation_scope_issue,California,P1_high,68,human_review_items; record_inclusion_decisions; validation_results; validation_source_compatibility_summary,outside scope review - review_validation_val_result_034 - Westnile.ca.gov | California West Nile Virus Website,Westnile.ca.gov | California West Nile Virus Website,https://westnile.ca.gov/resources.php,Inspect the evidence quote and record inclusion decision.,Does the evidence actually match the requested scope?,rec_src_search_14d0fc5d0793_003; val_result_034,validation_result,"The item may be outside the requested disease, location, or time window."
Centers for Disease Control and Prevention,accept_validation_result; mark_validation_result_not_applicable; confirm_conflict; resolve_conflict_as_left; resolve_conflict_as_right; mark_needs_more_evidence; override_validation_status,2024-08-31,West Nile Virus Disease,"Since 1999 over 51,000 confirmed human cases and 2,390 deaths have been reported across the United States. Since its arrival in 2002 there have been almost 7,200 confirmed human cases and 320 deaths in California.",outside_scope_review,validation_scope_issue,California,P1_high,69,human_review_items; record_inclusion_decisions; validation_results; validation_source_compatibility_summary,outside scope review - review_validation_val_result_035 - West Nile Virus - Antelope Valley Mosquito and Vector Control District,West Nile Virus - Antelope Valley Mosquito and Vector Control District,https://www.avmosquito.org/west-nile-virus-5a9ceef,Inspect the evidence quote and record inclusion decision.,Does the evidence actually match the requested scope?,rec_src_search_26c03daad21f_001; val_result_035,validation_result,"The item may be outside the requested disease, location, or time window."
Centers for Disease Control and Prevention,accept_validation_result; mark_validation_result_not_applicable; confirm_conflict; resolve_conflict_as_left; resolve_conflict_as_right; mark_needs_more_evidence; override_validation_status,2024-08-31,West Nile Virus Disease,"Since 1999 over 51,000 confirmed human cases and 2,390 deaths have been reported across the United States. Since its arrival in 2002 there have been almost 7,200 confirmed human cases and 320 deaths in California.",outside_scope_review,validation_scope_issue,California,P1_high,70,human_review_items; record_inclusion_decisions; validation_results; validation_source_compatibility_summary,outside scope review - review_validation_val_result_036 - West Nile Virus - Antelope Valley Mosquito and Vector Control District,West Nile Virus - Antelope Valley Mosquito and Vector Control District,https://www.avmosquito.org/west-nile-virus-5a9ceef,Inspect the evidence quote and record inclusion decision.,Does the evidence actually match the requested scope?,rec_src_search_26c03daad21f_002; val_result_036,validation_result,"The item may be outside the requested disease, location, or time window."
,accept_validation_result; mark_validation_result_not_applicable; confirm_conflict; resolve_conflict_as_left; resolve_conflict_as_right; mark_needs_more_evidence; override_validation_status,2024-08-31,West Nile Virus Disease,A total of 8 new human cases of West Nile virus (WNV) disease were reported this week from 6,outside_scope_review,validation_scope_issue,California,P1_high,71,human_review_items; record_inclusion_decisions; validation_results; validation_source_compatibility_summary,outside scope review - review_validation_val_result_037 - [PDF] WEEKLY UPDATE - California West Nile Virus,[PDF] WEEKLY UPDATE - California West Nile Virus,https://westnile.ca.gov/download?download_id=5027,Inspect the evidence quote and record inclusion decision.,Does the evidence actually match the requested scope?,rec_src_search_1901d64d67f4_001; val_result_037,validation_result,"The item may be outside the requested disease, location, or time window."
,accept_validation_result; mark_validation_result_not_applicable; confirm_conflict; resolve_conflict_as_left; resolve_conflict_as_right; mark_needs_more_evidence; override_validation_status,2024-08-31,West Nile Virus Disease,No. Human Cases 75 27,outside_scope_review,validation_scope_issue,California,P1_high,72,human_review_items; record_inclusion_decisions; validation_results; validation_source_compatibility_summary,outside scope review - review_validation_val_result_043 - [PDF] WEEKLY UPDATE - California West Nile Virus,[PDF] WEEKLY UPDATE - California West Nile Virus,https://westnile.ca.gov/download?download_id=5027,Inspect the evidence quote and record inclusion decision.,Does the evidence actually match the requested scope?,rec_src_search_1901d64d67f4_007; val_result_043,validation_result,"The item may be outside the requested disease, location, or time window."
,accept_validation_result; mark_validation_result_not_applicable; confirm_conflict; resolve_conflict_as_left; resolve_conflict_as_right; mark_needs_more_evidence; override_validation_status,2024-08-31,West Nile Virus Disease,YTD 27 0 0,outside_scope_review,validation_scope_issue,California,P1_high,73,human_review_items; record_inclusion_decisions; validation_results; validation_source_compatibility_summary,outside scope review - review_validation_val_result_045 - [PDF] WEEKLY UPDATE - California West Nile Virus,[PDF] WEEKLY UPDATE - California West Nile Virus,https://westnile.ca.gov/download?download_id=5027,Inspect the evidence quote and record inclusion decision.,Does the evidence actually match the requested scope?,rec_src_search_1901d64d67f4_009; val_result_045,validation_result,"The item may be outside the requested disease, location, or time window."
,accept_anomaly; dismiss_anomaly; confirm_anomaly; mark_anomaly_resolved; mark_anomaly_needs_more_evidence,2024-08-31,West Nile Virus Disease,"| **Human cases (fatal)** | 3 (0) | 791 (32) | 880 (21) | 278 (9) | 382 (22) | 446 (15) | 112 (5) | 112 (6) | 159 (9) | 480 (23) | 387 (19) | 842 (34) | 800 (55) | 461 (21) | 556 (44) | 217 (11) | 225 (6) | 214 (15) | 129 (12) | 209 (15) | 433 (20) | 132 (12) | 116 (11) | 0 (0) | 8,364 (417) |",anomaly_review,anomaly,California,P1_high,74,human_review_items; record_inclusion_decisions; anomaly_results,anomaly review - review_anomaly_anom_004 - California West Nile Virus Website: Westnile.ca.gov,California West Nile Virus Website: Westnile.ca.gov,https://westnile.ca.gov,review_possible_spike_or_count_semantics,Is this a real public-health signal or an extraction/count-semantics problem?,rec_src_search_fc3322f3069f_001; src_search_fc3322f3069f; anom_004,anomaly,An anomaly rule flagged the item for expert inspection.
,approve_source_role; override_source_role; exclude_source; mark_source_needs_review,2024-08-01-2024-08-31,West Nile virus,,source_identity_review,source_credibility,California,P1_high,75,human_review_items; record_inclusion_decisions; source_registry; source_identity_assessments,source identity review - review_source_credibility_src_search_0d4e7ec87258 - Health officials report 3 West Nile virus deaths; warn of mo...,Health officials report 3 West Nile virus deaths; warn of mosquito ...,https://abcnews.com/US/health-officials-report-3-west-nile-virus-deaths/story?id=113256243,Open source identity assessments and source registry metadata.,"Who is the actual publisher, and is it independent of other evidence?",src_search_0d4e7ec87258,source,Publisher or source identity uncertainty can affect source independence and credibility.
Centers for Disease Control and Prevention,approve_source_role; override_source_role; exclude_source; mark_source_needs_review,2024-08-01-2024-08-31,West Nile virus,,source_identity_review,source_credibility,California,P1_high,76,human_review_items; record_inclusion_decisions; source_registry; source_identity_assessments,source identity review - review_source_credibility_src_search_99932da268a1 - 2024 Mosquito-Borne Disease Year In Review,2024 Mosquito-Borne Disease Year In Review,https://www.vdci.net/blog/2024-mosquito-borne-disease-year-in-review,Open source identity assessments and source registry metadata.,"Who is the actual publisher, and is it independent of other evidence?",src_search_99932da268a1,source,Publisher or source identity uncertainty can affect source independence and credibility.
,approve_source_role; override_source_role; exclude_source; mark_source_needs_review,2024-08-01-2024-08-31,West Nile virus,,source_identity_review,source_credibility,California,P1_high,77,human_review_items; record_inclusion_decisions; source_registry; source_identity_assessments,source identity review - review_source_credibility_src_search_cb36ac8997e4 - Riverside County Reports First Human Case of West Nile this...,Riverside County Reports First Human Case of West Nile this Year,https://ruhealth.org/news/riverside-county-reports-first-human-case-west-nile-year,Open source identity assessments and source registry metadata.,"Who is the actual publisher, and is it independent of other evidence?",src_search_cb36ac8997e4,source,Publisher or source identity uncertainty can affect source independence and credibility.
,approve_source_role; override_source_role; exclude_source; mark_source_needs_review,2024-08-01-2024-08-31,West Nile virus,,source_credibility_review,source_credibility,California,P1_high,78,human_review_items; record_inclusion_decisions; source_registry; source_identity_assessments,source credibility review - review_source_credibility_src_search_5c954f0581ec - First West Nile Virus Death of 2024 Reported in LA County,First West Nile Virus Death of 2024 Reported in LA County,http://ph.lacounty.gov/phcommon/public/media/mediapubhpdetail.cfm?prid=4833,Review source registry and source credibility/source critic outputs.,"Should this source be collection, support, context, or excluded?",src_search_5c954f0581ec,source,Source credibility affects whether evidence should support collection or only context.
,accept_validation_result; mark_validation_result_not_applicable; confirm_conflict; resolve_conflict_as_left; resolve_conflict_as_right; mark_needs_more_evidence; override_validation_status,2024-08-31,West Nile Virus Disease,Human Cases Week 9 0 0,outside_scope_review,validation_scope_issue,California,P1_high,79,human_review_items; record_inclusion_decisions; validation_results; validation_source_compatibility_summary,outside scope review - review_validation_val_result_028 - Arbobulletin_2024_29.pdf,Arbobulletin_2024_29.pdf,https://westnile.ca.gov/download?download_id=5061,Inspect the evidence quote and record inclusion decision.,Does the evidence actually match the requested scope?,rec_src_search_a39e4fa28013_011; val_result_028,validation_result,"The item may be outside the requested disease, location, or time window."
,accept_validation_result; mark_validation_result_not_applicable; confirm_conflict; resolve_conflict_as_left; resolve_conflict_as_right; mark_needs_more_evidence; override_validation_status,2024-08-31,West Nile Virus Disease,Human Cases Week 9 0 0,outside_scope_review,validation_scope_issue,California,P1_high,80,human_review_items; record_inclusion_decisions; validation_results; validation_source_compatibility_summary,outside scope review - review_validation_val_result_029 - Arbobulletin_2024_29.pdf,Arbobulletin_2024_29.pdf,https://westnile.ca.gov/download?download_id=5061,Inspect the evidence quote and record inclusion decision.,Does the evidence actually match the requested scope?,rec_src_search_a39e4fa28013_012; val_result_029,validation_result,"The item may be outside the requested disease, location, or time window."
,accept_validation_result; mark_validation_result_not_applicable; confirm_conflict; resolve_conflict_as_left; resolve_conflict_as_right; mark_needs_more_evidence; override_validation_status,2024-08-31,West Nile Virus Disease,Week 8 0 0,outside_scope_review,validation_scope_issue,California,P1_high,81,human_review_items; record_inclusion_decisions; validation_results; validation_source_compatibility_summary,outside scope review - review_validation_val_result_044 - [PDF] WEEKLY UPDATE - California West Nile Virus,[PDF] WEEKLY UPDATE - California West Nile Virus,https://westnile.ca.gov/download?download_id=5027,Inspect the evidence quote and record inclusion decision.,Does the evidence actually match the requested scope?,rec_src_search_1901d64d67f4_008; val_result_044,validation_result,"The item may be outside the requested disease, location, or time window."
,accept_validation_result; mark_validation_result_not_applicable; confirm_conflict; resolve_conflict_as_left; resolve_conflict_as_right; mark_needs_more_evidence; override_validation_status,2024-08-31,West Nile Virus Disease,##### Human Cases **Year-to-date:** 5 **Counties:** 3,provenance_review,record_schema_validation,California,P2_medium,82,human_review_items; record_inclusion_decisions; validation_results; validation_source_compatibility_summary,provenance review - review_record_rec_src_search_14d0fc5d0793_001 - Westnile.ca.gov | California West Nile Virus Website,Westnile.ca.gov | California West Nile Virus Website,https://westnile.ca.gov/resources.php,Inspect the linked artifacts and only then edit a decision file if needed.,"What decision, if any, should a human reviewer record?",rec_src_search_14d0fc5d0793_001,validation_result,This review item requires human inspection before it should affect downstream interpretation.
,accept_validation_result; mark_validation_result_not_applicable; confirm_conflict; resolve_conflict_as_left; resolve_conflict_as_right; mark_needs_more_evidence; override_validation_status,2024-08-31,West Nile Virus Disease,YTD 27 0 0,provenance_review,record_schema_validation,California,P2_medium,83,human_review_items; record_inclusion_decisions; validation_results; validation_source_compatibility_summary,provenance review - review_record_rec_src_search_1901d64d67f4_009 - [PDF] WEEKLY UPDATE - California West Nile Virus,[PDF] WEEKLY UPDATE - California West Nile Virus,https://westnile.ca.gov/download?download_id=5027,Inspect the linked artifacts and only then edit a decision file if needed.,"What decision, if any, should a human reviewer record?",rec_src_search_1901d64d67f4_009,validation_result,This review item requires human inspection before it should affect downstream interpretation.
Centers for Disease Control and Prevention,accept_validation_result; mark_validation_result_not_applicable; confirm_conflict; resolve_conflict_as_left; resolve_conflict_as_right; mark_needs_more_evidence; override_validation_status,2024-08-31,West Nile Virus Disease,"A total of 289 cases of the disease have been detected so far, according to the U.S. Centers for Disease Control and Prevention ([CDC](https://www.newsweek.com/topic/cdc)), across 33 different states, but what is West Nile virus, and who is most at risk?",provenance_review,record_schema_validation,California,P2_medium,84,human_review_items; record_inclusion_decisions; validation_results; validation_source_compatibility_summary,provenance review - review_record_rec_src_search_29301bcfe202_002 - West Nile Virus Maps Show Cases in US This Year - Newsweek,West Nile Virus Maps Show Cases in US This Year - Newsweek,https://www.newsweek.com/west-nile-virus-maps-show-cases-us-this-year-1947235,Inspect the linked artifacts and only then edit a decision file if needed.,"What decision, if any, should a human reviewer record?",rec_src_search_29301bcfe202_002,validation_result,This review item requires human inspection before it should affect downstream interpretation.
,accept_validation_result; mark_validation_result_not_applicable; confirm_conflict; resolve_conflict_as_left; resolve_conflict_as_right; mark_needs_more_evidence; override_validation_status,2024-08-31,West Nile Virus Disease,"Tulare County: At least 13 human cases, including one death.",provenance_review,record_schema_validation,"Tulare County, California",P2_medium,85,human_review_items; record_inclusion_decisions; validation_results; validation_source_compatibility_summary,"provenance review - review_record_rec_src_search_c0d70a141aca_002 - West Nile virus, spread by mosquitoes, claims a third life in the San...","West Nile virus, spread by mosquitoes, claims a third life in the San ...",https://theintersectionreports.org/west-nile-virus-spread-by-mosquitoes-claims-a-third-life-in-the-san-joaquin-valley,Inspect the linked artifacts and only then edit a decision file if needed.,"What decision, if any, should a human reviewer record?",rec_src_search_c0d70a141aca_002,validation_result,This review item requires human inspection before it should affect downstream interpretation.
,accept_validation_result; mark_validation_result_not_applicable; confirm_conflict; resolve_conflict_as_left; resolve_conflict_as_right; mark_needs_more_evidence; override_validation_status,2024-08-31,West Nile Virus Disease,"| **Human cases (fatal)** | 3 (0) | 791 (32) | 880 (21) | 278 (9) | 382 (22) | 446 (15) | 112 (5) | 112 (6) | 159 (9) | 480 (23) | 387 (19) | 842 (34) | 800 (55) | 461 (21) | 556 (44) | 217 (11) | 225 (6) | 214 (15) | 129 (12) | 209 (15) | 433 (20) | 132 (12) | 116 (11) | 0 (0) | 8,364 (417) |",provenance_review,record_schema_validation,California,P2_medium,86,human_review_items; record_inclusion_decisions; validation_results; validation_source_compatibility_summary,provenance review - review_record_rec_src_search_fc3322f3069f_001 - California West Nile Virus Website: Westnile.ca.gov,California West Nile Virus Website: Westnile.ca.gov,https://westnile.ca.gov,Inspect the linked artifacts and only then edit a decision file if needed.,"What decision, if any, should a human reviewer record?",rec_src_search_fc3322f3069f_001,validation_result,This review item requires human inspection before it should affect downstream interpretation.
,accept_validation_result; mark_validation_result_not_applicable; confirm_conflict; resolve_conflict_as_left; resolve_conflict_as_right; mark_needs_more_evidence; override_validation_status,2024-08-31,West Nile Virus Disease,Week 8 0 0,provenance_review,record_schema_validation,California,P3_low,87,human_review_items; record_inclusion_decisions; validation_results; validation_source_compatibility_summary,provenance review - review_record_rec_src_search_1901d64d67f4_008 - [PDF] WEEKLY UPDATE - California West Nile Virus,[PDF] WEEKLY UPDATE - California West Nile Virus,https://westnile.ca.gov/download?download_id=5027,Inspect the linked artifacts and only then edit a decision file if needed.,"What decision, if any, should a human reviewer record?",rec_src_search_1901d64d67f4_008,validation_result,This review item requires human inspection before it should affect downstream interpretation.
,accept_validation_result; mark_validation_result_not_applicable; confirm_conflict; resolve_conflict_as_left; resolve_conflict_as_right; mark_needs_more_evidence; override_validation_status,2024-08-31,West Nile Virus Disease,| Human Cases/Fatal Cases | 0/0 | 0/0 |,provenance_review,record_schema_validation,"Placer County, California",P3_low,88,human_review_items; record_inclusion_decisions; validation_results; validation_source_compatibility_summary,provenance review - review_record_rec_src_search_67a72fbb98c5_001 - West Nile Virus Information - Placer Mosquito Vector Control District,West Nile Virus Information - Placer Mosquito Vector Control District,https://placermosquito.org/west-nile-information,Inspect the linked artifacts and only then edit a decision file if needed.,"What decision, if any, should a human reviewer record?",rec_src_search_67a72fbb98c5_001,validation_result,This review item requires human inspection before it should affect downstream interpretation.
,accept_validation_result; mark_validation_result_not_applicable; confirm_conflict; resolve_conflict_as_left; resolve_conflict_as_right; mark_needs_more_evidence; override_validation_status,2024-08-31,West Nile Virus Disease,| Human Cases/Fatal Cases | 0/0 | 0/0 |,provenance_review,record_schema_validation,California,P3_low,89,human_review_items; record_inclusion_decisions; validation_results; validation_source_compatibility_summary,provenance review - review_record_rec_src_search_67a72fbb98c5_002 - West Nile Virus Information - Placer Mosquito Vector Control District,West Nile Virus Information - Placer Mosquito Vector Control District,https://placermosquito.org/west-nile-information,Inspect the linked artifacts and only then edit a decision file if needed.,"What decision, if any, should a human reviewer record?",rec_src_search_67a72fbb98c5_002,validation_result,This review item requires human inspection before it should affect downstream interpretation.
,accept_validation_result; mark_validation_result_not_applicable; confirm_conflict; resolve_conflict_as_left; resolve_conflict_as_right; mark_needs_more_evidence; override_validation_status,2024-08-31,West Nile Virus Disease,Human Cases Week 9 0 0,provenance_review,record_schema_validation,California,P3_low,90,human_review_items; record_inclusion_decisions; validation_results; validation_source_compatibility_summary,provenance review - review_record_rec_src_search_a39e4fa28013_011 - Arbobulletin_2024_29.pdf,Arbobulletin_2024_29.pdf,https://westnile.ca.gov/download?download_id=5061,Inspect the linked artifacts and only then edit a decision file if needed.,"What decision, if any, should a human reviewer record?",rec_src_search_a39e4fa28013_011,validation_result,This review item requires human inspection before it should affect downstream interpretation.
,accept_validation_result; mark_validation_result_not_applicable; confirm_conflict; resolve_conflict_as_left; resolve_conflict_as_right; mark_needs_more_evidence; override_validation_status,2024-08-31,West Nile Virus Disease,Human Cases Week 9 0 0,provenance_review,record_schema_validation,California,P3_low,91,human_review_items; record_inclusion_decisions; validation_results; validation_source_compatibility_summary,provenance review - review_record_rec_src_search_a39e4fa28013_012 - Arbobulletin_2024_29.pdf,Arbobulletin_2024_29.pdf,https://westnile.ca.gov/download?download_id=5061,Inspect the linked artifacts and only then edit a decision file if needed.,"What decision, if any, should a human reviewer record?",rec_src_search_a39e4fa28013_012,validation_result,This review item requires human inspection before it should affect downstream interpretation.
,accept_validation_result; mark_validation_result_not_applicable; confirm_conflict; resolve_conflict_as_left; resolve_conflict_as_right; mark_needs_more_evidence; override_validation_status,2024-08-31,West Nile Virus Disease,"| **Human cases (fatal)** | 3 (0) | 791 (32) | 880 (21) | 278 (9) | 382 (22) | 446 (15) | 112 (5) | 112 (6) | 159 (9) | 480 (23) | 387 (19) | 842 (34) | 800 (55) | 461 (21) | 556 (44) | 217 (11) | 225 (6) | 214 (15) | 129 (12) | 209 (15) | 433 (20) | 132 (12) | 116 (11) | 0 (0) | 8,364 (417) |",provenance_review,record_schema_validation,California,P3_low,92,human_review_items; record_inclusion_decisions; validation_results; validation_source_compatibility_summary,provenance review - review_record_rec_src_search_fc3322f3069f_002 - California West Nile Virus Website: Westnile.ca.gov,California West Nile Virus Website: Westnile.ca.gov,https://westnile.ca.gov,Inspect the linked artifacts and only then edit a decision file if needed.,"What decision, if any, should a human reviewer record?",rec_src_search_fc3322f3069f_002,validation_result,This review item requires human inspection before it should affect downstream interpretation.
,approve_source_role; override_source_role; exclude_source; mark_source_needs_review,2024-08-01-2024-08-31,West Nile virus,"Task-relevant source text appeared to contain core epidemiology metric signals, but extraction produced no structured records.",general_review,core_metric_extraction_gap,California,P3_low,93,human_review_items; record_inclusion_decisions; source_registry; source_identity_assessments,general review - review_core_metric_gap_src_search_0d4e7ec87258 - Health officials report 3 West Nile virus deaths; warn of mosquito ...,Health officials report 3 West Nile virus deaths; warn of mosquito ...,https://abcnews.com/US/health-officials-report-3-west-nile-virus-deaths/story?id=113256243,review_source_for_core_metric_extraction,"What decision, if any, should a human reviewer record?",src_search_0d4e7ec87258,source,This review item requires human inspection before it should affect downstream interpretation.
,approve_source_role; override_source_role; exclude_source; mark_source_needs_review,2024-08-01-2024-08-31,West Nile virus,"Task-relevant source text appeared to contain core epidemiology metric signals, but extraction produced no structured records.",general_review,core_metric_extraction_gap,California,P3_low,94,human_review_items; record_inclusion_decisions; source_registry; source_identity_assessments,general review - review_core_metric_gap_src_search_164bef3ca516 - Placer County confirms first West Nile virus death of season,Placer County confirms first West Nile virus death of season,https://www.placer.ca.gov/10491/First-West-Nile-virus-death-of-season,review_source_for_core_metric_extraction,"What decision, if any, should a human reviewer record?",src_search_164bef3ca516,source,This review item requires human inspection before it should affect downstream interpretation.
doh.wa.gov,approve_source_role; override_source_role; exclude_source; mark_source_needs_review,2024-08-01-2024-08-31,West Nile virus,"Task-relevant source text appeared to contain core epidemiology metric signals, but extraction produced no structured records.",general_review,core_metric_extraction_gap,California,P3_low,95,human_review_items; record_inclusion_decisions; source_registry; source_identity_assessments,general review - review_core_metric_gap_src_search_5beb758bea7f - West Nile Virus Data | Washington State Department of Health,West Nile Virus Data | Washington State Department of Health,https://doh.wa.gov/data-and-statistical-reports/diseases-and-chronic-conditions/west-nile-virus,review_source_for_core_metric_extraction,"What decision, if any, should a human reviewer record?",src_search_5beb758bea7f,source,This review item requires human inspection before it should affect downstream interpretation.
,approve_source_role; override_source_role; exclude_source; mark_source_needs_review,2024-08-01-2024-08-31,West Nile virus,"Task-relevant source text appeared to contain core epidemiology metric signals, but extraction produced no structured records.",general_review,core_metric_extraction_gap,California,P3_low,96,human_review_items; record_inclusion_decisions; source_registry; source_identity_assessments,general review - review_core_metric_gap_src_search_5d796f40b9b1 - West Nile Virus Activity 2024,West Nile Virus Activity 2024,https://www.glamosquito.org/west-nile-virus-activity-2024,review_source_for_core_metric_extraction,"What decision, if any, should a human reviewer record?",src_search_5d796f40b9b1,source,This review item requires human inspection before it should affect downstream interpretation.
Centers for Disease Control and Prevention,approve_source_role; override_source_role; exclude_source; mark_source_needs_review,2024-08-01-2024-08-31,West Nile virus,"Task-relevant source text appeared to contain core epidemiology metric signals, but extraction produced no structured records.",general_review,core_metric_extraction_gap,California,P3_low,97,human_review_items; record_inclusion_decisions; source_registry; source_identity_assessments,general review - review_core_metric_gap_src_search_c302835aa323 - West Nile Virus in USA States - ArcGIS Experience Builder,West Nile Virus in USA States - ArcGIS Experience Builder,https://experience.arcgis.com/experience/28087458143447c181e452b295f8a7e7,review_source_for_core_metric_extraction,"What decision, if any, should a human reviewer record?",src_search_c302835aa323,source,This review item requires human inspection before it should affect downstream interpretation.
,accept_as_is; correct_fields; reject_record; mark_requires_review; mark_review_resolved; mark_non_countable; mark_countable; mark_duplicate; mark_not_duplicate; needs_more_evidence; defer_decision,2024-08-31,West Nile Virus Disease,"| **Human cases (fatal)** | 3 (0) | 791 (32) | 880 (21) | 278 (9) | 382 (22) | 446 (15) | 112 (5) | 112 (6) | 159 (9) | 480 (23) | 387 (19) | 842 (34) | 800 (55) | 461 (21) | 556 (44) | 217 (11) | 225 (6) | 214 (15) | 129 (12) | 209 (15) | 433 (20) | 132 (12) | 116 (11) | 0 (0) | 8,364 (417) |",general_review,record_linking,California,P3_low,98,human_review_items; record_inclusion_decisions; quarantined_records; context_records; final_case_dataset,general review - review_linking_event_011 - California West Nile Virus Website: Westnile.ca.gov,California West Nile Virus Website: Westnile.ca.gov,https://westnile.ca.gov,Inspect the linked artifacts and only then edit a decision file if needed.,"What decision, if any, should a human reviewer record?",rec_src_search_fc3322f3069f_002,record,This review item requires human inspection before it should affect downstream interpretation.
,accept_as_is; correct_fields; reject_record; mark_requires_review; mark_review_resolved; mark_non_countable; mark_countable; mark_duplicate; mark_not_duplicate; needs_more_evidence; defer_decision,2024-08-31,West Nile Virus Disease,Week 8 0 0,general_review,record_linking,California,P3_low,99,human_review_items; record_inclusion_decisions; quarantined_records; context_records; final_case_dataset,general review - review_linking_event_024 - [PDF] WEEKLY UPDATE - California West Nile Virus,[PDF] WEEKLY UPDATE - California West Nile Virus,https://westnile.ca.gov/download?download_id=5027,Inspect the linked artifacts and only then edit a decision file if needed.,"What decision, if any, should a human reviewer record?",rec_src_search_1901d64d67f4_008,record,This review item requires human inspection before it should affect downstream interpretation.
,accept_as_is; correct_fields; reject_record; mark_requires_review; mark_review_resolved; mark_non_countable; mark_countable; mark_duplicate; mark_not_duplicate; needs_more_evidence; defer_decision,2024-08-31,West Nile Virus Disease,Human Cases Week 9 0 0,general_review,record_linking,California,P3_low,100,human_review_items; record_inclusion_decisions; quarantined_records; context_records; final_case_dataset,general review - review_linking_event_025 - Arbobulletin_2024_29.pdf,Arbobulletin_2024_29.pdf,https://westnile.ca.gov/download?download_id=5061,Inspect the linked artifacts and only then edit a decision file if needed.,"What decision, if any, should a human reviewer record?",rec_src_search_a39e4fa28013_011; rec_src_search_a39e4fa28013_012,record,This review item requires human inspection before it should affect downstream interpretation.
,accept_as_is; correct_fields; reject_record; mark_requires_review; mark_review_resolved; mark_non_countable; mark_countable; mark_duplicate; mark_not_duplicate; needs_more_evidence; defer_decision,2024-08-31,West Nile Virus Disease,| Human Cases/Fatal Cases | 0/0 | 0/0 |,general_review,record_linking,California,P3_low,101,human_review_items; record_inclusion_decisions; quarantined_records; context_records; final_case_dataset,general review - review_linking_event_027 - West Nile Virus Information - Placer Mosquito Vector Control District,West Nile Virus Information - Placer Mosquito Vector Control District,https://placermosquito.org/west-nile-information,Inspect the linked artifacts and only then edit a decision file if needed.,"What decision, if any, should a human reviewer record?",rec_src_search_67a72fbb98c5_002,record,This review item requires human inspection before it should affect downstream interpretation.
,accept_as_is; correct_fields; reject_record; mark_requires_review; mark_review_resolved; mark_non_countable; mark_countable; mark_duplicate; mark_not_duplicate; needs_more_evidence; defer_decision,2024-08-31,West Nile Virus Disease,| Human Cases/Fatal Cases | 0/0 | 0/0 |,general_review,record_linking,"Placer County, California",P3_low,102,human_review_items; record_inclusion_decisions; quarantined_records; context_records; final_case_dataset,general review - review_linking_event_032 - West Nile Virus Information - Placer Mosquito Vector Control District,West Nile Virus Information - Placer Mosquito Vector Control District,https://placermosquito.org/west-nile-information,Inspect the linked artifacts and only then edit a decision file if needed.,"What decision, if any, should a human reviewer record?",rec_src_search_67a72fbb98c5_001,record,This review item requires human inspection before it should affect downstream interpretation.
,accept_as_is; correct_fields; reject_record; mark_requires_review; mark_review_resolved; mark_non_countable; mark_countable; mark_duplicate; mark_not_duplicate; needs_more_evidence; defer_decision,2024-08-31,West Nile Virus Disease,Week 8 0 0,general_review,record_normalization,California,P3_low,103,human_review_items; record_inclusion_decisions; quarantined_records; context_records; final_case_dataset,general review - review_normalization_rec_src_search_1901d64d67f4_008 - [PDF] WEEKLY UPDATE - California West Nile Virus,[PDF] WEEKLY UPDATE - California West Nile Virus,https://westnile.ca.gov/download?download_id=5027,Inspect the linked artifacts and only then edit a decision file if needed.,"What decision, if any, should a human reviewer record?",rec_src_search_1901d64d67f4_008,record,This review item requires human inspection before it should affect downstream interpretation.
,accept_as_is; correct_fields; reject_record; mark_requires_review; mark_review_resolved; mark_non_countable; mark_countable; mark_duplicate; mark_not_duplicate; needs_more_evidence; defer_decision,2024-08-31,West Nile Virus Disease,| Human Cases/Fatal Cases | 0/0 | 0/0 |,general_review,record_normalization,"Placer County, California",P3_low,104,human_review_items; record_inclusion_decisions; quarantined_records; context_records; final_case_dataset,general review - review_normalization_rec_src_search_67a72fbb98c5_001 - West Nile Virus Information - Placer Mosquito Vector Control Dist...,West Nile Virus Information - Placer Mosquito Vector Control District,https://placermosquito.org/west-nile-information,Inspect the linked artifacts and only then edit a decision file if needed.,"What decision, if any, should a human reviewer record?",rec_src_search_67a72fbb98c5_001,record,This review item requires human inspection before it should affect downstream interpretation.
,accept_as_is; correct_fields; reject_record; mark_requires_review; mark_review_resolved; mark_non_countable; mark_countable; mark_duplicate; mark_not_duplicate; needs_more_evidence; defer_decision,2024-08-31,West Nile Virus Disease,| Human Cases/Fatal Cases | 0/0 | 0/0 |,general_review,record_normalization,California,P3_low,105,human_review_items; record_inclusion_decisions; quarantined_records; context_records; final_case_dataset,general review - review_normalization_rec_src_search_67a72fbb98c5_002 - West Nile Virus Information - Placer Mosquito Vector Control Dist...,West Nile Virus Information - Placer Mosquito Vector Control District,https://placermosquito.org/west-nile-information,Inspect the linked artifacts and only then edit a decision file if needed.,"What decision, if any, should a human reviewer record?",rec_src_search_67a72fbb98c5_002,record,This review item requires human inspection before it should affect downstream interpretation.
,accept_as_is; correct_fields; reject_record; mark_requires_review; mark_review_resolved; mark_non_countable; mark_countable; mark_duplicate; mark_not_duplicate; needs_more_evidence; defer_decision,2024-08-31,West Nile Virus Disease,Human Cases Week 9 0 0,general_review,record_normalization,California,P3_low,106,human_review_items; record_inclusion_decisions; quarantined_records; context_records; final_case_dataset,general review - review_normalization_rec_src_search_a39e4fa28013_011 - Arbobulletin_2024_29.pdf,Arbobulletin_2024_29.pdf,https://westnile.ca.gov/download?download_id=5061,Inspect the linked artifacts and only then edit a decision file if needed.,"What decision, if any, should a human reviewer record?",rec_src_search_a39e4fa28013_011,record,This review item requires human inspection before it should affect downstream interpretation.
,accept_as_is; correct_fields; reject_record; mark_requires_review; mark_review_resolved; mark_non_countable; mark_countable; mark_duplicate; mark_not_duplicate; needs_more_evidence; defer_decision,2024-08-31,West Nile Virus Disease,Human Cases Week 9 0 0,general_review,record_normalization,California,P3_low,107,human_review_items; record_inclusion_decisions; quarantined_records; context_records; final_case_dataset,general review - review_normalization_rec_src_search_a39e4fa28013_012 - Arbobulletin_2024_29.pdf,Arbobulletin_2024_29.pdf,https://westnile.ca.gov/download?download_id=5061,Inspect the linked artifacts and only then edit a decision file if needed.,"What decision, if any, should a human reviewer record?",rec_src_search_a39e4fa28013_012,record,This review item requires human inspection before it should affect downstream interpretation.
,accept_as_is; correct_fields; reject_record; mark_requires_review; mark_review_resolved; mark_non_countable; mark_countable; mark_duplicate; mark_not_duplicate; needs_more_evidence; defer_decision,2024-08-31,West Nile Virus Disease,"| **Human cases (fatal)** | 3 (0) | 791 (32) | 880 (21) | 278 (9) | 382 (22) | 446 (15) | 112 (5) | 112 (6) | 159 (9) | 480 (23) | 387 (19) | 842 (34) | 800 (55) | 461 (21) | 556 (44) | 217 (11) | 225 (6) | 214 (15) | 129 (12) | 209 (15) | 433 (20) | 132 (12) | 116 (11) | 0 (0) | 8,364 (417) |",general_review,record_normalization,California,P3_low,108,human_review_items; record_inclusion_decisions; quarantined_records; context_records; final_case_dataset,general review - review_normalization_rec_src_search_fc3322f3069f_002 - California West Nile Virus Website: Westnile.ca.gov,California West Nile Virus Website: Westnile.ca.gov,https://westnile.ca.gov,Inspect the linked artifacts and only then edit a decision file if needed.,"What decision, if any, should a human reviewer record?",rec_src_search_fc3322f3069f_002,record,This review item requires human inspection before it should affect downstream interpretation.
,approve_source_role; override_source_role; exclude_source; mark_source_needs_review,2024-08-01-2024-08-31,West Nile virus,,general_review,source_screening,California,P3_low,109,human_review_items; record_inclusion_decisions; source_registry; source_identity_assessments,general review - review_source_src_search_0d4e7ec87258 - Health officials report 3 West Nile virus deaths; warn of mosquito ...,Health officials report 3 West Nile virus deaths; warn of mosquito ...,https://abcnews.com/US/health-officials-report-3-west-nile-virus-deaths/story?id=113256243,Inspect the linked artifacts and only then edit a decision file if needed.,"What decision, if any, should a human reviewer record?",src_search_0d4e7ec87258,source,This review item requires human inspection before it should affect downstream interpretation.
,approve_source_role; override_source_role; exclude_source; mark_source_needs_review,2024-08-01-2024-08-31,West Nile virus,,general_review,source_screening,California,P3_low,110,human_review_items; record_inclusion_decisions; source_registry; source_identity_assessments,general review - review_source_src_search_4f8e542dc010 - West Nile Virus Activity - Alameda County Mosquito Abatement District,West Nile Virus Activity - Alameda County Mosquito Abatement District,https://www.mosquitoes.org/west-nile-virus-wnv-activity,Inspect the linked artifacts and only then edit a decision file if needed.,"What decision, if any, should a human reviewer record?",src_search_4f8e542dc010,source,This review item requires human inspection before it should affect downstream interpretation.
,approve_source_role; override_source_role; exclude_source; mark_source_needs_review,2024-08-01-2024-08-31,West Nile virus,,general_review,source_screening,California,P3_low,111,human_review_items; record_inclusion_decisions; source_registry; source_identity_assessments,general review - review_source_src_search_57a4e03b15a3 - First Illinois West Nile Virus Death of 2024 is Reported by IDPH in Lake County,First Illinois West Nile Virus Death of 2024 is Reported by IDPH in Lake County,https://dph.illinois.gov/resource-center/news/2024/august/first-illinois-west-nile-virus-death-of-2024-is-reported-by-idph.html,Inspect the linked artifacts and only then edit a decision file if needed.,"What decision, if any, should a human reviewer record?",src_search_57a4e03b15a3,source,This review item requires human inspection before it should affect downstream interpretation.
,approve_source_role; override_source_role; exclude_source; mark_source_needs_review,2024-08-01-2024-08-31,West Nile virus,,general_review,source_screening,California,P3_low,112,human_review_items; record_inclusion_decisions; source_registry; source_identity_assessments,general review - review_source_src_search_5c954f0581ec - First West Nile Virus Death of 2024 Reported in LA County,First West Nile Virus Death of 2024 Reported in LA County,http://ph.lacounty.gov/phcommon/public/media/mediapubhpdetail.cfm?prid=4833,Inspect the linked artifacts and only then edit a decision file if needed.,"What decision, if any, should a human reviewer record?",src_search_5c954f0581ec,source,This review item requires human inspection before it should affect downstream interpretation.
,approve_source_role; override_source_role; exclude_source; mark_source_needs_review,2024-08-01-2024-08-31,West Nile virus,,general_review,source_screening,California,P3_low,113,human_review_items; record_inclusion_decisions; source_registry; source_identity_assessments,general review - review_source_src_search_72cc102cfdf4 - The West Nile Virus has reared its head in two heavily ... - Facebook,The West Nile Virus has reared its head in two heavily ... - Facebook,https://www.facebook.com/ktvu/posts/west-nile-virus-death-the-west-nile-virus-has-reared-its-head-in-two-heavily-pop/893119846191315,Inspect the linked artifacts and only then edit a decision file if needed.,"What decision, if any, should a human reviewer record?",src_search_72cc102cfdf4,source,This review item requires human inspection before it should affect downstream interpretation.
,approve_source_role; override_source_role; exclude_source; mark_source_needs_review,2024-08-01-2024-08-31,West Nile virus,,general_review,source_screening,California,P3_low,114,human_review_items; record_inclusion_decisions; source_registry; source_identity_assessments,"general review - review_source_src_search_75f2c3795fd4 - West Nile death reported in California The death, in a county where high numbers...","West Nile death reported in California The death, in a county where high numbers of West Nile virus-positive mosquitoes and dead birds have been found, is the fifth West Nile-related death in the state this... - Center for Infectious Disease Research and Policy (CIDRAP)",https://www.facebook.com/CIDRAP/posts/west-nile-death-reported-in-californiathe-death-in-a-county-where-high-numbers-o/1405077108284639,Inspect the linked artifacts and only then edit a decision file if needed.,"What decision, if any, should a human reviewer record?",src_search_75f2c3795fd4,source,This review item requires human inspection before it should affect downstream interpretation.
,approve_source_role; override_source_role; exclude_source; mark_source_needs_review,2024-08-01-2024-08-31,West Nile virus,,general_review,source_screening,California,P3_low,115,human_review_items; record_inclusion_decisions; source_registry; source_identity_assessments,general review - review_source_src_search_7b25eaafb554 - Public Health has confirmed the first death due to West Nile virus for ...,Public Health has confirmed the first death due to West Nile virus for ...,https://www.facebook.com/lapublichealth/posts/public-health-has-confirmed-the-first-death-due-to-west-nile-virus-for-the-2024-/914264540750165,Inspect the linked artifacts and only then edit a decision file if needed.,"What decision, if any, should a human reviewer record?",src_search_7b25eaafb554,source,This review item requires human inspection before it should affect downstream interpretation.
Centers for Disease Control and Prevention,approve_source_role; override_source_role; exclude_source; mark_source_needs_review,2024-08-01-2024-08-31,West Nile virus,,general_review,source_screening,California,P3_low,116,human_review_items; record_inclusion_decisions; source_registry; source_identity_assessments,general review - review_source_src_search_99932da268a1 - 2024 Mosquito-Borne Disease Year In Review,2024 Mosquito-Borne Disease Year In Review,https://www.vdci.net/blog/2024-mosquito-borne-disease-year-in-review,Inspect the linked artifacts and only then edit a decision file if needed.,"What decision, if any, should a human reviewer record?",src_search_99932da268a1,source,This review item requires human inspection before it should affect downstream interpretation.
,approve_source_role; override_source_role; exclude_source; mark_source_needs_review,2024-08-01-2024-08-31,West Nile virus,,general_review,source_screening,California,P3_low,117,human_review_items; record_inclusion_decisions; source_registry; source_identity_assessments,general review - review_source_src_search_9c58b1b39168 - California's First West Nile virus death confirmed,California's First West Nile virus death confirmed,https://sutter-yubamvcd.org/californias-first-west-nile-virus-death-confirmed,Inspect the linked artifacts and only then edit a decision file if needed.,"What decision, if any, should a human reviewer record?",src_search_9c58b1b39168,source,This review item requires human inspection before it should affect downstream interpretation.
,approve_source_role; override_source_role; exclude_source; mark_source_needs_review,2024-08-01-2024-08-31,West Nile virus,,general_review,source_screening,California,P3_low,118,human_review_items; record_inclusion_decisions; source_registry; source_identity_assessments,general review - review_source_src_search_c4aae9b8565d - California on Friday reported the state's first death from the West Nile ...,California on Friday reported the state's first death from the West Nile ...,https://www.facebook.com/fox11la/posts/california-on-friday-reported-the-states-first-death-from-the-west-nile-virus-th/10165908473010553,Inspect the linked artifacts and only then edit a decision file if needed.,"What decision, if any, should a human reviewer record?",src_search_c4aae9b8565d,source,This review item requires human inspection before it should affect downstream interpretation.
CIDRAP,approve_source_role; override_source_role; exclude_source; mark_source_needs_review,2024-08-01-2024-08-31,West Nile virus,,general_review,source_screening,California,P3_low,119,human_review_items; record_inclusion_decisions; source_registry; source_identity_assessments,general review - review_source_src_search_c95b5eedc56a - West Nile death reported in California | CIDRAP,West Nile death reported in California | CIDRAP,https://www.cidrap.umn.edu/west-nile/west-nile-death-reported-california,Inspect the linked artifacts and only then edit a decision file if needed.,"What decision, if any, should a human reviewer record?",src_search_c95b5eedc56a,source,This review item requires human inspection before it should affect downstream interpretation.
,approve_source_role; override_source_role; exclude_source; mark_source_needs_review,2024-08-01-2024-08-31,West Nile virus,,general_review,source_screening,California,P3_low,120,human_review_items; record_inclusion_decisions; source_registry; source_identity_assessments,general review - review_source_src_search_cb36ac8997e4 - Riverside County Reports First Human Case of West Nile this Year,Riverside County Reports First Human Case of West Nile this Year,https://ruhealth.org/news/riverside-county-reports-first-human-case-west-nile-year,Inspect the linked artifacts and only then edit a decision file if needed.,"What decision, if any, should a human reviewer record?",src_search_cb36ac8997e4,source,This review item requires human inspection before it should affect downstream interpretation.
,approve_source_role; override_source_role; exclude_source; mark_source_needs_review,2024-08-01-2024-08-31,West Nile virus,,general_review,source_screening,California,P3_low,121,human_review_items; record_inclusion_decisions; source_registry; source_identity_assessments,general review - review_source_src_search_d2a24a52e44f - Public Health Department statement on the year's first human cases ...,Public Health Department statement on the year's first human cases ...,https://news.santaclaracounty.gov/public-health-department-statement-years-first-human-cases-west-nile-virus-santa-clara-county,Inspect the linked artifacts and only then edit a decision file if needed.,"What decision, if any, should a human reviewer record?",src_search_d2a24a52e44f,source,This review item requires human inspection before it should affect downstream interpretation.
