actual_publisher,allowed_decision_types,date_or_period,disease,evidence_quote,issue_category,issue_type,location,priority_level,priority_rank,recommended_artifacts_to_open,short_title,source_title,source_url,suggested_action,suggested_reviewer_question,target_ids,target_type,why_it_matters
,needs_more_evidence; defer_decision,2025-01-01-2025-03-31,Measles,Comparable public-health claims conflict and require review.,conflicting_claims_review,claim_corroboration_conflict,United States,P0_critical,1,human_review_items; record_inclusion_decisions; claims; claim_comparisons; corroborated_events,"conflicting claims review - review_claim_corroboration_conflict_corr_event_001 - Texas measles in Gaines County surpass 100 cases, offici...","Texas measles in Gaines County surpass 100 cases, officials urge ...",https://www.lubbockonline.com/story/news/local/2025/03/04/texas-measles-in-gaines-county-surpass-100-cases-officials-urge-caution-as-state-hits-159-cases/81218510007,review_claim_corroboration,Which claim should be treated as comparable evidence after review?,claim_rec_src_search_87bd434eacdf_005_cases_unspecified; claim_rec_src_search_da86b7826545_001_deaths; claim_rec_src_search_87bd434eacdf_001_cases_unspecified; claim_rec_src_search_87bd434eacdf_003_hospitalizations; claim_rec_src_search_da86b7826545_001_cases_unspecified; claim_rec_src_search_da86b7826545_005_cases_unspecified; claim_rec_src_search_da86b7826545_001_hospitalizations; src_search_87bd434eacdf; src_search_da86b7826545; corr_event_001,claim,"Comparable claims conflict and may affect cases, date, location, or count semantics."
,needs_more_evidence; defer_decision,2025-01-01-2025-03-31,Measles,Comparable public-health claims conflict and require review.,conflicting_claims_review,claim_corroboration_conflict,United States,P0_critical,2,human_review_items; record_inclusion_decisions; claims; claim_comparisons; corroborated_events,conflicting claims review - review_claim_corroboration_conflict_corr_event_005 - Over 2K measles cases reported in US in 2025 as ongoing ...,Over 2K measles cases reported in US in 2025 as ongoing ...,https://abc7news.com/post/2k-measles-cases-reported-us-2025-ongoing-outbreaks-threaten-elimination-status/18339323,review_claim_corroboration,Which claim should be treated as comparable evidence after review?,claim_rec_src_search_3f4cf9d46ec9_003_observation; claim_rec_src_search_d1d6036be2f6_003_observation; claim_rec_src_search_d1d6036be2f6_005_observation; claim_rec_src_search_283a8bed6a9d_003_observation; claim_rec_src_search_283a8bed6a9d_004_observation; claim_rec_src_search_283a8bed6a9d_006_observation; claim_rec_src_search_283a8bed6a9d_008_observation; claim_rec_src_search_283a8bed6a9d_011_hospitalizations; claim_rec_src_search_283a8bed6a9d_012_hospitalizations; claim_rec_src_search_283a8bed6a9d_013_hospitalizations; claim_rec_src_search_283a8bed6a9d_014_hospitalizations; claim_rec_src_search_283a8bed6a9d_017_deaths; claim_rec_src_search_3f4cf9d46ec9_001_cases_unspecified; claim_rec_src_search_8242cbb785a1_001_cases_confirmed; claim_rec_src_search_cd5fb2750261_001_cases_confirmed; claim_rec_src_search_cd5fb2750261_002_cases_confirmed; claim_rec_src_search_d1d6036be2f6_001_cases_unspecified; claim_rec_src_search_d1d6036be2f6_002_cases_unspecified; claim_rec_src_search_d1d6036be2f6_004_cases_confirmed; claim_rec_src_search_d1d6036be2f6_004_deaths; claim_rec_src_search_3109afb35d90_001_cases_confirmed; claim_rec_src_search_3109afb35d90_002_cases_unspecified; claim_rec_src_search_3109afb35d90_003_cases_unspecified; claim_rec_src_search_3109afb35d90_004_cases_unspecified; claim_rec_src_search_283a8bed6a9d_001_cases_confirmed; claim_rec_src_search_283a8bed6a9d_002_cases_confirmed; claim_rec_src_search_283a8bed6a9d_005_cases_unspecified; claim_rec_src_search_283a8bed6a9d_007_cases_unspecified; claim_rec_src_search_283a8bed6a9d_009_cases_unspecified; claim_rec_src_search_283a8bed6a9d_010_cases_unspecified; claim_rec_src_search_283a8bed6a9d_011_cases_unspecified; claim_rec_src_search_283a8bed6a9d_015_cases_unspecified; claim_rec_src_search_7cb311dd75e6_001_cases_confirmed; claim_rec_src_search_283a8bed6a9d_016_deaths; src_search_3f4cf9d46ec9; src_search_8242cbb785a1; src_search_cd5fb2750261; src_search_d1d6036be2f6; src_search_3109afb35d90; src_search_283a8bed6a9d; src_search_7cb311dd75e6; corr_event_005,claim,"Comparable claims conflict and may affect cases, date, location, or count semantics."
Pan American Health Organization,accept_as_is; correct_fields; reject_record; mark_requires_review; mark_review_resolved; mark_non_countable; mark_countable; mark_duplicate; mark_not_duplicate; needs_more_evidence; defer_decision,2025-03-31,Measles,"| [Download](/sites/default/files/2026/04/pahomeaslessitrep1engupdated_0.pdf ""Situation Report #1: Measles in the Americas Region"") | Between epidemiological weeks (EW) 1 and EW 12 of 2026, countries in the Region of the Americas reported 14,465 confirmed measles cases. In 2025, 14,503 measles cases were reported, including 32 deaths. This follows a marked rise in cases during 2025, with continued acceleration observed in early 2026. Genotyping information indicate that the D8 lineage has been identified across multiple countries and is associated with outbreaks in at least ten countries, suggesting widespread circulation of this strain in the Region. The highest number of cases in 2026 have been reported in Mexico (n= 8,315), Guatemala (n= 3,687), the United States of America (n= 1,664...",possible_primary_case_evidence,duplicate_event_clustering,United States,P0_critical,3,human_review_items; record_inclusion_decisions; quarantined_records; context_records; final_case_dataset; claims; claim_comparisons; corroborated_events,possible primary case evidence - review_duplicate_event_002 - Situation Report #1: Measles in the Americas Region - PAHO/WHO,Situation Report #1: Measles in the Americas Region - PAHO/WHO,https://www.paho.org/en/documents/situation-report-1-measles-americas-region,Inspect corroboration and source identity before deciding whether a structured human decision is warranted.,Is this a task-compatible primary case observation or only context/secondary evidence?,rec_src_search_6e578fc529e9_001; event_002,record,"No accepted primary case dataset records exist, and this item may contain possible primary case evidence."
,accept_as_is; correct_fields; reject_record; mark_requires_review; mark_review_resolved; mark_non_countable; mark_countable; mark_duplicate; mark_not_duplicate; needs_more_evidence; defer_decision,2025-03-31,Measles,"CHICAGO -- The United States reported more than 2,000 measles cases in 2025, federal data shows, a higher annual total than the country has seen in decades.",possible_primary_case_evidence,duplicate_event_clustering,United States,P0_critical,4,human_review_items; record_inclusion_decisions; quarantined_records; context_records; final_case_dataset; claims; claim_comparisons; corroborated_events,possible primary case evidence - review_duplicate_event_003 - Over 2K measles cases reported in US in 2025 as ongoing ...,Over 2K measles cases reported in US in 2025 as ongoing ...,https://abc7news.com/post/2k-measles-cases-reported-us-2025-ongoing-outbreaks-threaten-elimination-status/18339323,Inspect corroboration and source identity before deciding whether a structured human decision is warranted.,Is this a task-compatible primary case observation or only context/secondary evidence?,rec_src_search_3f4cf9d46ec9_001; event_003,record,"No accepted primary case dataset records exist, and this item may contain possible primary case evidence."
Centers for Disease Control and Prevention,accept_as_is; correct_fields; reject_record; mark_requires_review; mark_review_resolved; mark_non_countable; mark_countable; mark_duplicate; mark_not_duplicate; needs_more_evidence; defer_decision,2025-03-31,Measles,"There have been 16 outbreaks (defined as 3 or more related cases) reported in 2024, and 69% of cases (198 of 285) are outbreak-associated. For comparison, 4 outbreaks were reported during 2023 and 49% of cases (29 of 59) were outbreak-associated.",possible_primary_case_evidence,duplicate_event_clustering,United States,P0_critical,5,human_review_items; record_inclusion_decisions; quarantined_records; context_records; final_case_dataset; claims; claim_comparisons; corroborated_events,possible primary case evidence - review_duplicate_event_005 - Measles Cases and Outbreaks,Measles Cases and Outbreaks,https://www.cdc.gov/measles/data-research/index.html,Inspect corroboration and source identity before deciding whether a structured human decision is warranted.,Is this a task-compatible primary case observation or only context/secondary evidence?,rec_src_search_283a8bed6a9d_008; rec_src_search_283a8bed6a9d_009; event_005,record,"No accepted primary case dataset records exist, and this item may contain possible primary case evidence."
Centers for Disease Control and Prevention,accept_as_is; correct_fields; reject_record; mark_requires_review; mark_review_resolved; mark_non_countable; mark_countable; mark_duplicate; mark_not_duplicate; needs_more_evidence; defer_decision,2025-03-31,Measles,#### 285,possible_primary_case_evidence,duplicate_event_clustering,United States,P0_critical,6,human_review_items; record_inclusion_decisions; quarantined_records; context_records; final_case_dataset; claims; claim_comparisons; corroborated_events,possible primary case evidence - review_duplicate_event_007 - Measles Cases and Outbreaks,Measles Cases and Outbreaks,https://www.cdc.gov/measles/data-research/index.html,Inspect corroboration and source identity before deciding whether a structured human decision is warranted.,Is this a task-compatible primary case observation or only context/secondary evidence?,rec_src_search_283a8bed6a9d_005; rec_src_search_283a8bed6a9d_006; event_007,record,"No accepted primary case dataset records exist, and this item may contain possible primary case evidence."
Pan American Health Organization,accept_as_is; correct_fields; reject_record; mark_requires_review; mark_review_resolved; mark_non_countable; mark_countable; mark_duplicate; mark_not_duplicate; needs_more_evidence; defer_decision,2025-03-31,Measles,"| [Download](/sites/default/files/2026/05/measles-outbreak-situation-report-7may-2026.pdf ""Situation Report #2: Measles in the Americas Region"") | Between epidemiological weeks (EW) 1 and EW 16 of 2026, countries in the Region of the Americas reported 18,352 confirmed measles cases including 15 deaths. In 2025, 14,503 measles cases were reported, including 32 deaths. This follows a marked rise in cases during 2025, with continued acceleration observed in early 2026. Since the publication of Situation Report No. 1 (EW 12, 2026), an additional 3,887 confirmed cases including six deaths have been reported, reflecting continued expansion of outbreaks in Mexico and Guatemala, sustained transmission in Canada, and newly reported cases in Peru. The highest number of confirmed cases in 2026 hav...",possible_primary_case_evidence,duplicate_event_clustering,United States,P0_critical,7,human_review_items; record_inclusion_decisions; quarantined_records; context_records; final_case_dataset; claims; claim_comparisons; corroborated_events,possible primary case evidence - review_duplicate_event_008 - Situation Report #2: Measles in the Americas Region - PAHO/WHO,Situation Report #2: Measles in the Americas Region - PAHO/WHO,https://www.paho.org/en/documents/situation-report-2-measles-americas-region,Inspect corroboration and source identity before deciding whether a structured human decision is warranted.,Is this a task-compatible primary case observation or only context/secondary evidence?,rec_src_search_8242cbb785a1_002; rec_src_search_8242cbb785a1_003; event_008,record,"No accepted primary case dataset records exist, and this item may contain possible primary case evidence."
Centers for Disease Control and Prevention,accept_as_is; correct_fields; reject_record; mark_requires_review; mark_review_resolved; mark_non_countable; mark_countable; mark_duplicate; mark_not_duplicate; needs_more_evidence; defer_decision,2025-03-31,Measles,"There were 48 outbreaks** reported in 2025, and 90% of confirmed cases (2,065 of 2,288) were outbreak-associated. For comparison, 16 outbreaks were reported during 2024 and 69% of cases (198 of 285) were outbreak-associated.",possible_primary_case_evidence,duplicate_event_clustering,United States,P0_critical,8,human_review_items; record_inclusion_decisions; quarantined_records; context_records; final_case_dataset; claims; claim_comparisons; corroborated_events,possible primary case evidence - review_duplicate_event_009 - Measles Cases and Outbreaks,Measles Cases and Outbreaks,https://www.cdc.gov/measles/data-research/index.html,Inspect corroboration and source identity before deciding whether a structured human decision is warranted.,Is this a task-compatible primary case observation or only context/secondary evidence?,rec_src_search_283a8bed6a9d_001; rec_src_search_283a8bed6a9d_002; rec_src_search_283a8bed6a9d_003; rec_src_search_283a8bed6a9d_004; rec_src_search_cd5fb2750261_001; event_009,record,"No accepted primary case dataset records exist, and this item may contain possible primary case evidence."
,accept_as_is; correct_fields; reject_record; mark_requires_review; mark_review_resolved; mark_non_countable; mark_countable; mark_duplicate; mark_not_duplicate; needs_more_evidence; defer_decision,2025-03-31,Measles,98,possible_primary_case_evidence,duplicate_event_clustering,United States,P0_critical,9,human_review_items; record_inclusion_decisions; quarantined_records; context_records; final_case_dataset; claims; claim_comparisons; corroborated_events,possible primary case evidence - review_duplicate_event_010 - U.S. Measles Tracker | International Vaccine Access Center,U.S. Measles Tracker | International Vaccine Access Center,https://publichealth.jhu.edu/ivac/resources/us-measles-tracker,Inspect corroboration and source identity before deciding whether a structured human decision is warranted.,Is this a task-compatible primary case observation or only context/secondary evidence?,rec_src_search_7cb311dd75e6_001; event_010,record,"No accepted primary case dataset records exist, and this item may contain possible primary case evidence."
Centers for Disease Control and Prevention,accept_as_is; correct_fields; reject_record; mark_requires_review; mark_review_resolved; mark_non_countable; mark_countable; mark_duplicate; mark_not_duplicate; needs_more_evidence; defer_decision,2025-03-31,Measles,| ##### **Total Deaths** | ##### 0 | ##### 3 |,possible_primary_case_evidence,duplicate_event_clustering,United States,P0_critical,10,human_review_items; record_inclusion_decisions; quarantined_records; context_records; final_case_dataset; claims; claim_comparisons; corroborated_events,possible primary case evidence - review_duplicate_event_011 - Measles Cases and Outbreaks,Measles Cases and Outbreaks,https://www.cdc.gov/measles/data-research/index.html,Inspect corroboration and source identity before deciding whether a structured human decision is warranted.,Is this a task-compatible primary case observation or only context/secondary evidence?,rec_src_search_283a8bed6a9d_016; rec_src_search_283a8bed6a9d_017; event_011,record,"No accepted primary case dataset records exist, and this item may contain possible primary case evidence."
Centers for Disease Control and Prevention,accept_as_is; correct_fields; reject_record; mark_requires_review; mark_review_resolved; mark_non_countable; mark_countable; mark_duplicate; mark_not_duplicate; needs_more_evidence; defer_decision,2025-03-31,Measles,40% of cases hospitalized (114 of 285) for isolation or for management of measles complications.,possible_primary_case_evidence,duplicate_event_clustering,United States,P0_critical,11,human_review_items; record_inclusion_decisions; quarantined_records; context_records; final_case_dataset; claims; claim_comparisons; corroborated_events,possible primary case evidence - review_duplicate_event_012 - Measles Cases and Outbreaks,Measles Cases and Outbreaks,https://www.cdc.gov/measles/data-research/index.html,Inspect corroboration and source identity before deciding whether a structured human decision is warranted.,Is this a task-compatible primary case observation or only context/secondary evidence?,rec_src_search_283a8bed6a9d_011; rec_src_search_d1d6036be2f6_001; rec_src_search_d1d6036be2f6_003; rec_src_search_d1d6036be2f6_004; rec_src_search_d1d6036be2f6_005; event_012,record,"No accepted primary case dataset records exist, and this item may contain possible primary case evidence."
Pan American Health Organization,accept_as_is; correct_fields; reject_record; mark_requires_review; mark_review_resolved; mark_non_countable; mark_countable; mark_duplicate; mark_not_duplicate; needs_more_evidence; defer_decision,2025-03-31,Measles,"| [Download](/sites/default/files/2026/05/measles-outbreak-situation-report-7may-2026.pdf ""Situation Report #2: Measles in the Americas Region"") | Between epidemiological weeks (EW) 1 and EW 16 of 2026, countries in the Region of the Americas reported 18,352 confirmed measles cases including 15 deaths. In 2025, 14,503 measles cases were reported, including 32 deaths. This follows a marked rise in cases during 2025, with continued acceleration observed in early 2026. Since the publication of Situation Report No. 1 (EW 12, 2026), an additional 3,887 confirmed cases including six deaths have been reported, reflecting continued expansion of outbreaks in Mexico and Guatemala, sustained transmission in Canada, and newly reported cases in Peru. The highest number of confirmed cases in 2026 hav...",possible_primary_case_evidence,duplicate_event_clustering,United States,P0_critical,12,human_review_items; record_inclusion_decisions; quarantined_records; context_records; final_case_dataset; claims; claim_comparisons; corroborated_events,possible primary case evidence - review_duplicate_event_013 - Situation Report #2: Measles in the Americas Region - PAHO/WHO,Situation Report #2: Measles in the Americas Region - PAHO/WHO,https://www.paho.org/en/documents/situation-report-2-measles-americas-region,Inspect corroboration and source identity before deciding whether a structured human decision is warranted.,Is this a task-compatible primary case observation or only context/secondary evidence?,rec_src_search_8242cbb785a1_004; event_013,record,"No accepted primary case dataset records exist, and this item may contain possible primary case evidence."
Pan American Health Organization,accept_as_is; correct_fields; reject_record; mark_requires_review; mark_review_resolved; mark_non_countable; mark_countable; mark_duplicate; mark_not_duplicate; needs_more_evidence; defer_decision,2025-03-31,Measles,"| [Download](/sites/default/files/2026/05/measles-outbreak-situation-report-7may-2026.pdf ""Situation Report #2: Measles in the Americas Region"") | Between epidemiological weeks (EW) 1 and EW 16 of 2026, countries in the Region of the Americas reported 18,352 confirmed measles cases including 15 deaths. In 2025, 14,503 measles cases were reported, including 32 deaths. This follows a marked rise in cases during 2025, with continued acceleration observed in early 2026. Since the publication of Situation Report No. 1 (EW 12, 2026), an additional 3,887 confirmed cases including six deaths have been reported, reflecting continued expansion of outbreaks in Mexico and Guatemala, sustained transmission in Canada, and newly reported cases in Peru. The highest number of confirmed cases in 2026 hav...",possible_primary_case_evidence,duplicate_event_clustering,United States,P0_critical,13,human_review_items; record_inclusion_decisions; quarantined_records; context_records; final_case_dataset; claims; claim_comparisons; corroborated_events,possible primary case evidence - review_duplicate_event_014 - Situation Report #2: Measles in the Americas Region - PAHO/WHO,Situation Report #2: Measles in the Americas Region - PAHO/WHO,https://www.paho.org/en/documents/situation-report-2-measles-americas-region,Inspect corroboration and source identity before deciding whether a structured human decision is warranted.,Is this a task-compatible primary case observation or only context/secondary evidence?,rec_src_search_8242cbb785a1_001; event_014,record,"No accepted primary case dataset records exist, and this item may contain possible primary case evidence."
Centers for Disease Control and Prevention,accept_as_is; correct_fields; reject_record; mark_requires_review; mark_review_resolved; mark_non_countable; mark_countable; mark_duplicate; mark_not_duplicate; needs_more_evidence; defer_decision,2025-03-31,Measles,| ****Total measles cases**** | ****800 (100)**** | ****48 (6)**** | ****752 (94)**** |,possible_primary_case_evidence,duplicate_event_clustering,United States,P0_critical,14,human_review_items; record_inclusion_decisions; quarantined_records; context_records; final_case_dataset; claims; claim_comparisons; corroborated_events,"possible primary case evidence - review_duplicate_event_015 - Measles Update — United States, January 1–April 17, 2025 | MMWR","Measles Update — United States, January 1–April 17, 2025 | MMWR",https://www.cdc.gov/mmwr/volumes/74/wr/mm7414a1.htm,Inspect corroboration and source identity before deciding whether a structured human decision is warranted.,Is this a task-compatible primary case observation or only context/secondary evidence?,rec_src_search_3109afb35d90_002; rec_src_search_3109afb35d90_003; rec_src_search_3109afb35d90_004; event_015,record,"No accepted primary case dataset records exist, and this item may contain possible primary case evidence."
Centers for Disease Control and Prevention,accept_as_is; correct_fields; reject_record; mark_requires_review; mark_review_resolved; mark_non_countable; mark_countable; mark_duplicate; mark_not_duplicate; needs_more_evidence; defer_decision,2025-03-31,Measles,"# CDC confirms 23 more US measles cases as 2025 total tops 1,500",possible_primary_case_evidence,duplicate_event_clustering,United States,P0_critical,15,human_review_items; record_inclusion_decisions; quarantined_records; context_records; final_case_dataset; claims; claim_comparisons; corroborated_events,"possible primary case evidence - review_duplicate_event_016 - CDC confirms 23 more US measles cases as 2025 total tops 1,500 | CIDRAP","CDC confirms 23 more US measles cases as 2025 total tops 1,500 | CIDRAP",https://www.cidrap.umn.edu/measles/cdc-confirms-23-more-us-measles-cases-2025-total-tops-1500,Inspect corroboration and source identity before deciding whether a structured human decision is warranted.,Is this a task-compatible primary case observation or only context/secondary evidence?,rec_src_search_d1d6036be2f6_002; event_016,record,"No accepted primary case dataset records exist, and this item may contain possible primary case evidence."
Centers for Disease Control and Prevention,accept_as_is; correct_fields; reject_record; mark_requires_review; mark_review_resolved; mark_non_countable; mark_countable; mark_duplicate; mark_not_duplicate; needs_more_evidence; defer_decision,2025-03-31,Measles,"There have been 16 outbreaks (defined as 3 or more related cases) reported in 2024, and 69% of cases (198 of 285) are outbreak-associated. For comparison, 4 outbreaks were reported during 2023 and 49% of cases (29 of 59) were outbreak-associated.",possible_primary_case_evidence,duplicate_event_clustering,United States,P0_critical,16,human_review_items; record_inclusion_decisions; quarantined_records; context_records; final_case_dataset; claims; claim_comparisons; corroborated_events,possible primary case evidence - review_duplicate_event_017 - Measles Cases and Outbreaks,Measles Cases and Outbreaks,https://www.cdc.gov/measles/data-research/index.html,Inspect corroboration and source identity before deciding whether a structured human decision is warranted.,Is this a task-compatible primary case observation or only context/secondary evidence?,rec_src_search_283a8bed6a9d_010; event_017,record,"No accepted primary case dataset records exist, and this item may contain possible primary case evidence."
Centers for Disease Control and Prevention,accept_as_is; correct_fields; reject_record; mark_requires_review; mark_review_resolved; mark_non_countable; mark_countable; mark_duplicate; mark_not_duplicate; needs_more_evidence; defer_decision,2025-03-31,Measles,"There have been 16 outbreaks (defined as 3 or more related cases) reported in 2024, and 69% of cases (198 of 285) are outbreak-associated. For comparison, 4 outbreaks were reported during 2023 and 49% of cases (29 of 59) were outbreak-associated.",possible_primary_case_evidence,duplicate_event_clustering,United States,P0_critical,17,human_review_items; record_inclusion_decisions; quarantined_records; context_records; final_case_dataset; claims; claim_comparisons; corroborated_events,possible primary case evidence - review_duplicate_event_018 - Measles Cases and Outbreaks,Measles Cases and Outbreaks,https://www.cdc.gov/measles/data-research/index.html,Inspect corroboration and source identity before deciding whether a structured human decision is warranted.,Is this a task-compatible primary case observation or only context/secondary evidence?,rec_src_search_283a8bed6a9d_007; event_018,record,"No accepted primary case dataset records exist, and this item may contain possible primary case evidence."
Centers for Disease Control and Prevention,accept_as_is; correct_fields; reject_record; mark_requires_review; mark_review_resolved; mark_non_countable; mark_countable; mark_duplicate; mark_not_duplicate; needs_more_evidence; defer_decision,2025-03-31,Measles,Under 5 years: **52% (62 of 120)**,possible_primary_case_evidence,duplicate_event_clustering,United States,P0_critical,18,human_review_items; record_inclusion_decisions; quarantined_records; context_records; final_case_dataset; claims; claim_comparisons; corroborated_events,possible primary case evidence - review_duplicate_event_019 - Measles Cases and Outbreaks,Measles Cases and Outbreaks,https://www.cdc.gov/measles/data-research/index.html,Inspect corroboration and source identity before deciding whether a structured human decision is warranted.,Is this a task-compatible primary case observation or only context/secondary evidence?,rec_src_search_283a8bed6a9d_012; rec_src_search_283a8bed6a9d_013; rec_src_search_283a8bed6a9d_014; event_019,record,"No accepted primary case dataset records exist, and this item may contain possible primary case evidence."
,accept_as_is; correct_fields; reject_record; mark_requires_review; mark_review_resolved; mark_non_countable; mark_countable; mark_duplicate; mark_not_duplicate; needs_more_evidence; defer_decision,2025-03-31,Measles,# Texas measles outbreak tops 500 cases across 10 counties,possible_primary_case_evidence,duplicate_event_clustering,Texas,P0_critical,19,human_review_items; record_inclusion_decisions; quarantined_records; context_records; final_case_dataset; claims; claim_comparisons; corroborated_events,possible primary case evidence - review_duplicate_event_029 - Texas measles outbreak tops 500 cases across 10 counties | PBS News,Texas measles outbreak tops 500 cases across 10 counties | PBS News,https://www.pbs.org/newshour/health/texas-measles-outbreak-tops-500-cases-across-10-counties,Inspect corroboration and source identity before deciding whether a structured human decision is warranted.,Is this a task-compatible primary case observation or only context/secondary evidence?,rec_src_search_da86b7826545_001; event_029,record,"No accepted primary case dataset records exist, and this item may contain possible primary case evidence."
,accept_as_is; correct_fields; reject_record; mark_requires_review; mark_review_resolved; mark_non_countable; mark_countable; mark_duplicate; mark_not_duplicate; needs_more_evidence; defer_decision,2025-03-31,Measles,"Case count and hospitalization numbers in Texas have climbed steadily since the outbreak began, and spiked by 81 cases from March 28 to April 4.",possible_primary_case_evidence,duplicate_event_clustering,Texas,P0_critical,20,human_review_items; record_inclusion_decisions; quarantined_records; context_records; final_case_dataset; claims; claim_comparisons; corroborated_events,possible primary case evidence - review_duplicate_event_030 - Texas measles outbreak tops 500 cases across 10 counties | PBS News,Texas measles outbreak tops 500 cases across 10 counties | PBS News,https://www.pbs.org/newshour/health/texas-measles-outbreak-tops-500-cases-across-10-counties,Inspect corroboration and source identity before deciding whether a structured human decision is warranted.,Is this a task-compatible primary case observation or only context/secondary evidence?,rec_src_search_da86b7826545_005; event_030,record,"No accepted primary case dataset records exist, and this item may contain possible primary case evidence."
Centers for Disease Control and Prevention,accept_as_is; correct_fields; reject_record; mark_requires_review; mark_review_resolved; mark_non_countable; mark_countable; mark_duplicate; mark_not_duplicate; needs_more_evidence; defer_decision,2025-03-31,Measles,"##### [Return to your place in the text](#F1_up)**FIGURE 1**. **Reported number of confirmed\* measles cases, by state (N = 800) — United States, January 1–April 17, 2025**",possible_primary_case_evidence,duplicate_event_clustering,United States,P0_critical,21,human_review_items; record_inclusion_decisions; quarantined_records; context_records; final_case_dataset; claims; claim_comparisons; corroborated_events,"possible primary case evidence - review_duplicate_event_033 - Measles Update — United States, January 1–April 17, 2025 | MMWR","Measles Update — United States, January 1–April 17, 2025 | MMWR",https://www.cdc.gov/mmwr/volumes/74/wr/mm7414a1.htm,Inspect corroboration and source identity before deciding whether a structured human decision is warranted.,Is this a task-compatible primary case observation or only context/secondary evidence?,rec_src_search_3109afb35d90_001; event_033,record,"No accepted primary case dataset records exist, and this item may contain possible primary case evidence."
Centers for Disease Control and Prevention,accept_anomaly; dismiss_anomaly; confirm_anomaly; mark_anomaly_resolved; mark_anomaly_needs_more_evidence,2025-01-01-2025-03-31,Measles,"There have been 16 outbreaks (defined as 3 or more related cases) reported in 2024, and 69% of cases (198 of 285) are outbreak-associated. For comparison, 4 outbreaks were reported during 2023 and 49% of cases (29 of 59) were outbreak-associated.",validation_conflict_review,anomaly,United States,P0_critical,22,human_review_items; record_inclusion_decisions; validation_results; validation_source_compatibility_summary; anomaly_results,validation conflict review - review_anomaly_anom_014 - Measles Cases and Outbreaks,Measles Cases and Outbreaks,https://www.cdc.gov/measles/data-research/index.html,resolve_validation_conflict,"What decision, if any, should a human reviewer record?",src_search_283a8bed6a9d; event_005; anom_014; val_result_056,anomaly,This review item requires human inspection before it should affect downstream interpretation.
Centers for Disease Control and Prevention,accept_anomaly; dismiss_anomaly; confirm_anomaly; mark_anomaly_resolved; mark_anomaly_needs_more_evidence,2025-01-01-2025-03-31,Measles,#### 285,validation_conflict_review,anomaly,United States,P0_critical,23,human_review_items; record_inclusion_decisions; validation_results; validation_source_compatibility_summary; anomaly_results,validation conflict review - review_anomaly_anom_015 - Measles Cases and Outbreaks,Measles Cases and Outbreaks,https://www.cdc.gov/measles/data-research/index.html,resolve_validation_conflict,"What decision, if any, should a human reviewer record?",src_search_283a8bed6a9d; event_007; anom_015; val_result_059,anomaly,This review item requires human inspection before it should affect downstream interpretation.
Centers for Disease Control and Prevention,accept_anomaly; dismiss_anomaly; confirm_anomaly; mark_anomaly_resolved; mark_anomaly_needs_more_evidence,2025-01-01-2025-03-31,Measles,"There were 48 outbreaks** reported in 2025, and 90% of confirmed cases (2,065 of 2,288) were outbreak-associated. For comparison, 16 outbreaks were reported during 2024 and 69% of cases (198 of 285) were outbreak-associated.",validation_conflict_review,anomaly,United States,P0_critical,24,human_review_items; record_inclusion_decisions; validation_results; validation_source_compatibility_summary; anomaly_results,validation conflict review - review_anomaly_anom_016 - Measles Cases and Outbreaks,Measles Cases and Outbreaks,https://www.cdc.gov/measles/data-research/index.html,resolve_validation_conflict,"What decision, if any, should a human reviewer record?",src_search_283a8bed6a9d; src_search_cd5fb2750261; event_009; anom_016; val_result_062,anomaly,This review item requires human inspection before it should affect downstream interpretation.
Centers for Disease Control and Prevention,accept_anomaly; dismiss_anomaly; confirm_anomaly; mark_anomaly_resolved; mark_anomaly_needs_more_evidence,2025-01-01-2025-03-31,Measles,"There were 48 outbreaks** reported in 2025, and 90% of confirmed cases (2,065 of 2,288) were outbreak-associated. For comparison, 16 outbreaks were reported during 2024 and 69% of cases (198 of 285) were outbreak-associated.",validation_conflict_review,anomaly,United States,P0_critical,25,human_review_items; record_inclusion_decisions; validation_results; validation_source_compatibility_summary; anomaly_results,validation conflict review - review_anomaly_anom_017 - Measles Cases and Outbreaks,Measles Cases and Outbreaks,https://www.cdc.gov/measles/data-research/index.html,resolve_validation_conflict,"What decision, if any, should a human reviewer record?",src_search_283a8bed6a9d; src_search_cd5fb2750261; event_009; anom_017; val_result_063,anomaly,This review item requires human inspection before it should affect downstream interpretation.
Centers for Disease Control and Prevention,accept_anomaly; dismiss_anomaly; confirm_anomaly; mark_anomaly_resolved; mark_anomaly_needs_more_evidence,2025-01-01-2025-03-31,Measles,| ##### **Total Deaths** | ##### 0 | ##### 3 |,validation_conflict_review,anomaly,United States,P0_critical,26,human_review_items; record_inclusion_decisions; validation_results; validation_source_compatibility_summary; anomaly_results,validation conflict review - review_anomaly_anom_018 - Measles Cases and Outbreaks,Measles Cases and Outbreaks,https://www.cdc.gov/measles/data-research/index.html,resolve_validation_conflict,"What decision, if any, should a human reviewer record?",src_search_283a8bed6a9d; event_011; anom_018; val_result_066,anomaly,This review item requires human inspection before it should affect downstream interpretation.
Centers for Disease Control and Prevention,accept_anomaly; dismiss_anomaly; confirm_anomaly; mark_anomaly_resolved; mark_anomaly_needs_more_evidence,2025-01-01-2025-03-31,Measles,40% of cases hospitalized (114 of 285) for isolation or for management of measles complications.,validation_conflict_review,anomaly,United States,P0_critical,27,human_review_items; record_inclusion_decisions; validation_results; validation_source_compatibility_summary; anomaly_results,validation conflict review - review_anomaly_anom_019 - Measles Cases and Outbreaks,Measles Cases and Outbreaks,https://www.cdc.gov/measles/data-research/index.html,resolve_validation_conflict,"What decision, if any, should a human reviewer record?",src_search_283a8bed6a9d; src_search_d1d6036be2f6; event_012; anom_019; val_result_068,anomaly,This review item requires human inspection before it should affect downstream interpretation.
Centers for Disease Control and Prevention,accept_anomaly; dismiss_anomaly; confirm_anomaly; mark_anomaly_resolved; mark_anomaly_needs_more_evidence,2025-01-01-2025-03-31,Measles,40% of cases hospitalized (114 of 285) for isolation or for management of measles complications.,validation_conflict_review,anomaly,United States,P0_critical,28,human_review_items; record_inclusion_decisions; validation_results; validation_source_compatibility_summary; anomaly_results,validation conflict review - review_anomaly_anom_020 - Measles Cases and Outbreaks,Measles Cases and Outbreaks,https://www.cdc.gov/measles/data-research/index.html,resolve_validation_conflict,"What decision, if any, should a human reviewer record?",src_search_283a8bed6a9d; src_search_d1d6036be2f6; event_012; anom_020; val_result_069,anomaly,This review item requires human inspection before it should affect downstream interpretation.
Centers for Disease Control and Prevention,accept_anomaly; dismiss_anomaly; confirm_anomaly; mark_anomaly_resolved; mark_anomaly_needs_more_evidence,2025-01-01-2025-03-31,Measles,| ****Total measles cases**** | ****800 (100)**** | ****48 (6)**** | ****752 (94)**** |,validation_conflict_review,anomaly,United States,P0_critical,29,human_review_items; record_inclusion_decisions; validation_results; validation_source_compatibility_summary; anomaly_results,"validation conflict review - review_anomaly_anom_021 - Measles Update — United States, January 1–April 17, 2025 | MMWR","Measles Update — United States, January 1–April 17, 2025 | MMWR",https://www.cdc.gov/mmwr/volumes/74/wr/mm7414a1.htm,resolve_validation_conflict,"What decision, if any, should a human reviewer record?",src_search_3109afb35d90; event_015; anom_021; val_result_073,anomaly,This review item requires human inspection before it should affect downstream interpretation.
Centers for Disease Control and Prevention,accept_as_is; correct_fields; reject_record; mark_requires_review; mark_review_resolved; mark_non_countable; mark_countable; mark_duplicate; mark_not_duplicate; needs_more_evidence; defer_decision,2025-03-31,Measles,"There were 48 outbreaks** reported in 2025, and 90% of confirmed cases (2,065 of 2,288) were outbreak-associated. For comparison, 16 outbreaks were reported during 2024 and 69% of cases (198 of 285) were outbreak-associated.",validation_conflict_review,cross_source_conflict,United States,P0_critical,30,human_review_items; record_inclusion_decisions; quarantined_records; context_records; final_case_dataset; validation_results; validation_source_compatibility_summary,validation conflict review - review_conflict_conf_003 - Measles Cases and Outbreaks,Measles Cases and Outbreaks,https://www.cdc.gov/measles/data-research/index.html,Inspect the linked artifacts and only then edit a decision file if needed.,"What decision, if any, should a human reviewer record?",rec_src_search_283a8bed6a9d_001; rec_src_search_283a8bed6a9d_002; rec_src_search_cd5fb2750261_001; conf_003,record,This review item requires human inspection before it should affect downstream interpretation.
Centers for Disease Control and Prevention,accept_as_is; correct_fields; reject_record; mark_requires_review; mark_review_resolved; mark_non_countable; mark_countable; mark_duplicate; mark_not_duplicate; needs_more_evidence; defer_decision,2025-03-31,Measles,40% of cases hospitalized (114 of 285) for isolation or for management of measles complications.,validation_conflict_review,cross_source_conflict,United States,P0_critical,31,human_review_items; record_inclusion_decisions; quarantined_records; context_records; final_case_dataset; validation_results; validation_source_compatibility_summary,validation conflict review - review_conflict_conf_006 - Measles Cases and Outbreaks,Measles Cases and Outbreaks,https://www.cdc.gov/measles/data-research/index.html,Inspect the linked artifacts and only then edit a decision file if needed.,"What decision, if any, should a human reviewer record?",rec_src_search_283a8bed6a9d_011; rec_src_search_d1d6036be2f6_001; conf_006,record,This review item requires human inspection before it should affect downstream interpretation.
Centers for Disease Control and Prevention,accept_as_is; correct_fields; reject_record; mark_requires_review; mark_review_resolved; mark_non_countable; mark_countable; mark_duplicate; mark_not_duplicate; needs_more_evidence; defer_decision,2025-03-31,Measles,| ****Total measles cases**** | ****800 (100)**** | ****48 (6)**** | ****752 (94)**** |,validation_conflict_review,cross_source_conflict,United States,P0_critical,32,human_review_items; record_inclusion_decisions; quarantined_records; context_records; final_case_dataset; validation_results; validation_source_compatibility_summary,"validation conflict review - review_conflict_conf_008 - Measles Update — United States, January 1–April 17, 2025 | MMWR","Measles Update — United States, January 1–April 17, 2025 | MMWR",https://www.cdc.gov/mmwr/volumes/74/wr/mm7414a1.htm,Inspect the linked artifacts and only then edit a decision file if needed.,"What decision, if any, should a human reviewer record?",rec_src_search_3109afb35d90_002; rec_src_search_3109afb35d90_003; rec_src_search_3109afb35d90_004; conf_008,record,This review item requires human inspection before it should affect downstream interpretation.
,accept_as_is; correct_fields; reject_record; mark_requires_review; mark_review_resolved; mark_non_countable; mark_countable; mark_duplicate; mark_not_duplicate; needs_more_evidence; defer_decision,2025-08-12,Measles,"At this time, 762 cases have been confirmed since late January.",validation_conflict_review,duplicate_event_clustering,Texas,P0_critical,33,human_review_items; record_inclusion_decisions; quarantined_records; context_records; final_case_dataset; validation_results; validation_source_compatibility_summary,"validation conflict review - review_duplicate_event_027 - Measles Outbreak – August 12, 2025 | Texas DSHS","Measles Outbreak – August 12, 2025 | Texas DSHS",https://www.dshs.texas.gov/news-alerts/measles-outbreak-2025,Inspect the linked artifacts and only then edit a decision file if needed.,"What decision, if any, should a human reviewer record?",rec_src_search_3e232b5b243d_001; rec_src_search_3e232b5b243d_002; event_027,record,This review item requires human inspection before it should affect downstream interpretation.
,accept_as_is; correct_fields; reject_record; mark_requires_review; mark_review_resolved; mark_non_countable; mark_countable; mark_duplicate; mark_not_duplicate; needs_more_evidence; defer_decision,2025-03-04,Measles,# Texas measles cases hit 159 cases in nine counties as Gaines County cases surpass 100,validation_conflict_review,duplicate_event_clustering,Texas,P0_critical,34,human_review_items; record_inclusion_decisions; quarantined_records; context_records; final_case_dataset; validation_results; validation_source_compatibility_summary,"validation conflict review - review_duplicate_event_028 - Texas measles in Gaines County surpass 100 cases, officials urge ...","Texas measles in Gaines County surpass 100 cases, officials urge ...",https://www.lubbockonline.com/story/news/local/2025/03/04/texas-measles-in-gaines-county-surpass-100-cases-officials-urge-caution-as-state-hits-159-cases/81218510007,Inspect the linked artifacts and only then edit a decision file if needed.,"What decision, if any, should a human reviewer record?",rec_src_search_87bd434eacdf_001; rec_src_search_87bd434eacdf_003; event_028,record,This review item requires human inspection before it should affect downstream interpretation.
Centers for Disease Control and Prevention,accept_validation_result; mark_validation_result_not_applicable; confirm_conflict; resolve_conflict_as_left; resolve_conflict_as_right; mark_needs_more_evidence; override_validation_status,2025-03-31,Measles,"There were 48 outbreaks** reported in 2025, and 90% of confirmed cases (2,065 of 2,288) were outbreak-associated. For comparison, 16 outbreaks were reported during 2024 and 69% of cases (198 of 285) were outbreak-associated.",validation_conflict_review,validation_conflict,United States,P0_critical,35,human_review_items; record_inclusion_decisions; validation_results; validation_source_compatibility_summary,validation conflict review - review_validation_val_result_062 - Measles Cases and Outbreaks,Measles Cases and Outbreaks,https://www.cdc.gov/measles/data-research/index.html,Inspect the linked artifacts and only then edit a decision file if needed.,"What decision, if any, should a human reviewer record?",rec_src_search_283a8bed6a9d_001; rec_src_search_283a8bed6a9d_002; rec_src_search_283a8bed6a9d_003; rec_src_search_283a8bed6a9d_004; rec_src_search_cd5fb2750261_001; val_result_062,validation_result,This review item requires human inspection before it should affect downstream interpretation.
Centers for Disease Control and Prevention,accept_validation_result; mark_validation_result_not_applicable; confirm_conflict; resolve_conflict_as_left; resolve_conflict_as_right; mark_needs_more_evidence; override_validation_status,2025-03-31,Measles,40% of cases hospitalized (114 of 285) for isolation or for management of measles complications.,validation_conflict_review,validation_conflict,United States,P0_critical,36,human_review_items; record_inclusion_decisions; validation_results; validation_source_compatibility_summary,validation conflict review - review_validation_val_result_068 - Measles Cases and Outbreaks,Measles Cases and Outbreaks,https://www.cdc.gov/measles/data-research/index.html,Inspect the linked artifacts and only then edit a decision file if needed.,"What decision, if any, should a human reviewer record?",rec_src_search_283a8bed6a9d_011; rec_src_search_d1d6036be2f6_001; rec_src_search_d1d6036be2f6_003; rec_src_search_d1d6036be2f6_004; rec_src_search_d1d6036be2f6_005; val_result_068,validation_result,This review item requires human inspection before it should affect downstream interpretation.
Centers for Disease Control and Prevention,accept_validation_result; mark_validation_result_not_applicable; confirm_conflict; resolve_conflict_as_left; resolve_conflict_as_right; mark_needs_more_evidence; override_validation_status,2025-03-31,Measles,| ****Total measles cases**** | ****800 (100)**** | ****48 (6)**** | ****752 (94)**** |,validation_conflict_review,validation_conflict,United States,P0_critical,37,human_review_items; record_inclusion_decisions; validation_results; validation_source_compatibility_summary,"validation conflict review - review_validation_val_result_073 - Measles Update — United States, January 1–April 17, 2025 | MMWR","Measles Update — United States, January 1–April 17, 2025 | MMWR",https://www.cdc.gov/mmwr/volumes/74/wr/mm7414a1.htm,Inspect the linked artifacts and only then edit a decision file if needed.,"What decision, if any, should a human reviewer record?",rec_src_search_3109afb35d90_002; rec_src_search_3109afb35d90_003; rec_src_search_3109afb35d90_004; val_result_073,validation_result,This review item requires human inspection before it should affect downstream interpretation.
,accept_anomaly; dismiss_anomaly; confirm_anomaly; mark_anomaly_resolved; mark_anomaly_needs_more_evidence,2025-01-01-2025-03-31,Measles,"However, vaccination rates have been falling for years. For the 2024-25 school year, just 92.5% of incoming kindergarteners had received the MMR vaccine, CDC data shows - below the 95% threshold that public health experts say is necessary to prevent outbreaks.",claim_corroboration_review,anomaly,United States,P0_critical,38,human_review_items; record_inclusion_decisions; claims; claim_comparisons; corroborated_events; anomaly_results,claim corroboration review - review_anomaly_anom_004 - Over 2K measles cases reported in US in 2025 as ongoing ...,Over 2K measles cases reported in US in 2025 as ongoing ...,https://abc7news.com/post/2k-measles-cases-reported-us-2025-ongoing-outbreaks-threaten-elimination-status/18339323,confirm_scope_or_reject_record,"Is the claim independently corroborated, conflicting, or only single-source evidence?",src_search_3f4cf9d46ec9; event_006; anom_004; val_result_010,anomaly,Claim-level support is unresolved or depends on a single source.
Pan American Health Organization,accept_anomaly; dismiss_anomaly; confirm_anomaly; mark_anomaly_resolved; mark_anomaly_needs_more_evidence,2025-01-01-2025-03-31,Measles,"| [Download](/sites/default/files/2026/05/measles-outbreak-situation-report-7may-2026.pdf ""Situation Report #2: Measles in the Americas Region"") | Between epidemiological weeks (EW) 1 and EW 16 of 2026, countries in the Region of the Americas reported 18,352 confirmed measles cases including 15 deaths. In 2025, 14,503 measles cases were reported, including 32 deaths. This follows a marked rise in cases during 2025, with continued acceleration observed in early 2026. Since the publication of Situation Report No. 1 (EW 12, 2026), an additional 3,887 confirmed cases including six deaths have been reported, reflecting continued expansion of outbreaks in Mexico and Guatemala, sustained transmission in Canada, and newly reported cases in Peru. The highest number of confirmed cases in 2026 hav...",claim_corroboration_review,anomaly,United States,P0_critical,39,human_review_items; record_inclusion_decisions; claims; claim_comparisons; corroborated_events; anomaly_results,claim corroboration review - review_anomaly_anom_005 - Situation Report #2: Measles in the Americas Region - PAHO/WHO,Situation Report #2: Measles in the Americas Region - PAHO/WHO,https://www.paho.org/en/documents/situation-report-2-measles-americas-region,confirm_scope_or_reject_record,"Is the claim independently corroborated, conflicting, or only single-source evidence?",src_search_8242cbb785a1; event_014; anom_005; val_result_016,anomaly,Claim-level support is unresolved or depends on a single source.
Pan American Health Organization,accept_anomaly; dismiss_anomaly; confirm_anomaly; mark_anomaly_resolved; mark_anomaly_needs_more_evidence,2025-01-01-2025-03-31,Measles,"| [Download](/sites/default/files/2026/05/measles-outbreak-situation-report-7may-2026.pdf ""Situation Report #2: Measles in the Americas Region"") | Between epidemiological weeks (EW) 1 and EW 16 of 2026, countries in the Region of the Americas reported 18,352 confirmed measles cases including 15 deaths. In 2025, 14,503 measles cases were reported, including 32 deaths. This follows a marked rise in cases during 2025, with continued acceleration observed in early 2026. Since the publication of Situation Report No. 1 (EW 12, 2026), an additional 3,887 confirmed cases including six deaths have been reported, reflecting continued expansion of outbreaks in Mexico and Guatemala, sustained transmission in Canada, and newly reported cases in Peru. The highest number of confirmed cases in 2026 hav...",claim_corroboration_review,anomaly,United States,P0_critical,40,human_review_items; record_inclusion_decisions; claims; claim_comparisons; corroborated_events; anomaly_results,claim corroboration review - review_anomaly_anom_006 - Situation Report #2: Measles in the Americas Region - PAHO/WHO,Situation Report #2: Measles in the Americas Region - PAHO/WHO,https://www.paho.org/en/documents/situation-report-2-measles-americas-region,confirm_scope_or_reject_record,"Is the claim independently corroborated, conflicting, or only single-source evidence?",src_search_8242cbb785a1; event_013; anom_006; val_result_019,anomaly,Claim-level support is unresolved or depends on a single source.
Centers for Disease Control and Prevention,accept_anomaly; dismiss_anomaly; confirm_anomaly; mark_anomaly_resolved; mark_anomaly_needs_more_evidence,2025-01-01-2025-03-31,Measles,#### 285,claim_corroboration_review,anomaly,United States,P0_critical,41,human_review_items; record_inclusion_decisions; claims; claim_comparisons; corroborated_events; anomaly_results,claim corroboration review - review_anomaly_anom_007 - Measles Cases and Outbreaks,Measles Cases and Outbreaks,https://www.cdc.gov/measles/data-research/index.html,confirm_scope_or_reject_record,"Is the claim independently corroborated, conflicting, or only single-source evidence?",src_search_283a8bed6a9d; event_007; anom_007; val_result_038,anomaly,Claim-level support is unresolved or depends on a single source.
Centers for Disease Control and Prevention,accept_anomaly; dismiss_anomaly; confirm_anomaly; mark_anomaly_resolved; mark_anomaly_needs_more_evidence,2025-01-01-2025-03-31,Measles,"There have been 16 outbreaks (defined as 3 or more related cases) reported in 2024, and 69% of cases (198 of 285) are outbreak-associated. For comparison, 4 outbreaks were reported during 2023 and 49% of cases (29 of 59) were outbreak-associated.",claim_corroboration_review,anomaly,United States,P0_critical,42,human_review_items; record_inclusion_decisions; claims; claim_comparisons; corroborated_events; anomaly_results,claim corroboration review - review_anomaly_anom_008 - Measles Cases and Outbreaks,Measles Cases and Outbreaks,https://www.cdc.gov/measles/data-research/index.html,confirm_scope_or_reject_record,"Is the claim independently corroborated, conflicting, or only single-source evidence?",src_search_283a8bed6a9d; event_007; anom_008; val_result_039,anomaly,Claim-level support is unresolved or depends on a single source.
Centers for Disease Control and Prevention,accept_anomaly; dismiss_anomaly; confirm_anomaly; mark_anomaly_resolved; mark_anomaly_needs_more_evidence,2025-01-01-2025-03-31,Measles,"There have been 16 outbreaks (defined as 3 or more related cases) reported in 2024, and 69% of cases (198 of 285) are outbreak-associated. For comparison, 4 outbreaks were reported during 2023 and 49% of cases (29 of 59) were outbreak-associated.",claim_corroboration_review,anomaly,United States,P0_critical,43,human_review_items; record_inclusion_decisions; claims; claim_comparisons; corroborated_events; anomaly_results,claim corroboration review - review_anomaly_anom_009 - Measles Cases and Outbreaks,Measles Cases and Outbreaks,https://www.cdc.gov/measles/data-research/index.html,confirm_scope_or_reject_record,"Is the claim independently corroborated, conflicting, or only single-source evidence?",src_search_283a8bed6a9d; event_018; anom_009; val_result_040,anomaly,Claim-level support is unresolved or depends on a single source.
Centers for Disease Control and Prevention,accept_anomaly; dismiss_anomaly; confirm_anomaly; mark_anomaly_resolved; mark_anomaly_needs_more_evidence,2025-01-01-2025-03-31,Measles,"There have been 16 outbreaks (defined as 3 or more related cases) reported in 2024, and 69% of cases (198 of 285) are outbreak-associated. For comparison, 4 outbreaks were reported during 2023 and 49% of cases (29 of 59) were outbreak-associated.",claim_corroboration_review,anomaly,United States,P0_critical,44,human_review_items; record_inclusion_decisions; claims; claim_comparisons; corroborated_events; anomaly_results,claim corroboration review - review_anomaly_anom_010 - Measles Cases and Outbreaks,Measles Cases and Outbreaks,https://www.cdc.gov/measles/data-research/index.html,confirm_scope_or_reject_record,"Is the claim independently corroborated, conflicting, or only single-source evidence?",src_search_283a8bed6a9d; event_005; anom_010; val_result_041,anomaly,Claim-level support is unresolved or depends on a single source.
Centers for Disease Control and Prevention,accept_anomaly; dismiss_anomaly; confirm_anomaly; mark_anomaly_resolved; mark_anomaly_needs_more_evidence,2025-01-01-2025-03-31,Measles,"There have been 16 outbreaks (defined as 3 or more related cases) reported in 2024, and 69% of cases (198 of 285) are outbreak-associated. For comparison, 4 outbreaks were reported during 2023 and 49% of cases (29 of 59) were outbreak-associated.",claim_corroboration_review,anomaly,United States,P0_critical,45,human_review_items; record_inclusion_decisions; claims; claim_comparisons; corroborated_events; anomaly_results,claim corroboration review - review_anomaly_anom_011 - Measles Cases and Outbreaks,Measles Cases and Outbreaks,https://www.cdc.gov/measles/data-research/index.html,confirm_scope_or_reject_record,"Is the claim independently corroborated, conflicting, or only single-source evidence?",src_search_283a8bed6a9d; event_005; anom_011; val_result_042,anomaly,Claim-level support is unresolved or depends on a single source.
Centers for Disease Control and Prevention,accept_anomaly; dismiss_anomaly; confirm_anomaly; mark_anomaly_resolved; mark_anomaly_needs_more_evidence,2025-01-01-2025-03-31,Measles,"There have been 16 outbreaks (defined as 3 or more related cases) reported in 2024, and 69% of cases (198 of 285) are outbreak-associated. For comparison, 4 outbreaks were reported during 2023 and 49% of cases (29 of 59) were outbreak-associated.",claim_corroboration_review,anomaly,United States,P0_critical,46,human_review_items; record_inclusion_decisions; claims; claim_comparisons; corroborated_events; anomaly_results,claim corroboration review - review_anomaly_anom_012 - Measles Cases and Outbreaks,Measles Cases and Outbreaks,https://www.cdc.gov/measles/data-research/index.html,confirm_scope_or_reject_record,"Is the claim independently corroborated, conflicting, or only single-source evidence?",src_search_283a8bed6a9d; event_017; anom_012; val_result_043,anomaly,Claim-level support is unresolved or depends on a single source.
Centers for Disease Control and Prevention,accept_anomaly; dismiss_anomaly; confirm_anomaly; mark_anomaly_resolved; mark_anomaly_needs_more_evidence,2025-01-01-2025-03-31,Measles,"From January 1 to December 31, 2022, a total of 121 measles cases were reported by 6 jurisdictions. *",claim_corroboration_review,anomaly,United States,P0_critical,47,human_review_items; record_inclusion_decisions; claims; claim_comparisons; corroborated_events; anomaly_results,claim corroboration review - review_anomaly_anom_013 - Measles Cases and Outbreaks,Measles Cases and Outbreaks,https://www.cdc.gov/measles/data-research/index.html,confirm_scope_or_reject_record,"Is the claim independently corroborated, conflicting, or only single-source evidence?",src_search_283a8bed6a9d; event_001; anom_013; val_result_048,anomaly,Claim-level support is unresolved or depends on a single source.
Centers for Disease Control and Prevention,accept_as_is; correct_fields; reject_record; mark_requires_review; mark_review_resolved; mark_non_countable; mark_countable; mark_duplicate; mark_not_duplicate; needs_more_evidence; defer_decision,2025-03-31,Measles,| ##### **Total Deaths** | ##### 0 | ##### 3 |,validation_conflict_review,cross_source_conflict,United States,P1_high,48,human_review_items; record_inclusion_decisions; quarantined_records; context_records; final_case_dataset; validation_results; validation_source_compatibility_summary,validation conflict review - review_conflict_conf_005 - Measles Cases and Outbreaks,Measles Cases and Outbreaks,https://www.cdc.gov/measles/data-research/index.html,Inspect the linked artifacts and only then edit a decision file if needed.,"What decision, if any, should a human reviewer record?",rec_src_search_283a8bed6a9d_016; rec_src_search_283a8bed6a9d_017; conf_005,record,This review item requires human inspection before it should affect downstream interpretation.
Centers for Disease Control and Prevention,accept_validation_result; mark_validation_result_not_applicable; confirm_conflict; resolve_conflict_as_left; resolve_conflict_as_right; mark_needs_more_evidence; override_validation_status,2025-03-31,Measles,| ##### **Total Deaths** | ##### 0 | ##### 3 |,validation_conflict_review,validation_conflict,United States,P1_high,49,human_review_items; record_inclusion_decisions; validation_results; validation_source_compatibility_summary,validation conflict review - review_validation_val_result_066 - Measles Cases and Outbreaks,Measles Cases and Outbreaks,https://www.cdc.gov/measles/data-research/index.html,Inspect the linked artifacts and only then edit a decision file if needed.,"What decision, if any, should a human reviewer record?",rec_src_search_283a8bed6a9d_016; rec_src_search_283a8bed6a9d_017; val_result_066,validation_result,This review item requires human inspection before it should affect downstream interpretation.
,needs_more_evidence; defer_decision,2025-01-01-2025-03-31,Measles,Primary case claim has no independent corroborating source.,claim_corroboration_review,claim_corroboration_review,United States,P1_high,50,human_review_items; record_inclusion_decisions; claims; claim_comparisons; corroborated_events,"claim corroboration review - review_claim_corroboration_review_corr_event_002 - Texas measles in Gaines County surpass 100 cases, officia...","Texas measles in Gaines County surpass 100 cases, officials urge ...",https://www.lubbockonline.com/story/news/local/2025/03/04/texas-measles-in-gaines-county-surpass-100-cases-officials-urge-caution-as-state-hits-159-cases/81218510007,review_claim_corroboration,"Is the claim independently corroborated, conflicting, or only single-source evidence?",claim_rec_src_search_87bd434eacdf_002_cases_unspecified; src_search_87bd434eacdf; corr_event_002,claim,Claim-level support is unresolved or depends on a single source.
,needs_more_evidence; defer_decision,2025-01-01-2025-03-31,Measles,Primary case claim has no independent corroborating source.,claim_corroboration_review,claim_corroboration_review,United States,P1_high,51,human_review_items; record_inclusion_decisions; claims; claim_comparisons; corroborated_events,"claim corroboration review - review_claim_corroboration_review_corr_event_003 - Texas measles in Gaines County surpass 100 cases, officia...","Texas measles in Gaines County surpass 100 cases, officials urge ...",https://www.lubbockonline.com/story/news/local/2025/03/04/texas-measles-in-gaines-county-surpass-100-cases-officials-urge-caution-as-state-hits-159-cases/81218510007,review_claim_corroboration,"Is the claim independently corroborated, conflicting, or only single-source evidence?",claim_rec_src_search_87bd434eacdf_004_cases_unspecified; src_search_87bd434eacdf; corr_event_003,claim,Claim-level support is unresolved or depends on a single source.
,needs_more_evidence; defer_decision,2025-01-01-2025-03-31,Measles,Primary case claim has no independent corroborating source.,claim_corroboration_review,claim_corroboration_review,United States,P1_high,52,human_review_items; record_inclusion_decisions; claims; claim_comparisons; corroborated_events,"claim corroboration review - review_claim_corroboration_review_corr_event_004 - Measles Outbreak – August 12, 2025 | Texas DSHS","Measles Outbreak – August 12, 2025 | Texas DSHS",https://www.dshs.texas.gov/news-alerts/measles-outbreak-2025,review_claim_corroboration,"Is the claim independently corroborated, conflicting, or only single-source evidence?",claim_rec_src_search_3e232b5b243d_001_cases_confirmed; claim_rec_src_search_3e232b5b243d_002_deaths; src_search_3e232b5b243d; corr_event_004,claim,Claim-level support is unresolved or depends on a single source.
,needs_more_evidence; defer_decision,2025-01-01-2025-03-31,Measles,Primary case claim has no independent corroborating source.,claim_corroboration_review,claim_corroboration_review,United States,P1_high,53,human_review_items; record_inclusion_decisions; claims; claim_comparisons; corroborated_events,claim corroboration review - review_claim_corroboration_review_corr_event_006 - Over 2K measles cases reported in US in 2025 as ongoing ...,Over 2K measles cases reported in US in 2025 as ongoing ...,https://abc7news.com/post/2k-measles-cases-reported-us-2025-ongoing-outbreaks-threaten-elimination-status/18339323,review_claim_corroboration,"Is the claim independently corroborated, conflicting, or only single-source evidence?",claim_rec_src_search_3f4cf9d46ec9_002_cases_unspecified; src_search_3f4cf9d46ec9; corr_event_006,claim,Claim-level support is unresolved or depends on a single source.
,needs_more_evidence; defer_decision,2025-01-01-2025-03-31,Measles,Primary case claim has no independent corroborating source.,claim_corroboration_review,claim_corroboration_review,United States,P1_high,54,human_review_items; record_inclusion_decisions; claims; claim_comparisons; corroborated_events,claim corroboration review - review_claim_corroboration_review_corr_event_007 - Texas measles outbreak tops 500 cases across 10 counties...,Texas measles outbreak tops 500 cases across 10 counties | PBS News,https://www.pbs.org/newshour/health/texas-measles-outbreak-tops-500-cases-across-10-counties,review_claim_corroboration,"Is the claim independently corroborated, conflicting, or only single-source evidence?",claim_rec_src_search_da86b7826545_002_cases_unspecified; src_search_da86b7826545; corr_event_007,claim,Claim-level support is unresolved or depends on a single source.
,needs_more_evidence; defer_decision,2025-01-01-2025-03-31,Measles,Primary case claim has no independent corroborating source.,claim_corroboration_review,claim_corroboration_review,United States,P1_high,55,human_review_items; record_inclusion_decisions; claims; claim_comparisons; corroborated_events,claim corroboration review - review_claim_corroboration_review_corr_event_008 - Texas measles outbreak tops 500 cases across 10 counties...,Texas measles outbreak tops 500 cases across 10 counties | PBS News,https://www.pbs.org/newshour/health/texas-measles-outbreak-tops-500-cases-across-10-counties,review_claim_corroboration,"Is the claim independently corroborated, conflicting, or only single-source evidence?",claim_rec_src_search_da86b7826545_003_cases_unspecified; src_search_da86b7826545; corr_event_008,claim,Claim-level support is unresolved or depends on a single source.
,needs_more_evidence; defer_decision,2025-01-01-2025-03-31,Measles,Primary case claim has no independent corroborating source.,claim_corroboration_review,claim_corroboration_review,United States,P1_high,56,human_review_items; record_inclusion_decisions; claims; claim_comparisons; corroborated_events,claim corroboration review - review_claim_corroboration_review_corr_event_009 - Texas measles outbreak tops 500 cases across 10 counties...,Texas measles outbreak tops 500 cases across 10 counties | PBS News,https://www.pbs.org/newshour/health/texas-measles-outbreak-tops-500-cases-across-10-counties,review_claim_corroboration,"Is the claim independently corroborated, conflicting, or only single-source evidence?",claim_rec_src_search_da86b7826545_004_cases_unspecified; src_search_da86b7826545; corr_event_009,claim,Claim-level support is unresolved or depends on a single source.
Pan American Health Organization,needs_more_evidence; defer_decision,2025-01-01-2025-03-31,Measles,Primary case claim has no independent corroborating source.,claim_corroboration_review,claim_corroboration_review,United States,P1_high,57,human_review_items; record_inclusion_decisions; claims; claim_comparisons; corroborated_events,claim corroboration review - review_claim_corroboration_review_corr_event_010 - Situation Report #2: Measles in the Americas Region - PAH...,Situation Report #2: Measles in the Americas Region - PAHO/WHO,https://www.paho.org/en/documents/situation-report-2-measles-americas-region,review_claim_corroboration,"Is the claim independently corroborated, conflicting, or only single-source evidence?",claim_rec_src_search_8242cbb785a1_002_cases_confirmed; claim_rec_src_search_8242cbb785a1_002_deaths; claim_rec_src_search_8242cbb785a1_003_cases_confirmed; claim_rec_src_search_8242cbb785a1_003_deaths; claim_rec_src_search_8242cbb785a1_004_cases_confirmed; claim_rec_src_search_8242cbb785a1_004_deaths; src_search_8242cbb785a1; corr_event_010,claim,Claim-level support is unresolved or depends on a single source.
Pan American Health Organization,needs_more_evidence; defer_decision,2025-01-01-2025-03-31,Measles,Primary case claim has no independent corroborating source.,claim_corroboration_review,claim_corroboration_review,United States,P1_high,58,human_review_items; record_inclusion_decisions; claims; claim_comparisons; corroborated_events,claim corroboration review - review_claim_corroboration_review_corr_event_011 - Situation Report #1: Measles in the Americas Region - PAH...,Situation Report #1: Measles in the Americas Region - PAHO/WHO,https://www.paho.org/en/documents/situation-report-1-measles-americas-region,review_claim_corroboration,"Is the claim independently corroborated, conflicting, or only single-source evidence?",claim_rec_src_search_6e578fc529e9_001_cases_confirmed; claim_rec_src_search_6e578fc529e9_001_deaths; src_search_6e578fc529e9; corr_event_011,claim,Claim-level support is unresolved or depends on a single source.
Centers for Disease Control and Prevention,needs_more_evidence; defer_decision,2025-01-01-2025-03-31,Measles,Primary case claim has no independent corroborating source.,claim_corroboration_review,claim_corroboration_review,United States,P1_high,59,human_review_items; record_inclusion_decisions; claims; claim_comparisons; corroborated_events,claim corroboration review - review_claim_corroboration_review_corr_event_012 - CDC confirms 23 more US measles cases as 2025 total tops...,"CDC confirms 23 more US measles cases as 2025 total tops 1,500 | CIDRAP",https://www.cidrap.umn.edu/measles/cdc-confirms-23-more-us-measles-cases-2025-total-tops-1500,review_claim_corroboration,"Is the claim independently corroborated, conflicting, or only single-source evidence?",claim_rec_src_search_d1d6036be2f6_006_cases_unspecified; src_search_d1d6036be2f6; corr_event_012,claim,Claim-level support is unresolved or depends on a single source.
Centers for Disease Control and Prevention,needs_more_evidence; defer_decision,2025-01-01-2025-03-31,Measles,Primary case claim has no independent corroborating source.,claim_corroboration_review,claim_corroboration_review,United States,P1_high,60,human_review_items; record_inclusion_decisions; claims; claim_comparisons; corroborated_events,claim corroboration review - review_claim_corroboration_review_corr_event_013 - CDC confirms 23 more US measles cases as 2025 total tops...,"CDC confirms 23 more US measles cases as 2025 total tops 1,500 | CIDRAP",https://www.cidrap.umn.edu/measles/cdc-confirms-23-more-us-measles-cases-2025-total-tops-1500,review_claim_corroboration,"Is the claim independently corroborated, conflicting, or only single-source evidence?",claim_rec_src_search_d1d6036be2f6_007_cases_unspecified; src_search_d1d6036be2f6; corr_event_013,claim,Claim-level support is unresolved or depends on a single source.
,approve_source_role; override_source_role; exclude_source; mark_source_needs_review,2025-01-01-2025-03-31,Measles,,source_identity_review,source_credibility,United States,P1_high,61,human_review_items; record_inclusion_decisions; source_registry; source_identity_assessments,source identity review - review_source_credibility_src_search_20b2c5ecff8b - How Texas measles outbreak spread outside of Mennonite commu...,How Texas measles outbreak spread outside of Mennonite community,https://www.youtube.com/watch?v=1yFBuMXHv34,Open source identity assessments and source registry metadata.,"Who is the actual publisher, and is it independent of other evidence?",src_search_20b2c5ecff8b,source,Publisher or source identity uncertainty can affect source independence and credibility.
,approve_source_role; override_source_role; exclude_source; mark_source_needs_review,2025-01-01-2025-03-31,Measles,,source_identity_review,source_credibility,United States,P1_high,62,human_review_items; record_inclusion_decisions; source_registry; source_identity_assessments,"source identity review - review_source_credibility_src_search_933f09adbe25 - The rapid spread of measles in Gaines, Texas - Reuters","The rapid spread of measles in Gaines, Texas - Reuters",https://www.reuters.com/graphics/USA-HEALTH/MEASLES/lbvgwxrwbvq,Open source identity assessments and source registry metadata.,"Who is the actual publisher, and is it independent of other evidence?",src_search_933f09adbe25,source,Publisher or source identity uncertainty can affect source independence and credibility.
,approve_source_role; override_source_role; exclude_source; mark_source_needs_review,2025-01-01-2025-03-31,Measles,,source_identity_review,source_credibility,United States,P1_high,63,human_review_items; record_inclusion_decisions; source_registry; source_identity_assessments,source identity review - review_source_credibility_src_search_c6c6c612320d - Measles cases climb in the U.S. after 2025 was worst year in...,Measles cases climb in the U.S. after 2025 was worst year in decades,https://www.youtube.com/watch?v=TqyQFSCVyN4,Open source identity assessments and source registry metadata.,"Who is the actual publisher, and is it independent of other evidence?",src_search_c6c6c612320d,source,Publisher or source identity uncertainty can affect source independence and credibility.
,accept_anomaly; dismiss_anomaly; confirm_anomaly; mark_anomaly_resolved; mark_anomaly_needs_more_evidence,2025-01-01-2025-03-31,Measles,,claim_corroboration_review,anomaly,United States,P1_high,64,human_review_items; record_inclusion_decisions; claims; claim_comparisons; corroborated_events; anomaly_results,claim corroboration review - review_anomaly_anom_026 - event_009,,,review_cluster_canonical_count,"Is the claim independently corroborated, conflicting, or only single-source evidence?",event_009; anom_026,anomaly,Claim-level support is unresolved or depends on a single source.
,accept_anomaly; dismiss_anomaly; confirm_anomaly; mark_anomaly_resolved; mark_anomaly_needs_more_evidence,2025-01-01-2025-03-31,Measles,,claim_corroboration_review,anomaly,United States,P1_high,65,human_review_items; record_inclusion_decisions; claims; claim_comparisons; corroborated_events; anomaly_results,claim corroboration review - review_anomaly_anom_027 - event_011,,,review_cluster_canonical_count,"Is the claim independently corroborated, conflicting, or only single-source evidence?",event_011; anom_027,anomaly,Claim-level support is unresolved or depends on a single source.
,accept_anomaly; dismiss_anomaly; confirm_anomaly; mark_anomaly_resolved; mark_anomaly_needs_more_evidence,2025-01-01-2025-03-31,Measles,,claim_corroboration_review,anomaly,United States,P1_high,66,human_review_items; record_inclusion_decisions; claims; claim_comparisons; corroborated_events; anomaly_results,claim corroboration review - review_anomaly_anom_028 - event_015,,,review_cluster_canonical_count,"Is the claim independently corroborated, conflicting, or only single-source evidence?",event_015; anom_028,anomaly,Claim-level support is unresolved or depends on a single source.
,accept_anomaly; dismiss_anomaly; confirm_anomaly; mark_anomaly_resolved; mark_anomaly_needs_more_evidence,2025-01-01-2025-03-31,Measles,,claim_corroboration_review,anomaly,United States,P1_high,67,human_review_items; record_inclusion_decisions; claims; claim_comparisons; corroborated_events; anomaly_results,claim corroboration review - review_anomaly_anom_029 - event_019,,,review_cluster_canonical_count,"Is the claim independently corroborated, conflicting, or only single-source evidence?",event_019; anom_029,anomaly,Claim-level support is unresolved or depends on a single source.
,accept_as_is; correct_fields; reject_record; mark_requires_review; mark_review_resolved; mark_non_countable; mark_countable; mark_duplicate; mark_not_duplicate; needs_more_evidence; defer_decision,2025-03-31,Measles,"However, vaccination rates have been falling for years. For the 2024-25 school year, just 92.5% of incoming kindergarteners had received the MMR vaccine, CDC data shows - below the 95% threshold that public health experts say is necessary to prevent outbreaks.",claim_corroboration_review,duplicate_event_clustering,United States,P1_high,68,human_review_items; record_inclusion_decisions; quarantined_records; context_records; final_case_dataset; claims; claim_comparisons; corroborated_events,claim corroboration review - review_duplicate_event_006 - Over 2K measles cases reported in US in 2025 as ongoing ...,Over 2K measles cases reported in US in 2025 as ongoing ...,https://abc7news.com/post/2k-measles-cases-reported-us-2025-ongoing-outbreaks-threaten-elimination-status/18339323,"Open claims, claim comparisons, and corroborated events.","Is the claim independently corroborated, conflicting, or only single-source evidence?",rec_src_search_3f4cf9d46ec9_003; event_006,record,Claim-level support is unresolved or depends on a single source.
Centers for Disease Control and Prevention,accept_anomaly; dismiss_anomaly; confirm_anomaly; mark_anomaly_resolved; mark_anomaly_needs_more_evidence,2025-01-01-2025-03-31,Measles,,anomaly_review,anomaly,United States,P1_high,69,human_review_items; record_inclusion_decisions; anomaly_results,anomaly review - review_anomaly_anom_022 - Measles Cases and Outbreaks,Measles Cases and Outbreaks,https://www.cdc.gov/measles/data-research/index.html,review_high_credibility_conflict,Is this a real public-health signal or an extraction/count-semantics problem?,src_search_283a8bed6a9d; src_search_cd5fb2750261; anom_022,anomaly,An anomaly rule flagged the item for expert inspection.
Centers for Disease Control and Prevention,accept_anomaly; dismiss_anomaly; confirm_anomaly; mark_anomaly_resolved; mark_anomaly_needs_more_evidence,2025-01-01-2025-03-31,Measles,,anomaly_review,anomaly,United States,P1_high,70,human_review_items; record_inclusion_decisions; anomaly_results,anomaly review - review_anomaly_anom_023 - Measles Cases and Outbreaks,Measles Cases and Outbreaks,https://www.cdc.gov/measles/data-research/index.html,review_high_credibility_conflict,Is this a real public-health signal or an extraction/count-semantics problem?,src_search_283a8bed6a9d; src_search_cd5fb2750261; anom_023,anomaly,An anomaly rule flagged the item for expert inspection.
Centers for Disease Control and Prevention,accept_anomaly; dismiss_anomaly; confirm_anomaly; mark_anomaly_resolved; mark_anomaly_needs_more_evidence,2025-01-01-2025-03-31,Measles,,anomaly_review,anomaly,United States,P1_high,71,human_review_items; record_inclusion_decisions; anomaly_results,anomaly review - review_anomaly_anom_024 - Measles Cases and Outbreaks,Measles Cases and Outbreaks,https://www.cdc.gov/measles/data-research/index.html,review_high_credibility_conflict,Is this a real public-health signal or an extraction/count-semantics problem?,src_search_283a8bed6a9d; src_search_d1d6036be2f6; anom_024,anomaly,An anomaly rule flagged the item for expert inspection.
Centers for Disease Control and Prevention,accept_anomaly; dismiss_anomaly; confirm_anomaly; mark_anomaly_resolved; mark_anomaly_needs_more_evidence,2025-01-01-2025-03-31,Measles,,anomaly_review,anomaly,United States,P1_high,72,human_review_items; record_inclusion_decisions; anomaly_results,anomaly review - review_anomaly_anom_025 - Measles Cases and Outbreaks,Measles Cases and Outbreaks,https://www.cdc.gov/measles/data-research/index.html,review_high_credibility_conflict,Is this a real public-health signal or an extraction/count-semantics problem?,src_search_283a8bed6a9d; src_search_d1d6036be2f6; anom_025,anomaly,An anomaly rule flagged the item for expert inspection.
Pan American Health Organization,accept_validation_result; mark_validation_result_not_applicable; confirm_conflict; resolve_conflict_as_left; resolve_conflict_as_right; mark_needs_more_evidence; override_validation_status,2025-03-31,Measles,"| [Download](/sites/default/files/2026/05/measles-outbreak-situation-report-7may-2026.pdf ""Situation Report #2: Measles in the Americas Region"") | Between epidemiological weeks (EW) 1 and EW 16 of 2026, countries in the Region of the Americas reported 18,352 confirmed measles cases including 15 deaths. In 2025, 14,503 measles cases were reported, including 32 deaths. This follows a marked rise in cases during 2025, with continued acceleration observed in early 2026. Since the publication of Situation Report No. 1 (EW 12, 2026), an additional 3,887 confirmed cases including six deaths have been reported, reflecting continued expansion of outbreaks in Mexico and Guatemala, sustained transmission in Canada, and newly reported cases in Peru. The highest number of confirmed cases in 2026 hav...",outside_scope_review,validation_scope_issue,United States,P1_high,73,human_review_items; record_inclusion_decisions; validation_results; validation_source_compatibility_summary,outside scope review - review_validation_val_result_016 - Situation Report #2: Measles in the Americas Region - PAHO/WHO,Situation Report #2: Measles in the Americas Region - PAHO/WHO,https://www.paho.org/en/documents/situation-report-2-measles-americas-region,Inspect the evidence quote and record inclusion decision.,Does the evidence actually match the requested scope?,rec_src_search_8242cbb785a1_001; val_result_016,validation_result,"The item may be outside the requested disease, location, or time window."
Pan American Health Organization,accept_validation_result; mark_validation_result_not_applicable; confirm_conflict; resolve_conflict_as_left; resolve_conflict_as_right; mark_needs_more_evidence; override_validation_status,2025-03-31,Measles,"| [Download](/sites/default/files/2026/05/measles-outbreak-situation-report-7may-2026.pdf ""Situation Report #2: Measles in the Americas Region"") | Between epidemiological weeks (EW) 1 and EW 16 of 2026, countries in the Region of the Americas reported 18,352 confirmed measles cases including 15 deaths. In 2025, 14,503 measles cases were reported, including 32 deaths. This follows a marked rise in cases during 2025, with continued acceleration observed in early 2026. Since the publication of Situation Report No. 1 (EW 12, 2026), an additional 3,887 confirmed cases including six deaths have been reported, reflecting continued expansion of outbreaks in Mexico and Guatemala, sustained transmission in Canada, and newly reported cases in Peru. The highest number of confirmed cases in 2026 hav...",outside_scope_review,validation_scope_issue,United States,P1_high,74,human_review_items; record_inclusion_decisions; validation_results; validation_source_compatibility_summary,outside scope review - review_validation_val_result_019 - Situation Report #2: Measles in the Americas Region - PAHO/WHO,Situation Report #2: Measles in the Americas Region - PAHO/WHO,https://www.paho.org/en/documents/situation-report-2-measles-americas-region,Inspect the evidence quote and record inclusion decision.,Does the evidence actually match the requested scope?,rec_src_search_8242cbb785a1_004; val_result_019,validation_result,"The item may be outside the requested disease, location, or time window."
Centers for Disease Control and Prevention,accept_validation_result; mark_validation_result_not_applicable; confirm_conflict; resolve_conflict_as_left; resolve_conflict_as_right; mark_needs_more_evidence; override_validation_status,2025-03-31,Measles,#### 285,outside_scope_review,validation_scope_issue,United States,P1_high,75,human_review_items; record_inclusion_decisions; validation_results; validation_source_compatibility_summary,outside scope review - review_validation_val_result_038 - Measles Cases and Outbreaks,Measles Cases and Outbreaks,https://www.cdc.gov/measles/data-research/index.html,Inspect the evidence quote and record inclusion decision.,Does the evidence actually match the requested scope?,rec_src_search_283a8bed6a9d_005; val_result_038,validation_result,"The item may be outside the requested disease, location, or time window."
Centers for Disease Control and Prevention,accept_validation_result; mark_validation_result_not_applicable; confirm_conflict; resolve_conflict_as_left; resolve_conflict_as_right; mark_needs_more_evidence; override_validation_status,2025-03-31,Measles,"There have been 16 outbreaks (defined as 3 or more related cases) reported in 2024, and 69% of cases (198 of 285) are outbreak-associated. For comparison, 4 outbreaks were reported during 2023 and 49% of cases (29 of 59) were outbreak-associated.",outside_scope_review,validation_scope_issue,United States,P1_high,76,human_review_items; record_inclusion_decisions; validation_results; validation_source_compatibility_summary,outside scope review - review_validation_val_result_040 - Measles Cases and Outbreaks,Measles Cases and Outbreaks,https://www.cdc.gov/measles/data-research/index.html,Inspect the evidence quote and record inclusion decision.,Does the evidence actually match the requested scope?,rec_src_search_283a8bed6a9d_007; val_result_040,validation_result,"The item may be outside the requested disease, location, or time window."
Centers for Disease Control and Prevention,accept_validation_result; mark_validation_result_not_applicable; confirm_conflict; resolve_conflict_as_left; resolve_conflict_as_right; mark_needs_more_evidence; override_validation_status,2025-03-31,Measles,"There have been 16 outbreaks (defined as 3 or more related cases) reported in 2024, and 69% of cases (198 of 285) are outbreak-associated. For comparison, 4 outbreaks were reported during 2023 and 49% of cases (29 of 59) were outbreak-associated.",outside_scope_review,validation_scope_issue,United States,P1_high,77,human_review_items; record_inclusion_decisions; validation_results; validation_source_compatibility_summary,outside scope review - review_validation_val_result_042 - Measles Cases and Outbreaks,Measles Cases and Outbreaks,https://www.cdc.gov/measles/data-research/index.html,Inspect the evidence quote and record inclusion decision.,Does the evidence actually match the requested scope?,rec_src_search_283a8bed6a9d_009; val_result_042,validation_result,"The item may be outside the requested disease, location, or time window."
Centers for Disease Control and Prevention,accept_validation_result; mark_validation_result_not_applicable; confirm_conflict; resolve_conflict_as_left; resolve_conflict_as_right; mark_needs_more_evidence; override_validation_status,2025-03-31,Measles,"There have been 16 outbreaks (defined as 3 or more related cases) reported in 2024, and 69% of cases (198 of 285) are outbreak-associated. For comparison, 4 outbreaks were reported during 2023 and 49% of cases (29 of 59) were outbreak-associated.",outside_scope_review,validation_scope_issue,United States,P1_high,78,human_review_items; record_inclusion_decisions; validation_results; validation_source_compatibility_summary,outside scope review - review_validation_val_result_043 - Measles Cases and Outbreaks,Measles Cases and Outbreaks,https://www.cdc.gov/measles/data-research/index.html,Inspect the evidence quote and record inclusion decision.,Does the evidence actually match the requested scope?,rec_src_search_283a8bed6a9d_010; val_result_043,validation_result,"The item may be outside the requested disease, location, or time window."
Centers for Disease Control and Prevention,accept_validation_result; mark_validation_result_not_applicable; confirm_conflict; resolve_conflict_as_left; resolve_conflict_as_right; mark_needs_more_evidence; override_validation_status,2025-03-31,Measles,"From January 1 to December 31, 2022, a total of 121 measles cases were reported by 6 jurisdictions. *",outside_scope_review,validation_scope_issue,United States,P1_high,79,human_review_items; record_inclusion_decisions; validation_results; validation_source_compatibility_summary,outside scope review - review_validation_val_result_048 - Measles Cases and Outbreaks,Measles Cases and Outbreaks,https://www.cdc.gov/measles/data-research/index.html,Inspect the evidence quote and record inclusion decision.,Does the evidence actually match the requested scope?,rec_src_search_283a8bed6a9d_015; val_result_048,validation_result,"The item may be outside the requested disease, location, or time window."
,approve_source_role; override_source_role; exclude_source; mark_source_needs_review,2025-01-01-2025-03-31,Measles,,source_identity_review,source_credibility,United States,P1_high,80,human_review_items; record_inclusion_decisions; source_registry; source_identity_assessments,source identity review - review_source_credibility_src_search_14e93bfe3eec - 2025 Southwest United States measles outbreak - Wikipedia,2025 Southwest United States measles outbreak - Wikipedia,https://en.wikipedia.org/wiki/2025_Southwest_United_States_measles_outbreak,Open source identity assessments and source registry metadata.,"Who is the actual publisher, and is it independent of other evidence?",src_search_14e93bfe3eec,source,Publisher or source identity uncertainty can affect source independence and credibility.
,approve_source_role; override_source_role; exclude_source; mark_source_needs_review,2025-01-01-2025-03-31,Measles,,source_identity_review,source_credibility,United States,P1_high,81,human_review_items; record_inclusion_decisions; source_registry; source_identity_assessments,source identity review - review_source_credibility_src_search_3b88e198ee65 - Measles death of unvaccinated child in Texas outbreak is 1st...,Measles death of unvaccinated child in Texas outbreak is 1st fatality ...,https://abc7ny.com/post/first-measles-death-is-reported-west-texas-outbreak-infected-more-120-people/15956727,Open source identity assessments and source registry metadata.,"Who is the actual publisher, and is it independent of other evidence?",src_search_3b88e198ee65,source,Publisher or source identity uncertainty can affect source independence and credibility.
,approve_source_role; override_source_role; exclude_source; mark_source_needs_review,2025-01-01-2025-03-31,Measles,,source_identity_review,source_credibility,United States,P1_high,82,human_review_items; record_inclusion_decisions; source_registry; source_identity_assessments,"source identity review - review_source_credibility_src_search_3e232b5b243d - Measles Outbreak – August 12, 2025 | Texas DSHS","Measles Outbreak – August 12, 2025 | Texas DSHS",https://www.dshs.texas.gov/news-alerts/measles-outbreak-2025,Open source identity assessments and source registry metadata.,"Who is the actual publisher, and is it independent of other evidence?",src_search_3e232b5b243d,source,Publisher or source identity uncertainty can affect source independence and credibility.
Centers for Disease Control and Prevention,approve_source_role; override_source_role; exclude_source; mark_source_needs_review,2025-01-01-2025-03-31,Measles,,source_identity_review,source_credibility,United States,P1_high,83,human_review_items; record_inclusion_decisions; source_registry; source_identity_assessments,source identity review - review_source_credibility_src_search_4344744ea569 - Measles Death New Mexico - Infectious Disease Special Edition,Measles Death New Mexico - Infectious Disease Special Edition,https://www.idse.net/Policy-Public-Health/Article/03-25/Measles-Death-New-Mexico/76444,Open source identity assessments and source registry metadata.,"Who is the actual publisher, and is it independent of other evidence?",src_search_4344744ea569,source,Publisher or source identity uncertainty can affect source independence and credibility.
,approve_source_role; override_source_role; exclude_source; mark_source_needs_review,2025-01-01-2025-03-31,Measles,,source_identity_review,source_credibility,United States,P1_high,84,human_review_items; record_inclusion_decisions; source_registry; source_identity_assessments,"source identity review - review_source_credibility_src_search_62409e4d2cf9 - US Measles Cases Near 2,000 in 2025 as Multi-State Outbreaks...","US Measles Cases Near 2,000 in 2025 as Multi-State Outbreaks ...",https://www.contagionlive.com/view/us-measles-cases-near-2-000-in-2025-as-multi-state-outbreaks-expand,Open source identity assessments and source registry metadata.,"Who is the actual publisher, and is it independent of other evidence?",src_search_62409e4d2cf9,source,Publisher or source identity uncertainty can affect source independence and credibility.
Centers for Disease Control and Prevention,approve_source_role; override_source_role; exclude_source; mark_source_needs_review,2025-01-01-2025-03-31,Measles,,source_identity_review,source_credibility,United States,P1_high,85,human_review_items; record_inclusion_decisions; source_registry; source_identity_assessments,source identity review - review_source_credibility_src_search_69d20bdba5cb - Tracking U.S. Measles Outbreaks - ny times,Tracking U.S. Measles Outbreaks - ny times,https://www.nytimes.com/interactive/2025/health/measles-outbreak-map.html,Open source identity assessments and source registry metadata.,"Who is the actual publisher, and is it independent of other evidence?",src_search_69d20bdba5cb,source,Publisher or source identity uncertainty can affect source independence and credibility.
,approve_source_role; override_source_role; exclude_source; mark_source_needs_review,2025-01-01-2025-03-31,Measles,,source_identity_review,source_credibility,United States,P1_high,86,human_review_items; record_inclusion_decisions; source_registry; source_identity_assessments,source identity review - review_source_credibility_src_search_74152a4ae4ab - Public Health: U.S. Measles Outbreak 2025 - MSK Library Guides,Public Health: U.S. Measles Outbreak 2025 - MSK Library Guides,https://libguides.mskcc.org/publichealth/measles2025,Open source identity assessments and source registry metadata.,"Who is the actual publisher, and is it independent of other evidence?",src_search_74152a4ae4ab,source,Publisher or source identity uncertainty can affect source independence and credibility.
,approve_source_role; override_source_role; exclude_source; mark_source_needs_review,2025-01-01-2025-03-31,Measles,,source_identity_review,source_credibility,United States,P1_high,87,human_review_items; record_inclusion_decisions; source_registry; source_identity_assessments,source identity review - review_source_credibility_src_search_78fdd46eb63c - 2025-2026 US Measles Map,2025-2026 US Measles Map,https://www.arcgis.com/apps/dashboards/dd314001921f4d2eac160f89ded0b49a,Open source identity assessments and source registry metadata.,"Who is the actual publisher, and is it independent of other evidence?",src_search_78fdd46eb63c,source,Publisher or source identity uncertainty can affect source independence and credibility.
,approve_source_role; override_source_role; exclude_source; mark_source_needs_review,2025-01-01-2025-03-31,Measles,,source_identity_review,source_credibility,United States,P1_high,88,human_review_items; record_inclusion_decisions; source_registry; source_identity_assessments,source identity review - review_source_credibility_src_search_7acdcc881c7b - Red Book Online Outbreaks: Measles - AAP Publications,Red Book Online Outbreaks: Measles - AAP Publications,https://publications.aap.org/redbook/resources/15187/Red-Book-Online-Outbreaks-Measles,Open source identity assessments and source registry metadata.,"Who is the actual publisher, and is it independent of other evidence?",src_search_7acdcc881c7b,source,Publisher or source identity uncertainty can affect source independence and credibility.
,approve_source_role; override_source_role; exclude_source; mark_source_needs_review,2025-01-01-2025-03-31,Measles,,source_identity_review,source_credibility,United States,P1_high,89,human_review_items; record_inclusion_decisions; source_registry; source_identity_assessments,source identity review - review_source_credibility_src_search_7cb311dd75e6 - U.S. Measles Tracker | International Vaccine Access Center,U.S. Measles Tracker | International Vaccine Access Center,https://publichealth.jhu.edu/ivac/resources/us-measles-tracker,Open source identity assessments and source registry metadata.,"Who is the actual publisher, and is it independent of other evidence?",src_search_7cb311dd75e6,source,Publisher or source identity uncertainty can affect source independence and credibility.
,approve_source_role; override_source_role; exclude_source; mark_source_needs_review,2025-01-01-2025-03-31,Measles,,source_identity_review,source_credibility,United States,P1_high,90,human_review_items; record_inclusion_decisions; source_registry; source_identity_assessments,"source identity review - review_source_credibility_src_search_87bd434eacdf - Texas measles in Gaines County surpass 100 cases, officials...","Texas measles in Gaines County surpass 100 cases, officials urge ...",https://www.lubbockonline.com/story/news/local/2025/03/04/texas-measles-in-gaines-county-surpass-100-cases-officials-urge-caution-as-state-hits-159-cases/81218510007,Open source identity assessments and source registry metadata.,"Who is the actual publisher, and is it independent of other evidence?",src_search_87bd434eacdf,source,Publisher or source identity uncertainty can affect source independence and credibility.
,approve_source_role; override_source_role; exclude_source; mark_source_needs_review,2025-01-01-2025-03-31,Measles,,source_identity_review,source_credibility,United States,P1_high,91,human_review_items; record_inclusion_decisions; source_registry; source_identity_assessments,source identity review - review_source_credibility_src_search_9570e9e8018b - 2025 Measles Outbreak | South Carolina Department of Public...,2025 Measles Outbreak | South Carolina Department of Public Health,https://dph.sc.gov/diseases-conditions/infectious-diseases/measles-rubeola/2025-measles-outbreak,Open source identity assessments and source registry metadata.,"Who is the actual publisher, and is it independent of other evidence?",src_search_9570e9e8018b,source,Publisher or source identity uncertainty can affect source independence and credibility.
,approve_source_role; override_source_role; exclude_source; mark_source_needs_review,2025-01-01-2025-03-31,Measles,,source_identity_review,source_credibility,United States,P1_high,92,human_review_items; record_inclusion_decisions; source_registry; source_identity_assessments,source identity review - review_source_credibility_src_search_c62c62e520ae - Texas measles cases remain steady at 750. Track the spread h...,Texas measles cases remain steady at 750. Track the spread here. - The Texas Tribune,https://www.texastribune.org/2025/04/22/texas-measles-outbreak-update,Open source identity assessments and source registry metadata.,"Who is the actual publisher, and is it independent of other evidence?",src_search_c62c62e520ae,source,Publisher or source identity uncertainty can affect source independence and credibility.
,approve_source_role; override_source_role; exclude_source; mark_source_needs_review,2025-01-01-2025-03-31,Measles,,source_identity_review,source_credibility,United States,P1_high,93,human_review_items; record_inclusion_decisions; source_registry; source_identity_assessments,source identity review - review_source_credibility_src_search_d3d9a2e23a80 - Southwest Kansas Measles Outbreak Declared Over and MMR ...,Southwest Kansas Measles Outbreak Declared Over and MMR ...,http://www.coronavirus.kdheks.gov/m/newsflash/Home/Detail/1677,Open source identity assessments and source registry metadata.,"Who is the actual publisher, and is it independent of other evidence?",src_search_d3d9a2e23a80,source,Publisher or source identity uncertainty can affect source independence and credibility.
,approve_source_role; override_source_role; exclude_source; mark_source_needs_review,2025-01-01-2025-03-31,Measles,,source_identity_review,source_credibility,United States,P1_high,94,human_review_items; record_inclusion_decisions; source_registry; source_identity_assessments,source identity review - review_source_credibility_src_search_da86b7826545 - Texas measles outbreak tops 500 cases across 10 counties | P...,Texas measles outbreak tops 500 cases across 10 counties | PBS News,https://www.pbs.org/newshour/health/texas-measles-outbreak-tops-500-cases-across-10-counties,Open source identity assessments and source registry metadata.,"Who is the actual publisher, and is it independent of other evidence?",src_search_da86b7826545,source,Publisher or source identity uncertainty can affect source independence and credibility.
National Center for Biotechnology Information,approve_source_role; override_source_role; exclude_source; mark_source_needs_review,2025-01-01-2025-03-31,Measles,,source_credibility_review,source_credibility,United States,P1_high,95,human_review_items; record_inclusion_decisions; source_registry; source_identity_assessments,source credibility review - review_source_credibility_src_search_eec8c3f3b772 - Measles resurgence in the United States: epidemiological...,Measles resurgence in the United States: epidemiological and ...,https://pmc.ncbi.nlm.nih.gov/articles/PMC12825560,Review source registry and source credibility/source critic outputs.,"Should this source be collection, support, context, or excluded?",src_search_eec8c3f3b772,source,Source credibility affects whether evidence should support collection or only context.
,accept_validation_result; mark_validation_result_not_applicable; confirm_conflict; resolve_conflict_as_left; resolve_conflict_as_right; mark_needs_more_evidence; override_validation_status,2025-03-31,Measles,"However, vaccination rates have been falling for years. For the 2024-25 school year, just 92.5% of incoming kindergarteners had received the MMR vaccine, CDC data shows - below the 95% threshold that public health experts say is necessary to prevent outbreaks.",outside_scope_review,validation_scope_issue,United States,P1_high,96,human_review_items; record_inclusion_decisions; validation_results; validation_source_compatibility_summary,outside scope review - review_validation_val_result_010 - Over 2K measles cases reported in US in 2025 as ongoing ...,Over 2K measles cases reported in US in 2025 as ongoing ...,https://abc7news.com/post/2k-measles-cases-reported-us-2025-ongoing-outbreaks-threaten-elimination-status/18339323,Inspect the evidence quote and record inclusion decision.,Does the evidence actually match the requested scope?,rec_src_search_3f4cf9d46ec9_003; val_result_010,validation_result,"The item may be outside the requested disease, location, or time window."
Centers for Disease Control and Prevention,accept_validation_result; mark_validation_result_not_applicable; confirm_conflict; resolve_conflict_as_left; resolve_conflict_as_right; mark_needs_more_evidence; override_validation_status,2025-03-31,Measles,"There have been 16 outbreaks (defined as 3 or more related cases) reported in 2024, and 69% of cases (198 of 285) are outbreak-associated. For comparison, 4 outbreaks were reported during 2023 and 49% of cases (29 of 59) were outbreak-associated.",outside_scope_review,validation_scope_issue,United States,P1_high,97,human_review_items; record_inclusion_decisions; validation_results; validation_source_compatibility_summary,outside scope review - review_validation_val_result_039 - Measles Cases and Outbreaks,Measles Cases and Outbreaks,https://www.cdc.gov/measles/data-research/index.html,Inspect the evidence quote and record inclusion decision.,Does the evidence actually match the requested scope?,rec_src_search_283a8bed6a9d_006; val_result_039,validation_result,"The item may be outside the requested disease, location, or time window."
Centers for Disease Control and Prevention,accept_validation_result; mark_validation_result_not_applicable; confirm_conflict; resolve_conflict_as_left; resolve_conflict_as_right; mark_needs_more_evidence; override_validation_status,2025-03-31,Measles,"There have been 16 outbreaks (defined as 3 or more related cases) reported in 2024, and 69% of cases (198 of 285) are outbreak-associated. For comparison, 4 outbreaks were reported during 2023 and 49% of cases (29 of 59) were outbreak-associated.",outside_scope_review,validation_scope_issue,United States,P1_high,98,human_review_items; record_inclusion_decisions; validation_results; validation_source_compatibility_summary,outside scope review - review_validation_val_result_041 - Measles Cases and Outbreaks,Measles Cases and Outbreaks,https://www.cdc.gov/measles/data-research/index.html,Inspect the evidence quote and record inclusion decision.,Does the evidence actually match the requested scope?,rec_src_search_283a8bed6a9d_008; val_result_041,validation_result,"The item may be outside the requested disease, location, or time window."
CIDRAP,approve_source_role; override_source_role; exclude_source; mark_source_needs_review,2025-01-01-2025-03-31,Measles,,source_credibility_review,source_credibility,United States,P2_medium,99,human_review_items; record_inclusion_decisions; source_registry; source_identity_assessments,"source credibility review - review_source_credibility_src_search_a9abbaac7c0e - Kansas, New Mexico, New York report more measles cases -...","Kansas, New Mexico, New York report more measles cases - CIDRAP",https://www.cidrap.umn.edu/measles/kansas-new-mexico-new-york-report-more-measles-cases,Review source registry and source credibility/source critic outputs.,"Should this source be collection, support, context, or excluded?",src_search_a9abbaac7c0e,source,Source credibility affects whether evidence should support collection or only context.
New Mexico Department of Health,approve_source_role; override_source_role; exclude_source; mark_source_needs_review,2025-01-01-2025-03-31,Measles,,source_credibility_review,source_credibility,United States,P2_medium,100,human_review_items; record_inclusion_decisions; source_registry; source_identity_assessments,source credibility review - review_source_credibility_src_search_ef917f9b28c7 - Measles,Measles,https://www.nmhealth.org/about/erd/ideb/mog,Review source registry and source credibility/source critic outputs.,"Should this source be collection, support, context, or excluded?",src_search_ef917f9b28c7,source,Source credibility affects whether evidence should support collection or only context.
,approve_source_role; override_source_role; exclude_source; mark_source_needs_review,2025-01-01-2025-03-31,Measles,"Task-relevant source text appeared to contain core epidemiology metric signals, but extraction produced no structured records.",general_review,core_metric_extraction_gap,United States,P3_low,101,human_review_items; record_inclusion_decisions; source_registry; source_identity_assessments,general review - review_core_metric_gap_src_search_1cb88aa8426c - Ten countries in the Americas report measles outbreaks in 2025,Ten countries in the Americas report measles outbreaks in 2025,https://reliefweb.int/report/mexico/ten-countries-americas-report-measles-outbreaks-2025,review_source_for_core_metric_extraction,"What decision, if any, should a human reviewer record?",src_search_1cb88aa8426c,source,This review item requires human inspection before it should affect downstream interpretation.
Centers for Disease Control and Prevention,approve_source_role; override_source_role; exclude_source; mark_source_needs_review,2025-01-01-2025-03-31,Measles,"Task-relevant source text appeared to contain core epidemiology metric signals, but extraction produced no structured records.",general_review,core_metric_extraction_gap,United States,P3_low,102,human_review_items; record_inclusion_decisions; source_registry; source_identity_assessments,"general review - review_core_metric_gap_src_search_9d3a148dc974 - Measles Outbreak in a Child Care Facility — Lubbock, Texas, March–April...","Measles Outbreak in a Child Care Facility — Lubbock, Texas, March–April 2025  | MMWR",https://www.cdc.gov/mmwr/volumes/75/wr/mm7521a1.htm,review_source_for_core_metric_extraction,"What decision, if any, should a human reviewer record?",src_search_9d3a148dc974,source,This review item requires human inspection before it should affect downstream interpretation.
Centers for Disease Control and Prevention,approve_source_role; override_source_role; exclude_source; mark_source_needs_review,2025-01-01-2025-03-31,Measles,"Task-relevant source text appeared to contain core epidemiology metric signals, but extraction produced no structured records.",general_review,core_metric_extraction_gap,United States,P3_low,103,human_review_items; record_inclusion_decisions; source_registry; source_identity_assessments,general review - review_core_metric_gap_src_search_c912e73d8e7e - Global Measles Outbreaks - CDC,Global Measles Outbreaks - CDC,https://www.cdc.gov/global-measles-vaccination/data-research/global-measles-outbreaks/index.html,review_source_for_core_metric_extraction,"What decision, if any, should a human reviewer record?",src_search_c912e73d8e7e,source,This review item requires human inspection before it should affect downstream interpretation.
,approve_source_role; override_source_role; exclude_source; mark_source_needs_review,2025-01-01-2025-03-31,Measles,,general_review,source_screening,United States,P3_low,104,human_review_items; record_inclusion_decisions; source_registry; source_identity_assessments,general review - review_source_src_search_14e93bfe3eec - 2025 Southwest United States measles outbreak - Wikipedia,2025 Southwest United States measles outbreak - Wikipedia,https://en.wikipedia.org/wiki/2025_Southwest_United_States_measles_outbreak,Inspect the linked artifacts and only then edit a decision file if needed.,"What decision, if any, should a human reviewer record?",src_search_14e93bfe3eec,source,This review item requires human inspection before it should affect downstream interpretation.
,approve_source_role; override_source_role; exclude_source; mark_source_needs_review,2025-01-01-2025-03-31,Measles,,general_review,source_screening,United States,P3_low,105,human_review_items; record_inclusion_decisions; source_registry; source_identity_assessments,general review - review_source_src_search_20b2c5ecff8b - How Texas measles outbreak spread outside of Mennonite community,How Texas measles outbreak spread outside of Mennonite community,https://www.youtube.com/watch?v=1yFBuMXHv34,Inspect the linked artifacts and only then edit a decision file if needed.,"What decision, if any, should a human reviewer record?",src_search_20b2c5ecff8b,source,This review item requires human inspection before it should affect downstream interpretation.
,approve_source_role; override_source_role; exclude_source; mark_source_needs_review,2025-01-01-2025-03-31,Measles,,general_review,source_screening,United States,P3_low,106,human_review_items; record_inclusion_decisions; source_registry; source_identity_assessments,general review - review_source_src_search_2eb069f08192 - Clinician Update on Measles Cases and Outbreaks in the United States - Sept 11 2025,Clinician Update on Measles Cases and Outbreaks in the United States - Sept 11 2025,https://www.youtube.com/watch?v=oW__IShdZws,Inspect the linked artifacts and only then edit a decision file if needed.,"What decision, if any, should a human reviewer record?",src_search_2eb069f08192,source,This review item requires human inspection before it should affect downstream interpretation.
,approve_source_role; override_source_role; exclude_source; mark_source_needs_review,2025-01-01-2025-03-31,Measles,,general_review,source_screening,United States,P3_low,107,human_review_items; record_inclusion_decisions; source_registry; source_identity_assessments,general review - review_source_src_search_3b88e198ee65 - Measles death of unvaccinated child in Texas outbreak is 1st fatality ...,Measles death of unvaccinated child in Texas outbreak is 1st fatality ...,https://abc7ny.com/post/first-measles-death-is-reported-west-texas-outbreak-infected-more-120-people/15956727,Inspect the linked artifacts and only then edit a decision file if needed.,"What decision, if any, should a human reviewer record?",src_search_3b88e198ee65,source,This review item requires human inspection before it should affect downstream interpretation.
,approve_source_role; override_source_role; exclude_source; mark_source_needs_review,2025-01-01-2025-03-31,Measles,,general_review,source_screening,United States,P3_low,108,human_review_items; record_inclusion_decisions; source_registry; source_identity_assessments,"general review - review_source_src_search_3e232b5b243d - Measles Outbreak – August 12, 2025 | Texas DSHS","Measles Outbreak – August 12, 2025 | Texas DSHS",https://www.dshs.texas.gov/news-alerts/measles-outbreak-2025,Inspect the linked artifacts and only then edit a decision file if needed.,"What decision, if any, should a human reviewer record?",src_search_3e232b5b243d,source,This review item requires human inspection before it should affect downstream interpretation.
World Health Organization,approve_source_role; override_source_role; exclude_source; mark_source_needs_review,2025-01-01-2025-03-31,Measles,,general_review,source_screening,United States,P3_low,109,human_review_items; record_inclusion_decisions; source_registry; source_identity_assessments,general review - review_source_src_search_4250b5c89dbb - Measles - United States of America,Measles - United States of America,https://www.who.int/emergencies/disease-outbreak-news/item/2025-DON561,Inspect the linked artifacts and only then edit a decision file if needed.,"What decision, if any, should a human reviewer record?",src_search_4250b5c89dbb,source,This review item requires human inspection before it should affect downstream interpretation.
Centers for Disease Control and Prevention,approve_source_role; override_source_role; exclude_source; mark_source_needs_review,2025-01-01-2025-03-31,Measles,,general_review,source_screening,United States,P3_low,110,human_review_items; record_inclusion_decisions; source_registry; source_identity_assessments,general review - review_source_src_search_4344744ea569 - Measles Death New Mexico - Infectious Disease Special Edition,Measles Death New Mexico - Infectious Disease Special Edition,https://www.idse.net/Policy-Public-Health/Article/03-25/Measles-Death-New-Mexico/76444,Inspect the linked artifacts and only then edit a decision file if needed.,"What decision, if any, should a human reviewer record?",src_search_4344744ea569,source,This review item requires human inspection before it should affect downstream interpretation.
Centers for Disease Control and Prevention,approve_source_role; override_source_role; exclude_source; mark_source_needs_review,2025-01-01-2025-03-31,Measles,,general_review,source_screening,United States,P3_low,111,human_review_items; record_inclusion_decisions; source_registry; source_identity_assessments,general review - review_source_src_search_4e73f2d0f38f - Characteristics of Patients Hospitalized with Measles During an Outbreak — West...,"Characteristics of Patients Hospitalized with Measles During an Outbreak — West Texas, January–March 2025  | MMWR",https://www.cdc.gov/mmwr/volumes/75/wr/mm7520a1.htm,Inspect the linked artifacts and only then edit a decision file if needed.,"What decision, if any, should a human reviewer record?",src_search_4e73f2d0f38f,source,This review item requires human inspection before it should affect downstream interpretation.
,approve_source_role; override_source_role; exclude_source; mark_source_needs_review,2025-01-01-2025-03-31,Measles,,general_review,source_screening,United States,P3_low,112,human_review_items; record_inclusion_decisions; source_registry; source_identity_assessments,general review - review_source_src_search_5b3b94cad94b - Texas measles outbreak hardened Mennonites against vaccines,Texas measles outbreak hardened Mennonites against vaccines,https://www.texastribune.org/2025/12/17/texas-measles-mennonite-seminole-aftermath,Inspect the linked artifacts and only then edit a decision file if needed.,"What decision, if any, should a human reviewer record?",src_search_5b3b94cad94b,source,This review item requires human inspection before it should affect downstream interpretation.
,approve_source_role; override_source_role; exclude_source; mark_source_needs_review,2025-01-01-2025-03-31,Measles,,general_review,source_screening,United States,P3_low,113,human_review_items; record_inclusion_decisions; source_registry; source_identity_assessments,"general review - review_source_src_search_62409e4d2cf9 - US Measles Cases Near 2,000 in 2025 as Multi-State Outbreaks ...","US Measles Cases Near 2,000 in 2025 as Multi-State Outbreaks ...",https://www.contagionlive.com/view/us-measles-cases-near-2-000-in-2025-as-multi-state-outbreaks-expand,Inspect the linked artifacts and only then edit a decision file if needed.,"What decision, if any, should a human reviewer record?",src_search_62409e4d2cf9,source,This review item requires human inspection before it should affect downstream interpretation.
CIDRAP,approve_source_role; override_source_role; exclude_source; mark_source_needs_review,2025-01-01-2025-03-31,Measles,,general_review,source_screening,United States,P3_low,114,human_review_items; record_inclusion_decisions; source_registry; source_identity_assessments,general review - review_source_src_search_642c004e56cf - Texas measles outbreak climbs to 124 cases | CIDRAP,Texas measles outbreak climbs to 124 cases | CIDRAP,https://www.cidrap.umn.edu/measles/texas-measles-outbreak-climbs-124-cases,Inspect the linked artifacts and only then edit a decision file if needed.,"What decision, if any, should a human reviewer record?",src_search_642c004e56cf,source,This review item requires human inspection before it should affect downstream interpretation.
Centers for Disease Control and Prevention,approve_source_role; override_source_role; exclude_source; mark_source_needs_review,2025-01-01-2025-03-31,Measles,,general_review,source_screening,United States,P3_low,115,human_review_items; record_inclusion_decisions; source_registry; source_identity_assessments,general review - review_source_src_search_69d20bdba5cb - Tracking U.S. Measles Outbreaks - ny times,Tracking U.S. Measles Outbreaks - ny times,https://www.nytimes.com/interactive/2025/health/measles-outbreak-map.html,Inspect the linked artifacts and only then edit a decision file if needed.,"What decision, if any, should a human reviewer record?",src_search_69d20bdba5cb,source,This review item requires human inspection before it should affect downstream interpretation.
,approve_source_role; override_source_role; exclude_source; mark_source_needs_review,2025-01-01-2025-03-31,Measles,,general_review,source_screening,United States,P3_low,116,human_review_items; record_inclusion_decisions; source_registry; source_identity_assessments,general review - review_source_src_search_74152a4ae4ab - Public Health: U.S. Measles Outbreak 2025 - MSK Library Guides,Public Health: U.S. Measles Outbreak 2025 - MSK Library Guides,https://libguides.mskcc.org/publichealth/measles2025,Inspect the linked artifacts and only then edit a decision file if needed.,"What decision, if any, should a human reviewer record?",src_search_74152a4ae4ab,source,This review item requires human inspection before it should affect downstream interpretation.
,approve_source_role; override_source_role; exclude_source; mark_source_needs_review,2025-01-01-2025-03-31,Measles,,general_review,source_screening,United States,P3_low,117,human_review_items; record_inclusion_decisions; source_registry; source_identity_assessments,general review - review_source_src_search_78fdd46eb63c - 2025-2026 US Measles Map,2025-2026 US Measles Map,https://www.arcgis.com/apps/dashboards/dd314001921f4d2eac160f89ded0b49a,Inspect the linked artifacts and only then edit a decision file if needed.,"What decision, if any, should a human reviewer record?",src_search_78fdd46eb63c,source,This review item requires human inspection before it should affect downstream interpretation.
,approve_source_role; override_source_role; exclude_source; mark_source_needs_review,2025-01-01-2025-03-31,Measles,,general_review,source_screening,United States,P3_low,118,human_review_items; record_inclusion_decisions; source_registry; source_identity_assessments,general review - review_source_src_search_7acdcc881c7b - Red Book Online Outbreaks: Measles - AAP Publications,Red Book Online Outbreaks: Measles - AAP Publications,https://publications.aap.org/redbook/resources/15187/Red-Book-Online-Outbreaks-Measles,Inspect the linked artifacts and only then edit a decision file if needed.,"What decision, if any, should a human reviewer record?",src_search_7acdcc881c7b,source,This review item requires human inspection before it should affect downstream interpretation.
,approve_source_role; override_source_role; exclude_source; mark_source_needs_review,2025-01-01-2025-03-31,Measles,,general_review,source_screening,United States,P3_low,119,human_review_items; record_inclusion_decisions; source_registry; source_identity_assessments,general review - review_source_src_search_7cb311dd75e6 - U.S. Measles Tracker | International Vaccine Access Center,U.S. Measles Tracker | International Vaccine Access Center,https://publichealth.jhu.edu/ivac/resources/us-measles-tracker,Inspect the linked artifacts and only then edit a decision file if needed.,"What decision, if any, should a human reviewer record?",src_search_7cb311dd75e6,source,This review item requires human inspection before it should affect downstream interpretation.
,approve_source_role; override_source_role; exclude_source; mark_source_needs_review,2025-01-01-2025-03-31,Measles,,general_review,source_screening,United States,P3_low,120,human_review_items; record_inclusion_decisions; source_registry; source_identity_assessments,"general review - review_source_src_search_87bd434eacdf - Texas measles in Gaines County surpass 100 cases, officials urge ...","Texas measles in Gaines County surpass 100 cases, officials urge ...",https://www.lubbockonline.com/story/news/local/2025/03/04/texas-measles-in-gaines-county-surpass-100-cases-officials-urge-caution-as-state-hits-159-cases/81218510007,Inspect the linked artifacts and only then edit a decision file if needed.,"What decision, if any, should a human reviewer record?",src_search_87bd434eacdf,source,This review item requires human inspection before it should affect downstream interpretation.
,approve_source_role; override_source_role; exclude_source; mark_source_needs_review,2025-01-01-2025-03-31,Measles,,general_review,source_screening,United States,P3_low,121,human_review_items; record_inclusion_decisions; source_registry; source_identity_assessments,general review - review_source_src_search_8d237fa2e9fb - The Measles Outbreak in West Texas and Beyond | Johns Hopkins,The Measles Outbreak in West Texas and Beyond | Johns Hopkins,https://publichealth.jhu.edu/2025/the-measles-outbreak-in-west-texas-and-beyond,Inspect the linked artifacts and only then edit a decision file if needed.,"What decision, if any, should a human reviewer record?",src_search_8d237fa2e9fb,source,This review item requires human inspection before it should affect downstream interpretation.
,approve_source_role; override_source_role; exclude_source; mark_source_needs_review,2025-01-01-2025-03-31,Measles,,general_review,source_screening,United States,P3_low,122,human_review_items; record_inclusion_decisions; source_registry; source_identity_assessments,"general review - review_source_src_search_933f09adbe25 - The rapid spread of measles in Gaines, Texas - Reuters","The rapid spread of measles in Gaines, Texas - Reuters",https://www.reuters.com/graphics/USA-HEALTH/MEASLES/lbvgwxrwbvq,Inspect the linked artifacts and only then edit a decision file if needed.,"What decision, if any, should a human reviewer record?",src_search_933f09adbe25,source,This review item requires human inspection before it should affect downstream interpretation.
,approve_source_role; override_source_role; exclude_source; mark_source_needs_review,2025-01-01-2025-03-31,Measles,,general_review,source_screening,United States,P3_low,123,human_review_items; record_inclusion_decisions; source_registry; source_identity_assessments,general review - review_source_src_search_9570e9e8018b - 2025 Measles Outbreak | South Carolina Department of Public Health,2025 Measles Outbreak | South Carolina Department of Public Health,https://dph.sc.gov/diseases-conditions/infectious-diseases/measles-rubeola/2025-measles-outbreak,Inspect the linked artifacts and only then edit a decision file if needed.,"What decision, if any, should a human reviewer record?",src_search_9570e9e8018b,source,This review item requires human inspection before it should affect downstream interpretation.
CIDRAP,approve_source_role; override_source_role; exclude_source; mark_source_needs_review,2025-01-01-2025-03-31,Measles,,general_review,source_screening,United States,P3_low,124,human_review_items; record_inclusion_decisions; source_registry; source_identity_assessments,"general review - review_source_src_search_a9abbaac7c0e - Kansas, New Mexico, New York report more measles cases - CIDRAP","Kansas, New Mexico, New York report more measles cases - CIDRAP",https://www.cidrap.umn.edu/measles/kansas-new-mexico-new-york-report-more-measles-cases,Inspect the linked artifacts and only then edit a decision file if needed.,"What decision, if any, should a human reviewer record?",src_search_a9abbaac7c0e,source,This review item requires human inspection before it should affect downstream interpretation.
,approve_source_role; override_source_role; exclude_source; mark_source_needs_review,2025-01-01-2025-03-31,Measles,,general_review,source_screening,United States,P3_low,125,human_review_items; record_inclusion_decisions; source_registry; source_identity_assessments,"general review - review_source_src_search_ac2170651876 - An unvaccinated child has died in the Texas measles outbreak, Lubbock health off...","An unvaccinated child has died in the Texas measles outbreak, Lubbock health officials say",https://www.youtube.com/watch?v=7GpyBGjcyEQ,Inspect the linked artifacts and only then edit a decision file if needed.,"What decision, if any, should a human reviewer record?",src_search_ac2170651876,source,This review item requires human inspection before it should affect downstream interpretation.
,approve_source_role; override_source_role; exclude_source; mark_source_needs_review,2025-01-01-2025-03-31,Measles,,general_review,source_screening,United States,P3_low,126,human_review_items; record_inclusion_decisions; source_registry; source_identity_assessments,general review - review_source_src_search_b23316ccaad4 - The Mennonite population being affected by a measles outbreak in ...,The Mennonite population being affected by a measles outbreak in ...,https://www.facebook.com/plainviewdailyherald/posts/the-mennonite-population-being-affected-by-a-measles-outbreak-in-west-texas-is-p/1253305209604484,Inspect the linked artifacts and only then edit a decision file if needed.,"What decision, if any, should a human reviewer record?",src_search_b23316ccaad4,source,This review item requires human inspection before it should affect downstream interpretation.
,approve_source_role; override_source_role; exclude_source; mark_source_needs_review,2025-01-01-2025-03-31,Measles,,general_review,source_screening,United States,P3_low,127,human_review_items; record_inclusion_decisions; source_registry; source_identity_assessments,general review - review_source_src_search_c62c62e520ae - Texas measles cases remain steady at 750. Track the spread here. - The Texas Tri...,Texas measles cases remain steady at 750. Track the spread here. - The Texas Tribune,https://www.texastribune.org/2025/04/22/texas-measles-outbreak-update,Inspect the linked artifacts and only then edit a decision file if needed.,"What decision, if any, should a human reviewer record?",src_search_c62c62e520ae,source,This review item requires human inspection before it should affect downstream interpretation.
,approve_source_role; override_source_role; exclude_source; mark_source_needs_review,2025-01-01-2025-03-31,Measles,,general_review,source_screening,United States,P3_low,128,human_review_items; record_inclusion_decisions; source_registry; source_identity_assessments,general review - review_source_src_search_c6c6c612320d - Measles cases climb in the U.S. after 2025 was worst year in decades,Measles cases climb in the U.S. after 2025 was worst year in decades,https://www.youtube.com/watch?v=TqyQFSCVyN4,Inspect the linked artifacts and only then edit a decision file if needed.,"What decision, if any, should a human reviewer record?",src_search_c6c6c612320d,source,This review item requires human inspection before it should affect downstream interpretation.
,approve_source_role; override_source_role; exclude_source; mark_source_needs_review,2025-01-01-2025-03-31,Measles,,general_review,source_screening,United States,P3_low,129,human_review_items; record_inclusion_decisions; source_registry; source_identity_assessments,general review - review_source_src_search_d3d9a2e23a80 - Southwest Kansas Measles Outbreak Declared Over and MMR ...,Southwest Kansas Measles Outbreak Declared Over and MMR ...,http://www.coronavirus.kdheks.gov/m/newsflash/Home/Detail/1677,Inspect the linked artifacts and only then edit a decision file if needed.,"What decision, if any, should a human reviewer record?",src_search_d3d9a2e23a80,source,This review item requires human inspection before it should affect downstream interpretation.
,approve_source_role; override_source_role; exclude_source; mark_source_needs_review,2025-01-01-2025-03-31,Measles,,general_review,source_screening,United States,P3_low,130,human_review_items; record_inclusion_decisions; source_registry; source_identity_assessments,general review - review_source_src_search_da86b7826545 - Texas measles outbreak tops 500 cases across 10 counties | PBS News,Texas measles outbreak tops 500 cases across 10 counties | PBS News,https://www.pbs.org/newshour/health/texas-measles-outbreak-tops-500-cases-across-10-counties,Inspect the linked artifacts and only then edit a decision file if needed.,"What decision, if any, should a human reviewer record?",src_search_da86b7826545,source,This review item requires human inspection before it should affect downstream interpretation.
National Center for Biotechnology Information,approve_source_role; override_source_role; exclude_source; mark_source_needs_review,2025-01-01-2025-03-31,Measles,,general_review,source_screening,United States,P3_low,131,human_review_items; record_inclusion_decisions; source_registry; source_identity_assessments,general review - review_source_src_search_eec8c3f3b772 - Measles resurgence in the United States: epidemiological and ...,Measles resurgence in the United States: epidemiological and ...,https://pmc.ncbi.nlm.nih.gov/articles/PMC12825560,Inspect the linked artifacts and only then edit a decision file if needed.,"What decision, if any, should a human reviewer record?",src_search_eec8c3f3b772,source,This review item requires human inspection before it should affect downstream interpretation.
New Mexico Department of Health,approve_source_role; override_source_role; exclude_source; mark_source_needs_review,2025-01-01-2025-03-31,Measles,,general_review,source_screening,United States,P3_low,132,human_review_items; record_inclusion_decisions; source_registry; source_identity_assessments,general review - review_source_src_search_ef917f9b28c7 - Measles,Measles,https://www.nmhealth.org/about/erd/ideb/mog,Inspect the linked artifacts and only then edit a decision file if needed.,"What decision, if any, should a human reviewer record?",src_search_ef917f9b28c7,source,This review item requires human inspection before it should affect downstream interpretation.
