actual_publisher,allowed_decision_types,date_or_period,disease,evidence_quote,issue_category,issue_type,location,priority_level,priority_rank,recommended_artifacts_to_open,short_title,source_title,source_url,suggested_action,suggested_reviewer_question,target_ids,target_type,why_it_matters
,needs_more_evidence; defer_decision,2024-08-01-2024-08-31,West Nile virus,Comparable public-health claims conflict and require review.,conflicting_claims_review,claim_corroboration_conflict,California,P0_critical,1,human_review_items; record_inclusion_decisions; claims; claim_comparisons; corroborated_events,conflicting claims review - review_claim_corroboration_conflict_corr_event_001 - [PDF] WEEKLY UPDATE - California West Nile Virus,[PDF] WEEKLY UPDATE - California West Nile Virus,https://westnile.ca.gov/download?download_id=4980,review_claim_corroboration,Which claim should be treated as comparable evidence after review?,claim_rec_src_search_a39e4fa28013_011_observation; claim_rec_src_search_a39e4fa28013_012_observation; claim_rec_src_search_a666cd39412c_001_cases_unspecified; claim_rec_src_search_ccc444806280_001_cases_unspecified; claim_rec_src_search_ccc444806280_002_cases_unspecified; claim_rec_src_search_b9348b953aaa_001_cases_unspecified; claim_rec_src_search_b9348b953aaa_004_cases_unspecified; claim_rec_src_search_b9348b953aaa_005_cases_unspecified; claim_rec_src_search_b9348b953aaa_006_deaths; claim_rec_src_search_b9348b953aaa_007_cases_unspecified; claim_rec_src_search_b9348b953aaa_008_cases_unspecified; claim_rec_src_search_b9348b953aaa_009_cases_unspecified; claim_rec_src_search_a39e4fa28013_001_cases_unspecified; claim_rec_src_search_a39e4fa28013_006_cases_unspecified; claim_rec_src_search_a39e4fa28013_007_cases_unspecified; claim_rec_src_search_a39e4fa28013_008_deaths; claim_rec_src_search_a39e4fa28013_009_cases_unspecified; claim_rec_src_search_a39e4fa28013_010_cases_unspecified; claim_rec_src_search_a39e4fa28013_013_cases_unspecified; claim_rec_src_search_2fc9cc9ad3e4_002_cases_unspecified; claim_rec_src_search_2fc9cc9ad3e4_003_cases_unspecified; claim_rec_src_search_2fc9cc9ad3e4_003_deaths; claim_rec_src_search_2fc9cc9ad3e4_004_cases_unspecified; claim_rec_src_search_a666cd39412c_002_cases_unspecified; claim_rec_src_search_a666cd39412c_003_deaths; claim_rec_src_search_fc3322f3069f_001_cases_unspecified; claim_rec_src_search_fc3322f3069f_002_cases_unspecified; claim_rec_src_search_be93a6fa0503_001_cases_unspecified; claim_rec_src_search_fc3322f3069f_001_deaths; claim_rec_src_search_fc3322f3069f_002_deaths; src_search_ccc444806280; src_search_b9348b953aaa; src_search_a39e4fa28013; src_search_2fc9cc9ad3e4; src_search_a666cd39412c; src_search_fc3322f3069f; src_search_be93a6fa0503; corr_event_001,claim,"Comparable claims conflict and may affect cases, date, location, or count semantics."
,needs_more_evidence; defer_decision,2024-08-01-2024-08-31,West Nile virus,Comparable public-health claims conflict and require review.,conflicting_claims_review,claim_corroboration_conflict,California,P0_critical,2,human_review_items; record_inclusion_decisions; claims; claim_comparisons; corroborated_events,"conflicting claims review - review_claim_corroboration_conflict_corr_event_004 - West Nile virus, spread by mosquitoes, claims a third li...","West Nile virus, spread by mosquitoes, claims a third life in the San Joaquin Valley - The Intersection",https://theintersectionreports.org/west-nile-virus-spread-by-mosquitoes-claims-a-third-life-in-the-san-joaquin-valley,review_claim_corroboration,Which claim should be treated as comparable evidence after review?,claim_rec_src_search_c0d70a141aca_001_deaths; claim_rec_src_search_c0d70a141aca_001_cases_unspecified; claim_rec_src_search_a39e4fa28013_002_cases_unspecified; src_search_c0d70a141aca; src_search_a39e4fa28013; corr_event_004,claim,"Comparable claims conflict and may affect cases, date, location, or count semantics."
,needs_more_evidence; defer_decision,2024-08-01-2024-08-31,West Nile virus,Comparable public-health claims conflict and require review.,conflicting_claims_review,claim_corroboration_conflict,California,P0_critical,3,human_review_items; record_inclusion_decisions; claims; claim_comparisons; corroborated_events,"conflicting claims review - review_claim_corroboration_conflict_corr_event_005 - West Nile virus, spread by mosquitoes, claims a third li...","West Nile virus, spread by mosquitoes, claims a third life in the San Joaquin Valley - The Intersection",https://theintersectionreports.org/west-nile-virus-spread-by-mosquitoes-claims-a-third-life-in-the-san-joaquin-valley,review_claim_corroboration,Which claim should be treated as comparable evidence after review?,claim_rec_src_search_c0d70a141aca_002_deaths; claim_rec_src_search_c0d70a141aca_002_cases_unspecified; claim_rec_src_search_a39e4fa28013_005_cases_unspecified; src_search_c0d70a141aca; src_search_a39e4fa28013; corr_event_005,claim,"Comparable claims conflict and may affect cases, date, location, or count semantics."
,accept_as_is; correct_fields; reject_record; mark_requires_review; mark_review_resolved; mark_non_countable; mark_countable; mark_duplicate; mark_not_duplicate; needs_more_evidence; defer_decision,2024-07-31,West Nile Virus Disease,"There were 29 new West Nile Virus cases in humans last week, bringing the total for the year to 55 cases.",primary_case_dataset_blocker,record_linking,California,P0_critical,4,human_review_items; record_inclusion_decisions; quarantined_records; context_records; final_case_dataset; claims; claim_comparisons; corroborated_events,primary case dataset blocker - review_linking_event_011 - What to know about West Nile Virus as cases increase in Northern ...,What to know about West Nile Virus as cases increase in Northern ...,https://www.kcra.com/article/what-to-know-about-west-nile-virus-as-cases-increase-in-northern-california/44964537,"Inspect the record, evidence quote, source identity, and quality-gate reasons before editing a decision file.",Does this evidence support a task-compatible primary case record?,rec_src_search_a666cd39412c_001,record,This item can change whether a record is eligible for the primary case dataset.
,accept_as_is; correct_fields; reject_record; mark_requires_review; mark_review_resolved; mark_non_countable; mark_countable; mark_duplicate; mark_not_duplicate; needs_more_evidence; defer_decision,2024-08-31,West Nile Virus Disease,"The California Department of Public Health reports that as of July 5, there were zero cases of the West Nile Virus in people across the state.",primary_case_dataset_blocker,record_linking,California,P0_critical,5,human_review_items; record_inclusion_decisions; quarantined_records; context_records; final_case_dataset; claims; claim_comparisons; corroborated_events,primary case dataset blocker - review_linking_event_012 - 3 cases of West Nile Virus confirmed in Fresno County - ABC30,3 cases of West Nile Virus confirmed in Fresno County - ABC30,https://abc30.com/post/3-cases-west-nile-virus-confirmed-fresno-county/15049337,"Inspect the record, evidence quote, source identity, and quality-gate reasons before editing a decision file.",Does this evidence support a task-compatible primary case record?,rec_src_search_2fc9cc9ad3e4_002; rec_src_search_b9348b953aaa_008,record,This item can change whether a record is eligible for the primary case dataset.
,accept_as_is; correct_fields; reject_record; mark_requires_review; mark_review_resolved; mark_non_countable; mark_countable; mark_duplicate; mark_not_duplicate; needs_more_evidence; defer_decision,2024-08-31,West Nile Virus Disease,"| **Human cases (fatal)** | 3 (0) | 791 (32) | 880 (21) | 278 (9) | 382 (22) | 446 (15) | 112 (5) | 112 (6) | 159 (9) | 480 (23) | 387 (19) | 842 (34) | 800 (55) | 461 (21) | 556 (44) | 217 (11) | 225 (6) | 214 (15) | 129 (12) | 209 (15) | 433 (20) | 132 (12) | 116 (11) | 0 (0) | 8,364 (417) |",primary_case_dataset_blocker,record_linking,California,P0_critical,6,human_review_items; record_inclusion_decisions; quarantined_records; context_records; final_case_dataset; claims; claim_comparisons; corroborated_events,primary case dataset blocker - review_linking_event_014 - California West Nile Virus Website: Westnile.ca.gov,California West Nile Virus Website: Westnile.ca.gov,https://westnile.ca.gov,"Inspect the record, evidence quote, source identity, and quality-gate reasons before editing a decision file.",Does this evidence support a task-compatible primary case record?,rec_src_search_fc3322f3069f_002,record,This item can change whether a record is eligible for the primary case dataset.
,accept_as_is; correct_fields; reject_record; mark_requires_review; mark_review_resolved; mark_non_countable; mark_countable; mark_duplicate; mark_not_duplicate; needs_more_evidence; defer_decision,2024-08-31,West Nile Virus Disease,"| **Human cases (fatal)** | 3 (0) | 791 (32) | 880 (21) | 278 (9) | 382 (22) | 446 (15) | 112 (5) | 112 (6) | 159 (9) | 480 (23) | 387 (19) | 842 (34) | 800 (55) | 461 (21) | 556 (44) | 217 (11) | 225 (6) | 214 (15) | 129 (12) | 209 (15) | 433 (20) | 132 (12) | 116 (11) | 0 (0) | 8,364 (417) |",primary_case_dataset_blocker,record_linking,California,P0_critical,7,human_review_items; record_inclusion_decisions; quarantined_records; context_records; final_case_dataset; claims; claim_comparisons; corroborated_events,primary case dataset blocker - review_linking_event_015 - California West Nile Virus Website: Westnile.ca.gov,California West Nile Virus Website: Westnile.ca.gov,https://westnile.ca.gov,"Inspect the record, evidence quote, source identity, and quality-gate reasons before editing a decision file.",Does this evidence support a task-compatible primary case record?,rec_src_search_fc3322f3069f_001,record,This item can change whether a record is eligible for the primary case dataset.
,accept_as_is; correct_fields; reject_record; mark_requires_review; mark_review_resolved; mark_non_countable; mark_countable; mark_duplicate; mark_not_duplicate; needs_more_evidence; defer_decision,2024-08-31,West Nile Virus Disease,"There were 29 new West Nile Virus cases in humans last week, bringing the total for the year to 55 cases.",primary_case_dataset_blocker,record_linking,California,P0_critical,8,human_review_items; record_inclusion_decisions; quarantined_records; context_records; final_case_dataset; claims; claim_comparisons; corroborated_events,primary case dataset blocker - review_linking_event_016 - What to know about West Nile Virus as cases increase in Northern ...,What to know about West Nile Virus as cases increase in Northern ...,https://www.kcra.com/article/what-to-know-about-west-nile-virus-as-cases-increase-in-northern-california/44964537,"Inspect the record, evidence quote, source identity, and quality-gate reasons before editing a decision file.",Does this evidence support a task-compatible primary case record?,rec_src_search_a666cd39412c_002; rec_src_search_ccc444806280_002,record,This item can change whether a record is eligible for the primary case dataset.
,accept_as_is; correct_fields; reject_record; mark_requires_review; mark_review_resolved; mark_non_countable; mark_countable; mark_duplicate; mark_not_duplicate; needs_more_evidence; defer_decision,2024-08-31,West Nile Virus Disease,"FRESNO, Calif. (KFSN) -- Fresno County health officials have confirmed three cases of West Nile Virus so far in 2024.",primary_case_dataset_blocker,record_linking,"Fresno County, California",P0_critical,9,human_review_items; record_inclusion_decisions; quarantined_records; context_records; final_case_dataset; claims; claim_comparisons; corroborated_events,primary case dataset blocker - review_linking_event_023 - 3 cases of West Nile Virus confirmed in Fresno County - ABC30,3 cases of West Nile Virus confirmed in Fresno County - ABC30,https://abc30.com/post/3-cases-west-nile-virus-confirmed-fresno-county/15049337,"Inspect the record, evidence quote, source identity, and quality-gate reasons before editing a decision file.",Does this evidence support a task-compatible primary case record?,rec_src_search_2fc9cc9ad3e4_001,record,This item can change whether a record is eligible for the primary case dataset.
,accept_as_is; correct_fields; reject_record; mark_requires_review; mark_review_resolved; mark_non_countable; mark_countable; mark_duplicate; mark_not_duplicate; needs_more_evidence; defer_decision,2024-08-31,West Nile Virus Disease,"Tulare County: At least 13 human cases, including one death.",primary_case_dataset_blocker,record_linking,"Tulare County, California",P0_critical,10,human_review_items; record_inclusion_decisions; quarantined_records; context_records; final_case_dataset; claims; claim_comparisons; corroborated_events,"primary case dataset blocker - review_linking_event_027 - West Nile virus, spread by mosquitoes, claims a third life in the San Joaquin V...","West Nile virus, spread by mosquitoes, claims a third life in the San Joaquin Valley - The Intersection",https://theintersectionreports.org/west-nile-virus-spread-by-mosquitoes-claims-a-third-life-in-the-san-joaquin-valley,"Inspect the record, evidence quote, source identity, and quality-gate reasons before editing a decision file.",Does this evidence support a task-compatible primary case record?,rec_src_search_c0d70a141aca_002,record,This item can change whether a record is eligible for the primary case dataset.
,accept_as_is; correct_fields; reject_record; mark_requires_review; mark_review_resolved; mark_non_countable; mark_countable; mark_duplicate; mark_not_duplicate; needs_more_evidence; defer_decision,2024-08-31,West Nile Virus Disease,"FRESNO, Calif. (KFSN) -- Fresno County health officials have confirmed three cases of West Nile Virus so far in 2024.",primary_case_dataset_blocker,record_normalization,"Fresno County, California",P0_critical,11,human_review_items; record_inclusion_decisions; quarantined_records; context_records; final_case_dataset; claims; claim_comparisons; corroborated_events,primary case dataset blocker - review_normalization_rec_src_search_2fc9cc9ad3e4_001 - 3 cases of West Nile Virus confirmed in Fresno Coun...,3 cases of West Nile Virus confirmed in Fresno County - ABC30,https://abc30.com/post/3-cases-west-nile-virus-confirmed-fresno-county/15049337,"Inspect the record, evidence quote, source identity, and quality-gate reasons before editing a decision file.",Does this evidence support a task-compatible primary case record?,rec_src_search_2fc9cc9ad3e4_001,record,This item can change whether a record is eligible for the primary case dataset.
,accept_as_is; correct_fields; reject_record; mark_requires_review; mark_review_resolved; mark_non_countable; mark_countable; mark_duplicate; mark_not_duplicate; needs_more_evidence; defer_decision,2024-07-31,West Nile Virus Disease,"There were 29 new West Nile Virus cases in humans last week, bringing the total for the year to 55 cases.",primary_case_dataset_blocker,record_normalization,California,P0_critical,12,human_review_items; record_inclusion_decisions; quarantined_records; context_records; final_case_dataset; claims; claim_comparisons; corroborated_events,primary case dataset blocker - review_normalization_rec_src_search_a666cd39412c_001 - What to know about West Nile Virus as cases increas...,What to know about West Nile Virus as cases increase in Northern ...,https://www.kcra.com/article/what-to-know-about-west-nile-virus-as-cases-increase-in-northern-california/44964537,"Inspect the record, evidence quote, source identity, and quality-gate reasons before editing a decision file.",Does this evidence support a task-compatible primary case record?,rec_src_search_a666cd39412c_001,record,This item can change whether a record is eligible for the primary case dataset.
,accept_as_is; correct_fields; reject_record; mark_requires_review; mark_review_resolved; mark_non_countable; mark_countable; mark_duplicate; mark_not_duplicate; needs_more_evidence; defer_decision,2024-08-31,West Nile Virus Disease,"There were 29 new West Nile Virus cases in humans last week, bringing the total for the year to 55 cases.",primary_case_dataset_blocker,record_normalization,California,P0_critical,13,human_review_items; record_inclusion_decisions; quarantined_records; context_records; final_case_dataset; claims; claim_comparisons; corroborated_events,primary case dataset blocker - review_normalization_rec_src_search_a666cd39412c_002 - What to know about West Nile Virus as cases increas...,What to know about West Nile Virus as cases increase in Northern ...,https://www.kcra.com/article/what-to-know-about-west-nile-virus-as-cases-increase-in-northern-california/44964537,"Inspect the record, evidence quote, source identity, and quality-gate reasons before editing a decision file.",Does this evidence support a task-compatible primary case record?,rec_src_search_a666cd39412c_002,record,This item can change whether a record is eligible for the primary case dataset.
,accept_as_is; correct_fields; reject_record; mark_requires_review; mark_review_resolved; mark_non_countable; mark_countable; mark_duplicate; mark_not_duplicate; needs_more_evidence; defer_decision,2024-08-31,West Nile Virus Disease,"Tulare County: At least 13 human cases, including one death.",primary_case_dataset_blocker,record_normalization,"Tulare County, California",P0_critical,14,human_review_items; record_inclusion_decisions; quarantined_records; context_records; final_case_dataset; claims; claim_comparisons; corroborated_events,"primary case dataset blocker - review_normalization_rec_src_search_c0d70a141aca_002 - West Nile virus, spread by mosquitoes, claims a thi...","West Nile virus, spread by mosquitoes, claims a third life in the San Joaquin Valley - The Intersection",https://theintersectionreports.org/west-nile-virus-spread-by-mosquitoes-claims-a-third-life-in-the-san-joaquin-valley,"Inspect the record, evidence quote, source identity, and quality-gate reasons before editing a decision file.",Does this evidence support a task-compatible primary case record?,rec_src_search_c0d70a141aca_002,record,This item can change whether a record is eligible for the primary case dataset.
,accept_as_is; correct_fields; reject_record; mark_requires_review; mark_review_resolved; mark_non_countable; mark_countable; mark_duplicate; mark_not_duplicate; needs_more_evidence; defer_decision,2024-08-31,West Nile Virus Disease,"| **Human cases (fatal)** | 3 (0) | 791 (32) | 880 (21) | 278 (9) | 382 (22) | 446 (15) | 112 (5) | 112 (6) | 159 (9) | 480 (23) | 387 (19) | 842 (34) | 800 (55) | 461 (21) | 556 (44) | 217 (11) | 225 (6) | 214 (15) | 129 (12) | 209 (15) | 433 (20) | 132 (12) | 116 (11) | 0 (0) | 8,364 (417) |",primary_case_dataset_blocker,record_normalization,California,P0_critical,15,human_review_items; record_inclusion_decisions; quarantined_records; context_records; final_case_dataset; claims; claim_comparisons; corroborated_events,primary case dataset blocker - review_normalization_rec_src_search_fc3322f3069f_001 - California West Nile Virus Website: Westnile.ca.gov,California West Nile Virus Website: Westnile.ca.gov,https://westnile.ca.gov,"Inspect the record, evidence quote, source identity, and quality-gate reasons before editing a decision file.",Does this evidence support a task-compatible primary case record?,rec_src_search_fc3322f3069f_001,record,This item can change whether a record is eligible for the primary case dataset.
,accept_as_is; correct_fields; reject_record; mark_requires_review; mark_review_resolved; mark_non_countable; mark_countable; mark_duplicate; mark_not_duplicate; needs_more_evidence; defer_decision,2024-08-31,West Nile Virus Disease,"| **Human cases (fatal)** | 3 (0) | 791 (32) | 880 (21) | 278 (9) | 382 (22) | 446 (15) | 112 (5) | 112 (6) | 159 (9) | 480 (23) | 387 (19) | 842 (34) | 800 (55) | 461 (21) | 556 (44) | 217 (11) | 225 (6) | 214 (15) | 129 (12) | 209 (15) | 433 (20) | 132 (12) | 116 (11) | 0 (0) | 8,364 (417) |",primary_case_dataset_blocker,record_normalization,California,P0_critical,16,human_review_items; record_inclusion_decisions; quarantined_records; context_records; final_case_dataset; claims; claim_comparisons; corroborated_events,primary case dataset blocker - review_normalization_rec_src_search_fc3322f3069f_002 - California West Nile Virus Website: Westnile.ca.gov,California West Nile Virus Website: Westnile.ca.gov,https://westnile.ca.gov,"Inspect the record, evidence quote, source identity, and quality-gate reasons before editing a decision file.",Does this evidence support a task-compatible primary case record?,rec_src_search_fc3322f3069f_002,record,This item can change whether a record is eligible for the primary case dataset.
,accept_anomaly; dismiss_anomaly; confirm_anomaly; mark_anomaly_resolved; mark_anomaly_needs_more_evidence,2024-08-01-2024-08-31,West Nile virus,"counties. Of the 98 cases, 75 (77%) had neuroinvasive disease and 11 (11 %) were fatal. The median age",validation_conflict_review,anomaly,California,P0_critical,17,human_review_items; record_inclusion_decisions; validation_results; validation_source_compatibility_summary; anomaly_results,validation conflict review - review_anomaly_anom_009 - [PDF] WEEKLY UPDATE - California West Nile Virus,[PDF] WEEKLY UPDATE - California West Nile Virus,https://westnile.ca.gov/download?download_id=5061,resolve_validation_conflict,"What decision, if any, should a human reviewer record?",src_search_a39e4fa28013; src_search_b9348b953aaa; event_001; anom_009; val_result_038,anomaly,This review item requires human inspection before it should affect downstream interpretation.
,accept_anomaly; dismiss_anomaly; confirm_anomaly; mark_anomaly_resolved; mark_anomaly_needs_more_evidence,2024-08-01-2024-08-31,West Nile virus,"According to CDPH, last year there were a total 473 infected cases of the West Nile Virus in the state. The state reported 433 symptomatic cases in humans. Nineteen people died from the disease in 2023, including one person from Fresno County.",validation_conflict_review,anomaly,California,P0_critical,18,human_review_items; record_inclusion_decisions; validation_results; validation_source_compatibility_summary; anomaly_results,validation conflict review - review_anomaly_anom_010 - 3 cases of West Nile Virus confirmed in Fresno County - ABC30,3 cases of West Nile Virus confirmed in Fresno County - ABC30,https://abc30.com/post/3-cases-west-nile-virus-confirmed-fresno-county/15049337,resolve_validation_conflict,"What decision, if any, should a human reviewer record?",src_search_2fc9cc9ad3e4; event_010; anom_010; val_result_048,anomaly,This review item requires human inspection before it should affect downstream interpretation.
,accept_anomaly; dismiss_anomaly; confirm_anomaly; mark_anomaly_resolved; mark_anomaly_needs_more_evidence,2024-08-01-2024-08-31,West Nile virus,"According to CDPH, last year there were a total 473 infected cases of the West Nile Virus in the state. The state reported 433 symptomatic cases in humans. Nineteen people died from the disease in 2023, including one person from Fresno County.",validation_conflict_review,anomaly,California,P0_critical,19,human_review_items; record_inclusion_decisions; validation_results; validation_source_compatibility_summary; anomaly_results,validation conflict review - review_anomaly_anom_011 - 3 cases of West Nile Virus confirmed in Fresno County - ABC30,3 cases of West Nile Virus confirmed in Fresno County - ABC30,https://abc30.com/post/3-cases-west-nile-virus-confirmed-fresno-county/15049337,resolve_validation_conflict,"What decision, if any, should a human reviewer record?",src_search_2fc9cc9ad3e4; event_010; anom_011; val_result_049,anomaly,This review item requires human inspection before it should affect downstream interpretation.
,accept_anomaly; dismiss_anomaly; confirm_anomaly; mark_anomaly_resolved; mark_anomaly_needs_more_evidence,2024-08-01-2024-08-31,West Nile virus,"The California Department of Public Health reports that as of July 5, there were zero cases of the West Nile Virus in people across the state.",validation_conflict_review,anomaly,California,P0_critical,20,human_review_items; record_inclusion_decisions; validation_results; validation_source_compatibility_summary; anomaly_results,validation conflict review - review_anomaly_anom_012 - 3 cases of West Nile Virus confirmed in Fresno County - ABC30,3 cases of West Nile Virus confirmed in Fresno County - ABC30,https://abc30.com/post/3-cases-west-nile-virus-confirmed-fresno-county/15049337,resolve_validation_conflict,"What decision, if any, should a human reviewer record?",src_search_2fc9cc9ad3e4; src_search_b9348b953aaa; event_012; anom_012; val_result_052,anomaly,This review item requires human inspection before it should affect downstream interpretation.
,accept_anomaly; dismiss_anomaly; confirm_anomaly; mark_anomaly_resolved; mark_anomaly_needs_more_evidence,2024-08-01-2024-08-31,West Nile virus,"Fresno (1) and Yolo (1 ). In 2024, 11 2 human cases of WNV disease were reported from 23 counties.",validation_conflict_review,anomaly,California,P0_critical,21,human_review_items; record_inclusion_decisions; validation_results; validation_source_compatibility_summary; anomaly_results,validation conflict review - review_anomaly_anom_013 - [PDF] WEEKLY UPDATE - California West Nile Virus,[PDF] WEEKLY UPDATE - California West Nile Virus,https://westnile.ca.gov/download?download_id=5072,resolve_validation_conflict,"What decision, if any, should a human reviewer record?",src_search_b9348b953aaa; event_013; anom_013; val_result_054,anomaly,This review item requires human inspection before it should affect downstream interpretation.
,accept_anomaly; dismiss_anomaly; confirm_anomaly; mark_anomaly_resolved; mark_anomaly_needs_more_evidence,2024-08-01-2024-08-31,West Nile virus,"Fresno (1) and Yolo (1 ). In 2024, 11 2 human cases of WNV disease were reported from 23 counties.",validation_conflict_review,anomaly,California,P0_critical,22,human_review_items; record_inclusion_decisions; validation_results; validation_source_compatibility_summary; anomaly_results,validation conflict review - review_anomaly_anom_014 - [PDF] WEEKLY UPDATE - California West Nile Virus,[PDF] WEEKLY UPDATE - California West Nile Virus,https://westnile.ca.gov/download?download_id=5072,resolve_validation_conflict,"What decision, if any, should a human reviewer record?",src_search_b9348b953aaa; event_013; anom_014; val_result_055,anomaly,This review item requires human inspection before it should affect downstream interpretation.
,accept_anomaly; dismiss_anomaly; confirm_anomaly; mark_anomaly_resolved; mark_anomaly_needs_more_evidence,2024-08-01-2024-08-31,West Nile virus,"There were 29 new West Nile Virus cases in humans last week, bringing the total for the year to 55 cases.",validation_conflict_review,anomaly,California,P0_critical,23,human_review_items; record_inclusion_decisions; validation_results; validation_source_compatibility_summary; anomaly_results,validation conflict review - review_anomaly_anom_015 - What to know about West Nile Virus as cases increase in Northern ...,What to know about West Nile Virus as cases increase in Northern ...,https://www.kcra.com/article/what-to-know-about-west-nile-virus-as-cases-increase-in-northern-california/44964537,resolve_validation_conflict,"What decision, if any, should a human reviewer record?",src_search_a666cd39412c; src_search_ccc444806280; event_016; anom_015; val_result_059,anomaly,This review item requires human inspection before it should affect downstream interpretation.
,accept_anomaly; dismiss_anomaly; confirm_anomaly; mark_anomaly_resolved; mark_anomaly_needs_more_evidence,2024-08-01-2024-08-31,West Nile virus,"According to CDPH, last year there were a total 473 infected cases of the West Nile Virus in the state. The state reported 433 symptomatic cases in humans. Nineteen people died from the disease in 2023, including one person from Fresno County.",claim_corroboration_review,anomaly,California,P0_critical,24,human_review_items; record_inclusion_decisions; claims; claim_comparisons; corroborated_events; anomaly_results,claim corroboration review - review_anomaly_anom_006 - 3 cases of West Nile Virus confirmed in Fresno County - ABC30,3 cases of West Nile Virus confirmed in Fresno County - ABC30,https://abc30.com/post/3-cases-west-nile-virus-confirmed-fresno-county/15049337,confirm_scope_or_reject_record,"Is the claim independently corroborated, conflicting, or only single-source evidence?",src_search_2fc9cc9ad3e4; event_010; anom_006; val_result_030,anomaly,Claim-level support is unresolved or depends on a single source.
,accept_anomaly; dismiss_anomaly; confirm_anomaly; mark_anomaly_resolved; mark_anomaly_needs_more_evidence,2024-08-01-2024-08-31,West Nile virus,"According to CDPH, last year there were a total 473 infected cases of the West Nile Virus in the state. The state reported 433 symptomatic cases in humans. Nineteen people died from the disease in 2023, including one person from Fresno County.",claim_corroboration_review,anomaly,California,P0_critical,25,human_review_items; record_inclusion_decisions; claims; claim_comparisons; corroborated_events; anomaly_results,claim corroboration review - review_anomaly_anom_007 - 3 cases of West Nile Virus confirmed in Fresno County - ABC30,3 cases of West Nile Virus confirmed in Fresno County - ABC30,https://abc30.com/post/3-cases-west-nile-virus-confirmed-fresno-county/15049337,confirm_scope_or_reject_record,"Is the claim independently corroborated, conflicting, or only single-source evidence?",src_search_2fc9cc9ad3e4; event_010; anom_007; val_result_031,anomaly,Claim-level support is unresolved or depends on a single source.
,accept_anomaly; dismiss_anomaly; confirm_anomaly; mark_anomaly_resolved; mark_anomaly_needs_more_evidence,2024-08-01-2024-08-31,West Nile virus,There have been more than 300 deaths reported in California since 2003.,claim_corroboration_review,anomaly,California,P0_critical,26,human_review_items; record_inclusion_decisions; claims; claim_comparisons; corroborated_events; anomaly_results,claim corroboration review - review_anomaly_anom_008 - What to know about West Nile Virus as cases increase in Northern ...,What to know about West Nile Virus as cases increase in Northern ...,https://www.kcra.com/article/what-to-know-about-west-nile-virus-as-cases-increase-in-northern-california/44964537,confirm_scope_or_reject_record,"Is the claim independently corroborated, conflicting, or only single-source evidence?",src_search_a666cd39412c; event_009; anom_008; val_result_034,anomaly,Claim-level support is unresolved or depends on a single source.
,accept_as_is; correct_fields; reject_record; mark_requires_review; mark_review_resolved; mark_non_countable; mark_countable; mark_duplicate; mark_not_duplicate; needs_more_evidence; defer_decision,2024-08-31,West Nile Virus Disease,"counties. Of the 98 cases, 75 (77%) had neuroinvasive disease and 11 (11 %) were fatal. The median age",validation_conflict_review,cross_source_conflict,California,P1_high,27,human_review_items; record_inclusion_decisions; quarantined_records; context_records; final_case_dataset; validation_results; validation_source_compatibility_summary,validation conflict review - review_conflict_conf_001 - [PDF] WEEKLY UPDATE - California West Nile Virus,[PDF] WEEKLY UPDATE - California West Nile Virus,https://westnile.ca.gov/download?download_id=5061,Inspect the linked artifacts and only then edit a decision file if needed.,"What decision, if any, should a human reviewer record?",rec_src_search_a39e4fa28013_007; rec_src_search_b9348b953aaa_005; conf_001,record,This review item requires human inspection before it should affect downstream interpretation.
,accept_as_is; correct_fields; reject_record; mark_requires_review; mark_review_resolved; mark_non_countable; mark_countable; mark_duplicate; mark_not_duplicate; needs_more_evidence; defer_decision,2024-08-31,West Nile Virus Disease,"According to CDPH, last year there were a total 473 infected cases of the West Nile Virus in the state. The state reported 433 symptomatic cases in humans. Nineteen people died from the disease in 2023, including one person from Fresno County.",validation_conflict_review,cross_source_conflict,California,P1_high,28,human_review_items; record_inclusion_decisions; quarantined_records; context_records; final_case_dataset; validation_results; validation_source_compatibility_summary,validation conflict review - review_conflict_conf_002 - 3 cases of West Nile Virus confirmed in Fresno County - ABC30,3 cases of West Nile Virus confirmed in Fresno County - ABC30,https://abc30.com/post/3-cases-west-nile-virus-confirmed-fresno-county/15049337,Inspect the linked artifacts and only then edit a decision file if needed.,"What decision, if any, should a human reviewer record?",rec_src_search_2fc9cc9ad3e4_003; rec_src_search_2fc9cc9ad3e4_004; conf_002,record,This review item requires human inspection before it should affect downstream interpretation.
,accept_as_is; correct_fields; reject_record; mark_requires_review; mark_review_resolved; mark_non_countable; mark_countable; mark_duplicate; mark_not_duplicate; needs_more_evidence; defer_decision,2024-08-31,West Nile Virus Disease,"The California Department of Public Health reports that as of July 5, there were zero cases of the West Nile Virus in people across the state.",validation_conflict_review,cross_source_conflict,California,P1_high,29,human_review_items; record_inclusion_decisions; quarantined_records; context_records; final_case_dataset; validation_results; validation_source_compatibility_summary,validation conflict review - review_conflict_conf_004 - 3 cases of West Nile Virus confirmed in Fresno County - ABC30,3 cases of West Nile Virus confirmed in Fresno County - ABC30,https://abc30.com/post/3-cases-west-nile-virus-confirmed-fresno-county/15049337,Inspect the linked artifacts and only then edit a decision file if needed.,"What decision, if any, should a human reviewer record?",rec_src_search_2fc9cc9ad3e4_002; rec_src_search_b9348b953aaa_008; conf_004,record,This review item requires human inspection before it should affect downstream interpretation.
,accept_as_is; correct_fields; reject_record; mark_requires_review; mark_review_resolved; mark_non_countable; mark_countable; mark_duplicate; mark_not_duplicate; needs_more_evidence; defer_decision,2024-08-31,West Nile Virus Disease,"Fresno (1) and Yolo (1 ). In 2024, 11 2 human cases of WNV disease were reported from 23 counties.",validation_conflict_review,cross_source_conflict,California,P1_high,30,human_review_items; record_inclusion_decisions; quarantined_records; context_records; final_case_dataset; validation_results; validation_source_compatibility_summary,validation conflict review - review_conflict_conf_005 - [PDF] WEEKLY UPDATE - California West Nile Virus,[PDF] WEEKLY UPDATE - California West Nile Virus,https://westnile.ca.gov/download?download_id=5072,Inspect the linked artifacts and only then edit a decision file if needed.,"What decision, if any, should a human reviewer record?",rec_src_search_b9348b953aaa_004; rec_src_search_b9348b953aaa_007; conf_005,record,This review item requires human inspection before it should affect downstream interpretation.
,accept_as_is; correct_fields; reject_record; mark_requires_review; mark_review_resolved; mark_non_countable; mark_countable; mark_duplicate; mark_not_duplicate; needs_more_evidence; defer_decision,2024-08-31,West Nile Virus Disease,"There were 29 new West Nile Virus cases in humans last week, bringing the total for the year to 55 cases.",validation_conflict_review,cross_source_conflict,California,P1_high,31,human_review_items; record_inclusion_decisions; quarantined_records; context_records; final_case_dataset; validation_results; validation_source_compatibility_summary,validation conflict review - review_conflict_conf_007 - What to know about West Nile Virus as cases increase in Northern ...,What to know about West Nile Virus as cases increase in Northern ...,https://www.kcra.com/article/what-to-know-about-west-nile-virus-as-cases-increase-in-northern-california/44964537,Inspect the linked artifacts and only then edit a decision file if needed.,"What decision, if any, should a human reviewer record?",rec_src_search_a666cd39412c_002; rec_src_search_ccc444806280_002; conf_007,record,This review item requires human inspection before it should affect downstream interpretation.
,accept_as_is; correct_fields; reject_record; mark_requires_review; mark_review_resolved; mark_non_countable; mark_countable; mark_duplicate; mark_not_duplicate; needs_more_evidence; defer_decision,2024-08-31,West Nile Virus Disease,"According to CDPH, last year there were a total 473 infected cases of the West Nile Virus in the state. The state reported 433 symptomatic cases in humans. Nineteen people died from the disease in 2023, including one person from Fresno County.",validation_conflict_review,duplicate_event_clustering,California,P1_high,32,human_review_items; record_inclusion_decisions; quarantined_records; context_records; final_case_dataset; validation_results; validation_source_compatibility_summary,validation conflict review - review_duplicate_event_010 - 3 cases of West Nile Virus confirmed in Fresno County - ABC30,3 cases of West Nile Virus confirmed in Fresno County - ABC30,https://abc30.com/post/3-cases-west-nile-virus-confirmed-fresno-county/15049337,Inspect the linked artifacts and only then edit a decision file if needed.,"What decision, if any, should a human reviewer record?",rec_src_search_2fc9cc9ad3e4_003; rec_src_search_2fc9cc9ad3e4_004; event_010,record,This review item requires human inspection before it should affect downstream interpretation.
,accept_validation_result; mark_validation_result_not_applicable; confirm_conflict; resolve_conflict_as_left; resolve_conflict_as_right; mark_needs_more_evidence; override_validation_status,2024-08-31,West Nile Virus Disease,"counties. Of the 98 cases, 75 (77%) had neuroinvasive disease and 11 (11 %) were fatal. The median age",validation_conflict_review,validation_conflict,California,P1_high,33,human_review_items; record_inclusion_decisions; validation_results; validation_source_compatibility_summary,validation conflict review - review_validation_val_result_038 - [PDF] WEEKLY UPDATE - California West Nile Virus,[PDF] WEEKLY UPDATE - California West Nile Virus,https://westnile.ca.gov/download?download_id=5061,Inspect the linked artifacts and only then edit a decision file if needed.,"What decision, if any, should a human reviewer record?",rec_src_search_a39e4fa28013_007; rec_src_search_b9348b953aaa_005; val_result_038,validation_result,This review item requires human inspection before it should affect downstream interpretation.
,accept_validation_result; mark_validation_result_not_applicable; confirm_conflict; resolve_conflict_as_left; resolve_conflict_as_right; mark_needs_more_evidence; override_validation_status,2024-08-31,West Nile Virus Disease,"According to CDPH, last year there were a total 473 infected cases of the West Nile Virus in the state. The state reported 433 symptomatic cases in humans. Nineteen people died from the disease in 2023, including one person from Fresno County.",validation_conflict_review,validation_conflict,California,P1_high,34,human_review_items; record_inclusion_decisions; validation_results; validation_source_compatibility_summary,validation conflict review - review_validation_val_result_048 - 3 cases of West Nile Virus confirmed in Fresno County - ABC30,3 cases of West Nile Virus confirmed in Fresno County - ABC30,https://abc30.com/post/3-cases-west-nile-virus-confirmed-fresno-county/15049337,Inspect the linked artifacts and only then edit a decision file if needed.,"What decision, if any, should a human reviewer record?",rec_src_search_2fc9cc9ad3e4_003; rec_src_search_2fc9cc9ad3e4_004; val_result_048,validation_result,This review item requires human inspection before it should affect downstream interpretation.
,accept_validation_result; mark_validation_result_not_applicable; confirm_conflict; resolve_conflict_as_left; resolve_conflict_as_right; mark_needs_more_evidence; override_validation_status,2024-08-31,West Nile Virus Disease,"The California Department of Public Health reports that as of July 5, there were zero cases of the West Nile Virus in people across the state.",validation_conflict_review,validation_conflict,California,P1_high,35,human_review_items; record_inclusion_decisions; validation_results; validation_source_compatibility_summary,validation conflict review - review_validation_val_result_052 - 3 cases of West Nile Virus confirmed in Fresno County - ABC30,3 cases of West Nile Virus confirmed in Fresno County - ABC30,https://abc30.com/post/3-cases-west-nile-virus-confirmed-fresno-county/15049337,Inspect the linked artifacts and only then edit a decision file if needed.,"What decision, if any, should a human reviewer record?",rec_src_search_2fc9cc9ad3e4_002; rec_src_search_b9348b953aaa_008; val_result_052,validation_result,This review item requires human inspection before it should affect downstream interpretation.
,accept_validation_result; mark_validation_result_not_applicable; confirm_conflict; resolve_conflict_as_left; resolve_conflict_as_right; mark_needs_more_evidence; override_validation_status,2024-08-31,West Nile Virus Disease,"Fresno (1) and Yolo (1 ). In 2024, 11 2 human cases of WNV disease were reported from 23 counties.",validation_conflict_review,validation_conflict,California,P1_high,36,human_review_items; record_inclusion_decisions; validation_results; validation_source_compatibility_summary,validation conflict review - review_validation_val_result_054 - [PDF] WEEKLY UPDATE - California West Nile Virus,[PDF] WEEKLY UPDATE - California West Nile Virus,https://westnile.ca.gov/download?download_id=5072,Inspect the linked artifacts and only then edit a decision file if needed.,"What decision, if any, should a human reviewer record?",rec_src_search_b9348b953aaa_004; rec_src_search_b9348b953aaa_007; val_result_054,validation_result,This review item requires human inspection before it should affect downstream interpretation.
,accept_validation_result; mark_validation_result_not_applicable; confirm_conflict; resolve_conflict_as_left; resolve_conflict_as_right; mark_needs_more_evidence; override_validation_status,2024-08-31,West Nile Virus Disease,"There were 29 new West Nile Virus cases in humans last week, bringing the total for the year to 55 cases.",validation_conflict_review,validation_conflict,California,P1_high,37,human_review_items; record_inclusion_decisions; validation_results; validation_source_compatibility_summary,validation conflict review - review_validation_val_result_059 - What to know about West Nile Virus as cases increase in Northern ...,What to know about West Nile Virus as cases increase in Northern ...,https://www.kcra.com/article/what-to-know-about-west-nile-virus-as-cases-increase-in-northern-california/44964537,Inspect the linked artifacts and only then edit a decision file if needed.,"What decision, if any, should a human reviewer record?",rec_src_search_a666cd39412c_002; rec_src_search_ccc444806280_002; val_result_059,validation_result,This review item requires human inspection before it should affect downstream interpretation.
,needs_more_evidence; defer_decision,2024-08-01-2024-08-31,West Nile virus,Primary case claim has no independent corroborating source.,claim_corroboration_review,claim_corroboration_review,California,P1_high,38,human_review_items; record_inclusion_decisions; claims; claim_comparisons; corroborated_events,claim corroboration review - review_claim_corroboration_review_corr_event_002 - [PDF] WEEKLY UPDATE - California West Nile Virus,[PDF] WEEKLY UPDATE - California West Nile Virus,https://westnile.ca.gov/download?download_id=5072,review_claim_corroboration,"Is the claim independently corroborated, conflicting, or only single-source evidence?",claim_rec_src_search_b9348b953aaa_002_cases_unspecified; src_search_b9348b953aaa; corr_event_002,claim,Claim-level support is unresolved or depends on a single source.
,needs_more_evidence; defer_decision,2024-08-01-2024-08-31,West Nile virus,Primary case claim has no independent corroborating source.,claim_corroboration_review,claim_corroboration_review,California,P1_high,39,human_review_items; record_inclusion_decisions; claims; claim_comparisons; corroborated_events,claim corroboration review - review_claim_corroboration_review_corr_event_003 - [PDF] WEEKLY UPDATE - California West Nile Virus,[PDF] WEEKLY UPDATE - California West Nile Virus,https://westnile.ca.gov/download?download_id=5072,review_claim_corroboration,"Is the claim independently corroborated, conflicting, or only single-source evidence?",claim_rec_src_search_b9348b953aaa_003_cases_unspecified; src_search_b9348b953aaa; corr_event_003,claim,Claim-level support is unresolved or depends on a single source.
,needs_more_evidence; defer_decision,2024-08-01-2024-08-31,West Nile virus,Primary case claim has no independent corroborating source.,claim_corroboration_review,claim_corroboration_review,California,P1_high,40,human_review_items; record_inclusion_decisions; claims; claim_comparisons; corroborated_events,"claim corroboration review - review_claim_corroboration_review_corr_event_006 - West Nile virus, spread by mosquitoes, claims a third lif...","West Nile virus, spread by mosquitoes, claims a third life in the San Joaquin Valley - The Intersection",https://theintersectionreports.org/west-nile-virus-spread-by-mosquitoes-claims-a-third-life-in-the-san-joaquin-valley,review_claim_corroboration,"Is the claim independently corroborated, conflicting, or only single-source evidence?",claim_rec_src_search_c0d70a141aca_003_cases_unspecified; claim_rec_src_search_c0d70a141aca_003_deaths; src_search_c0d70a141aca; corr_event_006,claim,Claim-level support is unresolved or depends on a single source.
,needs_more_evidence; defer_decision,2024-08-01-2024-08-31,West Nile virus,Primary case claim has no independent corroborating source.,claim_corroboration_review,claim_corroboration_review,California,P1_high,41,human_review_items; record_inclusion_decisions; claims; claim_comparisons; corroborated_events,claim corroboration review - review_claim_corroboration_review_corr_event_007 - [PDF] WEEKLY UPDATE - California West Nile Virus,[PDF] WEEKLY UPDATE - California West Nile Virus,https://westnile.ca.gov/download?download_id=5061,review_claim_corroboration,"Is the claim independently corroborated, conflicting, or only single-source evidence?",claim_rec_src_search_a39e4fa28013_003_cases_unspecified; src_search_a39e4fa28013; corr_event_007,claim,Claim-level support is unresolved or depends on a single source.
,needs_more_evidence; defer_decision,2024-08-01-2024-08-31,West Nile virus,Primary case claim has no independent corroborating source.,claim_corroboration_review,claim_corroboration_review,California,P1_high,42,human_review_items; record_inclusion_decisions; claims; claim_comparisons; corroborated_events,claim corroboration review - review_claim_corroboration_review_corr_event_008 - [PDF] WEEKLY UPDATE - California West Nile Virus,[PDF] WEEKLY UPDATE - California West Nile Virus,https://westnile.ca.gov/download?download_id=5061,review_claim_corroboration,"Is the claim independently corroborated, conflicting, or only single-source evidence?",claim_rec_src_search_a39e4fa28013_004_cases_unspecified; src_search_a39e4fa28013; corr_event_008,claim,Claim-level support is unresolved or depends on a single source.
,needs_more_evidence; defer_decision,2024-08-01-2024-08-31,West Nile virus,Primary case claim has no independent corroborating source.,claim_corroboration_review,claim_corroboration_review,California,P1_high,43,human_review_items; record_inclusion_decisions; claims; claim_comparisons; corroborated_events,claim corroboration review - review_claim_corroboration_review_corr_event_009 - 3 cases of West Nile Virus confirmed in Fresno County - A...,3 cases of West Nile Virus confirmed in Fresno County - ABC30,https://abc30.com/post/3-cases-west-nile-virus-confirmed-fresno-county/15049337,review_claim_corroboration,"Is the claim independently corroborated, conflicting, or only single-source evidence?",claim_rec_src_search_2fc9cc9ad3e4_001_cases_confirmed; src_search_2fc9cc9ad3e4; corr_event_009,claim,Claim-level support is unresolved or depends on a single source.
,approve_source_role; override_source_role; exclude_source; mark_source_needs_review,2024-08-01-2024-08-31,West Nile virus,,source_identity_review,source_credibility,California,P1_high,44,human_review_items; record_inclusion_decisions; source_registry; source_identity_assessments,source identity review - review_source_credibility_src_search_08a8384dc2e1 - Health officials have confirmed the first West Nile virus re...,Health officials have confirmed the first West Nile virus related death ...,https://www.facebook.com/SYMVCD/posts/health-officials-have-confirmed-the-first-west-nile-virus-related-death-in-place/1116429747288913,Open source identity assessments and source registry metadata.,"Who is the actual publisher, and is it independent of other evidence?",src_search_08a8384dc2e1,source,Publisher or source identity uncertainty can affect source independence and credibility.
,approve_source_role; override_source_role; exclude_source; mark_source_needs_review,2024-08-01-2024-08-31,West Nile virus,,source_identity_review,source_credibility,California,P1_high,45,human_review_items; record_inclusion_decisions; source_registry; source_identity_assessments,source identity review - review_source_credibility_src_search_0d4e7ec87258 - Health officials report 3 West Nile virus deaths; warn of mo...,Health officials report 3 West Nile virus deaths; warn of mosquito ...,https://abcnews.com/US/health-officials-report-3-west-nile-virus-deaths/story?id=113256243,Open source identity assessments and source registry metadata.,"Who is the actual publisher, and is it independent of other evidence?",src_search_0d4e7ec87258,source,Publisher or source identity uncertainty can affect source independence and credibility.
,approve_source_role; override_source_role; exclude_source; mark_source_needs_review,2024-08-01-2024-08-31,West Nile virus,,source_identity_review,source_credibility,California,P1_high,46,human_review_items; record_inclusion_decisions; source_registry; source_identity_assessments,"source identity review - review_source_credibility_src_search_72f7f1561150 - The patient, a resident of... - Inland Valley Daily Bulletin","The patient, a resident of... - Inland Valley Daily Bulletin",https://www.facebook.com/dailybulletin/posts/the-patient-a-resident-of-the-san-fernando-valley-was-hospitalized-and-died-from/1050339153758838,Open source identity assessments and source registry metadata.,"Who is the actual publisher, and is it independent of other evidence?",src_search_72f7f1561150,source,Publisher or source identity uncertainty can affect source independence and credibility.
,approve_source_role; override_source_role; exclude_source; mark_source_needs_review,2024-08-01-2024-08-31,West Nile virus,,source_identity_review,source_credibility,California,P1_high,47,human_review_items; record_inclusion_decisions; source_registry; source_identity_assessments,"source identity review - review_source_credibility_src_search_bd6a1ec7a68e - West Nile Virus 2024: Cases Are On The Rise, What Experts Say","West Nile Virus 2024: Cases Are On The Rise, What Experts Say",https://www.today.com/health/disease/west-nile-virus-symptoms-rcna165518,Open source identity assessments and source registry metadata.,"Who is the actual publisher, and is it independent of other evidence?",src_search_bd6a1ec7a68e,source,Publisher or source identity uncertainty can affect source independence and credibility.
,accept_anomaly; dismiss_anomaly; confirm_anomaly; mark_anomaly_resolved; mark_anomaly_needs_more_evidence,2024-08-01-2024-08-31,West Nile virus,,claim_corroboration_review,anomaly,California,P1_high,48,human_review_items; record_inclusion_decisions; claims; claim_comparisons; corroborated_events; anomaly_results,claim corroboration review - review_anomaly_anom_016 - event_001,,,review_cluster_canonical_count,"Is the claim independently corroborated, conflicting, or only single-source evidence?",event_001; anom_016,anomaly,Claim-level support is unresolved or depends on a single source.
,accept_anomaly; dismiss_anomaly; confirm_anomaly; mark_anomaly_resolved; mark_anomaly_needs_more_evidence,2024-08-01-2024-08-31,West Nile virus,,claim_corroboration_review,anomaly,California,P1_high,49,human_review_items; record_inclusion_decisions; claims; claim_comparisons; corroborated_events; anomaly_results,claim corroboration review - review_anomaly_anom_017 - event_010,,,review_cluster_canonical_count,"Is the claim independently corroborated, conflicting, or only single-source evidence?",event_010; anom_017,anomaly,Claim-level support is unresolved or depends on a single source.
,accept_anomaly; dismiss_anomaly; confirm_anomaly; mark_anomaly_resolved; mark_anomaly_needs_more_evidence,2024-08-01-2024-08-31,West Nile virus,,claim_corroboration_review,anomaly,California,P1_high,50,human_review_items; record_inclusion_decisions; claims; claim_comparisons; corroborated_events; anomaly_results,claim corroboration review - review_anomaly_anom_018 - event_013,,,review_cluster_canonical_count,"Is the claim independently corroborated, conflicting, or only single-source evidence?",event_013; anom_018,anomaly,Claim-level support is unresolved or depends on a single source.
,accept_as_is; correct_fields; reject_record; mark_requires_review; mark_review_resolved; mark_non_countable; mark_countable; mark_duplicate; mark_not_duplicate; needs_more_evidence; defer_decision,2024-08-31,West Nile Virus Disease,"counties. Of the 98 cases, 75 (77%) had neuroinvasive disease and 11 (11 %) were fatal. The median age",claim_corroboration_review,duplicate_event_clustering,California,P1_high,51,human_review_items; record_inclusion_decisions; quarantined_records; context_records; final_case_dataset; claims; claim_comparisons; corroborated_events,claim corroboration review - review_duplicate_event_001 - [PDF] WEEKLY UPDATE - California West Nile Virus,[PDF] WEEKLY UPDATE - California West Nile Virus,https://westnile.ca.gov/download?download_id=5061,"Open claims, claim comparisons, and corroborated events.","Is the claim independently corroborated, conflicting, or only single-source evidence?",rec_src_search_a39e4fa28013_007; rec_src_search_b9348b953aaa_005; event_001,record,Claim-level support is unresolved or depends on a single source.
,accept_as_is; correct_fields; reject_record; mark_requires_review; mark_review_resolved; mark_non_countable; mark_countable; mark_duplicate; mark_not_duplicate; needs_more_evidence; defer_decision,2024-08-31,West Nile Virus Disease,"from Tulare County this year. In 2024, 98 human cases of WNV disease were reported from 23",claim_corroboration_review,duplicate_event_clustering,California,P1_high,52,human_review_items; record_inclusion_decisions; quarantined_records; context_records; final_case_dataset; claims; claim_comparisons; corroborated_events,claim corroboration review - review_duplicate_event_002 - [PDF] WEEKLY UPDATE - California West Nile Virus,[PDF] WEEKLY UPDATE - California West Nile Virus,https://westnile.ca.gov/download?download_id=5061,"Open claims, claim comparisons, and corroborated events.","Is the claim independently corroborated, conflicting, or only single-source evidence?",rec_src_search_a39e4fa28013_006; event_002,record,Claim-level support is unresolved or depends on a single source.
,accept_as_is; correct_fields; reject_record; mark_requires_review; mark_review_resolved; mark_non_countable; mark_countable; mark_duplicate; mark_not_duplicate; needs_more_evidence; defer_decision,2024-08-31,West Nile Virus Disease,A total of 9 new human cases of West Nile virus (WNV) disease were reported this week from 4 counties:,claim_corroboration_review,duplicate_event_clustering,California,P1_high,53,human_review_items; record_inclusion_decisions; quarantined_records; context_records; final_case_dataset; claims; claim_comparisons; corroborated_events,claim corroboration review - review_duplicate_event_003 - [PDF] WEEKLY UPDATE - California West Nile Virus,[PDF] WEEKLY UPDATE - California West Nile Virus,https://westnile.ca.gov/download?download_id=5061,"Open claims, claim comparisons, and corroborated events.","Is the claim independently corroborated, conflicting, or only single-source evidence?",rec_src_search_a39e4fa28013_001; event_003,record,Claim-level support is unresolved or depends on a single source.
,accept_as_is; correct_fields; reject_record; mark_requires_review; mark_review_resolved; mark_non_countable; mark_countable; mark_duplicate; mark_not_duplicate; needs_more_evidence; defer_decision,2024-08-31,West Nile Virus Disease,"counties. Of the 98 cases, 75 (77%) had neuroinvasive disease and 11 (11 %) were fatal. The median age",claim_corroboration_review,duplicate_event_clustering,California,P1_high,54,human_review_items; record_inclusion_decisions; quarantined_records; context_records; final_case_dataset; claims; claim_comparisons; corroborated_events,claim corroboration review - review_duplicate_event_004 - [PDF] WEEKLY UPDATE - California West Nile Virus,[PDF] WEEKLY UPDATE - California West Nile Virus,https://westnile.ca.gov/download?download_id=5061,"Open claims, claim comparisons, and corroborated events.","Is the claim independently corroborated, conflicting, or only single-source evidence?",rec_src_search_a39e4fa28013_008; event_004,record,Claim-level support is unresolved or depends on a single source.
,accept_as_is; correct_fields; reject_record; mark_requires_review; mark_review_resolved; mark_non_countable; mark_countable; mark_duplicate; mark_not_duplicate; needs_more_evidence; defer_decision,2024-08-31,West Nile Virus Disease,"Kern (4), Los Angeles (2), Sacramento (2), and Tulare (1). This is the first WNV positive human case",claim_corroboration_review,duplicate_event_clustering,"Kern County, California",P1_high,55,human_review_items; record_inclusion_decisions; quarantined_records; context_records; final_case_dataset; claims; claim_comparisons; corroborated_events,claim corroboration review - review_duplicate_event_005 - [PDF] WEEKLY UPDATE - California West Nile Virus,[PDF] WEEKLY UPDATE - California West Nile Virus,https://westnile.ca.gov/download?download_id=5061,"Open claims, claim comparisons, and corroborated events.","Is the claim independently corroborated, conflicting, or only single-source evidence?",rec_src_search_a39e4fa28013_002; event_005,record,Claim-level support is unresolved or depends on a single source.
,accept_as_is; correct_fields; reject_record; mark_requires_review; mark_review_resolved; mark_non_countable; mark_countable; mark_duplicate; mark_not_duplicate; needs_more_evidence; defer_decision,2024-08-31,West Nile Virus Disease,"Kern (4), Los Angeles (2), Sacramento (2), and Tulare (1). This is the first WNV positive human case",claim_corroboration_review,duplicate_event_clustering,"Tulare County, California",P1_high,56,human_review_items; record_inclusion_decisions; quarantined_records; context_records; final_case_dataset; claims; claim_comparisons; corroborated_events,claim corroboration review - review_duplicate_event_008 - [PDF] WEEKLY UPDATE - California West Nile Virus,[PDF] WEEKLY UPDATE - California West Nile Virus,https://westnile.ca.gov/download?download_id=5061,"Open claims, claim comparisons, and corroborated events.","Is the claim independently corroborated, conflicting, or only single-source evidence?",rec_src_search_a39e4fa28013_005; event_008,record,Claim-level support is unresolved or depends on a single source.
,accept_as_is; correct_fields; reject_record; mark_requires_review; mark_review_resolved; mark_non_countable; mark_countable; mark_duplicate; mark_not_duplicate; needs_more_evidence; defer_decision,2024-08-31,West Nile Virus Disease,"The California Department of Public Health reports that as of July 5, there were zero cases of the West Nile Virus in people across the state.",claim_corroboration_review,duplicate_event_clustering,California,P1_high,57,human_review_items; record_inclusion_decisions; quarantined_records; context_records; final_case_dataset; claims; claim_comparisons; corroborated_events,claim corroboration review - review_duplicate_event_012 - 3 cases of West Nile Virus confirmed in Fresno County - ABC30,3 cases of West Nile Virus confirmed in Fresno County - ABC30,https://abc30.com/post/3-cases-west-nile-virus-confirmed-fresno-county/15049337,"Open claims, claim comparisons, and corroborated events.","Is the claim independently corroborated, conflicting, or only single-source evidence?",rec_src_search_2fc9cc9ad3e4_002; rec_src_search_b9348b953aaa_008; event_012,record,Claim-level support is unresolved or depends on a single source.
,accept_as_is; correct_fields; reject_record; mark_requires_review; mark_review_resolved; mark_non_countable; mark_countable; mark_duplicate; mark_not_duplicate; needs_more_evidence; defer_decision,2024-08-31,West Nile Virus Disease,"Fresno (1) and Yolo (1 ). In 2024, 11 2 human cases of WNV disease were reported from 23 counties.",claim_corroboration_review,duplicate_event_clustering,California,P1_high,58,human_review_items; record_inclusion_decisions; quarantined_records; context_records; final_case_dataset; claims; claim_comparisons; corroborated_events,claim corroboration review - review_duplicate_event_013 - [PDF] WEEKLY UPDATE - California West Nile Virus,[PDF] WEEKLY UPDATE - California West Nile Virus,https://westnile.ca.gov/download?download_id=5072,"Open claims, claim comparisons, and corroborated events.","Is the claim independently corroborated, conflicting, or only single-source evidence?",rec_src_search_b9348b953aaa_004; rec_src_search_b9348b953aaa_007; event_013,record,Claim-level support is unresolved or depends on a single source.
,accept_as_is; correct_fields; reject_record; mark_requires_review; mark_review_resolved; mark_non_countable; mark_countable; mark_duplicate; mark_not_duplicate; needs_more_evidence; defer_decision,2024-08-31,West Nile Virus Disease,"| **Human cases (fatal)** | 3 (0) | 791 (32) | 880 (21) | 278 (9) | 382 (22) | 446 (15) | 112 (5) | 112 (6) | 159 (9) | 480 (23) | 387 (19) | 842 (34) | 800 (55) | 461 (21) | 556 (44) | 217 (11) | 225 (6) | 214 (15) | 129 (12) | 209 (15) | 433 (20) | 132 (12) | 116 (11) | 0 (0) | 8,364 (417) |",claim_corroboration_review,duplicate_event_clustering,California,P1_high,59,human_review_items; record_inclusion_decisions; quarantined_records; context_records; final_case_dataset; claims; claim_comparisons; corroborated_events,claim corroboration review - review_duplicate_event_014 - California West Nile Virus Website: Westnile.ca.gov,California West Nile Virus Website: Westnile.ca.gov,https://westnile.ca.gov,"Open claims, claim comparisons, and corroborated events.","Is the claim independently corroborated, conflicting, or only single-source evidence?",rec_src_search_fc3322f3069f_002; event_014,record,Claim-level support is unresolved or depends on a single source.
,accept_as_is; correct_fields; reject_record; mark_requires_review; mark_review_resolved; mark_non_countable; mark_countable; mark_duplicate; mark_not_duplicate; needs_more_evidence; defer_decision,2024-08-31,West Nile Virus Disease,"| **Human cases (fatal)** | 3 (0) | 791 (32) | 880 (21) | 278 (9) | 382 (22) | 446 (15) | 112 (5) | 112 (6) | 159 (9) | 480 (23) | 387 (19) | 842 (34) | 800 (55) | 461 (21) | 556 (44) | 217 (11) | 225 (6) | 214 (15) | 129 (12) | 209 (15) | 433 (20) | 132 (12) | 116 (11) | 0 (0) | 8,364 (417) |",claim_corroboration_review,duplicate_event_clustering,California,P1_high,60,human_review_items; record_inclusion_decisions; quarantined_records; context_records; final_case_dataset; claims; claim_comparisons; corroborated_events,claim corroboration review - review_duplicate_event_015 - California West Nile Virus Website: Westnile.ca.gov,California West Nile Virus Website: Westnile.ca.gov,https://westnile.ca.gov,"Open claims, claim comparisons, and corroborated events.","Is the claim independently corroborated, conflicting, or only single-source evidence?",rec_src_search_fc3322f3069f_001; event_015,record,Claim-level support is unresolved or depends on a single source.
,accept_as_is; correct_fields; reject_record; mark_requires_review; mark_review_resolved; mark_non_countable; mark_countable; mark_duplicate; mark_not_duplicate; needs_more_evidence; defer_decision,2024-08-31,West Nile Virus Disease,"There were 29 new West Nile Virus cases in humans last week, bringing the total for the year to 55 cases.",claim_corroboration_review,duplicate_event_clustering,California,P1_high,61,human_review_items; record_inclusion_decisions; quarantined_records; context_records; final_case_dataset; claims; claim_comparisons; corroborated_events,claim corroboration review - review_duplicate_event_016 - What to know about West Nile Virus as cases increase in Northern ...,What to know about West Nile Virus as cases increase in Northern ...,https://www.kcra.com/article/what-to-know-about-west-nile-virus-as-cases-increase-in-northern-california/44964537,"Open claims, claim comparisons, and corroborated events.","Is the claim independently corroborated, conflicting, or only single-source evidence?",rec_src_search_a666cd39412c_002; rec_src_search_ccc444806280_002; event_016,record,Claim-level support is unresolved or depends on a single source.
,accept_as_is; correct_fields; reject_record; mark_requires_review; mark_review_resolved; mark_non_countable; mark_countable; mark_duplicate; mark_not_duplicate; needs_more_evidence; defer_decision,2024-08-31,West Nile Virus Disease,Human Cases Week 2 0 0,claim_corroboration_review,duplicate_event_clustering,California,P1_high,62,human_review_items; record_inclusion_decisions; quarantined_records; context_records; final_case_dataset; claims; claim_comparisons; corroborated_events,claim corroboration review - review_duplicate_event_017 - [PDF] WEEKLY UPDATE - California West Nile Virus,[PDF] WEEKLY UPDATE - California West Nile Virus,https://westnile.ca.gov/download?download_id=5072,"Open claims, claim comparisons, and corroborated events.","Is the claim independently corroborated, conflicting, or only single-source evidence?",rec_src_search_b9348b953aaa_009; event_017,record,Claim-level support is unresolved or depends on a single source.
,accept_as_is; correct_fields; reject_record; mark_requires_review; mark_review_resolved; mark_non_countable; mark_countable; mark_duplicate; mark_not_duplicate; needs_more_evidence; defer_decision,2024-08-31,West Nile Virus Disease,A total of 2 new human cases of West Nile virus (WNV) disease were reported this week from 2 counties:,claim_corroboration_review,duplicate_event_clustering,California,P1_high,63,human_review_items; record_inclusion_decisions; quarantined_records; context_records; final_case_dataset; claims; claim_comparisons; corroborated_events,claim corroboration review - review_duplicate_event_018 - [PDF] WEEKLY UPDATE - California West Nile Virus,[PDF] WEEKLY UPDATE - California West Nile Virus,https://westnile.ca.gov/download?download_id=5072,"Open claims, claim comparisons, and corroborated events.","Is the claim independently corroborated, conflicting, or only single-source evidence?",rec_src_search_b9348b953aaa_001; event_018,record,Claim-level support is unresolved or depends on a single source.
,accept_as_is; correct_fields; reject_record; mark_requires_review; mark_review_resolved; mark_non_countable; mark_countable; mark_duplicate; mark_not_duplicate; needs_more_evidence; defer_decision,2024-08-31,West Nile Virus Disease,Human Cases Week 5 0 0,claim_corroboration_review,duplicate_event_clustering,California,P1_high,64,human_review_items; record_inclusion_decisions; quarantined_records; context_records; final_case_dataset; claims; claim_comparisons; corroborated_events,claim corroboration review - review_duplicate_event_019 - [PDF] WEEKLY UPDATE - California West Nile Virus,[PDF] WEEKLY UPDATE - California West Nile Virus,https://westnile.ca.gov/download?download_id=5147,"Open claims, claim comparisons, and corroborated events.","Is the claim independently corroborated, conflicting, or only single-source evidence?",rec_src_search_be93a6fa0503_001; event_019,record,Claim-level support is unresolved or depends on a single source.
,accept_as_is; correct_fields; reject_record; mark_requires_review; mark_review_resolved; mark_non_countable; mark_countable; mark_duplicate; mark_not_duplicate; needs_more_evidence; defer_decision,2024-08-31,West Nile Virus Disease,Human Cases Week 9 0 0,claim_corroboration_review,duplicate_event_clustering,California,P1_high,65,human_review_items; record_inclusion_decisions; quarantined_records; context_records; final_case_dataset; claims; claim_comparisons; corroborated_events,claim corroboration review - review_duplicate_event_020 - [PDF] WEEKLY UPDATE - California West Nile Virus,[PDF] WEEKLY UPDATE - California West Nile Virus,https://westnile.ca.gov/download?download_id=5061,"Open claims, claim comparisons, and corroborated events.","Is the claim independently corroborated, conflicting, or only single-source evidence?",rec_src_search_a39e4fa28013_013; event_020,record,Claim-level support is unresolved or depends on a single source.
,accept_as_is; correct_fields; reject_record; mark_requires_review; mark_review_resolved; mark_non_countable; mark_countable; mark_duplicate; mark_not_duplicate; needs_more_evidence; defer_decision,2024-08-31,West Nile Virus Disease,Week 0 0 0,claim_corroboration_review,duplicate_event_clustering,California,P1_high,66,human_review_items; record_inclusion_decisions; quarantined_records; context_records; final_case_dataset; claims; claim_comparisons; corroborated_events,claim corroboration review - review_duplicate_event_021 - [PDF] WEEKLY UPDATE - California West Nile Virus,[PDF] WEEKLY UPDATE - California West Nile Virus,https://westnile.ca.gov/download?download_id=4980,"Open claims, claim comparisons, and corroborated events.","Is the claim independently corroborated, conflicting, or only single-source evidence?",rec_src_search_ccc444806280_001; event_021,record,Claim-level support is unresolved or depends on a single source.
,accept_as_is; correct_fields; reject_record; mark_requires_review; mark_review_resolved; mark_non_countable; mark_countable; mark_duplicate; mark_not_duplicate; needs_more_evidence; defer_decision,2024-08-31,West Nile Virus Disease,"Of the 112 cases, 86 (77%) had neuroinvasive disease and 11 (10%) were fatal. The median age of the",claim_corroboration_review,duplicate_event_clustering,California,P1_high,67,human_review_items; record_inclusion_decisions; quarantined_records; context_records; final_case_dataset; claims; claim_comparisons; corroborated_events,claim corroboration review - review_duplicate_event_022 - [PDF] WEEKLY UPDATE - California West Nile Virus,[PDF] WEEKLY UPDATE - California West Nile Virus,https://westnile.ca.gov/download?download_id=5072,"Open claims, claim comparisons, and corroborated events.","Is the claim independently corroborated, conflicting, or only single-source evidence?",rec_src_search_b9348b953aaa_006; event_022,record,Claim-level support is unresolved or depends on a single source.
,accept_as_is; correct_fields; reject_record; mark_requires_review; mark_review_resolved; mark_non_countable; mark_countable; mark_duplicate; mark_not_duplicate; needs_more_evidence; defer_decision,2024-08-31,West Nile Virus Disease,"Kern County: At least 13 human cases, no deaths.",claim_corroboration_review,duplicate_event_clustering,"Kern County, California",P1_high,68,human_review_items; record_inclusion_decisions; quarantined_records; context_records; final_case_dataset; claims; claim_comparisons; corroborated_events,"claim corroboration review - review_duplicate_event_025 - West Nile virus, spread by mosquitoes, claims a third life in the San Joaquin V...","West Nile virus, spread by mosquitoes, claims a third life in the San Joaquin Valley - The Intersection",https://theintersectionreports.org/west-nile-virus-spread-by-mosquitoes-claims-a-third-life-in-the-san-joaquin-valley,"Open claims, claim comparisons, and corroborated events.","Is the claim independently corroborated, conflicting, or only single-source evidence?",rec_src_search_c0d70a141aca_001; event_025,record,Claim-level support is unresolved or depends on a single source.
,accept_as_is; correct_fields; reject_record; mark_requires_review; mark_review_resolved; mark_non_countable; mark_countable; mark_duplicate; mark_not_duplicate; needs_more_evidence; defer_decision,2024-08-31,West Nile Virus Disease,"Tulare County: At least 13 human cases, including one death.",claim_corroboration_review,duplicate_event_clustering,"Tulare County, California",P1_high,69,human_review_items; record_inclusion_decisions; quarantined_records; context_records; final_case_dataset; claims; claim_comparisons; corroborated_events,"claim corroboration review - review_duplicate_event_027 - West Nile virus, spread by mosquitoes, claims a third life in the San Joaquin V...","West Nile virus, spread by mosquitoes, claims a third life in the San Joaquin Valley - The Intersection",https://theintersectionreports.org/west-nile-virus-spread-by-mosquitoes-claims-a-third-life-in-the-san-joaquin-valley,"Open claims, claim comparisons, and corroborated events.","Is the claim independently corroborated, conflicting, or only single-source evidence?",rec_src_search_c0d70a141aca_002; event_027,record,Claim-level support is unresolved or depends on a single source.
,accept_as_is; correct_fields; reject_record; mark_requires_review; mark_review_resolved; mark_non_countable; mark_countable; mark_duplicate; mark_not_duplicate; needs_more_evidence; defer_decision,2024-08-31,West Nile Virus Disease,No. Human Cases 286 98,claim_corroboration_review,duplicate_event_clustering,California,P1_high,70,human_review_items; record_inclusion_decisions; quarantined_records; context_records; final_case_dataset; claims; claim_comparisons; corroborated_events,claim corroboration review - review_duplicate_event_029 - [PDF] WEEKLY UPDATE - California West Nile Virus,[PDF] WEEKLY UPDATE - California West Nile Virus,https://westnile.ca.gov/download?download_id=5061,"Open claims, claim comparisons, and corroborated events.","Is the claim independently corroborated, conflicting, or only single-source evidence?",rec_src_search_a39e4fa28013_009; rec_src_search_a39e4fa28013_011; event_029,record,Claim-level support is unresolved or depends on a single source.
,accept_as_is; correct_fields; reject_record; mark_requires_review; mark_review_resolved; mark_non_countable; mark_countable; mark_duplicate; mark_not_duplicate; needs_more_evidence; defer_decision,2024-08-31,West Nile Virus Disease,No. Human Cases 286 98,claim_corroboration_review,duplicate_event_clustering,California,P1_high,71,human_review_items; record_inclusion_decisions; quarantined_records; context_records; final_case_dataset; claims; claim_comparisons; corroborated_events,claim corroboration review - review_duplicate_event_030 - [PDF] WEEKLY UPDATE - California West Nile Virus,[PDF] WEEKLY UPDATE - California West Nile Virus,https://westnile.ca.gov/download?download_id=5061,"Open claims, claim comparisons, and corroborated events.","Is the claim independently corroborated, conflicting, or only single-source evidence?",rec_src_search_a39e4fa28013_010; rec_src_search_a39e4fa28013_012; event_030,record,Claim-level support is unresolved or depends on a single source.
,approve_source_role; override_source_role; exclude_source; mark_source_needs_review,2024-08-01-2024-08-31,West Nile virus,,source_identity_review,source_credibility,California,P1_high,72,human_review_items; record_inclusion_decisions; source_registry; source_identity_assessments,source identity review - review_source_credibility_src_search_48efdee7f0d3 - USA reports 1981 West Nile virus (WNV) cases in 2025 ... - B...,USA reports 1981 West Nile virus (WNV) cases in 2025 ... - BEACON,https://beaconbio.org/en/report?reportid=b6529781-8100-47ad-b1b9-1d3e64faadb1&eventid=06189783-12d9-4850-a702-3ccc4b256e5f,Open source identity assessments and source registry metadata.,"Who is the actual publisher, and is it independent of other evidence?",src_search_48efdee7f0d3,source,Publisher or source identity uncertainty can affect source independence and credibility.
,approve_source_role; override_source_role; exclude_source; mark_source_needs_review,2024-08-01-2024-08-31,West Nile virus,,source_identity_review,source_credibility,California,P1_high,73,human_review_items; record_inclusion_decisions; source_registry; source_identity_assessments,source identity review - review_source_credibility_src_search_57a4e03b15a3 - First Illinois West Nile Virus Death of 2024 is Reported by...,First Illinois West Nile Virus Death of 2024 is Reported by IDPH in ...,https://dph.illinois.gov/resource-center/news/2024/august/first-illinois-west-nile-virus-death-of-2024-is-reported-by-idph.html,Open source identity assessments and source registry metadata.,"Who is the actual publisher, and is it independent of other evidence?",src_search_57a4e03b15a3,source,Publisher or source identity uncertainty can affect source independence and credibility.
Centers for Disease Control and Prevention,approve_source_role; override_source_role; exclude_source; mark_source_needs_review,2024-08-01-2024-08-31,West Nile virus,,source_identity_review,source_credibility,California,P1_high,74,human_review_items; record_inclusion_decisions; source_registry; source_identity_assessments,source identity review - review_source_credibility_src_search_99932da268a1 - 2024 Mosquito-Borne Disease Year In Review,2024 Mosquito-Borne Disease Year In Review,https://www.vdci.net/blog/2024-mosquito-borne-disease-year-in-review,Open source identity assessments and source registry metadata.,"Who is the actual publisher, and is it independent of other evidence?",src_search_99932da268a1,source,Publisher or source identity uncertainty can affect source independence and credibility.
,approve_source_role; override_source_role; exclude_source; mark_source_needs_review,2024-08-01-2024-08-31,West Nile virus,,source_identity_review,source_credibility,California,P1_high,75,human_review_items; record_inclusion_decisions; source_registry; source_identity_assessments,source identity review - review_source_credibility_src_search_d62c02026783 - First Human Case of West Nile Virus Confirmed in Kern County...,First Human Case of West Nile Virus Confirmed in Kern County This ...,https://www.kernpublichealth.com/Home/Components/News/News/3961/37519,Open source identity assessments and source registry metadata.,"Who is the actual publisher, and is it independent of other evidence?",src_search_d62c02026783,source,Publisher or source identity uncertainty can affect source independence and credibility.
,accept_validation_result; mark_validation_result_not_applicable; confirm_conflict; resolve_conflict_as_left; resolve_conflict_as_right; mark_needs_more_evidence; override_validation_status,2024-08-31,West Nile Virus Disease,Week 0 0 0,outside_scope_review,validation_scope_issue,California,P1_high,76,human_review_items; record_inclusion_decisions; validation_results; validation_source_compatibility_summary,outside scope review - review_validation_val_result_001 - [PDF] WEEKLY UPDATE - California West Nile Virus,[PDF] WEEKLY UPDATE - California West Nile Virus,https://westnile.ca.gov/download?download_id=4980,Inspect the evidence quote and record inclusion decision.,Does the evidence actually match the requested scope?,rec_src_search_ccc444806280_001; val_result_001,validation_result,"The item may be outside the requested disease, location, or time window."
,accept_validation_result; mark_validation_result_not_applicable; confirm_conflict; resolve_conflict_as_left; resolve_conflict_as_right; mark_needs_more_evidence; override_validation_status,2024-08-31,West Nile Virus Disease,YTD 0 0 0,outside_scope_review,validation_scope_issue,California,P1_high,77,human_review_items; record_inclusion_decisions; validation_results; validation_source_compatibility_summary,outside scope review - review_validation_val_result_002 - [PDF] WEEKLY UPDATE - California West Nile Virus,[PDF] WEEKLY UPDATE - California West Nile Virus,https://westnile.ca.gov/download?download_id=4980,Inspect the evidence quote and record inclusion decision.,Does the evidence actually match the requested scope?,rec_src_search_ccc444806280_002; val_result_002,validation_result,"The item may be outside the requested disease, location, or time window."
,accept_validation_result; mark_validation_result_not_applicable; confirm_conflict; resolve_conflict_as_left; resolve_conflict_as_right; mark_needs_more_evidence; override_validation_status,2024-08-31,West Nile Virus Disease,A total of 2 new human cases of West Nile virus (WNV) disease were reported this week from 2 counties:,outside_scope_review,validation_scope_issue,California,P1_high,78,human_review_items; record_inclusion_decisions; validation_results; validation_source_compatibility_summary,outside scope review - review_validation_val_result_003 - [PDF] WEEKLY UPDATE - California West Nile Virus,[PDF] WEEKLY UPDATE - California West Nile Virus,https://westnile.ca.gov/download?download_id=5072,Inspect the evidence quote and record inclusion decision.,Does the evidence actually match the requested scope?,rec_src_search_b9348b953aaa_001; val_result_003,validation_result,"The item may be outside the requested disease, location, or time window."
,accept_validation_result; mark_validation_result_not_applicable; confirm_conflict; resolve_conflict_as_left; resolve_conflict_as_right; mark_needs_more_evidence; override_validation_status,2024-08-31,West Nile Virus Disease,"Fresno (1) and Yolo (1 ). In 2024, 11 2 human cases of WNV disease were reported from 23 counties.",outside_scope_review,validation_scope_issue,"Fresno, California",P1_high,79,human_review_items; record_inclusion_decisions; validation_results; validation_source_compatibility_summary,outside scope review - review_validation_val_result_004 - [PDF] WEEKLY UPDATE - California West Nile Virus,[PDF] WEEKLY UPDATE - California West Nile Virus,https://westnile.ca.gov/download?download_id=5072,Inspect the evidence quote and record inclusion decision.,Does the evidence actually match the requested scope?,rec_src_search_b9348b953aaa_002; val_result_004,validation_result,"The item may be outside the requested disease, location, or time window."
,accept_validation_result; mark_validation_result_not_applicable; confirm_conflict; resolve_conflict_as_left; resolve_conflict_as_right; mark_needs_more_evidence; override_validation_status,2024-08-31,West Nile Virus Disease,"Fresno (1) and Yolo (1 ). In 2024, 11 2 human cases of WNV disease were reported from 23 counties.",outside_scope_review,validation_scope_issue,"Yolo, California",P1_high,80,human_review_items; record_inclusion_decisions; validation_results; validation_source_compatibility_summary,outside scope review - review_validation_val_result_005 - [PDF] WEEKLY UPDATE - California West Nile Virus,[PDF] WEEKLY UPDATE - California West Nile Virus,https://westnile.ca.gov/download?download_id=5072,Inspect the evidence quote and record inclusion decision.,Does the evidence actually match the requested scope?,rec_src_search_b9348b953aaa_003; val_result_005,validation_result,"The item may be outside the requested disease, location, or time window."
,accept_validation_result; mark_validation_result_not_applicable; confirm_conflict; resolve_conflict_as_left; resolve_conflict_as_right; mark_needs_more_evidence; override_validation_status,2024-08-31,West Nile Virus Disease,No. Human Cases 286 98,outside_scope_review,validation_scope_issue,California,P1_high,81,human_review_items; record_inclusion_decisions; validation_results; validation_source_compatibility_summary,outside scope review - review_validation_val_result_024 - [PDF] WEEKLY UPDATE - California West Nile Virus,[PDF] WEEKLY UPDATE - California West Nile Virus,https://westnile.ca.gov/download?download_id=5061,Inspect the evidence quote and record inclusion decision.,Does the evidence actually match the requested scope?,rec_src_search_a39e4fa28013_010; val_result_024,validation_result,"The item may be outside the requested disease, location, or time window."
,accept_validation_result; mark_validation_result_not_applicable; confirm_conflict; resolve_conflict_as_left; resolve_conflict_as_right; mark_needs_more_evidence; override_validation_status,2024-08-31,West Nile Virus Disease,Human Cases Week 9 0 0,outside_scope_review,validation_scope_issue,California,P1_high,82,human_review_items; record_inclusion_decisions; validation_results; validation_source_compatibility_summary,outside scope review - review_validation_val_result_027 - [PDF] WEEKLY UPDATE - California West Nile Virus,[PDF] WEEKLY UPDATE - California West Nile Virus,https://westnile.ca.gov/download?download_id=5061,Inspect the evidence quote and record inclusion decision.,Does the evidence actually match the requested scope?,rec_src_search_a39e4fa28013_013; val_result_027,validation_result,"The item may be outside the requested disease, location, or time window."
,accept_validation_result; mark_validation_result_not_applicable; confirm_conflict; resolve_conflict_as_left; resolve_conflict_as_right; mark_needs_more_evidence; override_validation_status,2024-08-31,West Nile Virus Disease,"According to CDPH, last year there were a total 473 infected cases of the West Nile Virus in the state. The state reported 433 symptomatic cases in humans. Nineteen people died from the disease in 2023, including one person from Fresno County.",outside_scope_review,validation_scope_issue,California,P1_high,83,human_review_items; record_inclusion_decisions; validation_results; validation_source_compatibility_summary,outside scope review - review_validation_val_result_030 - 3 cases of West Nile Virus confirmed in Fresno County - ABC30,3 cases of West Nile Virus confirmed in Fresno County - ABC30,https://abc30.com/post/3-cases-west-nile-virus-confirmed-fresno-county/15049337,Inspect the evidence quote and record inclusion decision.,Does the evidence actually match the requested scope?,rec_src_search_2fc9cc9ad3e4_003; val_result_030,validation_result,"The item may be outside the requested disease, location, or time window."
,accept_validation_result; mark_validation_result_not_applicable; confirm_conflict; resolve_conflict_as_left; resolve_conflict_as_right; mark_needs_more_evidence; override_validation_status,2024-08-31,West Nile Virus Disease,"According to CDPH, last year there were a total 473 infected cases of the West Nile Virus in the state. The state reported 433 symptomatic cases in humans. Nineteen people died from the disease in 2023, including one person from Fresno County.",outside_scope_review,validation_scope_issue,California,P1_high,84,human_review_items; record_inclusion_decisions; validation_results; validation_source_compatibility_summary,outside scope review - review_validation_val_result_031 - 3 cases of West Nile Virus confirmed in Fresno County - ABC30,3 cases of West Nile Virus confirmed in Fresno County - ABC30,https://abc30.com/post/3-cases-west-nile-virus-confirmed-fresno-county/15049337,Inspect the evidence quote and record inclusion decision.,Does the evidence actually match the requested scope?,rec_src_search_2fc9cc9ad3e4_004; val_result_031,validation_result,"The item may be outside the requested disease, location, or time window."
,accept_validation_result; mark_validation_result_not_applicable; confirm_conflict; resolve_conflict_as_left; resolve_conflict_as_right; mark_needs_more_evidence; override_validation_status,2024-08-31,West Nile Virus Disease,"There were 29 new West Nile Virus cases in humans last week, bringing the total for the year to 55 cases.",outside_scope_review,validation_scope_issue,California,P1_high,85,human_review_items; record_inclusion_decisions; validation_results; validation_source_compatibility_summary,outside scope review - review_validation_val_result_033 - What to know about West Nile Virus as cases increase in Northern ...,What to know about West Nile Virus as cases increase in Northern ...,https://www.kcra.com/article/what-to-know-about-west-nile-virus-as-cases-increase-in-northern-california/44964537,Inspect the evidence quote and record inclusion decision.,Does the evidence actually match the requested scope?,rec_src_search_a666cd39412c_002; val_result_033,validation_result,"The item may be outside the requested disease, location, or time window."
,accept_validation_result; mark_validation_result_not_applicable; confirm_conflict; resolve_conflict_as_left; resolve_conflict_as_right; mark_needs_more_evidence; override_validation_status,2024-08-31,West Nile Virus Disease,There have been more than 300 deaths reported in California since 2003.,outside_scope_review,validation_scope_issue,California,P1_high,86,human_review_items; record_inclusion_decisions; validation_results; validation_source_compatibility_summary,outside scope review - review_validation_val_result_034 - What to know about West Nile Virus as cases increase in Northern ...,What to know about West Nile Virus as cases increase in Northern ...,https://www.kcra.com/article/what-to-know-about-west-nile-virus-as-cases-increase-in-northern-california/44964537,Inspect the evidence quote and record inclusion decision.,Does the evidence actually match the requested scope?,rec_src_search_a666cd39412c_003; val_result_034,validation_result,"The item may be outside the requested disease, location, or time window."
,accept_validation_result; mark_validation_result_not_applicable; confirm_conflict; resolve_conflict_as_left; resolve_conflict_as_right; mark_needs_more_evidence; override_validation_status,2024-08-31,West Nile Virus Disease,"| **Human cases (fatal)** | 3 (0) | 791 (32) | 880 (21) | 278 (9) | 382 (22) | 446 (15) | 112 (5) | 112 (6) | 159 (9) | 480 (23) | 387 (19) | 842 (34) | 800 (55) | 461 (21) | 556 (44) | 217 (11) | 225 (6) | 214 (15) | 129 (12) | 209 (15) | 433 (20) | 132 (12) | 116 (11) | 0 (0) | 8,364 (417) |",outside_scope_review,validation_scope_issue,California,P1_high,87,human_review_items; record_inclusion_decisions; validation_results; validation_source_compatibility_summary,outside scope review - review_validation_val_result_036 - California West Nile Virus Website: Westnile.ca.gov,California West Nile Virus Website: Westnile.ca.gov,https://westnile.ca.gov,Inspect the evidence quote and record inclusion decision.,Does the evidence actually match the requested scope?,rec_src_search_fc3322f3069f_002; val_result_036,validation_result,"The item may be outside the requested disease, location, or time window."
,accept_validation_result; mark_validation_result_not_applicable; confirm_conflict; resolve_conflict_as_left; resolve_conflict_as_right; mark_needs_more_evidence; override_validation_status,2024-08-31,West Nile Virus Disease,Human Cases Week 5 0 0,outside_scope_review,validation_scope_issue,California,P1_high,88,human_review_items; record_inclusion_decisions; validation_results; validation_source_compatibility_summary,outside scope review - review_validation_val_result_037 - [PDF] WEEKLY UPDATE - California West Nile Virus,[PDF] WEEKLY UPDATE - California West Nile Virus,https://westnile.ca.gov/download?download_id=5147,Inspect the evidence quote and record inclusion decision.,Does the evidence actually match the requested scope?,rec_src_search_be93a6fa0503_001; val_result_037,validation_result,"The item may be outside the requested disease, location, or time window."
,accept_anomaly; dismiss_anomaly; confirm_anomaly; mark_anomaly_resolved; mark_anomaly_needs_more_evidence,2024-08-31,West Nile Virus Disease,"Fresno (1) and Yolo (1 ). In 2024, 11 2 human cases of WNV disease were reported from 23 counties.",anomaly_review,anomaly,California,P1_high,89,human_review_items; record_inclusion_decisions; anomaly_results,anomaly review - review_anomaly_anom_001 - [PDF] WEEKLY UPDATE - California West Nile Virus,[PDF] WEEKLY UPDATE - California West Nile Virus,https://westnile.ca.gov/download?download_id=5072,review_possible_spike_or_count_semantics,Is this a real public-health signal or an extraction/count-semantics problem?,rec_src_search_b9348b953aaa_004; src_search_b9348b953aaa; anom_001,anomaly,An anomaly rule flagged the item for expert inspection.
,accept_anomaly; dismiss_anomaly; confirm_anomaly; mark_anomaly_resolved; mark_anomaly_needs_more_evidence,2024-08-31,West Nile Virus Disease,"| **Human cases (fatal)** | 3 (0) | 791 (32) | 880 (21) | 278 (9) | 382 (22) | 446 (15) | 112 (5) | 112 (6) | 159 (9) | 480 (23) | 387 (19) | 842 (34) | 800 (55) | 461 (21) | 556 (44) | 217 (11) | 225 (6) | 214 (15) | 129 (12) | 209 (15) | 433 (20) | 132 (12) | 116 (11) | 0 (0) | 8,364 (417) |",anomaly_review,anomaly,California,P1_high,90,human_review_items; record_inclusion_decisions; anomaly_results,anomaly review - review_anomaly_anom_005 - California West Nile Virus Website: Westnile.ca.gov,California West Nile Virus Website: Westnile.ca.gov,https://westnile.ca.gov,review_possible_spike_or_count_semantics,Is this a real public-health signal or an extraction/count-semantics problem?,rec_src_search_fc3322f3069f_002; src_search_fc3322f3069f; anom_005,anomaly,An anomaly rule flagged the item for expert inspection.
,accept_validation_result; mark_validation_result_not_applicable; confirm_conflict; resolve_conflict_as_left; resolve_conflict_as_right; mark_needs_more_evidence; override_validation_status,2024-08-31,West Nile Virus Disease,"FRESNO, Calif. (KFSN) -- Fresno County health officials have confirmed three cases of West Nile Virus so far in 2024.",provenance_review,record_schema_validation,"Fresno County, California",P3_low,91,human_review_items; record_inclusion_decisions; validation_results; validation_source_compatibility_summary,provenance review - review_record_rec_src_search_2fc9cc9ad3e4_001 - 3 cases of West Nile Virus confirmed in Fresno County - ABC30,3 cases of West Nile Virus confirmed in Fresno County - ABC30,https://abc30.com/post/3-cases-west-nile-virus-confirmed-fresno-county/15049337,Inspect the linked artifacts and only then edit a decision file if needed.,"What decision, if any, should a human reviewer record?",rec_src_search_2fc9cc9ad3e4_001,validation_result,This review item requires human inspection before it should affect downstream interpretation.
,accept_validation_result; mark_validation_result_not_applicable; confirm_conflict; resolve_conflict_as_left; resolve_conflict_as_right; mark_needs_more_evidence; override_validation_status,2024-08-31,West Nile Virus Disease,"The California Department of Public Health reports that as of July 5, there were zero cases of the West Nile Virus in people across the state.",provenance_review,record_schema_validation,California,P3_low,92,human_review_items; record_inclusion_decisions; validation_results; validation_source_compatibility_summary,provenance review - review_record_rec_src_search_2fc9cc9ad3e4_002 - 3 cases of West Nile Virus confirmed in Fresno County - ABC30,3 cases of West Nile Virus confirmed in Fresno County - ABC30,https://abc30.com/post/3-cases-west-nile-virus-confirmed-fresno-county/15049337,Inspect the linked artifacts and only then edit a decision file if needed.,"What decision, if any, should a human reviewer record?",rec_src_search_2fc9cc9ad3e4_002,validation_result,This review item requires human inspection before it should affect downstream interpretation.
,accept_validation_result; mark_validation_result_not_applicable; confirm_conflict; resolve_conflict_as_left; resolve_conflict_as_right; mark_needs_more_evidence; override_validation_status,2024-08-31,West Nile Virus Disease,Human Cases Week 9 0 0,provenance_review,record_schema_validation,California,P3_low,93,human_review_items; record_inclusion_decisions; validation_results; validation_source_compatibility_summary,provenance review - review_record_rec_src_search_a39e4fa28013_013 - [PDF] WEEKLY UPDATE - California West Nile Virus,[PDF] WEEKLY UPDATE - California West Nile Virus,https://westnile.ca.gov/download?download_id=5061,Inspect the linked artifacts and only then edit a decision file if needed.,"What decision, if any, should a human reviewer record?",rec_src_search_a39e4fa28013_013,validation_result,This review item requires human inspection before it should affect downstream interpretation.
,accept_validation_result; mark_validation_result_not_applicable; confirm_conflict; resolve_conflict_as_left; resolve_conflict_as_right; mark_needs_more_evidence; override_validation_status,2024-07-31,West Nile Virus Disease,"There were 29 new West Nile Virus cases in humans last week, bringing the total for the year to 55 cases.",provenance_review,record_schema_validation,California,P3_low,94,human_review_items; record_inclusion_decisions; validation_results; validation_source_compatibility_summary,provenance review - review_record_rec_src_search_a666cd39412c_001 - What to know about West Nile Virus as cases increase in Northern ...,What to know about West Nile Virus as cases increase in Northern ...,https://www.kcra.com/article/what-to-know-about-west-nile-virus-as-cases-increase-in-northern-california/44964537,Inspect the linked artifacts and only then edit a decision file if needed.,"What decision, if any, should a human reviewer record?",rec_src_search_a666cd39412c_001,validation_result,This review item requires human inspection before it should affect downstream interpretation.
,accept_validation_result; mark_validation_result_not_applicable; confirm_conflict; resolve_conflict_as_left; resolve_conflict_as_right; mark_needs_more_evidence; override_validation_status,2024-08-31,West Nile Virus Disease,"There were 29 new West Nile Virus cases in humans last week, bringing the total for the year to 55 cases.",provenance_review,record_schema_validation,California,P3_low,95,human_review_items; record_inclusion_decisions; validation_results; validation_source_compatibility_summary,provenance review - review_record_rec_src_search_a666cd39412c_002 - What to know about West Nile Virus as cases increase in Northern ...,What to know about West Nile Virus as cases increase in Northern ...,https://www.kcra.com/article/what-to-know-about-west-nile-virus-as-cases-increase-in-northern-california/44964537,Inspect the linked artifacts and only then edit a decision file if needed.,"What decision, if any, should a human reviewer record?",rec_src_search_a666cd39412c_002,validation_result,This review item requires human inspection before it should affect downstream interpretation.
,accept_validation_result; mark_validation_result_not_applicable; confirm_conflict; resolve_conflict_as_left; resolve_conflict_as_right; mark_needs_more_evidence; override_validation_status,2024-08-31,West Nile Virus Disease,Human Cases Week 5 0 0,provenance_review,record_schema_validation,California,P3_low,96,human_review_items; record_inclusion_decisions; validation_results; validation_source_compatibility_summary,provenance review - review_record_rec_src_search_be93a6fa0503_001 - [PDF] WEEKLY UPDATE - California West Nile Virus,[PDF] WEEKLY UPDATE - California West Nile Virus,https://westnile.ca.gov/download?download_id=5147,Inspect the linked artifacts and only then edit a decision file if needed.,"What decision, if any, should a human reviewer record?",rec_src_search_be93a6fa0503_001,validation_result,This review item requires human inspection before it should affect downstream interpretation.
,accept_validation_result; mark_validation_result_not_applicable; confirm_conflict; resolve_conflict_as_left; resolve_conflict_as_right; mark_needs_more_evidence; override_validation_status,2024-08-31,West Nile Virus Disease,"Tulare County: At least 13 human cases, including one death.",provenance_review,record_schema_validation,"Tulare County, California",P3_low,97,human_review_items; record_inclusion_decisions; validation_results; validation_source_compatibility_summary,"provenance review - review_record_rec_src_search_c0d70a141aca_002 - West Nile virus, spread by mosquitoes, claims a third life in the San...","West Nile virus, spread by mosquitoes, claims a third life in the San Joaquin Valley - The Intersection",https://theintersectionreports.org/west-nile-virus-spread-by-mosquitoes-claims-a-third-life-in-the-san-joaquin-valley,Inspect the linked artifacts and only then edit a decision file if needed.,"What decision, if any, should a human reviewer record?",rec_src_search_c0d70a141aca_002,validation_result,This review item requires human inspection before it should affect downstream interpretation.
,accept_validation_result; mark_validation_result_not_applicable; confirm_conflict; resolve_conflict_as_left; resolve_conflict_as_right; mark_needs_more_evidence; override_validation_status,2024-08-31,West Nile Virus Disease,Week 0 0 0,provenance_review,record_schema_validation,California,P3_low,98,human_review_items; record_inclusion_decisions; validation_results; validation_source_compatibility_summary,provenance review - review_record_rec_src_search_ccc444806280_001 - [PDF] WEEKLY UPDATE - California West Nile Virus,[PDF] WEEKLY UPDATE - California West Nile Virus,https://westnile.ca.gov/download?download_id=4980,Inspect the linked artifacts and only then edit a decision file if needed.,"What decision, if any, should a human reviewer record?",rec_src_search_ccc444806280_001,validation_result,This review item requires human inspection before it should affect downstream interpretation.
,accept_validation_result; mark_validation_result_not_applicable; confirm_conflict; resolve_conflict_as_left; resolve_conflict_as_right; mark_needs_more_evidence; override_validation_status,2024-08-31,West Nile Virus Disease,YTD 0 0 0,provenance_review,record_schema_validation,California,P3_low,99,human_review_items; record_inclusion_decisions; validation_results; validation_source_compatibility_summary,provenance review - review_record_rec_src_search_ccc444806280_002 - [PDF] WEEKLY UPDATE - California West Nile Virus,[PDF] WEEKLY UPDATE - California West Nile Virus,https://westnile.ca.gov/download?download_id=4980,Inspect the linked artifacts and only then edit a decision file if needed.,"What decision, if any, should a human reviewer record?",rec_src_search_ccc444806280_002,validation_result,This review item requires human inspection before it should affect downstream interpretation.
,accept_validation_result; mark_validation_result_not_applicable; confirm_conflict; resolve_conflict_as_left; resolve_conflict_as_right; mark_needs_more_evidence; override_validation_status,2024-08-31,West Nile Virus Disease,"| **Human cases (fatal)** | 3 (0) | 791 (32) | 880 (21) | 278 (9) | 382 (22) | 446 (15) | 112 (5) | 112 (6) | 159 (9) | 480 (23) | 387 (19) | 842 (34) | 800 (55) | 461 (21) | 556 (44) | 217 (11) | 225 (6) | 214 (15) | 129 (12) | 209 (15) | 433 (20) | 132 (12) | 116 (11) | 0 (0) | 8,364 (417) |",provenance_review,record_schema_validation,California,P3_low,100,human_review_items; record_inclusion_decisions; validation_results; validation_source_compatibility_summary,provenance review - review_record_rec_src_search_fc3322f3069f_001 - California West Nile Virus Website: Westnile.ca.gov,California West Nile Virus Website: Westnile.ca.gov,https://westnile.ca.gov,Inspect the linked artifacts and only then edit a decision file if needed.,"What decision, if any, should a human reviewer record?",rec_src_search_fc3322f3069f_001,validation_result,This review item requires human inspection before it should affect downstream interpretation.
,accept_validation_result; mark_validation_result_not_applicable; confirm_conflict; resolve_conflict_as_left; resolve_conflict_as_right; mark_needs_more_evidence; override_validation_status,2024-08-31,West Nile Virus Disease,"| **Human cases (fatal)** | 3 (0) | 791 (32) | 880 (21) | 278 (9) | 382 (22) | 446 (15) | 112 (5) | 112 (6) | 159 (9) | 480 (23) | 387 (19) | 842 (34) | 800 (55) | 461 (21) | 556 (44) | 217 (11) | 225 (6) | 214 (15) | 129 (12) | 209 (15) | 433 (20) | 132 (12) | 116 (11) | 0 (0) | 8,364 (417) |",provenance_review,record_schema_validation,California,P3_low,101,human_review_items; record_inclusion_decisions; validation_results; validation_source_compatibility_summary,provenance review - review_record_rec_src_search_fc3322f3069f_002 - California West Nile Virus Website: Westnile.ca.gov,California West Nile Virus Website: Westnile.ca.gov,https://westnile.ca.gov,Inspect the linked artifacts and only then edit a decision file if needed.,"What decision, if any, should a human reviewer record?",rec_src_search_fc3322f3069f_002,validation_result,This review item requires human inspection before it should affect downstream interpretation.
,approve_source_role; override_source_role; exclude_source; mark_source_needs_review,2024-08-01-2024-08-31,West Nile virus,"Task-relevant source text appeared to contain core epidemiology metric signals, but extraction produced no structured records.",general_review,core_metric_extraction_gap,California,P3_low,102,human_review_items; record_inclusion_decisions; source_registry; source_identity_assessments,general review - review_core_metric_gap_src_search_48efdee7f0d3 - USA reports 1981 West Nile virus (WNV) cases in 2025 ... - BEACON,USA reports 1981 West Nile virus (WNV) cases in 2025 ... - BEACON,https://beaconbio.org/en/report?reportid=b6529781-8100-47ad-b1b9-1d3e64faadb1&eventid=06189783-12d9-4850-a702-3ccc4b256e5f,review_source_for_core_metric_extraction,"What decision, if any, should a human reviewer record?",src_search_48efdee7f0d3,source,This review item requires human inspection before it should affect downstream interpretation.
,approve_source_role; override_source_role; exclude_source; mark_source_needs_review,2024-08-01-2024-08-31,West Nile virus,"Task-relevant source text appeared to contain core epidemiology metric signals, but extraction produced no structured records.",general_review,core_metric_extraction_gap,California,P3_low,103,human_review_items; record_inclusion_decisions; source_registry; source_identity_assessments,general review - review_core_metric_gap_src_search_4f8e542dc010 - West Nile Virus Activity - Alameda County Mosquito Abatement District,West Nile Virus Activity - Alameda County Mosquito Abatement District,https://www.mosquitoes.org/west-nile-virus-wnv-activity,review_source_for_core_metric_extraction,"What decision, if any, should a human reviewer record?",src_search_4f8e542dc010,source,This review item requires human inspection before it should affect downstream interpretation.
,approve_source_role; override_source_role; exclude_source; mark_source_needs_review,2024-08-01-2024-08-31,West Nile virus,"Task-relevant source text appeared to contain core epidemiology metric signals, but extraction produced no structured records.",general_review,core_metric_extraction_gap,California,P3_low,104,human_review_items; record_inclusion_decisions; source_registry; source_identity_assessments,general review - review_core_metric_gap_src_search_57a4e03b15a3 - First Illinois West Nile Virus Death of 2024 is Reported by IDPH in ...,First Illinois West Nile Virus Death of 2024 is Reported by IDPH in ...,https://dph.illinois.gov/resource-center/news/2024/august/first-illinois-west-nile-virus-death-of-2024-is-reported-by-idph.html,review_source_for_core_metric_extraction,"What decision, if any, should a human reviewer record?",src_search_57a4e03b15a3,source,This review item requires human inspection before it should affect downstream interpretation.
,approve_source_role; override_source_role; exclude_source; mark_source_needs_review,2024-08-01-2024-08-31,West Nile virus,"Task-relevant source text appeared to contain core epidemiology metric signals, but extraction produced no structured records.",general_review,core_metric_extraction_gap,California,P3_low,105,human_review_items; record_inclusion_decisions; source_registry; source_identity_assessments,general review - review_core_metric_gap_src_search_5d796f40b9b1 - West Nile Virus Activity 2024,West Nile Virus Activity 2024,https://www.glamosquito.org/west-nile-virus-activity-2024,review_source_for_core_metric_extraction,"What decision, if any, should a human reviewer record?",src_search_5d796f40b9b1,source,This review item requires human inspection before it should affect downstream interpretation.
Centers for Disease Control and Prevention,approve_source_role; override_source_role; exclude_source; mark_source_needs_review,2024-08-01-2024-08-31,West Nile virus,"Task-relevant source text appeared to contain core epidemiology metric signals, but extraction produced no structured records.",general_review,core_metric_extraction_gap,California,P3_low,106,human_review_items; record_inclusion_decisions; source_registry; source_identity_assessments,general review - review_core_metric_gap_src_search_c302835aa323 - West Nile Virus in USA States - ArcGIS Experience Builder,West Nile Virus in USA States - ArcGIS Experience Builder,https://experience.arcgis.com/experience/28087458143447c181e452b295f8a7e7,review_source_for_core_metric_extraction,"What decision, if any, should a human reviewer record?",src_search_c302835aa323,source,This review item requires human inspection before it should affect downstream interpretation.
,accept_as_is; correct_fields; reject_record; mark_requires_review; mark_review_resolved; mark_non_countable; mark_countable; mark_duplicate; mark_not_duplicate; needs_more_evidence; defer_decision,2024-08-31,West Nile Virus Disease,Human Cases Week 5 0 0,general_review,record_linking,California,P3_low,107,human_review_items; record_inclusion_decisions; quarantined_records; context_records; final_case_dataset,general review - review_linking_event_019 - [PDF] WEEKLY UPDATE - California West Nile Virus,[PDF] WEEKLY UPDATE - California West Nile Virus,https://westnile.ca.gov/download?download_id=5147,Inspect the linked artifacts and only then edit a decision file if needed.,"What decision, if any, should a human reviewer record?",rec_src_search_be93a6fa0503_001,record,This review item requires human inspection before it should affect downstream interpretation.
,accept_as_is; correct_fields; reject_record; mark_requires_review; mark_review_resolved; mark_non_countable; mark_countable; mark_duplicate; mark_not_duplicate; needs_more_evidence; defer_decision,2024-08-31,West Nile Virus Disease,Human Cases Week 9 0 0,general_review,record_linking,California,P3_low,108,human_review_items; record_inclusion_decisions; quarantined_records; context_records; final_case_dataset,general review - review_linking_event_020 - [PDF] WEEKLY UPDATE - California West Nile Virus,[PDF] WEEKLY UPDATE - California West Nile Virus,https://westnile.ca.gov/download?download_id=5061,Inspect the linked artifacts and only then edit a decision file if needed.,"What decision, if any, should a human reviewer record?",rec_src_search_a39e4fa28013_013,record,This review item requires human inspection before it should affect downstream interpretation.
,accept_as_is; correct_fields; reject_record; mark_requires_review; mark_review_resolved; mark_non_countable; mark_countable; mark_duplicate; mark_not_duplicate; needs_more_evidence; defer_decision,2024-08-31,West Nile Virus Disease,Week 0 0 0,general_review,record_linking,California,P3_low,109,human_review_items; record_inclusion_decisions; quarantined_records; context_records; final_case_dataset,general review - review_linking_event_021 - [PDF] WEEKLY UPDATE - California West Nile Virus,[PDF] WEEKLY UPDATE - California West Nile Virus,https://westnile.ca.gov/download?download_id=4980,Inspect the linked artifacts and only then edit a decision file if needed.,"What decision, if any, should a human reviewer record?",rec_src_search_ccc444806280_001,record,This review item requires human inspection before it should affect downstream interpretation.
,accept_as_is; correct_fields; reject_record; mark_requires_review; mark_review_resolved; mark_non_countable; mark_countable; mark_duplicate; mark_not_duplicate; needs_more_evidence; defer_decision,2024-08-31,West Nile Virus Disease,"The California Department of Public Health reports that as of July 5, there were zero cases of the West Nile Virus in people across the state.",general_review,record_normalization,California,P3_low,110,human_review_items; record_inclusion_decisions; quarantined_records; context_records; final_case_dataset,general review - review_normalization_rec_src_search_2fc9cc9ad3e4_002 - 3 cases of West Nile Virus confirmed in Fresno County - ABC30,3 cases of West Nile Virus confirmed in Fresno County - ABC30,https://abc30.com/post/3-cases-west-nile-virus-confirmed-fresno-county/15049337,Inspect the linked artifacts and only then edit a decision file if needed.,"What decision, if any, should a human reviewer record?",rec_src_search_2fc9cc9ad3e4_002,record,This review item requires human inspection before it should affect downstream interpretation.
,accept_as_is; correct_fields; reject_record; mark_requires_review; mark_review_resolved; mark_non_countable; mark_countable; mark_duplicate; mark_not_duplicate; needs_more_evidence; defer_decision,2024-08-31,West Nile Virus Disease,Human Cases Week 9 0 0,general_review,record_normalization,California,P3_low,111,human_review_items; record_inclusion_decisions; quarantined_records; context_records; final_case_dataset,general review - review_normalization_rec_src_search_a39e4fa28013_013 - [PDF] WEEKLY UPDATE - California West Nile Virus,[PDF] WEEKLY UPDATE - California West Nile Virus,https://westnile.ca.gov/download?download_id=5061,Inspect the linked artifacts and only then edit a decision file if needed.,"What decision, if any, should a human reviewer record?",rec_src_search_a39e4fa28013_013,record,This review item requires human inspection before it should affect downstream interpretation.
,accept_as_is; correct_fields; reject_record; mark_requires_review; mark_review_resolved; mark_non_countable; mark_countable; mark_duplicate; mark_not_duplicate; needs_more_evidence; defer_decision,2024-08-31,West Nile Virus Disease,Human Cases Week 5 0 0,general_review,record_normalization,California,P3_low,112,human_review_items; record_inclusion_decisions; quarantined_records; context_records; final_case_dataset,general review - review_normalization_rec_src_search_be93a6fa0503_001 - [PDF] WEEKLY UPDATE - California West Nile Virus,[PDF] WEEKLY UPDATE - California West Nile Virus,https://westnile.ca.gov/download?download_id=5147,Inspect the linked artifacts and only then edit a decision file if needed.,"What decision, if any, should a human reviewer record?",rec_src_search_be93a6fa0503_001,record,This review item requires human inspection before it should affect downstream interpretation.
,accept_as_is; correct_fields; reject_record; mark_requires_review; mark_review_resolved; mark_non_countable; mark_countable; mark_duplicate; mark_not_duplicate; needs_more_evidence; defer_decision,2024-08-31,West Nile Virus Disease,Week 0 0 0,general_review,record_normalization,California,P3_low,113,human_review_items; record_inclusion_decisions; quarantined_records; context_records; final_case_dataset,general review - review_normalization_rec_src_search_ccc444806280_001 - [PDF] WEEKLY UPDATE - California West Nile Virus,[PDF] WEEKLY UPDATE - California West Nile Virus,https://westnile.ca.gov/download?download_id=4980,Inspect the linked artifacts and only then edit a decision file if needed.,"What decision, if any, should a human reviewer record?",rec_src_search_ccc444806280_001,record,This review item requires human inspection before it should affect downstream interpretation.
,accept_as_is; correct_fields; reject_record; mark_requires_review; mark_review_resolved; mark_non_countable; mark_countable; mark_duplicate; mark_not_duplicate; needs_more_evidence; defer_decision,2024-08-31,West Nile Virus Disease,YTD 0 0 0,general_review,record_normalization,California,P3_low,114,human_review_items; record_inclusion_decisions; quarantined_records; context_records; final_case_dataset,general review - review_normalization_rec_src_search_ccc444806280_002 - [PDF] WEEKLY UPDATE - California West Nile Virus,[PDF] WEEKLY UPDATE - California West Nile Virus,https://westnile.ca.gov/download?download_id=4980,Inspect the linked artifacts and only then edit a decision file if needed.,"What decision, if any, should a human reviewer record?",rec_src_search_ccc444806280_002,record,This review item requires human inspection before it should affect downstream interpretation.
,approve_source_role; override_source_role; exclude_source; mark_source_needs_review,2024-08-01-2024-08-31,West Nile virus,,general_review,source_screening,California,P3_low,115,human_review_items; record_inclusion_decisions; source_registry; source_identity_assessments,"general review - review_source_src_search_03944a8a91ef - According to the Center for Disease Control, West Nile cases have ...","According to the Center for Disease Control, West Nile cases have ...",https://www.facebook.com/WTKR3/posts/according-to-the-center-for-disease-control-west-nile-cases-have-been-reported-i/627854868940886,Inspect the linked artifacts and only then edit a decision file if needed.,"What decision, if any, should a human reviewer record?",src_search_03944a8a91ef,source,This review item requires human inspection before it should affect downstream interpretation.
,approve_source_role; override_source_role; exclude_source; mark_source_needs_review,2024-08-01-2024-08-31,West Nile virus,,general_review,source_screening,California,P3_low,116,human_review_items; record_inclusion_decisions; source_registry; source_identity_assessments,general review - review_source_src_search_08a8384dc2e1 - Health officials have confirmed the first West Nile virus related death ...,Health officials have confirmed the first West Nile virus related death ...,https://www.facebook.com/SYMVCD/posts/health-officials-have-confirmed-the-first-west-nile-virus-related-death-in-place/1116429747288913,Inspect the linked artifacts and only then edit a decision file if needed.,"What decision, if any, should a human reviewer record?",src_search_08a8384dc2e1,source,This review item requires human inspection before it should affect downstream interpretation.
,approve_source_role; override_source_role; exclude_source; mark_source_needs_review,2024-08-01-2024-08-31,West Nile virus,,general_review,source_screening,California,P3_low,117,human_review_items; record_inclusion_decisions; source_registry; source_identity_assessments,general review - review_source_src_search_0d4e7ec87258 - Health officials report 3 West Nile virus deaths; warn of mosquito ...,Health officials report 3 West Nile virus deaths; warn of mosquito ...,https://abcnews.com/US/health-officials-report-3-west-nile-virus-deaths/story?id=113256243,Inspect the linked artifacts and only then edit a decision file if needed.,"What decision, if any, should a human reviewer record?",src_search_0d4e7ec87258,source,This review item requires human inspection before it should affect downstream interpretation.
National Center for Biotechnology Information,approve_source_role; override_source_role; exclude_source; mark_source_needs_review,2024-08-01-2024-08-31,West Nile virus,,general_review,source_screening,California,P3_low,118,human_review_items; record_inclusion_decisions; source_registry; source_identity_assessments,general review - review_source_src_search_1a64fab86f8e - West Nile Virus Lineage 2 Neuroinvasive Infection Presenting as Intraparenchimal...,West Nile Virus Lineage 2 Neuroinvasive Infection Presenting as Intraparenchimal Cerebral Hemorrage,https://pmc.ncbi.nlm.nih.gov/articles/PMC12984792,Inspect the linked artifacts and only then edit a decision file if needed.,"What decision, if any, should a human reviewer record?",src_search_1a64fab86f8e,source,This review item requires human inspection before it should affect downstream interpretation.
,approve_source_role; override_source_role; exclude_source; mark_source_needs_review,2024-08-01-2024-08-31,West Nile virus,,general_review,source_screening,California,P3_low,119,human_review_items; record_inclusion_decisions; source_registry; source_identity_assessments,general review - review_source_src_search_44edf79f1ad4 - West Nile virus-associated hospitalizations by admission month (A ...,West Nile virus-associated hospitalizations by admission month (A ...,https://www.researchgate.net/figure/West-Nile-virus-associated-hospitalizations-by-admission-month-A-and-stratified-by-week_fig2_342132148,Inspect the linked artifacts and only then edit a decision file if needed.,"What decision, if any, should a human reviewer record?",src_search_44edf79f1ad4,source,This review item requires human inspection before it should affect downstream interpretation.
,approve_source_role; override_source_role; exclude_source; mark_source_needs_review,2024-08-01-2024-08-31,West Nile virus,,general_review,source_screening,California,P3_low,120,human_review_items; record_inclusion_decisions; source_registry; source_identity_assessments,general review - review_source_src_search_48efdee7f0d3 - USA reports 1981 West Nile virus (WNV) cases in 2025 ... - BEACON,USA reports 1981 West Nile virus (WNV) cases in 2025 ... - BEACON,https://beaconbio.org/en/report?reportid=b6529781-8100-47ad-b1b9-1d3e64faadb1&eventid=06189783-12d9-4850-a702-3ccc4b256e5f,Inspect the linked artifacts and only then edit a decision file if needed.,"What decision, if any, should a human reviewer record?",src_search_48efdee7f0d3,source,This review item requires human inspection before it should affect downstream interpretation.
,approve_source_role; override_source_role; exclude_source; mark_source_needs_review,2024-08-01-2024-08-31,West Nile virus,,general_review,source_screening,California,P3_low,121,human_review_items; record_inclusion_decisions; source_registry; source_identity_assessments,general review - review_source_src_search_57a4e03b15a3 - First Illinois West Nile Virus Death of 2024 is Reported by IDPH in ...,First Illinois West Nile Virus Death of 2024 is Reported by IDPH in ...,https://dph.illinois.gov/resource-center/news/2024/august/first-illinois-west-nile-virus-death-of-2024-is-reported-by-idph.html,Inspect the linked artifacts and only then edit a decision file if needed.,"What decision, if any, should a human reviewer record?",src_search_57a4e03b15a3,source,This review item requires human inspection before it should affect downstream interpretation.
,approve_source_role; override_source_role; exclude_source; mark_source_needs_review,2024-08-01-2024-08-31,West Nile virus,,general_review,source_screening,California,P3_low,122,human_review_items; record_inclusion_decisions; source_registry; source_identity_assessments,"general review - review_source_src_search_72f7f1561150 - The patient, a resident of... - Inland Valley Daily Bulletin","The patient, a resident of... - Inland Valley Daily Bulletin",https://www.facebook.com/dailybulletin/posts/the-patient-a-resident-of-the-san-fernando-valley-was-hospitalized-and-died-from/1050339153758838,Inspect the linked artifacts and only then edit a decision file if needed.,"What decision, if any, should a human reviewer record?",src_search_72f7f1561150,source,This review item requires human inspection before it should affect downstream interpretation.
,approve_source_role; override_source_role; exclude_source; mark_source_needs_review,2024-08-01-2024-08-31,West Nile virus,,general_review,source_screening,California,P3_low,123,human_review_items; record_inclusion_decisions; source_registry; source_identity_assessments,general review - review_source_src_search_7b25eaafb554 - Public Health has confirmed the first death due to West Nile virus for ...,Public Health has confirmed the first death due to West Nile virus for ...,https://www.facebook.com/lapublichealth/posts/public-health-has-confirmed-the-first-death-due-to-west-nile-virus-for-the-2024-/914264540750165,Inspect the linked artifacts and only then edit a decision file if needed.,"What decision, if any, should a human reviewer record?",src_search_7b25eaafb554,source,This review item requires human inspection before it should affect downstream interpretation.
Centers for Disease Control and Prevention,approve_source_role; override_source_role; exclude_source; mark_source_needs_review,2024-08-01-2024-08-31,West Nile virus,,general_review,source_screening,California,P3_low,124,human_review_items; record_inclusion_decisions; source_registry; source_identity_assessments,general review - review_source_src_search_99932da268a1 - 2024 Mosquito-Borne Disease Year In Review,2024 Mosquito-Borne Disease Year In Review,https://www.vdci.net/blog/2024-mosquito-borne-disease-year-in-review,Inspect the linked artifacts and only then edit a decision file if needed.,"What decision, if any, should a human reviewer record?",src_search_99932da268a1,source,This review item requires human inspection before it should affect downstream interpretation.
,approve_source_role; override_source_role; exclude_source; mark_source_needs_review,2024-08-01-2024-08-31,West Nile virus,,general_review,source_screening,California,P3_low,125,human_review_items; record_inclusion_decisions; source_registry; source_identity_assessments,"general review - review_source_src_search_bd6a1ec7a68e - West Nile Virus 2024: Cases Are On The Rise, What Experts Say","West Nile Virus 2024: Cases Are On The Rise, What Experts Say",https://www.today.com/health/disease/west-nile-virus-symptoms-rcna165518,Inspect the linked artifacts and only then edit a decision file if needed.,"What decision, if any, should a human reviewer record?",src_search_bd6a1ec7a68e,source,This review item requires human inspection before it should affect downstream interpretation.
CIDRAP,approve_source_role; override_source_role; exclude_source; mark_source_needs_review,2024-08-01-2024-08-31,West Nile virus,,general_review,source_screening,California,P3_low,126,human_review_items; record_inclusion_decisions; source_registry; source_identity_assessments,general review - review_source_src_search_c95b5eedc56a - West Nile death reported in California | CIDRAP,West Nile death reported in California | CIDRAP,https://www.cidrap.umn.edu/west-nile/west-nile-death-reported-california,Inspect the linked artifacts and only then edit a decision file if needed.,"What decision, if any, should a human reviewer record?",src_search_c95b5eedc56a,source,This review item requires human inspection before it should affect downstream interpretation.
,approve_source_role; override_source_role; exclude_source; mark_source_needs_review,2024-08-01-2024-08-31,West Nile virus,,general_review,source_screening,California,P3_low,127,human_review_items; record_inclusion_decisions; source_registry; source_identity_assessments,general review - review_source_src_search_d62c02026783 - First Human Case of West Nile Virus Confirmed in Kern County This ...,First Human Case of West Nile Virus Confirmed in Kern County This ...,https://www.kernpublichealth.com/Home/Components/News/News/3961/37519,Inspect the linked artifacts and only then edit a decision file if needed.,"What decision, if any, should a human reviewer record?",src_search_d62c02026783,source,This review item requires human inspection before it should affect downstream interpretation.
,approve_source_role; override_source_role; exclude_source; mark_source_needs_review,2024-08-01-2024-08-31,West Nile virus,,general_review,source_screening,California,P3_low,128,human_review_items; record_inclusion_decisions; source_registry; source_identity_assessments,"general review - review_source_src_search_f58646b293ec - 2 people die from West Nile virus in New Jersey, bringing number of ...","2 people die from West Nile virus in New Jersey, bringing number of ...",https://www.cbsnews.com/news/west-nile-virus-2-people-die-new-jersey-5th-death-mosquito-wisconsin-illinois-2024,Inspect the linked artifacts and only then edit a decision file if needed.,"What decision, if any, should a human reviewer record?",src_search_f58646b293ec,source,This review item requires human inspection before it should affect downstream interpretation.
Centers for Disease Control and Prevention,approve_source_role; override_source_role; exclude_source; mark_source_needs_review,2024-08-01-2024-08-31,West Nile virus,,general_review,source_screening,California,P3_low,129,human_review_items; record_inclusion_decisions; source_registry; source_identity_assessments,general review - review_source_src_search_f859287d8321 - Kern County Public Health reports first human West Nile ... - YouTube,Kern County Public Health reports first human West Nile ... - YouTube,https://www.youtube.com/watch?v=s1b7kPH4Ydk,Inspect the linked artifacts and only then edit a decision file if needed.,"What decision, if any, should a human reviewer record?",src_search_f859287d8321,source,This review item requires human inspection before it should affect downstream interpretation.
,approve_source_role; override_source_role; exclude_source; mark_source_needs_review,2024-08-01-2024-08-31,West Nile virus,,general_review,source_screening,California,P3_low,130,human_review_items; record_inclusion_decisions; source_registry; source_identity_assessments,general review - review_source_src_search_fbdec1bc87c7 - Fresno County is among nine counties... - ABC30 Action News,Fresno County is among nine counties... - ABC30 Action News,https://www.facebook.com/ABC30/posts/fresno-county-is-among-nine-counties-in-california-reporting-west-nile-virus-act/1437750781716207,Inspect the linked artifacts and only then edit a decision file if needed.,"What decision, if any, should a human reviewer record?",src_search_fbdec1bc87c7,source,This review item requires human inspection before it should affect downstream interpretation.
